{
  "model": "ARIMAX",
  "order": [
    2,
    1,
    2
  ],
  "seasonal_order": [
    0,
    0,
    0,
    0
  ],
  "validation": {
    "mae": 19.34535954511385,
    "rmse": 22.622799670756955,
    "mape": 53.11319943671447
  },
  "test": {
    "mae": 17.360977013909537,
    "rmse": 20.15157829788163,
    "mape": 41.37154578010146
  }
}