datetime,patients,day_of_week,day_of_week_name,month,is_weekend,holiday,holiday_name,weather,weather_type,weather_severity,capacity,is_capped,is_emergency,emergency_spike,is_outbreak,outbreak_intensity,is_staff_shortage,staff_shortage_impact,scenario_primary,scenario_code,y_patients_t_plus_1,y_patients_t_plus_24
1/1/2025 0:00,73,2,Wednesday,1,0,1,new_year,1,rainy,0.453,260,0,0,0,0,0,0,0,holiday,1,66,67
1/1/2025 1:00,66,2,Wednesday,1,0,1,new_year,1,rainy,0.65,260,0,0,0,0,0,0,0,holiday,1,58,64
1/1/2025 2:00,58,2,Wednesday,1,0,1,new_year,2,cold,0.88,260,0,0,0,0,0,0,0,extreme_weather,2,64,66
1/1/2025 3:00,64,2,Wednesday,1,0,1,new_year,1,rainy,0.979,260,0,0,0,0,0,0,0,extreme_weather,2,71,61
1/1/2025 4:00,71,2,Wednesday,1,0,1,new_year,1,rainy,0.527,260,0,0,0,0,0,0,0,holiday,1,73,68
1/1/2025 5:00,73,2,Wednesday,1,0,1,new_year,2,cold,0.554,260,0,0,0,0,0,0,0,holiday,1,67,68
1/1/2025 6:00,67,2,Wednesday,1,0,1,new_year,2,cold,1,260,0,0,0,0,0,0,0,extreme_weather,2,77,73
1/1/2025 7:00,77,2,Wednesday,1,0,1,new_year,1,rainy,0.832,260,0,0,0,0,0,0,0,extreme_weather,2,86,76
1/1/2025 8:00,86,2,Wednesday,1,0,1,new_year,2,cold,0.85,260,0,0,0,0,0,0,0,extreme_weather,2,86,85
1/1/2025 9:00,86,2,Wednesday,1,0,1,new_year,2,cold,0.907,260,0,0,0,0,0,0,0,extreme_weather,2,91,91
1/1/2025 10:00,91,2,Wednesday,1,0,1,new_year,1,rainy,0.952,260,0,0,0,0,0,0,0,extreme_weather,2,100,96
1/1/2025 11:00,100,2,Wednesday,1,0,1,new_year,1,rainy,0.567,260,0,0,0,0,0,0,0,holiday,1,104,105
1/1/2025 12:00,104,2,Wednesday,1,0,1,new_year,0,sunny,0.312,260,0,0,0,0,0,0,0,holiday,1,107,111
1/1/2025 13:00,107,2,Wednesday,1,0,1,new_year,2,cold,0.914,260,0,0,0,0,0,0,0,extreme_weather,2,104,117
1/1/2025 14:00,104,2,Wednesday,1,0,1,new_year,0,sunny,0.097,260,0,0,0,0,0,0,0,holiday,1,113,115
1/1/2025 15:00,113,2,Wednesday,1,0,1,new_year,1,rainy,0.806,260,0,0,0,0,0,0,0,extreme_weather,2,109,125
1/1/2025 16:00,109,2,Wednesday,1,0,1,new_year,0,sunny,0.028,260,0,0,0,0,0,0,0,holiday,1,113,121
1/1/2025 17:00,113,2,Wednesday,1,0,1,new_year,2,cold,0.561,260,0,0,0,0,0,0,0,holiday,1,115,124
1/1/2025 18:00,115,2,Wednesday,1,0,1,new_year,2,cold,0.883,260,0,0,0,0,0,0,0,extreme_weather,2,107,121
1/1/2025 19:00,107,2,Wednesday,1,0,1,new_year,0,sunny,0.201,260,0,0,0,0,0,0,0,holiday,1,105,116
1/1/2025 20:00,105,2,Wednesday,1,0,1,new_year,0,sunny,0.105,260,0,0,0,0,0,0,0,holiday,1,97,107
1/1/2025 21:00,97,2,Wednesday,1,0,1,new_year,1,rainy,0.908,260,0,0,0,0,0,0,0,extreme_weather,2,86,100
1/1/2025 22:00,86,2,Wednesday,1,0,1,new_year,1,rainy,0.491,260,0,0,0,0,0,0,0,holiday,1,73,97
1/1/2025 23:00,73,2,Wednesday,1,0,1,new_year,5,windy,0.78,260,0,0,0,0,0,0,0,extreme_weather,2,67,88
1/2/2025 0:00,67,3,Thursday,1,0,0,random_or_none,3,hot,0.577,260,0,0,0,0,0,0,0,normal,0,64,80
1/2/2025 1:00,64,3,Thursday,1,0,0,random_or_none,2,cold,0.651,260,0,0,0,0,0,0,0,normal,0,66,77
1/2/2025 2:00,66,3,Thursday,1,0,0,random_or_none,2,cold,0.514,260,0,0,0,0,0,0,0,normal,0,61,75
1/2/2025 3:00,61,3,Thursday,1,0,0,random_or_none,0,sunny,0.148,260,0,0,0,0,0,0,0,normal,0,68,78
1/2/2025 4:00,68,3,Thursday,1,0,0,random_or_none,1,rainy,0.807,260,0,0,0,0,0,0,0,extreme_weather,2,68,75
1/2/2025 5:00,68,3,Thursday,1,0,0,random_or_none,0,sunny,0.014,260,0,0,0,0,0,0,0,normal,0,73,76
1/2/2025 6:00,73,3,Thursday,1,0,0,random_or_none,2,cold,0.923,260,0,0,0,0,0,0,0,extreme_weather,2,76,78
1/2/2025 7:00,76,3,Thursday,1,0,0,random_or_none,0,sunny,0.163,260,0,0,0,0,0,0,0,normal,0,85,80
1/2/2025 8:00,85,3,Thursday,1,0,0,random_or_none,2,cold,0.799,260,0,0,0,0,0,0,0,extreme_weather,2,91,88
1/2/2025 9:00,91,3,Thursday,1,0,0,random_or_none,2,cold,0.773,260,0,0,0,0,0,0,0,extreme_weather,2,96,98
1/2/2025 10:00,96,3,Thursday,1,0,0,random_or_none,0,sunny,0.131,260,0,0,0,0,0,0,0,normal,0,105,100
1/2/2025 11:00,105,3,Thursday,1,0,0,random_or_none,0,sunny,0.085,260,0,0,0,0,0,0,0,normal,0,111,112
1/2/2025 12:00,111,3,Thursday,1,0,0,random_or_none,2,cold,0.834,260,0,0,0,0,0,0,0,extreme_weather,2,117,113
1/2/2025 13:00,117,3,Thursday,1,0,0,random_or_none,1,rainy,0.74,260,0,0,0,0,0,0,0,normal,0,115,121
1/2/2025 14:00,115,3,Thursday,1,0,0,random_or_none,2,cold,0.589,260,0,0,0,0,0,0,0,normal,0,125,121
1/2/2025 15:00,125,3,Thursday,1,0,0,random_or_none,1,rainy,0.349,260,0,0,0,0,0,0,0,normal,0,121,170
1/2/2025 16:00,121,3,Thursday,1,0,0,random_or_none,1,rainy,0.831,260,0,0,0,0,0,0,0,extreme_weather,2,124,151
1/2/2025 17:00,124,3,Thursday,1,0,0,random_or_none,1,rainy,0.495,260,0,0,0,0,0,0,0,normal,0,121,149
1/2/2025 18:00,121,3,Thursday,1,0,0,random_or_none,2,cold,0.651,260,0,0,0,0,0,0,0,normal,0,116,142
1/2/2025 19:00,116,3,Thursday,1,0,0,random_or_none,1,rainy,0.533,260,0,0,0,0,0,0,0,normal,0,107,137
1/2/2025 20:00,107,3,Thursday,1,0,0,random_or_none,2,cold,0.499,260,0,0,0,0,0,0,0,normal,0,100,121
1/2/2025 21:00,100,3,Thursday,1,0,0,random_or_none,2,cold,0.442,260,0,0,0,0,0,0,0,normal,0,97,114
1/2/2025 22:00,97,3,Thursday,1,0,0,random_or_none,2,cold,0.664,260,0,0,0,0,0,0,0,normal,0,88,101
1/2/2025 23:00,88,3,Thursday,1,0,0,random_or_none,2,cold,0.482,260,0,0,0,0,0,0,0,normal,0,80,91
1/3/2025 0:00,80,4,Friday,1,0,0,random_or_none,1,rainy,0.625,260,0,0,0,0,0,0,0,normal,0,77,70
1/3/2025 1:00,77,4,Friday,1,0,0,random_or_none,2,cold,0.481,260,0,0,0,0,0,0,0,normal,0,75,63
1/3/2025 2:00,75,4,Friday,1,0,0,random_or_none,5,windy,0.863,260,0,0,0,0,0,0,0,extreme_weather,2,78,58
1/3/2025 3:00,78,4,Friday,1,0,0,random_or_none,2,cold,0.756,260,0,0,0,0,0,0,0,extreme_weather,2,75,57
1/3/2025 4:00,75,4,Friday,1,0,0,random_or_none,3,hot,0.816,260,0,0,0,0,0,0,0,extreme_weather,2,76,57
1/3/2025 5:00,76,4,Friday,1,0,0,random_or_none,5,windy,0.245,260,0,0,0,0,0,0,0,normal,0,78,60
1/3/2025 6:00,78,4,Friday,1,0,0,random_or_none,2,cold,0.561,260,0,0,0,0,0,0,0,normal,0,80,133
1/3/2025 7:00,80,4,Friday,1,0,0,random_or_none,2,cold,0.485,260,0,0,0,0,0,0,0,normal,0,88,102
1/3/2025 8:00,88,4,Friday,1,0,0,random_or_none,4,dusty,0.389,260,0,0,0,0,0,0,0,normal,0,98,178
1/3/2025 9:00,98,4,Friday,1,0,0,random_or_none,1,rainy,0.765,260,0,0,0,0,0,0,0,extreme_weather,2,100,130
1/3/2025 10:00,100,4,Friday,1,0,0,random_or_none,0,sunny,0.332,260,0,0,0,0,0,0,0,normal,0,112,109
1/3/2025 11:00,112,4,Friday,1,0,0,random_or_none,2,cold,0.74,260,0,0,0,0,0,0,0,normal,0,113,99
1/3/2025 12:00,113,4,Friday,1,0,0,random_or_none,2,cold,0.926,260,0,0,0,0,0,0,0,extreme_weather,2,121,103
1/3/2025 13:00,121,4,Friday,1,0,0,random_or_none,2,cold,0.935,260,0,0,0,0,0,0,0,extreme_weather,2,121,110
1/3/2025 14:00,121,4,Friday,1,0,0,random_or_none,1,rainy,0.424,260,0,0,0,0,0,0,0,normal,0,170,111
1/3/2025 15:00,170,4,Friday,1,0,0,random_or_none,2,cold,0.788,260,0,1,103.92,0,0,0,0,emergency_spike,5,151,109
1/3/2025 16:00,151,4,Friday,1,0,0,random_or_none,2,cold,0.855,260,0,0,0,0,0,0,0,extreme_weather,2,149,110
1/3/2025 17:00,149,4,Friday,1,0,0,random_or_none,1,rainy,0.873,260,0,0,0,0,0,0,0,extreme_weather,2,142,117
1/3/2025 18:00,142,4,Friday,1,0,0,random_or_none,2,cold,0.352,260,0,0,0,0,0,0,0,normal,0,137,110
1/3/2025 19:00,137,4,Friday,1,0,0,random_or_none,1,rainy,0.998,260,0,0,0,0,0,0,0,extreme_weather,2,121,106
1/3/2025 20:00,121,4,Friday,1,0,0,random_or_none,1,rainy,0.504,260,0,0,0,0,0,0,0,normal,0,114,101
1/3/2025 21:00,114,4,Friday,1,0,0,random_or_none,1,rainy,1,260,0,0,0,0,0,0,0,extreme_weather,2,101,93
1/3/2025 22:00,101,4,Friday,1,0,0,random_or_none,2,cold,0.473,260,0,0,0,0,0,0,0,normal,0,91,82
1/3/2025 23:00,91,4,Friday,1,0,0,random_or_none,5,windy,0.766,260,0,0,0,0,0,0,0,extreme_weather,2,70,70
1/4/2025 0:00,70,5,Saturday,1,1,0,random_or_none,5,windy,0.281,260,0,0,0,0,0,0,0,normal,0,63,60
1/4/2025 1:00,63,5,Saturday,1,1,0,random_or_none,3,hot,0.499,260,0,0,0,0,0,0,0,normal,0,58,57
1/4/2025 2:00,58,5,Saturday,1,1,0,random_or_none,4,dusty,0.553,260,0,0,0,0,0,0,0,normal,0,57,55
1/4/2025 3:00,57,5,Saturday,1,1,0,random_or_none,2,cold,0.583,260,0,0,0,0,0,0,0,normal,0,57,50
1/4/2025 4:00,57,5,Saturday,1,1,0,random_or_none,2,cold,0.776,260,0,0,0,0,0,0,0,extreme_weather,2,60,55
1/4/2025 5:00,60,5,Saturday,1,1,0,random_or_none,5,windy,0.799,260,0,0,0,0,0,0,0,extreme_weather,2,133,56
1/4/2025 6:00,133,5,Saturday,1,1,0,random_or_none,2,cold,0.921,260,0,1,159.76,0,0,0,0,emergency_spike,5,102,58
1/4/2025 7:00,102,5,Saturday,1,1,0,random_or_none,1,rainy,0.281,260,0,0,0,0,0,0,0,normal,0,178,62
1/4/2025 8:00,178,5,Saturday,1,1,0,random_or_none,2,cold,0.933,260,0,1,183.85,0,0,0,0,emergency_spike,5,130,66
1/4/2025 9:00,130,5,Saturday,1,1,0,random_or_none,2,cold,0.271,260,0,0,0,0,0,0,0,normal,0,109,72
1/4/2025 10:00,109,5,Saturday,1,1,0,random_or_none,0,sunny,0.04,260,0,0,0,0,0,0,0,normal,0,99,78
1/4/2025 11:00,99,5,Saturday,1,1,0,random_or_none,0,sunny,0.102,260,0,0,0,0,0,0,0,normal,0,103,95
1/4/2025 12:00,103,5,Saturday,1,1,0,random_or_none,2,cold,0.633,260,0,0,0,0,0,0,0,normal,0,110,97
1/4/2025 13:00,110,5,Saturday,1,1,0,random_or_none,1,rainy,0.818,260,0,0,0,0,0,0,0,extreme_weather,2,111,103
1/4/2025 14:00,111,5,Saturday,1,1,0,random_or_none,5,windy,0.791,260,0,0,0,0,0,0,0,extreme_weather,2,109,111
1/4/2025 15:00,109,5,Saturday,1,1,0,random_or_none,2,cold,0.87,260,0,0,0,0,0,0,0,extreme_weather,2,110,109
1/4/2025 16:00,110,5,Saturday,1,1,0,random_or_none,1,rainy,0.959,260,0,0,0,0,0,0,0,extreme_weather,2,117,108
1/4/2025 17:00,117,5,Saturday,1,1,0,random_or_none,2,cold,1,260,0,0,0,0,0,0,0,extreme_weather,2,110,111
1/4/2025 18:00,110,5,Saturday,1,1,0,random_or_none,2,cold,0.616,260,0,0,0,0,0,0,0,normal,0,106,107
1/4/2025 19:00,106,5,Saturday,1,1,0,random_or_none,0,sunny,0.133,260,0,0,0,0,0,0,0,normal,0,101,101
1/4/2025 20:00,101,5,Saturday,1,1,0,random_or_none,5,windy,0.639,260,0,0,0,0,0,0,0,normal,0,93,93
1/4/2025 21:00,93,5,Saturday,1,1,0,random_or_none,4,dusty,0.449,260,0,0,0,0,0,0,0,normal,0,82,90
1/4/2025 22:00,82,5,Saturday,1,1,0,random_or_none,0,sunny,0.035,260,0,0,0,0,0,0,0,normal,0,70,83
1/4/2025 23:00,70,5,Saturday,1,1,0,random_or_none,0,sunny,0.339,260,0,0,0,0,0,0,0,normal,0,60,70
1/5/2025 0:00,60,6,Sunday,1,1,0,random_or_none,5,windy,0.349,260,0,0,0,0,0,0,0,normal,0,57,76
1/5/2025 1:00,57,6,Sunday,1,1,0,random_or_none,2,cold,0.786,260,0,0,0,0,0,0,0,extreme_weather,2,55,74
1/5/2025 2:00,55,6,Sunday,1,1,0,random_or_none,1,rainy,0.983,260,0,0,0,0,0,0,0,extreme_weather,2,50,70
1/5/2025 3:00,50,6,Sunday,1,1,0,random_or_none,5,windy,0.366,260,0,0,0,0,0,0,0,normal,0,55,70
1/5/2025 4:00,55,6,Sunday,1,1,0,random_or_none,2,cold,1,260,0,0,0,0,0,0,0,extreme_weather,2,56,73
1/5/2025 5:00,56,6,Sunday,1,1,0,random_or_none,2,cold,0.27,260,0,0,0,0,0,0,0,normal,0,58,72
1/5/2025 6:00,58,6,Sunday,1,1,0,random_or_none,2,cold,0.56,260,0,0,0,0,0,0,0,normal,0,62,83
1/5/2025 7:00,62,6,Sunday,1,1,0,random_or_none,2,cold,0.715,260,0,0,0,0,0,0,0,normal,0,66,87
1/5/2025 8:00,66,6,Sunday,1,1,0,random_or_none,1,rainy,0.701,260,0,0,0,0,0,0,0,normal,0,72,94
1/5/2025 9:00,72,6,Sunday,1,1,0,random_or_none,0,sunny,0.163,260,0,0,0,0,0,0,0,normal,0,78,104
1/5/2025 10:00,78,6,Sunday,1,1,0,random_or_none,1,rainy,0.401,260,0,0,0,0,0,0,0,normal,0,95,106
1/5/2025 11:00,95,6,Sunday,1,1,0,random_or_none,5,windy,0.493,260,0,0,0,0,0,0,0,normal,0,97,112
1/5/2025 12:00,97,6,Sunday,1,1,0,random_or_none,3,hot,0.833,260,0,0,0,0,0,0,0,extreme_weather,2,103,119
1/5/2025 13:00,103,6,Sunday,1,1,0,random_or_none,2,cold,0.728,260,0,0,0,0,0,0,0,normal,0,111,124
1/5/2025 14:00,111,6,Sunday,1,1,0,random_or_none,2,cold,0.336,260,0,0,0,0,0,0,0,normal,0,109,123
1/5/2025 15:00,109,6,Sunday,1,1,0,random_or_none,5,windy,0.775,260,0,0,0,0,0,0,0,extreme_weather,2,108,123
1/5/2025 16:00,108,6,Sunday,1,1,0,random_or_none,5,windy,0.323,260,0,0,0,0,0,0,0,normal,0,111,128
1/5/2025 17:00,111,6,Sunday,1,1,0,random_or_none,2,cold,0.882,260,0,0,0,0,0,0,0,extreme_weather,2,107,122
1/5/2025 18:00,107,6,Sunday,1,1,0,random_or_none,2,cold,0.367,260,0,0,0,0,0,0,0,normal,0,101,165
1/5/2025 19:00,101,6,Sunday,1,1,0,random_or_none,2,cold,0.435,260,0,0,0,0,0,0,0,normal,0,93,145
1/5/2025 20:00,93,6,Sunday,1,1,0,random_or_none,2,cold,0.469,260,0,0,0,0,0,0,0,normal,0,90,130
1/5/2025 21:00,90,6,Sunday,1,1,0,random_or_none,2,cold,0.461,260,0,0,0,0,0,0,0,normal,0,83,200
1/5/2025 22:00,83,6,Sunday,1,1,0,random_or_none,4,dusty,0.421,260,0,0,0,0,0,0,0,normal,0,70,146
1/5/2025 23:00,70,6,Sunday,1,1,0,random_or_none,2,cold,0.799,260,0,0,0,0,0,0,0,extreme_weather,2,76,110
1/6/2025 0:00,76,0,Monday,1,0,0,random_or_none,1,rainy,0.645,260,0,0,0,0,0,0,0,normal,0,74,89
1/6/2025 1:00,74,0,Monday,1,0,0,random_or_none,2,cold,0.348,260,0,0,0,0,0,0,0,normal,0,70,83
1/6/2025 2:00,70,0,Monday,1,0,0,random_or_none,2,cold,0.582,260,0,0,0,0,0,0,0,normal,0,70,79
1/6/2025 3:00,70,0,Monday,1,0,0,random_or_none,1,rainy,1,260,0,0,0,0,0,0,0,extreme_weather,2,73,67
1/6/2025 4:00,73,0,Monday,1,0,0,random_or_none,1,rainy,0.778,260,0,0,0,0,0,0,0,extreme_weather,2,72,69
1/6/2025 5:00,72,0,Monday,1,0,0,random_or_none,2,cold,0.377,260,0,0,0,0,0,0,0,normal,0,83,80
1/6/2025 6:00,83,0,Monday,1,0,0,random_or_none,2,cold,0.661,260,0,0,0,0,0,0,0,normal,0,87,81
1/6/2025 7:00,87,0,Monday,1,0,0,random_or_none,1,rainy,0.779,260,0,0,0,0,0,0,0,extreme_weather,2,94,81
1/6/2025 8:00,94,0,Monday,1,0,0,random_or_none,1,rainy,0.959,260,0,0,0,0,0,0,0,extreme_weather,2,104,90
1/6/2025 9:00,104,0,Monday,1,0,0,random_or_none,2,cold,0.569,260,0,0,0,0,0,0,0,normal,0,106,94
1/6/2025 10:00,106,0,Monday,1,0,0,random_or_none,3,hot,0.444,260,0,0,0,0,0,0,0,normal,0,112,99
1/6/2025 11:00,112,0,Monday,1,0,0,random_or_none,2,cold,1,260,0,0,0,0,0,0,0,extreme_weather,2,119,104
1/6/2025 12:00,119,0,Monday,1,0,0,random_or_none,2,cold,0.455,260,0,0,0,0,0,0,0,normal,0,124,106
1/6/2025 13:00,124,0,Monday,1,0,0,random_or_none,3,hot,0.78,260,0,0,0,0,0,0,0,extreme_weather,2,123,114
1/6/2025 14:00,123,0,Monday,1,0,0,random_or_none,0,sunny,0.194,260,0,0,0,0,0,0,0,normal,0,123,120
1/6/2025 15:00,123,0,Monday,1,0,0,random_or_none,5,windy,0.741,260,0,0,0,0,0,0,0,normal,0,128,124
1/6/2025 16:00,128,0,Monday,1,0,0,random_or_none,2,cold,1,260,0,0,0,0,0,0,0,extreme_weather,2,122,126
1/6/2025 17:00,122,0,Monday,1,0,0,random_or_none,0,sunny,0.046,260,0,0,0,0,0,0,0,normal,0,165,130
1/6/2025 18:00,165,0,Monday,1,0,0,random_or_none,5,windy,0.592,260,0,1,87.34,0,0,0,0,emergency_spike,5,145,123
1/6/2025 19:00,145,0,Monday,1,0,0,random_or_none,2,cold,0.315,260,0,0,0,0,0,0,0,normal,0,130,122
1/6/2025 20:00,130,0,Monday,1,0,0,random_or_none,1,rainy,0.595,260,0,0,0,0,0,0,0,normal,0,200,111
1/6/2025 21:00,200,0,Monday,1,0,0,random_or_none,1,rainy,0.538,260,0,1,200.45,0,0,0,0,emergency_spike,5,146,106
1/6/2025 22:00,146,0,Monday,1,0,0,random_or_none,0,sunny,0.149,260,0,0,0,0,0,0,0,normal,0,110,93
1/6/2025 23:00,110,0,Monday,1,0,0,random_or_none,0,sunny,0.113,260,0,0,0,0,0,0,0,normal,0,89,89
1/7/2025 0:00,89,1,Tuesday,1,0,0,random_or_none,2,cold,0.756,260,0,0,0,0,0,0,0,extreme_weather,2,83,76
1/7/2025 1:00,83,1,Tuesday,1,0,0,random_or_none,2,cold,0.644,260,0,0,0,0,0,0,0,normal,0,79,77
1/7/2025 2:00,79,1,Tuesday,1,0,0,random_or_none,2,cold,0.823,260,0,0,0,0,0,0,0,extreme_weather,2,67,66
1/7/2025 3:00,67,1,Tuesday,1,0,0,random_or_none,0,sunny,0.145,260,0,0,0,0,0,0,0,normal,0,69,73
1/7/2025 4:00,69,1,Tuesday,1,0,0,random_or_none,2,cold,0.794,260,0,0,0,0,0,0,0,extreme_weather,2,80,70
1/7/2025 5:00,80,1,Tuesday,1,0,0,random_or_none,5,windy,0.506,260,0,0,0,0,0,0,0,normal,0,81,69
1/7/2025 6:00,81,1,Tuesday,1,0,0,random_or_none,2,cold,0.636,260,0,0,0,0,0,0,0,normal,0,81,69
1/7/2025 7:00,81,1,Tuesday,1,0,0,random_or_none,0,sunny,0.197,260,0,0,0,0,0,0,0,normal,0,90,75
1/7/2025 8:00,90,1,Tuesday,1,0,0,random_or_none,2,cold,0.996,260,0,0,0,0,0,0,0,extreme_weather,2,94,84
1/7/2025 9:00,94,1,Tuesday,1,0,0,random_or_none,2,cold,0.45,260,0,0,0,0,0,0,0,normal,0,99,91
1/7/2025 10:00,99,1,Tuesday,1,0,0,random_or_none,2,cold,0.689,260,0,0,0,0,0,0,0,normal,0,104,97
1/7/2025 11:00,104,1,Tuesday,1,0,0,random_or_none,2,cold,0.434,260,0,0,0,0,0,0,0,normal,0,106,101
1/7/2025 12:00,106,1,Tuesday,1,0,0,random_or_none,5,windy,0.616,260,0,0,0,0,0,0,0,normal,0,114,110
1/7/2025 13:00,114,1,Tuesday,1,0,0,random_or_none,1,rainy,0.759,260,0,0,0,0,0,0,0,extreme_weather,2,120,109
1/7/2025 14:00,120,1,Tuesday,1,0,0,random_or_none,5,windy,0.841,260,0,0,0,0,0,0,0,extreme_weather,2,124,119
1/7/2025 15:00,124,1,Tuesday,1,0,0,random_or_none,1,rainy,0.367,260,0,0,0,0,0,0,0,normal,0,126,125
1/7/2025 16:00,126,1,Tuesday,1,0,0,random_or_none,2,cold,0.654,260,0,0,0,0,0,0,0,normal,0,130,123
1/7/2025 17:00,130,1,Tuesday,1,0,0,random_or_none,2,cold,0.995,260,0,0,0,0,0,0,0,extreme_weather,2,123,117
1/7/2025 18:00,123,1,Tuesday,1,0,0,random_or_none,2,cold,0.773,260,0,0,0,0,0,0,0,extreme_weather,2,122,114
1/7/2025 19:00,122,1,Tuesday,1,0,0,random_or_none,1,rainy,0.564,260,0,0,0,0,0,0,0,normal,0,111,114
1/7/2025 20:00,111,1,Tuesday,1,0,0,random_or_none,2,cold,0.385,260,0,0,0,0,0,0,0,normal,0,106,113
1/7/2025 21:00,106,1,Tuesday,1,0,0,random_or_none,2,cold,0.947,260,0,0,0,0,0,0,0,extreme_weather,2,93,101
1/7/2025 22:00,93,1,Tuesday,1,0,0,random_or_none,0,sunny,0.269,260,0,0,0,0,0,0,0,normal,0,89,100
1/7/2025 23:00,89,1,Tuesday,1,0,0,random_or_none,1,rainy,0.564,260,0,0,0,0,0,0,0,normal,0,76,88
1/8/2025 0:00,76,2,Wednesday,1,0,0,random_or_none,2,cold,0.719,260,0,0,0,0,0,0,0,normal,0,77,80
1/8/2025 1:00,77,2,Wednesday,1,0,0,random_or_none,1,rainy,0.579,260,0,0,0,0,0,0,0,normal,0,66,75
1/8/2025 2:00,66,2,Wednesday,1,0,0,random_or_none,1,rainy,0.62,260,0,0,0,0,0,0,0,normal,0,73,73
1/8/2025 3:00,73,2,Wednesday,1,0,0,random_or_none,2,cold,0.98,260,0,0,0,0,0,0,0,extreme_weather,2,70,71
1/8/2025 4:00,70,2,Wednesday,1,0,0,random_or_none,2,cold,0.543,260,0,0,0,0,0,0,0,normal,0,69,72
1/8/2025 5:00,69,2,Wednesday,1,0,0,random_or_none,0,sunny,0.261,260,0,0,0,0,0,0,0,normal,0,69,88
1/8/2025 6:00,69,2,Wednesday,1,0,0,random_or_none,5,windy,0.207,260,0,0,0,0,0,0,0,normal,0,75,91
1/8/2025 7:00,75,2,Wednesday,1,0,0,random_or_none,5,windy,0.413,260,0,0,0,0,0,0,0,normal,0,84,85
1/8/2025 8:00,84,2,Wednesday,1,0,0,random_or_none,1,rainy,0.334,260,0,0,0,0,0,0,0,normal,0,91,151
1/8/2025 9:00,91,2,Wednesday,1,0,0,random_or_none,5,windy,0.207,260,0,0,0,0,0,0,0,normal,0,97,122
1/8/2025 10:00,97,2,Wednesday,1,0,0,random_or_none,1,rainy,0.656,260,0,0,0,0,0,0,0,normal,0,101,119
1/8/2025 11:00,101,2,Wednesday,1,0,0,random_or_none,1,rainy,1,260,0,0,0,0,0,0,0,extreme_weather,2,110,123
1/8/2025 12:00,110,2,Wednesday,1,0,0,random_or_none,2,cold,0.6,260,0,0,0,0,0,0,0,normal,0,109,116
1/8/2025 13:00,109,2,Wednesday,1,0,0,random_or_none,2,cold,0.325,260,0,0,0,0,0,0,0,normal,0,119,114
1/8/2025 14:00,119,2,Wednesday,1,0,0,random_or_none,2,cold,0.512,260,0,0,0,0,0,0,0,normal,0,125,119
1/8/2025 15:00,125,2,Wednesday,1,0,0,random_or_none,2,cold,0.778,260,0,0,0,0,0,0,0,extreme_weather,2,123,125
1/8/2025 16:00,123,2,Wednesday,1,0,0,random_or_none,2,cold,0.968,260,0,0,0,0,0,0,0,extreme_weather,2,117,125
1/8/2025 17:00,117,2,Wednesday,1,0,0,random_or_none,0,sunny,0.158,260,0,0,0,0,0,0,0,normal,0,114,122
1/8/2025 18:00,114,2,Wednesday,1,0,0,random_or_none,0,sunny,0.344,260,0,0,0,0,0,0,0,normal,0,114,119
1/8/2025 19:00,114,2,Wednesday,1,0,0,random_or_none,5,windy,0.893,260,0,0,0,0,0,0,0,extreme_weather,2,113,120
1/8/2025 20:00,113,2,Wednesday,1,0,0,random_or_none,1,rainy,0.629,260,0,0,0,0,0,0,0,normal,0,101,114
1/8/2025 21:00,101,2,Wednesday,1,0,0,random_or_none,2,cold,0.723,260,0,0,0,0,0,0,0,normal,0,100,105
1/8/2025 22:00,100,2,Wednesday,1,0,0,random_or_none,1,rainy,0.547,260,0,0,0,0,0,0,0,normal,0,88,100
1/8/2025 23:00,88,2,Wednesday,1,0,0,random_or_none,2,cold,0.361,260,0,0,0,0,0,0,0,normal,0,80,95
1/9/2025 0:00,80,3,Thursday,1,0,0,random_or_none,2,cold,0.791,260,0,0,0,0,0,0,0,extreme_weather,2,75,87
1/9/2025 1:00,75,3,Thursday,1,0,0,random_or_none,1,rainy,0.764,260,0,0,0,0,0,0,0,extreme_weather,2,73,79
1/9/2025 2:00,73,3,Thursday,1,0,0,random_or_none,5,windy,0.86,260,0,0,0,0,0,0,0,extreme_weather,2,71,76
1/9/2025 3:00,71,3,Thursday,1,0,0,random_or_none,1,rainy,0.61,260,0,0,0,0,0,0,0,normal,0,72,69
1/9/2025 4:00,72,3,Thursday,1,0,0,random_or_none,0,sunny,0.12,260,0,0,0,0,0,0,0,normal,0,88,71
1/9/2025 5:00,88,3,Thursday,1,0,0,random_or_none,2,cold,0.54,260,0,0,0,0,0,0,0,normal,0,91,79
1/9/2025 6:00,91,3,Thursday,1,0,0,random_or_none,1,rainy,0.87,260,0,0,0,0,0,0,0,extreme_weather,2,85,76
1/9/2025 7:00,85,3,Thursday,1,0,0,random_or_none,1,rainy,0.351,260,0,0,0,0,0,0,0,normal,0,151,72
1/9/2025 8:00,151,3,Thursday,1,0,0,random_or_none,1,rainy,1,260,0,1,134.12,0,0,0,0,emergency_spike,5,122,81
1/9/2025 9:00,122,3,Thursday,1,0,0,random_or_none,1,rainy,0.919,260,0,0,0,0,0,0,0,extreme_weather,2,119,83
1/9/2025 10:00,119,3,Thursday,1,0,0,random_or_none,2,cold,1,260,0,0,0,0,0,0,0,extreme_weather,2,123,95
1/9/2025 11:00,123,3,Thursday,1,0,0,random_or_none,1,rainy,0.668,260,0,0,0,0,0,0,0,normal,0,116,104
1/9/2025 12:00,116,3,Thursday,1,0,0,random_or_none,1,rainy,0.559,260,0,0,0,0,0,0,0,normal,0,114,114
1/9/2025 13:00,114,3,Thursday,1,0,0,random_or_none,2,cold,0.616,260,0,0,0,0,0,0,0,normal,0,119,124
1/9/2025 14:00,119,3,Thursday,1,0,0,random_or_none,5,windy,0.537,260,0,0,0,0,0,0,0,normal,0,125,126
1/9/2025 15:00,125,3,Thursday,1,0,0,random_or_none,1,rainy,0.735,260,0,0,0,0,0,0,0,normal,0,125,127
1/9/2025 16:00,125,3,Thursday,1,0,0,random_or_none,0,sunny,0.286,260,0,0,0,0,0,0,0,normal,0,122,131
1/9/2025 17:00,122,3,Thursday,1,0,0,random_or_none,2,cold,0.538,260,0,0,0,0,0,0,0,normal,0,119,129
1/9/2025 18:00,119,3,Thursday,1,0,0,random_or_none,2,cold,0.454,260,0,0,0,0,0,0,0,normal,0,120,128
1/9/2025 19:00,120,3,Thursday,1,0,0,random_or_none,2,cold,0.959,260,0,0,0,0,0,0,0,extreme_weather,2,114,120
1/9/2025 20:00,114,3,Thursday,1,0,0,random_or_none,5,windy,0.502,260,0,0,0,0,0,0,0,normal,0,105,115
1/9/2025 21:00,105,3,Thursday,1,0,0,random_or_none,2,cold,0.453,260,0,0,0,0,0,0,0,normal,0,100,107
1/9/2025 22:00,100,3,Thursday,1,0,0,random_or_none,1,rainy,0.857,260,0,0,0,0,0,0,0,extreme_weather,2,95,96
1/9/2025 23:00,95,3,Thursday,1,0,0,random_or_none,1,rainy,0.376,260,0,0,0,0,0,0,0,normal,0,87,97
1/10/2025 0:00,87,4,Friday,1,0,0,random_or_none,1,rainy,0.792,260,0,0,0,0,0,0,0,extreme_weather,2,79,75
1/10/2025 1:00,79,4,Friday,1,0,0,random_or_none,2,cold,0.656,260,0,0,0,0,0,0,0,normal,0,76,60
1/10/2025 2:00,76,4,Friday,1,0,0,random_or_none,1,rainy,0.631,260,0,0,0,0,0,0,0,normal,0,69,59
1/10/2025 3:00,69,4,Friday,1,0,0,random_or_none,2,cold,0.862,260,0,0,0,0,0,0,0,extreme_weather,2,71,48
1/10/2025 4:00,71,4,Friday,1,0,0,random_or_none,2,cold,0.814,260,0,0,0,0,0,0,0,extreme_weather,2,79,50
1/10/2025 5:00,79,4,Friday,1,0,0,random_or_none,2,cold,0.75,260,0,0,0,0,0,0,0,normal,0,76,48
1/10/2025 6:00,76,4,Friday,1,0,0,random_or_none,2,cold,0.55,260,0,0,0,0,0,0,0,normal,0,72,51
1/10/2025 7:00,72,4,Friday,1,0,0,random_or_none,1,rainy,0.366,260,0,0,0,0,0,0,0,normal,0,81,68
1/10/2025 8:00,81,4,Friday,1,0,0,random_or_none,0,sunny,0.013,260,0,0,0,0,0,0,0,normal,0,83,70
1/10/2025 9:00,83,4,Friday,1,0,0,random_or_none,2,cold,0.492,260,0,0,0,0,0,0,0,normal,0,95,79
1/10/2025 10:00,95,4,Friday,1,0,0,random_or_none,1,rainy,0.326,260,0,0,0,0,0,0,0,normal,0,104,83
1/10/2025 11:00,104,4,Friday,1,0,0,random_or_none,1,rainy,0.538,260,0,0,0,0,0,0,0,normal,0,114,87
1/10/2025 12:00,114,4,Friday,1,0,0,random_or_none,2,cold,0.673,260,0,0,0,0,0,0,0,normal,0,124,90
1/10/2025 13:00,124,4,Friday,1,0,0,random_or_none,2,cold,0.838,260,0,0,0,0,0,0,0,extreme_weather,2,126,96
1/10/2025 14:00,126,4,Friday,1,0,0,random_or_none,1,rainy,0.694,260,0,0,0,0,0,0,0,normal,0,127,105
1/10/2025 15:00,127,4,Friday,1,0,0,random_or_none,2,cold,0.489,260,0,0,0,0,0,0,0,normal,0,131,109
1/10/2025 16:00,131,4,Friday,1,0,0,random_or_none,2,cold,0.6,260,0,0,0,0,0,0,0,normal,0,129,114
1/10/2025 17:00,129,4,Friday,1,0,0,random_or_none,1,rainy,0.83,260,0,0,0,0,0,0,0,extreme_weather,2,128,106
1/10/2025 18:00,128,4,Friday,1,0,0,random_or_none,1,rainy,0.602,260,0,0,0,0,0,0,0,normal,0,120,109
1/10/2025 19:00,120,4,Friday,1,0,0,random_or_none,0,sunny,0.237,260,0,0,0,0,0,0,0,normal,0,115,110
1/10/2025 20:00,115,4,Friday,1,0,0,random_or_none,2,cold,0.474,260,0,0,0,0,0,0,0,normal,0,107,99
1/10/2025 21:00,107,4,Friday,1,0,0,random_or_none,2,cold,0.593,260,0,0,0,0,0,0,0,normal,0,96,92
1/10/2025 22:00,96,4,Friday,1,0,0,random_or_none,2,cold,0.358,260,0,0,0,0,0,0,0,normal,0,97,79
1/10/2025 23:00,97,4,Friday,1,0,0,random_or_none,2,cold,0.417,260,0,0,0,0,0,0,0,normal,0,75,82
1/11/2025 0:00,75,5,Saturday,1,1,0,random_or_none,2,cold,0.887,260,0,0,0,0,0,0,0,extreme_weather,2,60,69
1/11/2025 1:00,60,5,Saturday,1,1,0,random_or_none,3,hot,0.31,260,0,0,0,0,0,0,0,normal,0,59,58
1/11/2025 2:00,59,5,Saturday,1,1,0,random_or_none,2,cold,0.436,260,0,0,0,0,0,0,0,normal,0,48,62
1/11/2025 3:00,48,5,Saturday,1,1,0,random_or_none,3,hot,0.684,260,0,0,0,0,0,0,0,normal,0,50,54
1/11/2025 4:00,50,5,Saturday,1,1,0,random_or_none,1,rainy,0.477,260,0,0,0,0,0,0,0,normal,0,48,47
1/11/2025 5:00,48,5,Saturday,1,1,0,random_or_none,2,cold,0.505,260,0,0,0,0,0,0,0,normal,0,51,54
1/11/2025 6:00,51,5,Saturday,1,1,0,random_or_none,5,windy,0.328,260,0,0,0,0,0,0,0,normal,0,68,64
1/11/2025 7:00,68,5,Saturday,1,1,0,random_or_none,1,rainy,1,260,0,0,0,0,0,0,0,extreme_weather,2,70,66
1/11/2025 8:00,70,5,Saturday,1,1,0,random_or_none,2,cold,0.606,260,0,0,0,0,0,0,0,normal,0,79,69
1/11/2025 9:00,79,5,Saturday,1,1,0,random_or_none,1,rainy,0.348,260,0,0,0,0,0,0,0,normal,0,83,82
1/11/2025 10:00,83,5,Saturday,1,1,0,random_or_none,1,rainy,0.633,260,0,0,0,0,0,0,0,normal,0,87,90
1/11/2025 11:00,87,5,Saturday,1,1,0,random_or_none,5,windy,0.247,260,0,0,0,0,0,0,0,normal,0,90,92
1/11/2025 12:00,90,5,Saturday,1,1,0,random_or_none,0,sunny,0.291,260,0,0,0,0,0,0,0,normal,0,96,93
1/11/2025 13:00,96,5,Saturday,1,1,0,random_or_none,0,sunny,0.079,260,0,0,0,0,0,0,0,normal,0,105,95
1/11/2025 14:00,105,5,Saturday,1,1,0,random_or_none,1,rainy,0.439,260,0,0,0,0,0,0,0,normal,0,109,97
1/11/2025 15:00,109,5,Saturday,1,1,0,random_or_none,1,rainy,0.706,260,0,0,0,0,0,0,0,normal,0,114,102
1/11/2025 16:00,114,5,Saturday,1,1,0,random_or_none,1,rainy,0.69,260,0,0,0,0,0,0,0,normal,0,106,101
1/11/2025 17:00,106,5,Saturday,1,1,0,random_or_none,0,sunny,0.014,260,0,0,0,0,0,0,0,normal,0,109,107
1/11/2025 18:00,109,5,Saturday,1,1,0,random_or_none,2,cold,1,260,0,0,0,0,0,0,0,extreme_weather,2,110,107
1/11/2025 19:00,110,5,Saturday,1,1,0,random_or_none,1,rainy,0.358,260,0,0,0,0,0,0,0,normal,0,99,107
1/11/2025 20:00,99,5,Saturday,1,1,0,random_or_none,1,rainy,0.478,260,0,0,0,0,0,0,0,normal,0,92,100
1/11/2025 21:00,92,5,Saturday,1,1,0,random_or_none,5,windy,0.269,260,0,0,0,0,0,0,0,normal,0,79,90
1/11/2025 22:00,79,5,Saturday,1,1,0,random_or_none,1,rainy,0.494,260,0,0,0,0,0,0,0,normal,0,82,83
1/11/2025 23:00,82,5,Saturday,1,1,0,random_or_none,2,cold,0.613,260,0,0,0,0,0,0,0,normal,0,69,70
1/12/2025 0:00,69,6,Sunday,1,1,0,random_or_none,2,cold,0.4,260,0,0,0,0,0,0,0,normal,0,58,68
1/12/2025 1:00,58,6,Sunday,1,1,0,random_or_none,0,sunny,0.302,260,0,0,0,0,0,0,0,normal,0,62,64
1/12/2025 2:00,62,6,Sunday,1,1,0,random_or_none,4,dusty,0.877,260,0,0,0,0,0,0,0,extreme_weather,2,54,64
1/12/2025 3:00,54,6,Sunday,1,1,0,random_or_none,2,cold,0.469,260,0,0,0,0,0,0,0,normal,0,47,76
1/12/2025 4:00,47,6,Sunday,1,1,0,random_or_none,0,sunny,0.174,260,0,0,0,0,0,0,0,normal,0,54,66
1/12/2025 5:00,54,6,Sunday,1,1,0,random_or_none,2,cold,0.645,260,0,0,0,0,0,0,0,normal,0,64,67
1/12/2025 6:00,64,6,Sunday,1,1,0,random_or_none,1,rainy,0.975,260,0,0,0,0,0,0,0,extreme_weather,2,66,78
1/12/2025 7:00,66,6,Sunday,1,1,0,random_or_none,2,cold,0.453,260,0,0,0,0,0,0,0,normal,0,69,83
1/12/2025 8:00,69,6,Sunday,1,1,0,random_or_none,2,cold,0.323,260,0,0,0,0,0,0,0,normal,0,82,92
1/12/2025 9:00,82,6,Sunday,1,1,0,random_or_none,1,rainy,0.764,260,0,0,0,0,0,0,0,extreme_weather,2,90,101
1/12/2025 10:00,90,6,Sunday,1,1,0,random_or_none,1,rainy,0.317,260,0,0,0,0,0,0,0,normal,0,92,110
1/12/2025 11:00,92,6,Sunday,1,1,0,random_or_none,2,cold,0.399,260,0,0,0,0,0,0,0,normal,0,93,118
1/12/2025 12:00,93,6,Sunday,1,1,0,random_or_none,2,cold,0.336,260,0,0,0,0,0,0,0,normal,0,95,123
1/12/2025 13:00,95,6,Sunday,1,1,0,random_or_none,0,sunny,0.049,260,0,0,0,0,0,0,0,normal,0,97,124
1/12/2025 14:00,97,6,Sunday,1,1,0,random_or_none,2,cold,0.587,260,0,0,0,0,0,0,0,normal,0,102,126
1/12/2025 15:00,102,6,Sunday,1,1,0,random_or_none,1,rainy,0.676,260,0,0,0,0,0,0,0,normal,0,101,122
1/12/2025 16:00,101,6,Sunday,1,1,0,random_or_none,2,cold,0.465,260,0,0,0,0,0,0,0,normal,0,107,122
1/12/2025 17:00,107,6,Sunday,1,1,0,random_or_none,0,sunny,0.22,260,0,0,0,0,0,0,0,normal,0,107,123
1/12/2025 18:00,107,6,Sunday,1,1,0,random_or_none,2,cold,0.838,260,0,0,0,0,0,0,0,extreme_weather,2,107,121
1/12/2025 19:00,107,6,Sunday,1,1,0,random_or_none,1,rainy,0.728,260,0,0,0,0,0,0,0,normal,0,100,126
1/12/2025 20:00,100,6,Sunday,1,1,0,random_or_none,2,cold,0.853,260,0,0,0,0,0,0,0,extreme_weather,2,90,119
1/12/2025 21:00,90,6,Sunday,1,1,0,random_or_none,1,rainy,0.597,260,0,0,0,0,0,0,0,normal,0,83,103
1/12/2025 22:00,83,6,Sunday,1,1,0,random_or_none,1,rainy,0.76,260,0,0,0,0,0,0,0,extreme_weather,2,70,95
1/12/2025 23:00,70,6,Sunday,1,1,0,random_or_none,1,rainy,0.798,260,0,0,0,0,0,0,0,extreme_weather,2,68,87
1/13/2025 0:00,68,0,Monday,1,0,0,random_or_none,2,cold,0.986,260,0,0,0,0,0,0,0,extreme_weather,2,64,83
1/13/2025 1:00,64,0,Monday,1,0,0,random_or_none,0,sunny,0.238,260,0,0,0,0,0,0,0,normal,0,64,77
1/13/2025 2:00,64,0,Monday,1,0,0,random_or_none,2,cold,0.707,260,0,0,0,0,0,0,0,normal,0,76,71
1/13/2025 3:00,76,0,Monday,1,0,0,random_or_none,3,hot,0.767,260,0,0,0,0,0,0,0,extreme_weather,2,66,67
1/13/2025 4:00,66,0,Monday,1,0,0,random_or_none,5,windy,0.517,260,0,0,0,0,0,0,0,normal,0,67,72
1/13/2025 5:00,67,0,Monday,1,0,0,random_or_none,5,windy,0.366,260,0,0,0,0,0,0,0,normal,0,78,74
1/13/2025 6:00,78,0,Monday,1,0,0,random_or_none,1,rainy,0.976,260,0,0,0,0,0,0,0,extreme_weather,2,83,82
1/13/2025 7:00,83,0,Monday,1,0,0,random_or_none,2,cold,0.928,260,0,0,0,0,0,0,0,extreme_weather,2,92,78
1/13/2025 8:00,92,0,Monday,1,0,0,random_or_none,1,rainy,0.83,260,0,0,0,0,0,0,0,extreme_weather,2,101,81
1/13/2025 9:00,101,0,Monday,1,0,0,random_or_none,2,cold,0.393,260,0,0,0,0,0,0,0,normal,0,110,91
1/13/2025 10:00,110,0,Monday,1,0,0,random_or_none,2,cold,0.913,260,0,0,0,0,0,0,0,extreme_weather,2,118,99
1/13/2025 11:00,118,0,Monday,1,0,0,random_or_none,1,rainy,0.766,260,0,0,0,0,0,0,0,extreme_weather,2,123,115
1/13/2025 12:00,123,0,Monday,1,0,0,random_or_none,4,dusty,0.318,260,0,0,0,0,0,0,0,normal,0,124,116
1/13/2025 13:00,124,0,Monday,1,0,0,random_or_none,1,rainy,0.848,260,0,0,0,0,0,0,0,extreme_weather,2,126,124
1/13/2025 14:00,126,0,Monday,1,0,0,random_or_none,2,cold,0.874,260,0,0,0,0,0,0,0,extreme_weather,2,122,126
1/13/2025 15:00,122,0,Monday,1,0,0,random_or_none,2,cold,0.954,260,0,0,0,0,0,0,0,extreme_weather,2,122,127
1/13/2025 16:00,122,0,Monday,1,0,0,random_or_none,0,sunny,0.013,260,0,0,0,0,0,0,0,normal,0,123,122
1/13/2025 17:00,123,0,Monday,1,0,0,random_or_none,5,windy,0.804,260,0,0,0,0,0,0,0,extreme_weather,2,121,126
1/13/2025 18:00,121,0,Monday,1,0,0,random_or_none,2,cold,0.514,260,0,0,0,0,0,0,0,normal,0,126,124
1/13/2025 19:00,126,0,Monday,1,0,0,random_or_none,1,rainy,0.753,260,0,0,0,0,0,0,0,extreme_weather,2,119,124
1/13/2025 20:00,119,0,Monday,1,0,0,random_or_none,1,rainy,0.54,260,0,0,0,0,0,0,0,normal,0,103,111
1/13/2025 21:00,103,0,Monday,1,0,0,random_or_none,5,windy,0.161,260,0,0,0,0,0,0,0,normal,0,95,109
1/13/2025 22:00,95,0,Monday,1,0,0,random_or_none,2,cold,0.735,260,0,0,0,0,0,0,0,normal,0,87,97
1/13/2025 23:00,87,0,Monday,1,0,0,random_or_none,1,rainy,0.522,260,0,0,0,0,0,0,0,normal,0,83,90
1/14/2025 0:00,83,1,Tuesday,1,0,0,random_or_none,3,hot,0.532,260,0,0,0,0,0,0,0,normal,0,77,123
1/14/2025 1:00,77,1,Tuesday,1,0,0,random_or_none,1,rainy,0.463,260,0,0,0,0,0,0,0,normal,0,71,88
1/14/2025 2:00,71,1,Tuesday,1,0,0,random_or_none,1,rainy,0.463,260,0,0,0,0,0,0,0,normal,0,67,80
1/14/2025 3:00,67,1,Tuesday,1,0,0,random_or_none,2,cold,0.853,260,0,0,0,0,0,0,0,extreme_weather,2,72,77
1/14/2025 4:00,72,1,Tuesday,1,0,0,random_or_none,5,windy,0.668,260,0,0,0,0,0,0,0,normal,0,74,71
1/14/2025 5:00,74,1,Tuesday,1,0,0,random_or_none,2,cold,0.99,260,0,0,0,0,0,0,0,extreme_weather,2,82,70
1/14/2025 6:00,82,1,Tuesday,1,0,0,random_or_none,3,hot,0.449,260,0,0,0,0,0,0,0,normal,0,78,68
1/14/2025 7:00,78,1,Tuesday,1,0,0,random_or_none,0,sunny,0.289,260,0,0,0,0,0,0,0,normal,0,81,80
1/14/2025 8:00,81,1,Tuesday,1,0,0,random_or_none,5,windy,0.597,260,0,0,0,0,0,0,0,normal,0,91,86
1/14/2025 9:00,91,1,Tuesday,1,0,0,random_or_none,2,cold,0.905,260,0,0,0,0,0,0,0,extreme_weather,2,99,93
1/14/2025 10:00,99,1,Tuesday,1,0,0,random_or_none,0,sunny,0.071,260,0,0,0,0,0,0,0,normal,0,115,101
1/14/2025 11:00,115,1,Tuesday,1,0,0,random_or_none,1,rainy,0.852,260,0,0,0,0,0,0,0,extreme_weather,2,116,105
1/14/2025 12:00,116,1,Tuesday,1,0,0,random_or_none,0,sunny,0.156,260,0,0,0,0,0,0,0,normal,0,124,115
1/14/2025 13:00,124,1,Tuesday,1,0,0,random_or_none,1,rainy,0.748,260,0,0,0,0,0,0,0,normal,0,126,120
1/14/2025 14:00,126,1,Tuesday,1,0,0,random_or_none,2,cold,0.391,260,0,0,0,0,0,0,0,normal,0,127,123
1/14/2025 15:00,127,1,Tuesday,1,0,0,random_or_none,5,windy,0.556,260,0,0,0,0,0,0,0,normal,0,122,119
1/14/2025 16:00,122,1,Tuesday,1,0,0,random_or_none,0,sunny,0.345,260,0,0,0,0,0,0,0,normal,0,126,122
1/14/2025 17:00,126,1,Tuesday,1,0,0,random_or_none,2,cold,0.791,260,0,0,0,0,0,0,0,extreme_weather,2,124,117
1/14/2025 18:00,124,1,Tuesday,1,0,0,random_or_none,2,cold,0.936,260,0,0,0,0,0,0,0,extreme_weather,2,124,116
1/14/2025 19:00,124,1,Tuesday,1,0,0,random_or_none,4,dusty,0.856,260,0,0,0,0,0,0,0,extreme_weather,2,111,120
1/14/2025 20:00,111,1,Tuesday,1,0,0,random_or_none,0,sunny,0.042,260,0,0,0,0,0,0,0,normal,0,109,109
1/14/2025 21:00,109,1,Tuesday,1,0,0,random_or_none,4,dusty,0.826,260,0,0,0,0,0,0,0,extreme_weather,2,97,96
1/14/2025 22:00,97,1,Tuesday,1,0,0,random_or_none,4,dusty,0.547,260,0,0,0,0,0,0,0,normal,0,90,129
1/14/2025 23:00,90,1,Tuesday,1,0,0,random_or_none,2,cold,0.569,260,0,0,0,0,0,0,0,normal,0,123,102
1/15/2025 0:00,123,2,Wednesday,1,0,0,random_or_none,0,sunny,0.268,260,0,1,117.1,0,0,0,0,emergency_spike,5,88,88
1/15/2025 1:00,88,2,Wednesday,1,0,0,random_or_none,0,sunny,0.084,260,0,0,0,0,0,0,0,normal,0,80,74
1/15/2025 2:00,80,2,Wednesday,1,0,0,random_or_none,1,rainy,0.658,260,0,0,0,0,0,0,0,normal,0,77,67
1/15/2025 3:00,77,2,Wednesday,1,0,0,random_or_none,1,rainy,0.745,260,0,0,0,0,0,0,0,normal,0,71,62
1/15/2025 4:00,71,2,Wednesday,1,0,0,random_or_none,2,cold,0.98,260,0,0,0,0,0,0,0,extreme_weather,2,70,69
1/15/2025 5:00,70,2,Wednesday,1,0,0,random_or_none,5,windy,0.764,260,0,0,0,0,0,0,0,extreme_weather,2,68,71
1/15/2025 6:00,68,2,Wednesday,1,0,0,random_or_none,0,sunny,0.345,260,0,0,0,0,0,0,0,normal,0,80,82
1/15/2025 7:00,80,2,Wednesday,1,0,0,random_or_none,1,rainy,0.784,260,0,0,0,0,0,0,0,extreme_weather,2,86,80
1/15/2025 8:00,86,2,Wednesday,1,0,0,random_or_none,1,rainy,0.652,260,0,0,0,0,0,0,0,normal,0,93,81
1/15/2025 9:00,93,2,Wednesday,1,0,0,random_or_none,1,rainy,0.818,260,0,0,0,0,0,0,0,extreme_weather,2,101,94
1/15/2025 10:00,101,2,Wednesday,1,0,0,random_or_none,2,cold,0.64,260,0,0,0,0,0,0,0,normal,0,105,97
1/15/2025 11:00,105,2,Wednesday,1,0,0,random_or_none,1,rainy,0.308,260,0,0,0,0,0,0,0,normal,0,115,111
1/15/2025 12:00,115,2,Wednesday,1,0,0,random_or_none,1,rainy,0.549,260,0,0,0,0,0,0,0,normal,0,120,123
1/15/2025 13:00,120,2,Wednesday,1,0,0,random_or_none,2,cold,0.726,260,0,0,0,0,0,0,0,normal,0,123,127
1/15/2025 14:00,123,2,Wednesday,1,0,0,random_or_none,2,cold,0.66,260,0,0,0,0,0,0,0,normal,0,119,131
1/15/2025 15:00,119,2,Wednesday,1,0,0,random_or_none,1,rainy,0.405,260,0,0,0,0,0,0,0,normal,0,122,125
1/15/2025 16:00,122,2,Wednesday,1,0,0,random_or_none,2,cold,0.914,260,0,0,0,0,0,0,0,extreme_weather,2,117,119
1/15/2025 17:00,117,2,Wednesday,1,0,0,random_or_none,5,windy,0.836,260,0,0,0,0,0,0,0,extreme_weather,2,116,118
1/15/2025 18:00,116,2,Wednesday,1,0,0,random_or_none,5,windy,0.447,260,0,0,0,0,0,0,0,normal,0,120,124
1/15/2025 19:00,120,2,Wednesday,1,0,0,random_or_none,1,rainy,0.765,260,0,0,0,0,0,0,0,extreme_weather,2,109,121
1/15/2025 20:00,109,2,Wednesday,1,0,0,random_or_none,0,sunny,0.163,260,0,0,0,0,0,0,0,normal,0,96,113
1/15/2025 21:00,96,2,Wednesday,1,0,0,random_or_none,2,cold,0.399,260,0,0,0,0,0,0,0,normal,0,129,103
1/15/2025 22:00,129,2,Wednesday,1,0,0,random_or_none,0,sunny,0.259,260,0,1,102.72,0,0,0,0,emergency_spike,5,102,96
1/15/2025 23:00,102,2,Wednesday,1,0,0,random_or_none,2,cold,0.382,260,0,0,0,0,0,0,0,normal,0,88,92
1/16/2025 0:00,88,3,Thursday,1,0,0,random_or_none,2,cold,0.755,260,0,0,0,0,0,0,0,extreme_weather,2,74,84
1/16/2025 1:00,74,3,Thursday,1,0,0,random_or_none,5,windy,0.705,260,0,0,0,0,0,0,0,normal,0,67,81
1/16/2025 2:00,67,3,Thursday,1,0,0,random_or_none,5,windy,0.414,260,0,0,0,0,0,0,0,normal,0,62,76
1/16/2025 3:00,62,3,Thursday,1,0,0,random_or_none,0,sunny,0.347,260,0,0,0,0,0,0,0,normal,0,69,75
1/16/2025 4:00,69,3,Thursday,1,0,0,random_or_none,1,rainy,0.882,260,0,0,0,0,0,0,0,extreme_weather,2,71,72
1/16/2025 5:00,71,3,Thursday,1,0,0,random_or_none,2,cold,0.683,260,0,0,0,0,0,0,0,normal,0,82,72
1/16/2025 6:00,82,3,Thursday,1,0,0,random_or_none,2,cold,0.551,260,0,0,0,0,0,0,0,normal,0,80,77
1/16/2025 7:00,80,3,Thursday,1,0,0,random_or_none,1,rainy,0.292,260,0,0,0,0,0,0,0,normal,0,81,75
1/16/2025 8:00,81,3,Thursday,1,0,0,random_or_none,2,cold,0.822,260,0,0,0,0,0,0,0,extreme_weather,2,94,87
1/16/2025 9:00,94,3,Thursday,1,0,0,random_or_none,1,rainy,0.979,260,0,0,0,0,0,0,0,extreme_weather,2,97,91
1/16/2025 10:00,97,3,Thursday,1,0,0,random_or_none,1,rainy,0.486,260,0,0,0,0,0,0,0,normal,0,111,104
1/16/2025 11:00,111,3,Thursday,1,0,0,random_or_none,2,cold,0.988,260,0,0,0,0,0,0,0,extreme_weather,2,123,110
1/16/2025 12:00,123,3,Thursday,1,0,0,random_or_none,5,windy,0.375,260,0,0,0,0,0,0,0,normal,0,127,117
1/16/2025 13:00,127,3,Thursday,1,0,0,random_or_none,1,rainy,0.286,260,0,0,0,0,0,0,0,normal,0,131,120
1/16/2025 14:00,131,3,Thursday,1,0,0,random_or_none,1,rainy,0.815,260,0,0,0,0,0,0,0,extreme_weather,2,125,125
1/16/2025 15:00,125,3,Thursday,1,0,0,random_or_none,2,cold,1,260,0,0,0,0,0,0,0,extreme_weather,2,119,130
1/16/2025 16:00,119,3,Thursday,1,0,0,random_or_none,0,sunny,0.08,260,0,0,0,0,0,0,0,normal,0,118,128
1/16/2025 17:00,118,3,Thursday,1,0,0,random_or_none,2,cold,0.996,260,0,0,0,0,0,0,0,extreme_weather,2,124,120
1/16/2025 18:00,124,3,Thursday,1,0,0,random_or_none,1,rainy,0.753,260,0,0,0,0,0,0,0,extreme_weather,2,121,124
1/16/2025 19:00,121,3,Thursday,1,0,0,random_or_none,2,cold,0.939,260,0,0,0,0,0,0,0,extreme_weather,2,113,120
1/16/2025 20:00,113,3,Thursday,1,0,0,random_or_none,2,cold,0.708,260,0,0,0,0,0,0,0,normal,0,103,113
1/16/2025 21:00,103,3,Thursday,1,0,0,random_or_none,2,cold,0.873,260,0,0,0,0,0,0,0,extreme_weather,2,96,108
1/16/2025 22:00,96,3,Thursday,1,0,0,random_or_none,2,cold,0.811,260,0,0,0,0,0,0,0,extreme_weather,2,92,108
1/16/2025 23:00,92,3,Thursday,1,0,0,random_or_none,1,rainy,0.78,260,0,0,0,0,0,0,0,extreme_weather,2,84,91
1/17/2025 0:00,84,4,Friday,1,0,0,random_or_none,2,cold,0.793,260,0,0,0,0,0,0,0,extreme_weather,2,81,73
1/17/2025 1:00,81,4,Friday,1,0,0,random_or_none,2,cold,0.427,260,0,0,0,0,0,0,0,normal,0,76,66
1/17/2025 2:00,76,4,Friday,1,0,0,random_or_none,5,windy,0.372,260,0,0,0,0,0,0,0,normal,0,75,63
1/17/2025 3:00,75,4,Friday,1,0,0,random_or_none,2,cold,0.811,260,0,0,0,0,0,0,0,extreme_weather,2,72,56
1/17/2025 4:00,72,4,Friday,1,0,0,random_or_none,2,cold,0.41,260,0,0,0,0,0,0,0,normal,0,72,49
1/17/2025 5:00,72,4,Friday,1,0,0,random_or_none,2,cold,0.607,260,0,0,0,0,0,0,0,normal,0,77,53
1/17/2025 6:00,77,4,Friday,1,0,0,random_or_none,2,cold,0.35,260,0,0,0,0,0,0,0,normal,0,75,63
1/17/2025 7:00,75,4,Friday,1,0,0,random_or_none,2,cold,0.627,260,0,0,0,0,0,0,0,normal,0,87,62
1/17/2025 8:00,87,4,Friday,1,0,0,random_or_none,1,rainy,1,260,0,0,0,0,0,0,0,extreme_weather,2,91,70
1/17/2025 9:00,91,4,Friday,1,0,0,random_or_none,2,cold,0.423,260,0,0,0,0,0,0,0,normal,0,104,76
1/17/2025 10:00,104,4,Friday,1,0,0,random_or_none,2,cold,0.542,260,0,0,0,0,0,0,0,normal,0,110,81
1/17/2025 11:00,110,4,Friday,1,0,0,random_or_none,1,rainy,0.762,260,0,0,0,0,0,0,0,extreme_weather,2,117,89
1/17/2025 12:00,117,4,Friday,1,0,0,random_or_none,2,cold,0.623,260,0,0,0,0,0,0,0,normal,0,120,96
1/17/2025 13:00,120,4,Friday,1,0,0,random_or_none,1,rainy,0.956,260,0,0,0,0,0,0,0,extreme_weather,2,125,95
1/17/2025 14:00,125,4,Friday,1,0,0,random_or_none,2,cold,0.757,260,0,0,0,0,0,0,0,extreme_weather,2,130,104
1/17/2025 15:00,130,4,Friday,1,0,0,random_or_none,2,cold,0.846,260,0,0,0,0,0,0,0,extreme_weather,2,128,101
1/17/2025 16:00,128,4,Friday,1,0,0,random_or_none,5,windy,0.394,260,0,0,0,0,0,0,0,normal,0,120,108
1/17/2025 17:00,120,4,Friday,1,0,0,random_or_none,0,sunny,0.07,260,0,0,0,0,0,0,0,normal,0,124,109
1/17/2025 18:00,124,4,Friday,1,0,0,random_or_none,2,cold,0.78,260,0,0,0,0,0,0,0,extreme_weather,2,120,103
1/17/2025 19:00,120,4,Friday,1,0,0,random_or_none,5,windy,0.773,260,0,0,0,0,0,0,0,extreme_weather,2,113,98
1/17/2025 20:00,113,4,Friday,1,0,0,random_or_none,0,sunny,0.278,260,0,0,0,0,0,0,0,normal,0,108,91
1/17/2025 21:00,108,4,Friday,1,0,0,random_or_none,2,cold,0.379,260,0,0,0,0,0,0,0,normal,0,108,84
1/17/2025 22:00,108,4,Friday,1,0,0,random_or_none,1,rainy,0.766,260,0,0,0,0,0,0,0,extreme_weather,2,91,73
1/17/2025 23:00,91,4,Friday,1,0,0,random_or_none,2,cold,0.373,260,0,0,0,0,0,0,0,normal,0,73,60
1/18/2025 0:00,73,5,Saturday,1,1,0,random_or_none,0,sunny,0.208,260,0,0,0,0,0,0,0,normal,0,66,52
1/18/2025 1:00,66,5,Saturday,1,1,0,random_or_none,1,rainy,0.425,260,0,0,0,0,0,0,0,normal,0,63,52
1/18/2025 2:00,63,5,Saturday,1,1,0,random_or_none,1,rainy,0.862,260,0,0,0,0,0,0,0,extreme_weather,2,56,50
1/18/2025 3:00,56,5,Saturday,1,1,0,random_or_none,2,cold,0.479,260,0,0,0,0,0,0,0,normal,0,49,45
1/18/2025 4:00,49,5,Saturday,1,1,0,random_or_none,5,windy,0.316,260,0,0,0,0,0,0,0,normal,0,53,44
1/18/2025 5:00,53,5,Saturday,1,1,0,random_or_none,5,windy,0.263,260,0,0,0,0,0,0,0,normal,0,63,48
1/18/2025 6:00,63,5,Saturday,1,1,0,random_or_none,1,rainy,0.574,260,0,0,0,0,0,0,0,normal,0,62,59
1/18/2025 7:00,62,5,Saturday,1,1,0,random_or_none,2,cold,0.575,260,0,0,0,0,0,0,0,normal,0,70,64
1/18/2025 8:00,70,5,Saturday,1,1,0,random_or_none,2,cold,0.382,260,0,0,0,0,0,0,0,normal,0,76,68
1/18/2025 9:00,76,5,Saturday,1,1,0,random_or_none,5,windy,0.167,260,0,0,0,0,0,0,0,normal,0,81,70
1/18/2025 10:00,81,5,Saturday,1,1,0,random_or_none,2,cold,0.94,260,0,0,0,0,0,0,0,extreme_weather,2,89,71
1/18/2025 11:00,89,5,Saturday,1,1,0,random_or_none,2,cold,0.589,260,0,0,0,0,0,0,0,normal,0,96,83
1/18/2025 12:00,96,5,Saturday,1,1,0,random_or_none,1,rainy,0.448,260,0,0,0,0,0,0,0,normal,0,95,89
1/18/2025 13:00,95,5,Saturday,1,1,0,random_or_none,1,rainy,0.544,260,0,0,0,0,0,0,0,normal,0,104,94
1/18/2025 14:00,104,5,Saturday,1,1,0,random_or_none,2,cold,0.847,260,0,0,0,0,0,0,0,extreme_weather,2,101,103
1/18/2025 15:00,101,5,Saturday,1,1,0,random_or_none,2,cold,0.365,260,0,0,0,0,0,0,0,normal,0,108,109
1/18/2025 16:00,108,5,Saturday,1,1,0,random_or_none,1,rainy,1,260,0,0,0,0,0,0,0,extreme_weather,2,109,113
1/18/2025 17:00,109,5,Saturday,1,1,0,random_or_none,2,cold,0.569,260,0,0,0,0,0,0,0,normal,0,103,106
1/18/2025 18:00,103,5,Saturday,1,1,0,random_or_none,0,sunny,0.322,260,0,0,0,0,0,0,0,normal,0,98,108
1/18/2025 19:00,98,5,Saturday,1,1,0,random_or_none,2,cold,0.344,260,0,0,0,0,0,0,0,normal,0,91,104
1/18/2025 20:00,91,5,Saturday,1,1,0,random_or_none,2,cold,0.734,260,0,0,0,0,0,0,0,normal,0,84,101
1/18/2025 21:00,84,5,Saturday,1,1,0,random_or_none,0,sunny,0.326,260,0,0,0,0,0,0,0,normal,0,73,91
1/18/2025 22:00,73,5,Saturday,1,1,0,random_or_none,2,cold,0.445,260,0,0,0,0,0,0,0,normal,0,60,83
1/18/2025 23:00,60,5,Saturday,1,1,0,random_or_none,0,sunny,0.17,260,0,0,0,0,0,0,0,normal,0,52,75
1/19/2025 0:00,52,6,Sunday,1,1,0,random_or_none,2,cold,0.719,260,0,0,0,0,0,0,0,normal,0,52,82
1/19/2025 1:00,52,6,Sunday,1,1,0,random_or_none,1,rainy,0.419,260,0,0,0,0,0,0,0,normal,0,50,73
1/19/2025 2:00,50,6,Sunday,1,1,0,random_or_none,2,cold,0.258,260,0,0,0,0,0,0,0,normal,0,45,72
1/19/2025 3:00,45,6,Sunday,1,1,0,random_or_none,5,windy,0.521,260,0,0,0,0,0,0,0,normal,0,44,74
1/19/2025 4:00,44,6,Sunday,1,1,0,random_or_none,1,rainy,0.496,260,0,0,0,0,0,0,0,normal,0,48,75
1/19/2025 5:00,48,6,Sunday,1,1,0,random_or_none,5,windy,0.481,260,0,0,0,0,0,0,0,normal,0,59,78
1/19/2025 6:00,59,6,Sunday,1,1,0,random_or_none,1,rainy,0.887,260,0,0,0,0,0,0,0,extreme_weather,2,64,78
1/19/2025 7:00,64,6,Sunday,1,1,0,random_or_none,2,cold,0.86,260,0,0,0,0,0,0,0,extreme_weather,2,68,79
1/19/2025 8:00,68,6,Sunday,1,1,0,random_or_none,2,cold,0.84,260,0,0,0,0,0,0,0,extreme_weather,2,70,90
1/19/2025 9:00,70,6,Sunday,1,1,0,random_or_none,1,rainy,0.635,260,0,0,0,0,0,0,0,normal,0,71,93
1/19/2025 10:00,71,6,Sunday,1,1,0,random_or_none,0,sunny,0.282,260,0,0,0,0,0,0,0,normal,0,83,105
1/19/2025 11:00,83,6,Sunday,1,1,0,random_or_none,2,cold,0.978,260,0,0,0,0,0,0,0,extreme_weather,2,89,109
1/19/2025 12:00,89,6,Sunday,1,1,0,random_or_none,0,sunny,0.18,260,0,0,0,0,0,0,0,normal,0,94,116
1/19/2025 13:00,94,6,Sunday,1,1,0,random_or_none,5,windy,0.459,260,0,0,0,0,0,0,0,normal,0,103,118
1/19/2025 14:00,103,6,Sunday,1,1,0,random_or_none,2,cold,0.797,260,0,0,0,0,0,0,0,extreme_weather,2,109,125
1/19/2025 15:00,109,6,Sunday,1,1,0,random_or_none,2,cold,0.892,260,0,0,0,0,0,0,0,extreme_weather,2,113,125
1/19/2025 16:00,113,6,Sunday,1,1,0,random_or_none,1,rainy,0.759,260,0,0,0,0,0,0,0,extreme_weather,2,106,125
1/19/2025 17:00,106,6,Sunday,1,1,0,random_or_none,2,cold,0.867,260,0,0,0,0,0,0,0,extreme_weather,2,108,168
1/19/2025 18:00,108,6,Sunday,1,1,0,random_or_none,1,rainy,0.678,260,0,0,0,0,0,0,0,normal,0,104,146
1/19/2025 19:00,104,6,Sunday,1,1,0,random_or_none,4,dusty,0.676,260,0,0,0,0,0,0,0,normal,0,101,137
1/19/2025 20:00,101,6,Sunday,1,1,0,random_or_none,0,sunny,0.278,260,0,0,0,0,0,0,0,normal,0,91,122
1/19/2025 21:00,91,6,Sunday,1,1,0,random_or_none,1,rainy,0.501,260,0,0,0,0,0,0,0,normal,0,83,114
1/19/2025 22:00,83,6,Sunday,1,1,0,random_or_none,2,cold,0.958,260,0,0,0,0,0,0,0,extreme_weather,2,75,105
1/19/2025 23:00,75,6,Sunday,1,1,0,random_or_none,1,rainy,0.872,260,0,0,0,0,0,0,0,extreme_weather,2,82,92
1/20/2025 0:00,82,0,Monday,1,0,0,random_or_none,2,cold,0.691,260,0,0,0,0,0,0,0,normal,0,73,81
1/20/2025 1:00,73,0,Monday,1,0,0,random_or_none,0,sunny,0.106,260,0,0,0,0,0,0,0,normal,0,72,76
1/20/2025 2:00,72,0,Monday,1,0,0,random_or_none,0,sunny,0.033,260,0,0,0,0,0,0,0,normal,0,74,73
1/20/2025 3:00,74,0,Monday,1,0,0,random_or_none,1,rainy,0.335,260,0,0,0,0,0,0,0,normal,0,75,72
1/20/2025 4:00,75,0,Monday,1,0,0,random_or_none,5,windy,0.472,260,0,0,0,0,0,0,0,normal,0,78,72
1/20/2025 5:00,78,0,Monday,1,0,0,random_or_none,2,cold,0.723,260,0,0,0,0,0,0,0,normal,0,78,72
1/20/2025 6:00,78,0,Monday,1,0,0,random_or_none,2,cold,0.476,260,0,0,0,0,0,0,0,normal,0,79,74
1/20/2025 7:00,79,0,Monday,1,0,0,random_or_none,2,cold,0.388,260,0,0,0,0,0,0,0,normal,0,90,81
1/20/2025 8:00,90,0,Monday,1,0,0,random_or_none,2,cold,0.482,260,0,0,0,0,0,0,0,normal,0,93,84
1/20/2025 9:00,93,0,Monday,1,0,0,random_or_none,1,rainy,0.339,260,0,0,0,0,0,0,0,normal,0,105,87
1/20/2025 10:00,105,0,Monday,1,0,0,random_or_none,2,cold,0.495,260,0,0,0,0,0,0,0,normal,0,109,89
1/20/2025 11:00,109,0,Monday,1,0,0,random_or_none,1,rainy,0.508,260,0,0,0,0,0,0,0,normal,0,116,94
1/20/2025 12:00,116,0,Monday,1,0,0,random_or_none,2,cold,0.8,260,0,0,0,0,0,0,0,extreme_weather,2,118,99
1/20/2025 13:00,118,0,Monday,1,0,0,random_or_none,1,rainy,0.489,260,0,0,0,0,0,0,0,normal,0,125,101
1/20/2025 14:00,125,0,Monday,1,0,0,random_or_none,2,cold,0.91,260,0,0,0,0,0,0,0,extreme_weather,2,125,104
1/20/2025 15:00,125,0,Monday,1,0,0,random_or_none,1,rainy,0.41,260,0,0,0,0,0,0,0,normal,0,125,109
1/20/2025 16:00,125,0,Monday,1,0,0,random_or_none,5,windy,0.745,260,0,0,0,0,0,0,0,normal,0,168,104
1/20/2025 17:00,168,0,Monday,1,0,0,random_or_none,1,rainy,0.39,260,0,1,88.22,0,0,0,0,emergency_spike,5,146,107
1/20/2025 18:00,146,0,Monday,1,0,0,random_or_none,2,cold,0.616,260,0,0,0,0,0,0,0,normal,0,137,106
1/20/2025 19:00,137,0,Monday,1,0,0,random_or_none,1,rainy,1,260,0,0,0,0,0,0,0,extreme_weather,2,122,97
1/20/2025 20:00,122,0,Monday,1,0,0,random_or_none,2,cold,0.5,260,0,0,0,0,0,0,0,normal,0,114,98
1/20/2025 21:00,114,0,Monday,1,0,0,random_or_none,5,windy,0.725,260,0,0,0,0,0,0,0,normal,0,105,90
1/20/2025 22:00,105,0,Monday,1,0,0,random_or_none,2,cold,0.761,260,0,0,0,0,0,0,0,extreme_weather,2,92,92
1/20/2025 23:00,92,0,Monday,1,0,0,random_or_none,0,sunny,0.341,260,0,0,0,0,0,0,0,normal,0,81,78
1/21/2025 0:00,81,1,Tuesday,1,0,0,random_or_none,2,cold,0.754,260,0,0,0,0,0,0,0,extreme_weather,2,76,61
1/21/2025 1:00,76,1,Tuesday,1,0,0,random_or_none,1,rainy,0.999,260,0,0,0,0,0,0,0,extreme_weather,2,73,62
1/21/2025 2:00,73,1,Tuesday,1,0,0,random_or_none,0,sunny,0.041,260,0,0,0,0,0,0,0,normal,0,72,57
1/21/2025 3:00,72,1,Tuesday,1,0,0,random_or_none,1,rainy,0.342,260,0,0,0,0,0,0,0,normal,0,72,60
1/21/2025 4:00,72,1,Tuesday,1,0,0,random_or_none,2,cold,0.624,260,0,0,0,0,0,0,0,normal,0,72,63
1/21/2025 5:00,72,1,Tuesday,1,0,0,random_or_none,2,cold,0.893,260,0,0,0,0,0,0,0,extreme_weather,2,74,66
1/21/2025 6:00,74,1,Tuesday,1,0,0,random_or_none,2,cold,0.925,260,0,0,0,0,0,0,0,extreme_weather,2,81,60
1/21/2025 7:00,81,1,Tuesday,1,0,0,random_or_none,4,dusty,0.671,260,0,0,0,0,0,0,0,normal,0,84,68
1/21/2025 8:00,84,1,Tuesday,1,0,0,random_or_none,1,rainy,0.373,260,0,0,0,0,0,1,0.151,staff_shortage,4,87,72
1/21/2025 9:00,87,1,Tuesday,1,0,0,random_or_none,0,sunny,0.236,260,0,0,0,0,0,1,0.151,staff_shortage,4,89,68
1/21/2025 10:00,89,1,Tuesday,1,0,0,random_or_none,5,windy,0.152,260,0,0,0,0,0,1,0.151,staff_shortage,4,94,78
1/21/2025 11:00,94,1,Tuesday,1,0,0,random_or_none,2,cold,0.917,260,0,0,0,0,0,1,0.151,extreme_weather,2,99,86
1/21/2025 12:00,99,1,Tuesday,1,0,0,random_or_none,2,cold,0.909,260,0,0,0,0,0,1,0.151,extreme_weather,2,101,87
1/21/2025 13:00,101,1,Tuesday,1,0,0,random_or_none,0,sunny,0.112,260,0,0,0,0,0,1,0.151,staff_shortage,4,104,94
1/21/2025 14:00,104,1,Tuesday,1,0,0,random_or_none,1,rainy,0.397,260,0,0,0,0,0,1,0.151,staff_shortage,4,109,97
1/21/2025 15:00,109,1,Tuesday,1,0,0,random_or_none,2,cold,0.632,260,0,0,0,0,0,1,0.151,staff_shortage,4,104,103
1/21/2025 16:00,104,1,Tuesday,1,0,0,random_or_none,5,windy,0.383,260,0,0,0,0,0,1,0.151,staff_shortage,4,107,109
1/21/2025 17:00,107,1,Tuesday,1,0,0,random_or_none,2,cold,0.899,260,0,0,0,0,0,1,0.151,extreme_weather,2,106,112
1/21/2025 18:00,106,1,Tuesday,1,0,0,random_or_none,2,cold,1,260,0,0,0,0,0,1,0.151,extreme_weather,2,97,107
1/21/2025 19:00,97,1,Tuesday,1,0,0,random_or_none,5,windy,0.263,260,0,0,0,0,0,1,0.151,staff_shortage,4,98,106
1/21/2025 20:00,98,1,Tuesday,1,0,0,random_or_none,2,cold,0.702,260,0,0,0,0,0,1,0.151,staff_shortage,4,90,93
1/21/2025 21:00,90,1,Tuesday,1,0,0,random_or_none,5,windy,0.432,260,0,0,0,0,0,1,0.151,staff_shortage,4,92,93
1/21/2025 22:00,92,1,Tuesday,1,0,0,random_or_none,2,cold,0.501,260,0,0,0,0,0,1,0.151,staff_shortage,4,78,77
1/21/2025 23:00,78,1,Tuesday,1,0,0,random_or_none,2,cold,0.416,260,0,0,0,0,0,1,0.151,staff_shortage,4,61,73
1/22/2025 0:00,61,2,Wednesday,1,0,0,random_or_none,0,sunny,0.145,260,0,0,0,0,0,1,0.151,staff_shortage,4,62,65
1/22/2025 1:00,62,2,Wednesday,1,0,0,random_or_none,1,rainy,0.7,260,0,0,0,0,0,1,0.151,staff_shortage,4,57,69
1/22/2025 2:00,57,2,Wednesday,1,0,0,random_or_none,1,rainy,0.349,260,0,0,0,0,0,1,0.151,staff_shortage,4,60,64
1/22/2025 3:00,60,2,Wednesday,1,0,0,random_or_none,0,sunny,0.138,260,0,0,0,0,0,1,0.151,staff_shortage,4,63,55
1/22/2025 4:00,63,2,Wednesday,1,0,0,random_or_none,2,cold,0.575,260,0,0,0,0,0,1,0.151,staff_shortage,4,66,59
1/22/2025 5:00,66,2,Wednesday,1,0,0,random_or_none,2,cold,0.347,260,0,0,0,0,0,1,0.151,staff_shortage,4,60,60
1/22/2025 6:00,60,2,Wednesday,1,0,0,random_or_none,2,cold,0.584,260,0,0,0,0,0,1,0.151,staff_shortage,4,68,71
1/22/2025 7:00,68,2,Wednesday,1,0,0,random_or_none,2,cold,0.851,260,0,0,0,0,0,1,0.151,extreme_weather,2,72,76
1/22/2025 8:00,72,2,Wednesday,1,0,0,random_or_none,1,rainy,0.501,260,0,0,0,0,0,1,0.151,staff_shortage,4,68,77
1/22/2025 9:00,68,2,Wednesday,1,0,0,random_or_none,2,cold,0.282,260,0,0,0,0,0,1,0.151,staff_shortage,4,78,81
1/22/2025 10:00,78,2,Wednesday,1,0,0,random_or_none,2,cold,1,260,0,0,0,0,0,1,0.151,extreme_weather,2,86,87
1/22/2025 11:00,86,2,Wednesday,1,0,0,random_or_none,2,cold,0.814,260,0,0,0,0,0,1,0.151,extreme_weather,2,87,90
1/22/2025 12:00,87,2,Wednesday,1,0,0,random_or_none,5,windy,0.317,260,0,0,0,0,0,1,0.151,staff_shortage,4,94,101
1/22/2025 13:00,94,2,Wednesday,1,0,0,random_or_none,0,sunny,0.029,260,0,0,0,0,0,1,0.151,staff_shortage,4,97,106
1/22/2025 14:00,97,2,Wednesday,1,0,0,random_or_none,0,sunny,0.026,260,0,0,0,0,0,1,0.151,staff_shortage,4,103,115
1/22/2025 15:00,103,2,Wednesday,1,0,0,random_or_none,0,sunny,0.032,260,0,0,0,0,0,1,0.151,staff_shortage,4,109,111
1/22/2025 16:00,109,2,Wednesday,1,0,0,random_or_none,0,sunny,0.043,260,0,0,0,0,0,1,0.151,staff_shortage,4,112,120
1/22/2025 17:00,112,2,Wednesday,1,0,0,random_or_none,1,rainy,0.854,260,0,0,0,0,0,1,0.151,extreme_weather,2,107,125
1/22/2025 18:00,107,2,Wednesday,1,0,0,random_or_none,1,rainy,0.619,260,0,0,0,0,0,1,0.151,staff_shortage,4,106,120
1/22/2025 19:00,106,2,Wednesday,1,0,0,random_or_none,1,rainy,0.791,260,0,0,0,0,0,1,0.151,extreme_weather,2,93,126
1/22/2025 20:00,93,2,Wednesday,1,0,0,random_or_none,0,sunny,0.168,260,0,0,0,0,0,1,0.151,staff_shortage,4,93,110
1/22/2025 21:00,93,2,Wednesday,1,0,0,random_or_none,1,rainy,0.875,260,0,0,0,0,0,1,0.151,extreme_weather,2,77,93
1/22/2025 22:00,77,2,Wednesday,1,0,0,random_or_none,1,rainy,0.273,260,0,0,0,0,0,1,0.151,staff_shortage,4,73,84
1/22/2025 23:00,73,2,Wednesday,1,0,0,random_or_none,2,cold,0.672,260,0,0,0,0,0,1,0.151,staff_shortage,4,65,84
1/23/2025 0:00,65,3,Thursday,1,0,0,random_or_none,2,cold,0.652,260,0,0,0,0,0,1,0.151,staff_shortage,4,69,75
1/23/2025 1:00,69,3,Thursday,1,0,0,random_or_none,1,rainy,0.574,260,0,0,0,0,0,1,0.151,staff_shortage,4,64,71
1/23/2025 2:00,64,3,Thursday,1,0,0,random_or_none,2,cold,0.422,260,0,0,0,0,0,1,0.151,staff_shortage,4,55,68
1/23/2025 3:00,55,3,Thursday,1,0,0,random_or_none,5,windy,0.861,260,0,0,0,0,0,1,0.151,extreme_weather,2,59,66
1/23/2025 4:00,59,3,Thursday,1,0,0,random_or_none,3,hot,0.461,260,0,0,0,0,0,1,0.151,staff_shortage,4,60,74
1/23/2025 5:00,60,3,Thursday,1,0,0,random_or_none,2,cold,0.549,260,0,0,0,0,0,1,0.151,staff_shortage,4,71,73
1/23/2025 6:00,71,3,Thursday,1,0,0,random_or_none,1,rainy,0.816,260,0,0,0,0,0,1,0.151,extreme_weather,2,76,83
1/23/2025 7:00,76,3,Thursday,1,0,0,random_or_none,0,sunny,0.284,260,0,0,0,0,0,1,0.151,staff_shortage,4,77,87
1/23/2025 8:00,77,3,Thursday,1,0,0,random_or_none,1,rainy,0.346,260,0,0,0,0,0,1,0.151,staff_shortage,4,81,87
1/23/2025 9:00,81,3,Thursday,1,0,0,random_or_none,1,rainy,0.558,260,0,0,0,0,0,1,0.151,staff_shortage,4,87,96
1/23/2025 10:00,87,3,Thursday,1,0,0,random_or_none,2,cold,0.453,260,0,0,0,0,0,1,0.151,staff_shortage,4,90,99
1/23/2025 11:00,90,3,Thursday,1,0,0,random_or_none,5,windy,0.256,260,0,0,0,0,0,1,0.151,staff_shortage,4,101,107
1/23/2025 12:00,101,3,Thursday,1,0,0,random_or_none,1,rainy,0.503,260,0,0,0,0,0,0,0,normal,0,106,113
1/23/2025 13:00,106,3,Thursday,1,0,0,random_or_none,2,cold,0.588,260,0,0,0,0,0,0,0,normal,0,115,122
1/23/2025 14:00,115,3,Thursday,1,0,0,random_or_none,1,rainy,0.784,260,0,0,0,0,0,0,0,extreme_weather,2,111,121
1/23/2025 15:00,111,3,Thursday,1,0,0,random_or_none,0,sunny,0.215,260,0,0,0,0,0,0,0,normal,0,120,121
1/23/2025 16:00,120,3,Thursday,1,0,0,random_or_none,1,rainy,0.908,260,0,0,0,0,0,0,0,extreme_weather,2,125,120
1/23/2025 17:00,125,3,Thursday,1,0,0,random_or_none,2,cold,0.812,260,0,0,0,0,0,0,0,extreme_weather,2,120,124
1/23/2025 18:00,120,3,Thursday,1,0,0,random_or_none,5,windy,0.576,260,0,0,0,0,0,0,0,normal,0,126,119
1/23/2025 19:00,126,3,Thursday,1,0,0,random_or_none,1,rainy,0.727,260,0,0,0,0,0,0,0,normal,0,110,118
1/23/2025 20:00,110,3,Thursday,1,0,0,random_or_none,2,cold,0.31,260,0,0,0,0,0,0,0,normal,0,93,120
1/23/2025 21:00,93,3,Thursday,1,0,0,random_or_none,0,sunny,0.235,260,0,0,0,0,0,0,0,normal,0,84,105
1/23/2025 22:00,84,3,Thursday,1,0,0,random_or_none,2,cold,0.24,260,0,0,0,0,0,0,0,normal,0,84,98
1/23/2025 23:00,84,3,Thursday,1,0,0,random_or_none,5,windy,0.186,260,0,0,0,0,0,0,0,normal,0,75,96
1/24/2025 0:00,75,4,Friday,1,0,0,random_or_none,2,cold,0.387,260,0,0,0,0,0,0,0,normal,0,71,67
1/24/2025 1:00,71,4,Friday,1,0,0,random_or_none,0,sunny,0.276,260,0,0,0,0,0,0,0,normal,0,68,62
1/24/2025 2:00,68,4,Friday,1,0,0,random_or_none,5,windy,0.319,260,0,0,0,0,0,0,0,normal,0,66,56
1/24/2025 3:00,66,4,Friday,1,0,0,random_or_none,2,cold,0.412,260,0,0,0,0,0,0,0,normal,0,74,52
1/24/2025 4:00,74,4,Friday,1,0,0,random_or_none,0,sunny,0.056,260,0,0,0,0,0,0,0,normal,0,73,59
1/24/2025 5:00,73,4,Friday,1,0,0,random_or_none,2,cold,1,260,0,0,0,0,0,0,0,extreme_weather,2,83,55
1/24/2025 6:00,83,4,Friday,1,0,0,random_or_none,1,rainy,0.814,260,0,0,0,0,0,0,0,extreme_weather,2,87,57
1/24/2025 7:00,87,4,Friday,1,0,0,random_or_none,4,dusty,0.507,260,0,0,0,0,0,0,0,normal,0,87,62
1/24/2025 8:00,87,4,Friday,1,0,0,random_or_none,0,sunny,0.189,260,0,0,0,0,0,0,0,normal,0,96,71
1/24/2025 9:00,96,4,Friday,1,0,0,random_or_none,2,cold,0.686,260,0,0,0,0,0,0,0,normal,0,99,71
1/24/2025 10:00,99,4,Friday,1,0,0,random_or_none,2,cold,0.389,260,0,0,0,0,0,0,0,normal,0,107,81
1/24/2025 11:00,107,4,Friday,1,0,0,random_or_none,2,cold,0.825,260,0,0,0,0,0,0,0,extreme_weather,2,113,84
1/24/2025 12:00,113,4,Friday,1,0,0,random_or_none,2,cold,0.859,260,0,0,0,0,0,0,0,extreme_weather,2,122,93
1/24/2025 13:00,122,4,Friday,1,0,0,random_or_none,2,cold,0.535,260,0,0,0,0,0,0,0,normal,0,121,100
1/24/2025 14:00,121,4,Friday,1,0,0,random_or_none,2,cold,0.569,260,0,0,0,0,0,0,0,normal,0,121,109
1/24/2025 15:00,121,4,Friday,1,0,0,random_or_none,5,windy,0.223,260,0,0,0,0,0,0,0,normal,0,120,114
1/24/2025 16:00,120,4,Friday,1,0,0,random_or_none,0,sunny,0.145,260,0,0,0,0,0,0,0,normal,0,124,105
1/24/2025 17:00,124,4,Friday,1,0,0,random_or_none,2,cold,0.737,260,0,0,0,0,0,0,0,normal,0,119,110
1/24/2025 18:00,119,4,Friday,1,0,0,random_or_none,0,sunny,0.2,260,0,0,0,0,0,0,0,normal,0,118,108
1/24/2025 19:00,118,4,Friday,1,0,0,random_or_none,0,sunny,0.012,260,0,0,0,0,0,0,0,normal,0,120,139
1/24/2025 20:00,120,4,Friday,1,0,0,random_or_none,1,rainy,0.805,260,0,0,0,0,0,0,0,extreme_weather,2,105,115
1/24/2025 21:00,105,4,Friday,1,0,0,random_or_none,0,sunny,0.059,260,0,0,0,0,0,0,0,normal,0,98,103
1/24/2025 22:00,98,4,Friday,1,0,0,random_or_none,2,cold,0.244,260,0,0,0,0,0,0,0,normal,0,96,93
1/24/2025 23:00,96,4,Friday,1,0,0,random_or_none,2,cold,0.694,260,0,0,0,0,0,0,0,normal,0,67,78
1/25/2025 0:00,67,5,Saturday,1,1,0,random_or_none,0,sunny,0.03,260,0,0,0,0,0,0,0,normal,0,62,62
1/25/2025 1:00,62,5,Saturday,1,1,0,random_or_none,1,rainy,0.936,260,0,0,0,0,0,0,0,extreme_weather,2,56,61
1/25/2025 2:00,56,5,Saturday,1,1,0,random_or_none,1,rainy,0.842,260,0,0,0,0,0,0,0,extreme_weather,2,52,70
1/25/2025 3:00,52,5,Saturday,1,1,0,random_or_none,4,dusty,0.275,260,0,0,0,0,0,0,0,normal,0,59,64
1/25/2025 4:00,59,5,Saturday,1,1,0,random_or_none,5,windy,0.739,260,0,0,0,0,0,0,0,normal,0,55,59
1/25/2025 5:00,55,5,Saturday,1,1,0,random_or_none,2,cold,0.777,260,0,0,0,0,0,0,0,extreme_weather,2,57,60
1/25/2025 6:00,57,5,Saturday,1,1,0,random_or_none,2,cold,0.595,260,0,0,0,0,0,0,0,normal,0,62,69
1/25/2025 7:00,62,5,Saturday,1,1,0,random_or_none,0,sunny,0.242,260,0,0,0,0,0,0,0,normal,0,71,68
1/25/2025 8:00,71,5,Saturday,1,1,0,random_or_none,1,rainy,0.471,260,0,0,0,0,0,0,0,normal,0,71,74
1/25/2025 9:00,71,5,Saturday,1,1,0,random_or_none,0,sunny,0.3,260,0,0,0,0,0,0,0,normal,0,81,76
1/25/2025 10:00,81,5,Saturday,1,1,0,random_or_none,4,dusty,0.371,260,0,0,0,0,0,0,0,normal,0,84,77
1/25/2025 11:00,84,5,Saturday,1,1,0,random_or_none,2,cold,0.837,260,0,0,0,0,0,0,0,extreme_weather,2,93,85
1/25/2025 12:00,93,5,Saturday,1,1,0,random_or_none,1,rainy,0.992,260,0,0,0,0,0,0,0,extreme_weather,2,100,87
1/25/2025 13:00,100,5,Saturday,1,1,0,random_or_none,2,cold,0.803,260,0,0,0,0,0,0,0,extreme_weather,2,109,96
1/25/2025 14:00,109,5,Saturday,1,1,0,random_or_none,2,cold,0.864,260,0,0,0,0,0,0,0,extreme_weather,2,114,98
1/25/2025 15:00,114,5,Saturday,1,1,0,random_or_none,2,cold,0.248,260,0,0,0,0,0,0,0,normal,0,105,102
1/25/2025 16:00,105,5,Saturday,1,1,0,random_or_none,2,cold,0.405,260,0,0,0,0,0,0,0,normal,0,110,110
1/25/2025 17:00,110,5,Saturday,1,1,0,random_or_none,5,windy,0.331,260,0,0,0,0,0,0,0,normal,0,108,113
1/25/2025 18:00,108,5,Saturday,1,1,0,random_or_none,1,rainy,1,260,0,0,0,0,0,0,0,extreme_weather,2,139,111
1/25/2025 19:00,139,5,Saturday,1,1,0,random_or_none,2,cold,0.837,260,0,1,60.8,0,0,0,0,emergency_spike,5,115,103
1/25/2025 20:00,115,5,Saturday,1,1,0,random_or_none,0,sunny,0.273,260,0,0,0,0,0,0,0,normal,0,103,95
1/25/2025 21:00,103,5,Saturday,1,1,0,random_or_none,2,cold,0.766,260,0,0,0,0,0,0,0,extreme_weather,2,93,87
1/25/2025 22:00,93,5,Saturday,1,1,0,random_or_none,4,dusty,0.712,260,0,0,0,0,0,0,0,normal,0,78,77
1/25/2025 23:00,78,5,Saturday,1,1,0,random_or_none,0,sunny,0.078,260,0,0,0,0,0,0,0,normal,0,62,69
1/26/2025 0:00,62,6,Sunday,1,1,0,random_or_none,0,sunny,0.249,260,0,0,0,0,0,0,0,normal,0,61,77
1/26/2025 1:00,61,6,Sunday,1,1,0,random_or_none,0,sunny,0.161,260,0,0,0,0,0,0,0,normal,0,70,75
1/26/2025 2:00,70,6,Sunday,1,1,0,random_or_none,2,cold,0.684,260,0,0,0,0,0,0,0,normal,0,64,91
1/26/2025 3:00,64,6,Sunday,1,1,0,random_or_none,4,dusty,0.83,260,0,0,0,0,0,0,0,extreme_weather,2,59,75
1/26/2025 4:00,59,6,Sunday,1,1,0,random_or_none,1,rainy,0.529,260,0,0,0,0,0,0,0,normal,0,60,78
1/26/2025 5:00,60,6,Sunday,1,1,0,random_or_none,2,cold,0.506,260,0,0,0,0,0,0,0,normal,0,69,78
1/26/2025 6:00,69,6,Sunday,1,1,0,random_or_none,1,rainy,0.428,260,0,0,0,0,0,0,0,normal,0,68,86
1/26/2025 7:00,68,6,Sunday,1,1,0,random_or_none,0,sunny,0.141,260,0,0,0,0,0,0,0,normal,0,74,91
1/26/2025 8:00,74,6,Sunday,1,1,0,random_or_none,2,cold,0.294,260,0,0,0,0,0,0,0,normal,0,76,143
1/26/2025 9:00,76,6,Sunday,1,1,0,random_or_none,5,windy,0.587,260,0,0,0,0,0,0,0,normal,0,77,129
1/26/2025 10:00,77,6,Sunday,1,1,0,random_or_none,0,sunny,0.12,260,0,0,0,0,0,0,0,normal,0,85,122
1/26/2025 11:00,85,6,Sunday,1,1,0,random_or_none,1,rainy,1,260,0,0,0,0,0,0,0,extreme_weather,2,87,117
1/26/2025 12:00,87,6,Sunday,1,1,0,random_or_none,2,cold,0.777,260,0,0,0,0,0,0,0,extreme_weather,2,96,120
1/26/2025 13:00,96,6,Sunday,1,1,0,random_or_none,5,windy,0.569,260,0,0,0,0,0,0,0,normal,0,98,127
1/26/2025 14:00,98,6,Sunday,1,1,0,random_or_none,0,sunny,0.315,260,0,0,0,0,0,0,0,normal,0,102,125
1/26/2025 15:00,102,6,Sunday,1,1,0,random_or_none,0,sunny,0.147,260,0,0,0,0,0,0,0,normal,0,110,127
1/26/2025 16:00,110,6,Sunday,1,1,0,random_or_none,2,cold,0.709,260,0,0,0,0,0,0,0,normal,0,113,126
1/26/2025 17:00,113,6,Sunday,1,1,0,random_or_none,1,rainy,0.767,260,0,0,0,0,0,0,0,extreme_weather,2,111,130
1/26/2025 18:00,111,6,Sunday,1,1,0,random_or_none,2,cold,0.79,260,0,0,0,0,0,0,0,extreme_weather,2,103,131
1/26/2025 19:00,103,6,Sunday,1,1,0,random_or_none,3,hot,0.424,260,0,0,0,0,0,0,0,normal,0,95,132
1/26/2025 20:00,95,6,Sunday,1,1,0,random_or_none,0,sunny,0.345,260,0,0,0,0,0,0,0,normal,0,87,113
1/26/2025 21:00,87,6,Sunday,1,1,0,random_or_none,2,cold,0.597,260,0,0,0,0,0,0,0,normal,0,77,109
1/26/2025 22:00,77,6,Sunday,1,1,0,random_or_none,2,cold,0.57,260,0,0,0,0,0,0,0,normal,0,69,95
1/26/2025 23:00,69,6,Sunday,1,1,0,random_or_none,5,windy,0.735,260,0,0,0,0,0,0,0,normal,0,77,110
1/27/2025 0:00,77,0,Monday,1,0,0,random_or_none,1,rainy,0.608,260,0,0,0,0,0,0,0,normal,0,75,93
1/27/2025 1:00,75,0,Monday,1,0,0,random_or_none,5,windy,0.863,260,0,0,0,0,0,0,0,extreme_weather,2,91,87
1/27/2025 2:00,91,0,Monday,1,0,0,random_or_none,5,windy,0.548,260,0,1,42.79,0,0,0,0,emergency_spike,5,75,75
1/27/2025 3:00,75,0,Monday,1,0,0,random_or_none,0,sunny,0.109,260,0,0,0,0,0,0,0,normal,0,78,74
1/27/2025 4:00,78,0,Monday,1,0,0,random_or_none,1,rainy,0.455,260,0,0,0,0,0,0,0,normal,0,78,64
1/27/2025 5:00,78,0,Monday,1,0,0,random_or_none,1,rainy,0.684,260,0,0,0,0,0,0,0,normal,0,86,72
1/27/2025 6:00,86,0,Monday,1,0,0,random_or_none,2,cold,1,260,0,0,0,0,0,0,0,extreme_weather,2,91,75
1/27/2025 7:00,91,0,Monday,1,0,0,random_or_none,0,sunny,0.007,260,0,0,0,0,0,0,0,normal,0,143,82
1/27/2025 8:00,143,0,Monday,1,0,0,random_or_none,3,hot,0.319,260,0,1,102.02,0,0,0,0,emergency_spike,5,129,87
1/27/2025 9:00,129,0,Monday,1,0,0,random_or_none,5,windy,0.431,260,0,0,0,0,0,0,0,normal,0,122,89
1/27/2025 10:00,122,0,Monday,1,0,0,random_or_none,5,windy,0.617,260,0,0,0,0,0,0,0,normal,0,117,97
1/27/2025 11:00,117,0,Monday,1,0,0,random_or_none,0,sunny,0.017,260,0,0,0,0,0,0,0,normal,0,120,103
1/27/2025 12:00,120,0,Monday,1,0,0,random_or_none,1,rainy,0.337,260,0,0,0,0,0,0,0,normal,0,127,167
1/27/2025 13:00,127,0,Monday,1,0,0,random_or_none,2,cold,0.531,260,0,0,0,0,0,0,0,normal,0,125,147
1/27/2025 14:00,125,0,Monday,1,0,0,random_or_none,1,rainy,0.823,260,0,0,0,0,0,0,0,extreme_weather,2,127,131
1/27/2025 15:00,127,0,Monday,1,0,0,random_or_none,2,cold,0.863,260,0,0,0,0,0,0,0,extreme_weather,2,126,133
1/27/2025 16:00,126,0,Monday,1,0,0,random_or_none,5,windy,0.774,260,0,0,0,0,0,0,0,extreme_weather,2,130,135
1/27/2025 17:00,130,0,Monday,1,0,0,random_or_none,2,cold,0.748,260,0,0,0,0,0,0,0,normal,0,131,131
1/27/2025 18:00,131,0,Monday,1,0,0,random_or_none,1,rainy,0.39,260,0,0,0,0,0,0,0,normal,0,132,124
1/27/2025 19:00,132,0,Monday,1,0,0,random_or_none,1,rainy,1,260,0,0,0,0,0,0,0,extreme_weather,2,113,120
1/27/2025 20:00,113,0,Monday,1,0,0,random_or_none,5,windy,0.829,260,0,0,0,0,0,0,0,extreme_weather,2,109,106
1/27/2025 21:00,109,0,Monday,1,0,0,random_or_none,2,cold,0.36,260,0,0,0,0,0,0,0,normal,0,95,98
1/27/2025 22:00,95,0,Monday,1,0,0,random_or_none,0,sunny,0.126,260,0,0,0,0,0,0,0,normal,0,110,90
1/27/2025 23:00,110,0,Monday,1,0,0,random_or_none,0,sunny,0.312,260,0,1,53.01,0,0,0,0,emergency_spike,5,93,85
1/28/2025 0:00,93,1,Tuesday,1,0,0,random_or_none,1,rainy,0.597,260,0,0,0,0,0,0,0,normal,0,87,77
1/28/2025 1:00,87,1,Tuesday,1,0,0,random_or_none,2,cold,0.474,260,0,0,0,0,0,0,0,normal,0,75,70
1/28/2025 2:00,75,1,Tuesday,1,0,0,random_or_none,1,rainy,0.972,260,0,0,0,0,0,0,0,extreme_weather,2,74,64
1/28/2025 3:00,74,1,Tuesday,1,0,0,random_or_none,2,cold,0.408,260,0,0,0,0,0,0,0,normal,0,64,62
1/28/2025 4:00,64,1,Tuesday,1,0,0,random_or_none,0,sunny,0.036,260,0,0,0,0,0,0,0,normal,0,72,65
1/28/2025 5:00,72,1,Tuesday,1,0,0,random_or_none,1,rainy,0.806,260,0,0,0,0,0,0,0,extreme_weather,2,75,72
1/28/2025 6:00,75,1,Tuesday,1,0,0,random_or_none,0,sunny,0.308,260,0,0,0,0,0,0,0,normal,0,82,78
1/28/2025 7:00,82,1,Tuesday,1,0,0,random_or_none,1,rainy,0.976,260,0,0,0,0,0,0,0,extreme_weather,2,87,86
1/28/2025 8:00,87,1,Tuesday,1,0,0,random_or_none,1,rainy,0.34,260,0,0,0,0,0,0,0,normal,0,89,90
1/28/2025 9:00,89,1,Tuesday,1,0,0,random_or_none,2,cold,1,260,0,0,0,0,0,0,0,extreme_weather,2,97,94
1/28/2025 10:00,97,1,Tuesday,1,0,0,random_or_none,5,windy,0.614,260,0,0,0,0,0,0,0,normal,0,103,93
1/28/2025 11:00,103,1,Tuesday,1,0,0,random_or_none,1,rainy,0.735,260,0,0,0,0,0,0,0,normal,0,167,101
1/28/2025 12:00,167,1,Tuesday,1,0,0,random_or_none,0,sunny,0.215,260,0,1,144.27,0,0,0,0,emergency_spike,5,147,113
1/28/2025 13:00,147,1,Tuesday,1,0,0,random_or_none,1,rainy,0.445,260,0,0,0,0,0,0,0,normal,0,131,121
1/28/2025 14:00,131,1,Tuesday,1,0,0,random_or_none,2,cold,0.485,260,0,0,0,0,0,0,0,normal,0,133,118
1/28/2025 15:00,133,1,Tuesday,1,0,0,random_or_none,2,cold,0.619,260,0,0,0,0,0,0,0,normal,0,135,116
1/28/2025 16:00,135,1,Tuesday,1,0,0,random_or_none,1,rainy,0.6,260,0,0,0,0,0,0,0,normal,0,131,158
1/28/2025 17:00,131,1,Tuesday,1,0,0,random_or_none,2,cold,0.736,260,0,0,0,0,0,0,0,normal,0,124,143
1/28/2025 18:00,124,1,Tuesday,1,0,0,random_or_none,4,dusty,0.678,260,0,0,0,0,0,0,0,normal,0,120,132
1/28/2025 19:00,120,1,Tuesday,1,0,0,random_or_none,1,rainy,0.596,260,0,0,0,0,0,0,0,normal,0,106,123
1/28/2025 20:00,106,1,Tuesday,1,0,0,random_or_none,0,sunny,0.116,260,0,0,0,0,0,0,0,normal,0,98,114
1/28/2025 21:00,98,1,Tuesday,1,0,0,random_or_none,2,cold,0.554,260,0,0,0,0,0,0,0,normal,0,90,109
1/28/2025 22:00,90,1,Tuesday,1,0,0,random_or_none,2,cold,0.561,260,0,0,0,0,0,0,0,normal,0,85,95
1/28/2025 23:00,85,1,Tuesday,1,0,0,random_or_none,2,cold,0.947,260,0,0,0,0,0,0,0,extreme_weather,2,77,79
1/29/2025 0:00,77,2,Wednesday,1,0,0,random_or_none,5,windy,0.457,260,0,0,0,0,0,0,0,normal,0,70,67
1/29/2025 1:00,70,2,Wednesday,1,0,0,random_or_none,0,sunny,0.075,260,0,0,0,0,0,0,0,normal,0,64,63
1/29/2025 2:00,64,2,Wednesday,1,0,0,random_or_none,2,cold,0.567,260,0,0,0,0,0,0,0,normal,0,62,64
1/29/2025 3:00,62,2,Wednesday,1,0,0,random_or_none,2,cold,0.937,260,0,0,0,0,0,0,0,extreme_weather,2,65,67
1/29/2025 4:00,65,2,Wednesday,1,0,0,random_or_none,1,rainy,0.972,260,0,0,0,0,0,0,0,extreme_weather,2,72,67
1/29/2025 5:00,72,2,Wednesday,1,0,0,random_or_none,1,rainy,1,260,0,0,0,0,0,0,0,extreme_weather,2,78,73
1/29/2025 6:00,78,2,Wednesday,1,0,0,random_or_none,5,windy,0.28,260,0,0,0,0,0,0,0,normal,0,86,77
1/29/2025 7:00,86,2,Wednesday,1,0,0,random_or_none,1,rainy,0.59,260,0,0,0,0,0,0,0,normal,0,90,87
1/29/2025 8:00,90,2,Wednesday,1,0,0,random_or_none,1,rainy,0.791,260,0,0,0,0,0,0,0,extreme_weather,2,94,89
1/29/2025 9:00,94,2,Wednesday,1,0,0,random_or_none,0,sunny,0.048,260,0,0,0,0,0,0,0,normal,0,93,98
1/29/2025 10:00,93,2,Wednesday,1,0,0,random_or_none,0,sunny,0.179,260,0,0,0,0,0,0,0,normal,0,101,97
1/29/2025 11:00,101,2,Wednesday,1,0,0,random_or_none,5,windy,0.565,260,0,0,0,0,0,0,0,normal,0,113,105
1/29/2025 12:00,113,2,Wednesday,1,0,0,random_or_none,2,cold,0.839,260,0,0,0,0,0,0,0,extreme_weather,2,121,110
1/29/2025 13:00,121,2,Wednesday,1,0,0,random_or_none,4,dusty,0.333,260,0,0,0,0,0,0,0,normal,0,118,112
1/29/2025 14:00,118,2,Wednesday,1,0,0,random_or_none,1,rainy,0.882,260,0,0,0,0,0,0,0,extreme_weather,2,116,171
1/29/2025 15:00,116,2,Wednesday,1,0,0,random_or_none,5,windy,0.656,260,0,0,0,0,0,0,0,normal,0,158,147
1/29/2025 16:00,158,2,Wednesday,1,0,0,random_or_none,1,rainy,0.965,260,0,1,77.49,0,0,0,0,emergency_spike,5,143,136
1/29/2025 17:00,143,2,Wednesday,1,0,0,random_or_none,2,cold,0.518,260,0,0,0,0,0,0,0,normal,0,132,126
1/29/2025 18:00,132,2,Wednesday,1,0,0,random_or_none,5,windy,0.26,260,0,0,0,0,0,0,0,normal,0,123,127
1/29/2025 19:00,123,2,Wednesday,1,0,0,random_or_none,1,rainy,0.555,260,0,0,0,0,0,0,0,normal,0,114,114
1/29/2025 20:00,114,2,Wednesday,1,0,0,random_or_none,1,rainy,0.683,260,0,0,0,0,0,0,0,normal,0,109,112
1/29/2025 21:00,109,2,Wednesday,1,0,0,random_or_none,5,windy,0.672,260,0,0,0,0,0,0,0,normal,0,95,104
1/29/2025 22:00,95,2,Wednesday,1,0,0,random_or_none,2,cold,0.549,260,0,0,0,0,0,0,0,normal,0,79,90
1/29/2025 23:00,79,2,Wednesday,1,0,0,random_or_none,2,cold,0.788,260,0,0,0,0,0,0,0,extreme_weather,2,67,85
1/30/2025 0:00,67,3,Thursday,1,0,0,random_or_none,0,sunny,0.155,260,0,0,0,0,0,0,0,normal,0,63,77
1/30/2025 1:00,63,3,Thursday,1,0,0,random_or_none,2,cold,0.752,260,0,0,0,0,0,0,0,extreme_weather,2,64,77
1/30/2025 2:00,64,3,Thursday,1,0,0,random_or_none,5,windy,0.295,260,0,0,0,0,0,0,0,normal,0,67,71
1/30/2025 3:00,67,3,Thursday,1,0,0,random_or_none,4,dusty,0.751,260,0,0,0,0,0,0,0,extreme_weather,2,67,71
1/30/2025 4:00,67,3,Thursday,1,0,0,random_or_none,2,cold,0.449,260,0,0,0,0,0,0,0,normal,0,73,79
1/30/2025 5:00,73,3,Thursday,1,0,0,random_or_none,1,rainy,0.956,260,0,0,0,0,0,0,0,extreme_weather,2,77,80
1/30/2025 6:00,77,3,Thursday,1,0,0,random_or_none,1,rainy,0.913,260,0,0,0,0,0,0,0,extreme_weather,2,87,78
1/30/2025 7:00,87,3,Thursday,1,0,0,random_or_none,1,rainy,0.364,260,0,0,0,0,0,0,0,normal,0,89,83
1/30/2025 8:00,89,3,Thursday,1,0,0,random_or_none,0,sunny,0.182,260,0,0,0,0,0,0,0,normal,0,98,87
1/30/2025 9:00,98,3,Thursday,1,0,0,random_or_none,2,cold,0.595,260,0,0,0,0,0,0,0,normal,0,97,98
1/30/2025 10:00,97,3,Thursday,1,0,0,random_or_none,2,cold,0.563,260,0,0,0,0,0,0,0,normal,0,105,104
1/30/2025 11:00,105,3,Thursday,1,0,0,random_or_none,5,windy,0.637,260,0,0,0,0,0,0,0,normal,0,110,108
1/30/2025 12:00,110,3,Thursday,1,0,0,random_or_none,2,cold,0.477,260,0,0,0,0,0,0,0,normal,0,112,110
1/30/2025 13:00,112,3,Thursday,1,0,0,random_or_none,0,sunny,0.133,260,0,0,0,0,0,0,0,normal,0,171,118
1/30/2025 14:00,171,3,Thursday,1,0,0,random_or_none,2,cold,0.501,260,0,1,120.51,0,0,0,0,emergency_spike,5,147,127
1/30/2025 15:00,147,3,Thursday,1,0,0,random_or_none,1,rainy,0.634,260,0,0,0,0,0,0,0,normal,0,136,118
1/30/2025 16:00,136,3,Thursday,1,0,0,random_or_none,2,cold,0.276,260,0,0,0,0,0,0,0,normal,0,126,120
1/30/2025 17:00,126,3,Thursday,1,0,0,random_or_none,1,rainy,0.463,260,0,0,0,0,0,0,0,normal,0,127,129
1/30/2025 18:00,127,3,Thursday,1,0,0,random_or_none,5,windy,0.777,260,0,0,0,0,0,0,0,extreme_weather,2,114,127
1/30/2025 19:00,114,3,Thursday,1,0,0,random_or_none,5,windy,0.476,260,0,0,0,0,0,0,0,normal,0,112,121
1/30/2025 20:00,112,3,Thursday,1,0,0,random_or_none,2,cold,0.718,260,0,0,0,0,0,0,0,normal,0,104,114
1/30/2025 21:00,104,3,Thursday,1,0,0,random_or_none,2,cold,0.399,260,0,0,0,0,0,0,0,normal,0,90,101
1/30/2025 22:00,90,3,Thursday,1,0,0,random_or_none,0,sunny,0.143,260,0,0,0,0,0,0,0,normal,0,85,99
1/30/2025 23:00,85,3,Thursday,1,0,0,random_or_none,2,cold,0.29,260,0,0,0,0,0,0,0,normal,0,77,89
1/31/2025 0:00,77,4,Friday,1,0,0,random_or_none,2,cold,0.766,260,0,0,0,0,0,0,0,extreme_weather,2,77,78
1/31/2025 1:00,77,4,Friday,1,0,0,random_or_none,2,cold,0.805,260,0,0,0,0,0,0,0,extreme_weather,2,71,72
1/31/2025 2:00,71,4,Friday,1,0,0,random_or_none,0,sunny,0.133,260,0,0,0,0,0,0,0,normal,0,71,59
1/31/2025 3:00,71,4,Friday,1,0,0,random_or_none,2,cold,0.88,260,0,0,0,0,0,0,0,extreme_weather,2,79,53
1/31/2025 4:00,79,4,Friday,1,0,0,random_or_none,2,cold,0.72,260,0,0,0,0,0,0,0,normal,0,80,53
1/31/2025 5:00,80,4,Friday,1,0,0,random_or_none,1,rainy,0.968,260,0,0,0,0,0,0,0,extreme_weather,2,78,62
1/31/2025 6:00,78,4,Friday,1,0,0,random_or_none,2,cold,0.317,260,0,0,0,0,0,0,0,normal,0,83,163
1/31/2025 7:00,83,4,Friday,1,0,0,random_or_none,2,cold,0.865,260,0,0,0,0,0,0,0,extreme_weather,2,87,131
1/31/2025 8:00,87,4,Friday,1,0,0,random_or_none,0,sunny,0.298,260,0,0,0,0,0,0,0,normal,0,98,112
1/31/2025 9:00,98,4,Friday,1,0,0,random_or_none,2,cold,0.387,260,0,0,0,0,0,0,0,normal,0,104,103
1/31/2025 10:00,104,4,Friday,1,0,0,random_or_none,2,cold,0.912,260,0,0,0,0,0,0,0,extreme_weather,2,108,98
1/31/2025 11:00,108,4,Friday,1,0,0,random_or_none,1,rainy,0.43,260,0,0,0,0,0,0,0,normal,0,110,97
1/31/2025 12:00,110,4,Friday,1,0,0,random_or_none,0,sunny,0.125,260,0,0,0,0,0,0,0,normal,0,118,97
1/31/2025 13:00,118,4,Friday,1,0,0,random_or_none,2,cold,0.418,260,0,0,0,0,0,0,0,normal,0,127,101
1/31/2025 14:00,127,4,Friday,1,0,0,random_or_none,1,rainy,0.778,260,0,0,0,0,0,0,0,extreme_weather,2,118,107
1/31/2025 15:00,118,4,Friday,1,0,0,random_or_none,2,cold,0.553,260,0,0,0,0,0,0,0,normal,0,120,112
1/31/2025 16:00,120,4,Friday,1,0,0,random_or_none,1,rainy,0.475,260,0,0,0,0,0,0,0,normal,0,129,114
1/31/2025 17:00,129,4,Friday,1,0,0,random_or_none,1,rainy,0.893,260,0,0,0,0,0,0,0,extreme_weather,2,127,114
1/31/2025 18:00,127,4,Friday,1,0,0,random_or_none,1,rainy,0.308,260,0,0,0,0,0,0,0,normal,0,121,114
1/31/2025 19:00,121,4,Friday,1,0,0,random_or_none,5,windy,0.62,260,0,0,0,0,0,0,0,normal,0,114,117
1/31/2025 20:00,114,4,Friday,1,0,0,random_or_none,0,sunny,0.297,260,0,0,0,0,0,0,0,normal,0,101,107
1/31/2025 21:00,101,4,Friday,1,0,0,random_or_none,5,windy,0.31,260,0,0,0,0,0,0,0,normal,0,99,99
1/31/2025 22:00,99,4,Friday,1,0,0,random_or_none,2,cold,0.951,260,0,0,0,0,0,0,0,extreme_weather,2,89,148
1/31/2025 23:00,89,4,Friday,1,0,0,random_or_none,0,sunny,0.206,260,0,0,0,0,0,0,0,normal,0,78,106
2/1/2025 0:00,78,5,Saturday,2,1,0,random_or_none,2,cold,0.589,260,0,0,0,0,0,0,0,normal,0,72,75
2/1/2025 1:00,72,5,Saturday,2,1,0,random_or_none,4,dusty,0.936,260,0,0,0,0,0,0,0,extreme_weather,2,59,66
2/1/2025 2:00,59,5,Saturday,2,1,0,random_or_none,5,windy,0.255,260,0,0,0,0,0,0,0,normal,0,53,56
2/1/2025 3:00,53,5,Saturday,2,1,0,random_or_none,0,sunny,0.051,260,0,0,0,0,0,0,0,normal,0,53,58
2/1/2025 4:00,53,5,Saturday,2,1,0,random_or_none,0,sunny,0.014,260,0,0,0,0,0,0,0,normal,0,62,67
2/1/2025 5:00,62,5,Saturday,2,1,0,random_or_none,2,cold,0.779,260,0,0,0,0,0,0,0,extreme_weather,2,163,63
2/1/2025 6:00,163,5,Saturday,2,1,0,random_or_none,2,cold,1,260,0,1,194.87,0,0,0,0,emergency_spike,5,131,59
2/1/2025 7:00,131,5,Saturday,2,1,0,random_or_none,1,rainy,0.53,260,0,0,0,0,0,0,0,normal,0,112,66
2/1/2025 8:00,112,5,Saturday,2,1,0,random_or_none,1,rainy,0.558,260,0,0,0,0,0,0,0,normal,0,103,73
2/1/2025 9:00,103,5,Saturday,2,1,0,random_or_none,2,cold,0.963,260,0,0,0,0,0,0,0,extreme_weather,2,98,83
2/1/2025 10:00,98,5,Saturday,2,1,0,random_or_none,0,sunny,0.121,260,0,0,0,0,0,0,0,normal,0,97,93
2/1/2025 11:00,97,5,Saturday,2,1,0,random_or_none,0,sunny,0.154,260,0,0,0,0,0,0,0,normal,0,97,102
2/1/2025 12:00,97,5,Saturday,2,1,0,random_or_none,1,rainy,0.447,260,0,0,0,0,0,0,0,normal,0,101,103
2/1/2025 13:00,101,5,Saturday,2,1,0,random_or_none,1,rainy,0.581,260,0,0,0,0,0,0,0,normal,0,107,104
2/1/2025 14:00,107,5,Saturday,2,1,0,random_or_none,1,rainy,0.672,260,0,0,0,0,0,0,0,normal,0,112,102
2/1/2025 15:00,112,5,Saturday,2,1,0,random_or_none,2,cold,0.664,260,0,0,0,0,0,0,0,normal,0,114,103
2/1/2025 16:00,114,5,Saturday,2,1,0,random_or_none,0,sunny,0.051,260,0,0,0,0,0,0,0,normal,0,114,109
2/1/2025 17:00,114,5,Saturday,2,1,0,random_or_none,2,cold,1,260,0,0,0,0,0,0,0,extreme_weather,2,114,106
2/1/2025 18:00,114,5,Saturday,2,1,0,random_or_none,5,windy,0.766,260,0,0,0,0,0,0,0,extreme_weather,2,117,109
2/1/2025 19:00,117,5,Saturday,2,1,0,random_or_none,1,rainy,0.618,260,0,0,0,0,0,0,0,normal,0,107,104
2/1/2025 20:00,107,5,Saturday,2,1,0,random_or_none,2,cold,0.752,260,0,0,0,0,0,0,0,extreme_weather,2,99,104
2/1/2025 21:00,99,5,Saturday,2,1,0,random_or_none,5,windy,0.842,260,0,0,0,0,0,0,0,extreme_weather,2,148,95
2/1/2025 22:00,148,5,Saturday,2,1,0,random_or_none,2,cold,0.503,260,0,1,121.64,0,0,0,0,emergency_spike,5,106,90
2/1/2025 23:00,106,5,Saturday,2,1,0,random_or_none,0,sunny,0.212,260,0,0,0,0,0,0,0,normal,0,75,79
2/2/2025 0:00,75,6,Sunday,2,1,0,random_or_none,0,sunny,0.21,260,0,0,0,0,0,0,0,normal,0,66,72
2/2/2025 1:00,66,6,Sunday,2,1,0,random_or_none,2,cold,0.83,260,0,0,0,0,0,0,0,extreme_weather,2,56,74
2/2/2025 2:00,56,6,Sunday,2,1,0,random_or_none,2,cold,1,260,0,0,0,0,0,0,0,extreme_weather,2,58,78
2/2/2025 3:00,58,6,Sunday,2,1,0,random_or_none,5,windy,0.472,260,0,0,0,0,0,0,0,normal,0,67,79
2/2/2025 4:00,67,6,Sunday,2,1,0,random_or_none,1,rainy,0.868,260,0,0,0,0,0,0,0,extreme_weather,2,63,79
2/2/2025 5:00,63,6,Sunday,2,1,0,random_or_none,1,rainy,0.579,260,0,0,0,0,0,0,0,normal,0,59,79
2/2/2025 6:00,59,6,Sunday,2,1,0,random_or_none,0,sunny,0.029,260,0,0,0,0,0,0,0,normal,0,66,87
2/2/2025 7:00,66,6,Sunday,2,1,0,random_or_none,2,cold,0.759,260,0,0,0,0,0,0,0,extreme_weather,2,73,87
2/2/2025 8:00,73,6,Sunday,2,1,0,random_or_none,1,rainy,0.531,260,0,0,0,0,0,0,0,normal,0,83,91
2/2/2025 9:00,83,6,Sunday,2,1,0,random_or_none,1,rainy,0.707,260,0,0,0,0,0,0,0,normal,0,93,102
2/2/2025 10:00,93,6,Sunday,2,1,0,random_or_none,1,rainy,0.838,260,0,0,0,0,0,0,0,extreme_weather,2,102,111
2/2/2025 11:00,102,6,Sunday,2,1,0,random_or_none,1,rainy,0.427,260,0,0,0,0,0,0,0,normal,0,103,119
2/2/2025 12:00,103,6,Sunday,2,1,0,random_or_none,3,hot,0.612,260,0,0,0,0,0,0,0,normal,0,104,119
2/2/2025 13:00,104,6,Sunday,2,1,0,random_or_none,0,sunny,0.042,260,0,0,0,0,0,0,0,normal,0,102,126
2/2/2025 14:00,102,6,Sunday,2,1,0,random_or_none,5,windy,0.862,260,0,0,0,0,0,0,0,extreme_weather,2,103,134
2/2/2025 15:00,103,6,Sunday,2,1,0,random_or_none,0,sunny,0.215,260,0,0,0,0,0,0,0,normal,0,109,134
2/2/2025 16:00,109,6,Sunday,2,1,0,random_or_none,2,cold,0.587,260,0,0,0,0,0,0,0,normal,0,106,131
2/2/2025 17:00,106,6,Sunday,2,1,0,random_or_none,1,rainy,0.31,260,0,0,0,0,0,0,0,normal,0,109,131
2/2/2025 18:00,109,6,Sunday,2,1,0,random_or_none,1,rainy,0.919,260,0,0,0,0,0,0,0,extreme_weather,2,104,121
2/2/2025 19:00,104,6,Sunday,2,1,0,random_or_none,4,dusty,0.243,260,0,0,0,0,0,0,0,normal,0,104,126
2/2/2025 20:00,104,6,Sunday,2,1,0,random_or_none,2,cold,0.572,260,0,0,0,0,0,0,0,normal,0,95,127
2/2/2025 21:00,95,6,Sunday,2,1,0,random_or_none,2,cold,0.865,260,0,0,0,0,0,0,0,extreme_weather,2,90,116
2/2/2025 22:00,90,6,Sunday,2,1,0,random_or_none,1,rainy,0.793,260,0,0,0,0,0,0,0,extreme_weather,2,79,105
2/2/2025 23:00,79,6,Sunday,2,1,0,random_or_none,2,cold,0.6,260,0,0,0,0,0,0,0,normal,0,72,100
2/3/2025 0:00,72,0,Monday,2,0,0,random_or_none,2,cold,0.317,260,0,0,0,0,0,0,0,normal,0,74,86
2/3/2025 1:00,74,0,Monday,2,0,0,random_or_none,1,rainy,0.718,260,0,0,0,0,0,0,0,normal,0,78,74
2/3/2025 2:00,78,0,Monday,2,0,0,random_or_none,2,cold,0.991,260,0,0,0,0,0,0,0,extreme_weather,2,79,69
2/3/2025 3:00,79,0,Monday,2,0,0,random_or_none,1,rainy,0.722,260,0,0,0,0,0,0,0,normal,0,79,66
2/3/2025 4:00,79,0,Monday,2,0,0,random_or_none,2,cold,0.624,260,0,0,0,0,0,0,0,normal,0,79,72
2/3/2025 5:00,79,0,Monday,2,0,0,random_or_none,1,rainy,0.574,260,0,0,0,0,0,0,0,normal,0,87,81
2/3/2025 6:00,87,0,Monday,2,0,0,random_or_none,2,cold,0.884,260,0,0,0,0,0,0,0,extreme_weather,2,87,84
2/3/2025 7:00,87,0,Monday,2,0,0,random_or_none,2,cold,0.605,260,0,0,0,0,0,0,0,normal,0,91,94
2/3/2025 8:00,91,0,Monday,2,0,0,random_or_none,5,windy,0.75,260,0,0,0,0,0,0,0,extreme_weather,2,102,95
2/3/2025 9:00,102,0,Monday,2,0,0,random_or_none,5,windy,0.348,260,0,0,0,0,0,0,0,normal,0,111,97
2/3/2025 10:00,111,0,Monday,2,0,0,random_or_none,2,cold,0.813,260,0,0,0,0,0,0,0,extreme_weather,2,119,105
2/3/2025 11:00,119,0,Monday,2,0,0,random_or_none,2,cold,0.658,260,0,0,0,0,0,0,0,normal,0,119,105
2/3/2025 12:00,119,0,Monday,2,0,0,random_or_none,0,sunny,0.067,260,0,0,0,0,0,0,0,normal,0,126,103
2/3/2025 13:00,126,0,Monday,2,0,0,random_or_none,2,cold,0.497,260,0,0,0,0,0,0,0,normal,0,134,118
2/3/2025 14:00,134,0,Monday,2,0,0,random_or_none,2,cold,0.802,260,0,0,0,0,0,0,0,extreme_weather,2,134,127
2/3/2025 15:00,134,0,Monday,2,0,0,random_or_none,2,cold,0.987,260,0,0,0,0,0,0,0,extreme_weather,2,131,121
2/3/2025 16:00,131,0,Monday,2,0,0,random_or_none,2,cold,0.571,260,0,0,0,0,0,0,0,normal,0,131,126
2/3/2025 17:00,131,0,Monday,2,0,0,random_or_none,2,cold,0.85,260,0,0,0,0,0,0,0,extreme_weather,2,121,130
2/3/2025 18:00,121,0,Monday,2,0,0,random_or_none,5,windy,0.246,260,0,0,0,0,0,0,0,normal,0,126,133
2/3/2025 19:00,126,0,Monday,2,0,0,random_or_none,2,cold,0.59,260,0,0,0,0,0,0,0,normal,0,127,133
2/3/2025 20:00,127,0,Monday,2,0,0,random_or_none,1,rainy,0.374,260,0,0,0,0,0,0,0,normal,0,116,125
2/3/2025 21:00,116,0,Monday,2,0,0,random_or_none,2,cold,0.33,260,0,0,0,0,0,0,0,normal,0,105,158
2/3/2025 22:00,105,0,Monday,2,0,0,random_or_none,2,cold,0.438,260,0,0,0,0,0,0,0,normal,0,100,131
2/3/2025 23:00,100,0,Monday,2,0,0,random_or_none,1,rainy,0.648,260,0,0,0,0,0,0,0,normal,0,86,104
2/4/2025 0:00,86,1,Tuesday,2,0,0,random_or_none,2,cold,0.624,260,0,0,0,0,0,0,0,normal,0,74,88
2/4/2025 1:00,74,1,Tuesday,2,0,0,random_or_none,5,windy,0.753,260,0,0,0,0,0,0,0,extreme_weather,2,69,86
2/4/2025 2:00,69,1,Tuesday,2,0,0,random_or_none,0,sunny,0.069,260,0,0,0,0,0,0,0,normal,0,66,83
2/4/2025 3:00,66,1,Tuesday,2,0,0,random_or_none,2,cold,0.536,260,0,0,0,0,0,0,0,normal,0,72,76
2/4/2025 4:00,72,1,Tuesday,2,0,0,random_or_none,1,rainy,0.675,260,0,0,0,0,0,0,0,normal,0,81,76
2/4/2025 5:00,81,1,Tuesday,2,0,0,random_or_none,2,cold,0.299,260,0,0,0,0,0,0,0,normal,0,84,83
2/4/2025 6:00,84,1,Tuesday,2,0,0,random_or_none,2,cold,0.844,260,0,0,0,0,0,0,0,extreme_weather,2,94,84
2/4/2025 7:00,94,1,Tuesday,2,0,0,random_or_none,1,rainy,0.9,260,0,0,0,0,0,0,0,extreme_weather,2,95,96
2/4/2025 8:00,95,1,Tuesday,2,0,0,random_or_none,2,cold,0.801,260,0,0,0,0,0,0,0,extreme_weather,2,97,98
2/4/2025 9:00,97,1,Tuesday,2,0,0,random_or_none,4,dusty,0.413,260,0,0,0,0,0,0,0,normal,0,105,101
2/4/2025 10:00,105,1,Tuesday,2,0,0,random_or_none,1,rainy,0.887,260,0,0,0,0,0,0,0,extreme_weather,2,105,99
2/4/2025 11:00,105,1,Tuesday,2,0,0,random_or_none,0,sunny,0.304,260,0,0,0,0,0,0,0,normal,0,103,110
2/4/2025 12:00,103,1,Tuesday,2,0,0,random_or_none,0,sunny,0.148,260,0,0,0,0,0,0,0,normal,0,118,117
2/4/2025 13:00,118,1,Tuesday,2,0,0,random_or_none,2,cold,0.505,260,0,0,0,0,0,0,0,normal,0,127,120
2/4/2025 14:00,127,1,Tuesday,2,0,0,random_or_none,5,windy,0.604,260,0,0,0,0,0,0,0,normal,0,121,123
2/4/2025 15:00,121,1,Tuesday,2,0,0,random_or_none,0,sunny,0.262,260,0,0,0,0,0,0,0,normal,0,126,126
2/4/2025 16:00,126,1,Tuesday,2,0,0,random_or_none,1,rainy,0.462,260,0,0,0,0,0,0,0,normal,0,130,128
2/4/2025 17:00,130,1,Tuesday,2,0,0,random_or_none,5,windy,0.712,260,0,0,0,0,0,0,0,normal,0,133,133
2/4/2025 18:00,133,1,Tuesday,2,0,0,random_or_none,2,cold,0.412,260,0,0,0,0,0,0,0,normal,0,133,132
2/4/2025 19:00,133,1,Tuesday,2,0,0,random_or_none,1,rainy,1,260,0,0,0,0,0,0,0,extreme_weather,2,125,132
2/4/2025 20:00,125,1,Tuesday,2,0,0,random_or_none,2,cold,0.957,260,0,0,0,0,0,0,0,extreme_weather,2,158,125
2/4/2025 21:00,158,1,Tuesday,2,0,0,random_or_none,2,cold,0.621,260,0,1,104.6,0,0,0,0,emergency_spike,5,131,108
2/4/2025 22:00,131,1,Tuesday,2,0,0,random_or_none,0,sunny,0.302,260,0,0,0,0,0,0,0,normal,0,104,99
2/4/2025 23:00,104,1,Tuesday,2,0,0,random_or_none,1,rainy,0.45,260,0,0,0,0,0,0,0,normal,0,88,97
2/5/2025 0:00,88,2,Wednesday,2,0,0,random_or_none,1,rainy,0.678,260,0,0,0,0,0,0,0,normal,0,86,88
2/5/2025 1:00,86,2,Wednesday,2,0,0,random_or_none,1,rainy,0.999,260,0,0,0,0,0,0,0,extreme_weather,2,83,77
2/5/2025 2:00,83,2,Wednesday,2,0,0,random_or_none,2,cold,0.493,260,0,0,0,0,0,0,0,normal,0,76,73
2/5/2025 3:00,76,2,Wednesday,2,0,0,random_or_none,5,windy,0.252,260,0,0,0,0,0,0,0,normal,0,76,70
2/5/2025 4:00,76,2,Wednesday,2,0,0,random_or_none,1,rainy,0.824,260,0,0,0,0,0,0,0,extreme_weather,2,83,69
2/5/2025 5:00,83,2,Wednesday,2,0,0,random_or_none,5,windy,0.598,260,0,0,0,0,0,0,0,normal,0,84,77
2/5/2025 6:00,84,2,Wednesday,2,0,0,random_or_none,1,rainy,0.483,260,0,0,0,0,0,0,0,normal,0,96,78
2/5/2025 7:00,96,2,Wednesday,2,0,0,random_or_none,1,rainy,0.896,260,0,0,0,0,0,0,0,extreme_weather,2,98,81
2/5/2025 8:00,98,2,Wednesday,2,0,0,random_or_none,1,rainy,0.733,260,0,0,0,0,0,0,0,normal,0,101,90
2/5/2025 9:00,101,2,Wednesday,2,0,0,random_or_none,1,rainy,0.666,260,0,0,0,0,0,0,0,normal,0,99,97
2/5/2025 10:00,99,2,Wednesday,2,0,0,random_or_none,2,cold,0.319,260,0,0,0,0,0,0,0,normal,0,110,111
2/5/2025 11:00,110,2,Wednesday,2,0,0,random_or_none,1,rainy,0.479,260,0,0,0,0,0,0,0,normal,0,117,111
2/5/2025 12:00,117,2,Wednesday,2,0,0,random_or_none,2,cold,0.972,260,0,0,0,0,0,0,0,extreme_weather,2,120,116
2/5/2025 13:00,120,2,Wednesday,2,0,0,random_or_none,2,cold,0.244,260,0,0,0,0,0,0,0,normal,0,123,114
2/5/2025 14:00,123,2,Wednesday,2,0,0,random_or_none,5,windy,0.524,260,0,0,0,0,0,0,0,normal,0,126,121
2/5/2025 15:00,126,2,Wednesday,2,0,0,random_or_none,2,cold,0.785,260,0,0,0,0,0,0,0,extreme_weather,2,128,124
2/5/2025 16:00,128,2,Wednesday,2,0,0,random_or_none,2,cold,0.635,260,0,0,0,0,0,0,0,normal,0,133,129
2/5/2025 17:00,133,2,Wednesday,2,0,0,random_or_none,2,cold,1,260,0,0,0,0,0,0,0,extreme_weather,2,132,127
2/5/2025 18:00,132,2,Wednesday,2,0,0,random_or_none,4,dusty,0.385,260,0,0,0,0,0,0,0,normal,0,132,128
2/5/2025 19:00,132,2,Wednesday,2,0,0,random_or_none,2,cold,0.731,260,0,0,0,0,0,0,0,normal,0,125,122
2/5/2025 20:00,125,2,Wednesday,2,0,0,random_or_none,4,dusty,0.902,260,0,0,0,0,0,0,0,extreme_weather,2,108,109
2/5/2025 21:00,108,2,Wednesday,2,0,0,random_or_none,1,rainy,0.37,260,0,0,0,0,0,0,0,normal,0,99,101
2/5/2025 22:00,99,2,Wednesday,2,0,0,random_or_none,2,cold,0.339,260,0,0,0,0,0,0,0,normal,0,97,98
2/5/2025 23:00,97,2,Wednesday,2,0,0,random_or_none,2,cold,0.883,260,0,0,0,0,0,0,0,extreme_weather,2,88,100
2/6/2025 0:00,88,3,Thursday,2,0,0,random_or_none,2,cold,1,260,0,0,0,0,0,0,0,extreme_weather,2,77,87
2/6/2025 1:00,77,3,Thursday,2,0,0,random_or_none,5,windy,0.337,260,0,0,0,0,0,0,0,normal,0,73,76
2/6/2025 2:00,73,3,Thursday,2,0,0,random_or_none,5,windy,0.404,260,0,0,0,0,0,0,0,normal,0,70,84
2/6/2025 3:00,70,3,Thursday,2,0,0,random_or_none,2,cold,0.396,260,0,0,0,0,0,0,0,normal,0,69,80
2/6/2025 4:00,69,3,Thursday,2,0,0,random_or_none,1,rainy,0.537,260,0,0,0,0,0,0,0,normal,0,77,78
2/6/2025 5:00,77,3,Thursday,2,0,0,random_or_none,5,windy,0.166,260,0,0,0,0,0,0,0,normal,0,78,81
2/6/2025 6:00,78,3,Thursday,2,0,0,random_or_none,5,windy,0.338,260,0,0,0,0,0,0,0,normal,0,81,80
2/6/2025 7:00,81,3,Thursday,2,0,0,random_or_none,1,rainy,0.677,260,0,0,0,0,0,0,0,normal,0,90,88
2/6/2025 8:00,90,3,Thursday,2,0,0,random_or_none,2,cold,0.681,260,0,0,0,0,0,0,0,normal,0,97,97
2/6/2025 9:00,97,3,Thursday,2,0,0,random_or_none,1,rainy,0.682,260,0,0,0,0,0,0,0,normal,0,111,97
2/6/2025 10:00,111,3,Thursday,2,0,0,random_or_none,1,rainy,0.897,260,0,0,0,0,0,0,0,extreme_weather,2,111,105
2/6/2025 11:00,111,3,Thursday,2,0,0,random_or_none,2,cold,0.713,260,0,0,0,0,0,0,0,normal,0,116,115
2/6/2025 12:00,116,3,Thursday,2,0,0,random_or_none,4,dusty,0.814,260,0,0,0,0,0,0,0,extreme_weather,2,114,123
2/6/2025 13:00,114,3,Thursday,2,0,0,random_or_none,2,cold,0.474,260,0,0,0,0,0,0,0,normal,0,121,118
2/6/2025 14:00,121,3,Thursday,2,0,0,random_or_none,2,cold,0.701,260,0,0,0,0,0,0,0,normal,0,124,127
2/6/2025 15:00,124,3,Thursday,2,0,0,random_or_none,2,cold,0.348,260,0,0,0,0,0,0,0,normal,0,129,124
2/6/2025 16:00,129,3,Thursday,2,0,0,random_or_none,2,cold,0.661,260,0,0,0,0,0,0,0,normal,0,127,133
2/6/2025 17:00,127,3,Thursday,2,0,0,random_or_none,5,windy,0.16,260,0,0,0,0,0,0,0,normal,0,128,129
2/6/2025 18:00,128,3,Thursday,2,0,0,random_or_none,1,rainy,1,260,0,0,0,0,0,0,0,extreme_weather,2,122,124
2/6/2025 19:00,122,3,Thursday,2,0,0,random_or_none,5,windy,0.818,260,0,0,0,0,0,0,0,extreme_weather,2,109,114
2/6/2025 20:00,109,3,Thursday,2,0,0,random_or_none,5,windy,0.194,260,0,0,0,0,0,0,0,normal,0,101,112
2/6/2025 21:00,101,3,Thursday,2,0,0,random_or_none,0,sunny,0.027,260,0,0,0,0,0,0,0,normal,0,98,111
2/6/2025 22:00,98,3,Thursday,2,0,0,random_or_none,1,rainy,0.316,260,0,0,0,0,0,0,0,normal,0,100,101
2/6/2025 23:00,100,3,Thursday,2,0,0,random_or_none,1,rainy,1,260,0,0,0,0,0,0,0,extreme_weather,2,87,94
2/7/2025 0:00,87,4,Friday,2,0,0,random_or_none,5,windy,0.725,260,0,0,0,0,0,0,0,normal,0,76,77
2/7/2025 1:00,76,4,Friday,2,0,0,random_or_none,1,rainy,0.402,260,0,0,0,0,0,0,0,normal,0,84,64
2/7/2025 2:00,84,4,Friday,2,0,0,random_or_none,1,rainy,0.806,260,0,0,0,0,0,0,0,extreme_weather,2,80,57
2/7/2025 3:00,80,4,Friday,2,0,0,random_or_none,1,rainy,1,260,0,0,0,0,0,0,0,extreme_weather,2,78,59
2/7/2025 4:00,78,4,Friday,2,0,0,random_or_none,1,rainy,0.909,260,0,0,0,0,0,0,0,extreme_weather,2,81,59
2/7/2025 5:00,81,4,Friday,2,0,0,random_or_none,1,rainy,0.85,260,0,0,0,0,0,0,0,extreme_weather,2,80,67
2/7/2025 6:00,80,4,Friday,2,0,0,random_or_none,0,sunny,0,260,0,0,0,0,0,0,0,normal,0,88,71
2/7/2025 7:00,88,4,Friday,2,0,0,random_or_none,2,cold,0.869,260,0,0,0,0,0,0,0,extreme_weather,2,97,72
2/7/2025 8:00,97,4,Friday,2,0,0,random_or_none,2,cold,0.552,260,0,0,0,0,0,0,0,normal,0,97,86
2/7/2025 9:00,97,4,Friday,2,0,0,random_or_none,1,rainy,0.742,260,0,0,0,0,0,0,0,normal,0,105,90
2/7/2025 10:00,105,4,Friday,2,0,0,random_or_none,1,rainy,0.365,260,0,0,0,0,0,0,0,normal,0,115,92
2/7/2025 11:00,115,4,Friday,2,0,0,random_or_none,2,cold,0.713,260,0,0,0,0,0,0,0,normal,0,123,98
2/7/2025 12:00,123,4,Friday,2,0,0,random_or_none,2,cold,0.516,260,0,0,0,0,0,0,0,normal,0,118,105
2/7/2025 13:00,118,4,Friday,2,0,0,random_or_none,0,sunny,0.033,260,0,0,0,0,0,0,0,normal,0,127,117
2/7/2025 14:00,127,4,Friday,2,0,0,random_or_none,2,cold,0.863,260,0,0,0,0,0,0,0,extreme_weather,2,124,114
2/7/2025 15:00,124,4,Friday,2,0,0,random_or_none,0,sunny,0.152,260,0,0,0,0,0,0,0,normal,0,133,117
2/7/2025 16:00,133,4,Friday,2,0,0,random_or_none,2,cold,0.89,260,0,0,0,0,0,0,0,extreme_weather,2,129,118
2/7/2025 17:00,129,4,Friday,2,0,0,random_or_none,1,rainy,0.322,260,0,0,0,0,0,0,0,normal,0,124,115
2/7/2025 18:00,124,4,Friday,2,0,0,random_or_none,1,rainy,0.566,260,0,0,0,0,0,0,0,normal,0,114,118
2/7/2025 19:00,114,4,Friday,2,0,0,random_or_none,4,dusty,0.765,260,0,0,0,0,0,0,0,extreme_weather,2,112,115
2/7/2025 20:00,112,4,Friday,2,0,0,random_or_none,2,cold,0.642,260,0,0,0,0,0,0,0,normal,0,111,102
2/7/2025 21:00,111,4,Friday,2,0,0,random_or_none,5,windy,0.561,260,0,0,0,0,0,0,0,normal,0,101,96
2/7/2025 22:00,101,4,Friday,2,0,0,random_or_none,2,cold,0.631,260,0,0,0,0,0,0,0,normal,0,94,81
2/7/2025 23:00,94,4,Friday,2,0,0,random_or_none,2,cold,0.713,260,0,0,0,0,0,0,0,normal,0,77,74
2/8/2025 0:00,77,5,Saturday,2,1,0,random_or_none,1,rainy,0.434,260,0,0,0,0,0,0,0,normal,0,64,73
2/8/2025 1:00,64,5,Saturday,2,1,0,random_or_none,2,cold,0.565,260,0,0,0,0,0,0,0,normal,0,57,66
2/8/2025 2:00,57,5,Saturday,2,1,0,random_or_none,2,cold,0.807,260,0,0,0,0,0,0,0,extreme_weather,2,59,55
2/8/2025 3:00,59,5,Saturday,2,1,0,random_or_none,0,sunny,0.218,260,0,0,0,0,0,0,0,normal,0,59,55
2/8/2025 4:00,59,5,Saturday,2,1,0,random_or_none,0,sunny,0.082,260,0,0,0,0,0,0,0,normal,0,67,49
2/8/2025 5:00,67,5,Saturday,2,1,0,random_or_none,2,cold,0.791,260,0,0,0,0,0,0,0,extreme_weather,2,71,64
2/8/2025 6:00,71,5,Saturday,2,1,0,random_or_none,2,cold,0.867,260,0,0,0,0,0,0,0,extreme_weather,2,72,64
2/8/2025 7:00,72,5,Saturday,2,1,0,random_or_none,1,rainy,0.577,260,0,0,0,0,0,0,0,normal,0,86,70
2/8/2025 8:00,86,5,Saturday,2,1,0,random_or_none,1,rainy,0.883,260,0,0,0,0,0,0,0,extreme_weather,2,90,80
2/8/2025 9:00,90,5,Saturday,2,1,0,random_or_none,1,rainy,0.637,260,0,0,0,0,0,0,0,normal,0,92,83
2/8/2025 10:00,92,5,Saturday,2,1,0,random_or_none,2,cold,0.275,260,0,0,0,0,0,0,0,normal,0,98,89
2/8/2025 11:00,98,5,Saturday,2,1,0,random_or_none,0,sunny,0.023,260,0,0,0,0,0,0,0,normal,0,105,95
2/8/2025 12:00,105,5,Saturday,2,1,0,random_or_none,1,rainy,0.984,260,0,0,0,0,0,0,0,extreme_weather,2,117,97
2/8/2025 13:00,117,5,Saturday,2,1,0,random_or_none,2,cold,1,260,0,0,0,0,0,0,0,extreme_weather,2,114,107
2/8/2025 14:00,114,5,Saturday,2,1,0,random_or_none,0,sunny,0.17,260,0,0,0,0,0,0,0,normal,0,117,104
2/8/2025 15:00,117,5,Saturday,2,1,0,random_or_none,4,dusty,0.621,260,0,0,0,0,0,0,0,normal,0,118,115
2/8/2025 16:00,118,5,Saturday,2,1,0,random_or_none,2,cold,0.937,260,0,0,0,0,0,0,0,extreme_weather,2,115,107
2/8/2025 17:00,115,5,Saturday,2,1,0,random_or_none,5,windy,0.417,260,0,0,0,0,0,0,0,normal,0,118,104
2/8/2025 18:00,118,5,Saturday,2,1,0,random_or_none,3,hot,0.933,260,0,0,0,0,0,0,0,extreme_weather,2,115,104
2/8/2025 19:00,115,5,Saturday,2,1,0,random_or_none,2,cold,1,260,0,0,0,0,0,0,0,extreme_weather,2,102,105
2/8/2025 20:00,102,5,Saturday,2,1,0,random_or_none,0,sunny,0.079,260,0,0,0,0,0,0,0,normal,0,96,106
2/8/2025 21:00,96,5,Saturday,2,1,0,random_or_none,5,windy,0.541,260,0,0,0,0,0,0,0,normal,0,81,96
2/8/2025 22:00,81,5,Saturday,2,1,0,random_or_none,0,sunny,0.24,260,0,0,0,0,0,0,0,normal,0,74,91
2/8/2025 23:00,74,5,Saturday,2,1,0,random_or_none,2,cold,0.721,260,0,0,0,0,0,0,0,normal,0,73,81
2/9/2025 0:00,73,6,Sunday,2,1,0,random_or_none,1,rainy,0.767,260,0,0,0,0,0,0,0,extreme_weather,2,66,84
2/9/2025 1:00,66,6,Sunday,2,1,0,random_or_none,0,sunny,0.318,260,0,0,0,0,0,0,0,normal,0,55,75
2/9/2025 2:00,55,6,Sunday,2,1,0,random_or_none,0,sunny,0.27,260,0,0,0,0,0,0,0,normal,0,55,74
2/9/2025 3:00,55,6,Sunday,2,1,0,random_or_none,2,cold,0.708,260,0,0,0,0,0,0,0,normal,0,49,73
2/9/2025 4:00,49,6,Sunday,2,1,0,random_or_none,0,sunny,0.051,260,0,0,0,0,0,0,0,normal,0,64,77
2/9/2025 5:00,64,6,Sunday,2,1,0,random_or_none,4,dusty,0.428,260,0,0,0,0,0,0,0,normal,0,64,79
2/9/2025 6:00,64,6,Sunday,2,1,0,random_or_none,0,sunny,0.223,260,0,0,0,0,0,0,0,normal,0,70,83
2/9/2025 7:00,70,6,Sunday,2,1,0,random_or_none,2,cold,0.368,260,0,0,0,0,0,0,0,normal,0,80,79
2/9/2025 8:00,80,6,Sunday,2,1,0,random_or_none,1,rainy,0.779,260,0,0,0,0,0,0,0,extreme_weather,2,83,84
2/9/2025 9:00,83,6,Sunday,2,1,0,random_or_none,5,windy,0.251,260,0,0,0,0,0,0,0,normal,0,89,97
2/9/2025 10:00,89,6,Sunday,2,1,0,random_or_none,1,rainy,0.747,260,0,0,0,0,0,0,0,normal,0,95,195
2/9/2025 11:00,95,6,Sunday,2,1,0,random_or_none,2,cold,0.652,260,0,0,0,0,0,0,0,normal,0,97,164
2/9/2025 12:00,97,6,Sunday,2,1,0,random_or_none,0,sunny,0.078,260,0,0,0,0,0,0,0,normal,0,107,202
2/9/2025 13:00,107,6,Sunday,2,1,0,random_or_none,2,cold,0.982,260,0,0,0,0,0,0,0,extreme_weather,2,104,167
2/9/2025 14:00,104,6,Sunday,2,1,0,random_or_none,5,windy,0.8,260,0,0,0,0,0,0,0,extreme_weather,2,115,143
2/9/2025 15:00,115,6,Sunday,2,1,0,random_or_none,1,rainy,0.967,260,0,0,0,0,0,0,0,extreme_weather,2,107,201
2/9/2025 16:00,107,6,Sunday,2,1,0,random_or_none,0,sunny,0.2,260,0,0,0,0,0,0,0,normal,0,104,173
2/9/2025 17:00,104,6,Sunday,2,1,0,random_or_none,2,cold,0.351,260,0,0,0,0,0,0,0,normal,0,104,154
2/9/2025 18:00,104,6,Sunday,2,1,0,random_or_none,0,sunny,0.086,260,0,0,0,0,0,0,0,normal,0,105,133
2/9/2025 19:00,105,6,Sunday,2,1,0,random_or_none,2,cold,0.918,260,0,0,0,0,0,0,0,extreme_weather,2,106,124
2/9/2025 20:00,106,6,Sunday,2,1,0,random_or_none,1,rainy,1,260,0,0,0,0,0,0,0,extreme_weather,2,96,122
2/9/2025 21:00,96,6,Sunday,2,1,0,random_or_none,0,sunny,0.241,260,0,0,0,0,0,0,0,normal,0,91,115
2/9/2025 22:00,91,6,Sunday,2,1,0,random_or_none,1,rainy,0.73,260,0,0,0,0,0,0,0,normal,0,81,111
2/9/2025 23:00,81,6,Sunday,2,1,0,random_or_none,0,sunny,0.191,260,0,0,0,0,0,0,0,normal,0,84,97
2/10/2025 0:00,84,0,Monday,2,0,0,random_or_none,2,cold,0.287,260,0,0,0,0,0,0,0,normal,0,75,84
2/10/2025 1:00,75,0,Monday,2,0,0,random_or_none,2,cold,0.54,260,0,0,0,0,0,0,0,normal,0,74,76
2/10/2025 2:00,74,0,Monday,2,0,0,random_or_none,2,cold,0.764,260,0,0,0,0,0,0,0,extreme_weather,2,73,75
2/10/2025 3:00,73,0,Monday,2,0,0,random_or_none,5,windy,0.695,260,0,0,0,0,0,0,0,normal,0,77,76
2/10/2025 4:00,77,0,Monday,2,0,0,random_or_none,1,rainy,0.41,260,0,0,0,0,0,0,0,normal,0,79,79
2/10/2025 5:00,79,0,Monday,2,0,0,random_or_none,0,sunny,0.302,260,0,0,0,0,0,0,0,normal,0,83,82
2/10/2025 6:00,83,0,Monday,2,0,0,random_or_none,2,cold,0.785,260,0,0,0,0,0,0,0,extreme_weather,2,79,87
2/10/2025 7:00,79,0,Monday,2,0,0,random_or_none,2,cold,0.47,260,0,0,0,0,0,0,0,normal,0,84,162
2/10/2025 8:00,84,0,Monday,2,0,0,random_or_none,2,cold,0.776,260,0,0,0,0,0,0,0,extreme_weather,2,97,206
2/10/2025 9:00,97,0,Monday,2,0,0,random_or_none,1,rainy,0.627,260,0,0,0,0,0,0,0,normal,0,195,166
2/10/2025 10:00,195,0,Monday,2,0,0,random_or_none,1,rainy,0.644,260,0,1,196.35,0,0,0,0,emergency_spike,5,164,137
2/10/2025 11:00,164,0,Monday,2,0,0,random_or_none,0,sunny,0.073,260,0,0,0,0,0,0,0,normal,0,202,128
2/10/2025 12:00,202,0,Monday,2,0,0,random_or_none,2,cold,0.484,260,0,1,128.23,0,0,0,0,emergency_spike,5,167,134
2/10/2025 13:00,167,0,Monday,2,0,0,random_or_none,2,cold,0.431,260,0,0,0,0,0,0,0,normal,0,143,136
2/10/2025 14:00,143,0,Monday,2,0,0,random_or_none,2,cold,0.801,260,0,0,0,0,0,0,0,extreme_weather,2,201,136
2/10/2025 15:00,201,0,Monday,2,0,0,random_or_none,5,windy,0.42,260,0,1,149.48,0,0,0,0,emergency_spike,5,173,136
2/10/2025 16:00,173,0,Monday,2,0,0,random_or_none,2,cold,0.996,260,0,0,0,0,0,0,0,extreme_weather,2,154,131
2/10/2025 17:00,154,0,Monday,2,0,0,random_or_none,1,rainy,0.427,260,0,0,0,0,0,0,0,normal,0,133,137
2/10/2025 18:00,133,0,Monday,2,0,0,random_or_none,2,cold,0.389,260,0,0,0,0,0,0,0,normal,0,124,133
2/10/2025 19:00,124,0,Monday,2,0,0,random_or_none,1,rainy,0.379,260,0,0,0,0,0,0,0,normal,0,122,131
2/10/2025 20:00,122,0,Monday,2,0,0,random_or_none,5,windy,0.68,260,0,0,0,0,0,0,0,normal,0,115,119
2/10/2025 21:00,115,0,Monday,2,0,0,random_or_none,1,rainy,0.838,260,0,0,0,0,0,0,0,extreme_weather,2,111,110
2/10/2025 22:00,111,0,Monday,2,0,0,random_or_none,1,rainy,0.858,260,0,0,0,0,0,0,0,extreme_weather,2,97,100
2/10/2025 23:00,97,0,Monday,2,0,0,random_or_none,2,cold,0.363,260,0,0,0,0,0,0,0,normal,0,84,89
2/11/2025 0:00,84,1,Tuesday,2,0,0,random_or_none,5,windy,0.703,260,0,0,0,0,0,0,0,normal,0,76,89
2/11/2025 1:00,76,1,Tuesday,2,0,0,random_or_none,2,cold,0.583,260,0,0,0,0,0,0,0,normal,0,75,79
2/11/2025 2:00,75,1,Tuesday,2,0,0,random_or_none,1,rainy,0.79,260,0,0,0,0,0,0,0,extreme_weather,2,76,78
2/11/2025 3:00,76,1,Tuesday,2,0,0,random_or_none,5,windy,0.235,260,0,0,0,0,0,0,0,normal,0,79,76
2/11/2025 4:00,79,1,Tuesday,2,0,0,random_or_none,2,cold,0.771,260,0,0,0,0,0,0,0,extreme_weather,2,82,77
2/11/2025 5:00,82,1,Tuesday,2,0,0,random_or_none,0,sunny,0.168,260,0,0,0,0,0,0,0,normal,0,87,80
2/11/2025 6:00,87,1,Tuesday,2,0,0,random_or_none,2,cold,0.325,260,0,0,0,0,0,0,0,normal,0,162,84
2/11/2025 7:00,162,1,Tuesday,2,0,0,random_or_none,1,rainy,0.991,260,0,1,166.74,0,0,0,0,emergency_spike,5,206,89
2/11/2025 8:00,206,1,Tuesday,2,0,0,random_or_none,1,rainy,0.826,260,0,1,162.28,0,0,0,0,emergency_spike,5,166,101
2/11/2025 9:00,166,1,Tuesday,2,0,0,random_or_none,5,windy,0.2,260,0,0,0,0,0,0,0,normal,0,137,109
2/11/2025 10:00,137,1,Tuesday,2,0,0,random_or_none,0,sunny,0.119,260,0,0,0,0,0,0,0,normal,0,128,113
2/11/2025 11:00,128,1,Tuesday,2,0,0,random_or_none,1,rainy,0.367,260,0,0,0,0,0,0,0,normal,0,134,119
2/11/2025 12:00,134,1,Tuesday,2,0,0,random_or_none,2,cold,0.95,260,0,0,0,0,0,0,0,extreme_weather,2,136,126
2/11/2025 13:00,136,1,Tuesday,2,0,0,random_or_none,2,cold,0.867,260,0,0,0,0,0,0,0,extreme_weather,2,136,128
2/11/2025 14:00,136,1,Tuesday,2,0,0,random_or_none,2,cold,0.486,260,0,0,0,0,0,0,0,normal,0,136,129
2/11/2025 15:00,136,1,Tuesday,2,0,0,random_or_none,5,windy,0.829,260,0,0,0,0,0,0,0,extreme_weather,2,131,129
2/11/2025 16:00,131,1,Tuesday,2,0,0,random_or_none,2,cold,0.694,260,0,0,0,0,0,0,0,normal,0,137,128
2/11/2025 17:00,137,1,Tuesday,2,0,0,random_or_none,2,cold,1,260,0,0,0,0,0,0,0,extreme_weather,2,133,123
2/11/2025 18:00,133,1,Tuesday,2,0,0,random_or_none,2,cold,0.286,260,0,0,0,0,0,0,0,normal,0,131,123
2/11/2025 19:00,131,1,Tuesday,2,0,0,random_or_none,2,cold,0.967,260,0,0,0,0,0,0,0,extreme_weather,2,119,128
2/11/2025 20:00,119,1,Tuesday,2,0,0,random_or_none,0,sunny,0.036,260,0,0,0,0,0,0,0,normal,0,110,124
2/11/2025 21:00,110,1,Tuesday,2,0,0,random_or_none,5,windy,0.629,260,0,0,0,0,0,0,0,normal,0,100,118
2/11/2025 22:00,100,1,Tuesday,2,0,0,random_or_none,2,cold,0.495,260,0,0,0,0,0,0,0,normal,0,89,105
2/11/2025 23:00,89,1,Tuesday,2,0,0,random_or_none,2,cold,0.43,260,0,0,0,0,0,0,0,normal,0,89,92
2/12/2025 0:00,89,2,Wednesday,2,0,0,random_or_none,2,cold,0.689,260,0,0,0,0,0,0,0,normal,0,79,97
2/12/2025 1:00,79,2,Wednesday,2,0,0,random_or_none,1,rainy,0.384,260,0,0,0,0,0,0,0,normal,0,78,82
2/12/2025 2:00,78,2,Wednesday,2,0,0,random_or_none,1,rainy,0.245,260,0,0,0,0,0,0,0,normal,0,76,73
2/12/2025 3:00,76,2,Wednesday,2,0,0,random_or_none,2,cold,0.6,260,0,0,0,0,0,0,0,normal,0,77,76
2/12/2025 4:00,77,2,Wednesday,2,0,0,random_or_none,1,rainy,0.819,260,0,0,0,0,0,0,0,extreme_weather,2,80,74
2/12/2025 5:00,80,2,Wednesday,2,0,0,random_or_none,5,windy,0.757,260,0,0,0,0,0,0,0,extreme_weather,2,84,73
2/12/2025 6:00,84,2,Wednesday,2,0,0,random_or_none,0,sunny,0.268,260,0,0,0,0,0,0,0,normal,0,89,80
2/12/2025 7:00,89,2,Wednesday,2,0,0,random_or_none,5,windy,0.223,260,0,0,0,0,0,0,0,normal,0,101,91
2/12/2025 8:00,101,2,Wednesday,2,0,0,random_or_none,1,rainy,0.884,260,0,0,0,0,0,0,0,extreme_weather,2,109,92
2/12/2025 9:00,109,2,Wednesday,2,0,0,random_or_none,2,cold,0.5,260,0,0,0,0,0,0,0,normal,0,113,96
2/12/2025 10:00,113,2,Wednesday,2,0,0,random_or_none,2,cold,0.894,260,0,0,0,0,0,0,0,extreme_weather,2,119,100
2/12/2025 11:00,119,2,Wednesday,2,0,0,random_or_none,1,rainy,0.919,260,0,0,0,0,0,0,0,extreme_weather,2,126,106
2/12/2025 12:00,126,2,Wednesday,2,0,0,random_or_none,1,rainy,0.667,260,0,0,0,0,0,0,0,normal,0,128,112
2/12/2025 13:00,128,2,Wednesday,2,0,0,random_or_none,2,cold,0.496,260,0,0,0,0,0,0,0,normal,0,129,112
2/12/2025 14:00,129,2,Wednesday,2,0,0,random_or_none,2,cold,0.407,260,0,0,0,0,0,0,0,normal,0,129,121
2/12/2025 15:00,129,2,Wednesday,2,0,0,random_or_none,5,windy,0.473,260,0,0,0,0,0,0,0,normal,0,128,124
2/12/2025 16:00,128,2,Wednesday,2,0,0,random_or_none,1,rainy,0.578,260,0,0,0,0,0,0,0,normal,0,123,120
2/12/2025 17:00,123,2,Wednesday,2,0,0,random_or_none,5,windy,0.778,260,0,0,0,0,0,0,0,extreme_weather,2,123,124
2/12/2025 18:00,123,2,Wednesday,2,0,0,random_or_none,1,rainy,0.475,260,0,0,0,0,0,0,0,normal,0,128,118
2/12/2025 19:00,128,2,Wednesday,2,0,0,random_or_none,1,rainy,0.838,260,0,0,0,0,0,0,0,extreme_weather,2,124,113
2/12/2025 20:00,124,2,Wednesday,2,0,0,random_or_none,2,cold,0.693,260,0,0,0,0,0,0,0,normal,0,118,113
2/12/2025 21:00,118,2,Wednesday,2,0,0,random_or_none,5,windy,0.757,260,0,0,0,0,0,0,0,extreme_weather,2,105,109
2/12/2025 22:00,105,2,Wednesday,2,0,0,random_or_none,1,rainy,0.606,260,0,0,0,0,0,0,0,normal,0,92,95
2/12/2025 23:00,92,2,Wednesday,2,0,0,random_or_none,0,sunny,0.105,260,0,0,0,0,0,0,0,normal,0,97,142
2/13/2025 0:00,97,3,Thursday,2,0,0,random_or_none,1,rainy,1,260,0,0,0,0,0,0,0,extreme_weather,2,82,109
2/13/2025 1:00,82,3,Thursday,2,0,0,random_or_none,1,rainy,0.766,260,0,0,0,0,0,0,0,extreme_weather,2,73,92
2/13/2025 2:00,73,3,Thursday,2,0,0,random_or_none,0,sunny,0.022,260,0,0,0,0,0,0,0,normal,0,76,86
2/13/2025 3:00,76,3,Thursday,2,0,0,random_or_none,1,rainy,0.999,260,0,0,0,0,0,0,0,extreme_weather,2,74,166
2/13/2025 4:00,74,3,Thursday,2,0,0,random_or_none,2,cold,0.612,260,0,0,0,0,0,0,0,normal,0,73,130
2/13/2025 5:00,73,3,Thursday,2,0,0,random_or_none,1,rainy,0.395,260,0,0,0,0,0,0,0,normal,0,80,102
2/13/2025 6:00,80,3,Thursday,2,0,0,random_or_none,1,rainy,0.929,260,0,0,0,0,0,0,0,extreme_weather,2,91,95
2/13/2025 7:00,91,3,Thursday,2,0,0,random_or_none,2,cold,0.306,260,0,0,0,0,0,0,0,normal,0,92,101
2/13/2025 8:00,92,3,Thursday,2,0,0,random_or_none,0,sunny,0.23,260,0,0,0,0,0,0,0,normal,0,96,96
2/13/2025 9:00,96,3,Thursday,2,0,0,random_or_none,0,sunny,0.301,260,0,0,0,0,0,0,0,normal,0,100,98
2/13/2025 10:00,100,3,Thursday,2,0,0,random_or_none,5,windy,0.848,260,0,0,0,0,0,0,0,extreme_weather,2,106,95
2/13/2025 11:00,106,3,Thursday,2,0,0,random_or_none,0,sunny,0.135,260,0,0,0,0,0,0,0,normal,0,112,105
2/13/2025 12:00,112,3,Thursday,2,0,0,random_or_none,1,rainy,0.281,260,0,0,0,0,0,0,0,normal,0,112,117
2/13/2025 13:00,112,3,Thursday,2,0,0,random_or_none,0,sunny,0.202,260,0,0,0,0,0,0,0,normal,0,121,121
2/13/2025 14:00,121,3,Thursday,2,0,0,random_or_none,2,cold,0.618,260,0,0,0,0,0,0,0,normal,0,124,132
2/13/2025 15:00,124,3,Thursday,2,0,0,random_or_none,5,windy,0.545,260,0,0,0,0,0,0,0,normal,0,120,130
2/13/2025 16:00,120,3,Thursday,2,0,0,random_or_none,5,windy,0.36,260,0,0,0,0,0,0,0,normal,0,124,133
2/13/2025 17:00,124,3,Thursday,2,0,0,random_or_none,2,cold,0.773,260,0,0,0,0,0,0,0,extreme_weather,2,118,132
2/13/2025 18:00,118,3,Thursday,2,0,0,random_or_none,5,windy,0.554,260,0,0,0,0,0,0,0,normal,0,113,134
2/13/2025 19:00,113,3,Thursday,2,0,0,random_or_none,1,rainy,0.277,260,0,0,0,0,0,0,0,normal,0,113,132
2/13/2025 20:00,113,3,Thursday,2,0,0,random_or_none,1,rainy,0.518,260,0,0,0,0,0,0,0,normal,0,109,121
2/13/2025 21:00,109,3,Thursday,2,0,0,random_or_none,5,windy,0.598,260,0,0,0,0,0,0,0,normal,0,95,116
2/13/2025 22:00,95,3,Thursday,2,0,0,random_or_none,5,windy,0.345,260,0,0,0,0,0,0,0,normal,0,142,109
2/13/2025 23:00,142,3,Thursday,2,0,0,random_or_none,1,rainy,0.544,260,0,1,119.37,0,0,0,0,emergency_spike,5,109,101
2/14/2025 0:00,109,4,Friday,2,0,0,random_or_none,2,cold,0.375,260,0,0,0,0,0,0,0,normal,0,92,78
2/14/2025 1:00,92,4,Friday,2,0,0,random_or_none,2,cold,0.847,260,0,0,0,0,0,0,0,extreme_weather,2,86,72
2/14/2025 2:00,86,4,Friday,2,0,0,random_or_none,5,windy,0.644,260,0,0,0,0,0,0,0,normal,0,166,88
2/14/2025 3:00,166,4,Friday,2,0,0,random_or_none,2,cold,0.415,260,0,1,179.91,0,0,0,0,emergency_spike,5,130,92
2/14/2025 4:00,130,4,Friday,2,0,0,random_or_none,4,dusty,0.647,260,0,0,0,0,0,0,0,normal,0,102,82
2/14/2025 5:00,102,4,Friday,2,0,0,random_or_none,2,cold,0.586,260,0,0,0,0,0,0,0,normal,0,95,74
2/14/2025 6:00,95,4,Friday,2,0,0,random_or_none,2,cold,0.76,260,0,0,0,0,0,0,0,extreme_weather,2,101,73
2/14/2025 7:00,101,4,Friday,2,0,0,random_or_none,2,cold,0.619,260,0,0,0,0,0,0,0,normal,0,96,79
2/14/2025 8:00,96,4,Friday,2,0,0,random_or_none,0,sunny,0.323,260,0,0,0,0,0,0,0,normal,0,98,97
2/14/2025 9:00,98,4,Friday,2,0,0,random_or_none,2,cold,0.663,260,0,0,0,0,0,0,0,normal,0,95,100
2/14/2025 10:00,95,4,Friday,2,0,0,random_or_none,5,windy,0.437,260,0,0,0,0,0,0,0,normal,0,105,97
2/14/2025 11:00,105,4,Friday,2,0,0,random_or_none,2,cold,0.652,260,0,0,0,0,0,0,0,normal,0,117,106
2/14/2025 12:00,117,4,Friday,2,0,0,random_or_none,1,rainy,0.763,260,0,0,0,0,0,0,0,extreme_weather,2,121,109
2/14/2025 13:00,121,4,Friday,2,0,0,random_or_none,1,rainy,0.67,260,0,0,0,0,0,0,0,normal,0,132,106
2/14/2025 14:00,132,4,Friday,2,0,0,random_or_none,1,rainy,0.894,260,0,0,0,0,0,0,0,extreme_weather,2,130,100
2/14/2025 15:00,130,4,Friday,2,0,0,random_or_none,2,cold,0.217,260,0,0,0,0,0,0,0,normal,0,133,140
2/14/2025 16:00,133,4,Friday,2,0,0,random_or_none,1,rainy,0.801,260,0,0,0,0,0,0,0,extreme_weather,2,132,127
2/14/2025 17:00,132,4,Friday,2,0,0,random_or_none,1,rainy,0.335,260,0,0,0,0,0,0,0,normal,0,134,114
2/14/2025 18:00,134,4,Friday,2,0,0,random_or_none,2,cold,0.668,260,0,0,0,0,0,0,0,normal,0,132,111
2/14/2025 19:00,132,4,Friday,2,0,0,random_or_none,2,cold,0.87,260,0,0,0,0,0,0,0,extreme_weather,2,121,106
2/14/2025 20:00,121,4,Friday,2,0,0,random_or_none,2,cold,0.311,260,0,0,0,0,0,0,0,normal,0,116,102
2/14/2025 21:00,116,4,Friday,2,0,0,random_or_none,1,rainy,1,260,0,0,0,0,0,0,0,extreme_weather,2,109,97
2/14/2025 22:00,109,4,Friday,2,0,0,random_or_none,1,rainy,0.855,260,0,0,0,0,0,0,0,extreme_weather,2,101,90
2/14/2025 23:00,101,4,Friday,2,0,0,random_or_none,2,cold,0.986,260,0,0,0,0,0,0,0,extreme_weather,2,78,80
2/15/2025 0:00,78,5,Saturday,2,1,0,random_or_none,2,cold,0.399,260,0,0,0,0,0,0,0,normal,0,72,73
2/15/2025 1:00,72,5,Saturday,2,1,0,random_or_none,2,cold,0.67,260,0,0,0,0,0,0,0,normal,0,88,63
2/15/2025 2:00,88,5,Saturday,2,1,0,random_or_none,2,cold,0.57,260,0,1,54.27,0,0,0,0,emergency_spike,5,92,59
2/15/2025 3:00,92,5,Saturday,2,1,0,random_or_none,2,cold,0.671,260,0,1,52.59,0,0,0,0,emergency_spike,5,82,60
2/15/2025 4:00,82,5,Saturday,2,1,0,random_or_none,2,cold,0.363,260,0,0,0,0,0,0,0,normal,0,74,67
2/15/2025 5:00,74,5,Saturday,2,1,0,random_or_none,5,windy,0.509,260,0,0,0,0,0,0,0,normal,0,73,65
2/15/2025 6:00,73,5,Saturday,2,1,0,random_or_none,5,windy,0.759,260,0,0,0,0,0,0,0,extreme_weather,2,79,68
2/15/2025 7:00,79,5,Saturday,2,1,0,random_or_none,5,windy,0.735,260,0,0,0,0,0,0,0,normal,0,97,72
2/15/2025 8:00,97,5,Saturday,2,1,0,random_or_none,1,rainy,1,260,0,0,0,0,0,0,0,extreme_weather,2,100,75
2/15/2025 9:00,100,5,Saturday,2,1,0,random_or_none,1,rainy,0.62,260,0,0,0,0,0,0,0,normal,0,97,77
2/15/2025 10:00,97,5,Saturday,2,1,0,random_or_none,0,sunny,0.266,260,0,0,0,0,0,0,0,normal,0,106,81
2/15/2025 11:00,106,5,Saturday,2,1,0,random_or_none,4,dusty,0.696,260,0,0,0,0,0,0,0,normal,0,109,86
2/15/2025 12:00,109,5,Saturday,2,1,0,random_or_none,2,cold,0.383,260,0,0,0,0,0,0,0,normal,0,106,100
2/15/2025 13:00,106,5,Saturday,2,1,0,random_or_none,2,cold,0.231,260,0,0,0,0,0,0,0,normal,0,100,107
2/15/2025 14:00,100,5,Saturday,2,1,0,random_or_none,2,cold,0.61,260,0,0,0,0,0,0,0,normal,0,140,106
2/15/2025 15:00,140,5,Saturday,2,1,0,random_or_none,0,sunny,0.338,260,0,1,81.43,0,0,0,0,emergency_spike,5,127,116
2/15/2025 16:00,127,5,Saturday,2,1,0,random_or_none,2,cold,0.802,260,0,0,0,0,0,0,0,extreme_weather,2,114,177
2/15/2025 17:00,114,5,Saturday,2,1,0,random_or_none,0,sunny,0.305,260,0,0,0,0,0,0,0,normal,0,111,151
2/15/2025 18:00,111,5,Saturday,2,1,0,random_or_none,5,windy,0.325,260,0,0,0,0,0,0,0,normal,0,106,129
2/15/2025 19:00,106,5,Saturday,2,1,0,random_or_none,2,cold,0.973,260,0,0,0,0,0,0,0,extreme_weather,2,102,120
2/15/2025 20:00,102,5,Saturday,2,1,0,random_or_none,1,rainy,0.306,260,0,0,0,0,0,0,0,normal,0,97,107
2/15/2025 21:00,97,5,Saturday,2,1,0,random_or_none,1,rainy,0.878,260,0,0,0,0,0,0,0,extreme_weather,2,90,96
2/15/2025 22:00,90,5,Saturday,2,1,0,random_or_none,2,cold,0.739,260,0,0,0,0,0,0,0,normal,0,80,86
2/15/2025 23:00,80,5,Saturday,2,1,0,random_or_none,0,sunny,0.258,260,0,0,0,0,0,0,0,normal,0,73,81
2/16/2025 0:00,73,6,Sunday,2,1,0,random_or_none,2,cold,0.795,260,0,0,0,0,0,0,0,extreme_weather,2,63,83
2/16/2025 1:00,63,6,Sunday,2,1,0,random_or_none,2,cold,0.34,260,0,0,0,0,0,0,0,normal,0,59,77
2/16/2025 2:00,59,6,Sunday,2,1,0,random_or_none,5,windy,0.276,260,0,0,0,0,0,0,0,normal,0,60,72
2/16/2025 3:00,60,6,Sunday,2,1,0,random_or_none,1,rainy,0.425,260,0,0,0,0,0,0,0,normal,0,67,77
2/16/2025 4:00,67,6,Sunday,2,1,0,random_or_none,2,cold,0.45,260,0,0,0,0,0,0,0,normal,0,65,82
2/16/2025 5:00,65,6,Sunday,2,1,0,random_or_none,5,windy,0.595,260,0,0,0,0,0,0,0,normal,0,68,82
2/16/2025 6:00,68,6,Sunday,2,1,0,random_or_none,5,windy,0.744,260,0,0,0,0,0,0,0,normal,0,72,90
2/16/2025 7:00,72,6,Sunday,2,1,0,random_or_none,2,cold,0.574,260,0,0,0,0,0,0,0,normal,0,75,96
2/16/2025 8:00,75,6,Sunday,2,1,0,random_or_none,5,windy,0.597,260,0,0,0,0,0,0,0,normal,0,77,104
2/16/2025 9:00,77,6,Sunday,2,1,0,random_or_none,0,sunny,0.105,260,0,0,0,0,0,0,0,normal,0,81,107
2/16/2025 10:00,81,6,Sunday,2,1,0,random_or_none,1,rainy,0.502,260,0,0,0,0,0,0,0,normal,0,86,112
2/16/2025 11:00,86,6,Sunday,2,1,0,random_or_none,3,hot,0.556,260,0,0,0,0,0,0,0,normal,0,100,111
2/16/2025 12:00,100,6,Sunday,2,1,0,random_or_none,1,rainy,0.374,260,0,0,0,0,0,0,0,normal,0,107,116
2/16/2025 13:00,107,6,Sunday,2,1,0,random_or_none,0,sunny,0.174,260,0,0,0,0,0,0,0,normal,0,106,122
2/16/2025 14:00,106,6,Sunday,2,1,0,random_or_none,0,sunny,0.019,260,0,0,0,0,0,0,0,normal,0,116,123
2/16/2025 15:00,116,6,Sunday,2,1,0,random_or_none,1,rainy,0.98,260,0,0,0,0,0,0,0,extreme_weather,2,177,200
2/16/2025 16:00,177,6,Sunday,2,1,0,random_or_none,2,cold,0.627,260,0,1,131.82,0,0,0,0,emergency_spike,5,151,168
2/16/2025 17:00,151,6,Sunday,2,1,0,random_or_none,1,rainy,0.727,260,0,0,0,0,0,0,0,normal,0,129,146
2/16/2025 18:00,129,6,Sunday,2,1,0,random_or_none,0,sunny,0.081,260,0,0,0,0,0,0,0,normal,0,120,145
2/16/2025 19:00,120,6,Sunday,2,1,0,random_or_none,2,cold,0.484,260,0,0,0,0,0,0,0,normal,0,107,131
2/16/2025 20:00,107,6,Sunday,2,1,0,random_or_none,1,rainy,0.309,260,0,0,0,0,0,0,0,normal,0,96,124
2/16/2025 21:00,96,6,Sunday,2,1,0,random_or_none,2,cold,0.572,260,0,0,0,0,0,0,0,normal,0,86,119
2/16/2025 22:00,86,6,Sunday,2,1,0,random_or_none,2,cold,0.457,260,0,0,0,0,0,0,0,normal,0,81,109
2/16/2025 23:00,81,6,Sunday,2,1,0,random_or_none,1,rainy,0.649,260,0,0,0,0,0,0,0,normal,0,83,104
2/17/2025 0:00,83,0,Monday,2,0,0,random_or_none,2,cold,0.437,260,0,0,0,0,0,0,0,normal,0,77,96
2/17/2025 1:00,77,0,Monday,2,0,0,random_or_none,1,rainy,0.446,260,0,0,0,0,0,0,0,normal,0,72,92
2/17/2025 2:00,72,0,Monday,2,0,0,random_or_none,0,sunny,0.076,260,0,0,0,0,0,0,0,normal,0,77,126
2/17/2025 3:00,77,0,Monday,2,0,0,random_or_none,1,rainy,0.935,260,0,0,0,0,0,0,0,extreme_weather,2,82,131
2/17/2025 4:00,82,0,Monday,2,0,0,random_or_none,2,cold,1,260,0,0,0,0,0,0,0,extreme_weather,2,82,105
2/17/2025 5:00,82,0,Monday,2,0,0,random_or_none,2,cold,1,260,0,0,0,0,0,0,0,extreme_weather,2,90,101
2/17/2025 6:00,90,0,Monday,2,0,0,random_or_none,1,rainy,0.637,260,0,0,0,0,0,0,0,normal,0,96,99
2/17/2025 7:00,96,0,Monday,2,0,0,random_or_none,2,cold,0.869,260,0,0,0,0,0,0,0,extreme_weather,2,104,93
2/17/2025 8:00,104,0,Monday,2,0,0,random_or_none,2,cold,0.505,260,0,0,0,0,0,0,0,normal,0,107,102
2/17/2025 9:00,107,0,Monday,2,0,0,random_or_none,2,cold,0.63,260,0,0,0,0,0,0,0,normal,0,112,103
2/17/2025 10:00,112,0,Monday,2,0,0,random_or_none,4,dusty,0.548,260,0,0,0,0,0,0,0,normal,0,111,109
2/17/2025 11:00,111,0,Monday,2,0,0,random_or_none,0,sunny,0.219,260,0,0,0,0,0,0,0,normal,0,116,116
2/17/2025 12:00,116,0,Monday,2,0,0,random_or_none,2,cold,0.728,260,0,0,0,0,0,0,0,normal,0,122,121
2/17/2025 13:00,122,0,Monday,2,0,0,random_or_none,5,windy,0.674,260,0,0,0,0,0,0,0,normal,0,123,127
2/17/2025 14:00,123,0,Monday,2,0,0,random_or_none,1,rainy,0.468,260,0,0,0,0,0,0,0,normal,0,200,132
2/17/2025 15:00,200,0,Monday,2,0,0,random_or_none,1,rainy,0.983,260,0,1,136.77,0,0,0,0,emergency_spike,5,168,132
2/17/2025 16:00,168,0,Monday,2,0,0,random_or_none,1,rainy,0.288,260,0,0,0,0,0,0,0,normal,0,146,133
2/17/2025 17:00,146,0,Monday,2,0,0,random_or_none,5,windy,0.254,260,0,0,0,0,0,0,0,normal,0,145,123
2/17/2025 18:00,145,0,Monday,2,0,0,random_or_none,1,rainy,0.83,260,0,0,0,0,0,0,0,extreme_weather,2,131,122
2/17/2025 19:00,131,0,Monday,2,0,0,random_or_none,5,windy,0.721,260,0,0,0,0,0,0,0,normal,0,124,120
2/17/2025 20:00,124,0,Monday,2,0,0,random_or_none,0,sunny,0.176,260,0,0,0,0,0,0,0,normal,0,119,118
2/17/2025 21:00,119,0,Monday,2,0,0,random_or_none,1,rainy,0.726,260,0,0,0,0,0,0,0,normal,0,109,104
2/17/2025 22:00,109,0,Monday,2,0,0,random_or_none,1,rainy,0.995,260,0,0,0,0,0,0,0,extreme_weather,2,104,90
2/17/2025 23:00,104,0,Monday,2,0,0,random_or_none,5,windy,0.884,260,0,0,0,0,0,0,0,extreme_weather,2,96,87
2/18/2025 0:00,96,1,Tuesday,2,0,0,random_or_none,2,cold,0.876,260,0,0,0,0,0,0,0,extreme_weather,2,92,84
2/18/2025 1:00,92,1,Tuesday,2,0,0,random_or_none,2,cold,0.34,260,0,0,0,0,0,0,0,normal,0,126,79
2/18/2025 2:00,126,1,Tuesday,2,0,0,random_or_none,2,cold,0.496,260,0,1,104.61,0,0,0,0,emergency_spike,5,131,70
2/18/2025 3:00,131,1,Tuesday,2,0,0,random_or_none,1,rainy,0.647,260,0,1,77.69,0,0,0,0,emergency_spike,5,105,72
2/18/2025 4:00,105,1,Tuesday,2,0,0,random_or_none,2,cold,0.927,260,0,0,0,0,0,0,0,extreme_weather,2,101,71
2/18/2025 5:00,101,1,Tuesday,2,0,0,random_or_none,1,rainy,0.902,260,0,0,0,0,0,0,0,extreme_weather,2,99,86
2/18/2025 6:00,99,1,Tuesday,2,0,0,random_or_none,1,rainy,0.707,260,0,0,0,0,0,0,0,normal,0,93,86
2/18/2025 7:00,93,1,Tuesday,2,0,0,random_or_none,5,windy,0.32,260,0,0,0,0,0,0,0,normal,0,102,96
2/18/2025 8:00,102,1,Tuesday,2,0,0,random_or_none,2,cold,0.856,260,0,0,0,0,0,0,0,extreme_weather,2,103,94
2/18/2025 9:00,103,1,Tuesday,2,0,0,random_or_none,2,cold,0.629,260,0,0,0,0,0,0,0,normal,0,109,96
2/18/2025 10:00,109,1,Tuesday,2,0,0,random_or_none,5,windy,0.829,260,0,0,0,0,0,0,0,extreme_weather,2,116,107
2/18/2025 11:00,116,1,Tuesday,2,0,0,random_or_none,3,hot,0.61,260,0,0,0,0,0,0,0,normal,0,121,115
2/18/2025 12:00,121,1,Tuesday,2,0,0,random_or_none,2,cold,0.46,260,0,0,0,0,0,0,0,normal,0,127,117
2/18/2025 13:00,127,1,Tuesday,2,0,0,random_or_none,1,rainy,1,260,0,0,0,0,0,0,0,extreme_weather,2,132,120
2/18/2025 14:00,132,1,Tuesday,2,0,0,random_or_none,2,cold,1,260,0,0,0,0,0,0,0,extreme_weather,2,132,126
2/18/2025 15:00,132,1,Tuesday,2,0,0,random_or_none,4,dusty,0.61,260,0,0,0,0,0,0,0,normal,0,133,127
2/18/2025 16:00,133,1,Tuesday,2,0,0,random_or_none,1,rainy,0.571,260,0,0,0,0,0,0,0,normal,0,123,124
2/18/2025 17:00,123,1,Tuesday,2,0,0,random_or_none,1,rainy,0.949,260,0,0,0,0,0,0,0,extreme_weather,2,122,126
2/18/2025 18:00,122,1,Tuesday,2,0,0,random_or_none,2,cold,0.356,260,0,0,0,0,0,0,0,normal,0,120,126
2/18/2025 19:00,120,1,Tuesday,2,0,0,random_or_none,2,cold,0.696,260,0,0,0,0,0,0,0,normal,0,118,118
2/18/2025 20:00,118,1,Tuesday,2,0,0,random_or_none,2,cold,0.685,260,0,0,0,0,0,0,0,normal,0,104,111
2/18/2025 21:00,104,1,Tuesday,2,0,0,random_or_none,2,cold,0.39,260,0,0,0,0,0,0,0,normal,0,90,109
2/18/2025 22:00,90,1,Tuesday,2,0,0,random_or_none,0,sunny,0.342,260,0,0,0,0,0,0,0,normal,0,87,101
2/18/2025 23:00,87,1,Tuesday,2,0,0,random_or_none,1,rainy,0.345,260,0,0,0,0,0,0,0,normal,0,84,99
2/19/2025 0:00,84,2,Wednesday,2,0,0,random_or_none,5,windy,0.471,260,0,0,0,0,0,0,0,normal,0,79,87
2/19/2025 1:00,79,2,Wednesday,2,0,0,random_or_none,2,cold,0.618,260,0,0,0,0,0,0,0,normal,0,70,71
2/19/2025 2:00,70,2,Wednesday,2,0,0,random_or_none,0,sunny,0.26,260,0,0,0,0,0,0,0,normal,0,72,69
2/19/2025 3:00,72,2,Wednesday,2,0,0,random_or_none,5,windy,0.823,260,0,0,0,0,0,0,0,extreme_weather,2,71,72
2/19/2025 4:00,71,2,Wednesday,2,0,0,random_or_none,2,cold,0.916,260,0,0,0,0,0,0,0,extreme_weather,2,86,76
2/19/2025 5:00,86,2,Wednesday,2,0,0,random_or_none,1,rainy,0.608,260,0,0,0,0,0,0,0,normal,0,86,80
2/19/2025 6:00,86,2,Wednesday,2,0,0,random_or_none,2,cold,0.301,260,0,0,0,0,0,0,0,normal,0,96,82
2/19/2025 7:00,96,2,Wednesday,2,0,0,random_or_none,1,rainy,0.962,260,0,0,0,0,0,0,0,extreme_weather,2,94,156
2/19/2025 8:00,94,2,Wednesday,2,0,0,random_or_none,2,cold,0.691,260,0,0,0,0,0,0,0,normal,0,96,179
2/19/2025 9:00,96,2,Wednesday,2,0,0,random_or_none,5,windy,0.318,260,0,0,0,0,0,0,0,normal,0,107,147
2/19/2025 10:00,107,2,Wednesday,2,0,0,random_or_none,2,cold,0.521,260,0,0,0,0,0,0,0,normal,0,115,130
2/19/2025 11:00,115,2,Wednesday,2,0,0,random_or_none,2,cold,0.471,260,0,0,0,0,0,0,0,normal,0,117,131
2/19/2025 12:00,117,2,Wednesday,2,0,0,random_or_none,2,cold,0.847,260,0,0,0,0,0,0,0,extreme_weather,2,120,122
2/19/2025 13:00,120,2,Wednesday,2,0,0,random_or_none,1,rainy,0.588,260,0,0,0,0,0,0,0,normal,0,126,123
2/19/2025 14:00,126,2,Wednesday,2,0,0,random_or_none,4,dusty,0.814,260,0,0,0,0,0,0,0,extreme_weather,2,127,129
2/19/2025 15:00,127,2,Wednesday,2,0,0,random_or_none,2,cold,0.658,260,0,0,0,0,0,0,0,normal,0,124,124
2/19/2025 16:00,124,2,Wednesday,2,0,0,random_or_none,5,windy,0.418,260,0,0,0,0,0,0,0,normal,0,126,124
2/19/2025 17:00,126,2,Wednesday,2,0,0,random_or_none,0,sunny,0.017,260,0,0,0,0,0,0,0,normal,0,126,124
2/19/2025 18:00,126,2,Wednesday,2,0,0,random_or_none,1,rainy,0.291,260,0,0,0,0,0,0,0,normal,0,118,126
2/19/2025 19:00,118,2,Wednesday,2,0,0,random_or_none,2,cold,0.489,260,0,0,0,0,0,0,0,normal,0,111,123
2/19/2025 20:00,111,2,Wednesday,2,0,0,random_or_none,5,windy,0.354,260,0,0,0,0,0,0,0,normal,0,109,109
2/19/2025 21:00,109,2,Wednesday,2,0,0,random_or_none,2,cold,0.328,260,0,0,0,0,0,0,0,normal,0,101,115
2/19/2025 22:00,101,2,Wednesday,2,0,0,random_or_none,5,windy,0.459,260,0,0,0,0,0,0,0,normal,0,99,145
2/19/2025 23:00,99,2,Wednesday,2,0,0,random_or_none,1,rainy,0.985,260,0,0,0,0,0,0,0,extreme_weather,2,87,116
2/20/2025 0:00,87,3,Thursday,2,0,0,random_or_none,5,windy,0.864,260,0,0,0,0,0,0,0,extreme_weather,2,71,101
2/20/2025 1:00,71,3,Thursday,2,0,0,random_or_none,0,sunny,0.146,260,0,0,0,0,0,0,0,normal,0,69,86
2/20/2025 2:00,69,3,Thursday,2,0,0,random_or_none,2,cold,0.301,260,0,0,0,0,0,0,0,normal,0,72,80
2/20/2025 3:00,72,3,Thursday,2,0,0,random_or_none,1,rainy,1,260,0,0,0,0,0,0,0,extreme_weather,2,76,74
2/20/2025 4:00,76,3,Thursday,2,0,0,random_or_none,2,cold,0.54,260,0,0,0,0,0,0,0,normal,0,80,74
2/20/2025 5:00,80,3,Thursday,2,0,0,random_or_none,5,windy,0.381,260,0,0,0,0,0,0,0,normal,0,82,77
2/20/2025 6:00,82,3,Thursday,2,0,0,random_or_none,3,hot,0.49,260,0,0,0,0,0,0,0,normal,0,156,80
2/20/2025 7:00,156,3,Thursday,2,0,0,random_or_none,1,rainy,0.574,260,0,1,150.64,0,0,0,0,emergency_spike,5,179,81
2/20/2025 8:00,179,3,Thursday,2,0,0,random_or_none,1,rainy,0.712,260,0,1,101.38,0,0,0,0,emergency_spike,5,147,86
2/20/2025 9:00,147,3,Thursday,2,0,0,random_or_none,2,cold,0.739,260,0,0,0,0,0,0,0,normal,0,130,96
2/20/2025 10:00,130,3,Thursday,2,0,0,random_or_none,1,rainy,0.245,260,0,0,0,0,0,0,0,normal,0,131,210
2/20/2025 11:00,131,3,Thursday,2,0,0,random_or_none,2,cold,0.958,260,0,0,0,0,0,0,0,extreme_weather,2,122,169
2/20/2025 12:00,122,3,Thursday,2,0,0,random_or_none,1,rainy,0.378,260,0,0,0,0,0,0,0,normal,0,123,150
2/20/2025 13:00,123,3,Thursday,2,0,0,random_or_none,4,dusty,0.329,260,0,0,0,0,0,0,0,normal,0,129,140
2/20/2025 14:00,129,3,Thursday,2,0,0,random_or_none,2,cold,0.883,260,0,0,0,0,0,0,0,extreme_weather,2,124,133
2/20/2025 15:00,124,3,Thursday,2,0,0,random_or_none,5,windy,0.289,260,0,0,0,0,0,0,0,normal,0,124,132
2/20/2025 16:00,124,3,Thursday,2,0,0,random_or_none,2,cold,0.973,260,0,0,0,0,0,0,0,extreme_weather,2,124,137
2/20/2025 17:00,124,3,Thursday,2,0,0,random_or_none,5,windy,0.386,260,0,0,0,0,0,0,0,normal,0,126,136
2/20/2025 18:00,126,3,Thursday,2,0,0,random_or_none,1,rainy,0.651,260,0,0,0,0,0,0,0,normal,0,123,122
2/20/2025 19:00,123,3,Thursday,2,0,0,random_or_none,1,rainy,0.576,260,0,0,0,0,0,0,0,normal,0,109,125
2/20/2025 20:00,109,3,Thursday,2,0,0,random_or_none,5,windy,0.781,260,0,0,0,0,0,0,0,extreme_weather,2,115,120
2/20/2025 21:00,115,3,Thursday,2,0,0,random_or_none,1,rainy,1,260,0,0,0,0,0,0,0,extreme_weather,2,145,114
2/20/2025 22:00,145,3,Thursday,2,0,0,random_or_none,0,sunny,0.129,260,0,1,103.36,0,0,0,0,emergency_spike,5,116,109
2/20/2025 23:00,116,3,Thursday,2,0,0,random_or_none,1,rainy,0.759,260,0,0,0,0,0,0,0,extreme_weather,2,101,99
2/21/2025 0:00,101,4,Friday,2,0,0,random_or_none,5,windy,0.883,260,0,0,0,0,0,0,0,extreme_weather,2,86,82
2/21/2025 1:00,86,4,Friday,2,0,0,random_or_none,2,cold,0.379,260,0,0,0,0,0,0,0,normal,0,80,66
2/21/2025 2:00,80,4,Friday,2,0,0,random_or_none,2,cold,0.438,260,0,0,0,0,0,0,0,normal,0,74,66
2/21/2025 3:00,74,4,Friday,2,0,0,random_or_none,1,rainy,0.925,260,0,0,0,0,0,0,0,extreme_weather,2,74,65
2/21/2025 4:00,74,4,Friday,2,0,0,random_or_none,2,cold,0.843,260,0,0,0,0,0,0,0,extreme_weather,2,77,57
2/21/2025 5:00,77,4,Friday,2,0,0,random_or_none,1,rainy,0.371,260,0,0,0,0,0,0,0,normal,0,80,61
2/21/2025 6:00,80,4,Friday,2,0,0,random_or_none,0,sunny,0.01,260,0,0,0,0,0,0,0,normal,0,81,65
2/21/2025 7:00,81,4,Friday,2,0,0,random_or_none,2,cold,0.425,260,0,0,0,0,0,0,0,normal,0,86,67
2/21/2025 8:00,86,4,Friday,2,0,0,random_or_none,2,cold,0.781,260,0,0,0,0,0,0,0,extreme_weather,2,96,80
2/21/2025 9:00,96,4,Friday,2,0,0,random_or_none,1,rainy,0.51,260,0,0,0,0,0,0,0,normal,0,210,93
2/21/2025 10:00,210,4,Friday,2,0,0,random_or_none,1,rainy,0.929,260,0,1,210.85,0,0,0,0,emergency_spike,5,169,105
2/21/2025 11:00,169,4,Friday,2,0,0,random_or_none,2,cold,0.666,260,0,0,0,0,0,0,0,normal,0,150,101
2/21/2025 12:00,150,4,Friday,2,0,0,random_or_none,2,cold,0.432,260,0,0,0,0,0,0,0,normal,0,140,99
2/21/2025 13:00,140,4,Friday,2,0,0,random_or_none,1,rainy,0.508,260,0,0,0,0,0,0,0,normal,0,133,105
2/21/2025 14:00,133,4,Friday,2,0,0,random_or_none,1,rainy,0.676,260,0,0,0,0,0,0,0,normal,0,132,109
2/21/2025 15:00,132,4,Friday,2,0,0,random_or_none,2,cold,0.281,260,0,0,0,0,0,0,0,normal,0,137,113
2/21/2025 16:00,137,4,Friday,2,0,0,random_or_none,2,cold,0.822,260,0,0,0,0,0,0,0,extreme_weather,2,136,119
2/21/2025 17:00,136,4,Friday,2,0,0,random_or_none,2,cold,0.596,260,0,0,0,0,0,0,0,normal,0,122,121
2/21/2025 18:00,122,4,Friday,2,0,0,random_or_none,5,windy,0.619,260,0,0,0,0,0,0,0,normal,0,125,124
2/21/2025 19:00,125,4,Friday,2,0,0,random_or_none,2,cold,0.279,260,0,0,0,0,0,0,0,normal,0,120,117
2/21/2025 20:00,120,4,Friday,2,0,0,random_or_none,2,cold,0.367,260,0,0,0,0,0,0,0,normal,0,114,99
2/21/2025 21:00,114,4,Friday,2,0,0,random_or_none,1,rainy,0.329,260,0,0,0,0,0,0,0,normal,0,109,94
2/21/2025 22:00,109,4,Friday,2,0,0,random_or_none,1,rainy,0.54,260,0,0,0,0,0,0,0,normal,0,99,87
2/21/2025 23:00,99,4,Friday,2,0,0,random_or_none,1,rainy,0.473,260,0,0,0,0,0,0,0,normal,0,82,74
2/22/2025 0:00,82,5,Saturday,2,1,0,random_or_none,5,windy,0.304,260,0,0,0,0,0,0,0,normal,0,66,68
2/22/2025 1:00,66,5,Saturday,2,1,0,random_or_none,2,cold,0.57,260,0,0,0,0,0,0,0,normal,0,66,52
2/22/2025 2:00,66,5,Saturday,2,1,0,random_or_none,1,rainy,0.991,260,0,0,0,0,0,0,0,extreme_weather,2,65,54
2/22/2025 3:00,65,5,Saturday,2,1,0,random_or_none,2,cold,0.751,260,0,0,0,0,0,0,0,extreme_weather,2,57,54
2/22/2025 4:00,57,5,Saturday,2,1,0,random_or_none,0,sunny,0.251,260,0,0,0,0,0,0,0,normal,0,61,52
2/22/2025 5:00,61,5,Saturday,2,1,0,random_or_none,1,rainy,0.689,260,0,0,0,0,0,0,0,normal,0,65,63
2/22/2025 6:00,65,5,Saturday,2,1,0,random_or_none,2,cold,0.894,260,0,0,0,0,0,0,0,extreme_weather,2,67,62
2/22/2025 7:00,67,5,Saturday,2,1,0,random_or_none,2,cold,0.466,260,0,0,0,0,0,0,0,normal,0,80,66
2/22/2025 8:00,80,5,Saturday,2,1,0,random_or_none,1,rainy,0.999,260,0,0,0,0,0,0,0,extreme_weather,2,93,72
2/22/2025 9:00,93,5,Saturday,2,1,0,random_or_none,1,rainy,1,260,0,0,0,0,0,0,0,extreme_weather,2,105,83
2/22/2025 10:00,105,5,Saturday,2,1,0,random_or_none,1,rainy,0.975,260,0,0,0,0,0,0,0,extreme_weather,2,101,92
2/22/2025 11:00,101,5,Saturday,2,1,0,random_or_none,2,cold,0.42,260,0,0,0,0,0,0,0,normal,0,99,96
2/22/2025 12:00,99,5,Saturday,2,1,0,random_or_none,5,windy,0.724,260,0,0,0,0,0,0,0,normal,0,105,100
2/22/2025 13:00,105,5,Saturday,2,1,0,random_or_none,0,sunny,0.222,260,0,0,0,0,0,0,0,normal,0,109,101
2/22/2025 14:00,109,5,Saturday,2,1,0,random_or_none,2,cold,0.439,260,0,0,0,0,0,0,0,normal,0,113,110
2/22/2025 15:00,113,5,Saturday,2,1,0,random_or_none,2,cold,0.34,260,0,0,0,0,0,0,0,normal,0,119,116
2/22/2025 16:00,119,5,Saturday,2,1,0,random_or_none,1,rainy,1,260,0,0,0,0,0,0,0,extreme_weather,2,121,117
2/22/2025 17:00,121,5,Saturday,2,1,0,random_or_none,2,cold,0.834,260,0,0,0,0,0,0,0,extreme_weather,2,124,118
2/22/2025 18:00,124,5,Saturday,2,1,0,random_or_none,1,rainy,0.342,260,0,0,0,0,0,0,0,normal,0,117,114
2/22/2025 19:00,117,5,Saturday,2,1,0,random_or_none,2,cold,0.433,260,0,0,0,0,0,0,0,normal,0,99,105
2/22/2025 20:00,99,5,Saturday,2,1,0,random_or_none,0,sunny,0.235,260,0,0,0,0,0,0,0,normal,0,94,101
2/22/2025 21:00,94,5,Saturday,2,1,0,random_or_none,0,sunny,0.083,260,0,0,0,0,0,0,0,normal,0,87,91
2/22/2025 22:00,87,5,Saturday,2,1,0,random_or_none,1,rainy,0.396,260,0,0,0,0,0,0,0,normal,0,74,107
2/22/2025 23:00,74,5,Saturday,2,1,0,random_or_none,1,rainy,0.362,260,0,0,0,0,0,0,0,normal,0,68,86
2/23/2025 0:00,68,6,Sunday,2,1,0,random_or_none,2,cold,0.935,260,0,0,0,0,0,0,0,extreme_weather,2,52,77
2/23/2025 1:00,52,6,Sunday,2,1,0,random_or_none,2,cold,0.312,260,0,0,0,0,0,0,0,normal,0,54,71
2/23/2025 2:00,54,6,Sunday,2,1,0,random_or_none,2,cold,0.856,260,0,0,0,0,0,0,0,extreme_weather,2,54,75
2/23/2025 3:00,54,6,Sunday,2,1,0,random_or_none,1,rainy,0.617,260,0,0,0,0,0,0,0,normal,0,52,71
2/23/2025 4:00,52,6,Sunday,2,1,0,random_or_none,5,windy,0.259,260,0,0,0,0,0,0,0,normal,0,63,76
2/23/2025 5:00,63,6,Sunday,2,1,0,random_or_none,1,rainy,0.929,260,0,0,0,0,0,0,0,extreme_weather,2,62,78
2/23/2025 6:00,62,6,Sunday,2,1,0,random_or_none,5,windy,0.191,260,0,0,0,0,0,0,0,normal,0,66,84
2/23/2025 7:00,66,6,Sunday,2,1,0,random_or_none,2,cold,0.784,260,0,0,0,0,0,0,0,extreme_weather,2,72,93
2/23/2025 8:00,72,6,Sunday,2,1,0,random_or_none,5,windy,0.551,260,0,0,0,0,0,0,0,normal,0,83,102
2/23/2025 9:00,83,6,Sunday,2,1,0,random_or_none,4,dusty,0.896,260,0,0,0,0,0,0,0,extreme_weather,2,92,111
2/23/2025 10:00,92,6,Sunday,2,1,0,random_or_none,2,cold,1,260,0,0,0,0,0,0,0,extreme_weather,2,96,111
2/23/2025 11:00,96,6,Sunday,2,1,0,random_or_none,1,rainy,0.576,260,0,0,0,0,0,0,0,normal,0,100,109
2/23/2025 12:00,100,6,Sunday,2,1,0,random_or_none,5,windy,0.356,260,0,0,0,0,0,0,0,normal,0,101,116
2/23/2025 13:00,101,6,Sunday,2,1,0,random_or_none,5,windy,0.845,260,0,0,0,0,0,0,0,extreme_weather,2,110,117
2/23/2025 14:00,110,6,Sunday,2,1,0,random_or_none,1,rainy,0.95,260,0,0,0,0,0,0,0,extreme_weather,2,116,129
2/23/2025 15:00,116,6,Sunday,2,1,0,random_or_none,1,rainy,0.866,260,0,0,0,0,0,0,0,extreme_weather,2,117,134
2/23/2025 16:00,117,6,Sunday,2,1,0,random_or_none,5,windy,0.721,260,0,0,0,0,0,0,0,normal,0,118,131
2/23/2025 17:00,118,6,Sunday,2,1,0,random_or_none,1,rainy,0.232,260,0,0,0,0,0,0,0,normal,0,114,136
2/23/2025 18:00,114,6,Sunday,2,1,0,random_or_none,1,rainy,0.326,260,0,0,0,0,0,0,0,normal,0,105,138
2/23/2025 19:00,105,6,Sunday,2,1,0,random_or_none,2,cold,0.707,260,0,0,0,0,0,0,0,normal,0,101,126
2/23/2025 20:00,101,6,Sunday,2,1,0,random_or_none,1,rainy,0.919,260,0,0,0,0,0,0,0,extreme_weather,2,91,122
2/23/2025 21:00,91,6,Sunday,2,1,0,random_or_none,2,cold,0.318,260,0,0,0,0,0,0,0,normal,0,107,119
2/23/2025 22:00,107,6,Sunday,2,1,0,random_or_none,2,cold,0.912,260,0,1,58.16,0,0,0,0,emergency_spike,5,86,113
2/23/2025 23:00,86,6,Sunday,2,1,0,random_or_none,2,cold,0.336,260,0,0,0,0,0,0,0,normal,0,77,104
2/24/2025 0:00,77,0,Monday,2,0,0,random_or_none,0,sunny,0.017,260,0,0,0,0,0,0,0,normal,0,71,83
2/24/2025 1:00,71,0,Monday,2,0,0,random_or_none,0,sunny,0.06,260,0,0,0,0,0,0,0,normal,0,75,78
2/24/2025 2:00,75,0,Monday,2,0,0,random_or_none,2,cold,0.71,260,0,0,0,0,0,0,0,normal,0,71,79
2/24/2025 3:00,71,0,Monday,2,0,0,random_or_none,2,cold,0.494,260,0,0,0,0,0,0,0,normal,0,76,79
2/24/2025 4:00,76,0,Monday,2,0,0,random_or_none,2,cold,0.817,260,0,0,0,0,0,0,0,extreme_weather,2,78,77
2/24/2025 5:00,78,0,Monday,2,0,0,random_or_none,0,sunny,0.254,260,0,0,0,0,0,0,0,normal,0,84,78
2/24/2025 6:00,84,0,Monday,2,0,0,random_or_none,2,cold,0.799,260,0,0,0,0,0,0,0,extreme_weather,2,93,146
2/24/2025 7:00,93,0,Monday,2,0,0,random_or_none,2,cold,0.734,260,0,0,0,0,0,0,0,normal,0,102,126
2/24/2025 8:00,102,0,Monday,2,0,0,random_or_none,1,rainy,1,260,0,0,0,0,0,0,0,extreme_weather,2,111,117
2/24/2025 9:00,111,0,Monday,2,0,0,random_or_none,1,rainy,0.689,260,0,0,0,0,0,0,0,normal,0,111,109
2/24/2025 10:00,111,0,Monday,2,0,0,random_or_none,2,cold,0.969,260,0,0,0,0,0,0,0,extreme_weather,2,109,150
2/24/2025 11:00,109,0,Monday,2,0,0,random_or_none,0,sunny,0.248,260,0,0,0,0,0,0,0,normal,0,116,142
2/24/2025 12:00,116,0,Monday,2,0,0,random_or_none,2,cold,0.636,260,0,0,0,0,0,0,0,normal,0,117,134
2/24/2025 13:00,117,0,Monday,2,0,0,random_or_none,0,sunny,0.014,260,0,0,0,0,0,0,0,normal,0,129,127
2/24/2025 14:00,129,0,Monday,2,0,0,random_or_none,2,cold,0.621,260,0,0,0,0,0,0,0,normal,0,134,132
2/24/2025 15:00,134,0,Monday,2,0,0,random_or_none,1,rainy,0.455,260,0,0,0,0,0,0,0,normal,0,131,132
2/24/2025 16:00,131,0,Monday,2,0,0,random_or_none,1,rainy,1,260,0,0,0,0,0,0,0,extreme_weather,2,136,133
2/24/2025 17:00,136,0,Monday,2,0,0,random_or_none,2,cold,0.961,260,0,0,0,0,0,0,0,extreme_weather,2,138,125
2/24/2025 18:00,138,0,Monday,2,0,0,random_or_none,1,rainy,0.443,260,0,0,0,0,0,0,0,normal,0,126,125
2/24/2025 19:00,126,0,Monday,2,0,0,random_or_none,0,sunny,0.223,260,0,0,0,0,0,0,0,normal,0,122,120
2/24/2025 20:00,122,0,Monday,2,0,0,random_or_none,2,cold,0.268,260,0,0,0,0,0,0,0,normal,0,119,109
2/24/2025 21:00,119,0,Monday,2,0,0,random_or_none,2,cold,0.946,260,0,0,0,0,0,0,0,extreme_weather,2,113,108
2/24/2025 22:00,113,0,Monday,2,0,0,random_or_none,3,hot,0.599,260,0,0,0,0,0,0,0,normal,0,104,98
2/24/2025 23:00,104,0,Monday,2,0,0,random_or_none,2,cold,0.493,260,0,0,0,0,0,0,0,normal,0,83,89
2/25/2025 0:00,83,1,Tuesday,2,0,0,random_or_none,0,sunny,0.262,260,0,0,0,0,0,0,0,normal,0,78,81
2/25/2025 1:00,78,1,Tuesday,2,0,0,random_or_none,2,cold,0.949,260,0,0,0,0,0,0,0,extreme_weather,2,79,69
2/25/2025 2:00,79,1,Tuesday,2,0,0,random_or_none,2,cold,0.927,260,0,0,0,0,0,0,0,extreme_weather,2,79,69
2/25/2025 3:00,79,1,Tuesday,2,0,0,random_or_none,2,cold,0.954,260,0,0,0,0,0,0,0,extreme_weather,2,77,71
2/25/2025 4:00,77,1,Tuesday,2,0,0,random_or_none,0,sunny,0.037,260,0,0,0,0,0,0,0,normal,0,78,70
2/25/2025 5:00,78,1,Tuesday,2,0,0,random_or_none,5,windy,0.51,260,0,0,0,0,0,0,0,normal,0,146,68
2/25/2025 6:00,146,1,Tuesday,2,0,0,random_or_none,2,cold,0.743,260,0,1,162.25,0,0,0,0,emergency_spike,5,126,79
2/25/2025 7:00,126,1,Tuesday,2,0,0,random_or_none,3,hot,0.876,260,0,0,0,0,0,0,0,extreme_weather,2,117,82
2/25/2025 8:00,117,1,Tuesday,2,0,0,random_or_none,2,cold,0.968,260,0,0,0,0,0,0,0,extreme_weather,2,109,88
2/25/2025 9:00,109,1,Tuesday,2,0,0,random_or_none,1,rainy,0.696,260,0,0,0,0,0,0,0,normal,0,150,99
2/25/2025 10:00,150,1,Tuesday,2,0,0,random_or_none,2,cold,0.838,260,0,1,91.69,0,0,0,0,emergency_spike,5,142,109
2/25/2025 11:00,142,1,Tuesday,2,0,0,random_or_none,1,rainy,0.987,260,0,0,0,0,0,0,0,extreme_weather,2,134,117
2/25/2025 12:00,134,1,Tuesday,2,0,0,random_or_none,0,sunny,0.258,260,0,0,0,0,0,0,0,normal,0,127,121
2/25/2025 13:00,127,1,Tuesday,2,0,0,random_or_none,2,cold,0.327,260,0,0,0,0,0,0,0,normal,0,132,119
2/25/2025 14:00,132,1,Tuesday,2,0,0,random_or_none,1,rainy,0.551,260,0,0,0,0,0,0,0,normal,0,132,124
2/25/2025 15:00,132,1,Tuesday,2,0,0,random_or_none,2,cold,0.434,260,0,0,0,0,0,0,0,normal,0,133,127
2/25/2025 16:00,133,1,Tuesday,2,0,0,random_or_none,1,rainy,1,260,0,0,0,0,0,0,0,extreme_weather,2,125,125
2/25/2025 17:00,125,1,Tuesday,2,0,0,random_or_none,1,rainy,0.73,260,0,0,0,0,0,0,0,normal,0,125,129
2/25/2025 18:00,125,1,Tuesday,2,0,0,random_or_none,2,cold,0.846,260,0,0,0,0,0,0,0,extreme_weather,2,120,121
2/25/2025 19:00,120,1,Tuesday,2,0,0,random_or_none,2,cold,0.606,260,0,0,0,0,0,0,0,normal,0,109,118
2/25/2025 20:00,109,1,Tuesday,2,0,0,random_or_none,0,sunny,0.18,260,0,0,0,0,0,0,0,normal,0,108,123
2/25/2025 21:00,108,1,Tuesday,2,0,0,random_or_none,5,windy,0.76,260,0,0,0,0,0,0,0,extreme_weather,2,98,109
2/25/2025 22:00,98,1,Tuesday,2,0,0,random_or_none,1,rainy,0.817,260,0,0,0,0,0,0,0,extreme_weather,2,89,105
2/25/2025 23:00,89,1,Tuesday,2,0,0,random_or_none,0,sunny,0.016,260,0,0,0,0,0,0,0,normal,0,81,93
2/26/2025 0:00,81,2,Wednesday,2,0,0,random_or_none,5,windy,0.385,260,0,0,0,0,0,0,0,normal,0,69,86
2/26/2025 1:00,69,2,Wednesday,2,0,0,random_or_none,0,sunny,0.119,260,0,0,0,0,0,0,0,normal,0,69,85
2/26/2025 2:00,69,2,Wednesday,2,0,0,random_or_none,0,sunny,0.074,260,0,0,0,0,0,0,0,normal,0,71,79
2/26/2025 3:00,71,2,Wednesday,2,0,0,random_or_none,1,rainy,0.55,260,0,0,0,0,0,0,0,normal,0,70,82
2/26/2025 4:00,70,2,Wednesday,2,0,0,random_or_none,2,cold,0.761,260,0,0,0,0,0,0,0,extreme_weather,2,68,66
2/26/2025 5:00,68,2,Wednesday,2,0,0,random_or_none,5,windy,0.377,260,0,0,0,0,0,0,0,normal,0,79,73
2/26/2025 6:00,79,2,Wednesday,2,0,0,random_or_none,1,rainy,0.897,260,0,0,0,0,0,0,0,extreme_weather,2,82,81
2/26/2025 7:00,82,2,Wednesday,2,0,0,random_or_none,2,cold,0.465,260,0,0,0,0,0,0,0,normal,0,88,86
2/26/2025 8:00,88,2,Wednesday,2,0,0,random_or_none,2,cold,0.292,260,0,0,0,0,0,0,0,normal,0,99,87
2/26/2025 9:00,99,2,Wednesday,2,0,0,random_or_none,0,sunny,0.189,260,0,0,0,0,0,0,0,normal,0,109,91
2/26/2025 10:00,109,2,Wednesday,2,0,0,random_or_none,5,windy,0.261,260,0,0,0,0,0,0,0,normal,0,117,98
2/26/2025 11:00,117,2,Wednesday,2,0,0,random_or_none,5,windy,0.484,260,0,0,0,0,0,0,0,normal,0,121,105
2/26/2025 12:00,121,2,Wednesday,2,0,0,random_or_none,2,cold,0.574,260,0,0,0,0,0,0,0,normal,0,119,115
2/26/2025 13:00,119,2,Wednesday,2,0,0,random_or_none,2,cold,0.404,260,0,0,0,0,0,0,0,normal,0,124,120
2/26/2025 14:00,124,2,Wednesday,2,0,0,random_or_none,2,cold,0.659,260,0,0,0,0,0,0,0,normal,0,127,121
2/26/2025 15:00,127,2,Wednesday,2,0,0,random_or_none,2,cold,0.694,260,0,0,0,0,0,0,0,normal,0,125,122
2/26/2025 16:00,125,2,Wednesday,2,0,0,random_or_none,0,sunny,0.304,260,0,0,0,0,0,0,0,normal,0,129,130
2/26/2025 17:00,129,2,Wednesday,2,0,0,random_or_none,1,rainy,0.683,260,0,0,0,0,0,0,0,normal,0,121,129
2/26/2025 18:00,121,2,Wednesday,2,0,0,random_or_none,0,sunny,0.041,260,0,0,0,0,0,0,0,normal,0,118,130
2/26/2025 19:00,118,2,Wednesday,2,0,0,random_or_none,1,rainy,0.438,260,0,0,0,0,0,0,0,normal,0,123,128
2/26/2025 20:00,123,2,Wednesday,2,0,0,random_or_none,1,rainy,0.694,260,0,0,0,0,0,0,0,normal,0,109,132
2/26/2025 21:00,109,2,Wednesday,2,0,0,random_or_none,5,windy,0.501,260,0,0,0,0,0,0,0,normal,0,105,117
2/26/2025 22:00,105,2,Wednesday,2,0,0,random_or_none,5,windy,0.443,260,0,0,0,0,0,0,0,normal,0,93,106
2/26/2025 23:00,93,2,Wednesday,2,0,0,random_or_none,2,cold,0.7,260,0,0,0,0,0,0,0,normal,0,86,94
2/27/2025 0:00,86,3,Thursday,2,0,0,random_or_none,2,cold,0.731,260,0,0,0,0,0,0,0,normal,0,85,82
2/27/2025 1:00,85,3,Thursday,2,0,0,random_or_none,1,rainy,0.976,260,0,0,0,0,0,0,0,extreme_weather,2,79,76
2/27/2025 2:00,79,3,Thursday,2,0,0,random_or_none,2,cold,0.768,260,0,0,0,0,0,0,0,extreme_weather,2,82,71
2/27/2025 3:00,82,3,Thursday,2,0,0,random_or_none,2,cold,0.92,260,0,0,0,0,0,0,0,extreme_weather,2,66,72
2/27/2025 4:00,66,3,Thursday,2,0,0,random_or_none,2,cold,0.319,260,0,0,0,0,0,0,0,normal,0,73,72
2/27/2025 5:00,73,3,Thursday,2,0,0,random_or_none,5,windy,0.727,260,0,0,0,0,0,0,0,normal,0,81,82
2/27/2025 6:00,81,3,Thursday,2,0,0,random_or_none,1,rainy,1,260,0,0,0,0,0,0,0,extreme_weather,2,86,74
2/27/2025 7:00,86,3,Thursday,2,0,0,random_or_none,2,cold,1,260,0,0,0,0,0,0,0,extreme_weather,2,87,79
2/27/2025 8:00,87,3,Thursday,2,0,0,random_or_none,5,windy,0.881,260,0,0,0,0,0,0,0,extreme_weather,2,91,90
2/27/2025 9:00,91,3,Thursday,2,0,0,random_or_none,2,cold,0.698,260,0,0,0,0,0,0,0,normal,0,98,97
2/27/2025 10:00,98,3,Thursday,2,0,0,random_or_none,2,cold,0.408,260,0,0,0,0,0,0,0,normal,0,105,107
2/27/2025 11:00,105,3,Thursday,2,0,0,random_or_none,1,rainy,0.92,260,0,0,0,0,0,0,0,extreme_weather,2,115,112
2/27/2025 12:00,115,3,Thursday,2,0,0,random_or_none,0,sunny,0.043,260,0,0,0,0,0,0,0,normal,0,120,115
2/27/2025 13:00,120,3,Thursday,2,0,0,random_or_none,2,cold,0.897,260,0,0,0,0,0,0,0,extreme_weather,2,121,120
2/27/2025 14:00,121,3,Thursday,2,0,0,random_or_none,2,cold,0.507,260,0,0,0,0,0,0,0,normal,0,122,127
2/27/2025 15:00,122,3,Thursday,2,0,0,random_or_none,5,windy,0.547,260,0,0,0,0,0,0,0,normal,0,130,131
2/27/2025 16:00,130,3,Thursday,2,0,0,random_or_none,2,cold,0.659,260,0,0,0,0,0,0,0,normal,0,129,124
2/27/2025 17:00,129,3,Thursday,2,0,0,random_or_none,5,windy,0.858,260,0,0,0,0,0,0,0,extreme_weather,2,130,118
2/27/2025 18:00,130,3,Thursday,2,0,0,random_or_none,5,windy,0.688,260,0,0,0,0,0,0,0,normal,0,128,112
2/27/2025 19:00,128,3,Thursday,2,0,0,random_or_none,2,cold,0.844,260,0,0,0,0,0,0,0,extreme_weather,2,132,121
2/27/2025 20:00,132,3,Thursday,2,0,0,random_or_none,2,cold,0.915,260,0,0,0,0,0,0,0,extreme_weather,2,117,122
2/27/2025 21:00,117,3,Thursday,2,0,0,random_or_none,5,windy,0.807,260,0,0,0,0,0,0,0,extreme_weather,2,106,118
2/27/2025 22:00,106,3,Thursday,2,0,0,random_or_none,2,cold,0.969,260,0,0,0,0,0,0,0,extreme_weather,2,94,108
2/27/2025 23:00,94,3,Thursday,2,0,0,random_or_none,2,cold,0.955,260,0,0,0,0,0,0,0,extreme_weather,2,82,97
2/28/2025 0:00,82,4,Friday,2,0,0,random_or_none,2,cold,0.6,260,0,0,0,0,0,0,0,normal,0,76,78
2/28/2025 1:00,76,4,Friday,2,0,0,random_or_none,1,rainy,0.598,260,0,0,0,0,0,0,0,normal,0,71,69
2/28/2025 2:00,71,4,Friday,2,0,0,random_or_none,5,windy,0.811,260,0,0,0,0,0,0,0,extreme_weather,2,72,63
2/28/2025 3:00,72,4,Friday,2,0,0,random_or_none,5,windy,0.81,260,0,0,0,0,0,0,0,extreme_weather,2,72,66
2/28/2025 4:00,72,4,Friday,2,0,0,random_or_none,1,rainy,0.448,260,0,0,0,0,0,0,0,normal,0,82,60
2/28/2025 5:00,82,4,Friday,2,0,0,random_or_none,2,cold,0.949,260,0,0,0,0,0,0,0,extreme_weather,2,74,60
2/28/2025 6:00,74,4,Friday,2,0,0,random_or_none,0,sunny,0.106,260,0,0,0,0,0,0,0,normal,0,79,75
2/28/2025 7:00,79,4,Friday,2,0,0,random_or_none,0,sunny,0.091,260,0,0,0,0,0,0,0,normal,0,90,79
2/28/2025 8:00,90,4,Friday,2,0,0,random_or_none,2,cold,0.909,260,0,0,0,0,0,0,0,extreme_weather,2,97,74
2/28/2025 9:00,97,4,Friday,2,0,0,random_or_none,2,cold,0.489,260,0,0,0,0,0,0,0,normal,0,107,74
2/28/2025 10:00,107,4,Friday,2,0,0,random_or_none,5,windy,0.853,260,0,0,0,0,0,0,0,extreme_weather,2,112,76
2/28/2025 11:00,112,4,Friday,2,0,0,random_or_none,2,cold,0.822,260,0,0,0,0,0,0,0,extreme_weather,2,115,81
2/28/2025 12:00,115,4,Friday,2,0,0,random_or_none,2,cold,0.594,260,0,0,0,0,0,0,0,normal,0,120,92
2/28/2025 13:00,120,4,Friday,2,0,0,random_or_none,5,windy,0.491,260,0,0,0,0,0,0,0,normal,0,127,101
2/28/2025 14:00,127,4,Friday,2,0,0,random_or_none,1,rainy,0.543,260,0,0,0,0,0,0,0,normal,0,131,92
2/28/2025 15:00,131,4,Friday,2,0,0,random_or_none,2,cold,0.768,260,0,0,0,0,0,0,0,extreme_weather,2,124,130
2/28/2025 16:00,124,4,Friday,2,0,0,random_or_none,5,windy,0.804,260,0,0,0,0,0,0,0,extreme_weather,2,118,113
2/28/2025 17:00,118,4,Friday,2,0,0,random_or_none,5,windy,0.861,260,0,0,0,0,0,0,0,extreme_weather,2,112,103
2/28/2025 18:00,112,4,Friday,2,0,0,random_or_none,2,cold,0.398,260,0,0,0,0,0,0,0,normal,0,121,104
2/28/2025 19:00,121,4,Friday,2,0,0,random_or_none,1,rainy,0.727,260,0,0,0,0,0,0,0,normal,0,122,97
2/28/2025 20:00,122,4,Friday,2,0,0,random_or_none,2,cold,0.401,260,0,0,0,0,0,0,0,normal,0,118,91
2/28/2025 21:00,118,4,Friday,2,0,0,random_or_none,2,cold,0.521,260,0,0,0,0,0,0,0,normal,0,108,81
2/28/2025 22:00,108,4,Friday,2,0,0,random_or_none,2,cold,0.485,260,0,0,0,0,0,0,0,normal,0,97,76
2/28/2025 23:00,97,4,Friday,2,0,0,random_or_none,5,windy,0.466,260,0,0,0,0,0,0,0,normal,0,78,119
3/1/2025 0:00,78,5,Saturday,3,1,0,random_or_none,0,sunny,0.099,260,0,0,0,0,0,0,0,normal,0,69,87
3/1/2025 1:00,69,5,Saturday,3,1,0,random_or_none,1,rainy,0.204,260,0,0,0,0,0,0,0,normal,0,63,69
3/1/2025 2:00,63,5,Saturday,3,1,0,random_or_none,1,rainy,0.398,260,0,0,0,0,0,0,0,normal,0,66,63
3/1/2025 3:00,66,5,Saturday,3,1,0,random_or_none,2,cold,0.725,260,0,0,0,0,0,0,0,normal,0,60,55
3/1/2025 4:00,60,5,Saturday,3,1,0,random_or_none,0,sunny,0.223,260,0,0,0,0,0,0,0,normal,0,60,63
3/1/2025 5:00,60,5,Saturday,3,1,0,random_or_none,5,windy,0.329,260,0,0,0,0,0,0,0,normal,0,75,62
3/1/2025 6:00,75,5,Saturday,3,1,0,random_or_none,1,rainy,0.87,260,0,0,0,0,0,0,0,extreme_weather,2,79,58
3/1/2025 7:00,79,5,Saturday,3,1,0,random_or_none,1,rainy,0.372,260,0,0,0,0,0,0,0,normal,0,74,66
3/1/2025 8:00,74,5,Saturday,3,1,0,random_or_none,0,sunny,0.009,260,0,0,0,0,0,1,0.156,staff_shortage,4,74,67
3/1/2025 9:00,74,5,Saturday,3,1,0,random_or_none,5,windy,0.691,260,0,0,0,0,0,1,0.156,staff_shortage,4,76,69
3/1/2025 10:00,76,5,Saturday,3,1,0,random_or_none,1,rainy,0.756,260,0,0,0,0,0,1,0.156,extreme_weather,2,81,71
3/1/2025 11:00,81,5,Saturday,3,1,0,random_or_none,1,rainy,0.165,260,0,0,0,0,0,1,0.156,staff_shortage,4,92,80
3/1/2025 12:00,92,5,Saturday,3,1,0,random_or_none,1,rainy,0.92,260,0,0,0,0,0,1,0.156,extreme_weather,2,101,85
3/1/2025 13:00,101,5,Saturday,3,1,0,random_or_none,2,cold,0.535,260,0,0,0,0,0,1,0.156,staff_shortage,4,92,84
3/1/2025 14:00,92,5,Saturday,3,1,0,random_or_none,1,rainy,0.406,260,0,0,0,0,0,1,0.156,staff_shortage,4,130,90
3/1/2025 15:00,130,5,Saturday,3,1,0,random_or_none,0,sunny,0.063,260,0,1,81.09,0,0,1,0.156,emergency_spike,5,113,91
3/1/2025 16:00,113,5,Saturday,3,1,0,random_or_none,1,rainy,0.223,260,0,0,0,0,0,1,0.156,staff_shortage,4,103,98
3/1/2025 17:00,103,5,Saturday,3,1,0,random_or_none,0,sunny,0.269,260,0,0,0,0,0,1,0.156,staff_shortage,4,104,97
3/1/2025 18:00,104,5,Saturday,3,1,0,random_or_none,4,dusty,0.709,260,0,0,0,0,0,1,0.156,staff_shortage,4,97,92
3/1/2025 19:00,97,5,Saturday,3,1,0,random_or_none,5,windy,0.433,260,0,0,0,0,0,1,0.156,staff_shortage,4,91,97
3/1/2025 20:00,91,5,Saturday,3,1,0,random_or_none,2,cold,0.293,260,0,0,0,0,0,1,0.156,staff_shortage,4,81,90
3/1/2025 21:00,81,5,Saturday,3,1,0,random_or_none,0,sunny,0.209,260,0,0,0,0,0,1,0.156,staff_shortage,4,76,84
3/1/2025 22:00,76,5,Saturday,3,1,0,random_or_none,1,rainy,0.554,260,0,0,0,0,0,1,0.156,staff_shortage,4,119,74
3/1/2025 23:00,119,5,Saturday,3,1,0,random_or_none,1,rainy,0.202,260,0,1,106.74,0,0,1,0.156,emergency_spike,5,87,136
3/2/2025 0:00,87,6,Sunday,3,1,0,random_or_none,4,dusty,0.214,260,0,0,0,0,0,1,0.156,staff_shortage,4,69,105
3/2/2025 1:00,69,6,Sunday,3,1,0,random_or_none,5,windy,0.701,260,0,0,0,0,0,1,0.156,staff_shortage,4,63,83
3/2/2025 2:00,63,6,Sunday,3,1,0,random_or_none,1,rainy,0.827,260,0,0,0,0,0,1,0.156,extreme_weather,2,55,71
3/2/2025 3:00,55,6,Sunday,3,1,0,random_or_none,1,rainy,0.285,260,0,0,0,0,0,1,0.156,staff_shortage,4,63,70
3/2/2025 4:00,63,6,Sunday,3,1,0,random_or_none,4,dusty,0.921,260,0,0,0,0,0,1,0.156,extreme_weather,2,62,71
3/2/2025 5:00,62,6,Sunday,3,1,0,random_or_none,3,hot,0.647,260,0,0,0,0,0,1,0.156,staff_shortage,4,58,67
3/2/2025 6:00,58,6,Sunday,3,1,0,random_or_none,0,sunny,0.021,260,0,0,0,0,0,1,0.156,staff_shortage,4,66,76
3/2/2025 7:00,66,6,Sunday,3,1,0,random_or_none,5,windy,1,260,0,0,0,0,0,1,0.156,extreme_weather,2,67,80
3/2/2025 8:00,67,6,Sunday,3,1,0,random_or_none,2,cold,0.311,260,0,0,0,0,0,1,0.156,staff_shortage,4,69,79
3/2/2025 9:00,69,6,Sunday,3,1,0,random_or_none,0,sunny,0.244,260,0,0,0,0,0,1,0.156,staff_shortage,4,71,85
3/2/2025 10:00,71,6,Sunday,3,1,0,random_or_none,5,windy,1,260,0,0,0,0,0,1,0.156,extreme_weather,2,80,88
3/2/2025 11:00,80,6,Sunday,3,1,0,random_or_none,2,cold,0.809,260,0,0,0,0,0,1,0.156,extreme_weather,2,85,97
3/2/2025 12:00,85,6,Sunday,3,1,0,random_or_none,3,hot,0.716,260,0,0,0,0,0,1,0.156,staff_shortage,4,84,110
3/2/2025 13:00,84,6,Sunday,3,1,0,random_or_none,0,sunny,0.336,260,0,0,0,0,0,1,0.156,staff_shortage,4,90,106
3/2/2025 14:00,90,6,Sunday,3,1,0,random_or_none,4,dusty,0.3,260,0,0,0,0,0,1,0.156,staff_shortage,4,91,175
3/2/2025 15:00,91,6,Sunday,3,1,0,random_or_none,0,sunny,0.061,260,0,0,0,0,0,1,0.156,staff_shortage,4,98,143
3/2/2025 16:00,98,6,Sunday,3,1,0,random_or_none,5,windy,0.606,260,0,0,0,0,0,1,0.156,staff_shortage,4,97,131
3/2/2025 17:00,97,6,Sunday,3,1,0,random_or_none,1,rainy,0.864,260,0,0,0,0,0,1,0.156,extreme_weather,2,92,126
3/2/2025 18:00,92,6,Sunday,3,1,0,random_or_none,1,rainy,0.249,260,0,0,0,0,0,1,0.156,staff_shortage,4,97,122
3/2/2025 19:00,97,6,Sunday,3,1,0,random_or_none,1,rainy,0.821,260,0,0,0,0,0,1,0.156,extreme_weather,2,90,114
3/2/2025 20:00,90,6,Sunday,3,1,0,random_or_none,3,hot,0.25,260,0,0,0,0,0,1,0.156,staff_shortage,4,84,102
3/2/2025 21:00,84,6,Sunday,3,1,0,random_or_none,5,windy,0.837,260,0,0,0,0,0,1,0.156,extreme_weather,2,74,92
3/2/2025 22:00,74,6,Sunday,3,1,0,random_or_none,0,sunny,0.286,260,0,0,0,0,0,1,0.156,staff_shortage,4,136,81
3/2/2025 23:00,136,6,Sunday,3,1,0,random_or_none,3,hot,0.924,260,0,1,154.76,0,0,1,0.156,emergency_spike,5,105,83
3/3/2025 0:00,105,0,Monday,3,0,0,random_or_none,5,windy,0.655,260,0,0,0,0,0,1,0.156,staff_shortage,4,83,74
3/3/2025 1:00,83,0,Monday,3,0,0,random_or_none,0,sunny,0.175,260,0,0,0,0,0,1,0.156,staff_shortage,4,71,62
3/3/2025 2:00,71,0,Monday,3,0,0,random_or_none,0,sunny,0.259,260,0,0,0,0,0,1,0.156,staff_shortage,4,70,54
3/3/2025 3:00,70,0,Monday,3,0,0,random_or_none,1,rainy,0.747,260,0,0,0,0,0,1,0.156,staff_shortage,4,71,55
3/3/2025 4:00,71,0,Monday,3,0,0,random_or_none,4,dusty,0.842,260,0,0,0,0,0,1,0.156,extreme_weather,2,67,58
3/3/2025 5:00,67,0,Monday,3,0,0,random_or_none,2,cold,0.117,260,0,0,0,0,0,1,0.156,staff_shortage,4,76,62
3/3/2025 6:00,76,0,Monday,3,0,0,random_or_none,5,windy,0.729,260,0,0,0,0,0,1,0.156,staff_shortage,4,80,66
3/3/2025 7:00,80,0,Monday,3,0,0,random_or_none,5,windy,0.773,260,0,0,0,0,0,1,0.156,extreme_weather,2,79,67
3/3/2025 8:00,79,0,Monday,3,0,0,random_or_none,2,cold,0.405,260,0,0,0,0,0,1,0.156,staff_shortage,4,85,72
3/3/2025 9:00,85,0,Monday,3,0,0,random_or_none,1,rainy,0.185,260,0,0,0,0,0,1,0.156,staff_shortage,4,88,77
3/3/2025 10:00,88,0,Monday,3,0,0,random_or_none,0,sunny,0.321,260,0,0,0,0,0,1,0.156,staff_shortage,4,97,82
3/3/2025 11:00,97,0,Monday,3,0,0,random_or_none,0,sunny,0.308,260,0,0,0,0,0,1,0.156,staff_shortage,4,110,87
3/3/2025 12:00,110,0,Monday,3,0,0,random_or_none,3,hot,0.331,260,0,0,0,0,0,1,0.156,staff_shortage,4,106,93
3/3/2025 13:00,106,0,Monday,3,0,0,random_or_none,0,sunny,0.115,260,0,0,0,0,0,1,0.156,staff_shortage,4,175,97
3/3/2025 14:00,175,0,Monday,3,0,0,random_or_none,5,windy,0.264,260,0,1,133.99,0,0,1,0.156,emergency_spike,5,143,109
3/3/2025 15:00,143,0,Monday,3,0,0,random_or_none,0,sunny,0.166,260,0,0,0,0,0,1,0.156,staff_shortage,4,131,108
3/3/2025 16:00,131,0,Monday,3,0,0,random_or_none,2,cold,0.716,260,0,0,0,0,0,1,0.156,staff_shortage,4,126,106
3/3/2025 17:00,126,0,Monday,3,0,0,random_or_none,1,rainy,0.501,260,0,0,0,0,0,1,0.156,staff_shortage,4,122,110
3/3/2025 18:00,122,0,Monday,3,0,0,random_or_none,1,rainy,0.25,260,0,0,0,0,0,1,0.156,staff_shortage,4,114,104
3/3/2025 19:00,114,0,Monday,3,0,0,random_or_none,2,cold,0.62,260,0,0,0,0,0,1,0.156,staff_shortage,4,102,96
3/3/2025 20:00,102,0,Monday,3,0,0,random_or_none,0,sunny,0.281,260,0,0,0,0,0,1,0.156,staff_shortage,4,92,97
3/3/2025 21:00,92,0,Monday,3,0,0,random_or_none,0,sunny,0.02,260,0,0,0,0,0,1,0.156,staff_shortage,4,81,97
3/3/2025 22:00,81,0,Monday,3,0,0,random_or_none,2,cold,0.401,260,0,0,0,0,0,1,0.156,staff_shortage,4,83,90
3/3/2025 23:00,83,0,Monday,3,0,0,random_or_none,5,windy,0.713,260,0,0,0,0,0,1,0.156,staff_shortage,4,74,86
3/4/2025 0:00,74,1,Tuesday,3,0,0,random_or_none,1,rainy,0.646,260,0,0,0,0,0,1,0.156,staff_shortage,4,62,79
3/4/2025 1:00,62,1,Tuesday,3,0,0,random_or_none,0,sunny,0.181,260,0,0,0,0,0,1,0.156,staff_shortage,4,54,76
3/4/2025 2:00,54,1,Tuesday,3,0,0,random_or_none,0,sunny,0.004,260,0,0,0,0,0,1,0.156,staff_shortage,4,55,69
3/4/2025 3:00,55,1,Tuesday,3,0,0,random_or_none,4,dusty,0.294,260,0,0,0,0,0,1,0.156,staff_shortage,4,58,70
3/4/2025 4:00,58,1,Tuesday,3,0,0,random_or_none,0,sunny,0.168,260,0,0,0,0,0,1,0.156,staff_shortage,4,62,72
3/4/2025 5:00,62,1,Tuesday,3,0,0,random_or_none,0,sunny,0.045,260,0,0,0,0,0,1,0.156,staff_shortage,4,66,65
3/4/2025 6:00,66,1,Tuesday,3,0,0,random_or_none,1,rainy,0.671,260,0,0,0,0,0,1,0.156,staff_shortage,4,67,63
3/4/2025 7:00,67,1,Tuesday,3,0,0,random_or_none,0,sunny,0.164,260,0,0,0,0,0,1,0.156,staff_shortage,4,72,69
3/4/2025 8:00,72,1,Tuesday,3,0,0,random_or_none,0,sunny,0.34,260,0,0,0,0,0,1,0.156,staff_shortage,4,77,74
3/4/2025 9:00,77,1,Tuesday,3,0,0,random_or_none,0,sunny,0.287,260,0,0,0,0,0,1,0.156,staff_shortage,4,82,78
3/4/2025 10:00,82,1,Tuesday,3,0,0,random_or_none,0,sunny,0.12,260,0,0,0,0,0,1,0.156,staff_shortage,4,87,83
3/4/2025 11:00,87,1,Tuesday,3,0,0,random_or_none,0,sunny,0.066,260,0,0,0,0,0,1,0.156,staff_shortage,4,93,93
3/4/2025 12:00,93,1,Tuesday,3,0,0,random_or_none,5,windy,0.62,260,0,0,0,0,0,1,0.156,staff_shortage,4,97,99
3/4/2025 13:00,97,1,Tuesday,3,0,0,random_or_none,0,sunny,0.115,260,0,0,0,0,0,1,0.156,staff_shortage,4,109,104
3/4/2025 14:00,109,1,Tuesday,3,0,0,random_or_none,2,cold,0.783,260,0,0,0,0,0,1,0.156,extreme_weather,2,108,103
3/4/2025 15:00,108,1,Tuesday,3,0,0,random_or_none,5,windy,0.571,260,0,0,0,0,0,1,0.156,staff_shortage,4,106,108
3/4/2025 16:00,106,1,Tuesday,3,0,0,random_or_none,5,windy,0.892,260,0,0,0,0,0,1,0.156,extreme_weather,2,110,104
3/4/2025 17:00,110,1,Tuesday,3,0,0,random_or_none,0,sunny,0.003,260,0,0,0,0,0,1,0.156,staff_shortage,4,104,107
3/4/2025 18:00,104,1,Tuesday,3,0,0,random_or_none,1,rainy,0.264,260,0,0,0,0,0,1,0.156,staff_shortage,4,96,104
3/4/2025 19:00,96,1,Tuesday,3,0,0,random_or_none,0,sunny,0.341,260,0,0,0,0,0,1,0.156,staff_shortage,4,97,107
3/4/2025 20:00,97,1,Tuesday,3,0,0,random_or_none,0,sunny,0.077,260,0,0,0,0,0,1,0.156,staff_shortage,4,97,96
3/4/2025 21:00,97,1,Tuesday,3,0,0,random_or_none,0,sunny,0.069,260,0,0,0,0,0,1,0.156,staff_shortage,4,90,91
3/4/2025 22:00,90,1,Tuesday,3,0,0,random_or_none,0,sunny,0.035,260,0,0,0,0,0,1,0.156,staff_shortage,4,86,89
3/4/2025 23:00,86,1,Tuesday,3,0,0,random_or_none,2,cold,0.354,260,0,0,0,0,0,1,0.156,staff_shortage,4,79,87
3/5/2025 0:00,79,2,Wednesday,3,0,0,random_or_none,1,rainy,0.446,260,0,0,0,0,0,1,0.156,staff_shortage,4,76,81
3/5/2025 1:00,76,2,Wednesday,3,0,0,random_or_none,5,windy,0.711,260,0,0,0,0,0,1,0.156,staff_shortage,4,69,69
3/5/2025 2:00,69,2,Wednesday,3,0,0,random_or_none,0,sunny,0.309,260,0,0,0,0,0,1,0.156,staff_shortage,4,70,68
3/5/2025 3:00,70,2,Wednesday,3,0,0,random_or_none,5,windy,0.481,260,0,0,0,0,0,1,0.156,staff_shortage,4,72,60
3/5/2025 4:00,72,2,Wednesday,3,0,0,random_or_none,4,dusty,0.772,260,0,0,0,0,0,1,0.156,extreme_weather,2,65,71
3/5/2025 5:00,65,2,Wednesday,3,0,0,random_or_none,0,sunny,0.087,260,0,0,0,0,0,1,0.156,staff_shortage,4,63,77
3/5/2025 6:00,63,2,Wednesday,3,0,0,random_or_none,0,sunny,0.044,260,0,0,0,0,0,1,0.156,staff_shortage,4,69,116
3/5/2025 7:00,69,2,Wednesday,3,0,0,random_or_none,5,windy,0.868,260,0,0,0,0,0,1,0.156,extreme_weather,2,74,97
3/5/2025 8:00,74,2,Wednesday,3,0,0,random_or_none,0,sunny,0.136,260,0,0,0,0,0,1,0.156,staff_shortage,4,78,90
3/5/2025 9:00,78,2,Wednesday,3,0,0,random_or_none,1,rainy,0.293,260,0,0,0,0,0,1,0.156,staff_shortage,4,83,83
3/5/2025 10:00,83,2,Wednesday,3,0,0,random_or_none,1,rainy,0.537,260,0,0,0,0,0,1,0.156,staff_shortage,4,93,91
3/5/2025 11:00,93,2,Wednesday,3,0,0,random_or_none,5,windy,0.858,260,0,0,0,0,0,1,0.156,extreme_weather,2,99,97
3/5/2025 12:00,99,2,Wednesday,3,0,0,random_or_none,2,cold,0.439,260,0,0,0,0,0,1,0.156,staff_shortage,4,104,101
3/5/2025 13:00,104,2,Wednesday,3,0,0,random_or_none,0,sunny,0.055,260,0,0,0,0,0,1,0.156,staff_shortage,4,103,105
3/5/2025 14:00,103,2,Wednesday,3,0,0,random_or_none,0,sunny,0.03,260,0,0,0,0,0,1,0.156,staff_shortage,4,108,108
3/5/2025 15:00,108,2,Wednesday,3,0,0,random_or_none,0,sunny,0.014,260,0,0,0,0,0,1,0.156,staff_shortage,4,104,114
3/5/2025 16:00,104,2,Wednesday,3,0,0,random_or_none,0,sunny,0.158,260,0,0,0,0,0,1,0.156,staff_shortage,4,107,109
3/5/2025 17:00,107,2,Wednesday,3,0,0,random_or_none,0,sunny,0.009,260,0,0,0,0,0,1,0.156,staff_shortage,4,104,106
3/5/2025 18:00,104,2,Wednesday,3,0,0,random_or_none,0,sunny,0.027,260,0,0,0,0,0,1,0.156,staff_shortage,4,107,111
3/5/2025 19:00,107,2,Wednesday,3,0,0,random_or_none,1,rainy,0.213,260,0,0,0,0,0,1,0.156,staff_shortage,4,96,110
3/5/2025 20:00,96,2,Wednesday,3,0,0,random_or_none,0,sunny,0.042,260,0,0,0,0,0,1,0.156,staff_shortage,4,91,102
3/5/2025 21:00,91,2,Wednesday,3,0,0,random_or_none,5,windy,0.462,260,0,0,0,0,0,1,0.156,staff_shortage,4,89,94
3/5/2025 22:00,89,2,Wednesday,3,0,0,random_or_none,2,cold,0.243,260,0,0,0,0,0,1,0.156,staff_shortage,4,87,88
3/5/2025 23:00,87,2,Wednesday,3,0,0,random_or_none,5,windy,0.633,260,0,0,0,0,0,1,0.156,staff_shortage,4,81,88
3/6/2025 0:00,81,3,Thursday,3,0,0,random_or_none,0,sunny,0.121,260,0,0,0,0,0,1,0.156,staff_shortage,4,69,105
3/6/2025 1:00,69,3,Thursday,3,0,0,random_or_none,5,windy,0.274,260,0,0,0,0,0,1,0.156,staff_shortage,4,68,82
3/6/2025 2:00,68,3,Thursday,3,0,0,random_or_none,4,dusty,0.849,260,0,0,0,0,0,1,0.156,extreme_weather,2,60,80
3/6/2025 3:00,60,3,Thursday,3,0,0,random_or_none,0,sunny,0.205,260,0,0,0,0,0,1,0.156,staff_shortage,4,71,79
3/6/2025 4:00,71,3,Thursday,3,0,0,random_or_none,1,rainy,0.802,260,0,0,0,0,0,1,0.156,extreme_weather,2,77,80
3/6/2025 5:00,77,3,Thursday,3,0,0,random_or_none,1,rainy,0.904,260,0,0,0,0,0,1,0.156,extreme_weather,2,116,80
3/6/2025 6:00,116,3,Thursday,3,0,0,random_or_none,1,rainy,0.832,260,0,1,77.95,0,0,1,0.156,emergency_spike,5,97,84
3/6/2025 7:00,97,3,Thursday,3,0,0,random_or_none,5,windy,0.641,260,0,0,0,0,0,1,0.156,staff_shortage,4,90,86
3/6/2025 8:00,90,3,Thursday,3,0,0,random_or_none,0,sunny,0.149,260,0,0,0,0,0,1,0.156,staff_shortage,4,83,98
3/6/2025 9:00,83,3,Thursday,3,0,0,random_or_none,0,sunny,0.205,260,0,0,0,0,0,1,0.156,staff_shortage,4,91,102
3/6/2025 10:00,91,3,Thursday,3,0,0,random_or_none,0,sunny,0.049,260,0,0,0,0,0,1,0.156,staff_shortage,4,97,109
3/6/2025 11:00,97,3,Thursday,3,0,0,random_or_none,5,windy,0.943,260,0,0,0,0,0,1,0.156,extreme_weather,2,101,113
3/6/2025 12:00,101,3,Thursday,3,0,0,random_or_none,1,rainy,0.909,260,0,0,0,0,0,1,0.156,extreme_weather,2,105,116
3/6/2025 13:00,105,3,Thursday,3,0,0,random_or_none,0,sunny,0.337,260,0,0,0,0,0,1,0.156,staff_shortage,4,108,119
3/6/2025 14:00,108,3,Thursday,3,0,0,random_or_none,0,sunny,0.06,260,0,0,0,0,0,1,0.156,staff_shortage,4,114,123
3/6/2025 15:00,114,3,Thursday,3,0,0,random_or_none,5,windy,0.24,260,0,0,0,0,0,1,0.156,staff_shortage,4,109,163
3/6/2025 16:00,109,3,Thursday,3,0,0,random_or_none,1,rainy,0.315,260,0,0,0,0,0,1,0.156,staff_shortage,4,106,153
3/6/2025 17:00,106,3,Thursday,3,0,0,random_or_none,0,sunny,0.004,260,0,0,0,0,0,1,0.156,staff_shortage,4,111,140
3/6/2025 18:00,111,3,Thursday,3,0,0,random_or_none,4,dusty,0.493,260,0,0,0,0,0,1,0.156,staff_shortage,4,110,142
3/6/2025 19:00,110,3,Thursday,3,0,0,random_or_none,5,windy,0.582,260,0,0,0,0,0,1,0.156,staff_shortage,4,102,139
3/6/2025 20:00,102,3,Thursday,3,0,0,random_or_none,2,cold,0.332,260,0,0,0,0,0,1,0.156,staff_shortage,4,94,127
3/6/2025 21:00,94,3,Thursday,3,0,0,random_or_none,1,rainy,0.398,260,0,0,0,0,0,1,0.156,staff_shortage,4,88,160
3/6/2025 22:00,88,3,Thursday,3,0,0,random_or_none,5,windy,0.564,260,0,0,0,0,0,0,0,normal,0,88,133
3/6/2025 23:00,88,3,Thursday,3,0,0,random_or_none,5,windy,0.418,260,0,0,0,0,0,0,0,normal,0,105,107
3/7/2025 0:00,105,4,Friday,3,0,0,random_or_none,1,rainy,0.52,260,0,1,55.54,0,0,0,0,emergency_spike,5,82,87
3/7/2025 1:00,82,4,Friday,3,0,0,random_or_none,0,sunny,0.295,260,0,0,0,0,0,0,0,normal,0,80,74
3/7/2025 2:00,80,4,Friday,3,0,0,random_or_none,1,rainy,0.809,260,0,0,0,0,0,0,0,extreme_weather,2,79,66
3/7/2025 3:00,79,4,Friday,3,0,0,random_or_none,5,windy,0.563,260,0,0,0,0,0,0,0,normal,0,80,60
3/7/2025 4:00,80,4,Friday,3,0,0,random_or_none,5,windy,0.342,260,0,0,0,0,0,0,0,normal,0,80,61
3/7/2025 5:00,80,4,Friday,3,0,0,random_or_none,2,cold,0.503,260,0,0,0,0,0,0,0,normal,0,84,61
3/7/2025 6:00,84,4,Friday,3,0,0,random_or_none,0,sunny,0.254,260,0,0,0,0,0,0,0,normal,0,86,71
3/7/2025 7:00,86,4,Friday,3,0,0,random_or_none,5,windy,0.328,260,0,0,0,0,0,0,0,normal,0,98,77
3/7/2025 8:00,98,4,Friday,3,0,0,random_or_none,1,rainy,0.774,260,0,0,0,0,0,0,0,extreme_weather,2,102,74
3/7/2025 9:00,102,4,Friday,3,0,0,random_or_none,0,sunny,0.009,260,0,0,0,0,0,0,0,normal,0,109,73
3/7/2025 10:00,109,4,Friday,3,0,0,random_or_none,5,windy,0.581,260,0,0,0,0,0,0,0,normal,0,113,82
3/7/2025 11:00,113,4,Friday,3,0,0,random_or_none,0,sunny,0.248,260,0,0,0,0,0,0,0,normal,0,116,90
3/7/2025 12:00,116,4,Friday,3,0,0,random_or_none,5,windy,0.594,260,0,0,0,0,0,0,0,normal,0,119,97
3/7/2025 13:00,119,4,Friday,3,0,0,random_or_none,1,rainy,0.527,260,0,0,0,0,0,0,0,normal,0,123,103
3/7/2025 14:00,123,4,Friday,3,0,0,random_or_none,0,sunny,0.293,260,0,0,0,0,0,0,0,normal,0,163,104
3/7/2025 15:00,163,4,Friday,3,0,0,random_or_none,5,windy,0.393,260,0,1,76.02,0,0,0,0,emergency_spike,5,153,103
3/7/2025 16:00,153,4,Friday,3,0,0,random_or_none,1,rainy,0.292,260,0,0,0,0,0,0,0,normal,0,140,108
3/7/2025 17:00,140,4,Friday,3,0,0,random_or_none,1,rainy,0.188,260,0,0,0,0,0,0,0,normal,0,142,109
3/7/2025 18:00,142,4,Friday,3,0,0,random_or_none,1,rainy,0.68,260,0,0,0,0,0,0,0,normal,0,139,120
3/7/2025 19:00,139,4,Friday,3,0,0,random_or_none,1,rainy,0.629,260,0,0,0,0,0,0,0,normal,0,127,110
3/7/2025 20:00,127,4,Friday,3,0,0,random_or_none,0,sunny,0.071,260,0,0,0,0,0,0,0,normal,0,160,104
3/7/2025 21:00,160,4,Friday,3,0,0,random_or_none,0,sunny,0.01,260,0,1,104.21,0,0,0,0,emergency_spike,5,133,215
3/7/2025 22:00,133,4,Friday,3,0,0,random_or_none,5,windy,0.343,260,0,0,0,0,0,0,0,normal,0,107,148
3/7/2025 23:00,107,4,Friday,3,0,0,random_or_none,5,windy,0.284,260,0,0,0,0,0,0,0,normal,0,87,108
3/8/2025 0:00,87,5,Saturday,3,1,0,random_or_none,0,sunny,0.219,260,0,0,0,0,0,0,0,normal,0,74,82
3/8/2025 1:00,74,5,Saturday,3,1,0,random_or_none,1,rainy,0.336,260,0,0,0,0,0,0,0,normal,0,66,70
3/8/2025 2:00,66,5,Saturday,3,1,0,random_or_none,0,sunny,0.005,260,0,0,0,0,0,0,0,normal,0,60,64
3/8/2025 3:00,60,5,Saturday,3,1,0,random_or_none,0,sunny,0.23,260,0,0,0,0,0,0,0,normal,0,61,57
3/8/2025 4:00,61,5,Saturday,3,1,0,random_or_none,5,windy,0.322,260,0,0,0,0,0,0,0,normal,0,61,52
3/8/2025 5:00,61,5,Saturday,3,1,0,random_or_none,3,hot,0.72,260,0,0,0,0,0,0,0,normal,0,71,58
3/8/2025 6:00,71,5,Saturday,3,1,0,random_or_none,4,dusty,0.627,260,0,0,0,0,0,0,0,normal,0,77,62
3/8/2025 7:00,77,5,Saturday,3,1,0,random_or_none,5,windy,0.584,260,0,0,0,0,0,0,0,normal,0,74,69
3/8/2025 8:00,74,5,Saturday,3,1,0,random_or_none,0,sunny,0.061,260,0,0,0,0,0,0,0,normal,0,73,80
3/8/2025 9:00,73,5,Saturday,3,1,0,random_or_none,5,windy,0.252,260,0,0,0,0,0,0,0,normal,0,82,90
3/8/2025 10:00,82,5,Saturday,3,1,0,random_or_none,1,rainy,0.559,260,0,0,0,0,0,0,0,normal,0,90,86
3/8/2025 11:00,90,5,Saturday,3,1,0,random_or_none,0,sunny,0.007,260,0,0,0,0,0,0,0,normal,0,97,99
3/8/2025 12:00,97,5,Saturday,3,1,0,random_or_none,0,sunny,0.083,260,0,0,0,0,0,0,0,normal,0,103,107
3/8/2025 13:00,103,5,Saturday,3,1,0,random_or_none,0,sunny,0.175,260,0,0,0,0,0,0,0,normal,0,104,112
3/8/2025 14:00,104,5,Saturday,3,1,0,random_or_none,0,sunny,0.225,260,0,0,0,0,0,0,0,normal,0,103,112
3/8/2025 15:00,103,5,Saturday,3,1,0,random_or_none,1,rainy,0.852,260,0,0,0,0,0,0,0,extreme_weather,2,108,108
3/8/2025 16:00,108,5,Saturday,3,1,0,random_or_none,0,sunny,0.275,260,0,0,0,0,0,0,0,normal,0,109,105
3/8/2025 17:00,109,5,Saturday,3,1,0,random_or_none,2,cold,0.663,260,0,0,0,0,0,0,0,normal,0,120,111
3/8/2025 18:00,120,5,Saturday,3,1,0,random_or_none,5,windy,0.478,260,0,0,0,0,0,0,0,normal,0,110,108
3/8/2025 19:00,110,5,Saturday,3,1,0,random_or_none,2,cold,0.622,260,0,0,0,0,0,0,0,normal,0,104,101
3/8/2025 20:00,104,5,Saturday,3,1,0,random_or_none,2,cold,0.491,260,0,0,0,0,0,0,0,normal,0,215,106
3/8/2025 21:00,215,5,Saturday,3,1,0,random_or_none,1,rainy,0.913,260,0,1,255.31,0,0,0,0,emergency_spike,5,148,100
3/8/2025 22:00,148,5,Saturday,3,1,0,random_or_none,4,dusty,0.294,260,0,0,0,0,0,0,0,normal,0,108,85
3/8/2025 23:00,108,5,Saturday,3,1,0,random_or_none,0,sunny,0.178,260,0,0,0,0,0,0,0,normal,0,82,76
3/9/2025 0:00,82,6,Sunday,3,1,0,random_or_none,1,rainy,0.281,260,0,0,0,0,0,0,0,normal,0,70,81
3/9/2025 1:00,70,6,Sunday,3,1,0,random_or_none,0,sunny,0.202,260,0,0,0,0,0,0,0,normal,0,64,83
3/9/2025 2:00,64,6,Sunday,3,1,0,random_or_none,0,sunny,0.302,260,0,0,0,0,0,0,0,normal,0,57,77
3/9/2025 3:00,57,6,Sunday,3,1,0,random_or_none,0,sunny,0.165,260,0,0,0,0,0,0,0,normal,0,52,76
3/9/2025 4:00,52,6,Sunday,3,1,0,random_or_none,5,windy,0.541,260,0,0,0,0,0,0,0,normal,0,58,73
3/9/2025 5:00,58,6,Sunday,3,1,0,random_or_none,1,rainy,0.217,260,0,0,0,0,0,0,0,normal,0,62,79
3/9/2025 6:00,62,6,Sunday,3,1,0,random_or_none,0,sunny,0.188,260,0,0,0,0,0,0,0,normal,0,69,88
3/9/2025 7:00,69,6,Sunday,3,1,0,random_or_none,0,sunny,0.099,260,0,0,0,0,0,0,0,normal,0,80,90
3/9/2025 8:00,80,6,Sunday,3,1,0,random_or_none,1,rainy,0.417,260,0,0,0,0,0,0,0,normal,0,90,94
3/9/2025 9:00,90,6,Sunday,3,1,0,random_or_none,0,sunny,0.302,260,0,0,0,0,0,0,0,normal,0,86,99
3/9/2025 10:00,86,6,Sunday,3,1,0,random_or_none,0,sunny,0.142,260,0,0,0,0,0,0,0,normal,0,99,102
3/9/2025 11:00,99,6,Sunday,3,1,0,random_or_none,1,rainy,0.396,260,0,0,0,0,0,0,0,normal,0,107,104
3/9/2025 12:00,107,6,Sunday,3,1,0,random_or_none,0,sunny,0.31,260,0,0,0,0,0,0,0,normal,0,112,112
3/9/2025 13:00,112,6,Sunday,3,1,0,random_or_none,0,sunny,0.267,260,0,0,0,0,0,0,0,normal,0,112,126
3/9/2025 14:00,112,6,Sunday,3,1,0,random_or_none,5,windy,0.799,260,0,0,0,0,0,0,0,extreme_weather,2,108,124
3/9/2025 15:00,108,6,Sunday,3,1,0,random_or_none,0,sunny,0.135,260,0,0,0,0,0,0,0,normal,0,105,134
3/9/2025 16:00,105,6,Sunday,3,1,0,random_or_none,0,sunny,0.167,260,0,0,0,0,0,0,0,normal,0,111,136
3/9/2025 17:00,111,6,Sunday,3,1,0,random_or_none,0,sunny,0.233,260,0,0,0,0,0,0,0,normal,0,108,125
3/9/2025 18:00,108,6,Sunday,3,1,0,random_or_none,5,windy,0.923,260,0,0,0,0,0,0,0,extreme_weather,2,101,126
3/9/2025 19:00,101,6,Sunday,3,1,0,random_or_none,0,sunny,0.041,260,0,0,0,0,0,0,0,normal,0,106,128
3/9/2025 20:00,106,6,Sunday,3,1,0,random_or_none,5,windy,0.559,260,0,0,0,0,0,0,0,normal,0,100,118
3/9/2025 21:00,100,6,Sunday,3,1,0,random_or_none,2,cold,0.224,260,0,0,0,0,0,0,0,normal,0,85,119
3/9/2025 22:00,85,6,Sunday,3,1,0,random_or_none,5,windy,0.629,260,0,0,0,0,0,0,0,normal,0,76,110
3/9/2025 23:00,76,6,Sunday,3,1,0,random_or_none,5,windy,0.98,260,0,0,0,0,0,0,0,extreme_weather,2,81,101
3/10/2025 0:00,81,0,Monday,3,0,0,random_or_none,1,rainy,0.788,260,0,0,0,0,0,0,0,extreme_weather,2,83,87
3/10/2025 1:00,83,0,Monday,3,0,0,random_or_none,5,windy,0.725,260,0,0,0,0,0,0,0,normal,0,77,79
3/10/2025 2:00,77,0,Monday,3,0,0,random_or_none,1,rainy,0.227,260,0,0,0,0,0,0,0,normal,0,76,81
3/10/2025 3:00,76,0,Monday,3,0,0,random_or_none,0,sunny,0.151,260,0,0,0,0,0,0,0,normal,0,73,68
3/10/2025 4:00,73,0,Monday,3,0,0,random_or_none,0,sunny,0.047,260,0,0,0,0,0,0,0,normal,0,79,74
3/10/2025 5:00,79,0,Monday,3,0,0,random_or_none,1,rainy,0.32,260,0,0,0,0,0,0,0,normal,0,88,82
3/10/2025 6:00,88,0,Monday,3,0,0,random_or_none,5,windy,0.826,260,0,0,0,0,0,0,0,extreme_weather,2,90,82
3/10/2025 7:00,90,0,Monday,3,0,0,random_or_none,4,dusty,0.282,260,0,0,0,0,0,0,0,normal,0,94,88
3/10/2025 8:00,94,0,Monday,3,0,0,random_or_none,0,sunny,0.03,260,0,0,0,0,0,0,0,normal,0,99,101
3/10/2025 9:00,99,0,Monday,3,0,0,random_or_none,0,sunny,0.17,260,0,0,0,0,0,0,0,normal,0,102,105
3/10/2025 10:00,102,0,Monday,3,0,0,random_or_none,0,sunny,0.093,260,0,0,0,0,0,0,0,normal,0,104,110
3/10/2025 11:00,104,0,Monday,3,0,0,random_or_none,0,sunny,0.074,260,0,0,0,0,0,0,0,normal,0,112,119
3/10/2025 12:00,112,0,Monday,3,0,0,random_or_none,0,sunny,0.182,260,0,0,0,0,0,0,0,normal,0,126,124
3/10/2025 13:00,126,0,Monday,3,0,0,random_or_none,5,windy,0.687,260,0,0,0,0,0,0,0,normal,0,124,126
3/10/2025 14:00,124,0,Monday,3,0,0,random_or_none,0,sunny,0.11,260,0,0,0,0,0,0,0,normal,0,134,127
3/10/2025 15:00,134,0,Monday,3,0,0,random_or_none,5,windy,1,260,0,0,0,0,0,0,0,extreme_weather,2,136,126
3/10/2025 16:00,136,0,Monday,3,0,0,random_or_none,0,sunny,0.305,260,0,0,0,0,0,0,0,normal,0,125,123
3/10/2025 17:00,125,0,Monday,3,0,0,random_or_none,0,sunny,0.043,260,0,0,0,0,0,0,0,normal,0,126,131
3/10/2025 18:00,126,0,Monday,3,0,0,random_or_none,4,dusty,0.764,260,0,0,0,0,0,0,0,extreme_weather,2,128,214
3/10/2025 19:00,128,0,Monday,3,0,0,random_or_none,2,cold,0.486,260,0,0,0,0,0,0,0,normal,0,118,176
3/10/2025 20:00,118,0,Monday,3,0,0,random_or_none,0,sunny,0.223,260,0,0,0,0,0,0,0,normal,0,119,149
3/10/2025 21:00,119,0,Monday,3,0,0,random_or_none,2,cold,0.827,260,0,0,0,0,0,0,0,extreme_weather,2,110,120
3/10/2025 22:00,110,0,Monday,3,0,0,random_or_none,5,windy,0.424,260,0,0,0,0,0,0,0,normal,0,101,107
3/10/2025 23:00,101,0,Monday,3,0,0,random_or_none,4,dusty,0.906,260,0,0,0,0,0,0,0,extreme_weather,2,87,88
3/11/2025 0:00,87,1,Tuesday,3,0,0,random_or_none,5,windy,0.735,260,0,0,0,0,0,0,0,normal,0,79,82
3/11/2025 1:00,79,1,Tuesday,3,0,0,random_or_none,2,cold,0.757,260,0,0,0,0,0,0,0,extreme_weather,2,81,65
3/11/2025 2:00,81,1,Tuesday,3,0,0,random_or_none,5,windy,0.274,260,0,0,0,0,0,0,0,normal,0,68,69
3/11/2025 3:00,68,1,Tuesday,3,0,0,random_or_none,3,hot,0.523,260,0,0,0,0,0,0,0,normal,0,74,57
3/11/2025 4:00,74,1,Tuesday,3,0,0,random_or_none,4,dusty,0.562,260,0,0,0,0,0,0,0,normal,0,82,62
3/11/2025 5:00,82,1,Tuesday,3,0,0,random_or_none,4,dusty,0.725,260,0,0,0,0,0,0,0,normal,0,82,67
3/11/2025 6:00,82,1,Tuesday,3,0,0,random_or_none,3,hot,0.173,260,0,0,0,0,0,0,0,normal,0,88,73
3/11/2025 7:00,88,1,Tuesday,3,0,0,random_or_none,0,sunny,0.252,260,0,0,0,0,0,0,0,normal,0,101,67
3/11/2025 8:00,101,1,Tuesday,3,0,0,random_or_none,4,dusty,0.703,260,0,0,0,0,0,0,0,normal,0,105,79
3/11/2025 9:00,105,1,Tuesday,3,0,0,random_or_none,1,rainy,0.786,260,0,0,0,0,0,0,0,extreme_weather,2,110,83
3/11/2025 10:00,110,1,Tuesday,3,0,0,random_or_none,0,sunny,0.202,260,0,0,0,0,0,0,0,normal,0,119,90
3/11/2025 11:00,119,1,Tuesday,3,0,0,random_or_none,4,dusty,0.757,260,0,0,0,0,0,0,0,extreme_weather,2,124,87
3/11/2025 12:00,124,1,Tuesday,3,0,0,random_or_none,5,windy,0.885,260,0,0,0,0,0,0,0,extreme_weather,2,126,86
3/11/2025 13:00,126,1,Tuesday,3,0,0,random_or_none,0,sunny,0.039,260,0,0,0,0,0,0,0,normal,0,127,97
3/11/2025 14:00,127,1,Tuesday,3,0,0,random_or_none,1,rainy,0.301,260,0,0,0,0,0,0,0,normal,0,126,105
3/11/2025 15:00,126,1,Tuesday,3,0,0,random_or_none,0,sunny,0.133,260,0,0,0,0,0,0,0,normal,0,123,112
3/11/2025 16:00,123,1,Tuesday,3,0,0,random_or_none,0,sunny,0.207,260,0,0,0,0,0,0,0,normal,0,131,116
3/11/2025 17:00,131,1,Tuesday,3,0,0,random_or_none,5,windy,0.892,260,0,0,0,0,0,0,0,extreme_weather,2,214,112
3/11/2025 18:00,214,1,Tuesday,3,0,0,random_or_none,5,windy,0.654,260,0,1,192.57,0,0,0,0,emergency_spike,5,176,116
3/11/2025 19:00,176,1,Tuesday,3,0,0,random_or_none,0,sunny,0.077,260,0,0,0,0,0,0,0,normal,0,149,109
3/11/2025 20:00,149,1,Tuesday,3,0,0,random_or_none,0,sunny,0.099,260,0,0,0,0,0,0,0,normal,0,120,97
3/11/2025 21:00,120,1,Tuesday,3,0,0,random_or_none,0,sunny,0.112,260,0,0,0,0,0,0,0,normal,0,107,92
3/11/2025 22:00,107,1,Tuesday,3,0,0,random_or_none,5,windy,0.49,260,0,0,0,0,0,0,0,normal,0,88,91
3/11/2025 23:00,88,1,Tuesday,3,0,0,random_or_none,0,sunny,0.338,260,0,0,0,0,0,1,0.127,staff_shortage,4,82,87
3/12/2025 0:00,82,2,Wednesday,3,0,0,random_or_none,2,cold,0.215,260,0,0,0,0,0,1,0.127,staff_shortage,4,65,77
3/12/2025 1:00,65,2,Wednesday,3,0,0,random_or_none,0,sunny,0.258,260,0,0,0,0,0,1,0.127,staff_shortage,4,69,71
3/12/2025 2:00,69,2,Wednesday,3,0,0,random_or_none,5,windy,0.915,260,0,0,0,0,0,1,0.127,extreme_weather,2,57,74
3/12/2025 3:00,57,2,Wednesday,3,0,0,random_or_none,0,sunny,0.008,260,0,0,0,0,0,1,0.127,staff_shortage,4,62,73
3/12/2025 4:00,62,2,Wednesday,3,0,0,random_or_none,1,rainy,0.529,260,0,0,0,0,0,1,0.127,staff_shortage,4,67,70
3/12/2025 5:00,67,2,Wednesday,3,0,0,random_or_none,5,windy,0.504,260,0,0,0,0,0,1,0.127,staff_shortage,4,73,71
3/12/2025 6:00,73,2,Wednesday,3,0,0,random_or_none,1,rainy,0.228,260,0,0,0,0,0,1,0.127,staff_shortage,4,67,71
3/12/2025 7:00,67,2,Wednesday,3,0,0,random_or_none,0,sunny,0.327,260,0,0,0,0,0,1,0.127,staff_shortage,4,79,71
3/12/2025 8:00,79,2,Wednesday,3,0,0,random_or_none,5,windy,0.677,260,0,0,0,0,0,1,0.127,staff_shortage,4,83,73
3/12/2025 9:00,83,2,Wednesday,3,0,0,random_or_none,2,cold,0.247,260,0,0,0,0,0,1,0.127,staff_shortage,4,90,86
3/12/2025 10:00,90,2,Wednesday,3,0,0,random_or_none,0,sunny,0.3,260,0,0,0,0,0,1,0.127,staff_shortage,4,87,96
3/12/2025 11:00,87,2,Wednesday,3,0,0,random_or_none,0,sunny,0.344,260,0,0,0,0,0,1,0.127,staff_shortage,4,86,98
3/12/2025 12:00,86,2,Wednesday,3,0,0,random_or_none,0,sunny,0.02,260,0,0,0,0,0,1,0.127,staff_shortage,4,97,100
3/12/2025 13:00,97,2,Wednesday,3,0,0,random_or_none,0,sunny,0.18,260,0,0,0,0,0,1,0.127,staff_shortage,4,105,113
3/12/2025 14:00,105,2,Wednesday,3,0,0,random_or_none,1,rainy,0.269,260,0,0,0,0,0,1,0.127,staff_shortage,4,112,109
3/12/2025 15:00,112,2,Wednesday,3,0,0,random_or_none,1,rainy,0.392,260,0,0,0,0,0,1,0.127,staff_shortage,4,116,101
3/12/2025 16:00,116,2,Wednesday,3,0,0,random_or_none,0,sunny,0.261,260,0,0,0,0,0,1,0.127,staff_shortage,4,112,104
3/12/2025 17:00,112,2,Wednesday,3,0,0,random_or_none,0,sunny,0.162,260,0,0,0,0,0,1,0.127,staff_shortage,4,116,104
3/12/2025 18:00,116,2,Wednesday,3,0,0,random_or_none,1,rainy,0.656,260,0,0,0,0,0,1,0.127,staff_shortage,4,109,107
3/12/2025 19:00,109,2,Wednesday,3,0,0,random_or_none,0,sunny,0.224,260,0,0,0,0,0,1,0.127,staff_shortage,4,97,104
3/12/2025 20:00,97,2,Wednesday,3,0,0,random_or_none,0,sunny,0.205,260,0,0,0,0,0,1,0.127,staff_shortage,4,92,108
3/12/2025 21:00,92,2,Wednesday,3,0,0,random_or_none,0,sunny,0.208,260,0,0,0,0,0,1,0.127,staff_shortage,4,91,94
3/12/2025 22:00,91,2,Wednesday,3,0,0,random_or_none,3,hot,0.712,260,0,0,0,0,0,1,0.127,staff_shortage,4,87,92
3/12/2025 23:00,87,2,Wednesday,3,0,0,random_or_none,5,windy,0.9,260,0,0,0,0,0,1,0.127,extreme_weather,2,77,79
3/13/2025 0:00,77,3,Thursday,3,0,0,random_or_none,5,windy,0.577,260,0,0,0,0,0,1,0.127,staff_shortage,4,71,74
3/13/2025 1:00,71,3,Thursday,3,0,0,random_or_none,2,cold,0.504,260,0,0,0,0,0,1,0.127,staff_shortage,4,74,72
3/13/2025 2:00,74,3,Thursday,3,0,0,random_or_none,5,windy,0.786,260,0,0,0,0,0,1,0.127,extreme_weather,2,73,69
3/13/2025 3:00,73,3,Thursday,3,0,0,random_or_none,5,windy,0.249,260,0,0,0,0,0,1,0.127,staff_shortage,4,70,75
3/13/2025 4:00,70,3,Thursday,3,0,0,random_or_none,0,sunny,0.201,260,0,0,0,0,0,1,0.127,staff_shortage,4,71,72
3/13/2025 5:00,71,3,Thursday,3,0,0,random_or_none,5,windy,0.276,260,0,0,0,0,0,1,0.127,staff_shortage,4,71,66
3/13/2025 6:00,71,3,Thursday,3,0,0,random_or_none,3,hot,0.287,260,0,0,0,0,0,1,0.127,staff_shortage,4,71,74
3/13/2025 7:00,71,3,Thursday,3,0,0,random_or_none,0,sunny,0.331,260,0,0,0,0,0,1,0.127,staff_shortage,4,73,74
3/13/2025 8:00,73,3,Thursday,3,0,0,random_or_none,0,sunny,0.187,260,0,0,0,0,0,1,0.127,staff_shortage,4,86,83
3/13/2025 9:00,86,3,Thursday,3,0,0,random_or_none,4,dusty,0.948,260,0,0,0,0,0,1,0.127,extreme_weather,2,96,89
3/13/2025 10:00,96,3,Thursday,3,0,0,random_or_none,1,rainy,0.7,260,0,0,0,0,0,1,0.127,staff_shortage,4,98,95
3/13/2025 11:00,98,3,Thursday,3,0,0,random_or_none,0,sunny,0.3,260,0,0,0,0,0,1,0.127,staff_shortage,4,100,94
3/13/2025 12:00,100,3,Thursday,3,0,0,random_or_none,0,sunny,0.193,260,0,0,0,0,0,1,0.127,staff_shortage,4,113,107
3/13/2025 13:00,113,3,Thursday,3,0,0,random_or_none,1,rainy,0.59,260,0,0,0,0,0,1,0.127,staff_shortage,4,109,105
3/13/2025 14:00,109,3,Thursday,3,0,0,random_or_none,5,windy,0.368,260,0,0,0,0,0,1,0.127,staff_shortage,4,101,108
3/13/2025 15:00,101,3,Thursday,3,0,0,random_or_none,0,sunny,0.071,260,0,0,0,0,0,1,0.127,staff_shortage,4,104,132
3/13/2025 16:00,104,3,Thursday,3,0,0,random_or_none,0,sunny,0.222,260,0,0,0,0,0,1,0.127,staff_shortage,4,104,128
3/13/2025 17:00,104,3,Thursday,3,0,0,random_or_none,5,windy,0.6,260,0,0,0,0,0,1,0.127,staff_shortage,4,107,131
3/13/2025 18:00,107,3,Thursday,3,0,0,random_or_none,0,sunny,0.276,260,0,0,0,0,0,1,0.127,staff_shortage,4,104,137
3/13/2025 19:00,104,3,Thursday,3,0,0,random_or_none,0,sunny,0.186,260,0,0,0,0,0,1,0.127,staff_shortage,4,108,129
3/13/2025 20:00,108,3,Thursday,3,0,0,random_or_none,1,rainy,0.413,260,0,0,0,0,0,1,0.127,staff_shortage,4,94,126
3/13/2025 21:00,94,3,Thursday,3,0,0,random_or_none,0,sunny,0.279,260,0,0,0,0,0,1,0.127,staff_shortage,4,92,116
3/13/2025 22:00,92,3,Thursday,3,0,0,random_or_none,0,sunny,0.343,260,0,0,0,0,0,1,0.127,staff_shortage,4,79,110
3/13/2025 23:00,79,3,Thursday,3,0,0,random_or_none,0,sunny,0.184,260,0,0,0,0,0,1,0.127,staff_shortage,4,74,93
3/14/2025 0:00,74,4,Friday,3,0,0,random_or_none,1,rainy,0.795,260,0,0,0,0,0,1,0.127,extreme_weather,2,72,70
3/14/2025 1:00,72,4,Friday,3,0,0,random_or_none,0,sunny,0.095,260,0,0,0,0,0,1,0.127,staff_shortage,4,69,74
3/14/2025 2:00,69,4,Friday,3,0,0,random_or_none,0,sunny,0.111,260,0,0,0,0,0,1,0.127,staff_shortage,4,75,69
3/14/2025 3:00,75,4,Friday,3,0,0,random_or_none,5,windy,0.847,260,0,0,0,0,0,1,0.127,extreme_weather,2,72,61
3/14/2025 4:00,72,4,Friday,3,0,0,random_or_none,1,rainy,0.624,260,0,0,0,0,0,1,0.127,staff_shortage,4,66,58
3/14/2025 5:00,66,4,Friday,3,0,0,random_or_none,5,windy,0.364,260,0,0,0,0,0,1,0.127,staff_shortage,4,74,62
3/14/2025 6:00,74,4,Friday,3,0,0,random_or_none,4,dusty,0.679,260,0,0,0,0,0,1,0.127,staff_shortage,4,74,73
3/14/2025 7:00,74,4,Friday,3,0,0,random_or_none,1,rainy,0.516,260,0,0,0,0,0,1,0.127,staff_shortage,4,83,73
3/14/2025 8:00,83,4,Friday,3,0,0,random_or_none,0,sunny,0.164,260,0,0,0,0,0,1,0.127,staff_shortage,4,89,75
3/14/2025 9:00,89,4,Friday,3,0,0,random_or_none,5,windy,0.916,260,0,0,0,0,0,1,0.127,extreme_weather,2,95,94
3/14/2025 10:00,95,4,Friday,3,0,0,random_or_none,0,sunny,0.107,260,0,0,0,0,0,1,0.127,staff_shortage,4,94,96
3/14/2025 11:00,94,4,Friday,3,0,0,random_or_none,0,sunny,0.084,260,0,0,0,0,0,1,0.127,staff_shortage,4,107,100
3/14/2025 12:00,107,4,Friday,3,0,0,random_or_none,1,rainy,0.218,260,0,0,0,0,0,1,0.127,staff_shortage,4,105,112
3/14/2025 13:00,105,4,Friday,3,0,0,random_or_none,0,sunny,0.332,260,0,0,0,0,0,1,0.127,staff_shortage,4,108,108
3/14/2025 14:00,108,4,Friday,3,0,0,random_or_none,4,dusty,0.302,260,0,0,0,0,0,1,0.127,staff_shortage,4,132,106
3/14/2025 15:00,132,4,Friday,3,0,0,random_or_none,1,rainy,0.25,260,0,1,56.51,0,0,1,0.127,emergency_spike,5,128,116
3/14/2025 16:00,128,4,Friday,3,0,0,random_or_none,2,cold,0.105,260,0,0,0,0,0,0,0,normal,0,131,179
3/14/2025 17:00,131,4,Friday,3,0,0,random_or_none,3,hot,0.679,260,0,0,0,0,0,0,0,normal,0,137,212
3/14/2025 18:00,137,4,Friday,3,0,0,random_or_none,3,hot,0.906,260,0,0,0,0,0,0,0,extreme_weather,2,129,160
3/14/2025 19:00,129,4,Friday,3,0,0,random_or_none,0,sunny,0.326,260,0,0,0,0,0,0,0,normal,0,126,130
3/14/2025 20:00,126,4,Friday,3,0,0,random_or_none,4,dusty,0.331,260,0,0,0,0,0,0,0,normal,0,116,110
3/14/2025 21:00,116,4,Friday,3,0,0,random_or_none,0,sunny,0.173,260,0,0,0,0,0,0,0,normal,0,110,102
3/14/2025 22:00,110,4,Friday,3,0,0,random_or_none,3,hot,0.42,260,0,0,0,0,0,0,0,normal,0,93,90
3/14/2025 23:00,93,4,Friday,3,0,0,random_or_none,2,cold,0.318,260,0,0,0,0,0,0,0,normal,0,70,83
3/15/2025 0:00,70,5,Saturday,3,1,0,random_or_none,0,sunny,0.001,260,0,0,0,0,0,0,0,normal,0,74,72
3/15/2025 1:00,74,5,Saturday,3,1,0,random_or_none,4,dusty,0.919,260,0,0,0,0,0,0,0,extreme_weather,2,69,66
3/15/2025 2:00,69,5,Saturday,3,1,0,random_or_none,2,cold,0.802,260,0,0,0,0,0,0,0,extreme_weather,2,61,58
3/15/2025 3:00,61,5,Saturday,3,1,0,random_or_none,0,sunny,0.161,260,0,0,0,0,0,0,0,normal,0,58,55
3/15/2025 4:00,58,5,Saturday,3,1,0,random_or_none,0,sunny,0.122,260,0,0,0,0,0,0,0,normal,0,62,62
3/15/2025 5:00,62,5,Saturday,3,1,0,random_or_none,1,rainy,0.308,260,0,0,0,0,0,0,0,normal,0,73,60
3/15/2025 6:00,73,5,Saturday,3,1,0,random_or_none,2,cold,0.408,260,0,0,0,0,0,0,0,normal,0,73,64
3/15/2025 7:00,73,5,Saturday,3,1,0,random_or_none,0,sunny,0.165,260,0,0,0,0,0,0,0,normal,0,75,73
3/15/2025 8:00,75,5,Saturday,3,1,0,random_or_none,0,sunny,0.312,260,0,0,0,0,0,0,0,normal,0,94,71
3/15/2025 9:00,94,5,Saturday,3,1,0,random_or_none,5,windy,0.544,260,0,0,0,0,0,0,0,normal,0,96,75
3/15/2025 10:00,96,5,Saturday,3,1,0,random_or_none,0,sunny,0.309,260,0,0,0,0,0,0,0,normal,0,100,82
3/15/2025 11:00,100,5,Saturday,3,1,0,random_or_none,0,sunny,0.147,260,0,0,0,0,0,0,0,normal,0,112,94
3/15/2025 12:00,112,5,Saturday,3,1,0,random_or_none,0,sunny,0.233,260,0,0,0,0,0,0,0,normal,0,108,102
3/15/2025 13:00,108,5,Saturday,3,1,0,random_or_none,0,sunny,0.171,260,0,0,0,0,0,0,0,normal,0,106,102
3/15/2025 14:00,106,5,Saturday,3,1,0,random_or_none,5,windy,0.371,260,0,0,0,0,0,0,0,normal,0,116,103
3/15/2025 15:00,116,5,Saturday,3,1,0,random_or_none,5,windy,0.832,260,0,0,0,0,0,0,0,extreme_weather,2,179,112
3/15/2025 16:00,179,5,Saturday,3,1,0,random_or_none,5,windy,0.329,260,0,1,127.04,0,0,0,0,emergency_spike,5,212,113
3/15/2025 17:00,212,5,Saturday,3,1,0,random_or_none,1,rainy,0.628,260,0,1,126.02,0,0,0,0,emergency_spike,5,160,114
3/15/2025 18:00,160,5,Saturday,3,1,0,random_or_none,0,sunny,0.029,260,0,0,0,0,0,0,0,normal,0,130,114
3/15/2025 19:00,130,5,Saturday,3,1,0,random_or_none,0,sunny,0.098,260,0,0,0,0,0,0,0,normal,0,110,117
3/15/2025 20:00,110,5,Saturday,3,1,0,random_or_none,0,sunny,0.245,260,0,0,0,0,0,0,0,normal,0,102,103
3/15/2025 21:00,102,5,Saturday,3,1,0,random_or_none,5,windy,0.35,260,0,0,0,0,0,0,0,normal,0,90,96
3/15/2025 22:00,90,5,Saturday,3,1,0,random_or_none,0,sunny,0.299,260,0,0,0,0,0,0,0,normal,0,83,88
3/15/2025 23:00,83,5,Saturday,3,1,0,random_or_none,1,rainy,0.369,260,0,0,0,0,0,0,0,normal,0,72,75
3/16/2025 0:00,72,6,Sunday,3,1,0,random_or_none,0,sunny,0.006,260,0,0,0,0,0,0,0,normal,0,66,69
3/16/2025 1:00,66,6,Sunday,3,1,0,random_or_none,1,rainy,0.71,260,0,0,0,0,0,0,0,normal,0,58,70
3/16/2025 2:00,58,6,Sunday,3,1,0,random_or_none,0,sunny,0.149,260,0,0,0,0,0,0,0,normal,0,55,67
3/16/2025 3:00,55,6,Sunday,3,1,0,random_or_none,0,sunny,0.127,260,0,0,0,0,0,0,0,normal,0,62,73
3/16/2025 4:00,62,6,Sunday,3,1,0,random_or_none,5,windy,0.475,260,0,0,0,0,0,0,0,normal,0,60,77
3/16/2025 5:00,60,6,Sunday,3,1,0,random_or_none,0,sunny,0.1,260,0,0,0,0,0,0,0,normal,0,64,77
3/16/2025 6:00,64,6,Sunday,3,1,0,random_or_none,5,windy,0.548,260,0,0,0,0,0,0,0,normal,0,73,85
3/16/2025 7:00,73,6,Sunday,3,1,0,random_or_none,5,windy,0.789,260,0,0,0,0,0,0,0,extreme_weather,2,71,86
3/16/2025 8:00,71,6,Sunday,3,1,0,random_or_none,0,sunny,0.284,260,0,0,0,0,0,0,0,normal,0,75,143
3/16/2025 9:00,75,6,Sunday,3,1,0,random_or_none,0,sunny,0.097,260,0,0,0,0,0,0,0,normal,0,82,123
3/16/2025 10:00,82,6,Sunday,3,1,0,random_or_none,0,sunny,0.037,260,0,0,0,0,0,0,0,normal,0,94,122
3/16/2025 11:00,94,6,Sunday,3,1,0,random_or_none,3,hot,0.857,260,0,0,0,0,0,0,0,extreme_weather,2,102,119
3/16/2025 12:00,102,6,Sunday,3,1,0,random_or_none,0,sunny,0.156,260,0,0,0,0,0,0,0,normal,0,102,124
3/16/2025 13:00,102,6,Sunday,3,1,0,random_or_none,0,sunny,0.166,260,0,0,0,0,0,0,0,normal,0,103,132
3/16/2025 14:00,103,6,Sunday,3,1,0,random_or_none,1,rainy,0.273,260,0,0,0,0,0,0,0,normal,0,112,129
3/16/2025 15:00,112,6,Sunday,3,1,0,random_or_none,2,cold,0.67,260,0,0,0,0,0,0,0,normal,0,113,131
3/16/2025 16:00,113,6,Sunday,3,1,0,random_or_none,1,rainy,0.428,260,0,0,0,0,0,0,0,normal,0,114,131
3/16/2025 17:00,114,6,Sunday,3,1,0,random_or_none,1,rainy,0.536,260,0,0,0,0,0,0,0,normal,0,114,140
3/16/2025 18:00,114,6,Sunday,3,1,0,random_or_none,4,dusty,0.793,260,0,0,0,0,0,0,0,extreme_weather,2,117,131
3/16/2025 19:00,117,6,Sunday,3,1,0,random_or_none,0,sunny,0.335,260,0,0,0,0,0,0,0,normal,0,103,148
3/16/2025 20:00,103,6,Sunday,3,1,0,random_or_none,3,hot,0.302,260,0,0,0,0,0,0,0,normal,0,96,196
3/16/2025 21:00,96,6,Sunday,3,1,0,random_or_none,1,rainy,0.21,260,0,0,0,0,0,0,0,normal,0,88,155
3/16/2025 22:00,88,6,Sunday,3,1,0,random_or_none,1,rainy,0.6,260,0,0,0,0,0,0,0,normal,0,75,131
3/16/2025 23:00,75,6,Sunday,3,1,0,random_or_none,0,sunny,0.2,260,0,0,0,0,0,0,0,normal,0,69,103
3/17/2025 0:00,69,0,Monday,3,0,0,random_or_none,0,sunny,0.325,260,0,0,0,0,0,0,0,normal,0,70,103
3/17/2025 1:00,70,0,Monday,3,0,0,random_or_none,0,sunny,0.298,260,0,0,0,0,0,0,0,normal,0,67,104
3/17/2025 2:00,67,0,Monday,3,0,0,random_or_none,0,sunny,0.042,260,0,0,0,0,0,0,0,normal,0,73,104
3/17/2025 3:00,73,0,Monday,3,0,0,random_or_none,5,windy,0.934,260,0,0,0,0,0,0,0,extreme_weather,2,77,107
3/17/2025 4:00,77,0,Monday,3,0,0,random_or_none,2,cold,0.139,260,0,0,0,0,0,0,0,normal,0,77,101
3/17/2025 5:00,77,0,Monday,3,0,0,random_or_none,0,sunny,0.227,260,0,0,0,0,0,0,0,normal,0,85,115
3/17/2025 6:00,85,0,Monday,3,0,0,random_or_none,3,hot,0.41,260,0,0,0,0,0,0,0,normal,0,86,126
3/17/2025 7:00,86,0,Monday,3,0,0,random_or_none,0,sunny,0.314,260,0,0,0,0,0,0,0,normal,0,143,123
3/17/2025 8:00,143,0,Monday,3,0,0,random_or_none,3,hot,0.651,260,0,1,106.58,0,0,0,0,emergency_spike,5,123,133
3/17/2025 9:00,123,0,Monday,3,0,0,random_or_none,0,sunny,0.005,260,0,0,0,0,0,0,0,normal,0,122,139
3/17/2025 10:00,122,0,Monday,3,0,0,random_or_none,2,cold,0.804,260,0,0,0,0,0,0,0,extreme_weather,2,119,147
3/17/2025 11:00,119,0,Monday,3,0,0,random_or_none,4,dusty,0.393,260,0,0,0,0,0,0,0,normal,0,124,159
3/17/2025 12:00,124,0,Monday,3,0,0,random_or_none,5,windy,0.399,260,0,0,0,0,0,0,0,normal,0,132,163
3/17/2025 13:00,132,0,Monday,3,0,0,random_or_none,2,cold,0.397,260,0,0,0,0,0,0,0,normal,0,129,165
3/17/2025 14:00,129,0,Monday,3,0,0,random_or_none,5,windy,0.54,260,0,0,0,0,0,0,0,normal,0,131,174
3/17/2025 15:00,131,0,Monday,3,0,0,random_or_none,2,cold,0.232,260,0,0,0,0,0,0,0,normal,0,131,172
3/17/2025 16:00,131,0,Monday,3,0,0,random_or_none,4,dusty,0.335,260,0,0,0,0,0,0,0,normal,0,140,173
3/17/2025 17:00,140,0,Monday,3,0,0,random_or_none,2,cold,0.616,260,0,0,0,0,0,0,0,normal,0,131,175
3/17/2025 18:00,131,0,Monday,3,0,0,random_or_none,0,sunny,0.149,260,0,0,0,0,0,0,0,normal,0,148,180
3/17/2025 19:00,148,0,Monday,3,0,0,random_or_none,5,windy,0.378,260,0,1,50.76,0,0,0,0,emergency_spike,5,196,176
3/17/2025 20:00,196,0,Monday,3,0,0,random_or_none,1,rainy,0.238,260,0,1,134.81,0,0,0,0,emergency_spike,5,155,167
3/17/2025 21:00,155,0,Monday,3,0,0,random_or_none,5,windy,0.495,260,0,0,0,0,0,0,0,normal,0,131,154
3/17/2025 22:00,131,0,Monday,3,0,0,random_or_none,5,windy,0.286,260,0,0,0,0,0,0,0,normal,0,103,136
3/17/2025 23:00,103,0,Monday,3,0,0,random_or_none,0,sunny,0.049,260,0,0,0,0,0,0,0,normal,0,103,127
3/18/2025 0:00,103,1,Tuesday,3,0,0,random_or_none,2,cold,0.712,260,0,0,0,1,0.374,0,0,outbreak_period,3,104,115
3/18/2025 1:00,104,1,Tuesday,3,0,0,random_or_none,1,rainy,0.364,260,0,0,0,1,0.374,0,0,outbreak_period,3,104,112
3/18/2025 2:00,104,1,Tuesday,3,0,0,random_or_none,0,sunny,0.016,260,0,0,0,1,0.374,0,0,outbreak_period,3,107,107
3/18/2025 3:00,107,1,Tuesday,3,0,0,random_or_none,1,rainy,0.151,260,0,0,0,1,0.374,0,0,outbreak_period,3,101,101
3/18/2025 4:00,101,1,Tuesday,3,0,0,random_or_none,0,sunny,0.135,260,0,0,0,1,0.374,0,0,outbreak_period,3,115,98
3/18/2025 5:00,115,1,Tuesday,3,0,0,random_or_none,5,windy,0.787,260,0,0,0,1,0.374,0,0,outbreak_period,3,126,102
3/18/2025 6:00,126,1,Tuesday,3,0,0,random_or_none,1,rainy,0.943,260,0,0,0,1,0.374,0,0,outbreak_period,3,123,165
3/18/2025 7:00,123,1,Tuesday,3,0,0,random_or_none,0,sunny,0.117,260,0,0,0,1,0.374,0,0,outbreak_period,3,133,151
3/18/2025 8:00,133,1,Tuesday,3,0,0,random_or_none,4,dusty,0.264,260,0,0,0,1,0.374,0,0,outbreak_period,3,139,143
3/18/2025 9:00,139,1,Tuesday,3,0,0,random_or_none,0,sunny,0.063,260,0,0,0,1,0.374,0,0,outbreak_period,3,147,143
3/18/2025 10:00,147,1,Tuesday,3,0,0,random_or_none,2,cold,0.615,260,0,0,0,1,0.374,0,0,outbreak_period,3,159,147
3/18/2025 11:00,159,1,Tuesday,3,0,0,random_or_none,0,sunny,0.175,260,0,0,0,1,0.374,0,0,outbreak_period,3,163,160
3/18/2025 12:00,163,1,Tuesday,3,0,0,random_or_none,0,sunny,0.317,260,0,0,0,1,0.374,0,0,outbreak_period,3,165,162
3/18/2025 13:00,165,1,Tuesday,3,0,0,random_or_none,3,hot,0.772,260,0,0,0,1,0.374,0,0,outbreak_period,3,174,172
3/18/2025 14:00,174,1,Tuesday,3,0,0,random_or_none,0,sunny,0.156,260,0,0,0,1,0.374,0,0,outbreak_period,3,172,182
3/18/2025 15:00,172,1,Tuesday,3,0,0,random_or_none,0,sunny,0.15,260,0,0,0,1,0.374,0,0,outbreak_period,3,173,185
3/18/2025 16:00,173,1,Tuesday,3,0,0,random_or_none,0,sunny,0.113,260,0,0,0,1,0.374,0,0,outbreak_period,3,175,177
3/18/2025 17:00,175,1,Tuesday,3,0,0,random_or_none,1,rainy,0.535,260,0,0,0,1,0.374,0,0,outbreak_period,3,180,174
3/18/2025 18:00,180,1,Tuesday,3,0,0,random_or_none,5,windy,0.691,260,0,0,0,1,0.374,0,0,outbreak_period,3,176,171
3/18/2025 19:00,176,1,Tuesday,3,0,0,random_or_none,1,rainy,0.581,260,0,0,0,1,0.374,0,0,outbreak_period,3,167,170
3/18/2025 20:00,167,1,Tuesday,3,0,0,random_or_none,1,rainy,0.334,260,0,0,0,1,0.374,0,0,outbreak_period,3,154,229
3/18/2025 21:00,154,1,Tuesday,3,0,0,random_or_none,5,windy,0.83,260,0,0,0,1,0.374,0,0,outbreak_period,3,136,193
3/18/2025 22:00,136,1,Tuesday,3,0,0,random_or_none,0,sunny,0.071,260,0,0,0,1,0.374,0,0,outbreak_period,3,127,162
3/18/2025 23:00,127,1,Tuesday,3,0,0,random_or_none,0,sunny,0.039,260,0,0,0,1,0.374,0,0,outbreak_period,3,115,137
3/19/2025 0:00,115,2,Wednesday,3,0,0,random_or_none,0,sunny,0.297,260,0,0,0,1,0.374,0,0,outbreak_period,3,112,122
3/19/2025 1:00,112,2,Wednesday,3,0,0,random_or_none,2,cold,0.514,260,0,0,0,1,0.374,0,0,outbreak_period,3,107,110
3/19/2025 2:00,107,2,Wednesday,3,0,0,random_or_none,1,rainy,0.319,260,0,0,0,1,0.374,0,0,outbreak_period,3,101,105
3/19/2025 3:00,101,2,Wednesday,3,0,0,random_or_none,5,windy,0.381,260,0,0,0,1,0.374,0,0,outbreak_period,3,98,141
3/19/2025 4:00,98,2,Wednesday,3,0,0,random_or_none,1,rainy,0.193,260,0,0,0,1,0.374,0,0,outbreak_period,3,102,124
3/19/2025 5:00,102,2,Wednesday,3,0,0,random_or_none,1,rainy,0.277,260,0,0,0,1,0.374,0,0,outbreak_period,3,165,120
3/19/2025 6:00,165,2,Wednesday,3,0,0,random_or_none,0,sunny,0.086,260,0,1,144.29,1,0.374,0,0,emergency_spike,5,151,119
3/19/2025 7:00,151,2,Wednesday,3,0,0,random_or_none,1,rainy,0.262,260,0,0,0,1,0.374,0,0,outbreak_period,3,143,122
3/19/2025 8:00,143,2,Wednesday,3,0,0,random_or_none,4,dusty,0.553,260,0,0,0,1,0.374,0,0,outbreak_period,3,143,130
3/19/2025 9:00,143,2,Wednesday,3,0,0,random_or_none,0,sunny,0.039,260,0,0,0,1,0.374,0,0,outbreak_period,3,147,137
3/19/2025 10:00,147,2,Wednesday,3,0,0,random_or_none,5,windy,0.67,260,0,0,0,1,0.374,0,0,outbreak_period,3,160,158
3/19/2025 11:00,160,2,Wednesday,3,0,0,random_or_none,4,dusty,0.541,260,0,0,0,1,0.374,0,0,outbreak_period,3,162,158
3/19/2025 12:00,162,2,Wednesday,3,0,0,random_or_none,0,sunny,0.2,260,0,0,0,1,0.374,0,0,outbreak_period,3,172,166
3/19/2025 13:00,172,2,Wednesday,3,0,0,random_or_none,0,sunny,0.032,260,0,0,0,1,0.374,0,0,outbreak_period,3,182,169
3/19/2025 14:00,182,2,Wednesday,3,0,0,random_or_none,4,dusty,0.757,260,0,0,0,1,0.374,0,0,outbreak_period,3,185,179
3/19/2025 15:00,185,2,Wednesday,3,0,0,random_or_none,2,cold,0.832,260,0,0,0,1,0.374,0,0,outbreak_period,3,177,179
3/19/2025 16:00,177,2,Wednesday,3,0,0,random_or_none,0,sunny,0.242,260,0,0,0,1,0.374,0,0,outbreak_period,3,174,180
3/19/2025 17:00,174,2,Wednesday,3,0,0,random_or_none,1,rainy,0.194,260,0,0,0,1,0.374,0,0,outbreak_period,3,171,184
3/19/2025 18:00,171,2,Wednesday,3,0,0,random_or_none,1,rainy,0.366,260,0,0,0,1,0.374,0,0,outbreak_period,3,170,172
3/19/2025 19:00,170,2,Wednesday,3,0,0,random_or_none,0,sunny,0.084,260,0,0,0,1,0.374,0,0,outbreak_period,3,229,170
3/19/2025 20:00,229,2,Wednesday,3,0,0,random_or_none,0,sunny,0.074,260,0,1,153.05,1,0.374,0,0,emergency_spike,5,193,158
3/19/2025 21:00,193,2,Wednesday,3,0,0,random_or_none,4,dusty,0.38,260,0,0,0,1,0.374,0,0,outbreak_period,3,162,146
3/19/2025 22:00,162,2,Wednesday,3,0,0,random_or_none,1,rainy,0.186,260,0,0,0,1,0.374,0,0,outbreak_period,3,137,135
3/19/2025 23:00,137,2,Wednesday,3,0,0,random_or_none,0,sunny,0.108,260,0,0,0,1,0.374,0,0,outbreak_period,3,122,126
3/20/2025 0:00,122,3,Thursday,3,0,0,random_or_none,5,windy,0.969,260,0,0,0,1,0.374,0,0,outbreak_period,3,110,117
3/20/2025 1:00,110,3,Thursday,3,0,0,random_or_none,0,sunny,0.236,260,0,0,0,1,0.374,0,0,outbreak_period,3,105,112
3/20/2025 2:00,105,3,Thursday,3,0,0,random_or_none,2,cold,0.478,260,0,0,0,1,0.374,0,0,outbreak_period,3,141,103
3/20/2025 3:00,141,3,Thursday,3,0,0,random_or_none,5,windy,0.645,260,0,1,84.12,1,0.374,0,0,emergency_spike,5,124,104
3/20/2025 4:00,124,3,Thursday,3,0,0,random_or_none,5,windy,0.322,260,0,0,0,1,0.374,0,0,outbreak_period,3,120,107
3/20/2025 5:00,120,3,Thursday,3,0,0,random_or_none,5,windy,0.378,260,0,0,0,1,0.374,0,0,outbreak_period,3,119,105
3/20/2025 6:00,119,3,Thursday,3,0,0,random_or_none,1,rainy,0.944,260,0,0,0,1,0.374,0,0,outbreak_period,3,122,118
3/20/2025 7:00,122,3,Thursday,3,0,0,random_or_none,1,rainy,0.255,260,0,0,0,1,0.374,0,0,outbreak_period,3,130,125
3/20/2025 8:00,130,3,Thursday,3,0,0,random_or_none,5,windy,0.909,260,0,0,0,1,0.374,0,0,outbreak_period,3,137,131
3/20/2025 9:00,137,3,Thursday,3,0,0,random_or_none,3,hot,0.636,260,0,0,0,1,0.374,0,0,outbreak_period,3,158,137
3/20/2025 10:00,158,3,Thursday,3,0,0,random_or_none,1,rainy,0.946,260,0,0,0,1,0.374,0,0,outbreak_period,3,158,135
3/20/2025 11:00,158,3,Thursday,3,0,0,random_or_none,0,sunny,0.304,260,0,0,0,1,0.374,0,0,outbreak_period,3,166,150
3/20/2025 12:00,166,3,Thursday,3,0,0,random_or_none,2,cold,0.474,260,0,0,0,1,0.374,0,0,outbreak_period,3,169,167
3/20/2025 13:00,169,3,Thursday,3,0,0,random_or_none,0,sunny,0.202,260,0,0,0,1,0.374,0,0,outbreak_period,3,179,174
3/20/2025 14:00,179,3,Thursday,3,0,0,random_or_none,0,sunny,0.249,260,0,0,0,1,0.374,0,0,outbreak_period,3,179,182
3/20/2025 15:00,179,3,Thursday,3,0,0,random_or_none,5,windy,0.624,260,0,0,0,1,0.374,0,0,outbreak_period,3,180,174
3/20/2025 16:00,180,3,Thursday,3,0,0,random_or_none,3,hot,0.541,260,0,0,0,1,0.374,0,0,outbreak_period,3,184,260
3/20/2025 17:00,184,3,Thursday,3,0,0,random_or_none,5,windy,0.755,260,0,0,0,1,0.374,0,0,outbreak_period,3,172,219
3/20/2025 18:00,172,3,Thursday,3,0,0,random_or_none,5,windy,0.444,260,0,0,0,1,0.374,0,0,outbreak_period,3,170,203
3/20/2025 19:00,170,3,Thursday,3,0,0,random_or_none,3,hot,0.184,260,0,0,0,1,0.374,0,0,outbreak_period,3,158,260
3/20/2025 20:00,158,3,Thursday,3,0,0,random_or_none,0,sunny,0.277,260,0,0,0,1,0.374,0,0,outbreak_period,3,146,208
3/20/2025 21:00,146,3,Thursday,3,0,0,random_or_none,0,sunny,0.132,260,0,0,0,1,0.374,0,0,outbreak_period,3,135,174
3/20/2025 22:00,135,3,Thursday,3,0,0,random_or_none,2,cold,0.267,260,0,0,0,1,0.374,0,0,outbreak_period,3,126,155
3/20/2025 23:00,126,3,Thursday,3,0,0,random_or_none,1,rainy,0.578,260,0,0,0,1,0.374,0,0,outbreak_period,3,117,140
3/21/2025 0:00,117,4,Friday,3,0,0,random_or_none,0,sunny,0.063,260,0,0,0,1,0.374,0,0,outbreak_period,3,112,118
3/21/2025 1:00,112,4,Friday,3,0,0,random_or_none,1,rainy,0.471,260,0,0,0,1,0.374,0,0,outbreak_period,3,103,98
3/21/2025 2:00,103,4,Friday,3,0,0,random_or_none,0,sunny,0.212,260,0,0,0,1,0.374,0,0,outbreak_period,3,104,93
3/21/2025 3:00,104,4,Friday,3,0,0,random_or_none,1,rainy,0.586,260,0,0,0,1,0.374,0,0,outbreak_period,3,107,87
3/21/2025 4:00,107,4,Friday,3,0,0,random_or_none,0,sunny,0.075,260,0,0,0,1,0.374,0,0,outbreak_period,3,105,89
3/21/2025 5:00,105,4,Friday,3,0,0,random_or_none,0,sunny,0.283,260,0,0,0,1,0.374,0,0,outbreak_period,3,118,165
3/21/2025 6:00,118,4,Friday,3,0,0,random_or_none,3,hot,0.321,260,0,0,0,1,0.374,0,0,outbreak_period,3,125,127
3/21/2025 7:00,125,4,Friday,3,0,0,random_or_none,1,rainy,0.352,260,0,0,0,1,0.374,0,0,outbreak_period,3,131,122
3/21/2025 8:00,131,4,Friday,3,0,0,random_or_none,0,sunny,0.096,260,0,0,0,1,0.374,0,0,outbreak_period,3,137,117
3/21/2025 9:00,137,4,Friday,3,0,0,random_or_none,1,rainy,0.321,260,0,0,0,1,0.374,0,0,outbreak_period,3,135,124
3/21/2025 10:00,135,4,Friday,3,0,0,random_or_none,0,sunny,0.019,260,0,0,0,1,0.374,0,0,outbreak_period,3,150,132
3/21/2025 11:00,150,4,Friday,3,0,0,random_or_none,0,sunny,0.07,260,0,0,0,1,0.374,0,0,outbreak_period,3,167,139
3/21/2025 12:00,167,4,Friday,3,0,0,random_or_none,1,rainy,0.578,260,0,0,0,1,0.374,0,0,outbreak_period,3,174,147
3/21/2025 13:00,174,4,Friday,3,0,0,random_or_none,4,dusty,0.628,260,0,0,0,1,0.374,0,0,outbreak_period,3,182,166
3/21/2025 14:00,182,4,Friday,3,0,0,random_or_none,1,rainy,0.865,260,0,0,0,1,0.374,0,0,outbreak_period,3,174,164
3/21/2025 15:00,174,4,Friday,3,0,0,random_or_none,0,sunny,0.232,260,0,0,0,1,0.374,0,0,outbreak_period,3,260,167
3/21/2025 16:00,260,4,Friday,3,0,0,random_or_none,5,windy,0.892,260,1,1,263.98,1,0.374,0,0,capacity_capped,6,219,176
3/21/2025 17:00,219,4,Friday,3,0,0,random_or_none,0,sunny,0.277,260,0,0,0,1,0.374,0,0,outbreak_period,3,203,177
3/21/2025 18:00,203,4,Friday,3,0,0,random_or_none,0,sunny,0.253,260,0,0,0,1,0.374,0,0,outbreak_period,3,260,168
3/21/2025 19:00,260,4,Friday,3,0,0,random_or_none,5,windy,0.737,260,1,1,211.06,1,0.374,0,0,capacity_capped,6,208,160
3/21/2025 20:00,208,4,Friday,3,0,0,random_or_none,0,sunny,0.244,260,0,0,0,1,0.374,0,0,outbreak_period,3,174,155
3/21/2025 21:00,174,4,Friday,3,0,0,random_or_none,0,sunny,0.067,260,0,0,0,1,0.374,0,0,outbreak_period,3,155,150
3/21/2025 22:00,155,4,Friday,3,0,0,random_or_none,4,dusty,0.478,260,0,0,0,1,0.374,0,0,outbreak_period,3,140,135
3/21/2025 23:00,140,4,Friday,3,0,0,random_or_none,2,cold,0.194,260,0,0,0,1,0.374,0,0,outbreak_period,3,118,113
3/22/2025 0:00,118,5,Saturday,3,1,0,random_or_none,3,hot,0.481,260,0,0,0,1,0.374,0,0,outbreak_period,3,98,101
3/22/2025 1:00,98,5,Saturday,3,1,0,random_or_none,3,hot,0.419,260,0,0,0,1,0.374,0,0,outbreak_period,3,93,94
3/22/2025 2:00,93,5,Saturday,3,1,0,random_or_none,1,rainy,0.448,260,0,0,0,1,0.374,0,0,outbreak_period,3,87,84
3/22/2025 3:00,87,5,Saturday,3,1,0,random_or_none,0,sunny,0.231,260,0,0,0,1,0.374,0,0,outbreak_period,3,89,79
3/22/2025 4:00,89,5,Saturday,3,1,0,random_or_none,5,windy,0.82,260,0,0,0,1,0.374,0,0,outbreak_period,3,165,78
3/22/2025 5:00,165,5,Saturday,3,1,0,random_or_none,2,cold,0.167,260,0,1,169.23,1,0.374,0,0,emergency_spike,5,127,81
3/22/2025 6:00,127,5,Saturday,3,1,0,random_or_none,0,sunny,0.262,260,0,0,0,1,0.374,0,0,outbreak_period,3,122,90
3/22/2025 7:00,122,5,Saturday,3,1,0,random_or_none,1,rainy,0.795,260,0,0,0,1,0.374,0,0,outbreak_period,3,117,97
3/22/2025 8:00,117,5,Saturday,3,1,0,random_or_none,2,cold,0.259,260,0,0,0,1,0.374,0,0,outbreak_period,3,124,109
3/22/2025 9:00,124,5,Saturday,3,1,0,random_or_none,2,cold,0.813,260,0,0,0,1,0.374,0,0,outbreak_period,3,132,113
3/22/2025 10:00,132,5,Saturday,3,1,0,random_or_none,5,windy,0.639,260,0,0,0,1,0.374,0,0,outbreak_period,3,139,118
3/22/2025 11:00,139,5,Saturday,3,1,0,random_or_none,4,dusty,0.787,260,0,0,0,1,0.374,0,0,outbreak_period,3,147,138
3/22/2025 12:00,147,5,Saturday,3,1,0,random_or_none,0,sunny,0.231,260,0,0,0,1,0.374,0,0,outbreak_period,3,166,135
3/22/2025 13:00,166,5,Saturday,3,1,0,random_or_none,5,windy,0.294,260,0,1,45.32,1,0.374,0,0,emergency_spike,5,164,142
3/22/2025 14:00,164,5,Saturday,3,1,0,random_or_none,5,windy,0.882,260,0,0,0,1,0.374,0,0,outbreak_period,3,167,144
3/22/2025 15:00,167,5,Saturday,3,1,0,random_or_none,1,rainy,0.494,260,0,0,0,1,0.374,0,0,outbreak_period,3,176,145
3/22/2025 16:00,176,5,Saturday,3,1,0,random_or_none,1,rainy,0.643,260,0,0,0,1,0.374,0,0,outbreak_period,3,177,144
3/22/2025 17:00,177,5,Saturday,3,1,0,random_or_none,1,rainy,0.902,260,0,0,0,1,0.374,0,0,outbreak_period,3,168,154
3/22/2025 18:00,168,5,Saturday,3,1,0,random_or_none,5,windy,0.534,260,0,0,0,1,0.374,0,0,outbreak_period,3,160,160
3/22/2025 19:00,160,5,Saturday,3,1,0,random_or_none,0,sunny,0.041,260,0,0,0,1,0.374,0,0,outbreak_period,3,155,157
3/22/2025 20:00,155,5,Saturday,3,1,0,random_or_none,1,rainy,0.76,260,0,0,0,1,0.374,0,0,outbreak_period,3,150,146
3/22/2025 21:00,150,5,Saturday,3,1,0,random_or_none,0,sunny,0.033,260,0,1,34.49,1,0.374,0,0,emergency_spike,5,135,133
3/22/2025 22:00,135,5,Saturday,3,1,0,random_or_none,5,windy,0.377,260,0,0,0,1,0.374,0,0,outbreak_period,3,113,110
3/22/2025 23:00,113,5,Saturday,3,1,0,random_or_none,0,sunny,0.257,260,0,0,0,1,0.374,0,0,outbreak_period,3,101,106
3/23/2025 0:00,101,6,Sunday,3,1,0,random_or_none,5,windy,0.802,260,0,0,0,1,0.374,0,0,outbreak_period,3,94,109
3/23/2025 1:00,94,6,Sunday,3,1,0,random_or_none,2,cold,0.645,260,0,0,0,1,0.374,0,0,outbreak_period,3,84,108
3/23/2025 2:00,84,6,Sunday,3,1,0,random_or_none,0,sunny,0.091,260,0,0,0,1,0.374,0,0,outbreak_period,3,79,104
3/23/2025 3:00,79,6,Sunday,3,1,0,random_or_none,0,sunny,0.345,260,0,0,0,1,0.374,0,0,outbreak_period,3,78,103
3/23/2025 4:00,78,6,Sunday,3,1,0,random_or_none,0,sunny,0.325,260,0,0,0,1,0.374,0,0,outbreak_period,3,81,102
3/23/2025 5:00,81,6,Sunday,3,1,0,random_or_none,0,sunny,0.027,260,0,0,0,1,0.374,0,0,outbreak_period,3,90,106
3/23/2025 6:00,90,6,Sunday,3,1,0,random_or_none,4,dusty,0.356,260,0,0,0,1,0.374,0,0,outbreak_period,3,97,120
3/23/2025 7:00,97,6,Sunday,3,1,0,random_or_none,1,rainy,0.651,260,0,0,0,1,0.374,0,0,outbreak_period,3,109,124
3/23/2025 8:00,109,6,Sunday,3,1,0,random_or_none,1,rainy,0.862,260,0,0,0,1,0.374,0,0,outbreak_period,3,113,141
3/23/2025 9:00,113,6,Sunday,3,1,0,random_or_none,0,sunny,0.316,260,0,0,0,1,0.374,0,0,outbreak_period,3,118,144
3/23/2025 10:00,118,6,Sunday,3,1,0,random_or_none,5,windy,0.853,260,0,0,0,1,0.374,0,0,outbreak_period,3,138,156
3/23/2025 11:00,138,6,Sunday,3,1,0,random_or_none,1,rainy,0.154,260,0,0,0,1,0.374,0,0,outbreak_period,3,135,159
3/23/2025 12:00,135,6,Sunday,3,1,0,random_or_none,0,sunny,0.043,260,0,0,0,1,0.374,0,0,outbreak_period,3,142,164
3/23/2025 13:00,142,6,Sunday,3,1,0,random_or_none,5,windy,0.399,260,0,0,0,1,0.374,0,0,outbreak_period,3,144,174
3/23/2025 14:00,144,6,Sunday,3,1,0,random_or_none,0,sunny,0.048,260,0,0,0,1,0.374,0,0,outbreak_period,3,145,172
3/23/2025 15:00,145,6,Sunday,3,1,0,random_or_none,0,sunny,0.07,260,0,0,0,1,0.374,0,0,outbreak_period,3,144,176
3/23/2025 16:00,144,6,Sunday,3,1,0,random_or_none,5,windy,0.736,260,0,0,0,1,0.374,0,0,outbreak_period,3,154,185
3/23/2025 17:00,154,6,Sunday,3,1,0,random_or_none,4,dusty,0.388,260,0,0,0,1,0.374,0,0,outbreak_period,3,160,187
3/23/2025 18:00,160,6,Sunday,3,1,0,random_or_none,2,cold,0.638,260,0,0,0,1,0.374,0,0,outbreak_period,3,157,187
3/23/2025 19:00,157,6,Sunday,3,1,0,random_or_none,1,rainy,0.283,260,0,0,0,1,0.374,0,0,outbreak_period,3,146,190
3/23/2025 20:00,146,6,Sunday,3,1,0,random_or_none,5,windy,0.57,260,0,0,0,1,0.374,0,0,outbreak_period,3,133,175
3/23/2025 21:00,133,6,Sunday,3,1,0,random_or_none,0,sunny,0.134,260,0,0,0,1,0.374,0,0,outbreak_period,3,110,154
3/23/2025 22:00,110,6,Sunday,3,1,0,random_or_none,0,sunny,0.314,260,0,0,0,1,0.374,0,0,outbreak_period,3,106,142
3/23/2025 23:00,106,6,Sunday,3,1,0,random_or_none,4,dusty,0.39,260,0,0,0,1,0.374,0,0,outbreak_period,3,109,137
3/24/2025 0:00,109,0,Monday,3,0,0,random_or_none,5,windy,0.953,260,0,0,0,1,0.374,0,0,outbreak_period,3,108,125
3/24/2025 1:00,108,0,Monday,3,0,0,random_or_none,2,cold,0.422,260,0,0,0,1,0.374,0,0,outbreak_period,3,104,121
3/24/2025 2:00,104,0,Monday,3,0,0,random_or_none,0,sunny,0.075,260,0,0,0,1,0.374,0,0,outbreak_period,3,103,109
3/24/2025 3:00,103,0,Monday,3,0,0,random_or_none,0,sunny,0.241,260,0,0,0,1,0.374,0,0,outbreak_period,3,102,102
3/24/2025 4:00,102,0,Monday,3,0,0,random_or_none,0,sunny,0.199,260,0,0,0,1,0.374,0,0,outbreak_period,3,106,96
3/24/2025 5:00,106,0,Monday,3,0,0,random_or_none,0,sunny,0.074,260,0,0,0,1,0.374,0,0,outbreak_period,3,120,105
3/24/2025 6:00,120,0,Monday,3,0,0,random_or_none,1,rainy,0.723,260,0,0,0,1,0.374,0,0,outbreak_period,3,124,109
3/24/2025 7:00,124,0,Monday,3,0,0,random_or_none,1,rainy,0.667,260,0,0,0,1,0.374,0,0,outbreak_period,3,141,117
3/24/2025 8:00,141,0,Monday,3,0,0,random_or_none,1,rainy,0.801,260,0,0,0,1,0.374,0,0,outbreak_period,3,144,125
3/24/2025 9:00,144,0,Monday,3,0,0,random_or_none,0,sunny,0.096,260,0,0,0,1,0.374,0,0,outbreak_period,3,156,145
3/24/2025 10:00,156,0,Monday,3,0,0,random_or_none,1,rainy,0.631,260,0,0,0,1,0.374,0,0,outbreak_period,3,159,142
3/24/2025 11:00,159,0,Monday,3,0,0,random_or_none,0,sunny,0.274,260,0,0,0,1,0.374,0,0,outbreak_period,3,164,150
3/24/2025 12:00,164,0,Monday,3,0,0,random_or_none,0,sunny,0.162,260,0,0,0,1,0.374,0,0,outbreak_period,3,174,163
3/24/2025 13:00,174,0,Monday,3,0,0,random_or_none,1,rainy,0.572,260,0,0,0,1,0.374,0,0,outbreak_period,3,172,168
3/24/2025 14:00,172,0,Monday,3,0,0,random_or_none,0,sunny,0.164,260,0,0,0,1,0.374,0,0,outbreak_period,3,176,165
3/24/2025 15:00,176,0,Monday,3,0,0,random_or_none,0,sunny,0.121,260,0,0,0,1,0.374,0,0,outbreak_period,3,185,169
3/24/2025 16:00,185,0,Monday,3,0,0,random_or_none,5,windy,0.575,260,0,0,0,1,0.374,0,0,outbreak_period,3,187,168
3/24/2025 17:00,187,0,Monday,3,0,0,random_or_none,5,windy,0.967,260,0,0,0,1,0.374,0,0,outbreak_period,3,187,176
3/24/2025 18:00,187,0,Monday,3,0,0,random_or_none,0,sunny,0.078,260,0,0,0,1,0.374,0,0,outbreak_period,3,190,182
3/24/2025 19:00,190,0,Monday,3,0,0,random_or_none,2,cold,0.643,260,0,0,0,1,0.374,0,0,outbreak_period,3,175,174
3/24/2025 20:00,175,0,Monday,3,0,0,random_or_none,0,sunny,0.253,260,0,0,0,1,0.374,0,0,outbreak_period,3,154,164
3/24/2025 21:00,154,0,Monday,3,0,0,random_or_none,0,sunny,0.241,260,0,0,0,1,0.374,0,0,outbreak_period,3,142,156
3/24/2025 22:00,142,0,Monday,3,0,0,random_or_none,2,cold,0.132,260,0,0,0,1,0.374,0,0,outbreak_period,3,137,144
3/24/2025 23:00,137,0,Monday,3,0,0,random_or_none,5,windy,0.832,260,0,0,0,1,0.374,0,0,outbreak_period,3,125,129
3/25/2025 0:00,125,1,Tuesday,3,0,0,random_or_none,4,dusty,0.638,260,0,0,0,1,0.374,0,0,outbreak_period,3,121,115
3/25/2025 1:00,121,1,Tuesday,3,0,0,random_or_none,1,rainy,0.83,260,0,0,0,1,0.374,0,0,outbreak_period,3,109,100
3/25/2025 2:00,109,1,Tuesday,3,0,0,random_or_none,5,windy,0.753,260,0,0,0,1,0.374,0,0,outbreak_period,3,102,106
3/25/2025 3:00,102,1,Tuesday,3,0,0,random_or_none,0,sunny,0.27,260,0,0,0,1,0.374,0,0,outbreak_period,3,96,95
3/25/2025 4:00,96,1,Tuesday,3,0,0,random_or_none,0,sunny,0.268,260,0,0,0,1,0.374,0,0,outbreak_period,3,105,93
3/25/2025 5:00,105,1,Tuesday,3,0,0,random_or_none,0,sunny,0.226,260,0,0,0,1,0.374,0,0,outbreak_period,3,109,94
3/25/2025 6:00,109,1,Tuesday,3,0,0,random_or_none,5,windy,0.306,260,0,0,0,1,0.374,0,0,outbreak_period,3,117,143
3/25/2025 7:00,117,1,Tuesday,3,0,0,random_or_none,1,rainy,0.54,260,0,0,0,1,0.374,0,0,outbreak_period,3,125,158
3/25/2025 8:00,125,1,Tuesday,3,0,0,random_or_none,2,cold,0.671,260,0,0,0,1,0.374,0,0,outbreak_period,3,145,149
3/25/2025 9:00,145,1,Tuesday,3,0,0,random_or_none,5,windy,0.776,260,0,0,0,1,0.374,0,0,outbreak_period,3,142,138
3/25/2025 10:00,142,1,Tuesday,3,0,0,random_or_none,0,sunny,0.321,260,0,0,0,1,0.374,0,0,outbreak_period,3,150,147
3/25/2025 11:00,150,1,Tuesday,3,0,0,random_or_none,0,sunny,0.14,260,0,0,0,1,0.374,0,0,outbreak_period,3,163,157
3/25/2025 12:00,163,1,Tuesday,3,0,0,random_or_none,1,rainy,0.699,260,0,0,0,1,0.374,0,0,outbreak_period,3,168,164
3/25/2025 13:00,168,1,Tuesday,3,0,0,random_or_none,1,rainy,0.236,260,0,0,0,1,0.374,0,0,outbreak_period,3,165,165
3/25/2025 14:00,165,1,Tuesday,3,0,0,random_or_none,0,sunny,0.161,260,0,0,0,1,0.374,0,0,outbreak_period,3,169,174
3/25/2025 15:00,169,1,Tuesday,3,0,0,random_or_none,0,sunny,0.041,260,0,0,0,1,0.374,0,0,outbreak_period,3,168,173
3/25/2025 16:00,168,1,Tuesday,3,0,0,random_or_none,0,sunny,0.074,260,0,0,0,1,0.374,0,0,outbreak_period,3,176,180
3/25/2025 17:00,176,1,Tuesday,3,0,0,random_or_none,1,rainy,0.446,260,0,0,0,1,0.374,0,0,outbreak_period,3,182,174
3/25/2025 18:00,182,1,Tuesday,3,0,0,random_or_none,1,rainy,0.892,260,0,0,0,1,0.374,0,0,outbreak_period,3,174,181
3/25/2025 19:00,174,1,Tuesday,3,0,0,random_or_none,0,sunny,0.213,260,0,0,0,1,0.374,0,0,outbreak_period,3,164,175
3/25/2025 20:00,164,1,Tuesday,3,0,0,random_or_none,0,sunny,0.017,260,0,0,0,1,0.374,0,0,outbreak_period,3,156,173
3/25/2025 21:00,156,1,Tuesday,3,0,0,random_or_none,2,cold,0.531,260,0,0,0,1,0.374,0,0,outbreak_period,3,144,165
3/25/2025 22:00,144,1,Tuesday,3,0,0,random_or_none,1,rainy,0.37,260,0,0,0,1,0.374,0,0,outbreak_period,3,129,153
3/25/2025 23:00,129,1,Tuesday,3,0,0,random_or_none,1,rainy,0.326,260,0,0,0,1,0.374,0,0,outbreak_period,3,115,137
3/26/2025 0:00,115,2,Wednesday,3,0,0,random_or_none,5,windy,0.588,260,0,0,0,1,0.374,0,0,outbreak_period,3,100,125
3/26/2025 1:00,100,2,Wednesday,3,0,0,random_or_none,0,sunny,0.001,260,0,0,0,1,0.374,0,0,outbreak_period,3,106,113
3/26/2025 2:00,106,2,Wednesday,3,0,0,random_or_none,4,dusty,0.667,260,0,0,0,1,0.374,0,0,outbreak_period,3,95,102
3/26/2025 3:00,95,2,Wednesday,3,0,0,random_or_none,0,sunny,0.239,260,0,0,0,1,0.374,0,0,outbreak_period,3,93,97
3/26/2025 4:00,93,2,Wednesday,3,0,0,random_or_none,0,sunny,0.159,260,0,0,0,1,0.374,0,0,outbreak_period,3,94,87
3/26/2025 5:00,94,2,Wednesday,3,0,0,random_or_none,0,sunny,0.341,260,0,0,0,1,0.374,0,0,outbreak_period,3,143,103
3/26/2025 6:00,143,2,Wednesday,3,0,0,random_or_none,0,sunny,0.266,260,0,1,94.31,1,0.374,0,0,emergency_spike,5,158,109
3/26/2025 7:00,158,2,Wednesday,3,0,0,random_or_none,2,cold,0.454,260,0,1,49.28,1,0.374,0,0,emergency_spike,5,149,112
3/26/2025 8:00,149,2,Wednesday,3,0,0,random_or_none,5,windy,0.441,260,0,0,0,1,0.374,0,0,outbreak_period,3,138,130
3/26/2025 9:00,138,2,Wednesday,3,0,0,random_or_none,0,sunny,0.281,260,0,0,0,1,0.374,0,0,outbreak_period,3,147,133
3/26/2025 10:00,147,2,Wednesday,3,0,0,random_or_none,1,rainy,0.431,260,0,0,0,1,0.374,0,0,outbreak_period,3,157,146
3/26/2025 11:00,157,2,Wednesday,3,0,0,random_or_none,1,rainy,0.812,260,0,0,0,1,0.374,0,0,outbreak_period,3,164,152
3/26/2025 12:00,164,2,Wednesday,3,0,0,random_or_none,0,sunny,0.181,260,0,0,0,1,0.374,0,0,outbreak_period,3,165,159
3/26/2025 13:00,165,2,Wednesday,3,0,0,random_or_none,1,rainy,0.366,260,0,0,0,1,0.374,0,0,outbreak_period,3,174,171
3/26/2025 14:00,174,2,Wednesday,3,0,0,random_or_none,5,windy,0.352,260,0,0,0,1,0.374,0,0,outbreak_period,3,173,173
3/26/2025 15:00,173,2,Wednesday,3,0,0,random_or_none,0,sunny,0.202,260,0,0,0,1,0.374,0,0,outbreak_period,3,180,180
3/26/2025 16:00,180,2,Wednesday,3,0,0,random_or_none,1,rainy,0.315,260,0,0,0,1,0.374,0,0,outbreak_period,3,174,181
3/26/2025 17:00,174,2,Wednesday,3,0,0,random_or_none,0,sunny,0.096,260,0,0,0,1,0.374,0,0,outbreak_period,3,181,187
3/26/2025 18:00,181,2,Wednesday,3,0,0,random_or_none,1,rainy,0.88,260,0,0,0,1,0.374,0,0,outbreak_period,3,175,260
3/26/2025 19:00,175,2,Wednesday,3,0,0,random_or_none,4,dusty,0.462,260,0,0,0,1,0.374,0,0,outbreak_period,3,173,226
3/26/2025 20:00,173,2,Wednesday,3,0,0,random_or_none,1,rainy,0.906,260,0,0,0,1,0.374,0,0,outbreak_period,3,165,194
3/26/2025 21:00,165,2,Wednesday,3,0,0,random_or_none,5,windy,0.838,260,0,0,0,1,0.374,0,0,outbreak_period,3,153,175
3/26/2025 22:00,153,2,Wednesday,3,0,0,random_or_none,1,rainy,0.784,260,0,0,0,1,0.374,0,0,outbreak_period,3,137,150
3/26/2025 23:00,137,2,Wednesday,3,0,0,random_or_none,4,dusty,0.31,260,0,0,0,1,0.374,0,0,outbreak_period,3,125,135
3/27/2025 0:00,125,3,Thursday,3,0,0,random_or_none,1,rainy,0.382,260,0,0,0,1,0.374,0,0,outbreak_period,3,113,121
3/27/2025 1:00,113,3,Thursday,3,0,0,random_or_none,0,sunny,0.103,260,0,0,0,1,0.374,0,0,outbreak_period,3,102,120
3/27/2025 2:00,102,3,Thursday,3,0,0,random_or_none,0,sunny,0.289,260,0,0,0,1,0.374,0,0,outbreak_period,3,97,111
3/27/2025 3:00,97,3,Thursday,3,0,0,random_or_none,0,sunny,0.292,260,0,0,0,1,0.374,0,0,outbreak_period,3,87,144
3/27/2025 4:00,87,3,Thursday,3,0,0,random_or_none,0,sunny,0.308,260,0,0,0,1,0.374,0,0,outbreak_period,3,103,131
3/27/2025 5:00,103,3,Thursday,3,0,0,random_or_none,1,rainy,0.913,260,0,0,0,1,0.374,0,0,outbreak_period,3,109,119
3/27/2025 6:00,109,3,Thursday,3,0,0,random_or_none,0,sunny,0.257,260,0,0,0,1,0.374,0,0,outbreak_period,3,112,121
3/27/2025 7:00,112,3,Thursday,3,0,0,random_or_none,0,sunny,0.327,260,0,0,0,1,0.374,0,0,outbreak_period,3,130,122
3/27/2025 8:00,130,3,Thursday,3,0,0,random_or_none,5,windy,0.53,260,0,0,0,1,0.374,0,0,outbreak_period,3,133,131
3/27/2025 9:00,133,3,Thursday,3,0,0,random_or_none,1,rainy,0.289,260,0,0,0,1,0.374,0,0,outbreak_period,3,146,136
3/27/2025 10:00,146,3,Thursday,3,0,0,random_or_none,2,cold,0.703,260,0,0,0,1,0.374,0,0,outbreak_period,3,152,136
3/27/2025 11:00,152,3,Thursday,3,0,0,random_or_none,1,rainy,0.31,260,0,0,0,1,0.374,0,0,outbreak_period,3,159,148
3/27/2025 12:00,159,3,Thursday,3,0,0,random_or_none,0,sunny,0.324,260,0,0,0,1,0.374,0,0,outbreak_period,3,171,241
3/27/2025 13:00,171,3,Thursday,3,0,0,random_or_none,2,cold,0.172,260,0,0,0,1,0.374,0,0,outbreak_period,3,173,211
3/27/2025 14:00,173,3,Thursday,3,0,0,random_or_none,5,windy,0.646,260,0,0,0,1,0.374,0,0,outbreak_period,3,180,223
3/27/2025 15:00,180,3,Thursday,3,0,0,random_or_none,3,hot,0.519,260,0,0,0,1,0.374,0,0,outbreak_period,3,181,201
3/27/2025 16:00,181,3,Thursday,3,0,0,random_or_none,0,sunny,0.268,260,0,0,0,1,0.374,0,0,outbreak_period,3,187,191
3/27/2025 17:00,187,3,Thursday,3,0,0,random_or_none,5,windy,0.673,260,0,0,0,1,0.374,0,0,outbreak_period,3,260,188
3/27/2025 18:00,260,3,Thursday,3,0,0,random_or_none,2,cold,0.758,260,1,1,234.66,1,0.374,0,0,capacity_capped,6,226,187
3/27/2025 19:00,226,3,Thursday,3,0,0,random_or_none,1,rainy,0.76,260,0,0,0,1,0.374,0,0,outbreak_period,3,194,177
3/27/2025 20:00,194,3,Thursday,3,0,0,random_or_none,2,cold,0.163,260,0,0,0,1,0.374,0,0,outbreak_period,3,175,168
3/27/2025 21:00,175,3,Thursday,3,0,0,random_or_none,1,rainy,0.808,260,0,0,0,1,0.374,0,0,outbreak_period,3,150,156
3/27/2025 22:00,150,3,Thursday,3,0,0,random_or_none,5,windy,0.86,260,0,0,0,1,0.374,0,0,outbreak_period,3,135,141
3/27/2025 23:00,135,3,Thursday,3,0,0,random_or_none,5,windy,0.643,260,0,0,0,1,0.374,0,0,outbreak_period,3,121,140
3/28/2025 0:00,121,4,Friday,3,0,0,random_or_none,0,sunny,0.313,260,0,0,0,1,0.374,0,0,outbreak_period,3,120,112
3/28/2025 1:00,120,4,Friday,3,0,0,random_or_none,5,windy,0.983,260,0,0,0,1,0.374,0,0,outbreak_period,3,111,98
3/28/2025 2:00,111,4,Friday,3,0,0,random_or_none,0,sunny,0.023,260,0,0,0,1,0.374,0,0,outbreak_period,3,144,152
3/28/2025 3:00,144,4,Friday,3,0,0,random_or_none,0,sunny,0.036,260,0,1,96.88,1,0.374,0,0,emergency_spike,5,131,123
3/28/2025 4:00,131,4,Friday,3,0,0,random_or_none,1,rainy,0.891,260,0,0,0,1,0.374,0,0,outbreak_period,3,119,100
3/28/2025 5:00,119,4,Friday,3,0,0,random_or_none,0,sunny,0.297,260,0,0,0,1,0.374,0,0,outbreak_period,3,121,97
3/28/2025 6:00,121,4,Friday,3,0,0,random_or_none,5,windy,0.595,260,0,0,0,1,0.374,0,0,outbreak_period,3,122,91
3/28/2025 7:00,122,4,Friday,3,0,0,random_or_none,0,sunny,0.261,260,0,0,0,1,0.374,0,0,outbreak_period,3,131,94
3/28/2025 8:00,131,4,Friday,3,0,0,random_or_none,1,rainy,0.71,260,0,0,0,1,0.374,0,0,outbreak_period,3,136,107
3/28/2025 9:00,136,4,Friday,3,0,0,random_or_none,0,sunny,0.206,260,0,0,0,1,0.374,0,0,outbreak_period,3,136,122
3/28/2025 10:00,136,4,Friday,3,0,0,random_or_none,0,sunny,0.135,260,0,0,0,1,0.374,0,0,outbreak_period,3,148,133
3/28/2025 11:00,148,4,Friday,3,0,0,random_or_none,0,sunny,0.099,260,0,0,0,1,0.374,0,0,outbreak_period,3,241,141
3/28/2025 12:00,241,4,Friday,3,0,0,random_or_none,1,rainy,0.614,260,0,1,177.83,1,0.374,0,0,emergency_spike,5,211,143
3/28/2025 13:00,211,4,Friday,3,0,0,random_or_none,4,dusty,0.466,260,0,0,0,1,0.374,0,0,outbreak_period,3,223,151
3/28/2025 14:00,223,4,Friday,3,0,0,random_or_none,2,cold,0.444,260,0,1,73.5,1,0.374,0,0,emergency_spike,5,201,159
3/28/2025 15:00,201,4,Friday,3,0,0,random_or_none,0,sunny,0.316,260,0,0,0,1,0.374,0,0,outbreak_period,3,191,157
3/28/2025 16:00,191,4,Friday,3,0,0,random_or_none,1,rainy,0.29,260,0,0,0,1,0.374,0,0,outbreak_period,3,188,160
3/28/2025 17:00,188,4,Friday,3,0,0,random_or_none,1,rainy,0.837,260,0,0,0,1,0.374,0,0,outbreak_period,3,187,154
3/28/2025 18:00,187,4,Friday,3,0,0,random_or_none,5,windy,0.786,260,0,0,0,1,0.374,0,0,outbreak_period,3,177,155
3/28/2025 19:00,177,4,Friday,3,0,0,random_or_none,3,hot,0.635,260,0,0,0,1,0.374,0,0,outbreak_period,3,168,149
3/28/2025 20:00,168,4,Friday,3,0,0,random_or_none,5,windy,0.646,260,0,0,0,1,0.374,0,0,outbreak_period,3,156,210
3/28/2025 21:00,156,4,Friday,3,0,0,random_or_none,1,rainy,0.618,260,0,0,0,1,0.374,0,0,outbreak_period,3,141,174
3/28/2025 22:00,141,4,Friday,3,0,0,random_or_none,0,sunny,0.01,260,0,0,0,1,0.374,0,0,outbreak_period,3,140,144
3/28/2025 23:00,140,4,Friday,3,0,0,random_or_none,1,rainy,0.693,260,0,0,0,1,0.374,0,0,outbreak_period,3,112,125
3/29/2025 0:00,112,5,Saturday,3,1,0,random_or_none,0,sunny,0.27,260,0,0,0,1,0.374,0,0,outbreak_period,3,98,111
3/29/2025 1:00,98,5,Saturday,3,1,0,random_or_none,2,cold,0.646,260,0,0,0,1,0.374,0,0,outbreak_period,3,152,101
3/29/2025 2:00,152,5,Saturday,3,1,0,random_or_none,3,hot,0.888,260,0,1,116.66,1,0.374,0,0,emergency_spike,5,123,84
3/29/2025 3:00,123,5,Saturday,3,1,0,random_or_none,1,rainy,0.449,260,0,0,0,1,0.374,0,0,outbreak_period,3,100,78
3/29/2025 4:00,100,5,Saturday,3,1,0,random_or_none,0,sunny,0.061,260,0,0,0,1,0.374,0,0,outbreak_period,3,97,85
3/29/2025 5:00,97,5,Saturday,3,1,0,random_or_none,5,windy,0.637,260,0,0,0,1,0.374,0,0,outbreak_period,3,91,84
3/29/2025 6:00,91,5,Saturday,3,1,0,random_or_none,5,windy,0.443,260,0,0,0,1,0.374,0,0,outbreak_period,3,94,87
3/29/2025 7:00,94,5,Saturday,3,1,0,random_or_none,0,sunny,0.008,260,0,0,0,1,0.374,0,0,outbreak_period,3,107,97
3/29/2025 8:00,107,5,Saturday,3,1,0,random_or_none,0,sunny,0.012,260,0,0,0,1,0.374,0,0,outbreak_period,3,122,110
3/29/2025 9:00,122,5,Saturday,3,1,0,random_or_none,1,rainy,0.842,260,0,0,0,1,0.374,0,0,outbreak_period,3,133,112
3/29/2025 10:00,133,5,Saturday,3,1,0,random_or_none,5,windy,0.991,260,0,0,0,1,0.374,0,0,outbreak_period,3,141,233
3/29/2025 11:00,141,5,Saturday,3,1,0,random_or_none,2,cold,0.476,260,0,0,0,1,0.374,0,0,outbreak_period,3,143,186
3/29/2025 12:00,143,5,Saturday,3,1,0,random_or_none,2,cold,0.74,260,0,0,0,1,0.374,0,0,outbreak_period,3,151,175
3/29/2025 13:00,151,5,Saturday,3,1,0,random_or_none,2,cold,0.527,260,0,0,0,1,0.374,0,0,outbreak_period,3,159,153
3/29/2025 14:00,159,5,Saturday,3,1,0,random_or_none,1,rainy,0.231,260,0,0,0,1,0.374,0,0,outbreak_period,3,157,152
3/29/2025 15:00,157,5,Saturday,3,1,0,random_or_none,0,sunny,0.287,260,0,0,0,1,0.374,0,0,outbreak_period,3,160,150
3/29/2025 16:00,160,5,Saturday,3,1,0,random_or_none,2,cold,0.393,260,0,0,0,1,0.374,0,0,outbreak_period,3,154,152
3/29/2025 17:00,154,5,Saturday,3,1,0,random_or_none,0,sunny,0.187,260,0,0,0,1,0.374,0,0,outbreak_period,3,155,151
3/29/2025 18:00,155,5,Saturday,3,1,0,random_or_none,1,rainy,0.639,260,0,0,0,1,0.374,0,0,outbreak_period,3,149,152
3/29/2025 19:00,149,5,Saturday,3,1,0,random_or_none,2,cold,0.537,260,0,0,0,1,0.374,0,0,outbreak_period,3,210,144
3/29/2025 20:00,210,5,Saturday,3,1,0,random_or_none,3,hot,0.673,260,0,1,137.98,1,0.374,0,0,emergency_spike,5,174,145
3/29/2025 21:00,174,5,Saturday,3,1,0,random_or_none,0,sunny,0.071,260,0,0,0,1,0.374,0,0,outbreak_period,3,144,136
3/29/2025 22:00,144,5,Saturday,3,1,0,random_or_none,0,sunny,0.265,260,0,0,0,1,0.374,0,0,outbreak_period,3,125,124
3/29/2025 23:00,125,5,Saturday,3,1,0,random_or_none,2,cold,0.523,260,0,0,0,1,0.374,0,0,outbreak_period,3,111,111
3/30/2025 0:00,111,6,Sunday,3,1,0,random_or_none,2,cold,0.706,260,0,0,0,1,0.374,0,0,outbreak_period,3,101,151
3/30/2025 1:00,101,6,Sunday,3,1,0,random_or_none,5,windy,0.986,260,0,0,0,1,0.374,0,0,outbreak_period,3,84,123
3/30/2025 2:00,84,6,Sunday,3,1,0,random_or_none,0,sunny,0.253,260,0,0,0,1,0.374,0,0,outbreak_period,3,78,114
3/30/2025 3:00,78,6,Sunday,3,1,0,random_or_none,0,sunny,0.167,260,0,0,0,1,0.374,0,0,outbreak_period,3,85,98
3/30/2025 4:00,85,6,Sunday,3,1,0,random_or_none,2,cold,0.271,260,0,0,0,1,0.374,0,0,outbreak_period,3,84,92
3/30/2025 5:00,84,6,Sunday,3,1,0,random_or_none,0,sunny,0.213,260,0,0,0,1,0.374,0,0,outbreak_period,3,87,95
3/30/2025 6:00,87,6,Sunday,3,1,0,random_or_none,5,windy,0.262,260,0,0,0,1,0.374,0,0,outbreak_period,3,97,106
3/30/2025 7:00,97,6,Sunday,3,1,0,random_or_none,5,windy,0.624,260,0,0,0,1,0.374,0,0,outbreak_period,3,110,126
3/30/2025 8:00,110,6,Sunday,3,1,0,random_or_none,5,windy,0.913,260,0,0,0,1,0.374,0,0,outbreak_period,3,112,131
3/30/2025 9:00,112,6,Sunday,3,1,0,random_or_none,0,sunny,0.004,260,0,0,0,1,0.374,0,0,outbreak_period,3,233,137
3/30/2025 10:00,233,6,Sunday,3,1,0,random_or_none,5,windy,0.859,260,0,1,238.27,1,0.374,0,0,emergency_spike,5,186,138
3/30/2025 11:00,186,6,Sunday,3,1,0,random_or_none,0,sunny,0.02,260,0,0,0,1,0.374,0,0,outbreak_period,3,175,148
3/30/2025 12:00,175,6,Sunday,3,1,0,random_or_none,0,sunny,0.11,260,0,0,0,1,0.374,0,0,outbreak_period,3,153,155
3/30/2025 13:00,153,6,Sunday,3,1,0,random_or_none,0,sunny,0.139,260,0,0,0,1,0.374,0,0,outbreak_period,3,152,164
3/30/2025 14:00,152,6,Sunday,3,1,0,random_or_none,5,windy,0.351,260,0,0,0,1,0.374,0,0,outbreak_period,3,150,195
3/30/2025 15:00,150,6,Sunday,3,1,0,random_or_none,2,cold,0.744,260,0,0,0,1,0.374,0,0,outbreak_period,3,152,185
3/30/2025 16:00,152,6,Sunday,3,1,0,random_or_none,0,sunny,0.128,260,0,0,0,1,0.374,0,0,outbreak_period,3,151,178
3/30/2025 17:00,151,6,Sunday,3,1,0,random_or_none,2,cold,0.339,260,0,0,0,1,0.374,0,0,outbreak_period,3,152,176
3/30/2025 18:00,152,6,Sunday,3,1,0,random_or_none,0,sunny,0.121,260,0,0,0,1,0.374,0,0,outbreak_period,3,144,170
3/30/2025 19:00,144,6,Sunday,3,1,0,random_or_none,0,sunny,0.319,260,0,0,0,1,0.374,0,0,outbreak_period,3,145,149
3/30/2025 20:00,145,6,Sunday,3,1,0,random_or_none,1,rainy,0.394,260,0,0,0,1,0.374,0,0,outbreak_period,3,136,139
3/30/2025 21:00,136,6,Sunday,3,1,0,random_or_none,5,windy,0.25,260,0,0,0,1,0.374,0,0,outbreak_period,3,124,117
3/30/2025 22:00,124,6,Sunday,3,1,0,random_or_none,5,windy,0.917,260,0,0,0,1,0.374,0,0,outbreak_period,3,111,143
3/30/2025 23:00,111,6,Sunday,3,1,0,random_or_none,0,sunny,0.338,260,0,0,0,1,0.374,0,0,outbreak_period,3,151,115
3/31/2025 0:00,151,0,Monday,3,0,1,random_or_none,2,cold,0.388,260,0,1,108.33,1,0.374,0,0,emergency_spike,5,123,105
3/31/2025 1:00,123,0,Monday,3,0,1,random_or_none,0,sunny,0.231,260,0,0,0,1,0.374,0,0,outbreak_period,3,114,90
3/31/2025 2:00,114,0,Monday,3,0,1,random_or_none,5,windy,0.3,260,0,0,0,1,0.374,0,0,outbreak_period,3,98,74
3/31/2025 3:00,98,0,Monday,3,0,1,random_or_none,0,sunny,0.29,260,0,0,0,1,0.374,0,0,outbreak_period,3,92,78
3/31/2025 4:00,92,0,Monday,3,0,1,random_or_none,5,windy,0.365,260,0,0,0,1,0.374,0,0,outbreak_period,3,95,77
3/31/2025 5:00,95,0,Monday,3,0,1,random_or_none,5,windy,0.972,260,0,0,0,1,0.374,0,0,outbreak_period,3,106,78
3/31/2025 6:00,106,0,Monday,3,0,1,random_or_none,1,rainy,0.912,260,0,0,0,1,0.374,0,0,outbreak_period,3,126,80
3/31/2025 7:00,126,0,Monday,3,0,1,random_or_none,1,rainy,0.489,260,0,0,0,1,0.374,0,0,outbreak_period,3,131,81
3/31/2025 8:00,131,0,Monday,3,0,1,random_or_none,5,windy,0.491,260,0,0,0,1,0.374,0,0,outbreak_period,3,137,83
3/31/2025 9:00,137,0,Monday,3,0,1,random_or_none,4,dusty,0.411,260,0,0,0,1,0.374,0,0,outbreak_period,3,138,91
3/31/2025 10:00,138,0,Monday,3,0,1,random_or_none,0,sunny,0.35,260,0,0,0,1,0.374,0,0,outbreak_period,3,148,101
3/31/2025 11:00,148,0,Monday,3,0,1,random_or_none,0,sunny,0.096,260,0,0,0,1,0.374,0,0,outbreak_period,3,155,104
3/31/2025 12:00,155,0,Monday,3,0,1,random_or_none,0,sunny,0.229,260,0,0,0,1,0.374,0,0,outbreak_period,3,164,118
3/31/2025 13:00,164,0,Monday,3,0,1,random_or_none,5,windy,0.912,260,0,0,0,1,0.374,0,0,outbreak_period,3,195,120
3/31/2025 14:00,195,0,Monday,3,0,1,random_or_none,0,sunny,0.003,260,0,1,75.9,1,0.374,0,0,emergency_spike,5,185,134
3/31/2025 15:00,185,0,Monday,3,0,1,random_or_none,1,rainy,0.614,260,0,0,0,1,0.374,0,0,outbreak_period,3,178,133
3/31/2025 16:00,178,0,Monday,3,0,1,random_or_none,2,cold,0.514,260,0,0,0,1,0.374,0,0,outbreak_period,3,176,135
3/31/2025 17:00,176,0,Monday,3,0,1,random_or_none,5,windy,0.444,260,0,0,0,1,0.374,0,0,outbreak_period,3,170,126
3/31/2025 18:00,170,0,Monday,3,0,1,random_or_none,0,sunny,0.305,260,0,0,0,1,0.374,0,0,outbreak_period,3,149,128
3/31/2025 19:00,149,0,Monday,3,0,1,random_or_none,0,sunny,0.177,260,0,0,0,0,0,0,0,holiday,1,139,130
3/31/2025 20:00,139,0,Monday,3,0,1,random_or_none,0,sunny,0.194,260,0,0,0,0,0,0,0,holiday,1,117,129
3/31/2025 21:00,117,0,Monday,3,0,1,random_or_none,3,hot,0.163,260,0,0,0,0,0,0,0,holiday,1,143,119
3/31/2025 22:00,143,0,Monday,3,0,1,random_or_none,2,cold,0.505,260,0,1,77.17,0,0,0,0,emergency_spike,5,115,109
3/31/2025 23:00,115,0,Monday,3,0,1,random_or_none,0,sunny,0.027,260,0,0,0,0,0,0,0,holiday,1,105,95
4/1/2025 0:00,105,1,Tuesday,4,0,0,random_or_none,1,rainy,0.813,260,0,0,0,0,0,0,0,extreme_weather,2,90,92
4/1/2025 1:00,90,1,Tuesday,4,0,0,random_or_none,0,sunny,0.009,260,0,0,0,0,0,0,0,normal,0,74,85
4/1/2025 2:00,74,1,Tuesday,4,0,0,random_or_none,0,sunny,0.341,260,0,0,0,0,0,0,0,normal,0,78,84
4/1/2025 3:00,78,1,Tuesday,4,0,0,random_or_none,0,sunny,0.011,260,0,0,0,0,0,0,0,normal,0,77,81
4/1/2025 4:00,77,1,Tuesday,4,0,0,random_or_none,0,sunny,0.053,260,0,0,0,0,0,0,0,normal,0,78,76
4/1/2025 5:00,78,1,Tuesday,4,0,0,random_or_none,0,sunny,0.251,260,0,0,0,0,0,0,0,normal,0,80,82
4/1/2025 6:00,80,1,Tuesday,4,0,0,random_or_none,5,windy,0.829,260,0,0,0,0,0,0,0,extreme_weather,2,81,89
4/1/2025 7:00,81,1,Tuesday,4,0,0,random_or_none,0,sunny,0.267,260,0,0,0,0,0,0,0,normal,0,83,92
4/1/2025 8:00,83,1,Tuesday,4,0,0,random_or_none,4,dusty,0.919,260,0,0,0,0,0,0,0,extreme_weather,2,91,95
4/1/2025 9:00,91,1,Tuesday,4,0,0,random_or_none,5,windy,0.804,260,0,0,0,0,0,0,0,extreme_weather,2,101,103
4/1/2025 10:00,101,1,Tuesday,4,0,0,random_or_none,2,cold,0.699,260,0,0,0,0,0,0,0,normal,0,104,110
4/1/2025 11:00,104,1,Tuesday,4,0,0,random_or_none,0,sunny,0.068,260,0,0,0,0,0,0,0,normal,0,118,103
4/1/2025 12:00,118,1,Tuesday,4,0,0,random_or_none,4,dusty,0.447,260,0,0,0,0,0,0,0,normal,0,120,112
4/1/2025 13:00,120,1,Tuesday,4,0,0,random_or_none,0,sunny,0.34,260,0,0,0,0,0,0,0,normal,0,134,120
4/1/2025 14:00,134,1,Tuesday,4,0,0,random_or_none,1,rainy,0.916,260,0,0,0,0,0,0,0,extreme_weather,2,133,122
4/1/2025 15:00,133,1,Tuesday,4,0,0,random_or_none,0,sunny,0.127,260,0,0,0,0,0,0,0,normal,0,135,129
4/1/2025 16:00,135,1,Tuesday,4,0,0,random_or_none,0,sunny,0.275,260,0,0,0,0,0,0,0,normal,0,126,130
4/1/2025 17:00,126,1,Tuesday,4,0,0,random_or_none,4,dusty,0.384,260,0,0,0,0,0,0,0,normal,0,128,132
4/1/2025 18:00,128,1,Tuesday,4,0,0,random_or_none,5,windy,0.76,260,0,0,0,0,0,0,0,extreme_weather,2,130,126
4/1/2025 19:00,130,1,Tuesday,4,0,0,random_or_none,1,rainy,0.554,260,0,0,0,0,0,0,0,normal,0,129,128
4/1/2025 20:00,129,1,Tuesday,4,0,0,random_or_none,1,rainy,0.855,260,0,0,0,0,0,0,0,extreme_weather,2,119,117
4/1/2025 21:00,119,1,Tuesday,4,0,0,random_or_none,0,sunny,0.147,260,0,0,0,0,0,0,0,normal,0,109,101
4/1/2025 22:00,109,1,Tuesday,4,0,0,random_or_none,5,windy,0.562,260,0,0,0,0,0,0,0,normal,0,95,91
4/1/2025 23:00,95,1,Tuesday,4,0,0,random_or_none,0,sunny,0.026,260,0,0,0,0,0,0,0,normal,0,92,81
4/2/2025 0:00,92,2,Wednesday,4,0,0,random_or_none,1,rainy,0.46,260,0,0,0,0,0,0,0,normal,0,85,71
4/2/2025 1:00,85,2,Wednesday,4,0,0,random_or_none,0,sunny,0.103,260,0,0,0,0,0,0,0,normal,0,84,74
4/2/2025 2:00,84,2,Wednesday,4,0,0,random_or_none,2,cold,0.352,260,0,0,0,0,0,0,0,normal,0,81,69
4/2/2025 3:00,81,2,Wednesday,4,0,0,random_or_none,0,sunny,0.322,260,0,0,0,0,0,0,0,normal,0,76,75
4/2/2025 4:00,76,2,Wednesday,4,0,0,random_or_none,4,dusty,0.673,260,0,0,0,0,0,0,0,normal,0,82,72
4/2/2025 5:00,82,2,Wednesday,4,0,0,random_or_none,5,windy,0.822,260,0,0,0,0,0,0,0,extreme_weather,2,89,70
4/2/2025 6:00,89,2,Wednesday,4,0,0,random_or_none,2,cold,0.482,260,0,0,0,0,0,0,0,normal,0,92,82
4/2/2025 7:00,92,2,Wednesday,4,0,0,random_or_none,5,windy,0.572,260,0,0,0,0,0,0,0,normal,0,95,88
4/2/2025 8:00,95,2,Wednesday,4,0,0,random_or_none,5,windy,0.487,260,0,0,0,0,0,0,0,normal,0,103,87
4/2/2025 9:00,103,2,Wednesday,4,0,0,random_or_none,1,rainy,0.57,260,0,0,0,0,0,0,0,normal,0,110,90
4/2/2025 10:00,110,2,Wednesday,4,0,0,random_or_none,4,dusty,0.414,260,0,0,0,0,0,0,0,normal,0,103,108
4/2/2025 11:00,103,2,Wednesday,4,0,0,random_or_none,0,sunny,0.331,260,0,0,0,0,0,0,0,normal,0,112,113
4/2/2025 12:00,112,2,Wednesday,4,0,0,random_or_none,5,windy,0.551,260,0,0,0,0,0,0,0,normal,0,120,119
4/2/2025 13:00,120,2,Wednesday,4,0,0,random_or_none,0,sunny,0.101,260,0,0,0,0,0,0,0,normal,0,122,120
4/2/2025 14:00,122,2,Wednesday,4,0,0,random_or_none,0,sunny,0.059,260,0,0,0,0,0,0,0,normal,0,129,123
4/2/2025 15:00,129,2,Wednesday,4,0,0,random_or_none,0,sunny,0.081,260,0,0,0,0,0,0,0,normal,0,130,131
4/2/2025 16:00,130,2,Wednesday,4,0,0,random_or_none,0,sunny,0.193,260,0,0,0,0,0,0,0,normal,0,132,136
4/2/2025 17:00,132,2,Wednesday,4,0,0,random_or_none,0,sunny,0.312,260,0,0,0,0,0,0,0,normal,0,126,129
4/2/2025 18:00,126,2,Wednesday,4,0,0,random_or_none,0,sunny,0.171,260,0,0,0,0,0,0,0,normal,0,128,123
4/2/2025 19:00,128,2,Wednesday,4,0,0,random_or_none,4,dusty,0.52,260,0,0,0,0,0,0,0,normal,0,117,122
4/2/2025 20:00,117,2,Wednesday,4,0,0,random_or_none,0,sunny,0.159,260,0,0,0,0,0,0,0,normal,0,101,117
4/2/2025 21:00,101,2,Wednesday,4,0,0,random_or_none,0,sunny,0.311,260,0,0,0,0,0,0,0,normal,0,91,114
4/2/2025 22:00,91,2,Wednesday,4,0,0,random_or_none,0,sunny,0.048,260,0,0,0,0,0,0,0,normal,0,81,113
4/2/2025 23:00,81,2,Wednesday,4,0,0,random_or_none,2,cold,0.658,260,0,0,0,0,0,0,0,normal,0,71,106
4/3/2025 0:00,71,3,Thursday,4,0,0,random_or_none,0,sunny,0.055,260,0,0,0,0,0,0,0,normal,0,74,89
4/3/2025 1:00,74,3,Thursday,4,0,0,random_or_none,5,windy,0.324,260,0,0,0,0,0,0,0,normal,0,69,85
4/3/2025 2:00,69,3,Thursday,4,0,0,random_or_none,0,sunny,0.035,260,0,0,0,0,0,0,0,normal,0,75,81
4/3/2025 3:00,75,3,Thursday,4,0,0,random_or_none,1,rainy,0.82,260,0,0,0,0,0,0,0,extreme_weather,2,72,80
4/3/2025 4:00,72,3,Thursday,4,0,0,random_or_none,4,dusty,0.67,260,0,0,0,0,0,0,0,normal,0,70,89
4/3/2025 5:00,70,3,Thursday,4,0,0,random_or_none,0,sunny,0.068,260,0,0,0,0,0,0,0,normal,0,82,88
4/3/2025 6:00,82,3,Thursday,4,0,0,random_or_none,1,rainy,0.3,260,0,0,0,0,0,0,0,normal,0,88,128
4/3/2025 7:00,88,3,Thursday,4,0,0,random_or_none,0,sunny,0.181,260,0,0,0,0,0,0,0,normal,0,87,114
4/3/2025 8:00,87,3,Thursday,4,0,0,random_or_none,0,sunny,0.152,260,0,0,0,0,0,0,0,normal,0,90,114
4/3/2025 9:00,90,3,Thursday,4,0,0,random_or_none,0,sunny,0.241,260,0,0,0,0,0,0,0,normal,0,108,116
4/3/2025 10:00,108,3,Thursday,4,0,0,random_or_none,5,windy,0.411,260,0,0,0,0,0,0,0,normal,0,113,118
4/3/2025 11:00,113,3,Thursday,4,0,0,random_or_none,2,cold,0.756,260,0,0,0,0,0,0,0,extreme_weather,2,119,120
4/3/2025 12:00,119,3,Thursday,4,0,0,random_or_none,1,rainy,0.654,260,0,0,0,0,0,0,0,normal,0,120,125
4/3/2025 13:00,120,3,Thursday,4,0,0,random_or_none,0,sunny,0.337,260,0,0,0,0,0,0,0,normal,0,123,130
4/3/2025 14:00,123,3,Thursday,4,0,0,random_or_none,5,windy,0.559,260,0,0,0,0,0,0,0,normal,0,131,132
4/3/2025 15:00,131,3,Thursday,4,0,0,random_or_none,4,dusty,0.695,260,0,0,0,0,0,0,0,normal,0,136,137
4/3/2025 16:00,136,3,Thursday,4,0,0,random_or_none,1,rainy,0.252,260,0,0,0,0,0,0,0,normal,0,129,133
4/3/2025 17:00,129,3,Thursday,4,0,0,random_or_none,5,windy,0.718,260,0,0,0,0,0,0,0,normal,0,123,132
4/3/2025 18:00,123,3,Thursday,4,0,0,random_or_none,0,sunny,0.298,260,0,0,0,0,0,0,0,normal,0,122,134
4/3/2025 19:00,122,3,Thursday,4,0,0,random_or_none,5,windy,0.589,260,0,0,0,0,0,0,0,normal,0,117,131
4/3/2025 20:00,117,3,Thursday,4,0,0,random_or_none,0,sunny,0.019,260,0,0,0,0,0,0,0,normal,0,114,121
4/3/2025 21:00,114,3,Thursday,4,0,0,random_or_none,0,sunny,0.157,260,0,0,0,0,0,0,0,normal,0,113,122
4/3/2025 22:00,113,3,Thursday,4,0,0,random_or_none,2,cold,0.502,260,0,0,0,0,0,0,0,normal,0,106,107
4/3/2025 23:00,106,3,Thursday,4,0,0,random_or_none,5,windy,0.351,260,0,0,0,0,0,0,0,normal,0,89,89
4/4/2025 0:00,89,4,Friday,4,0,0,random_or_none,0,sunny,0.133,260,0,0,0,0,0,0,0,normal,0,85,73
4/4/2025 1:00,85,4,Friday,4,0,0,random_or_none,5,windy,0.253,260,0,0,0,0,0,0,0,normal,0,81,70
4/4/2025 2:00,81,4,Friday,4,0,0,random_or_none,1,rainy,0.938,260,0,0,0,0,0,0,0,extreme_weather,2,80,67
4/4/2025 3:00,80,4,Friday,4,0,0,random_or_none,0,sunny,0.056,260,0,0,0,0,0,0,0,normal,0,89,60
4/4/2025 4:00,89,4,Friday,4,0,0,random_or_none,1,rainy,0.592,260,0,0,0,0,0,0,0,normal,0,88,60
4/4/2025 5:00,88,4,Friday,4,0,0,random_or_none,5,windy,0.645,260,0,0,0,0,0,0,0,normal,0,128,64
4/4/2025 6:00,128,4,Friday,4,0,0,random_or_none,0,sunny,0.099,260,0,1,95.52,0,0,0,0,emergency_spike,5,114,76
4/4/2025 7:00,114,4,Friday,4,0,0,random_or_none,5,windy,0.848,260,0,0,0,0,0,0,0,extreme_weather,2,114,83
4/4/2025 8:00,114,4,Friday,4,0,0,random_or_none,2,cold,0.757,260,0,0,0,0,0,0,0,extreme_weather,2,116,87
4/4/2025 9:00,116,4,Friday,4,0,0,random_or_none,5,windy,0.751,260,0,0,0,0,0,0,0,extreme_weather,2,118,94
4/4/2025 10:00,118,4,Friday,4,0,0,random_or_none,1,rainy,0.885,260,0,0,0,0,0,0,0,extreme_weather,2,120,98
4/4/2025 11:00,120,4,Friday,4,0,0,random_or_none,2,cold,0.744,260,0,0,0,0,0,0,0,normal,0,125,102
4/4/2025 12:00,125,4,Friday,4,0,0,random_or_none,1,rainy,0.745,260,0,0,0,0,0,0,0,normal,0,130,108
4/4/2025 13:00,130,4,Friday,4,0,0,random_or_none,3,hot,0.611,260,0,0,0,0,0,0,0,normal,0,132,104
4/4/2025 14:00,132,4,Friday,4,0,0,random_or_none,1,rainy,0.328,260,0,0,0,0,0,0,0,normal,0,137,109
4/4/2025 15:00,137,4,Friday,4,0,0,random_or_none,5,windy,0.618,260,0,0,0,0,0,0,0,normal,0,133,115
4/4/2025 16:00,133,4,Friday,4,0,0,random_or_none,5,windy,0.99,260,0,0,0,0,0,0,0,extreme_weather,2,132,119
4/4/2025 17:00,132,4,Friday,4,0,0,random_or_none,0,sunny,0.27,260,0,0,0,0,0,0,0,normal,0,134,113
4/4/2025 18:00,134,4,Friday,4,0,0,random_or_none,1,rainy,0.237,260,0,0,0,0,0,0,0,normal,0,131,111
4/4/2025 19:00,131,4,Friday,4,0,0,random_or_none,0,sunny,0.196,260,0,0,0,0,0,0,0,normal,0,121,117
4/4/2025 20:00,121,4,Friday,4,0,0,random_or_none,4,dusty,0.645,260,0,0,0,0,0,0,0,normal,0,122,107
4/4/2025 21:00,122,4,Friday,4,0,0,random_or_none,1,rainy,0.822,260,0,0,0,0,0,0,0,extreme_weather,2,107,102
4/4/2025 22:00,107,4,Friday,4,0,0,random_or_none,0,sunny,0.173,260,0,0,0,0,0,0,0,normal,0,89,85
4/4/2025 23:00,89,4,Friday,4,0,0,random_or_none,0,sunny,0.241,260,0,0,0,0,0,0,0,normal,0,73,74
4/5/2025 0:00,73,5,Saturday,4,1,0,random_or_none,2,cold,0.301,260,0,0,0,0,0,0,0,normal,0,70,70
4/5/2025 1:00,70,5,Saturday,4,1,0,random_or_none,1,rainy,0.918,260,0,0,0,0,0,0,0,extreme_weather,2,67,77
4/5/2025 2:00,67,5,Saturday,4,1,0,random_or_none,1,rainy,0.536,260,0,0,0,0,0,0,0,normal,0,60,64
4/5/2025 3:00,60,5,Saturday,4,1,0,random_or_none,4,dusty,0.519,260,0,0,0,0,0,0,0,normal,0,60,61
4/5/2025 4:00,60,5,Saturday,4,1,0,random_or_none,0,sunny,0.005,260,0,0,0,0,0,0,0,normal,0,64,60
4/5/2025 5:00,64,5,Saturday,4,1,0,random_or_none,2,cold,0.185,260,0,0,0,0,0,0,0,normal,0,76,65
4/5/2025 6:00,76,5,Saturday,4,1,0,random_or_none,1,rainy,0.651,260,0,0,0,0,0,0,0,normal,0,83,65
4/5/2025 7:00,83,5,Saturday,4,1,0,random_or_none,1,rainy,0.157,260,0,0,0,0,0,0,0,normal,0,87,75
4/5/2025 8:00,87,5,Saturday,4,1,0,random_or_none,3,hot,0.726,260,0,0,0,0,0,0,0,normal,0,94,76
4/5/2025 9:00,94,5,Saturday,4,1,0,random_or_none,2,cold,0.523,260,0,0,0,0,0,0,0,normal,0,98,83
4/5/2025 10:00,98,5,Saturday,4,1,0,random_or_none,0,sunny,0.24,260,0,0,0,0,0,0,0,normal,0,102,93
4/5/2025 11:00,102,5,Saturday,4,1,0,random_or_none,5,windy,0.575,260,0,0,0,0,0,0,0,normal,0,108,90
4/5/2025 12:00,108,5,Saturday,4,1,0,random_or_none,5,windy,1,260,0,0,0,0,0,0,0,extreme_weather,2,104,100
4/5/2025 13:00,104,5,Saturday,4,1,0,random_or_none,0,sunny,0.063,260,0,0,0,0,0,0,0,normal,0,109,108
4/5/2025 14:00,109,5,Saturday,4,1,0,random_or_none,3,hot,0.154,260,0,0,0,0,0,0,0,normal,0,115,108
4/5/2025 15:00,115,5,Saturday,4,1,0,random_or_none,1,rainy,0.226,260,0,0,0,0,0,0,0,normal,0,119,112
4/5/2025 16:00,119,5,Saturday,4,1,0,random_or_none,1,rainy,0.203,260,0,0,0,0,0,0,0,normal,0,113,117
4/5/2025 17:00,113,5,Saturday,4,1,0,random_or_none,0,sunny,0.067,260,0,0,0,0,0,0,0,normal,0,111,120
4/5/2025 18:00,111,5,Saturday,4,1,0,random_or_none,4,dusty,0.52,260,0,0,0,0,0,0,0,normal,0,117,112
4/5/2025 19:00,117,5,Saturday,4,1,0,random_or_none,4,dusty,0.621,260,0,0,0,0,0,0,0,normal,0,107,106
4/5/2025 20:00,107,5,Saturday,4,1,0,random_or_none,0,sunny,0.207,260,0,0,0,0,0,0,0,normal,0,102,103
4/5/2025 21:00,102,5,Saturday,4,1,0,random_or_none,1,rainy,0.251,260,0,0,0,0,0,0,0,normal,0,85,98
4/5/2025 22:00,85,5,Saturday,4,1,0,random_or_none,5,windy,0.545,260,0,0,0,0,0,0,0,normal,0,74,85
4/5/2025 23:00,74,5,Saturday,4,1,0,random_or_none,5,windy,0.753,260,0,0,0,0,0,0,0,extreme_weather,2,70,70
4/6/2025 0:00,70,6,Sunday,4,1,0,random_or_none,0,sunny,0.081,260,0,0,0,0,0,0,0,normal,0,77,74
4/6/2025 1:00,77,6,Sunday,4,1,0,random_or_none,0,sunny,0.166,260,0,1,39.13,0,0,0,0,emergency_spike,5,64,70
4/6/2025 2:00,64,6,Sunday,4,1,0,random_or_none,3,hot,0.26,260,0,0,0,0,0,0,0,normal,0,61,74
4/6/2025 3:00,61,6,Sunday,4,1,0,random_or_none,0,sunny,0.266,260,0,0,0,0,0,0,0,normal,0,60,75
4/6/2025 4:00,60,6,Sunday,4,1,0,random_or_none,1,rainy,0.769,260,0,0,0,0,0,0,0,extreme_weather,2,65,81
4/6/2025 5:00,65,6,Sunday,4,1,0,random_or_none,0,sunny,0.027,260,0,0,0,0,0,0,0,normal,0,65,82
4/6/2025 6:00,65,6,Sunday,4,1,0,random_or_none,0,sunny,0.058,260,0,0,0,0,0,0,0,normal,0,75,92
4/6/2025 7:00,75,6,Sunday,4,1,0,random_or_none,1,rainy,0.503,260,0,0,0,0,0,0,0,normal,0,76,96
4/6/2025 8:00,76,6,Sunday,4,1,0,random_or_none,0,sunny,0.042,260,0,0,0,0,0,0,0,normal,0,83,142
4/6/2025 9:00,83,6,Sunday,4,1,0,random_or_none,2,cold,0.742,260,0,0,0,0,0,0,0,normal,0,93,132
4/6/2025 10:00,93,6,Sunday,4,1,0,random_or_none,0,sunny,0.148,260,0,0,0,0,0,0,0,normal,0,90,130
4/6/2025 11:00,90,6,Sunday,4,1,0,random_or_none,0,sunny,0.131,260,0,0,0,0,0,0,0,normal,0,100,122
4/6/2025 12:00,100,6,Sunday,4,1,0,random_or_none,3,hot,0.307,260,0,0,0,0,0,0,0,normal,0,108,127
4/6/2025 13:00,108,6,Sunday,4,1,0,random_or_none,0,sunny,0.319,260,0,0,0,0,0,0,0,normal,0,108,132
4/6/2025 14:00,108,6,Sunday,4,1,0,random_or_none,1,rainy,0.16,260,0,0,0,0,0,0,0,normal,0,112,131
4/6/2025 15:00,112,6,Sunday,4,1,0,random_or_none,1,rainy,0.947,260,0,0,0,0,0,0,0,extreme_weather,2,117,130
4/6/2025 16:00,117,6,Sunday,4,1,0,random_or_none,0,sunny,0.02,260,0,0,0,0,0,0,0,normal,0,120,125
4/6/2025 17:00,120,6,Sunday,4,1,0,random_or_none,1,rainy,0.636,260,0,0,0,0,0,0,0,normal,0,112,128
4/6/2025 18:00,112,6,Sunday,4,1,0,random_or_none,0,sunny,0.262,260,0,0,0,0,0,0,0,normal,0,106,122
4/6/2025 19:00,106,6,Sunday,4,1,0,random_or_none,0,sunny,0.215,260,0,0,0,0,0,0,0,normal,0,103,119
4/6/2025 20:00,103,6,Sunday,4,1,0,random_or_none,5,windy,0.418,260,0,0,0,0,0,0,0,normal,0,98,111
4/6/2025 21:00,98,6,Sunday,4,1,0,random_or_none,1,rainy,0.718,260,0,0,0,0,0,0,0,normal,0,85,111
4/6/2025 22:00,85,6,Sunday,4,1,0,random_or_none,2,cold,0.308,260,0,0,0,0,0,0,0,normal,0,70,107
4/6/2025 23:00,70,6,Sunday,4,1,0,random_or_none,0,sunny,0.235,260,0,0,0,0,0,0,0,normal,0,74,98
4/7/2025 0:00,74,0,Monday,4,0,0,random_or_none,2,cold,0.227,260,0,0,0,0,0,0,0,normal,0,70,92
4/7/2025 1:00,70,0,Monday,4,0,0,random_or_none,0,sunny,0.233,260,0,0,0,0,0,0,0,normal,0,74,85
4/7/2025 2:00,74,0,Monday,4,0,0,random_or_none,5,windy,0.265,260,0,0,0,0,0,0,0,normal,0,75,81
4/7/2025 3:00,75,0,Monday,4,0,0,random_or_none,0,sunny,0.016,260,0,0,0,0,0,0,0,normal,0,81,74
4/7/2025 4:00,81,0,Monday,4,0,0,random_or_none,5,windy,0.57,260,0,0,0,0,0,0,0,normal,0,82,167
4/7/2025 5:00,82,0,Monday,4,0,0,random_or_none,1,rainy,0.244,260,0,0,0,0,0,0,0,normal,0,92,138
4/7/2025 6:00,92,0,Monday,4,0,0,random_or_none,2,cold,0.165,260,0,0,0,0,0,0,0,normal,0,96,114
4/7/2025 7:00,96,0,Monday,4,0,0,random_or_none,0,sunny,0.03,260,0,0,0,0,0,0,0,normal,0,142,105
4/7/2025 8:00,142,0,Monday,4,0,0,random_or_none,5,windy,0.232,260,0,1,110.43,0,0,0,0,emergency_spike,5,132,111
4/7/2025 9:00,132,0,Monday,4,0,0,random_or_none,4,dusty,0.431,260,0,0,0,0,0,0,0,normal,0,130,114
4/7/2025 10:00,130,0,Monday,4,0,0,random_or_none,4,dusty,0.848,260,0,0,0,0,0,0,0,extreme_weather,2,122,107
4/7/2025 11:00,122,0,Monday,4,0,0,random_or_none,0,sunny,0.1,260,0,0,0,0,0,0,0,normal,0,127,112
4/7/2025 12:00,127,0,Monday,4,0,0,random_or_none,1,rainy,0.481,260,0,0,0,0,0,0,0,normal,0,132,116
4/7/2025 13:00,132,0,Monday,4,0,0,random_or_none,3,hot,0.357,260,0,0,0,0,0,0,0,normal,0,131,159
4/7/2025 14:00,131,0,Monday,4,0,0,random_or_none,0,sunny,0.124,260,0,0,0,0,0,0,0,normal,0,130,145
4/7/2025 15:00,130,0,Monday,4,0,0,random_or_none,2,cold,0.615,260,0,0,0,0,0,0,0,normal,0,125,141
4/7/2025 16:00,125,0,Monday,4,0,0,random_or_none,4,dusty,0.639,260,0,0,0,0,0,0,0,normal,0,128,143
4/7/2025 17:00,128,0,Monday,4,0,0,random_or_none,1,rainy,0.667,260,0,0,0,0,0,0,0,normal,0,122,134
4/7/2025 18:00,122,0,Monday,4,0,0,random_or_none,0,sunny,0.12,260,0,0,0,0,0,0,0,normal,0,119,129
4/7/2025 19:00,119,0,Monday,4,0,0,random_or_none,0,sunny,0.18,260,0,0,0,0,0,0,0,normal,0,111,130
4/7/2025 20:00,111,0,Monday,4,0,0,random_or_none,0,sunny,0.091,260,0,0,0,0,0,0,0,normal,0,111,120
4/7/2025 21:00,111,0,Monday,4,0,0,random_or_none,1,rainy,0.524,260,0,0,0,0,0,0,0,normal,0,107,115
4/7/2025 22:00,107,0,Monday,4,0,0,random_or_none,1,rainy,0.677,260,0,0,0,0,0,0,0,normal,0,98,103
4/7/2025 23:00,98,0,Monday,4,0,0,random_or_none,0,sunny,0.315,260,0,0,0,0,0,0,0,normal,0,92,97
4/8/2025 0:00,92,1,Tuesday,4,0,0,random_or_none,1,rainy,0.419,260,0,0,0,0,0,0,0,normal,0,85,85
4/8/2025 1:00,85,1,Tuesday,4,0,0,random_or_none,0,sunny,0.191,260,0,0,0,0,0,0,0,normal,0,81,86
4/8/2025 2:00,81,1,Tuesday,4,0,0,random_or_none,1,rainy,0.643,260,0,0,0,0,0,0,0,normal,0,74,77
4/8/2025 3:00,74,1,Tuesday,4,0,0,random_or_none,1,rainy,0.345,260,0,0,0,0,0,0,0,normal,0,167,74
4/8/2025 4:00,167,1,Tuesday,4,0,0,random_or_none,5,windy,0.602,260,0,1,198.48,0,0,0,0,emergency_spike,5,138,78
4/8/2025 5:00,138,1,Tuesday,4,0,0,random_or_none,4,dusty,0.281,260,0,0,0,0,0,0,0,normal,0,114,80
4/8/2025 6:00,114,1,Tuesday,4,0,0,random_or_none,0,sunny,0.202,260,0,0,0,0,0,0,0,normal,0,105,77
4/8/2025 7:00,105,1,Tuesday,4,0,0,random_or_none,0,sunny,0.209,260,0,0,0,0,0,0,0,normal,0,111,86
4/8/2025 8:00,111,1,Tuesday,4,0,0,random_or_none,1,rainy,0.911,260,0,0,0,0,0,0,0,extreme_weather,2,114,91
4/8/2025 9:00,114,1,Tuesday,4,0,0,random_or_none,5,windy,0.249,260,0,0,0,0,0,0,0,normal,0,107,95
4/8/2025 10:00,107,1,Tuesday,4,0,0,random_or_none,0,sunny,0.121,260,0,0,0,0,0,0,0,normal,0,112,104
4/8/2025 11:00,112,1,Tuesday,4,0,0,random_or_none,0,sunny,0.06,260,0,0,0,0,0,0,0,normal,0,116,109
4/8/2025 12:00,116,1,Tuesday,4,0,0,random_or_none,0,sunny,0.3,260,0,0,0,0,0,0,0,normal,0,159,114
4/8/2025 13:00,159,1,Tuesday,4,0,0,random_or_none,1,rainy,0.77,260,0,1,78.79,0,0,0,0,emergency_spike,5,145,125
4/8/2025 14:00,145,1,Tuesday,4,0,0,random_or_none,0,sunny,0.192,260,0,0,0,0,0,0,0,normal,0,141,125
4/8/2025 15:00,141,1,Tuesday,4,0,0,random_or_none,0,sunny,0.162,260,0,0,0,0,0,0,0,normal,0,143,127
4/8/2025 16:00,143,1,Tuesday,4,0,0,random_or_none,4,dusty,0.491,260,0,0,0,0,0,0,0,normal,0,134,131
4/8/2025 17:00,134,1,Tuesday,4,0,0,random_or_none,0,sunny,0.099,260,0,0,0,0,0,0,0,normal,0,129,137
4/8/2025 18:00,129,1,Tuesday,4,0,0,random_or_none,2,cold,0.548,260,0,0,0,0,0,0,0,normal,0,130,143
4/8/2025 19:00,130,1,Tuesday,4,0,0,random_or_none,3,hot,0.172,260,0,0,0,0,0,0,0,normal,0,120,171
4/8/2025 20:00,120,1,Tuesday,4,0,0,random_or_none,0,sunny,0.082,260,0,0,0,0,0,0,0,normal,0,115,143
4/8/2025 21:00,115,1,Tuesday,4,0,0,random_or_none,1,rainy,0.469,260,0,0,0,0,0,0,0,normal,0,103,127
4/8/2025 22:00,103,1,Tuesday,4,0,0,random_or_none,0,sunny,0.175,260,0,0,0,0,0,0,0,normal,0,97,112
4/8/2025 23:00,97,1,Tuesday,4,0,0,random_or_none,1,rainy,0.294,260,0,0,0,0,0,0,0,normal,0,85,94
4/9/2025 0:00,85,2,Wednesday,4,0,0,random_or_none,0,sunny,0.236,260,0,0,0,0,0,0,0,normal,0,86,81
4/9/2025 1:00,86,2,Wednesday,4,0,0,random_or_none,0,sunny,0.139,260,0,0,0,0,0,0,0,normal,0,77,76
4/9/2025 2:00,77,2,Wednesday,4,0,0,random_or_none,0,sunny,0.282,260,0,0,0,0,0,0,0,normal,0,74,78
4/9/2025 3:00,74,2,Wednesday,4,0,0,random_or_none,1,rainy,0.796,260,0,0,0,0,0,0,0,extreme_weather,2,78,77
4/9/2025 4:00,78,2,Wednesday,4,0,0,random_or_none,0,sunny,0.177,260,0,0,0,0,0,0,0,normal,0,80,75
4/9/2025 5:00,80,2,Wednesday,4,0,0,random_or_none,5,windy,0.522,260,0,0,0,0,0,0,0,normal,0,77,70
4/9/2025 6:00,77,2,Wednesday,4,0,0,random_or_none,5,windy,0.368,260,0,0,0,0,0,0,0,normal,0,86,78
4/9/2025 7:00,86,2,Wednesday,4,0,0,random_or_none,5,windy,0.93,260,0,0,0,0,0,0,0,extreme_weather,2,91,91
4/9/2025 8:00,91,2,Wednesday,4,0,0,random_or_none,0,sunny,0.148,260,0,0,0,0,0,0,0,normal,0,95,95
4/9/2025 9:00,95,2,Wednesday,4,0,0,random_or_none,0,sunny,0.332,260,0,0,0,0,0,0,0,normal,0,104,97
4/9/2025 10:00,104,2,Wednesday,4,0,0,random_or_none,0,sunny,0.18,260,0,0,0,0,0,0,0,normal,0,109,107
4/9/2025 11:00,109,2,Wednesday,4,0,0,random_or_none,1,rainy,0.182,260,0,0,0,0,0,0,0,normal,0,114,119
4/9/2025 12:00,114,2,Wednesday,4,0,0,random_or_none,1,rainy,0.19,260,0,0,0,0,0,0,0,normal,0,125,125
4/9/2025 13:00,125,2,Wednesday,4,0,0,random_or_none,5,windy,0.777,260,0,0,0,0,0,0,0,extreme_weather,2,125,131
4/9/2025 14:00,125,2,Wednesday,4,0,0,random_or_none,0,sunny,0.146,260,0,0,0,0,0,0,0,normal,0,127,129
4/9/2025 15:00,127,2,Wednesday,4,0,0,random_or_none,0,sunny,0.256,260,0,0,0,0,0,0,0,normal,0,131,129
4/9/2025 16:00,131,2,Wednesday,4,0,0,random_or_none,1,rainy,0.29,260,0,0,0,0,0,0,0,normal,0,137,127
4/9/2025 17:00,137,2,Wednesday,4,0,0,random_or_none,1,rainy,0.864,260,0,0,0,0,0,0,0,extreme_weather,2,143,129
4/9/2025 18:00,143,2,Wednesday,4,0,0,random_or_none,1,rainy,0.644,260,0,0,0,0,0,0,0,normal,0,171,127
4/9/2025 19:00,171,2,Wednesday,4,0,0,random_or_none,2,cold,0.527,260,0,1,92.92,0,0,0,0,emergency_spike,5,143,134
4/9/2025 20:00,143,2,Wednesday,4,0,0,random_or_none,0,sunny,0.213,260,0,0,0,0,0,0,0,normal,0,127,121
4/9/2025 21:00,127,2,Wednesday,4,0,0,random_or_none,1,rainy,0.73,260,0,0,0,0,0,0,0,normal,0,112,121
4/9/2025 22:00,112,2,Wednesday,4,0,0,random_or_none,5,windy,0.467,260,0,0,0,0,0,0,0,normal,0,94,105
4/9/2025 23:00,94,2,Wednesday,4,0,0,random_or_none,5,windy,0.351,260,0,0,0,0,0,0,0,normal,0,81,97
4/10/2025 0:00,81,3,Thursday,4,0,0,random_or_none,5,windy,0.728,260,0,0,0,0,0,0,0,normal,0,76,159
4/10/2025 1:00,76,3,Thursday,4,0,0,random_or_none,5,windy,0.294,260,0,0,0,0,0,0,0,normal,0,78,116
4/10/2025 2:00,78,3,Thursday,4,0,0,random_or_none,4,dusty,0.406,260,0,0,0,0,0,0,0,normal,0,77,124
4/10/2025 3:00,77,3,Thursday,4,0,0,random_or_none,0,sunny,0.14,260,0,0,0,0,0,0,0,normal,0,75,97
4/10/2025 4:00,75,3,Thursday,4,0,0,random_or_none,0,sunny,0.002,260,0,0,0,0,0,0,0,normal,0,70,82
4/10/2025 5:00,70,3,Thursday,4,0,0,random_or_none,0,sunny,0.162,260,0,0,0,0,0,0,0,normal,0,78,79
4/10/2025 6:00,78,3,Thursday,4,0,0,random_or_none,5,windy,0.295,260,0,0,0,0,0,0,0,normal,0,91,87
4/10/2025 7:00,91,3,Thursday,4,0,0,random_or_none,5,windy,0.703,260,0,0,0,0,0,0,0,normal,0,95,89
4/10/2025 8:00,95,3,Thursday,4,0,0,random_or_none,1,rainy,0.583,260,0,0,0,0,0,0,0,normal,0,97,97
4/10/2025 9:00,97,3,Thursday,4,0,0,random_or_none,0,sunny,0.288,260,0,0,0,0,0,0,0,normal,0,107,107
4/10/2025 10:00,107,3,Thursday,4,0,0,random_or_none,2,cold,0.474,260,0,0,0,0,0,0,0,normal,0,119,105
4/10/2025 11:00,119,3,Thursday,4,0,0,random_or_none,1,rainy,0.679,260,0,0,0,0,0,0,0,normal,0,125,110
4/10/2025 12:00,125,3,Thursday,4,0,0,random_or_none,0,sunny,0.17,260,0,0,0,0,0,0,0,normal,0,131,115
4/10/2025 13:00,131,3,Thursday,4,0,0,random_or_none,1,rainy,0.393,260,0,0,0,0,0,0,0,normal,0,129,119
4/10/2025 14:00,129,3,Thursday,4,0,0,random_or_none,1,rainy,0.524,260,0,0,0,0,0,0,0,normal,0,129,132
4/10/2025 15:00,129,3,Thursday,4,0,0,random_or_none,1,rainy,0.482,260,0,0,0,0,0,0,0,normal,0,127,131
4/10/2025 16:00,127,3,Thursday,4,0,0,random_or_none,5,windy,0.487,260,0,0,0,0,0,0,0,normal,0,129,139
4/10/2025 17:00,129,3,Thursday,4,0,0,random_or_none,0,sunny,0.332,260,0,0,0,0,0,0,0,normal,0,127,129
4/10/2025 18:00,127,3,Thursday,4,0,0,random_or_none,1,rainy,0.319,260,0,0,0,0,0,0,0,normal,0,134,134
4/10/2025 19:00,134,3,Thursday,4,0,0,random_or_none,5,windy,1,260,0,0,0,0,0,0,0,extreme_weather,2,121,128
4/10/2025 20:00,121,3,Thursday,4,0,0,random_or_none,0,sunny,0.076,260,0,0,0,0,0,0,0,normal,0,121,120
4/10/2025 21:00,121,3,Thursday,4,0,0,random_or_none,5,windy,0.767,260,0,0,0,0,0,0,0,extreme_weather,2,105,115
4/10/2025 22:00,105,3,Thursday,4,0,0,random_or_none,5,windy,0.63,260,0,0,0,0,0,0,0,normal,0,97,110
4/10/2025 23:00,97,3,Thursday,4,0,0,random_or_none,0,sunny,0.324,260,0,0,0,0,0,0,0,normal,0,159,97
4/11/2025 0:00,159,4,Friday,4,0,0,random_or_none,2,cold,0.4,260,0,1,155.76,0,0,0,0,emergency_spike,5,116,78
4/11/2025 1:00,116,4,Friday,4,0,0,random_or_none,5,windy,0.332,260,0,0,0,0,0,0,0,normal,0,124,70
4/11/2025 2:00,124,4,Friday,4,0,0,random_or_none,1,rainy,0.301,260,0,1,63.72,0,0,0,0,emergency_spike,5,97,61
4/11/2025 3:00,97,4,Friday,4,0,0,random_or_none,0,sunny,0.2,260,0,0,0,0,0,0,0,normal,0,82,66
4/11/2025 4:00,82,4,Friday,4,0,0,random_or_none,0,sunny,0.213,260,0,0,0,0,0,0,0,normal,0,79,69
4/11/2025 5:00,79,4,Friday,4,0,0,random_or_none,4,dusty,0.217,260,0,0,0,0,0,0,0,normal,0,87,62
4/11/2025 6:00,87,4,Friday,4,0,0,random_or_none,5,windy,0.543,260,0,0,0,0,0,0,0,normal,0,89,63
4/11/2025 7:00,89,4,Friday,4,0,0,random_or_none,5,windy,0.427,260,0,0,0,0,0,0,0,normal,0,97,73
4/11/2025 8:00,97,4,Friday,4,0,0,random_or_none,0,sunny,0.046,260,0,0,0,0,0,0,0,normal,0,107,86
4/11/2025 9:00,107,4,Friday,4,0,0,random_or_none,1,rainy,0.697,260,0,0,0,0,0,0,0,normal,0,105,88
4/11/2025 10:00,105,4,Friday,4,0,0,random_or_none,0,sunny,0.062,260,0,0,0,0,0,0,0,normal,0,110,92
4/11/2025 11:00,110,4,Friday,4,0,0,random_or_none,2,cold,0.754,260,0,0,0,0,0,0,0,extreme_weather,2,115,99
4/11/2025 12:00,115,4,Friday,4,0,0,random_or_none,0,sunny,0.253,260,0,0,0,0,0,0,0,normal,0,119,97
4/11/2025 13:00,119,4,Friday,4,0,0,random_or_none,1,rainy,0.566,260,0,0,0,0,0,0,0,normal,0,132,100
4/11/2025 14:00,132,4,Friday,4,0,0,random_or_none,1,rainy,0.776,260,0,0,0,0,0,0,0,extreme_weather,2,131,115
4/11/2025 15:00,131,4,Friday,4,0,0,random_or_none,5,windy,0.754,260,0,0,0,0,0,0,0,extreme_weather,2,139,120
4/11/2025 16:00,139,4,Friday,4,0,0,random_or_none,1,rainy,0.812,260,0,0,0,0,0,0,0,extreme_weather,2,129,127
4/11/2025 17:00,129,4,Friday,4,0,0,random_or_none,5,windy,0.27,260,0,0,0,0,0,0,0,normal,0,134,128
4/11/2025 18:00,134,4,Friday,4,0,0,random_or_none,5,windy,0.609,260,0,0,0,0,0,0,0,normal,0,128,122
4/11/2025 19:00,128,4,Friday,4,0,0,random_or_none,1,rainy,0.783,260,0,0,0,0,0,0,0,extreme_weather,2,120,119
4/11/2025 20:00,120,4,Friday,4,0,0,random_or_none,0,sunny,0.23,260,0,0,0,0,0,0,0,normal,0,115,115
4/11/2025 21:00,115,4,Friday,4,0,0,random_or_none,0,sunny,0.116,260,0,0,0,0,0,0,0,normal,0,110,97
4/11/2025 22:00,110,4,Friday,4,0,0,random_or_none,1,rainy,0.717,260,0,0,0,0,0,0,0,normal,0,97,93
4/11/2025 23:00,97,4,Friday,4,0,0,random_or_none,5,windy,0.493,260,0,0,0,0,0,0,0,normal,0,78,85
4/12/2025 0:00,78,5,Saturday,4,1,0,random_or_none,0,sunny,0.013,260,0,0,0,0,0,0,0,normal,0,70,80
4/12/2025 1:00,70,5,Saturday,4,1,0,random_or_none,2,cold,0.523,260,0,0,0,0,0,0,0,normal,0,61,118
4/12/2025 2:00,61,5,Saturday,4,1,0,random_or_none,0,sunny,0.251,260,0,0,0,0,0,0,0,normal,0,66,91
4/12/2025 3:00,66,5,Saturday,4,1,0,random_or_none,5,windy,0.396,260,0,0,0,0,0,0,0,normal,0,69,74
4/12/2025 4:00,69,5,Saturday,4,1,0,random_or_none,5,windy,0.87,260,0,0,0,0,0,0,0,extreme_weather,2,62,67
4/12/2025 5:00,62,5,Saturday,4,1,0,random_or_none,0,sunny,0.004,260,0,0,0,0,0,0,0,normal,0,63,67
4/12/2025 6:00,63,5,Saturday,4,1,0,random_or_none,1,rainy,0.846,260,0,0,0,0,0,0,0,extreme_weather,2,73,65
4/12/2025 7:00,73,5,Saturday,4,1,0,random_or_none,3,hot,0.665,260,0,0,0,0,0,0,0,normal,0,86,68
4/12/2025 8:00,86,5,Saturday,4,1,0,random_or_none,1,rainy,0.569,260,0,0,0,0,0,0,0,normal,0,88,71
4/12/2025 9:00,88,5,Saturday,4,1,0,random_or_none,2,cold,0.462,260,0,0,0,0,0,0,0,normal,0,92,82
4/12/2025 10:00,92,5,Saturday,4,1,0,random_or_none,0,sunny,0.234,260,0,0,0,0,0,0,0,normal,0,99,88
4/12/2025 11:00,99,5,Saturday,4,1,0,random_or_none,0,sunny,0.213,260,0,0,0,0,0,0,0,normal,0,97,95
4/12/2025 12:00,97,5,Saturday,4,1,0,random_or_none,0,sunny,0.069,260,0,0,0,0,0,0,0,normal,0,100,104
4/12/2025 13:00,100,5,Saturday,4,1,0,random_or_none,0,sunny,0.261,260,0,0,0,0,0,0,0,normal,0,115,111
4/12/2025 14:00,115,5,Saturday,4,1,0,random_or_none,5,windy,0.948,260,0,0,0,0,0,0,0,extreme_weather,2,120,108
4/12/2025 15:00,120,5,Saturday,4,1,0,random_or_none,4,dusty,0.581,260,0,0,0,0,0,0,0,normal,0,127,118
4/12/2025 16:00,127,5,Saturday,4,1,0,random_or_none,3,hot,0.827,260,0,0,0,0,0,0,0,extreme_weather,2,128,119
4/12/2025 17:00,128,5,Saturday,4,1,0,random_or_none,1,rainy,0.568,260,0,0,0,0,0,0,0,normal,0,122,112
4/12/2025 18:00,122,5,Saturday,4,1,0,random_or_none,5,windy,0.431,260,0,0,0,0,0,0,0,normal,0,119,109
4/12/2025 19:00,119,5,Saturday,4,1,0,random_or_none,0,sunny,0.343,260,0,0,0,0,0,0,0,normal,0,115,108
4/12/2025 20:00,115,5,Saturday,4,1,0,random_or_none,0,sunny,0.26,260,0,0,0,0,0,0,0,normal,0,97,104
4/12/2025 21:00,97,5,Saturday,4,1,0,random_or_none,0,sunny,0.106,260,0,0,0,0,0,0,0,normal,0,93,142
4/12/2025 22:00,93,5,Saturday,4,1,0,random_or_none,0,sunny,0.267,260,0,0,0,0,0,0,0,normal,0,85,117
4/12/2025 23:00,85,5,Saturday,4,1,0,random_or_none,0,sunny,0.277,260,0,0,0,0,0,0,0,normal,0,80,92
4/13/2025 0:00,80,6,Sunday,4,1,0,random_or_none,1,rainy,0.504,260,0,0,0,0,0,0,0,normal,0,118,77
4/13/2025 1:00,118,6,Sunday,4,1,0,random_or_none,1,rainy,0.39,260,0,1,97.91,0,0,0,0,emergency_spike,5,91,76
4/13/2025 2:00,91,6,Sunday,4,1,0,random_or_none,4,dusty,0.74,260,0,0,0,0,0,0,0,normal,0,74,84
4/13/2025 3:00,74,6,Sunday,4,1,0,random_or_none,5,windy,0.866,260,0,0,0,0,0,0,0,extreme_weather,2,67,78
4/13/2025 4:00,67,6,Sunday,4,1,0,random_or_none,1,rainy,0.367,260,0,0,0,0,0,0,0,normal,0,67,74
4/13/2025 5:00,67,6,Sunday,4,1,0,random_or_none,0,sunny,0.226,260,0,0,0,0,0,0,0,normal,0,65,78
4/13/2025 6:00,65,6,Sunday,4,1,0,random_or_none,1,rainy,0.423,260,0,0,0,0,0,0,0,normal,0,68,81
4/13/2025 7:00,68,6,Sunday,4,1,0,random_or_none,0,sunny,0.265,260,0,0,0,0,0,0,0,normal,0,71,88
4/13/2025 8:00,71,6,Sunday,4,1,0,random_or_none,0,sunny,0.313,260,0,0,0,0,0,0,0,normal,0,82,101
4/13/2025 9:00,82,6,Sunday,4,1,0,random_or_none,5,windy,0.714,260,0,0,0,0,0,0,0,normal,0,88,112
4/13/2025 10:00,88,6,Sunday,4,1,0,random_or_none,0,sunny,0.24,260,0,0,0,0,0,0,0,normal,0,95,117
4/13/2025 11:00,95,6,Sunday,4,1,0,random_or_none,0,sunny,0.108,260,0,0,0,0,0,0,0,normal,0,104,115
4/13/2025 12:00,104,6,Sunday,4,1,0,random_or_none,5,windy,0.622,260,0,0,0,0,0,0,0,normal,0,111,112
4/13/2025 13:00,111,6,Sunday,4,1,0,random_or_none,0,sunny,0.067,260,0,0,0,0,0,0,0,normal,0,108,114
4/13/2025 14:00,108,6,Sunday,4,1,0,random_or_none,0,sunny,0.055,260,0,0,0,0,0,0,0,normal,0,118,135
4/13/2025 15:00,118,6,Sunday,4,1,0,random_or_none,1,rainy,0.626,260,0,0,0,0,0,0,0,normal,0,119,137
4/13/2025 16:00,119,6,Sunday,4,1,0,random_or_none,5,windy,0.398,260,0,0,0,0,0,0,0,normal,0,112,137
4/13/2025 17:00,112,6,Sunday,4,1,0,random_or_none,0,sunny,0.254,260,0,0,0,0,0,0,0,normal,0,109,133
4/13/2025 18:00,109,6,Sunday,4,1,0,random_or_none,0,sunny,0.108,260,0,0,0,0,0,0,0,normal,0,108,132
4/13/2025 19:00,108,6,Sunday,4,1,0,random_or_none,4,dusty,0.241,260,0,0,0,0,0,0,0,normal,0,104,134
4/13/2025 20:00,104,6,Sunday,4,1,0,random_or_none,5,windy,0.351,260,0,0,0,0,0,0,0,normal,0,142,128
4/13/2025 21:00,142,6,Sunday,4,1,0,random_or_none,5,windy,0.475,260,0,1,104.59,0,0,0,0,emergency_spike,5,117,117
4/13/2025 22:00,117,6,Sunday,4,1,0,random_or_none,1,rainy,0.596,260,0,0,0,0,0,0,0,normal,0,92,100
4/13/2025 23:00,92,6,Sunday,4,1,0,random_or_none,1,rainy,0.369,260,0,0,0,0,0,0,0,normal,0,77,99
4/14/2025 0:00,77,0,Monday,4,0,0,random_or_none,0,sunny,0.253,260,0,0,0,0,0,0,0,normal,0,76,90
4/14/2025 1:00,76,0,Monday,4,0,0,random_or_none,4,dusty,0.786,260,0,0,0,0,0,0,0,extreme_weather,2,84,81
4/14/2025 2:00,84,0,Monday,4,0,0,random_or_none,4,dusty,0.73,260,0,0,0,0,0,0,0,normal,0,78,82
4/14/2025 3:00,78,0,Monday,4,0,0,random_or_none,0,sunny,0.02,260,0,0,0,0,0,0,0,normal,0,74,73
4/14/2025 4:00,74,0,Monday,4,0,0,random_or_none,1,rainy,0.5,260,0,0,0,0,0,0,0,normal,0,78,76
4/14/2025 5:00,78,0,Monday,4,0,0,random_or_none,0,sunny,0.342,260,0,0,0,0,0,0,0,normal,0,81,82
4/14/2025 6:00,81,0,Monday,4,0,0,random_or_none,2,cold,0.755,260,0,0,0,0,0,0,0,extreme_weather,2,88,87
4/14/2025 7:00,88,0,Monday,4,0,0,random_or_none,1,rainy,0.412,260,0,0,0,0,0,0,0,normal,0,101,86
4/14/2025 8:00,101,0,Monday,4,0,0,random_or_none,5,windy,0.699,260,0,0,0,0,0,0,0,normal,0,112,98
4/14/2025 9:00,112,0,Monday,4,0,0,random_or_none,2,cold,0.624,260,0,0,0,0,0,0,0,normal,0,117,105
4/14/2025 10:00,117,0,Monday,4,0,0,random_or_none,4,dusty,0.471,260,0,0,0,0,0,0,0,normal,0,115,108
4/14/2025 11:00,115,0,Monday,4,0,0,random_or_none,0,sunny,0.08,260,0,0,0,0,0,0,0,normal,0,112,116
4/14/2025 12:00,112,0,Monday,4,0,0,random_or_none,0,sunny,0.34,260,0,0,0,0,0,0,0,normal,0,114,116
4/14/2025 13:00,114,0,Monday,4,0,0,random_or_none,0,sunny,0.225,260,0,0,0,0,0,0,0,normal,0,135,122
4/14/2025 14:00,135,0,Monday,4,0,0,random_or_none,2,cold,0.699,260,0,0,0,0,0,0,0,normal,0,137,133
4/14/2025 15:00,137,0,Monday,4,0,0,random_or_none,0,sunny,0.198,260,0,0,0,0,0,0,0,normal,0,137,130
4/14/2025 16:00,137,0,Monday,4,0,0,random_or_none,4,dusty,0.855,260,0,0,0,0,0,0,0,extreme_weather,2,133,137
4/14/2025 17:00,133,0,Monday,4,0,0,random_or_none,0,sunny,0.023,260,0,0,0,0,0,0,0,normal,0,132,140
4/14/2025 18:00,132,0,Monday,4,0,0,random_or_none,0,sunny,0.195,260,0,0,0,0,0,0,0,normal,0,134,137
4/14/2025 19:00,134,0,Monday,4,0,0,random_or_none,2,cold,0.53,260,0,0,0,0,0,0,0,normal,0,128,127
4/14/2025 20:00,128,0,Monday,4,0,0,random_or_none,5,windy,0.35,260,0,0,0,0,0,0,0,normal,0,117,224
4/14/2025 21:00,117,0,Monday,4,0,0,random_or_none,2,cold,0.846,260,0,0,0,0,0,0,0,extreme_weather,2,100,160
4/14/2025 22:00,100,0,Monday,4,0,0,random_or_none,0,sunny,0.064,260,0,0,0,0,0,0,0,normal,0,99,127
4/14/2025 23:00,99,0,Monday,4,0,0,random_or_none,5,windy,1,260,0,0,0,0,0,0,0,extreme_weather,2,90,109
4/15/2025 0:00,90,1,Tuesday,4,0,0,random_or_none,0,sunny,0.218,260,0,0,0,0,0,0,0,normal,0,81,90
4/15/2025 1:00,81,1,Tuesday,4,0,0,random_or_none,0,sunny,0.299,260,0,0,0,0,0,0,0,normal,0,82,84
4/15/2025 2:00,82,1,Tuesday,4,0,0,random_or_none,5,windy,0.665,260,0,0,0,0,0,0,0,normal,0,73,82
4/15/2025 3:00,73,1,Tuesday,4,0,0,random_or_none,2,cold,0.636,260,0,0,0,0,0,0,0,normal,0,76,80
4/15/2025 4:00,76,1,Tuesday,4,0,0,random_or_none,0,sunny,0.052,260,0,0,0,0,0,0,0,normal,0,82,118
4/15/2025 5:00,82,1,Tuesday,4,0,0,random_or_none,4,dusty,0.23,260,0,0,0,0,0,0,0,normal,0,87,102
4/15/2025 6:00,87,1,Tuesday,4,0,0,random_or_none,0,sunny,0.024,260,0,0,0,0,0,0,0,normal,0,86,96
4/15/2025 7:00,86,1,Tuesday,4,0,0,random_or_none,0,sunny,0.057,260,0,0,0,0,0,0,0,normal,0,98,96
4/15/2025 8:00,98,1,Tuesday,4,0,0,random_or_none,0,sunny,0.322,260,0,0,0,0,0,0,0,normal,0,105,107
4/15/2025 9:00,105,1,Tuesday,4,0,0,random_or_none,4,dusty,0.292,260,0,0,0,0,0,0,0,normal,0,108,100
4/15/2025 10:00,108,1,Tuesday,4,0,0,random_or_none,0,sunny,0.304,260,0,0,0,0,0,0,0,normal,0,116,109
4/15/2025 11:00,116,1,Tuesday,4,0,0,random_or_none,1,rainy,0.309,260,0,0,0,0,0,0,0,normal,0,116,110
4/15/2025 12:00,116,1,Tuesday,4,0,0,random_or_none,1,rainy,0.25,260,0,0,0,0,0,0,0,normal,0,122,118
4/15/2025 13:00,122,1,Tuesday,4,0,0,random_or_none,1,rainy,0.28,260,0,0,0,0,0,0,0,normal,0,133,123
4/15/2025 14:00,133,1,Tuesday,4,0,0,random_or_none,4,dusty,0.755,260,0,0,0,0,0,0,0,extreme_weather,2,130,125
4/15/2025 15:00,130,1,Tuesday,4,0,0,random_or_none,0,sunny,0.032,260,0,0,0,0,0,0,0,normal,0,137,136
4/15/2025 16:00,137,1,Tuesday,4,0,0,random_or_none,1,rainy,0.557,260,0,0,0,0,0,0,0,normal,0,140,133
4/15/2025 17:00,140,1,Tuesday,4,0,0,random_or_none,1,rainy,0.919,260,0,0,0,0,0,0,0,extreme_weather,2,137,133
4/15/2025 18:00,137,1,Tuesday,4,0,0,random_or_none,0,sunny,0.108,260,0,0,0,0,0,0,0,normal,0,127,133
4/15/2025 19:00,127,1,Tuesday,4,0,0,random_or_none,0,sunny,0.245,260,0,0,0,0,0,0,0,normal,0,224,130
4/15/2025 20:00,224,1,Tuesday,4,0,0,random_or_none,2,cold,0.757,260,0,1,226.93,0,0,0,0,emergency_spike,5,160,123
4/15/2025 21:00,160,1,Tuesday,4,0,0,random_or_none,0,sunny,0.297,260,0,0,0,0,0,0,0,normal,0,127,122
4/15/2025 22:00,127,1,Tuesday,4,0,0,random_or_none,0,sunny,0.182,260,0,0,0,0,0,0,0,normal,0,109,110
4/15/2025 23:00,109,1,Tuesday,4,0,0,random_or_none,1,rainy,0.318,260,0,0,0,0,0,0,0,normal,0,90,95
4/16/2025 0:00,90,2,Wednesday,4,0,0,random_or_none,0,sunny,0.216,260,0,0,0,0,0,0,0,normal,0,84,85
4/16/2025 1:00,84,2,Wednesday,4,0,0,random_or_none,1,rainy,0.271,260,0,0,0,0,0,0,0,normal,0,82,74
4/16/2025 2:00,82,2,Wednesday,4,0,0,random_or_none,5,windy,0.566,260,0,0,0,0,0,0,0,normal,0,80,75
4/16/2025 3:00,80,2,Wednesday,4,0,0,random_or_none,1,rainy,0.449,260,0,0,0,0,0,0,0,normal,0,118,73
4/16/2025 4:00,118,2,Wednesday,4,0,0,random_or_none,5,windy,0.224,260,0,1,89.21,0,0,0,0,emergency_spike,5,102,70
4/16/2025 5:00,102,2,Wednesday,4,0,0,random_or_none,1,rainy,0.582,260,0,0,0,0,0,0,0,normal,0,96,83
4/16/2025 6:00,96,2,Wednesday,4,0,0,random_or_none,5,windy,0.337,260,0,0,0,0,0,0,0,normal,0,96,88
4/16/2025 7:00,96,2,Wednesday,4,0,0,random_or_none,0,sunny,0.339,260,0,0,0,0,0,0,0,normal,0,107,85
4/16/2025 8:00,107,2,Wednesday,4,0,0,random_or_none,1,rainy,0.869,260,0,0,0,0,0,0,0,extreme_weather,2,100,91
4/16/2025 9:00,100,2,Wednesday,4,0,0,random_or_none,0,sunny,0.167,260,0,0,0,0,0,0,0,normal,0,109,94
4/16/2025 10:00,109,2,Wednesday,4,0,0,random_or_none,0,sunny,0.113,260,0,0,0,0,0,0,0,normal,0,110,108
4/16/2025 11:00,110,2,Wednesday,4,0,0,random_or_none,0,sunny,0.172,260,0,0,0,0,0,0,0,normal,0,118,117
4/16/2025 12:00,118,2,Wednesday,4,0,0,random_or_none,1,rainy,0.251,260,0,0,0,0,0,0,0,normal,0,123,128
4/16/2025 13:00,123,2,Wednesday,4,0,0,random_or_none,5,windy,0.829,260,0,0,0,0,0,0,0,extreme_weather,2,125,125
4/16/2025 14:00,125,2,Wednesday,4,0,0,random_or_none,5,windy,0.412,260,0,0,0,0,0,0,0,normal,0,136,126
4/16/2025 15:00,136,2,Wednesday,4,0,0,random_or_none,1,rainy,0.623,260,0,0,0,0,0,0,0,normal,0,133,128
4/16/2025 16:00,133,2,Wednesday,4,0,0,random_or_none,3,hot,0.363,260,0,0,0,0,0,0,0,normal,0,133,129
4/16/2025 17:00,133,2,Wednesday,4,0,0,random_or_none,0,sunny,0.258,260,0,0,0,0,0,0,0,normal,0,133,136
4/16/2025 18:00,133,2,Wednesday,4,0,0,random_or_none,5,windy,0.863,260,0,0,0,0,0,0,0,extreme_weather,2,130,139
4/16/2025 19:00,130,2,Wednesday,4,0,0,random_or_none,5,windy,0.85,260,0,0,0,0,0,0,0,extreme_weather,2,123,130
4/16/2025 20:00,123,2,Wednesday,4,0,0,random_or_none,0,sunny,0.168,260,0,0,0,0,0,0,0,normal,0,122,124
4/16/2025 21:00,122,2,Wednesday,4,0,0,random_or_none,3,hot,0.475,260,0,0,0,0,0,0,0,normal,0,110,118
4/16/2025 22:00,110,2,Wednesday,4,0,0,random_or_none,1,rainy,0.36,260,0,0,0,0,0,0,0,normal,0,95,110
4/16/2025 23:00,95,2,Wednesday,4,0,0,random_or_none,1,rainy,0.42,260,0,0,0,0,0,0,0,normal,0,85,98
4/17/2025 0:00,85,3,Thursday,4,0,0,random_or_none,0,sunny,0.119,260,0,0,0,0,0,0,0,normal,0,74,93
4/17/2025 1:00,74,3,Thursday,4,0,0,random_or_none,0,sunny,0.3,260,0,0,0,0,0,0,0,normal,0,75,90
4/17/2025 2:00,75,3,Thursday,4,0,0,random_or_none,0,sunny,0.274,260,0,0,0,0,0,0,0,normal,0,73,79
4/17/2025 3:00,73,3,Thursday,4,0,0,random_or_none,0,sunny,0.341,260,0,0,0,0,0,0,0,normal,0,70,71
4/17/2025 4:00,70,3,Thursday,4,0,0,random_or_none,0,sunny,0.249,260,0,0,0,0,0,0,0,normal,0,83,75
4/17/2025 5:00,83,3,Thursday,4,0,0,random_or_none,1,rainy,0.902,260,0,0,0,0,0,0,0,extreme_weather,2,88,84
4/17/2025 6:00,88,3,Thursday,4,0,0,random_or_none,3,hot,0.296,260,0,0,0,0,0,0,0,normal,0,85,93
4/17/2025 7:00,85,3,Thursday,4,0,0,random_or_none,0,sunny,0.238,260,0,0,0,0,0,0,0,normal,0,91,90
4/17/2025 8:00,91,3,Thursday,4,0,0,random_or_none,0,sunny,0.261,260,0,0,0,0,0,0,0,normal,0,94,97
4/17/2025 9:00,94,3,Thursday,4,0,0,random_or_none,1,rainy,0.188,260,0,0,0,0,0,0,0,normal,0,108,98
4/17/2025 10:00,108,3,Thursday,4,0,0,random_or_none,1,rainy,0.705,260,0,0,0,0,0,0,0,normal,0,117,166
4/17/2025 11:00,117,3,Thursday,4,0,0,random_or_none,5,windy,0.762,260,0,0,0,0,0,0,0,extreme_weather,2,128,144
4/17/2025 12:00,128,3,Thursday,4,0,0,random_or_none,4,dusty,0.737,260,0,0,0,0,0,0,0,normal,0,125,136
4/17/2025 13:00,125,3,Thursday,4,0,0,random_or_none,0,sunny,0.017,260,0,0,0,0,0,0,0,normal,0,126,167
4/17/2025 14:00,126,3,Thursday,4,0,0,random_or_none,1,rainy,0.462,260,0,0,0,0,0,0,0,normal,0,128,160
4/17/2025 15:00,128,3,Thursday,4,0,0,random_or_none,0,sunny,0.253,260,0,0,0,0,0,0,0,normal,0,129,151
4/17/2025 16:00,129,3,Thursday,4,0,0,random_or_none,0,sunny,0.248,260,0,0,0,0,0,0,0,normal,0,136,223
4/17/2025 17:00,136,3,Thursday,4,0,0,random_or_none,1,rainy,0.203,260,0,0,0,0,0,0,0,normal,0,139,183
4/17/2025 18:00,139,3,Thursday,4,0,0,random_or_none,0,sunny,0.168,260,0,0,0,0,0,0,0,normal,0,130,162
4/17/2025 19:00,130,3,Thursday,4,0,0,random_or_none,3,hot,0.463,260,0,0,0,0,0,0,0,normal,0,124,141
4/17/2025 20:00,124,3,Thursday,4,0,0,random_or_none,1,rainy,0.623,260,0,0,0,0,0,0,0,normal,0,118,166
4/17/2025 21:00,118,3,Thursday,4,0,0,random_or_none,4,dusty,0.305,260,0,0,0,0,0,0,0,normal,0,110,137
4/17/2025 22:00,110,3,Thursday,4,0,0,random_or_none,5,windy,0.707,260,0,0,0,0,0,0,0,normal,0,98,119
4/17/2025 23:00,98,3,Thursday,4,0,0,random_or_none,0,sunny,0.223,260,0,0,0,0,0,0,0,normal,0,93,107
4/18/2025 0:00,93,4,Friday,4,0,0,random_or_none,1,rainy,0.767,260,0,0,0,0,0,0,0,extreme_weather,2,90,87
4/18/2025 1:00,90,4,Friday,4,0,0,random_or_none,2,cold,0.506,260,0,0,0,0,0,0,0,normal,0,79,72
4/18/2025 2:00,79,4,Friday,4,0,0,random_or_none,0,sunny,0.308,260,0,0,0,0,0,0,0,normal,0,71,68
4/18/2025 3:00,71,4,Friday,4,0,0,random_or_none,4,dusty,0.231,260,0,0,0,0,0,0,0,normal,0,75,66
4/18/2025 4:00,75,4,Friday,4,0,0,random_or_none,0,sunny,0.219,260,0,0,0,0,0,0,0,normal,0,84,63
4/18/2025 5:00,84,4,Friday,4,0,0,random_or_none,2,cold,0.465,260,0,0,0,0,0,0,0,normal,0,93,66
4/18/2025 6:00,93,4,Friday,4,0,0,random_or_none,1,rainy,0.221,260,0,0,0,0,0,0,0,normal,0,90,61
4/18/2025 7:00,90,4,Friday,4,0,0,random_or_none,0,sunny,0.297,260,0,0,0,0,0,0,0,normal,0,97,67
4/18/2025 8:00,97,4,Friday,4,0,0,random_or_none,5,windy,0.53,260,0,0,0,0,0,0,0,normal,0,98,80
4/18/2025 9:00,98,4,Friday,4,0,0,random_or_none,5,windy,0.943,260,0,0,0,0,0,0,0,extreme_weather,2,166,83
4/18/2025 10:00,166,4,Friday,4,0,0,random_or_none,5,windy,0.424,260,0,1,141.91,0,0,0,0,emergency_spike,5,144,92
4/18/2025 11:00,144,4,Friday,4,0,0,random_or_none,0,sunny,0.152,260,0,0,0,0,0,0,0,normal,0,136,95
4/18/2025 12:00,136,4,Friday,4,0,0,random_or_none,3,hot,0.811,260,0,0,0,0,0,0,0,extreme_weather,2,167,104
4/18/2025 13:00,167,4,Friday,4,0,0,random_or_none,5,windy,0.92,260,0,1,75.75,0,0,0,0,emergency_spike,5,160,134
4/18/2025 14:00,160,4,Friday,4,0,0,random_or_none,2,cold,0.582,260,0,0,0,0,0,0,0,normal,0,151,127
4/18/2025 15:00,151,4,Friday,4,0,0,random_or_none,0,sunny,0.203,260,0,0,0,0,0,0,0,normal,0,223,119
4/18/2025 16:00,223,4,Friday,4,0,0,random_or_none,5,windy,0.883,260,0,1,181.95,0,0,0,0,emergency_spike,5,183,123
4/18/2025 17:00,183,4,Friday,4,0,0,random_or_none,2,cold,0.128,260,0,0,0,0,0,0,0,normal,0,162,118
4/18/2025 18:00,162,4,Friday,4,0,0,random_or_none,2,cold,0.658,260,0,0,0,0,0,0,0,normal,0,141,120
4/18/2025 19:00,141,4,Friday,4,0,0,random_or_none,0,sunny,0.221,260,0,0,0,0,0,0,0,normal,0,166,119
4/18/2025 20:00,166,4,Friday,4,0,0,random_or_none,0,sunny,0.144,260,0,1,80.71,0,0,0,0,emergency_spike,5,137,107
4/18/2025 21:00,137,4,Friday,4,0,0,random_or_none,5,windy,0.561,260,0,0,0,0,0,0,0,normal,0,119,99
4/18/2025 22:00,119,4,Friday,4,0,0,random_or_none,5,windy,0.513,260,0,0,0,0,0,0,0,normal,0,107,97
4/18/2025 23:00,107,4,Friday,4,0,0,random_or_none,1,rainy,0.841,260,0,0,0,0,0,0,0,extreme_weather,2,87,85
4/19/2025 0:00,87,5,Saturday,4,1,0,random_or_none,5,windy,0.843,260,0,0,0,0,0,0,0,extreme_weather,2,72,78
4/19/2025 1:00,72,5,Saturday,4,1,0,random_or_none,0,sunny,0.188,260,0,0,0,0,0,0,0,normal,0,68,65
4/19/2025 2:00,68,5,Saturday,4,1,0,random_or_none,3,hot,0.403,260,0,0,0,0,0,0,0,normal,0,66,74
4/19/2025 3:00,66,5,Saturday,4,1,0,random_or_none,1,rainy,0.647,260,0,0,0,0,0,0,0,normal,0,63,69
4/19/2025 4:00,63,5,Saturday,4,1,0,random_or_none,5,windy,0.437,260,0,0,0,0,0,0,0,normal,0,66,69
4/19/2025 5:00,66,5,Saturday,4,1,0,random_or_none,0,sunny,0.056,260,0,0,0,0,0,0,0,normal,0,61,70
4/19/2025 6:00,61,5,Saturday,4,1,0,random_or_none,0,sunny,0.066,260,0,0,0,0,0,0,0,normal,0,67,64
4/19/2025 7:00,67,5,Saturday,4,1,0,random_or_none,0,sunny,0.196,260,0,0,0,0,0,0,0,normal,0,80,70
4/19/2025 8:00,80,5,Saturday,4,1,0,random_or_none,5,windy,0.266,260,0,0,0,0,0,0,0,normal,0,83,75
4/19/2025 9:00,83,5,Saturday,4,1,0,random_or_none,2,cold,0.209,260,0,0,0,0,0,0,0,normal,0,92,91
4/19/2025 10:00,92,5,Saturday,4,1,0,random_or_none,0,sunny,0.047,260,0,0,0,0,0,0,0,normal,0,95,97
4/19/2025 11:00,95,5,Saturday,4,1,0,random_or_none,2,cold,0.699,260,0,0,0,0,0,0,0,normal,0,104,101
4/19/2025 12:00,104,5,Saturday,4,1,0,random_or_none,3,hot,0.409,260,0,0,0,0,0,0,0,normal,0,134,106
4/19/2025 13:00,134,5,Saturday,4,1,0,random_or_none,0,sunny,0.347,260,0,1,66.44,0,0,0,0,emergency_spike,5,127,235
4/19/2025 14:00,127,5,Saturday,4,1,0,random_or_none,5,windy,0.452,260,0,0,0,0,0,0,0,normal,0,119,179
4/19/2025 15:00,119,5,Saturday,4,1,0,random_or_none,0,sunny,0.338,260,0,0,0,0,0,0,0,normal,0,123,145
4/19/2025 16:00,123,5,Saturday,4,1,0,random_or_none,1,rainy,0.501,260,0,0,0,0,0,0,0,normal,0,118,133
4/19/2025 17:00,118,5,Saturday,4,1,0,random_or_none,0,sunny,0.181,260,0,0,0,0,0,0,0,normal,0,120,126
4/19/2025 18:00,120,5,Saturday,4,1,0,random_or_none,1,rainy,0.872,260,0,0,0,0,0,0,0,extreme_weather,2,119,121
4/19/2025 19:00,119,5,Saturday,4,1,0,random_or_none,0,sunny,0.281,260,0,0,0,0,0,0,0,normal,0,107,114
4/19/2025 20:00,107,5,Saturday,4,1,0,random_or_none,0,sunny,0.324,260,0,0,0,0,0,0,0,normal,0,99,104
4/19/2025 21:00,99,5,Saturday,4,1,0,random_or_none,5,windy,0.524,260,0,0,0,0,0,0,0,normal,0,97,96
4/19/2025 22:00,97,5,Saturday,4,1,0,random_or_none,5,windy,0.644,260,0,0,0,0,0,0,0,normal,0,85,84
4/19/2025 23:00,85,5,Saturday,4,1,0,random_or_none,1,rainy,0.234,260,0,0,0,0,0,0,0,normal,0,78,76
4/20/2025 0:00,78,6,Sunday,4,1,0,random_or_none,0,sunny,0.122,260,0,0,0,0,0,0,0,normal,0,65,82
4/20/2025 1:00,65,6,Sunday,4,1,0,random_or_none,0,sunny,0.094,260,0,0,0,0,0,0,0,normal,0,74,76
4/20/2025 2:00,74,6,Sunday,4,1,0,random_or_none,1,rainy,0.5,260,0,0,0,0,0,0,0,normal,0,69,79
4/20/2025 3:00,69,6,Sunday,4,1,0,random_or_none,0,sunny,0.157,260,0,0,0,0,0,0,0,normal,0,69,77
4/20/2025 4:00,69,6,Sunday,4,1,0,random_or_none,2,cold,0.457,260,0,0,0,0,0,0,0,normal,0,70,80
4/20/2025 5:00,70,6,Sunday,4,1,0,random_or_none,4,dusty,0.407,260,0,0,0,0,0,0,0,normal,0,64,86
4/20/2025 6:00,64,6,Sunday,4,1,0,random_or_none,2,cold,0.121,260,0,0,0,0,0,0,0,normal,0,70,84
4/20/2025 7:00,70,6,Sunday,4,1,0,random_or_none,0,sunny,0.139,260,0,0,0,0,0,0,0,normal,0,75,95
4/20/2025 8:00,75,6,Sunday,4,1,0,random_or_none,0,sunny,0.244,260,0,0,0,0,0,0,0,normal,0,91,103
4/20/2025 9:00,91,6,Sunday,4,1,0,random_or_none,1,rainy,0.476,260,0,0,0,0,0,0,0,normal,0,97,105
4/20/2025 10:00,97,6,Sunday,4,1,0,random_or_none,3,hot,0.619,260,0,0,0,0,0,0,0,normal,0,101,115
4/20/2025 11:00,101,6,Sunday,4,1,0,random_or_none,5,windy,0.718,260,0,0,0,0,0,0,0,normal,0,106,114
4/20/2025 12:00,106,6,Sunday,4,1,0,random_or_none,0,sunny,0.145,260,0,0,0,0,0,0,0,normal,0,235,117
4/20/2025 13:00,235,6,Sunday,4,1,0,random_or_none,5,windy,1,260,0,1,254.79,0,0,0,0,emergency_spike,5,179,123
4/20/2025 14:00,179,6,Sunday,4,1,0,random_or_none,5,windy,0.458,260,0,0,0,0,0,0,0,normal,0,145,123
4/20/2025 15:00,145,6,Sunday,4,1,0,random_or_none,2,cold,0.386,260,0,0,0,0,0,0,0,normal,0,133,133
4/20/2025 16:00,133,6,Sunday,4,1,0,random_or_none,2,cold,0.237,260,0,0,0,0,0,0,0,normal,0,126,135
4/20/2025 17:00,126,6,Sunday,4,1,0,random_or_none,0,sunny,0.032,260,0,0,0,0,0,0,0,normal,0,121,138
4/20/2025 18:00,121,6,Sunday,4,1,0,random_or_none,0,sunny,0.123,260,0,0,0,0,0,0,0,normal,0,114,131
4/20/2025 19:00,114,6,Sunday,4,1,0,random_or_none,0,sunny,0.09,260,0,0,0,0,0,0,0,normal,0,104,125
4/20/2025 20:00,104,6,Sunday,4,1,0,random_or_none,0,sunny,0.195,260,0,0,0,0,0,0,0,normal,0,96,116
4/20/2025 21:00,96,6,Sunday,4,1,0,random_or_none,3,hot,0.16,260,0,0,0,0,0,0,0,normal,0,84,111
4/20/2025 22:00,84,6,Sunday,4,1,0,random_or_none,0,sunny,0.28,260,0,0,0,0,0,0,0,normal,0,76,144
4/20/2025 23:00,76,6,Sunday,4,1,0,random_or_none,0,sunny,0.223,260,0,0,0,0,0,0,0,normal,0,82,117
4/21/2025 0:00,82,0,Monday,4,0,0,random_or_none,1,rainy,0.931,260,0,0,0,0,0,0,0,extreme_weather,2,76,105
4/21/2025 1:00,76,0,Monday,4,0,0,random_or_none,0,sunny,0.062,260,0,0,0,0,0,0,0,normal,0,79,93
4/21/2025 2:00,79,0,Monday,4,0,0,random_or_none,2,cold,0.679,260,0,0,0,0,0,0,0,normal,0,77,86
4/21/2025 3:00,77,0,Monday,4,0,0,random_or_none,5,windy,0.99,260,0,0,0,0,0,0,0,extreme_weather,2,80,84
4/21/2025 4:00,80,0,Monday,4,0,0,random_or_none,0,sunny,0.327,260,0,0,0,0,0,0,0,normal,0,86,80
4/21/2025 5:00,86,0,Monday,4,0,0,random_or_none,1,rainy,0.284,260,0,0,0,0,0,0,0,normal,0,84,82
4/21/2025 6:00,84,0,Monday,4,0,0,random_or_none,0,sunny,0.054,260,0,0,0,0,0,0,0,normal,0,95,82
4/21/2025 7:00,95,0,Monday,4,0,0,random_or_none,5,windy,0.902,260,0,0,0,0,0,0,0,extreme_weather,2,103,81
4/21/2025 8:00,103,0,Monday,4,0,0,random_or_none,5,windy,0.274,260,0,0,0,0,0,0,0,normal,0,105,88
4/21/2025 9:00,105,0,Monday,4,0,0,random_or_none,5,windy,0.237,260,0,0,0,0,0,0,0,normal,0,115,92
4/21/2025 10:00,115,0,Monday,4,0,0,random_or_none,1,rainy,0.825,260,0,0,0,0,0,0,0,extreme_weather,2,114,104
4/21/2025 11:00,114,0,Monday,4,0,0,random_or_none,2,cold,0.168,260,0,0,0,0,0,0,0,normal,0,117,113
4/21/2025 12:00,117,0,Monday,4,0,0,random_or_none,4,dusty,0.622,260,0,0,0,0,0,0,0,normal,0,123,121
4/21/2025 13:00,123,0,Monday,4,0,0,random_or_none,5,windy,0.425,260,0,0,0,0,0,0,0,normal,0,123,127
4/21/2025 14:00,123,0,Monday,4,0,0,random_or_none,0,sunny,0.219,260,0,0,0,0,0,0,0,normal,0,133,139
4/21/2025 15:00,133,0,Monday,4,0,0,random_or_none,1,rainy,0.407,260,0,0,0,0,0,0,0,normal,0,135,137
4/21/2025 16:00,135,0,Monday,4,0,0,random_or_none,1,rainy,0.548,260,0,0,0,0,0,0,0,normal,0,138,134
4/21/2025 17:00,138,0,Monday,4,0,0,random_or_none,0,sunny,0.291,260,0,0,0,0,0,0,0,normal,0,131,133
4/21/2025 18:00,131,0,Monday,4,0,0,random_or_none,0,sunny,0.312,260,0,0,0,0,0,0,0,normal,0,125,122
4/21/2025 19:00,125,0,Monday,4,0,0,random_or_none,0,sunny,0.017,260,0,0,0,0,0,0,0,normal,0,116,158
4/21/2025 20:00,116,0,Monday,4,0,0,random_or_none,3,hot,0.458,260,0,0,0,0,0,0,0,normal,0,111,131
4/21/2025 21:00,111,0,Monday,4,0,0,random_or_none,5,windy,0.576,260,0,0,0,0,0,0,0,normal,0,144,119
4/21/2025 22:00,144,0,Monday,4,0,0,random_or_none,1,rainy,0.695,260,0,1,84.79,0,0,0,0,emergency_spike,5,117,106
4/21/2025 23:00,117,0,Monday,4,0,0,random_or_none,0,sunny,0.112,260,0,0,0,0,0,0,0,normal,0,105,99
4/22/2025 0:00,105,1,Tuesday,4,0,0,random_or_none,1,rainy,0.607,260,0,0,0,0,0,0,0,normal,0,93,88
4/22/2025 1:00,93,1,Tuesday,4,0,0,random_or_none,4,dusty,0.287,260,0,0,0,0,0,0,0,normal,0,86,132
4/22/2025 2:00,86,1,Tuesday,4,0,0,random_or_none,4,dusty,0.695,260,0,0,0,0,0,0,0,normal,0,84,105
4/22/2025 3:00,84,1,Tuesday,4,0,0,random_or_none,1,rainy,0.333,260,0,0,0,0,0,0,0,normal,0,80,88
4/22/2025 4:00,80,1,Tuesday,4,0,0,random_or_none,1,rainy,0.275,260,0,0,0,0,0,0,0,normal,0,82,91
4/22/2025 5:00,82,1,Tuesday,4,0,0,random_or_none,4,dusty,0.71,260,0,0,0,0,0,0,0,normal,0,82,85
4/22/2025 6:00,82,1,Tuesday,4,0,0,random_or_none,4,dusty,0.432,260,0,0,0,0,0,0,0,normal,0,81,82
4/22/2025 7:00,81,1,Tuesday,4,0,0,random_or_none,1,rainy,0.158,260,0,0,0,0,0,0,0,normal,0,88,90
4/22/2025 8:00,88,1,Tuesday,4,0,0,random_or_none,0,sunny,0.295,260,0,0,0,0,0,0,0,normal,0,92,100
4/22/2025 9:00,92,1,Tuesday,4,0,0,random_or_none,0,sunny,0.242,260,0,0,0,0,0,0,0,normal,0,104,101
4/22/2025 10:00,104,1,Tuesday,4,0,0,random_or_none,5,windy,0.366,260,0,0,0,0,0,0,0,normal,0,113,113
4/22/2025 11:00,113,1,Tuesday,4,0,0,random_or_none,5,windy,0.304,260,0,0,0,0,0,0,0,normal,0,121,123
4/22/2025 12:00,121,1,Tuesday,4,0,0,random_or_none,5,windy,0.988,260,0,0,0,0,0,0,0,extreme_weather,2,127,130
4/22/2025 13:00,127,1,Tuesday,4,0,0,random_or_none,2,cold,0.296,260,0,0,0,0,0,0,0,normal,0,139,129
4/22/2025 14:00,139,1,Tuesday,4,0,0,random_or_none,1,rainy,0.858,260,0,0,0,0,0,0,0,extreme_weather,2,137,129
4/22/2025 15:00,137,1,Tuesday,4,0,0,random_or_none,0,sunny,0.181,260,0,0,0,0,0,0,0,normal,0,134,131
4/22/2025 16:00,134,1,Tuesday,4,0,0,random_or_none,1,rainy,0.239,260,0,0,0,0,0,0,0,normal,0,133,133
4/22/2025 17:00,133,1,Tuesday,4,0,0,random_or_none,5,windy,0.294,260,0,0,0,0,0,0,0,normal,0,122,133
4/22/2025 18:00,122,1,Tuesday,4,0,0,random_or_none,5,windy,0.608,260,0,0,0,0,0,0,0,normal,0,158,124
4/22/2025 19:00,158,1,Tuesday,4,0,0,random_or_none,5,windy,0.748,260,0,1,76.45,0,0,0,0,emergency_spike,5,131,128
4/22/2025 20:00,131,1,Tuesday,4,0,0,random_or_none,2,cold,0.288,260,0,0,0,0,0,0,0,normal,0,119,118
4/22/2025 21:00,119,1,Tuesday,4,0,0,random_or_none,0,sunny,0.133,260,0,0,0,0,0,0,0,normal,0,106,120
4/22/2025 22:00,106,1,Tuesday,4,0,0,random_or_none,1,rainy,0.33,260,0,0,0,0,0,0,0,normal,0,99,110
4/22/2025 23:00,99,1,Tuesday,4,0,0,random_or_none,0,sunny,0.154,260,0,0,0,0,0,0,0,normal,0,88,110
4/23/2025 0:00,88,2,Wednesday,4,0,0,random_or_none,5,windy,0.432,260,0,0,0,0,0,0,0,normal,0,132,94
4/23/2025 1:00,132,2,Wednesday,4,0,0,random_or_none,0,sunny,0.181,260,0,1,114.62,0,0,0,0,emergency_spike,5,105,92
4/23/2025 2:00,105,2,Wednesday,4,0,0,random_or_none,5,windy,0.445,260,0,0,0,0,0,0,0,normal,0,88,115
4/23/2025 3:00,88,2,Wednesday,4,0,0,random_or_none,0,sunny,0.02,260,0,0,0,0,0,0,0,normal,0,91,101
4/23/2025 4:00,91,2,Wednesday,4,0,0,random_or_none,1,rainy,0.836,260,0,0,0,0,0,0,0,extreme_weather,2,85,87
4/23/2025 5:00,85,2,Wednesday,4,0,0,random_or_none,0,sunny,0.288,260,0,0,0,0,0,0,0,normal,0,82,73
4/23/2025 6:00,82,2,Wednesday,4,0,0,random_or_none,1,rainy,0.459,260,0,0,0,0,0,0,0,normal,0,90,76
4/23/2025 7:00,90,2,Wednesday,4,0,0,random_or_none,0,sunny,0.172,260,0,0,0,0,0,0,0,normal,0,100,83
4/23/2025 8:00,100,2,Wednesday,4,0,0,random_or_none,3,hot,0.659,260,0,0,0,0,0,0,0,normal,0,101,93
4/23/2025 9:00,101,2,Wednesday,4,0,0,random_or_none,2,cold,0.268,260,0,0,0,0,0,0,0,normal,0,113,101
4/23/2025 10:00,113,2,Wednesday,4,0,0,random_or_none,5,windy,0.961,260,0,0,0,0,0,0,0,extreme_weather,2,123,111
4/23/2025 11:00,123,2,Wednesday,4,0,0,random_or_none,1,rainy,0.39,260,0,0,0,0,0,0,0,normal,0,130,122
4/23/2025 12:00,130,2,Wednesday,4,0,0,random_or_none,1,rainy,0.854,260,0,0,0,0,0,0,0,extreme_weather,2,129,124
4/23/2025 13:00,129,2,Wednesday,4,0,0,random_or_none,5,windy,0.397,260,0,0,0,0,0,0,0,normal,0,129,122
4/23/2025 14:00,129,2,Wednesday,4,0,0,random_or_none,1,rainy,0.512,260,0,0,0,0,0,0,0,normal,0,131,179
4/23/2025 15:00,131,2,Wednesday,4,0,0,random_or_none,5,windy,0.353,260,0,0,0,0,0,0,0,normal,0,133,152
4/23/2025 16:00,133,2,Wednesday,4,0,0,random_or_none,5,windy,0.721,260,0,0,0,0,0,0,0,normal,0,133,142
4/23/2025 17:00,133,2,Wednesday,4,0,0,random_or_none,1,rainy,0.84,260,0,0,0,0,0,0,0,extreme_weather,2,124,140
4/23/2025 18:00,124,2,Wednesday,4,0,0,random_or_none,0,sunny,0.107,260,0,0,0,0,0,0,0,normal,0,128,129
4/23/2025 19:00,128,2,Wednesday,4,0,0,random_or_none,1,rainy,0.874,260,0,0,0,0,0,0,0,extreme_weather,2,118,137
4/23/2025 20:00,118,2,Wednesday,4,0,0,random_or_none,2,cold,0.409,260,0,0,0,0,0,0,0,normal,0,120,117
4/23/2025 21:00,120,2,Wednesday,4,0,0,random_or_none,5,windy,0.946,260,0,0,0,0,0,0,0,extreme_weather,2,110,111
4/23/2025 22:00,110,2,Wednesday,4,0,0,random_or_none,0,sunny,0.072,260,0,0,0,0,0,0,0,normal,0,110,100
4/23/2025 23:00,110,2,Wednesday,4,0,0,random_or_none,5,windy,0.841,260,0,0,0,0,0,0,0,extreme_weather,2,94,103
4/24/2025 0:00,94,3,Thursday,4,0,0,random_or_none,2,cold,0.213,260,0,0,0,0,0,0,0,normal,0,92,186
4/24/2025 1:00,92,3,Thursday,4,0,0,random_or_none,5,windy,0.626,260,0,0,0,0,0,0,0,normal,0,115,137
4/24/2025 2:00,115,3,Thursday,4,0,0,random_or_none,1,rainy,0.652,260,0,1,62.13,0,0,0,0,emergency_spike,5,101,110
4/24/2025 3:00,101,3,Thursday,4,0,0,random_or_none,4,dusty,0.852,260,0,0,0,0,0,0,0,extreme_weather,2,87,96
4/24/2025 4:00,87,3,Thursday,4,0,0,random_or_none,0,sunny,0.326,260,0,0,0,0,0,0,0,normal,0,73,90
4/24/2025 5:00,73,3,Thursday,4,0,0,random_or_none,0,sunny,0.023,260,0,0,0,0,0,0,0,normal,0,76,87
4/24/2025 6:00,76,3,Thursday,4,0,0,random_or_none,0,sunny,0.317,260,0,0,0,0,0,0,0,normal,0,83,97
4/24/2025 7:00,83,3,Thursday,4,0,0,random_or_none,0,sunny,0.281,260,0,0,0,0,0,0,0,normal,0,93,92
4/24/2025 8:00,93,3,Thursday,4,0,0,random_or_none,2,cold,0.222,260,0,0,0,0,0,0,0,normal,0,101,94
4/24/2025 9:00,101,3,Thursday,4,0,0,random_or_none,1,rainy,0.653,260,0,0,0,0,0,0,0,normal,0,111,98
4/24/2025 10:00,111,3,Thursday,4,0,0,random_or_none,0,sunny,0.297,260,0,0,0,0,0,0,0,normal,0,122,99
4/24/2025 11:00,122,3,Thursday,4,0,0,random_or_none,4,dusty,0.273,260,0,0,0,0,0,0,0,normal,0,124,107
4/24/2025 12:00,124,3,Thursday,4,0,0,random_or_none,2,cold,0.455,260,0,0,0,0,0,0,0,normal,0,122,124
4/24/2025 13:00,122,3,Thursday,4,0,0,random_or_none,3,hot,0.44,260,0,0,0,0,0,0,0,normal,0,179,120
4/24/2025 14:00,179,3,Thursday,4,0,0,random_or_none,1,rainy,0.508,260,0,1,117.25,0,0,0,0,emergency_spike,5,152,128
4/24/2025 15:00,152,3,Thursday,4,0,0,random_or_none,0,sunny,0.03,260,0,0,0,0,0,0,0,normal,0,142,127
4/24/2025 16:00,142,3,Thursday,4,0,0,random_or_none,0,sunny,0.218,260,0,0,0,0,0,0,0,normal,0,140,133
4/24/2025 17:00,140,3,Thursday,4,0,0,random_or_none,4,dusty,0.92,260,0,0,0,0,0,0,0,extreme_weather,2,129,128
4/24/2025 18:00,129,3,Thursday,4,0,0,random_or_none,5,windy,0.499,260,0,0,0,0,0,0,0,normal,0,137,130
4/24/2025 19:00,137,3,Thursday,4,0,0,random_or_none,1,rainy,0.647,260,0,0,0,0,0,0,0,normal,0,117,122
4/24/2025 20:00,117,3,Thursday,4,0,0,random_or_none,3,hot,0.442,260,0,0,0,0,0,0,0,normal,0,111,117
4/24/2025 21:00,111,3,Thursday,4,0,0,random_or_none,4,dusty,0.218,260,0,0,0,0,0,0,0,normal,0,100,115
4/24/2025 22:00,100,3,Thursday,4,0,0,random_or_none,0,sunny,0.227,260,0,0,0,0,0,0,0,normal,0,103,106
4/24/2025 23:00,103,3,Thursday,4,0,0,random_or_none,0,sunny,0.095,260,0,0,0,0,0,0,0,normal,0,186,99
4/25/2025 0:00,186,4,Friday,4,0,0,random_or_none,5,windy,0.728,260,0,1,205.96,0,0,0,0,emergency_spike,5,137,81
4/25/2025 1:00,137,4,Friday,4,0,0,random_or_none,1,rainy,0.392,260,0,0,0,0,0,0,0,normal,0,110,71
4/25/2025 2:00,110,4,Friday,4,0,0,random_or_none,1,rainy,0.461,260,0,0,0,0,0,0,0,normal,0,96,68
4/25/2025 3:00,96,4,Friday,4,0,0,random_or_none,0,sunny,0.179,260,0,0,0,0,0,0,0,normal,0,90,73
4/25/2025 4:00,90,4,Friday,4,0,0,random_or_none,1,rainy,0.716,260,0,0,0,0,0,0,0,normal,0,87,69
4/25/2025 5:00,87,4,Friday,4,0,0,random_or_none,0,sunny,0.099,260,0,0,0,0,0,0,0,normal,0,97,71
4/25/2025 6:00,97,4,Friday,4,0,0,random_or_none,1,rainy,0.687,260,0,0,0,0,0,0,0,normal,0,92,75
4/25/2025 7:00,92,4,Friday,4,0,0,random_or_none,2,cold,0.117,260,0,0,0,0,0,0,0,normal,0,94,80
4/25/2025 8:00,94,4,Friday,4,0,0,random_or_none,5,windy,0.4,260,0,0,0,0,0,0,0,normal,0,98,83
4/25/2025 9:00,98,4,Friday,4,0,0,random_or_none,0,sunny,0.026,260,0,0,0,0,0,0,0,normal,0,99,89
4/25/2025 10:00,99,4,Friday,4,0,0,random_or_none,5,windy,0.547,260,0,0,0,0,0,0,0,normal,0,107,92
4/25/2025 11:00,107,4,Friday,4,0,0,random_or_none,3,hot,0.655,260,0,0,0,0,0,0,0,normal,0,124,103
4/25/2025 12:00,124,4,Friday,4,0,0,random_or_none,5,windy,0.665,260,0,0,0,0,0,0,0,normal,0,120,153
4/25/2025 13:00,120,4,Friday,4,0,0,random_or_none,0,sunny,0.251,260,0,0,0,0,0,0,0,normal,0,128,139
4/25/2025 14:00,128,4,Friday,4,0,0,random_or_none,1,rainy,0.698,260,0,0,0,0,0,0,0,normal,0,127,125
4/25/2025 15:00,127,4,Friday,4,0,0,random_or_none,5,windy,0.426,260,0,0,0,0,0,0,0,normal,0,133,123
4/25/2025 16:00,133,4,Friday,4,0,0,random_or_none,1,rainy,0.715,260,0,0,0,0,0,0,0,normal,0,128,120
4/25/2025 17:00,128,4,Friday,4,0,0,random_or_none,2,cold,0.432,260,0,0,0,0,0,0,0,normal,0,130,111
4/25/2025 18:00,130,4,Friday,4,0,0,random_or_none,0,sunny,0.341,260,0,0,0,0,0,0,0,normal,0,122,108
4/25/2025 19:00,122,4,Friday,4,0,0,random_or_none,0,sunny,0.043,260,0,0,0,0,0,0,0,normal,0,117,103
4/25/2025 20:00,117,4,Friday,4,0,0,random_or_none,0,sunny,0.297,260,0,0,0,0,0,0,0,normal,0,115,100
4/25/2025 21:00,115,4,Friday,4,0,0,random_or_none,2,cold,0.323,260,0,0,0,0,0,0,0,normal,0,106,97
4/25/2025 22:00,106,4,Friday,4,0,0,random_or_none,5,windy,0.389,260,0,0,0,0,0,0,0,normal,0,99,92
4/25/2025 23:00,99,4,Friday,4,0,0,random_or_none,2,cold,0.613,260,0,0,0,0,0,0,0,normal,0,81,85
4/26/2025 0:00,81,5,Saturday,4,1,0,random_or_none,0,sunny,0.022,260,0,0,0,0,0,0,0,normal,0,71,73
4/26/2025 1:00,71,5,Saturday,4,1,0,random_or_none,5,windy,0.59,260,0,0,0,0,0,0,0,normal,0,68,74
4/26/2025 2:00,68,5,Saturday,4,1,0,random_or_none,1,rainy,0.932,260,0,0,0,0,0,0,0,extreme_weather,2,73,65
4/26/2025 3:00,73,5,Saturday,4,1,0,random_or_none,4,dusty,0.724,260,0,0,0,0,0,0,0,normal,0,69,55
4/26/2025 4:00,69,5,Saturday,4,1,0,random_or_none,4,dusty,0.627,260,0,0,0,0,0,0,0,normal,0,71,57
4/26/2025 5:00,71,5,Saturday,4,1,0,random_or_none,2,cold,0.378,260,0,0,0,0,0,0,0,normal,0,75,65
4/26/2025 6:00,75,5,Saturday,4,1,0,random_or_none,1,rainy,0.587,260,0,0,0,0,0,0,0,normal,0,80,69
4/26/2025 7:00,80,5,Saturday,4,1,0,random_or_none,5,windy,0.595,260,0,0,0,0,0,0,0,normal,0,83,76
4/26/2025 8:00,83,5,Saturday,4,1,0,random_or_none,5,windy,0.949,260,0,0,0,0,0,0,0,extreme_weather,2,89,115
4/26/2025 9:00,89,5,Saturday,4,1,0,random_or_none,5,windy,0.584,260,0,0,0,0,0,0,0,normal,0,92,104
4/26/2025 10:00,92,5,Saturday,4,1,0,random_or_none,5,windy,0.573,260,0,0,0,0,0,0,0,normal,0,103,104
4/26/2025 11:00,103,5,Saturday,4,1,0,random_or_none,2,cold,0.779,260,0,0,0,0,0,0,0,extreme_weather,2,153,112
4/26/2025 12:00,153,5,Saturday,4,1,0,random_or_none,4,dusty,0.363,260,0,1,101.55,0,0,0,0,emergency_spike,5,139,109
4/26/2025 13:00,139,5,Saturday,4,1,0,random_or_none,1,rainy,0.277,260,0,0,0,0,0,0,0,normal,0,125,114
4/26/2025 14:00,125,5,Saturday,4,1,0,random_or_none,2,cold,0.308,260,0,0,0,0,0,0,0,normal,0,123,109
4/26/2025 15:00,123,5,Saturday,4,1,0,random_or_none,1,rainy,0.831,260,0,0,0,0,0,0,0,extreme_weather,2,120,116
4/26/2025 16:00,120,5,Saturday,4,1,0,random_or_none,5,windy,0.476,260,0,0,0,0,0,0,0,normal,0,111,117
4/26/2025 17:00,111,5,Saturday,4,1,0,random_or_none,0,sunny,0.182,260,0,0,0,0,0,0,0,normal,0,108,112
4/26/2025 18:00,108,5,Saturday,4,1,0,random_or_none,0,sunny,0.172,260,0,0,0,0,0,0,0,normal,0,103,132
4/26/2025 19:00,103,5,Saturday,4,1,0,random_or_none,0,sunny,0.216,260,0,0,0,0,0,0,0,normal,0,100,122
4/26/2025 20:00,100,5,Saturday,4,1,0,random_or_none,1,rainy,0.574,260,0,0,0,0,0,0,0,normal,0,97,111
4/26/2025 21:00,97,5,Saturday,4,1,0,random_or_none,0,sunny,0.198,260,0,0,0,0,0,0,0,normal,0,92,106
4/26/2025 22:00,92,5,Saturday,4,1,0,random_or_none,0,sunny,0.13,260,0,0,0,0,0,0,0,normal,0,85,90
4/26/2025 23:00,85,5,Saturday,4,1,0,random_or_none,4,dusty,0.877,260,0,0,0,0,0,0,0,extreme_weather,2,73,77
4/27/2025 0:00,73,6,Sunday,4,1,0,random_or_none,4,dusty,0.557,260,0,0,0,0,0,0,0,normal,0,74,74
4/27/2025 1:00,74,6,Sunday,4,1,0,random_or_none,5,windy,0.973,260,0,0,0,0,0,0,0,extreme_weather,2,65,76
4/27/2025 2:00,65,6,Sunday,4,1,0,random_or_none,1,rainy,0.879,260,0,0,0,0,0,0,0,extreme_weather,2,55,78
4/27/2025 3:00,55,6,Sunday,4,1,0,random_or_none,0,sunny,0.197,260,0,0,0,0,0,0,0,normal,0,57,73
4/27/2025 4:00,57,6,Sunday,4,1,0,random_or_none,0,sunny,0.308,260,0,0,0,0,0,0,0,normal,0,65,74
4/27/2025 5:00,65,6,Sunday,4,1,0,random_or_none,1,rainy,0.52,260,0,0,0,0,0,0,0,normal,0,69,80
4/27/2025 6:00,69,6,Sunday,4,1,0,random_or_none,4,dusty,0.746,260,0,0,0,0,0,0,0,normal,0,76,93
4/27/2025 7:00,76,6,Sunday,4,1,0,random_or_none,5,windy,0.77,260,0,0,0,0,0,0,0,extreme_weather,2,115,90
4/27/2025 8:00,115,6,Sunday,4,1,0,random_or_none,1,rainy,0.329,260,0,1,83.01,0,0,0,0,emergency_spike,5,104,103
4/27/2025 9:00,104,6,Sunday,4,1,0,random_or_none,5,windy,0.966,260,0,0,0,0,0,0,0,extreme_weather,2,104,108
4/27/2025 10:00,104,6,Sunday,4,1,0,random_or_none,2,cold,0.25,260,0,0,0,0,0,0,0,normal,0,112,109
4/27/2025 11:00,112,6,Sunday,4,1,0,random_or_none,5,windy,0.428,260,0,0,0,0,0,0,0,normal,0,109,118
4/27/2025 12:00,109,6,Sunday,4,1,0,random_or_none,1,rainy,0.553,260,0,0,0,0,0,0,0,normal,0,114,173
4/27/2025 13:00,114,6,Sunday,4,1,0,random_or_none,2,cold,0.324,260,0,0,0,0,0,0,0,normal,0,109,150
4/27/2025 14:00,109,6,Sunday,4,1,0,random_or_none,0,sunny,0.01,260,0,0,0,0,0,0,0,normal,0,116,139
4/27/2025 15:00,116,6,Sunday,4,1,0,random_or_none,5,windy,0.989,260,0,0,0,0,0,0,0,extreme_weather,2,117,143
4/27/2025 16:00,117,6,Sunday,4,1,0,random_or_none,0,sunny,0.155,260,0,0,0,0,0,0,0,normal,0,112,140
4/27/2025 17:00,112,6,Sunday,4,1,0,random_or_none,0,sunny,0.212,260,0,0,0,0,0,0,0,normal,0,132,140
4/27/2025 18:00,132,6,Sunday,4,1,0,random_or_none,1,rainy,0.408,260,0,1,45.28,0,0,0,0,emergency_spike,5,122,134
4/27/2025 19:00,122,6,Sunday,4,1,0,random_or_none,0,sunny,0.291,260,0,0,0,0,0,0,0,normal,0,111,132
4/27/2025 20:00,111,6,Sunday,4,1,0,random_or_none,0,sunny,0.152,260,0,0,0,0,0,0,0,normal,0,106,128
4/27/2025 21:00,106,6,Sunday,4,1,0,random_or_none,5,windy,0.715,260,0,0,0,0,0,0,0,normal,0,90,121
4/27/2025 22:00,90,6,Sunday,4,1,0,random_or_none,0,sunny,0.179,260,0,0,0,0,0,0,0,normal,0,77,117
4/27/2025 23:00,77,6,Sunday,4,1,0,random_or_none,4,dusty,0.305,260,0,0,0,0,0,0,0,normal,0,74,101
4/28/2025 0:00,74,0,Monday,4,0,0,random_or_none,0,sunny,0.25,260,0,0,0,0,0,0,0,normal,0,76,88
4/28/2025 1:00,76,0,Monday,4,0,0,random_or_none,0,sunny,0.12,260,0,0,0,0,0,0,0,normal,0,78,89
4/28/2025 2:00,78,0,Monday,4,0,0,random_or_none,1,rainy,0.2,260,0,0,0,0,0,0,0,normal,0,73,83
4/28/2025 3:00,73,0,Monday,4,0,0,random_or_none,1,rainy,0.222,260,0,0,0,0,0,0,0,normal,0,74,83
4/28/2025 4:00,74,0,Monday,4,0,0,random_or_none,0,sunny,0.267,260,0,0,0,0,0,0,0,normal,0,80,79
4/28/2025 5:00,80,0,Monday,4,0,0,random_or_none,5,windy,0.282,260,0,0,0,0,0,0,0,normal,0,93,79
4/28/2025 6:00,93,0,Monday,4,0,0,random_or_none,1,rainy,0.184,260,0,0,0,0,0,0,0,normal,0,90,90
4/28/2025 7:00,90,0,Monday,4,0,0,random_or_none,0,sunny,0.112,260,0,0,0,0,0,0,0,normal,0,103,88
4/28/2025 8:00,103,0,Monday,4,0,0,random_or_none,5,windy,0.548,260,0,0,0,0,0,0,0,normal,0,108,95
4/28/2025 9:00,108,0,Monday,4,0,0,random_or_none,1,rainy,0.204,260,0,0,0,0,0,0,0,normal,0,109,99
4/28/2025 10:00,109,0,Monday,4,0,0,random_or_none,0,sunny,0.08,260,0,0,0,0,0,0,0,normal,0,118,108
4/28/2025 11:00,118,0,Monday,4,0,0,random_or_none,2,cold,0.482,260,0,0,0,0,0,0,0,normal,0,173,110
4/28/2025 12:00,173,0,Monday,4,0,0,random_or_none,1,rainy,0.272,260,0,1,113.38,0,0,0,0,emergency_spike,5,150,107
4/28/2025 13:00,150,0,Monday,4,0,0,random_or_none,0,sunny,0.136,260,0,0,0,0,0,0,0,normal,0,139,122
4/28/2025 14:00,139,0,Monday,4,0,0,random_or_none,5,windy,0.412,260,0,0,0,0,0,0,0,normal,0,143,127
4/28/2025 15:00,143,0,Monday,4,0,0,random_or_none,1,rainy,0.506,260,0,0,0,0,0,0,0,normal,0,140,126
4/28/2025 16:00,140,0,Monday,4,0,0,random_or_none,5,windy,0.798,260,0,0,0,0,0,0,0,extreme_weather,2,140,134
4/28/2025 17:00,140,0,Monday,4,0,0,random_or_none,4,dusty,0.354,260,0,0,0,0,0,0,0,normal,0,134,133
4/28/2025 18:00,134,0,Monday,4,0,0,random_or_none,5,windy,0.493,260,0,0,0,0,0,0,0,normal,0,132,125
4/28/2025 19:00,132,0,Monday,4,0,0,random_or_none,1,rainy,0.668,260,0,0,0,0,0,0,0,normal,0,128,130
4/28/2025 20:00,128,0,Monday,4,0,0,random_or_none,2,cold,0.733,260,0,0,0,0,0,0,0,normal,0,121,123
4/28/2025 21:00,121,0,Monday,4,0,0,random_or_none,2,cold,0.745,260,0,0,0,0,0,0,0,normal,0,117,109
4/28/2025 22:00,117,0,Monday,4,0,0,random_or_none,4,dusty,0.491,260,0,0,0,0,0,0,0,normal,0,101,100
4/28/2025 23:00,101,0,Monday,4,0,0,random_or_none,0,sunny,0.172,260,0,0,0,0,0,0,0,normal,0,88,91
4/29/2025 0:00,88,1,Tuesday,4,0,0,random_or_none,0,sunny,0.345,260,0,0,0,0,0,0,0,normal,0,89,81
4/29/2025 1:00,89,1,Tuesday,4,0,0,random_or_none,2,cold,0.74,260,0,0,0,0,0,0,0,normal,0,83,78
4/29/2025 2:00,83,1,Tuesday,4,0,0,random_or_none,2,cold,0.81,260,0,0,0,0,0,0,0,extreme_weather,2,83,76
4/29/2025 3:00,83,1,Tuesday,4,0,0,random_or_none,1,rainy,0.278,260,0,0,0,0,0,0,0,normal,0,79,72
4/29/2025 4:00,79,1,Tuesday,4,0,0,random_or_none,0,sunny,0.067,260,0,0,0,0,0,0,0,normal,0,79,71
4/29/2025 5:00,79,1,Tuesday,4,0,0,random_or_none,1,rainy,0.168,260,0,0,0,0,0,0,0,normal,0,90,74
4/29/2025 6:00,90,1,Tuesday,4,0,0,random_or_none,2,cold,0.327,260,0,0,0,0,0,0,0,normal,0,88,130
4/29/2025 7:00,88,1,Tuesday,4,0,0,random_or_none,2,cold,0.253,260,0,0,0,0,0,0,0,normal,0,95,109
4/29/2025 8:00,95,1,Tuesday,4,0,0,random_or_none,5,windy,0.714,260,0,0,0,0,0,0,0,normal,0,99,99
4/29/2025 9:00,99,1,Tuesday,4,0,0,random_or_none,0,sunny,0.082,260,0,0,0,0,0,0,0,normal,0,108,103
4/29/2025 10:00,108,1,Tuesday,4,0,0,random_or_none,1,rainy,0.596,260,0,0,0,0,0,0,0,normal,0,110,114
4/29/2025 11:00,110,1,Tuesday,4,0,0,random_or_none,5,windy,0.321,260,0,0,0,0,0,0,0,normal,0,107,123
4/29/2025 12:00,107,1,Tuesday,4,0,0,random_or_none,0,sunny,0.174,260,0,0,0,0,0,0,0,normal,0,122,123
4/29/2025 13:00,122,1,Tuesday,4,0,0,random_or_none,1,rainy,0.185,260,0,0,0,0,0,0,0,normal,0,127,129
4/29/2025 14:00,127,1,Tuesday,4,0,0,random_or_none,5,windy,0.439,260,0,0,0,0,0,0,0,normal,0,126,167
4/29/2025 15:00,126,1,Tuesday,4,0,0,random_or_none,0,sunny,0.305,260,0,0,0,0,0,0,0,normal,0,134,157
4/29/2025 16:00,134,1,Tuesday,4,0,0,random_or_none,1,rainy,0.152,260,0,0,0,0,0,0,0,normal,0,133,216
4/29/2025 17:00,133,1,Tuesday,4,0,0,random_or_none,1,rainy,0.912,260,0,0,0,0,0,0,0,extreme_weather,2,125,178
4/29/2025 18:00,125,1,Tuesday,4,0,0,random_or_none,0,sunny,0.297,260,0,0,0,0,0,0,0,normal,0,130,153
4/29/2025 19:00,130,1,Tuesday,4,0,0,random_or_none,1,rainy,0.528,260,0,0,0,0,0,0,0,normal,0,123,137
4/29/2025 20:00,123,1,Tuesday,4,0,0,random_or_none,5,windy,0.534,260,0,0,0,0,0,0,0,normal,0,109,135
4/29/2025 21:00,109,1,Tuesday,4,0,0,random_or_none,0,sunny,0.141,260,0,0,0,0,0,0,0,normal,0,100,117
4/29/2025 22:00,100,1,Tuesday,4,0,0,random_or_none,0,sunny,0.102,260,0,0,0,0,0,0,0,normal,0,91,106
4/29/2025 23:00,91,1,Tuesday,4,0,0,random_or_none,1,rainy,0.438,260,0,0,0,0,0,0,0,normal,0,81,103
4/30/2025 0:00,81,2,Wednesday,4,0,0,random_or_none,5,windy,0.897,260,0,0,0,0,0,0,0,extreme_weather,2,78,83
4/30/2025 1:00,78,2,Wednesday,4,0,0,random_or_none,2,cold,0.223,260,0,0,0,0,0,0,0,normal,0,76,75
4/30/2025 2:00,76,2,Wednesday,4,0,0,random_or_none,1,rainy,0.838,260,0,0,0,0,0,0,0,extreme_weather,2,72,141
4/30/2025 3:00,72,2,Wednesday,4,0,0,random_or_none,2,cold,0.22,260,0,0,0,0,0,0,0,normal,0,71,105
4/30/2025 4:00,71,2,Wednesday,4,0,0,random_or_none,0,sunny,0.286,260,0,0,0,0,0,0,0,normal,0,74,93
4/30/2025 5:00,74,2,Wednesday,4,0,0,random_or_none,1,rainy,0.24,260,0,0,0,0,0,0,0,normal,0,130,84
4/30/2025 6:00,130,2,Wednesday,4,0,0,random_or_none,0,sunny,0.036,260,0,1,118.95,0,0,0,0,emergency_spike,5,109,75
4/30/2025 7:00,109,2,Wednesday,4,0,0,random_or_none,0,sunny,0.248,260,0,0,0,0,0,0,0,normal,0,99,68
4/30/2025 8:00,99,2,Wednesday,4,0,0,random_or_none,0,sunny,0.256,260,0,0,0,0,0,0,0,normal,0,103,78
4/30/2025 9:00,103,2,Wednesday,4,0,0,random_or_none,5,windy,0.552,260,0,0,0,0,0,0,0,normal,0,114,88
4/30/2025 10:00,114,2,Wednesday,4,0,0,random_or_none,5,windy,0.964,260,0,0,0,0,0,0,0,extreme_weather,2,123,100
4/30/2025 11:00,123,2,Wednesday,4,0,0,random_or_none,5,windy,0.826,260,0,0,0,0,0,0,0,extreme_weather,2,123,94
4/30/2025 12:00,123,2,Wednesday,4,0,0,random_or_none,5,windy,0.663,260,0,0,0,0,0,0,0,normal,0,129,161
4/30/2025 13:00,129,2,Wednesday,4,0,0,random_or_none,0,sunny,0.073,260,0,0,0,0,0,0,0,normal,0,167,143
4/30/2025 14:00,167,2,Wednesday,4,0,0,random_or_none,4,dusty,0.343,260,0,1,75.88,0,0,0,0,emergency_spike,5,157,130
4/30/2025 15:00,157,2,Wednesday,4,0,0,random_or_none,5,windy,0.296,260,0,0,0,0,0,0,0,normal,0,216,123
4/30/2025 16:00,216,2,Wednesday,4,0,0,random_or_none,4,dusty,0.696,260,0,1,152.93,0,0,0,0,emergency_spike,5,178,126
4/30/2025 17:00,178,2,Wednesday,4,0,0,random_or_none,0,sunny,0.217,260,0,0,0,0,0,0,0,normal,0,153,121
4/30/2025 18:00,153,2,Wednesday,4,0,0,random_or_none,5,windy,0.713,260,0,0,0,0,0,0,0,normal,0,137,114
4/30/2025 19:00,137,2,Wednesday,4,0,0,random_or_none,0,sunny,0.166,260,0,0,0,0,0,0,0,normal,0,135,113
4/30/2025 20:00,135,2,Wednesday,4,0,0,random_or_none,5,windy,0.82,260,0,0,0,0,0,0,0,extreme_weather,2,117,105
4/30/2025 21:00,117,2,Wednesday,4,0,0,random_or_none,5,windy,0.984,260,0,0,0,0,0,0,0,extreme_weather,2,106,103
4/30/2025 22:00,106,2,Wednesday,4,0,0,random_or_none,5,windy,0.29,260,0,0,0,0,0,0,0,normal,0,103,89
4/30/2025 23:00,103,2,Wednesday,4,0,0,random_or_none,5,windy,0.308,260,0,0,0,0,0,0,0,normal,0,83,82
5/1/2025 0:00,83,3,Thursday,5,0,1,labor_day,3,hot,0.525,260,0,0,0,0,0,0,0,holiday,1,75,77
5/1/2025 1:00,75,3,Thursday,5,0,1,labor_day,3,hot,0.641,260,0,0,0,0,0,0,0,holiday,1,141,74
5/1/2025 2:00,141,3,Thursday,5,0,1,labor_day,4,dusty,0.796,260,0,1,145.86,0,0,0,0,emergency_spike,5,105,74
5/1/2025 3:00,105,3,Thursday,5,0,1,labor_day,0,sunny,0.198,260,0,0,0,0,0,0,0,holiday,1,93,76
5/1/2025 4:00,93,3,Thursday,5,0,1,labor_day,3,hot,0.729,260,0,0,0,0,0,0,0,holiday,1,84,68
5/1/2025 5:00,84,3,Thursday,5,0,1,labor_day,0,sunny,0.158,260,0,0,0,0,0,0,0,holiday,1,75,68
5/1/2025 6:00,75,3,Thursday,5,0,1,labor_day,0,sunny,0.21,260,0,0,0,0,0,0,0,holiday,1,68,76
5/1/2025 7:00,68,3,Thursday,5,0,1,labor_day,0,sunny,0.169,260,0,0,0,0,0,0,0,holiday,1,78,87
5/1/2025 8:00,78,3,Thursday,5,0,1,labor_day,0,sunny,0.261,260,0,0,0,0,0,0,0,holiday,1,88,95
5/1/2025 9:00,88,3,Thursday,5,0,1,labor_day,0,sunny,0.078,260,0,0,0,0,0,0,0,holiday,1,100,97
5/1/2025 10:00,100,3,Thursday,5,0,1,labor_day,3,hot,0.545,260,0,0,0,0,0,0,0,holiday,1,94,107
5/1/2025 11:00,94,3,Thursday,5,0,1,labor_day,0,sunny,0.058,260,0,0,0,0,0,0,0,holiday,1,161,113
5/1/2025 12:00,161,3,Thursday,5,0,1,labor_day,2,cold,0.554,260,0,1,122.08,0,0,0,0,emergency_spike,5,143,122
5/1/2025 13:00,143,3,Thursday,5,0,1,labor_day,4,dusty,0.979,260,0,0,0,0,0,0,0,extreme_weather,2,130,130
5/1/2025 14:00,130,3,Thursday,5,0,1,labor_day,0,sunny,0.012,260,0,0,0,0,0,0,0,holiday,1,123,130
5/1/2025 15:00,123,3,Thursday,5,0,1,labor_day,0,sunny,0.307,260,0,0,0,0,0,0,0,holiday,1,126,136
5/1/2025 16:00,126,3,Thursday,5,0,1,labor_day,3,hot,0.556,260,0,0,0,0,0,0,0,holiday,1,121,135
5/1/2025 17:00,121,3,Thursday,5,0,1,labor_day,0,sunny,0.03,260,0,0,0,0,0,0,0,holiday,1,114,139
5/1/2025 18:00,114,3,Thursday,5,0,1,labor_day,0,sunny,0.231,260,0,0,0,0,0,0,0,holiday,1,113,135
5/1/2025 19:00,113,3,Thursday,5,0,1,labor_day,2,cold,0.592,260,0,0,0,0,0,0,0,holiday,1,105,124
5/1/2025 20:00,105,3,Thursday,5,0,1,labor_day,0,sunny,0.014,260,0,0,0,0,0,0,0,holiday,1,103,118
5/1/2025 21:00,103,3,Thursday,5,0,1,labor_day,0,sunny,0.13,260,0,0,0,0,0,0,0,holiday,1,89,117
5/1/2025 22:00,89,3,Thursday,5,0,1,labor_day,0,sunny,0.184,260,0,0,0,0,0,0,0,holiday,1,82,106
5/1/2025 23:00,82,3,Thursday,5,0,1,labor_day,5,windy,0.39,260,0,0,0,0,0,0,0,holiday,1,77,89
5/2/2025 0:00,77,4,Friday,5,0,0,random_or_none,3,hot,0.321,260,0,0,0,0,0,0,0,normal,0,74,75
5/2/2025 1:00,74,4,Friday,5,0,0,random_or_none,0,sunny,0.194,260,0,0,0,0,0,0,0,normal,0,74,69
5/2/2025 2:00,74,4,Friday,5,0,0,random_or_none,5,windy,0.203,260,0,0,0,0,0,0,0,normal,0,76,66
5/2/2025 3:00,76,4,Friday,5,0,0,random_or_none,4,dusty,0.757,260,0,0,0,0,0,0,0,extreme_weather,2,68,57
5/2/2025 4:00,68,4,Friday,5,0,0,random_or_none,0,sunny,0.219,260,0,0,0,0,0,0,0,normal,0,68,61
5/2/2025 5:00,68,4,Friday,5,0,0,random_or_none,5,windy,0.455,260,0,0,0,0,0,0,0,normal,0,76,61
5/2/2025 6:00,76,4,Friday,5,0,0,random_or_none,0,sunny,0.112,260,0,0,0,0,0,0,0,normal,0,87,55
5/2/2025 7:00,87,4,Friday,5,0,0,random_or_none,0,sunny,0.157,260,0,0,0,0,0,0,0,normal,0,95,68
5/2/2025 8:00,95,4,Friday,5,0,0,random_or_none,0,sunny,0.318,260,0,0,0,0,0,0,0,normal,0,97,70
5/2/2025 9:00,97,4,Friday,5,0,0,random_or_none,0,sunny,0.305,260,0,0,0,0,0,0,0,normal,0,107,75
5/2/2025 10:00,107,4,Friday,5,0,0,random_or_none,0,sunny,0.182,260,0,0,0,0,0,0,0,normal,0,113,85
5/2/2025 11:00,113,4,Friday,5,0,0,random_or_none,0,sunny,0.197,260,0,0,0,0,0,0,0,normal,0,122,92
5/2/2025 12:00,122,4,Friday,5,0,0,random_or_none,4,dusty,0.836,260,0,0,0,0,0,0,0,extreme_weather,2,130,97
5/2/2025 13:00,130,4,Friday,5,0,0,random_or_none,2,cold,0.356,260,0,0,0,0,0,0,0,normal,0,130,104
5/2/2025 14:00,130,4,Friday,5,0,0,random_or_none,3,hot,0.885,260,0,0,0,0,0,0,0,extreme_weather,2,136,110
5/2/2025 15:00,136,4,Friday,5,0,0,random_or_none,4,dusty,0.968,260,0,0,0,0,0,0,0,extreme_weather,2,135,118
5/2/2025 16:00,135,4,Friday,5,0,0,random_or_none,4,dusty,0.817,260,0,0,0,0,0,0,0,extreme_weather,2,139,155
5/2/2025 17:00,139,4,Friday,5,0,0,random_or_none,2,cold,0.5,260,0,0,0,0,0,0,0,normal,0,135,137
5/2/2025 18:00,135,4,Friday,5,0,0,random_or_none,0,sunny,0.22,260,0,0,0,0,0,0,0,normal,0,124,116
5/2/2025 19:00,124,4,Friday,5,0,0,random_or_none,0,sunny,0.324,260,0,0,0,0,0,0,0,normal,0,118,107
5/2/2025 20:00,118,4,Friday,5,0,0,random_or_none,0,sunny,0.067,260,0,0,0,0,0,0,0,normal,0,117,103
5/2/2025 21:00,117,4,Friday,5,0,0,random_or_none,4,dusty,0.549,260,0,0,0,0,0,0,0,normal,0,106,93
5/2/2025 22:00,106,4,Friday,5,0,0,random_or_none,0,sunny,0.215,260,0,0,0,0,0,0,0,normal,0,89,89
5/2/2025 23:00,89,4,Friday,5,0,0,random_or_none,0,sunny,0.24,260,0,0,0,0,0,0,0,normal,0,75,85
5/3/2025 0:00,75,5,Saturday,5,1,0,random_or_none,3,hot,0.314,260,0,0,0,0,0,0,0,normal,0,69,81
5/3/2025 1:00,69,5,Saturday,5,1,0,random_or_none,4,dusty,0.506,260,0,0,0,0,0,0,0,normal,0,66,68
5/3/2025 2:00,66,5,Saturday,5,1,0,random_or_none,3,hot,0.42,260,0,0,0,0,0,0,0,normal,0,57,109
5/3/2025 3:00,57,5,Saturday,5,1,0,random_or_none,0,sunny,0.251,260,0,0,0,0,0,0,0,normal,0,61,85
5/3/2025 4:00,61,5,Saturday,5,1,0,random_or_none,3,hot,0.423,260,0,0,0,0,0,0,0,normal,0,61,72
5/3/2025 5:00,61,5,Saturday,5,1,0,random_or_none,0,sunny,0.193,260,0,0,0,0,0,0,0,normal,0,55,67
5/3/2025 6:00,55,5,Saturday,5,1,0,random_or_none,0,sunny,0.284,260,0,0,0,0,0,0,0,normal,0,68,74
5/3/2025 7:00,68,5,Saturday,5,1,0,random_or_none,3,hot,0.807,260,0,0,0,0,0,0,0,extreme_weather,2,70,76
5/3/2025 8:00,70,5,Saturday,5,1,0,random_or_none,0,sunny,0.093,260,0,0,0,0,0,0,0,normal,0,75,84
5/3/2025 9:00,75,5,Saturday,5,1,0,random_or_none,0,sunny,0.153,260,0,0,0,0,0,0,0,normal,0,85,85
5/3/2025 10:00,85,5,Saturday,5,1,0,random_or_none,0,sunny,0.043,260,0,0,0,0,0,0,0,normal,0,92,88
5/3/2025 11:00,92,5,Saturday,5,1,0,random_or_none,0,sunny,0.038,260,0,0,0,0,0,0,0,normal,0,97,95
5/3/2025 12:00,97,5,Saturday,5,1,0,random_or_none,0,sunny,0.034,260,0,0,0,0,0,0,0,normal,0,104,100
5/3/2025 13:00,104,5,Saturday,5,1,0,random_or_none,3,hot,0.198,260,0,0,0,0,0,0,0,normal,0,110,103
5/3/2025 14:00,110,5,Saturday,5,1,0,random_or_none,2,cold,0.64,260,0,0,0,0,0,0,0,normal,0,118,106
5/3/2025 15:00,118,5,Saturday,5,1,0,random_or_none,3,hot,0.751,260,0,0,0,0,0,0,0,extreme_weather,2,155,107
5/3/2025 16:00,155,5,Saturday,5,1,0,random_or_none,0,sunny,0.083,260,0,1,88.81,0,0,0,0,emergency_spike,5,137,111
5/3/2025 17:00,137,5,Saturday,5,1,0,random_or_none,1,rainy,0.457,260,0,0,0,0,0,0,0,normal,0,116,114
5/3/2025 18:00,116,5,Saturday,5,1,0,random_or_none,0,sunny,0.056,260,0,0,0,0,0,0,0,normal,0,107,116
5/3/2025 19:00,107,5,Saturday,5,1,0,random_or_none,4,dusty,0.38,260,0,0,0,0,0,0,0,normal,0,103,169
5/3/2025 20:00,103,5,Saturday,5,1,0,random_or_none,0,sunny,0.213,260,0,0,0,0,0,0,0,normal,0,93,135
5/3/2025 21:00,93,5,Saturday,5,1,0,random_or_none,0,sunny,0.235,260,0,0,0,0,0,0,0,normal,0,89,122
5/3/2025 22:00,89,5,Saturday,5,1,0,random_or_none,5,windy,0.787,260,0,0,0,0,0,0,0,extreme_weather,2,85,101
5/3/2025 23:00,85,5,Saturday,5,1,0,random_or_none,0,sunny,0.155,260,0,0,0,0,0,0,0,normal,0,81,89
5/4/2025 0:00,81,6,Sunday,5,1,0,random_or_none,5,windy,0.788,260,0,0,0,0,0,0,0,extreme_weather,2,68,83
5/4/2025 1:00,68,6,Sunday,5,1,0,random_or_none,0,sunny,0.236,260,0,0,0,0,0,0,0,normal,0,109,84
5/4/2025 2:00,109,6,Sunday,5,1,0,random_or_none,5,windy,0.407,260,0,1,110.44,0,0,0,0,emergency_spike,5,85,77
5/4/2025 3:00,85,6,Sunday,5,1,0,random_or_none,0,sunny,0.051,260,0,0,0,0,0,0,0,normal,0,72,81
5/4/2025 4:00,72,6,Sunday,5,1,0,random_or_none,5,windy,0.662,260,0,0,0,0,0,0,0,normal,0,67,77
5/4/2025 5:00,67,6,Sunday,5,1,0,random_or_none,0,sunny,0.096,260,0,0,0,0,0,0,0,normal,0,74,87
5/4/2025 6:00,74,6,Sunday,5,1,0,random_or_none,5,windy,0.435,260,0,0,0,0,0,0,0,normal,0,76,86
5/4/2025 7:00,76,6,Sunday,5,1,0,random_or_none,3,hot,0.666,260,0,0,0,0,0,0,0,normal,0,84,93
5/4/2025 8:00,84,6,Sunday,5,1,0,random_or_none,4,dusty,0.352,260,0,0,0,0,0,0,0,normal,0,85,96
5/4/2025 9:00,85,6,Sunday,5,1,0,random_or_none,0,sunny,0.148,260,0,0,0,0,0,0,0,normal,0,88,99
5/4/2025 10:00,88,6,Sunday,5,1,0,random_or_none,0,sunny,0.094,260,0,0,0,0,0,0,0,normal,0,95,104
5/4/2025 11:00,95,6,Sunday,5,1,0,random_or_none,0,sunny,0.205,260,0,0,0,0,0,0,0,normal,0,100,112
5/4/2025 12:00,100,6,Sunday,5,1,0,random_or_none,3,hot,0.307,260,0,0,0,0,0,0,0,normal,0,103,112
5/4/2025 13:00,103,6,Sunday,5,1,0,random_or_none,0,sunny,0.247,260,0,0,0,0,0,0,0,normal,0,106,124
5/4/2025 14:00,106,6,Sunday,5,1,0,random_or_none,3,hot,0.592,260,0,0,0,0,0,0,0,normal,0,107,126
5/4/2025 15:00,107,6,Sunday,5,1,0,random_or_none,0,sunny,0.05,260,0,0,0,0,0,0,0,normal,0,111,136
5/4/2025 16:00,111,6,Sunday,5,1,0,random_or_none,5,windy,0.29,260,0,0,0,0,0,0,0,normal,0,114,135
5/4/2025 17:00,114,6,Sunday,5,1,0,random_or_none,5,windy,0.616,260,0,0,0,0,0,0,0,normal,0,116,131
5/4/2025 18:00,116,6,Sunday,5,1,0,random_or_none,4,dusty,1,260,0,0,0,0,0,0,0,extreme_weather,2,169,130
5/4/2025 19:00,169,6,Sunday,5,1,0,random_or_none,0,sunny,0.059,260,0,1,124.87,0,0,0,0,emergency_spike,5,135,133
5/4/2025 20:00,135,6,Sunday,5,1,0,random_or_none,3,hot,0.212,260,0,0,0,0,0,0,0,normal,0,122,123
5/4/2025 21:00,122,6,Sunday,5,1,0,random_or_none,3,hot,0.773,260,0,0,0,0,0,0,0,extreme_weather,2,101,117
5/4/2025 22:00,101,6,Sunday,5,1,0,random_or_none,0,sunny,0.063,260,0,0,0,0,0,0,0,normal,0,89,105
5/4/2025 23:00,89,6,Sunday,5,1,0,random_or_none,0,sunny,0.06,260,0,0,0,0,0,0,0,normal,0,83,92
5/5/2025 0:00,83,0,Monday,5,0,0,random_or_none,5,windy,0.526,260,0,0,0,0,0,0,0,normal,0,84,84
5/5/2025 1:00,84,0,Monday,5,0,0,random_or_none,3,hot,0.827,260,0,0,0,0,0,0,0,extreme_weather,2,77,76
5/5/2025 2:00,77,0,Monday,5,0,0,random_or_none,3,hot,0.444,260,0,0,0,0,0,0,0,normal,0,81,76
5/5/2025 3:00,81,0,Monday,5,0,0,random_or_none,4,dusty,0.809,260,0,0,0,0,0,0,0,extreme_weather,2,77,70
5/5/2025 4:00,77,0,Monday,5,0,0,random_or_none,0,sunny,0.344,260,0,0,0,0,0,0,0,normal,0,87,69
5/5/2025 5:00,87,0,Monday,5,0,0,random_or_none,3,hot,0.753,260,0,0,0,0,0,0,0,extreme_weather,2,86,75
5/5/2025 6:00,86,0,Monday,5,0,0,random_or_none,4,dusty,0.987,260,0,0,0,0,0,0,0,extreme_weather,2,93,93
5/5/2025 7:00,93,0,Monday,5,0,0,random_or_none,3,hot,0.82,260,0,0,0,0,0,0,0,extreme_weather,2,96,99
5/5/2025 8:00,96,0,Monday,5,0,0,random_or_none,0,sunny,0.328,260,0,0,0,0,0,0,0,normal,0,99,100
5/5/2025 9:00,99,0,Monday,5,0,0,random_or_none,0,sunny,0.026,260,0,0,0,0,0,0,0,normal,0,104,108
5/5/2025 10:00,104,0,Monday,5,0,0,random_or_none,5,windy,0.237,260,0,0,0,0,0,0,0,normal,0,112,105
5/5/2025 11:00,112,0,Monday,5,0,0,random_or_none,0,sunny,0.171,260,0,0,0,0,0,0,0,normal,0,112,104
5/5/2025 12:00,112,0,Monday,5,0,0,random_or_none,0,sunny,0.271,260,0,0,0,0,0,0,0,normal,0,124,109
5/5/2025 13:00,124,0,Monday,5,0,0,random_or_none,4,dusty,0.474,260,0,0,0,0,0,0,0,normal,0,126,119
5/5/2025 14:00,126,0,Monday,5,0,0,random_or_none,0,sunny,0.315,260,0,0,0,0,0,0,0,normal,0,136,122
5/5/2025 15:00,136,0,Monday,5,0,0,random_or_none,4,dusty,0.559,260,0,0,0,0,0,0,0,normal,0,135,119
5/5/2025 16:00,135,0,Monday,5,0,0,random_or_none,1,rainy,0.346,260,0,0,0,0,0,0,0,normal,0,131,122
5/5/2025 17:00,131,0,Monday,5,0,0,random_or_none,0,sunny,0.123,260,0,0,0,0,0,0,0,normal,0,130,123
5/5/2025 18:00,130,0,Monday,5,0,0,random_or_none,5,windy,0.804,260,0,0,0,0,0,0,0,extreme_weather,2,133,124
5/5/2025 19:00,133,0,Monday,5,0,0,random_or_none,3,hot,0.182,260,0,0,0,0,0,0,0,normal,0,123,113
5/5/2025 20:00,123,0,Monday,5,0,0,random_or_none,5,windy,0.201,260,0,0,0,0,0,0,0,normal,0,117,113
5/5/2025 21:00,117,0,Monday,5,0,0,random_or_none,0,sunny,0.035,260,0,0,0,0,0,0,0,normal,0,105,105
5/5/2025 22:00,105,0,Monday,5,0,0,random_or_none,3,hot,0.198,260,0,0,0,0,0,0,0,normal,0,92,106
5/5/2025 23:00,92,0,Monday,5,0,0,random_or_none,0,sunny,0.117,260,0,0,0,0,0,0,0,normal,0,84,95
5/6/2025 0:00,84,1,Tuesday,5,0,0,random_or_none,0,sunny,0.114,260,0,0,0,0,0,0,0,normal,0,76,71
5/6/2025 1:00,76,1,Tuesday,5,0,0,random_or_none,5,windy,0.719,260,0,0,0,0,0,0,0,normal,0,76,74
5/6/2025 2:00,76,1,Tuesday,5,0,0,random_or_none,3,hot,0.683,260,0,0,0,0,0,0,0,normal,0,70,71
5/6/2025 3:00,70,1,Tuesday,5,0,0,random_or_none,2,cold,0.215,260,0,0,0,0,0,0,0,normal,0,69,70
5/6/2025 4:00,69,1,Tuesday,5,0,0,random_or_none,0,sunny,0.25,260,0,0,0,0,0,0,0,normal,0,75,72
5/6/2025 5:00,75,1,Tuesday,5,0,0,random_or_none,4,dusty,0.49,260,0,0,0,0,0,0,0,normal,0,93,80
5/6/2025 6:00,93,1,Tuesday,5,0,0,random_or_none,0,sunny,0.015,260,0,1,38.35,0,0,0,0,emergency_spike,5,99,87
5/6/2025 7:00,99,1,Tuesday,5,0,0,random_or_none,4,dusty,0.976,260,0,0,0,0,0,0,0,extreme_weather,2,100,91
5/6/2025 8:00,100,1,Tuesday,5,0,0,random_or_none,2,cold,0.258,260,0,0,0,0,0,0,0,normal,0,108,98
5/6/2025 9:00,108,1,Tuesday,5,0,0,random_or_none,4,dusty,0.873,260,0,0,0,0,0,0,0,extreme_weather,2,105,103
5/6/2025 10:00,105,1,Tuesday,5,0,0,random_or_none,0,sunny,0.235,260,0,0,0,0,0,0,0,normal,0,104,111
5/6/2025 11:00,104,1,Tuesday,5,0,0,random_or_none,0,sunny,0.255,260,0,0,0,0,0,0,0,normal,0,109,111
5/6/2025 12:00,109,1,Tuesday,5,0,0,random_or_none,3,hot,0.915,260,0,0,0,0,0,0,0,extreme_weather,2,119,119
5/6/2025 13:00,119,1,Tuesday,5,0,0,random_or_none,4,dusty,0.773,260,0,0,0,0,0,0,0,extreme_weather,2,122,125
5/6/2025 14:00,122,1,Tuesday,5,0,0,random_or_none,4,dusty,0.865,260,0,0,0,0,0,0,0,extreme_weather,2,119,127
5/6/2025 15:00,119,1,Tuesday,5,0,0,random_or_none,0,sunny,0.008,260,0,0,0,0,0,0,0,normal,0,122,130
5/6/2025 16:00,122,1,Tuesday,5,0,0,random_or_none,0,sunny,0.178,260,0,0,0,0,0,0,0,normal,0,123,130
5/6/2025 17:00,123,1,Tuesday,5,0,0,random_or_none,1,rainy,0.39,260,0,0,0,0,0,0,0,normal,0,124,122
5/6/2025 18:00,124,1,Tuesday,5,0,0,random_or_none,0,sunny,0.052,260,0,0,0,0,0,0,0,normal,0,113,119
5/6/2025 19:00,113,1,Tuesday,5,0,0,random_or_none,0,sunny,0.317,260,0,0,0,0,0,0,0,normal,0,113,119
5/6/2025 20:00,113,1,Tuesday,5,0,0,random_or_none,4,dusty,0.691,260,0,0,0,0,0,0,0,normal,0,105,113
5/6/2025 21:00,105,1,Tuesday,5,0,0,random_or_none,0,sunny,0.218,260,0,0,0,0,0,0,0,normal,0,106,103
5/6/2025 22:00,106,1,Tuesday,5,0,0,random_or_none,3,hot,0.77,260,0,0,0,0,0,0,0,extreme_weather,2,95,96
5/6/2025 23:00,95,1,Tuesday,5,0,0,random_or_none,0,sunny,0.145,260,0,0,0,0,0,0,0,normal,0,71,88
5/7/2025 0:00,71,2,Wednesday,5,0,0,random_or_none,0,sunny,0.13,260,0,0,0,0,0,0,0,normal,0,74,82
5/7/2025 1:00,74,2,Wednesday,5,0,0,random_or_none,1,rainy,0.467,260,0,0,0,0,0,0,0,normal,0,71,80
5/7/2025 2:00,71,2,Wednesday,5,0,0,random_or_none,0,sunny,0.082,260,0,0,0,0,0,0,0,normal,0,70,78
5/7/2025 3:00,70,2,Wednesday,5,0,0,random_or_none,3,hot,0.625,260,0,0,0,0,0,0,0,normal,0,72,66
5/7/2025 4:00,72,2,Wednesday,5,0,0,random_or_none,0,sunny,0.029,260,0,0,0,0,0,0,0,normal,0,80,76
5/7/2025 5:00,80,2,Wednesday,5,0,0,random_or_none,5,windy,0.851,260,0,0,0,0,0,0,0,extreme_weather,2,87,75
5/7/2025 6:00,87,2,Wednesday,5,0,0,random_or_none,4,dusty,0.372,260,0,0,0,0,0,0,0,normal,0,91,79
5/7/2025 7:00,91,2,Wednesday,5,0,0,random_or_none,5,windy,0.659,260,0,0,0,0,0,0,0,normal,0,98,87
5/7/2025 8:00,98,2,Wednesday,5,0,0,random_or_none,4,dusty,0.763,260,0,0,0,0,0,0,0,extreme_weather,2,103,93
5/7/2025 9:00,103,2,Wednesday,5,0,0,random_or_none,2,cold,0.162,260,0,0,0,0,0,0,0,normal,0,111,97
5/7/2025 10:00,111,2,Wednesday,5,0,0,random_or_none,0,sunny,0.323,260,0,0,0,0,0,0,0,normal,0,111,103
5/7/2025 11:00,111,2,Wednesday,5,0,0,random_or_none,3,hot,0.364,260,0,0,0,0,0,0,0,normal,0,119,117
5/7/2025 12:00,119,2,Wednesday,5,0,0,random_or_none,5,windy,0.204,260,0,0,0,0,0,0,0,normal,0,125,120
5/7/2025 13:00,125,2,Wednesday,5,0,0,random_or_none,5,windy,0.268,260,0,0,0,0,0,0,0,normal,0,127,126
5/7/2025 14:00,127,2,Wednesday,5,0,0,random_or_none,3,hot,0.547,260,0,0,0,0,0,0,0,normal,0,130,125
5/7/2025 15:00,130,2,Wednesday,5,0,0,random_or_none,0,sunny,0.057,260,0,0,0,0,0,0,0,normal,0,130,126
5/7/2025 16:00,130,2,Wednesday,5,0,0,random_or_none,3,hot,0.911,260,0,0,0,0,0,0,0,extreme_weather,2,122,118
5/7/2025 17:00,122,2,Wednesday,5,0,0,random_or_none,0,sunny,0.326,260,0,0,0,0,0,0,0,normal,0,119,128
5/7/2025 18:00,119,2,Wednesday,5,0,0,random_or_none,5,windy,0.65,260,0,0,0,0,0,0,0,normal,0,119,129
5/7/2025 19:00,119,2,Wednesday,5,0,0,random_or_none,0,sunny,0.021,260,0,0,0,0,0,0,0,normal,0,113,122
5/7/2025 20:00,113,2,Wednesday,5,0,0,random_or_none,0,sunny,0.349,260,0,0,0,0,0,0,0,normal,0,103,116
5/7/2025 21:00,103,2,Wednesday,5,0,0,random_or_none,0,sunny,0.112,260,0,0,0,0,0,0,0,normal,0,96,105
5/7/2025 22:00,96,2,Wednesday,5,0,0,random_or_none,3,hot,0.478,260,0,0,0,0,0,0,0,normal,0,88,110
5/7/2025 23:00,88,2,Wednesday,5,0,0,random_or_none,4,dusty,0.583,260,0,0,0,0,0,0,0,normal,0,82,103
5/8/2025 0:00,82,3,Thursday,5,0,0,random_or_none,3,hot,0.441,260,0,0,0,0,0,0,0,normal,0,80,88
5/8/2025 1:00,80,3,Thursday,5,0,0,random_or_none,5,windy,0.753,260,0,0,0,0,0,0,0,extreme_weather,2,78,86
5/8/2025 2:00,78,3,Thursday,5,0,0,random_or_none,5,windy,0.498,260,0,0,0,0,0,0,0,normal,0,66,128
5/8/2025 3:00,66,3,Thursday,5,0,0,random_or_none,0,sunny,0.286,260,0,0,0,0,0,0,0,normal,0,76,106
5/8/2025 4:00,76,3,Thursday,5,0,0,random_or_none,4,dusty,0.888,260,0,0,0,0,0,0,0,extreme_weather,2,75,97
5/8/2025 5:00,75,3,Thursday,5,0,0,random_or_none,5,windy,0.273,260,0,0,0,0,0,0,0,normal,0,79,96
5/8/2025 6:00,79,3,Thursday,5,0,0,random_or_none,0,sunny,0.306,260,0,0,0,0,0,0,0,normal,0,87,95
5/8/2025 7:00,87,3,Thursday,5,0,0,random_or_none,3,hot,0.546,260,0,0,0,0,0,0,0,normal,0,93,93
5/8/2025 8:00,93,3,Thursday,5,0,0,random_or_none,0,sunny,0.063,260,0,0,0,0,0,0,0,normal,0,97,94
5/8/2025 9:00,97,3,Thursday,5,0,0,random_or_none,0,sunny,0.215,260,0,0,0,0,0,0,0,normal,0,103,105
5/8/2025 10:00,103,3,Thursday,5,0,0,random_or_none,0,sunny,0.27,260,0,0,0,0,0,0,0,normal,0,117,106
5/8/2025 11:00,117,3,Thursday,5,0,0,random_or_none,4,dusty,1,260,0,0,0,0,0,0,0,extreme_weather,2,120,106
5/8/2025 12:00,120,3,Thursday,5,0,0,random_or_none,0,sunny,0.185,260,0,0,0,0,0,0,0,normal,0,126,214
5/8/2025 13:00,126,3,Thursday,5,0,0,random_or_none,4,dusty,0.804,260,0,0,0,0,0,0,0,extreme_weather,2,125,167
5/8/2025 14:00,125,3,Thursday,5,0,0,random_or_none,3,hot,0.382,260,0,0,0,0,0,0,0,normal,0,126,140
5/8/2025 15:00,126,3,Thursday,5,0,0,random_or_none,0,sunny,0.206,260,0,0,0,0,0,0,0,normal,0,118,137
5/8/2025 16:00,118,3,Thursday,5,0,0,random_or_none,0,sunny,0.29,260,0,0,0,0,0,0,0,normal,0,128,136
5/8/2025 17:00,128,3,Thursday,5,0,0,random_or_none,3,hot,0.888,260,0,0,0,0,0,0,0,extreme_weather,2,129,136
5/8/2025 18:00,129,3,Thursday,5,0,0,random_or_none,0,sunny,0.093,260,0,0,0,0,0,0,0,normal,0,122,143
5/8/2025 19:00,122,3,Thursday,5,0,0,random_or_none,3,hot,0.614,260,0,0,0,0,0,0,0,normal,0,116,132
5/8/2025 20:00,116,3,Thursday,5,0,0,random_or_none,0,sunny,0.08,260,0,0,0,0,0,0,0,normal,0,105,123
5/8/2025 21:00,105,3,Thursday,5,0,0,random_or_none,0,sunny,0.017,260,0,0,0,0,0,0,0,normal,0,110,116
5/8/2025 22:00,110,3,Thursday,5,0,0,random_or_none,4,dusty,0.786,260,0,0,0,0,0,0,0,extreme_weather,2,103,135
5/8/2025 23:00,103,3,Thursday,5,0,0,random_or_none,4,dusty,0.943,260,0,0,0,0,0,0,0,extreme_weather,2,88,111
5/9/2025 0:00,88,4,Friday,5,0,0,random_or_none,3,hot,0.547,260,0,0,0,0,0,0,0,normal,0,86,84
5/9/2025 1:00,86,4,Friday,5,0,0,random_or_none,4,dusty,1,260,0,0,0,0,0,0,0,extreme_weather,2,128,68
5/9/2025 2:00,128,4,Friday,5,0,0,random_or_none,4,dusty,0.481,260,0,1,105.39,0,0,0,0,emergency_spike,5,106,63
5/9/2025 3:00,106,4,Friday,5,0,0,random_or_none,3,hot,0.23,260,0,0,0,0,0,0,0,normal,0,97,59
5/9/2025 4:00,97,4,Friday,5,0,0,random_or_none,4,dusty,0.421,260,0,0,0,0,0,0,0,normal,0,96,64
5/9/2025 5:00,96,4,Friday,5,0,0,random_or_none,4,dusty,0.636,260,0,0,0,0,0,0,0,normal,0,95,67
5/9/2025 6:00,95,4,Friday,5,0,0,random_or_none,2,cold,0.619,260,0,0,0,0,0,0,0,normal,0,93,66
5/9/2025 7:00,93,4,Friday,5,0,0,random_or_none,0,sunny,0.328,260,0,0,0,0,0,0,0,normal,0,94,69
5/9/2025 8:00,94,4,Friday,5,0,0,random_or_none,0,sunny,0.27,260,0,0,0,0,0,0,0,normal,0,105,75
5/9/2025 9:00,105,4,Friday,5,0,0,random_or_none,4,dusty,0.578,260,0,0,0,0,0,0,0,normal,0,106,85
5/9/2025 10:00,106,4,Friday,5,0,0,random_or_none,3,hot,0.559,260,0,0,0,0,0,0,0,normal,0,106,90
5/9/2025 11:00,106,4,Friday,5,0,0,random_or_none,0,sunny,0.032,260,0,0,0,0,0,0,0,normal,0,214,95
5/9/2025 12:00,214,4,Friday,5,0,0,random_or_none,4,dusty,0.697,260,0,1,209.17,0,0,0,0,emergency_spike,5,167,109
5/9/2025 13:00,167,4,Friday,5,0,0,random_or_none,0,sunny,0.022,260,0,0,0,0,0,0,0,normal,0,140,111
5/9/2025 14:00,140,4,Friday,5,0,0,random_or_none,0,sunny,0.285,260,0,0,0,0,0,0,0,normal,0,137,108
5/9/2025 15:00,137,4,Friday,5,0,0,random_or_none,3,hot,0.174,260,0,0,0,0,0,0,0,normal,0,136,116
5/9/2025 16:00,136,4,Friday,5,0,0,random_or_none,4,dusty,0.695,260,0,0,0,0,0,0,0,normal,0,136,121
5/9/2025 17:00,136,4,Friday,5,0,0,random_or_none,3,hot,0.537,260,0,0,0,0,0,0,0,normal,0,143,116
5/9/2025 18:00,143,4,Friday,5,0,0,random_or_none,4,dusty,1,260,0,0,0,0,0,0,0,extreme_weather,2,132,114
5/9/2025 19:00,132,4,Friday,5,0,0,random_or_none,3,hot,0.516,260,0,0,0,0,0,0,0,normal,0,123,107
5/9/2025 20:00,123,4,Friday,5,0,0,random_or_none,0,sunny,0.315,260,0,0,0,0,0,0,0,normal,0,116,105
5/9/2025 21:00,116,4,Friday,5,0,0,random_or_none,0,sunny,0.233,260,0,0,0,0,0,0,0,normal,0,135,100
5/9/2025 22:00,135,4,Friday,5,0,0,random_or_none,0,sunny,0.262,260,0,1,72.96,0,0,0,0,emergency_spike,5,111,83
5/9/2025 23:00,111,4,Friday,5,0,0,random_or_none,0,sunny,0.182,260,0,0,0,0,0,0,0,normal,0,84,75
5/10/2025 0:00,84,5,Saturday,5,1,0,random_or_none,3,hot,0.529,260,0,0,0,0,0,0,0,normal,0,68,67
5/10/2025 1:00,68,5,Saturday,5,1,0,random_or_none,0,sunny,0.284,260,0,0,0,0,0,0,0,normal,0,63,57
5/10/2025 2:00,63,5,Saturday,5,1,0,random_or_none,3,hot,0.347,260,0,0,0,0,0,0,0,normal,0,59,61
5/10/2025 3:00,59,5,Saturday,5,1,0,random_or_none,0,sunny,0.329,260,0,0,0,0,0,0,0,normal,0,64,73
5/10/2025 4:00,64,5,Saturday,5,1,0,random_or_none,2,cold,0.622,260,0,0,0,0,0,0,0,normal,0,67,63
5/10/2025 5:00,67,5,Saturday,5,1,0,random_or_none,5,windy,0.886,260,0,0,0,0,0,0,0,extreme_weather,2,66,64
5/10/2025 6:00,66,5,Saturday,5,1,0,random_or_none,0,sunny,0.174,260,0,0,0,0,0,0,0,normal,0,69,71
5/10/2025 7:00,69,5,Saturday,5,1,0,random_or_none,0,sunny,0.065,260,0,0,0,0,0,0,0,normal,0,75,76
5/10/2025 8:00,75,5,Saturday,5,1,0,random_or_none,0,sunny,0.184,260,0,0,0,0,0,0,0,normal,0,85,76
5/10/2025 9:00,85,5,Saturday,5,1,0,random_or_none,2,cold,0.676,260,0,0,0,0,0,0,0,normal,0,90,77
5/10/2025 10:00,90,5,Saturday,5,1,0,random_or_none,0,sunny,0.202,260,0,0,0,0,0,0,0,normal,0,95,89
5/10/2025 11:00,95,5,Saturday,5,1,0,random_or_none,0,sunny,0.266,260,0,0,0,0,0,0,0,normal,0,109,95
5/10/2025 12:00,109,5,Saturday,5,1,0,random_or_none,1,rainy,0.214,260,0,0,0,0,0,0,0,normal,0,111,102
5/10/2025 13:00,111,5,Saturday,5,1,0,random_or_none,3,hot,0.875,260,0,0,0,0,0,0,0,extreme_weather,2,108,112
5/10/2025 14:00,108,5,Saturday,5,1,0,random_or_none,0,sunny,0.141,260,0,0,0,0,0,0,0,normal,0,116,149
5/10/2025 15:00,116,5,Saturday,5,1,0,random_or_none,0,sunny,0.117,260,0,0,0,0,0,0,0,normal,0,121,134
5/10/2025 16:00,121,5,Saturday,5,1,0,random_or_none,0,sunny,0.033,260,0,0,0,0,0,0,0,normal,0,116,122
5/10/2025 17:00,116,5,Saturday,5,1,0,random_or_none,0,sunny,0.283,260,0,0,0,0,0,0,0,normal,0,114,119
5/10/2025 18:00,114,5,Saturday,5,1,0,random_or_none,0,sunny,0.056,260,0,0,0,0,0,0,0,normal,0,107,111
5/10/2025 19:00,107,5,Saturday,5,1,0,random_or_none,0,sunny,0.065,260,0,0,0,0,0,0,0,normal,0,105,107
5/10/2025 20:00,105,5,Saturday,5,1,0,random_or_none,4,dusty,0.45,260,0,0,0,0,0,0,0,normal,0,100,102
5/10/2025 21:00,100,5,Saturday,5,1,0,random_or_none,4,dusty,0.969,260,0,0,0,0,0,0,0,extreme_weather,2,83,95
5/10/2025 22:00,83,5,Saturday,5,1,0,random_or_none,0,sunny,0.238,260,0,0,0,0,0,0,0,normal,0,75,89
5/10/2025 23:00,75,5,Saturday,5,1,0,random_or_none,5,windy,0.519,260,0,0,0,0,0,0,0,normal,0,67,77
5/11/2025 0:00,67,6,Sunday,5,1,0,random_or_none,0,sunny,0.215,260,0,0,0,0,0,0,0,normal,0,57,79
5/11/2025 1:00,57,6,Sunday,5,1,0,random_or_none,0,sunny,0.341,260,0,0,0,0,0,0,0,normal,0,61,85
5/11/2025 2:00,61,6,Sunday,5,1,0,random_or_none,3,hot,0.365,260,0,0,0,0,0,0,0,normal,0,73,85
5/11/2025 3:00,73,6,Sunday,5,1,0,random_or_none,0,sunny,0.212,260,0,1,45.39,0,0,0,0,emergency_spike,5,63,144
5/11/2025 4:00,63,6,Sunday,5,1,0,random_or_none,3,hot,0.747,260,0,0,0,0,0,0,0,normal,0,64,120
5/11/2025 5:00,64,6,Sunday,5,1,0,random_or_none,3,hot,0.924,260,0,0,0,0,0,0,0,extreme_weather,2,71,112
5/11/2025 6:00,71,6,Sunday,5,1,0,random_or_none,4,dusty,0.461,260,0,0,0,0,0,0,0,normal,0,76,96
5/11/2025 7:00,76,6,Sunday,5,1,0,random_or_none,1,rainy,0.371,260,0,0,0,0,0,0,0,normal,0,76,91
5/11/2025 8:00,76,6,Sunday,5,1,0,random_or_none,0,sunny,0.074,260,0,0,0,0,0,0,0,normal,0,77,91
5/11/2025 9:00,77,6,Sunday,5,1,0,random_or_none,0,sunny,0.156,260,0,0,0,0,0,0,0,normal,0,89,98
5/11/2025 10:00,89,6,Sunday,5,1,0,random_or_none,3,hot,0.249,260,0,0,0,0,0,0,0,normal,0,95,107
5/11/2025 11:00,95,6,Sunday,5,1,0,random_or_none,3,hot,0.37,260,0,0,0,0,0,0,0,normal,0,102,115
5/11/2025 12:00,102,6,Sunday,5,1,0,random_or_none,5,windy,0.259,260,0,0,0,0,0,0,0,normal,0,112,122
5/11/2025 13:00,112,6,Sunday,5,1,0,random_or_none,1,rainy,0.344,260,0,0,0,0,0,0,0,normal,0,149,121
5/11/2025 14:00,149,6,Sunday,5,1,0,random_or_none,0,sunny,0.017,260,0,1,70.52,0,0,0,0,emergency_spike,5,134,123
5/11/2025 15:00,134,6,Sunday,5,1,0,random_or_none,0,sunny,0.161,260,0,0,0,0,0,0,0,normal,0,122,130
5/11/2025 16:00,122,6,Sunday,5,1,0,random_or_none,0,sunny,0.308,260,0,0,0,0,0,0,0,normal,0,119,131
5/11/2025 17:00,119,6,Sunday,5,1,0,random_or_none,0,sunny,0.275,260,0,0,0,0,0,0,0,normal,0,111,210
5/11/2025 18:00,111,6,Sunday,5,1,0,random_or_none,3,hot,0.428,260,0,0,0,0,0,0,0,normal,0,107,183
5/11/2025 19:00,107,6,Sunday,5,1,0,random_or_none,0,sunny,0.167,260,0,0,0,0,0,0,0,normal,0,102,157
5/11/2025 20:00,102,6,Sunday,5,1,0,random_or_none,0,sunny,0.077,260,0,0,0,0,0,0,0,normal,0,95,139
5/11/2025 21:00,95,6,Sunday,5,1,0,random_or_none,3,hot,0.325,260,0,0,0,0,0,0,0,normal,0,89,120
5/11/2025 22:00,89,6,Sunday,5,1,0,random_or_none,3,hot,0.897,260,0,0,0,0,0,0,0,extreme_weather,2,77,140
5/11/2025 23:00,77,6,Sunday,5,1,0,random_or_none,4,dusty,0.553,260,0,0,0,0,0,0,0,normal,0,79,113
5/12/2025 0:00,79,0,Monday,5,0,0,random_or_none,4,dusty,0.35,260,0,0,0,0,0,0,0,normal,0,85,103
5/12/2025 1:00,85,0,Monday,5,0,0,random_or_none,4,dusty,0.919,260,0,0,0,0,0,0,0,extreme_weather,2,85,93
5/12/2025 2:00,85,0,Monday,5,0,0,random_or_none,3,hot,0.789,260,0,0,0,0,0,0,0,extreme_weather,2,144,76
5/12/2025 3:00,144,0,Monday,5,0,0,random_or_none,3,hot,0.269,260,0,1,131,0,0,0,0,emergency_spike,5,120,67
5/12/2025 4:00,120,0,Monday,5,0,0,random_or_none,4,dusty,0.616,260,0,0,0,0,0,0,0,normal,0,112,72
5/12/2025 5:00,112,0,Monday,5,0,0,random_or_none,4,dusty,0.673,260,0,0,0,0,0,0,0,normal,0,96,78
5/12/2025 6:00,96,0,Monday,5,0,0,random_or_none,0,sunny,0.141,260,0,0,0,0,0,0,0,normal,0,91,80
5/12/2025 7:00,91,0,Monday,5,0,0,random_or_none,0,sunny,0.165,260,0,0,0,0,0,0,0,normal,0,91,85
5/12/2025 8:00,91,0,Monday,5,0,0,random_or_none,0,sunny,0.016,260,0,0,0,0,0,0,0,normal,0,98,101
5/12/2025 9:00,98,0,Monday,5,0,0,random_or_none,0,sunny,0.08,260,0,0,0,0,0,0,0,normal,0,107,103
5/12/2025 10:00,107,0,Monday,5,0,0,random_or_none,0,sunny,0.027,260,0,0,0,0,0,0,0,normal,0,115,103
5/12/2025 11:00,115,0,Monday,5,0,0,random_or_none,0,sunny,0.163,260,0,0,0,0,0,0,0,normal,0,122,112
5/12/2025 12:00,122,0,Monday,5,0,0,random_or_none,4,dusty,0.475,260,0,0,0,0,0,0,0,normal,0,121,119
5/12/2025 13:00,121,0,Monday,5,0,0,random_or_none,0,sunny,0.13,260,0,0,0,0,0,0,0,normal,0,123,115
5/12/2025 14:00,123,0,Monday,5,0,0,random_or_none,0,sunny,0.206,260,0,0,0,0,0,0,0,normal,0,130,129
5/12/2025 15:00,130,0,Monday,5,0,0,random_or_none,0,sunny,0.073,260,0,0,0,0,0,0,0,normal,0,131,133
5/12/2025 16:00,131,0,Monday,5,0,0,random_or_none,0,sunny,0.042,260,0,0,0,0,0,0,0,normal,0,210,137
5/12/2025 17:00,210,0,Monday,5,0,0,random_or_none,3,hot,0.759,260,0,1,176.24,0,0,0,0,emergency_spike,5,183,133
5/12/2025 18:00,183,0,Monday,5,0,0,random_or_none,3,hot,0.676,260,0,0,0,0,0,0,0,normal,0,157,123
5/12/2025 19:00,157,0,Monday,5,0,0,random_or_none,5,windy,0.312,260,0,0,0,0,0,0,0,normal,0,139,122
5/12/2025 20:00,139,0,Monday,5,0,0,random_or_none,0,sunny,0.031,260,0,0,0,0,0,0,0,normal,0,120,115
5/12/2025 21:00,120,0,Monday,5,0,0,random_or_none,0,sunny,0.122,260,0,0,0,0,0,0,0,normal,0,140,109
5/12/2025 22:00,140,0,Monday,5,0,0,random_or_none,3,hot,0.707,260,0,1,64.53,0,0,0,0,emergency_spike,5,113,97
5/12/2025 23:00,113,0,Monday,5,0,0,random_or_none,0,sunny,0.06,260,0,0,0,0,0,0,0,normal,0,103,88
5/13/2025 0:00,103,1,Tuesday,5,0,0,random_or_none,4,dusty,0.829,260,0,0,0,0,0,0,0,extreme_weather,2,93,86
5/13/2025 1:00,93,1,Tuesday,5,0,0,random_or_none,3,hot,0.331,260,0,0,0,0,0,0,0,normal,0,76,81
5/13/2025 2:00,76,1,Tuesday,5,0,0,random_or_none,0,sunny,0.319,260,0,0,0,0,0,0,0,normal,0,67,81
5/13/2025 3:00,67,1,Tuesday,5,0,0,random_or_none,0,sunny,0.24,260,0,0,0,0,0,0,0,normal,0,72,73
5/13/2025 4:00,72,1,Tuesday,5,0,0,random_or_none,0,sunny,0.315,260,0,0,0,0,0,0,0,normal,0,78,73
5/13/2025 5:00,78,1,Tuesday,5,0,0,random_or_none,3,hot,0.698,260,0,0,0,0,0,0,0,normal,0,80,73
5/13/2025 6:00,80,1,Tuesday,5,0,0,random_or_none,0,sunny,0.268,260,0,0,0,0,0,0,0,normal,0,85,118
5/13/2025 7:00,85,1,Tuesday,5,0,0,random_or_none,0,sunny,0.284,260,0,0,0,0,0,0,0,normal,0,101,107
5/13/2025 8:00,101,1,Tuesday,5,0,0,random_or_none,3,hot,0.594,260,0,0,0,0,0,0,0,normal,0,103,102
5/13/2025 9:00,103,1,Tuesday,5,0,0,random_or_none,5,windy,0.838,260,0,0,0,0,0,0,0,extreme_weather,2,103,103
5/13/2025 10:00,103,1,Tuesday,5,0,0,random_or_none,5,windy,0.268,260,0,0,0,0,0,0,0,normal,0,112,99
5/13/2025 11:00,112,1,Tuesday,5,0,0,random_or_none,1,rainy,0.49,260,0,0,0,0,0,0,0,normal,0,119,106
5/13/2025 12:00,119,1,Tuesday,5,0,0,random_or_none,4,dusty,0.498,260,0,0,0,0,0,0,0,normal,0,115,109
5/13/2025 13:00,115,1,Tuesday,5,0,0,random_or_none,0,sunny,0.142,260,0,0,0,0,0,0,0,normal,0,129,108
5/13/2025 14:00,129,1,Tuesday,5,0,0,random_or_none,3,hot,0.892,260,0,0,0,0,0,0,0,extreme_weather,2,133,122
5/13/2025 15:00,133,1,Tuesday,5,0,0,random_or_none,5,windy,0.322,260,0,0,0,0,0,0,0,normal,0,137,132
5/13/2025 16:00,137,1,Tuesday,5,0,0,random_or_none,1,rainy,0.241,260,0,0,0,0,0,0,0,normal,0,133,124
5/13/2025 17:00,133,1,Tuesday,5,0,0,random_or_none,4,dusty,0.429,260,0,0,0,0,0,0,0,normal,0,123,123
5/13/2025 18:00,123,1,Tuesday,5,0,0,random_or_none,0,sunny,0.044,260,0,0,0,0,0,0,0,normal,0,122,119
5/13/2025 19:00,122,1,Tuesday,5,0,0,random_or_none,5,windy,0.331,260,0,0,0,0,0,0,0,normal,0,115,115
5/13/2025 20:00,115,1,Tuesday,5,0,0,random_or_none,0,sunny,0.188,260,0,0,0,0,0,0,0,normal,0,109,119
5/13/2025 21:00,109,1,Tuesday,5,0,0,random_or_none,0,sunny,0.15,260,0,0,0,0,0,0,0,normal,0,97,117
5/13/2025 22:00,97,1,Tuesday,5,0,0,random_or_none,0,sunny,0.281,260,0,0,0,0,0,0,0,normal,0,88,109
5/13/2025 23:00,88,1,Tuesday,5,0,0,random_or_none,3,hot,0.207,260,0,0,0,0,0,0,0,normal,0,86,99
5/14/2025 0:00,86,2,Wednesday,5,0,0,random_or_none,3,hot,0.74,260,0,0,0,0,0,0,0,normal,0,81,93
5/14/2025 1:00,81,2,Wednesday,5,0,0,random_or_none,5,windy,0.172,260,0,0,0,0,0,0,0,normal,0,81,87
5/14/2025 2:00,81,2,Wednesday,5,0,0,random_or_none,4,dusty,0.935,260,0,0,0,0,0,0,0,extreme_weather,2,73,73
5/14/2025 3:00,73,2,Wednesday,5,0,0,random_or_none,0,sunny,0.26,260,0,0,0,0,0,0,0,normal,0,73,79
5/14/2025 4:00,73,2,Wednesday,5,0,0,random_or_none,0,sunny,0.241,260,0,0,0,0,0,0,0,normal,0,73,130
5/14/2025 5:00,73,2,Wednesday,5,0,0,random_or_none,5,windy,0.636,260,0,0,0,0,0,0,0,normal,0,118,110
5/14/2025 6:00,118,2,Wednesday,5,0,0,random_or_none,3,hot,0.925,260,0,1,84.58,0,0,0,0,emergency_spike,5,107,103
5/14/2025 7:00,107,2,Wednesday,5,0,0,random_or_none,0,sunny,0.32,260,0,0,0,0,0,0,0,normal,0,102,102
5/14/2025 8:00,102,2,Wednesday,5,0,0,random_or_none,4,dusty,0.458,260,0,0,0,0,0,0,0,normal,0,103,104
5/14/2025 9:00,103,2,Wednesday,5,0,0,random_or_none,3,hot,0.543,260,0,0,0,0,0,0,0,normal,0,99,107
5/14/2025 10:00,99,2,Wednesday,5,0,0,random_or_none,0,sunny,0.062,260,0,0,0,0,0,0,0,normal,0,106,107
5/14/2025 11:00,106,2,Wednesday,5,0,0,random_or_none,0,sunny,0.164,260,0,0,0,0,0,0,0,normal,0,109,108
5/14/2025 12:00,109,2,Wednesday,5,0,0,random_or_none,3,hot,0.185,260,0,0,0,0,0,0,0,normal,0,108,108
5/14/2025 13:00,108,2,Wednesday,5,0,0,random_or_none,0,sunny,0.223,260,0,0,0,0,0,0,0,normal,0,122,113
5/14/2025 14:00,122,2,Wednesday,5,0,0,random_or_none,4,dusty,0.479,260,0,0,0,0,0,0,0,normal,0,132,119
5/14/2025 15:00,132,2,Wednesday,5,0,0,random_or_none,4,dusty,0.782,260,0,0,0,0,0,0,0,extreme_weather,2,124,123
5/14/2025 16:00,124,2,Wednesday,5,0,0,random_or_none,0,sunny,0.109,260,0,0,0,0,0,0,0,normal,0,123,132
5/14/2025 17:00,123,2,Wednesday,5,0,0,random_or_none,3,hot,0.182,260,0,0,0,0,0,0,0,normal,0,119,128
5/14/2025 18:00,119,2,Wednesday,5,0,0,random_or_none,0,sunny,0.084,260,0,0,0,0,0,0,0,normal,0,115,120
5/14/2025 19:00,115,2,Wednesday,5,0,0,random_or_none,0,sunny,0.35,260,0,0,0,0,0,0,0,normal,0,119,114
5/14/2025 20:00,119,2,Wednesday,5,0,0,random_or_none,4,dusty,1,260,0,0,0,0,0,0,0,extreme_weather,2,117,108
5/14/2025 21:00,117,2,Wednesday,5,0,0,random_or_none,4,dusty,1,260,0,0,0,0,0,0,0,extreme_weather,2,109,104
5/14/2025 22:00,109,2,Wednesday,5,0,0,random_or_none,3,hot,0.862,260,0,0,0,0,0,0,0,extreme_weather,2,99,94
5/14/2025 23:00,99,2,Wednesday,5,0,0,random_or_none,4,dusty,1,260,0,0,0,0,0,0,0,extreme_weather,2,93,155
5/15/2025 0:00,93,3,Thursday,5,0,0,random_or_none,3,hot,0.854,260,0,0,0,0,0,0,0,extreme_weather,2,87,117
5/15/2025 1:00,87,3,Thursday,5,0,0,random_or_none,0,sunny,0.227,260,0,0,0,0,0,0,0,normal,0,73,95
5/15/2025 2:00,73,3,Thursday,5,0,0,random_or_none,0,sunny,0.236,260,0,0,0,0,0,0,0,normal,0,79,84
5/15/2025 3:00,79,3,Thursday,5,0,0,random_or_none,4,dusty,0.738,260,0,0,0,0,0,0,0,normal,0,130,73
5/15/2025 4:00,130,3,Thursday,5,0,0,random_or_none,0,sunny,0.104,260,0,1,122.68,0,0,0,0,emergency_spike,5,110,70
5/15/2025 5:00,110,3,Thursday,5,0,0,random_or_none,4,dusty,0.948,260,0,0,0,0,0,0,0,extreme_weather,2,103,71
5/15/2025 6:00,103,3,Thursday,5,0,0,random_or_none,1,rainy,0.351,260,0,0,0,0,0,0,0,normal,0,102,75
5/15/2025 7:00,102,3,Thursday,5,0,0,random_or_none,1,rainy,0.655,260,0,0,0,0,0,0,0,normal,0,104,90
5/15/2025 8:00,104,3,Thursday,5,0,0,random_or_none,1,rainy,0.449,260,0,0,0,0,0,0,0,normal,0,107,105
5/15/2025 9:00,107,3,Thursday,5,0,0,random_or_none,4,dusty,0.846,260,0,0,0,0,0,0,0,extreme_weather,2,107,106
5/15/2025 10:00,107,3,Thursday,5,0,0,random_or_none,0,sunny,0.067,260,0,0,0,0,0,0,0,normal,0,108,112
5/15/2025 11:00,108,3,Thursday,5,0,0,random_or_none,3,hot,0.396,260,0,0,0,0,0,0,0,normal,0,108,111
5/15/2025 12:00,108,3,Thursday,5,0,0,random_or_none,5,windy,0.535,260,0,0,0,0,0,0,0,normal,0,113,115
5/15/2025 13:00,113,3,Thursday,5,0,0,random_or_none,0,sunny,0.079,260,0,0,0,0,0,0,0,normal,0,119,120
5/15/2025 14:00,119,3,Thursday,5,0,0,random_or_none,0,sunny,0.244,260,0,0,0,0,0,0,0,normal,0,123,123
5/15/2025 15:00,123,3,Thursday,5,0,0,random_or_none,4,dusty,0.442,260,0,0,0,0,0,0,0,normal,0,132,123
5/15/2025 16:00,132,3,Thursday,5,0,0,random_or_none,4,dusty,0.548,260,0,0,0,0,0,0,0,normal,0,128,125
5/15/2025 17:00,128,3,Thursday,5,0,0,random_or_none,0,sunny,0.076,260,0,0,0,0,0,0,0,normal,0,120,120
5/15/2025 18:00,120,3,Thursday,5,0,0,random_or_none,5,windy,0.296,260,0,0,0,0,0,0,0,normal,0,114,174
5/15/2025 19:00,114,3,Thursday,5,0,0,random_or_none,0,sunny,0.255,260,0,0,0,0,0,0,0,normal,0,108,157
5/15/2025 20:00,108,3,Thursday,5,0,0,random_or_none,4,dusty,0.424,260,0,0,0,0,0,0,0,normal,0,104,131
5/15/2025 21:00,104,3,Thursday,5,0,0,random_or_none,0,sunny,0.017,260,0,0,0,0,0,0,0,normal,0,94,127
5/15/2025 22:00,94,3,Thursday,5,0,0,random_or_none,0,sunny,0.032,260,0,0,0,0,0,0,0,normal,0,155,106
5/15/2025 23:00,155,3,Thursday,5,0,0,random_or_none,3,hot,0.95,260,0,1,139.16,0,0,0,0,emergency_spike,5,117,101
5/16/2025 0:00,117,4,Friday,5,0,0,random_or_none,0,sunny,0.027,260,0,0,0,0,0,0,0,normal,0,95,91
5/16/2025 1:00,95,4,Friday,5,0,0,random_or_none,3,hot,0.919,260,0,0,0,0,0,0,0,extreme_weather,2,84,72
5/16/2025 2:00,84,4,Friday,5,0,0,random_or_none,0,sunny,0.336,260,0,0,0,0,0,0,0,normal,0,73,67
5/16/2025 3:00,73,4,Friday,5,0,0,random_or_none,3,hot,0.157,260,0,0,0,0,0,0,0,normal,0,70,69
5/16/2025 4:00,70,4,Friday,5,0,0,random_or_none,0,sunny,0.009,260,0,0,0,0,0,0,0,normal,0,71,62
5/16/2025 5:00,71,4,Friday,5,0,0,random_or_none,0,sunny,0.192,260,0,0,0,0,0,0,0,normal,0,75,67
5/16/2025 6:00,75,4,Friday,5,0,0,random_or_none,3,hot,0.16,260,0,0,0,0,0,0,0,normal,0,90,68
5/16/2025 7:00,90,4,Friday,5,0,0,random_or_none,3,hot,0.733,260,0,0,0,0,0,0,0,normal,0,105,77
5/16/2025 8:00,105,4,Friday,5,0,0,random_or_none,3,hot,0.918,260,0,0,0,0,0,0,0,extreme_weather,2,106,81
5/16/2025 9:00,106,4,Friday,5,0,0,random_or_none,4,dusty,0.635,260,0,0,0,0,0,0,0,normal,0,112,91
5/16/2025 10:00,112,4,Friday,5,0,0,random_or_none,5,windy,0.207,260,0,0,0,0,0,0,0,normal,0,111,93
5/16/2025 11:00,111,4,Friday,5,0,0,random_or_none,3,hot,0.61,260,0,0,0,0,0,0,0,normal,0,115,185
5/16/2025 12:00,115,4,Friday,5,0,0,random_or_none,0,sunny,0.081,260,0,0,0,0,0,0,0,normal,0,120,152
5/16/2025 13:00,120,4,Friday,5,0,0,random_or_none,0,sunny,0.349,260,0,0,0,0,0,0,0,normal,0,123,131
5/16/2025 14:00,123,4,Friday,5,0,0,random_or_none,5,windy,0.268,260,0,0,0,0,0,0,0,normal,0,123,123
5/16/2025 15:00,123,4,Friday,5,0,0,random_or_none,0,sunny,0.096,260,0,0,0,0,0,0,0,normal,0,125,126
5/16/2025 16:00,125,4,Friday,5,0,0,random_or_none,0,sunny,0.089,260,0,0,0,0,0,0,0,normal,0,120,125
5/16/2025 17:00,120,4,Friday,5,0,0,random_or_none,0,sunny,0.188,260,0,0,0,0,0,0,0,normal,0,174,122
5/16/2025 18:00,174,4,Friday,5,0,0,random_or_none,0,sunny,0.128,260,0,1,116.33,0,0,0,0,emergency_spike,5,157,119
5/16/2025 19:00,157,4,Friday,5,0,0,random_or_none,0,sunny,0.338,260,0,0,0,0,0,0,0,normal,0,131,112
5/16/2025 20:00,131,4,Friday,5,0,0,random_or_none,3,hot,0.227,260,0,0,0,0,0,0,0,normal,0,127,106
5/16/2025 21:00,127,4,Friday,5,0,0,random_or_none,1,rainy,0.905,260,0,0,0,0,0,0,0,extreme_weather,2,106,104
5/16/2025 22:00,106,4,Friday,5,0,0,random_or_none,0,sunny,0.31,260,0,0,0,0,0,0,0,normal,0,101,98
5/16/2025 23:00,101,4,Friday,5,0,0,random_or_none,5,windy,0.722,260,0,0,0,0,0,0,0,normal,0,91,88
5/17/2025 0:00,91,5,Saturday,5,1,0,random_or_none,4,dusty,0.446,260,0,0,0,0,0,0,0,normal,0,72,74
5/17/2025 1:00,72,5,Saturday,5,1,0,random_or_none,0,sunny,0.119,260,0,0,0,0,0,0,0,normal,0,67,67
5/17/2025 2:00,67,5,Saturday,5,1,0,random_or_none,0,sunny,0.193,260,0,0,0,0,0,0,0,normal,0,69,57
5/17/2025 3:00,69,5,Saturday,5,1,0,random_or_none,3,hot,0.76,260,0,0,0,0,0,0,0,extreme_weather,2,62,50
5/17/2025 4:00,62,5,Saturday,5,1,0,random_or_none,0,sunny,0.074,260,0,0,0,0,0,0,0,normal,0,67,60
5/17/2025 5:00,67,5,Saturday,5,1,0,random_or_none,0,sunny,0.085,260,0,0,0,0,0,0,0,normal,0,68,60
5/17/2025 6:00,68,5,Saturday,5,1,0,random_or_none,0,sunny,0.185,260,0,0,0,0,0,0,0,normal,0,77,57
5/17/2025 7:00,77,5,Saturday,5,1,0,random_or_none,3,hot,0.684,260,0,0,0,0,0,0,0,normal,0,81,64
5/17/2025 8:00,81,5,Saturday,5,1,0,random_or_none,5,windy,0.252,260,0,0,0,0,0,0,0,normal,0,91,68
5/17/2025 9:00,91,5,Saturday,5,1,0,random_or_none,4,dusty,0.39,260,0,0,0,0,0,0,0,normal,0,93,79
5/17/2025 10:00,93,5,Saturday,5,1,0,random_or_none,4,dusty,0.711,260,0,0,0,0,0,0,0,normal,0,185,121
5/17/2025 11:00,185,5,Saturday,5,1,0,random_or_none,4,dusty,0.492,260,0,1,193.03,0,0,0,0,emergency_spike,5,152,114
5/17/2025 12:00,152,5,Saturday,5,1,0,random_or_none,2,cold,0.537,260,0,0,0,0,0,0,0,normal,0,131,112
5/17/2025 13:00,131,5,Saturday,5,1,0,random_or_none,3,hot,0.651,260,0,0,0,0,0,0,0,normal,0,123,109
5/17/2025 14:00,123,5,Saturday,5,1,0,random_or_none,3,hot,0.451,260,0,0,0,0,0,0,0,normal,0,126,112
5/17/2025 15:00,126,5,Saturday,5,1,0,random_or_none,3,hot,0.63,260,0,0,0,0,0,0,0,normal,0,125,113
5/17/2025 16:00,125,5,Saturday,5,1,0,random_or_none,4,dusty,1,260,0,0,0,0,0,0,0,extreme_weather,2,122,103
5/17/2025 17:00,122,5,Saturday,5,1,0,random_or_none,0,sunny,0.134,260,0,0,0,0,0,0,0,normal,0,119,107
5/17/2025 18:00,119,5,Saturday,5,1,0,random_or_none,0,sunny,0.116,260,0,0,0,0,0,0,0,normal,0,112,110
5/17/2025 19:00,112,5,Saturday,5,1,0,random_or_none,0,sunny,0.217,260,0,0,0,0,0,0,0,normal,0,106,135
5/17/2025 20:00,106,5,Saturday,5,1,0,random_or_none,0,sunny,0.061,260,0,0,0,0,0,0,0,normal,0,104,116
5/17/2025 21:00,104,5,Saturday,5,1,0,random_or_none,5,windy,0.371,260,0,0,0,0,0,0,0,normal,0,98,105
5/17/2025 22:00,98,5,Saturday,5,1,0,random_or_none,1,rainy,0.473,260,0,0,0,0,0,0,0,normal,0,88,99
5/17/2025 23:00,88,5,Saturday,5,1,0,random_or_none,4,dusty,1,260,0,0,0,0,0,0,0,extreme_weather,2,74,80
5/18/2025 0:00,74,6,Sunday,5,1,1,random_or_none,0,sunny,0.267,260,0,0,0,0,0,0,0,holiday,1,67,75
5/18/2025 1:00,67,6,Sunday,5,1,1,random_or_none,4,dusty,0.624,260,0,0,0,0,0,0,0,holiday,1,57,75
5/18/2025 2:00,57,6,Sunday,5,1,1,random_or_none,3,hot,0.326,260,0,0,0,0,0,0,0,holiday,1,50,75
5/18/2025 3:00,50,6,Sunday,5,1,1,random_or_none,0,sunny,0.333,260,0,0,0,0,0,0,0,holiday,1,60,74
5/18/2025 4:00,60,6,Sunday,5,1,1,random_or_none,5,windy,0.718,260,0,0,0,0,0,0,0,holiday,1,60,79
5/18/2025 5:00,60,6,Sunday,5,1,1,random_or_none,5,windy,0.87,260,0,0,0,0,0,0,0,extreme_weather,2,57,79
5/18/2025 6:00,57,6,Sunday,5,1,1,random_or_none,0,sunny,0.05,260,0,0,0,0,0,0,0,holiday,1,64,84
5/18/2025 7:00,64,6,Sunday,5,1,1,random_or_none,3,hot,0.829,260,0,0,0,0,0,0,0,extreme_weather,2,68,87
5/18/2025 8:00,68,6,Sunday,5,1,1,random_or_none,3,hot,0.437,260,0,0,0,0,0,0,0,holiday,1,79,98
5/18/2025 9:00,79,6,Sunday,5,1,1,random_or_none,4,dusty,0.594,260,0,0,0,0,0,0,0,holiday,1,121,99
5/18/2025 10:00,121,6,Sunday,5,1,1,random_or_none,0,sunny,0.29,260,0,1,96.46,0,0,0,0,emergency_spike,5,114,169
5/18/2025 11:00,114,6,Sunday,5,1,1,random_or_none,4,dusty,0.388,260,0,0,0,0,0,0,0,holiday,1,112,165
5/18/2025 12:00,112,6,Sunday,5,1,1,random_or_none,3,hot,0.934,260,0,0,0,0,0,0,0,extreme_weather,2,109,153
5/18/2025 13:00,109,6,Sunday,5,1,1,random_or_none,0,sunny,0.19,260,0,0,0,0,0,0,0,holiday,1,112,147
5/18/2025 14:00,112,6,Sunday,5,1,1,random_or_none,4,dusty,0.559,260,0,0,0,0,0,0,0,holiday,1,113,137
5/18/2025 15:00,113,6,Sunday,5,1,1,random_or_none,1,rainy,0.533,260,0,0,0,0,0,0,0,holiday,1,103,136
5/18/2025 16:00,103,6,Sunday,5,1,1,random_or_none,0,sunny,0.298,260,0,0,0,0,0,0,0,holiday,1,107,123
5/18/2025 17:00,107,6,Sunday,5,1,1,random_or_none,0,sunny,0.019,260,0,0,0,0,0,0,0,holiday,1,110,125
5/18/2025 18:00,110,6,Sunday,5,1,1,random_or_none,4,dusty,0.639,260,0,0,0,0,0,0,0,holiday,1,135,128
5/18/2025 19:00,135,6,Sunday,5,1,1,random_or_none,1,rainy,0.834,260,0,1,63.89,0,0,0,0,emergency_spike,5,116,126
5/18/2025 20:00,116,6,Sunday,5,1,1,random_or_none,3,hot,0.64,260,0,0,0,0,0,0,0,holiday,1,105,127
5/18/2025 21:00,105,6,Sunday,5,1,1,random_or_none,5,windy,0.391,260,0,0,0,0,0,0,0,holiday,1,99,115
5/18/2025 22:00,99,6,Sunday,5,1,1,random_or_none,4,dusty,0.975,260,0,0,0,0,0,0,0,extreme_weather,2,80,106
5/18/2025 23:00,80,6,Sunday,5,1,1,random_or_none,3,hot,0.19,260,0,0,0,0,0,0,0,holiday,1,75,104
5/19/2025 0:00,75,0,Monday,5,0,0,random_or_none,3,hot,0.366,260,0,0,0,0,0,0,0,normal,0,75,87
5/19/2025 1:00,75,0,Monday,5,0,0,random_or_none,0,sunny,0.02,260,0,0,0,0,0,0,0,normal,0,75,83
5/19/2025 2:00,75,0,Monday,5,0,0,random_or_none,5,windy,0.695,260,0,0,0,0,0,0,0,normal,0,74,64
5/19/2025 3:00,74,0,Monday,5,0,0,random_or_none,0,sunny,0.007,260,0,0,0,0,0,0,0,normal,0,79,63
5/19/2025 4:00,79,0,Monday,5,0,0,random_or_none,4,dusty,0.713,260,0,0,0,0,0,0,0,normal,0,79,65
5/19/2025 5:00,79,0,Monday,5,0,0,random_or_none,0,sunny,0.245,260,0,0,0,0,0,0,0,normal,0,84,69
5/19/2025 6:00,84,0,Monday,5,0,0,random_or_none,4,dusty,0.507,260,0,0,0,0,0,0,0,normal,0,87,77
5/19/2025 7:00,87,0,Monday,5,0,0,random_or_none,0,sunny,0.071,260,0,0,0,0,0,0,0,normal,0,98,82
5/19/2025 8:00,98,0,Monday,5,0,0,random_or_none,1,rainy,0.913,260,0,0,0,0,0,0,0,extreme_weather,2,99,88
5/19/2025 9:00,99,0,Monday,5,0,0,random_or_none,0,sunny,0.336,260,0,0,0,0,0,0,0,normal,0,169,98
5/19/2025 10:00,169,0,Monday,5,0,0,random_or_none,3,hot,0.213,260,0,1,133.89,0,0,0,0,emergency_spike,5,165,97
5/19/2025 11:00,165,0,Monday,5,0,0,random_or_none,0,sunny,0.211,260,0,1,45.12,0,0,0,0,emergency_spike,5,153,110
5/19/2025 12:00,153,0,Monday,5,0,0,random_or_none,4,dusty,0.505,260,0,0,0,0,0,0,0,normal,0,147,109
5/19/2025 13:00,147,0,Monday,5,0,0,random_or_none,3,hot,0.426,260,0,0,0,0,0,0,0,normal,0,137,118
5/19/2025 14:00,137,0,Monday,5,0,0,random_or_none,0,sunny,0.026,260,0,0,0,0,0,0,0,normal,0,136,129
5/19/2025 15:00,136,0,Monday,5,0,0,random_or_none,0,sunny,0.336,260,0,0,0,0,0,0,0,normal,0,123,131
5/19/2025 16:00,123,0,Monday,5,0,0,random_or_none,0,sunny,0.049,260,0,0,0,0,0,0,0,normal,0,125,135
5/19/2025 17:00,125,0,Monday,5,0,0,random_or_none,0,sunny,0.096,260,0,0,0,0,0,0,0,normal,0,128,126
5/19/2025 18:00,128,0,Monday,5,0,0,random_or_none,0,sunny,0.072,260,0,0,0,0,0,0,0,normal,0,126,127
5/19/2025 19:00,126,0,Monday,5,0,0,random_or_none,0,sunny,0.05,260,0,0,0,0,0,0,0,normal,0,127,122
5/19/2025 20:00,127,0,Monday,5,0,0,random_or_none,4,dusty,0.776,260,0,0,0,0,0,0,0,extreme_weather,2,115,119
5/19/2025 21:00,115,0,Monday,5,0,0,random_or_none,0,sunny,0.172,260,0,0,0,0,0,0,0,normal,0,106,117
5/19/2025 22:00,106,0,Monday,5,0,0,random_or_none,3,hot,0.296,260,0,0,0,0,0,0,0,normal,0,104,101
5/19/2025 23:00,104,0,Monday,5,0,0,random_or_none,0,sunny,0.2,260,0,0,0,0,0,0,0,normal,0,87,170
5/20/2025 0:00,87,1,Tuesday,5,0,0,random_or_none,5,windy,0.738,260,0,0,0,0,0,0,0,normal,0,83,118
5/20/2025 1:00,83,1,Tuesday,5,0,0,random_or_none,5,windy,0.324,260,0,0,0,0,0,0,0,normal,0,64,94
5/20/2025 2:00,64,1,Tuesday,5,0,0,random_or_none,0,sunny,0.04,260,0,0,0,0,0,0,0,normal,0,63,77
5/20/2025 3:00,63,1,Tuesday,5,0,0,random_or_none,0,sunny,0.118,260,0,0,0,0,0,0,0,normal,0,65,75
5/20/2025 4:00,65,1,Tuesday,5,0,0,random_or_none,0,sunny,0.259,260,0,0,0,0,0,0,0,normal,0,69,66
5/20/2025 5:00,69,1,Tuesday,5,0,0,random_or_none,3,hot,0.472,260,0,0,0,0,0,0,0,normal,0,77,68
5/20/2025 6:00,77,1,Tuesday,5,0,0,random_or_none,0,sunny,0.167,260,0,0,0,0,0,0,0,normal,0,82,71
5/20/2025 7:00,82,1,Tuesday,5,0,0,random_or_none,5,windy,0.539,260,0,0,0,0,0,0,0,normal,0,88,76
5/20/2025 8:00,88,1,Tuesday,5,0,0,random_or_none,5,windy,0.162,260,0,0,0,0,0,0,0,normal,0,98,82
5/20/2025 9:00,98,1,Tuesday,5,0,0,random_or_none,3,hot,0.287,260,0,0,0,0,0,0,0,normal,0,97,92
5/20/2025 10:00,97,1,Tuesday,5,0,0,random_or_none,0,sunny,0.236,260,0,0,0,0,0,0,0,normal,0,110,99
5/20/2025 11:00,110,1,Tuesday,5,0,0,random_or_none,0,sunny,0.272,260,0,0,0,0,0,0,0,normal,0,109,107
5/20/2025 12:00,109,1,Tuesday,5,0,0,random_or_none,0,sunny,0.037,260,0,0,0,0,0,0,0,normal,0,118,102
5/20/2025 13:00,118,1,Tuesday,5,0,0,random_or_none,3,hot,0.766,260,0,0,0,0,0,0,0,extreme_weather,2,129,106
5/20/2025 14:00,129,1,Tuesday,5,0,0,random_or_none,2,cold,0.204,260,0,0,0,0,0,0,0,normal,0,131,116
5/20/2025 15:00,131,1,Tuesday,5,0,0,random_or_none,1,rainy,0.596,260,0,0,0,0,0,0,0,normal,0,135,122
5/20/2025 16:00,135,1,Tuesday,5,0,0,random_or_none,4,dusty,0.52,260,0,0,0,0,0,0,0,normal,0,126,119
5/20/2025 17:00,126,1,Tuesday,5,0,0,random_or_none,1,rainy,0.251,260,0,0,0,0,0,0,0,normal,0,127,116
5/20/2025 18:00,127,1,Tuesday,5,0,0,random_or_none,5,windy,0.749,260,0,0,0,0,0,0,0,normal,0,122,118
5/20/2025 19:00,122,1,Tuesday,5,0,0,random_or_none,5,windy,0.475,260,0,0,0,0,0,0,0,normal,0,119,112
5/20/2025 20:00,119,1,Tuesday,5,0,0,random_or_none,4,dusty,0.583,260,0,0,0,0,0,0,0,normal,0,117,110
5/20/2025 21:00,117,1,Tuesday,5,0,0,random_or_none,5,windy,0.607,260,0,0,0,0,0,0,0,normal,0,101,104
5/20/2025 22:00,101,1,Tuesday,5,0,0,random_or_none,0,sunny,0.029,260,0,0,0,0,0,0,0,normal,0,170,98
5/20/2025 23:00,170,1,Tuesday,5,0,0,random_or_none,1,rainy,0.751,260,0,1,169.07,0,0,0,0,emergency_spike,5,118,89
5/21/2025 0:00,118,2,Wednesday,5,0,1,random_or_none,0,sunny,0.323,260,0,0,0,0,0,0,0,holiday,1,94,77
5/21/2025 1:00,94,2,Wednesday,5,0,1,random_or_none,3,hot,0.581,260,0,0,0,0,0,0,0,holiday,1,77,71
5/21/2025 2:00,77,2,Wednesday,5,0,1,random_or_none,0,sunny,0.327,260,0,0,0,0,0,0,0,holiday,1,75,66
5/21/2025 3:00,75,2,Wednesday,5,0,1,random_or_none,3,hot,0.726,260,0,0,0,0,0,0,0,holiday,1,66,77
5/21/2025 4:00,66,2,Wednesday,5,0,1,random_or_none,3,hot,0.638,260,0,0,0,0,0,0,0,holiday,1,68,79
5/21/2025 5:00,68,2,Wednesday,5,0,1,random_or_none,3,hot,0.499,260,0,0,0,0,0,0,0,holiday,1,71,73
5/21/2025 6:00,71,2,Wednesday,5,0,1,random_or_none,5,windy,0.778,260,0,0,0,0,0,0,0,extreme_weather,2,76,84
5/21/2025 7:00,76,2,Wednesday,5,0,1,random_or_none,2,cold,0.129,260,0,0,0,0,0,0,0,holiday,1,82,92
5/21/2025 8:00,82,2,Wednesday,5,0,1,random_or_none,0,sunny,0.184,260,0,0,0,0,0,0,0,holiday,1,92,95
5/21/2025 9:00,92,2,Wednesday,5,0,1,random_or_none,0,sunny,0.018,260,0,0,0,0,0,0,0,holiday,1,99,99
5/21/2025 10:00,99,2,Wednesday,5,0,1,random_or_none,0,sunny,0.313,260,0,0,0,0,0,0,0,holiday,1,107,104
5/21/2025 11:00,107,2,Wednesday,5,0,1,random_or_none,3,hot,0.698,260,0,0,0,0,0,0,0,holiday,1,102,119
5/21/2025 12:00,102,2,Wednesday,5,0,1,random_or_none,0,sunny,0.044,260,0,0,0,0,0,0,0,holiday,1,106,164
5/21/2025 13:00,106,2,Wednesday,5,0,1,random_or_none,0,sunny,0.131,260,0,0,0,0,0,0,0,holiday,1,116,148
5/21/2025 14:00,116,2,Wednesday,5,0,1,random_or_none,1,rainy,0.465,260,0,0,0,0,0,0,0,holiday,1,122,138
5/21/2025 15:00,122,2,Wednesday,5,0,1,random_or_none,5,windy,0.371,260,0,0,0,0,0,0,0,holiday,1,119,139
5/21/2025 16:00,119,2,Wednesday,5,0,1,random_or_none,3,hot,0.256,260,0,0,0,0,0,0,0,holiday,1,116,137
5/21/2025 17:00,116,2,Wednesday,5,0,1,random_or_none,0,sunny,0.303,260,0,0,0,0,0,0,0,holiday,1,118,131
5/21/2025 18:00,118,2,Wednesday,5,0,1,random_or_none,0,sunny,0.336,260,0,0,0,0,0,0,0,holiday,1,112,138
5/21/2025 19:00,112,2,Wednesday,5,0,1,random_or_none,0,sunny,0.028,260,0,0,0,0,0,0,0,holiday,1,110,128
5/21/2025 20:00,110,2,Wednesday,5,0,1,random_or_none,0,sunny,0.187,260,0,0,0,0,0,0,0,holiday,1,104,115
5/21/2025 21:00,104,2,Wednesday,5,0,1,random_or_none,1,rainy,0.425,260,0,0,0,0,0,0,0,holiday,1,98,110
5/21/2025 22:00,98,2,Wednesday,5,0,1,random_or_none,3,hot,0.473,260,0,0,0,0,0,0,0,holiday,1,89,107
5/21/2025 23:00,89,2,Wednesday,5,0,1,random_or_none,3,hot,0.775,260,0,0,0,0,0,0,0,extreme_weather,2,77,93
5/22/2025 0:00,77,3,Thursday,5,0,0,random_or_none,0,sunny,0.347,260,0,0,0,0,0,0,0,normal,0,71,85
5/22/2025 1:00,71,3,Thursday,5,0,0,random_or_none,0,sunny,0.333,260,0,0,0,0,0,0,0,normal,0,66,71
5/22/2025 2:00,66,3,Thursday,5,0,0,random_or_none,0,sunny,0.135,260,0,0,0,0,0,0,0,normal,0,77,68
5/22/2025 3:00,77,3,Thursday,5,0,0,random_or_none,4,dusty,0.873,260,0,0,0,0,0,0,0,extreme_weather,2,79,77
5/22/2025 4:00,79,3,Thursday,5,0,0,random_or_none,0,sunny,0.107,260,0,0,0,0,0,0,0,normal,0,73,68
5/22/2025 5:00,73,3,Thursday,5,0,0,random_or_none,5,windy,0.206,260,0,0,0,0,0,0,0,normal,0,84,68
5/22/2025 6:00,84,3,Thursday,5,0,0,random_or_none,1,rainy,0.629,260,0,0,0,0,0,0,0,normal,0,92,77
5/22/2025 7:00,92,3,Thursday,5,0,0,random_or_none,0,sunny,0.083,260,0,0,0,0,0,0,0,normal,0,95,85
5/22/2025 8:00,95,3,Thursday,5,0,0,random_or_none,0,sunny,0.127,260,0,0,0,0,0,0,0,normal,0,99,94
5/22/2025 9:00,99,3,Thursday,5,0,0,random_or_none,0,sunny,0.29,260,0,0,0,0,0,0,0,normal,0,104,93
5/22/2025 10:00,104,3,Thursday,5,0,0,random_or_none,0,sunny,0.061,260,0,0,0,0,0,0,0,normal,0,119,104
5/22/2025 11:00,119,3,Thursday,5,0,0,random_or_none,4,dusty,0.978,260,0,0,0,0,0,0,0,extreme_weather,2,164,113
5/22/2025 12:00,164,3,Thursday,5,0,0,random_or_none,0,sunny,0.111,260,0,1,95.63,0,0,0,0,emergency_spike,5,148,116
5/22/2025 13:00,148,3,Thursday,5,0,0,random_or_none,5,windy,0.752,260,0,0,0,0,0,0,0,extreme_weather,2,138,117
5/22/2025 14:00,138,3,Thursday,5,0,0,random_or_none,4,dusty,0.432,260,0,0,0,0,0,0,0,normal,0,139,128
5/22/2025 15:00,139,3,Thursday,5,0,0,random_or_none,2,cold,0.622,260,0,0,0,0,0,0,0,normal,0,137,129
5/22/2025 16:00,137,3,Thursday,5,0,0,random_or_none,3,hot,0.634,260,0,0,0,0,0,0,0,normal,0,131,133
5/22/2025 17:00,131,3,Thursday,5,0,0,random_or_none,0,sunny,0.082,260,0,0,0,0,0,0,0,normal,0,138,133
5/22/2025 18:00,138,3,Thursday,5,0,0,random_or_none,3,hot,0.764,260,0,0,0,0,0,0,0,extreme_weather,2,128,131
5/22/2025 19:00,128,3,Thursday,5,0,0,random_or_none,3,hot,0.88,260,0,0,0,0,0,0,0,extreme_weather,2,115,131
5/22/2025 20:00,115,3,Thursday,5,0,0,random_or_none,0,sunny,0.334,260,0,0,0,0,0,0,0,normal,0,110,121
5/22/2025 21:00,110,3,Thursday,5,0,0,random_or_none,4,dusty,0.696,260,0,0,0,0,0,0,0,normal,0,107,120
5/22/2025 22:00,107,3,Thursday,5,0,0,random_or_none,0,sunny,0.247,260,0,0,0,0,0,0,0,normal,0,93,103
5/22/2025 23:00,93,3,Thursday,5,0,0,random_or_none,0,sunny,0.221,260,0,0,0,0,0,0,0,normal,0,85,96
5/23/2025 0:00,85,4,Friday,5,0,0,random_or_none,0,sunny,0.127,260,0,0,0,0,0,0,0,normal,0,71,80
5/23/2025 1:00,71,4,Friday,5,0,0,random_or_none,0,sunny,0.176,260,0,0,0,0,0,0,0,normal,0,68,68
5/23/2025 2:00,68,4,Friday,5,0,0,random_or_none,3,hot,0.245,260,0,0,0,0,0,0,0,normal,0,77,67
5/23/2025 3:00,77,4,Friday,5,0,0,random_or_none,0,sunny,0.326,260,0,1,40.47,0,0,0,0,emergency_spike,5,68,65
5/23/2025 4:00,68,4,Friday,5,0,0,random_or_none,0,sunny,0.107,260,0,0,0,0,0,0,0,normal,0,68,64
5/23/2025 5:00,68,4,Friday,5,0,0,random_or_none,0,sunny,0.083,260,0,0,0,0,0,0,0,normal,0,77,70
5/23/2025 6:00,77,4,Friday,5,0,0,random_or_none,5,windy,0.893,260,0,0,0,0,0,0,0,extreme_weather,2,85,99
5/23/2025 7:00,85,4,Friday,5,0,0,random_or_none,0,sunny,0.113,260,0,0,0,0,0,0,0,normal,0,94,97
5/23/2025 8:00,94,4,Friday,5,0,0,random_or_none,3,hot,0.657,260,0,0,0,0,0,0,0,normal,0,93,86
5/23/2025 9:00,93,4,Friday,5,0,0,random_or_none,0,sunny,0.1,260,0,0,0,0,0,0,0,normal,0,104,93
5/23/2025 10:00,104,4,Friday,5,0,0,random_or_none,3,hot,0.459,260,0,0,0,0,0,0,0,normal,0,113,87
5/23/2025 11:00,113,4,Friday,5,0,0,random_or_none,1,rainy,0.702,260,0,0,0,0,0,0,0,normal,0,116,107
5/23/2025 12:00,116,4,Friday,5,0,0,random_or_none,0,sunny,0.315,260,0,0,0,0,0,0,0,normal,0,117,109
5/23/2025 13:00,117,4,Friday,5,0,0,random_or_none,0,sunny,0.261,260,0,0,0,0,0,0,0,normal,0,128,110
5/23/2025 14:00,128,4,Friday,5,0,0,random_or_none,5,windy,0.889,260,0,0,0,0,0,0,0,extreme_weather,2,129,113
5/23/2025 15:00,129,4,Friday,5,0,0,random_or_none,1,rainy,0.206,260,0,0,0,0,0,0,0,normal,0,133,113
5/23/2025 16:00,133,4,Friday,5,0,0,random_or_none,5,windy,0.681,260,0,0,0,0,0,0,0,normal,0,133,115
5/23/2025 17:00,133,4,Friday,5,0,0,random_or_none,5,windy,0.245,260,0,0,0,0,0,0,0,normal,0,131,109
5/23/2025 18:00,131,4,Friday,5,0,0,random_or_none,5,windy,0.634,260,0,0,0,0,0,0,0,normal,0,131,103
5/23/2025 19:00,131,4,Friday,5,0,0,random_or_none,4,dusty,0.992,260,0,0,0,0,0,0,0,extreme_weather,2,121,105
5/23/2025 20:00,121,4,Friday,5,0,0,random_or_none,3,hot,0.313,260,0,0,0,0,0,0,0,normal,0,120,110
5/23/2025 21:00,120,4,Friday,5,0,0,random_or_none,4,dusty,0.659,260,0,0,0,0,0,0,0,normal,0,103,96
5/23/2025 22:00,103,4,Friday,5,0,0,random_or_none,0,sunny,0.063,260,0,0,0,0,0,0,0,normal,0,96,87
5/23/2025 23:00,96,4,Friday,5,0,0,random_or_none,2,cold,0.522,260,0,0,0,0,0,0,0,normal,0,80,71
5/24/2025 0:00,80,5,Saturday,5,1,0,random_or_none,0,sunny,0.054,260,0,0,0,0,0,0,0,normal,0,68,63
5/24/2025 1:00,68,5,Saturday,5,1,0,random_or_none,0,sunny,0.286,260,0,0,0,0,0,0,0,normal,0,67,54
5/24/2025 2:00,67,5,Saturday,5,1,0,random_or_none,4,dusty,0.635,260,0,0,0,0,0,0,0,normal,0,65,48
5/24/2025 3:00,65,5,Saturday,5,1,0,random_or_none,5,windy,0.689,260,0,0,0,0,0,0,0,normal,0,64,43
5/24/2025 4:00,64,5,Saturday,5,1,0,random_or_none,3,hot,0.29,260,0,0,0,0,0,0,0,normal,0,70,57
5/24/2025 5:00,70,5,Saturday,5,1,0,random_or_none,4,dusty,0.498,260,0,0,0,0,0,0,0,normal,0,99,119
5/24/2025 6:00,99,5,Saturday,5,1,0,random_or_none,0,sunny,0.293,260,0,1,57.76,0,0,0,0,emergency_spike,5,97,86
5/24/2025 7:00,97,5,Saturday,5,1,0,random_or_none,5,windy,0.311,260,0,0,0,0,0,0,0,normal,0,86,74
5/24/2025 8:00,86,5,Saturday,5,1,0,random_or_none,0,sunny,0.035,260,0,0,0,0,0,0,0,normal,0,93,70
5/24/2025 9:00,93,5,Saturday,5,1,0,random_or_none,0,sunny,0.106,260,0,0,0,0,0,0,0,normal,0,87,71
5/24/2025 10:00,87,5,Saturday,5,1,0,random_or_none,0,sunny,0.314,260,0,0,0,0,0,0,0,normal,0,107,78
5/24/2025 11:00,107,5,Saturday,5,1,0,random_or_none,4,dusty,0.973,260,0,0,0,0,0,0,0,extreme_weather,2,109,79
5/24/2025 12:00,109,5,Saturday,5,1,0,random_or_none,1,rainy,0.363,260,0,0,0,0,0,0,0,normal,0,110,94
5/24/2025 13:00,110,5,Saturday,5,1,0,random_or_none,4,dusty,0.644,260,0,0,0,0,0,0,0,normal,0,113,96
5/24/2025 14:00,113,5,Saturday,5,1,0,random_or_none,0,sunny,0.007,260,0,0,0,0,0,0,0,normal,0,113,100
5/24/2025 15:00,113,5,Saturday,5,1,0,random_or_none,1,rainy,0.548,260,0,0,0,0,0,0,0,normal,0,115,108
5/24/2025 16:00,115,5,Saturday,5,1,0,random_or_none,0,sunny,0.313,260,0,0,0,0,0,0,0,normal,0,109,113
5/24/2025 17:00,109,5,Saturday,5,1,0,random_or_none,0,sunny,0.2,260,0,0,0,0,0,0,0,normal,0,103,106
5/24/2025 18:00,103,5,Saturday,5,1,0,random_or_none,0,sunny,0.116,260,0,0,0,0,0,0,0,normal,0,105,104
5/24/2025 19:00,105,5,Saturday,5,1,0,random_or_none,1,rainy,0.725,260,0,0,0,0,0,0,0,normal,0,110,101
5/24/2025 20:00,110,5,Saturday,5,1,0,random_or_none,4,dusty,0.884,260,0,0,0,0,0,0,0,extreme_weather,2,96,91
5/24/2025 21:00,96,5,Saturday,5,1,0,random_or_none,0,sunny,0.01,260,0,0,0,0,0,0,0,normal,0,87,91
5/24/2025 22:00,87,5,Saturday,5,1,0,random_or_none,2,cold,0.201,260,0,0,0,0,0,0,0,normal,0,71,80
5/24/2025 23:00,71,5,Saturday,5,1,0,random_or_none,0,sunny,0.066,260,0,0,0,0,0,0,0,normal,0,63,70
5/25/2025 0:00,63,6,Sunday,5,1,1,random_or_none,0,sunny,0.266,260,0,0,0,0,0,0,0,holiday,1,54,72
5/25/2025 1:00,54,6,Sunday,5,1,1,random_or_none,3,hot,0.553,260,0,0,0,0,0,0,0,holiday,1,48,69
5/25/2025 2:00,48,6,Sunday,5,1,1,random_or_none,0,sunny,0.239,260,0,0,0,0,0,0,0,holiday,1,43,72
5/25/2025 3:00,43,6,Sunday,5,1,1,random_or_none,3,hot,0.436,260,0,0,0,0,0,0,0,holiday,1,57,68
5/25/2025 4:00,57,6,Sunday,5,1,1,random_or_none,3,hot,0.889,260,0,0,0,0,0,0,0,extreme_weather,2,119,73
5/25/2025 5:00,119,6,Sunday,5,1,1,random_or_none,5,windy,0.18,260,0,1,144.49,0,0,0,0,emergency_spike,5,86,84
5/25/2025 6:00,86,6,Sunday,5,1,1,random_or_none,0,sunny,0.136,260,0,0,0,0,0,0,0,holiday,1,74,203
5/25/2025 7:00,74,6,Sunday,5,1,1,random_or_none,0,sunny,0.161,260,0,0,0,0,0,0,0,holiday,1,70,148
5/25/2025 8:00,70,6,Sunday,5,1,1,random_or_none,5,windy,0.866,260,0,0,0,0,0,0,0,extreme_weather,2,71,127
5/25/2025 9:00,71,6,Sunday,5,1,1,random_or_none,0,sunny,0.273,260,0,0,0,0,0,0,0,holiday,1,78,118
5/25/2025 10:00,78,6,Sunday,5,1,1,random_or_none,0,sunny,0.324,260,0,0,0,0,0,0,0,holiday,1,79,123
5/25/2025 11:00,79,6,Sunday,5,1,1,random_or_none,0,sunny,0.07,260,0,0,0,0,0,0,0,holiday,1,94,126
5/25/2025 12:00,94,6,Sunday,5,1,1,random_or_none,5,windy,0.534,260,0,0,0,0,0,0,0,holiday,1,96,126
5/25/2025 13:00,96,6,Sunday,5,1,1,random_or_none,3,hot,0.944,260,0,0,0,0,0,0,0,extreme_weather,2,100,130
5/25/2025 14:00,100,6,Sunday,5,1,1,random_or_none,4,dusty,0.716,260,0,0,0,0,0,0,0,holiday,1,108,124
5/25/2025 15:00,108,6,Sunday,5,1,1,random_or_none,4,dusty,0.36,260,0,0,0,0,0,0,0,holiday,1,113,128
5/25/2025 16:00,113,6,Sunday,5,1,1,random_or_none,1,rainy,0.918,260,0,0,0,0,0,0,0,extreme_weather,2,106,120
5/25/2025 17:00,106,6,Sunday,5,1,1,random_or_none,0,sunny,0.27,260,0,0,0,0,0,0,0,holiday,1,104,122
5/25/2025 18:00,104,6,Sunday,5,1,1,random_or_none,0,sunny,0.134,260,0,0,0,0,0,0,0,holiday,1,101,129
5/25/2025 19:00,101,6,Sunday,5,1,1,random_or_none,3,hot,0.176,260,0,0,0,0,0,0,0,holiday,1,91,126
5/25/2025 20:00,91,6,Sunday,5,1,1,random_or_none,0,sunny,0.26,260,0,0,0,0,0,0,0,holiday,1,91,124
5/25/2025 21:00,91,6,Sunday,5,1,1,random_or_none,1,rainy,0.747,260,0,0,0,0,0,0,0,holiday,1,80,118
5/25/2025 22:00,80,6,Sunday,5,1,1,random_or_none,0,sunny,0.067,260,0,0,0,0,0,0,0,holiday,1,70,110
5/25/2025 23:00,70,6,Sunday,5,1,1,random_or_none,0,sunny,0.228,260,0,0,0,0,0,0,0,holiday,1,72,94
5/26/2025 0:00,72,0,Monday,5,0,0,random_or_none,0,sunny,0.182,260,0,0,0,0,0,0,0,normal,0,69,85
5/26/2025 1:00,69,0,Monday,5,0,0,random_or_none,0,sunny,0.008,260,0,0,0,0,0,0,0,normal,0,72,74
5/26/2025 2:00,72,0,Monday,5,0,0,random_or_none,0,sunny,0.184,260,0,0,0,0,0,0,0,normal,0,68,73
5/26/2025 3:00,68,0,Monday,5,0,0,random_or_none,0,sunny,0.047,260,0,0,0,0,0,0,0,normal,0,73,82
5/26/2025 4:00,73,0,Monday,5,0,0,random_or_none,0,sunny,0.006,260,0,0,0,0,0,0,0,normal,0,84,76
5/26/2025 5:00,84,0,Monday,5,0,0,random_or_none,2,cold,0.362,260,0,0,0,0,0,0,0,normal,0,203,76
5/26/2025 6:00,203,0,Monday,5,0,0,random_or_none,4,dusty,0.968,260,0,1,250.69,0,0,0,0,emergency_spike,5,148,79
5/26/2025 7:00,148,0,Monday,5,0,0,random_or_none,0,sunny,0.273,260,0,0,0,0,0,0,0,normal,0,127,82
5/26/2025 8:00,127,0,Monday,5,0,0,random_or_none,5,windy,0.732,260,0,0,0,0,0,0,0,normal,0,118,97
5/26/2025 9:00,118,0,Monday,5,0,0,random_or_none,0,sunny,0.327,260,0,0,0,0,0,0,0,normal,0,123,101
5/26/2025 10:00,123,0,Monday,5,0,0,random_or_none,3,hot,0.46,260,0,0,0,0,0,0,0,normal,0,126,102
5/26/2025 11:00,126,0,Monday,5,0,0,random_or_none,0,sunny,0.026,260,0,0,0,0,0,0,0,normal,0,126,108
5/26/2025 12:00,126,0,Monday,5,0,0,random_or_none,0,sunny,0.049,260,0,0,0,0,0,0,0,normal,0,130,117
5/26/2025 13:00,130,0,Monday,5,0,0,random_or_none,3,hot,0.533,260,0,0,0,0,0,0,0,normal,0,124,115
5/26/2025 14:00,124,0,Monday,5,0,0,random_or_none,0,sunny,0.058,260,0,0,0,0,0,0,0,normal,0,128,115
5/26/2025 15:00,128,0,Monday,5,0,0,random_or_none,0,sunny,0.149,260,0,0,0,0,0,0,0,normal,0,120,139
5/26/2025 16:00,120,0,Monday,5,0,0,random_or_none,0,sunny,0.045,260,0,0,0,0,0,0,0,normal,0,122,143
5/26/2025 17:00,122,0,Monday,5,0,0,random_or_none,0,sunny,0.112,260,0,0,0,0,0,0,0,normal,0,129,132
5/26/2025 18:00,129,0,Monday,5,0,0,random_or_none,0,sunny,0.308,260,0,0,0,0,0,0,0,normal,0,126,129
5/26/2025 19:00,126,0,Monday,5,0,0,random_or_none,5,windy,0.174,260,0,0,0,0,0,0,0,normal,0,124,123
5/26/2025 20:00,124,0,Monday,5,0,0,random_or_none,0,sunny,0.127,260,0,0,0,0,0,0,0,normal,0,118,150
5/26/2025 21:00,118,0,Monday,5,0,0,random_or_none,4,dusty,0.652,260,0,0,0,0,0,0,0,normal,0,110,133
5/26/2025 22:00,110,0,Monday,5,0,0,random_or_none,3,hot,0.447,260,0,0,0,0,0,0,0,normal,0,94,113
5/26/2025 23:00,94,0,Monday,5,0,0,random_or_none,0,sunny,0.295,260,0,0,0,0,0,0,0,normal,0,85,109
5/27/2025 0:00,85,1,Tuesday,5,0,0,random_or_none,0,sunny,0.295,260,0,0,0,0,0,0,0,normal,0,74,96
5/27/2025 1:00,74,1,Tuesday,5,0,0,random_or_none,0,sunny,0.015,260,0,0,0,0,0,0,0,normal,0,73,92
5/27/2025 2:00,73,1,Tuesday,5,0,0,random_or_none,0,sunny,0.274,260,0,0,0,0,0,0,0,normal,0,82,79
5/27/2025 3:00,82,1,Tuesday,5,0,0,random_or_none,4,dusty,0.594,260,0,0,0,0,0,0,0,normal,0,76,75
5/27/2025 4:00,76,1,Tuesday,5,0,0,random_or_none,0,sunny,0.33,260,0,0,0,0,0,0,0,normal,0,76,80
5/27/2025 5:00,76,1,Tuesday,5,0,0,random_or_none,0,sunny,0.034,260,0,0,0,0,0,0,0,normal,0,79,79
5/27/2025 6:00,79,1,Tuesday,5,0,0,random_or_none,0,sunny,0.038,260,0,0,0,0,0,0,0,normal,0,82,92
5/27/2025 7:00,82,1,Tuesday,5,0,0,random_or_none,0,sunny,0.021,260,0,0,0,0,0,0,0,normal,0,97,85
5/27/2025 8:00,97,1,Tuesday,5,0,0,random_or_none,3,hot,0.477,260,0,0,0,0,0,0,0,normal,0,101,96
5/27/2025 9:00,101,1,Tuesday,5,0,0,random_or_none,0,sunny,0.339,260,0,0,0,0,0,0,0,normal,0,102,93
5/27/2025 10:00,102,1,Tuesday,5,0,0,random_or_none,0,sunny,0.339,260,0,0,0,0,0,0,0,normal,0,108,102
5/27/2025 11:00,108,1,Tuesday,5,0,0,random_or_none,0,sunny,0.04,260,0,0,0,0,0,0,0,normal,0,117,112
5/27/2025 12:00,117,1,Tuesday,5,0,0,random_or_none,0,sunny,0.152,260,0,0,0,0,0,0,0,normal,0,115,122
5/27/2025 13:00,115,1,Tuesday,5,0,0,random_or_none,0,sunny,0.246,260,0,0,0,0,0,0,0,normal,0,115,115
5/27/2025 14:00,115,1,Tuesday,5,0,0,random_or_none,3,hot,0.314,260,0,0,0,0,0,0,0,normal,0,139,127
5/27/2025 15:00,139,1,Tuesday,5,0,0,random_or_none,4,dusty,0.924,260,0,0,0,0,0,0,0,extreme_weather,2,143,132
5/27/2025 16:00,143,1,Tuesday,5,0,0,random_or_none,4,dusty,1,260,0,0,0,0,0,0,0,extreme_weather,2,132,138
5/27/2025 17:00,132,1,Tuesday,5,0,0,random_or_none,0,sunny,0.124,260,0,0,0,0,0,0,0,normal,0,129,131
5/27/2025 18:00,129,1,Tuesday,5,0,0,random_or_none,0,sunny,0.048,260,0,0,0,0,0,0,0,normal,0,123,122
5/27/2025 19:00,123,1,Tuesday,5,0,0,random_or_none,0,sunny,0.145,260,0,0,0,0,0,0,0,normal,0,150,122
5/27/2025 20:00,150,1,Tuesday,5,0,0,random_or_none,1,rainy,0.651,260,0,1,57.05,0,0,0,0,emergency_spike,5,133,124
5/27/2025 21:00,133,1,Tuesday,5,0,0,random_or_none,3,hot,0.524,260,0,0,0,0,0,0,0,normal,0,113,117
5/27/2025 22:00,113,1,Tuesday,5,0,0,random_or_none,0,sunny,0.262,260,0,0,0,0,0,0,0,normal,0,109,109
5/27/2025 23:00,109,1,Tuesday,5,0,0,random_or_none,3,hot,0.806,260,0,0,0,0,0,0,0,extreme_weather,2,96,97
5/28/2025 0:00,96,2,Wednesday,5,0,0,random_or_none,4,dusty,0.885,260,0,0,0,0,0,0,0,extreme_weather,2,92,88
5/28/2025 1:00,92,2,Wednesday,5,0,0,random_or_none,4,dusty,0.513,260,0,0,0,0,0,0,0,normal,0,79,80
5/28/2025 2:00,79,2,Wednesday,5,0,0,random_or_none,3,hot,0.18,260,0,0,0,0,0,0,0,normal,0,75,75
5/28/2025 3:00,75,2,Wednesday,5,0,0,random_or_none,3,hot,0.88,260,0,0,0,0,0,0,0,extreme_weather,2,80,75
5/28/2025 4:00,80,2,Wednesday,5,0,0,random_or_none,3,hot,0.544,260,0,0,0,0,0,0,0,normal,0,79,80
5/28/2025 5:00,79,2,Wednesday,5,0,0,random_or_none,0,sunny,0.042,260,0,0,0,0,0,0,0,normal,0,92,82
5/28/2025 6:00,92,2,Wednesday,5,0,0,random_or_none,3,hot,0.75,260,0,0,0,0,0,0,0,normal,0,85,80
5/28/2025 7:00,85,2,Wednesday,5,0,0,random_or_none,0,sunny,0.17,260,0,0,0,0,0,0,0,normal,0,96,83
5/28/2025 8:00,96,2,Wednesday,5,0,0,random_or_none,3,hot,0.607,260,0,0,0,0,0,0,0,normal,0,93,92
5/28/2025 9:00,93,2,Wednesday,5,0,0,random_or_none,0,sunny,0.074,260,0,0,0,0,0,0,0,normal,0,102,96
5/28/2025 10:00,102,2,Wednesday,5,0,0,random_or_none,3,hot,0.623,260,0,0,0,0,0,0,0,normal,0,112,104
5/28/2025 11:00,112,2,Wednesday,5,0,0,random_or_none,3,hot,0.796,260,0,0,0,0,0,0,0,extreme_weather,2,122,112
5/28/2025 12:00,122,2,Wednesday,5,0,0,random_or_none,5,windy,0.348,260,0,0,0,0,0,0,0,normal,0,115,112
5/28/2025 13:00,115,2,Wednesday,5,0,0,random_or_none,0,sunny,0.075,260,0,0,0,0,0,0,0,normal,0,127,120
5/28/2025 14:00,127,2,Wednesday,5,0,0,random_or_none,3,hot,0.873,260,0,0,0,0,0,0,0,extreme_weather,2,132,121
5/28/2025 15:00,132,2,Wednesday,5,0,0,random_or_none,5,windy,0.646,260,0,0,0,0,0,0,0,normal,0,138,133
5/28/2025 16:00,138,2,Wednesday,5,0,0,random_or_none,3,hot,0.678,260,0,0,0,0,0,0,0,normal,0,131,194
5/28/2025 17:00,131,2,Wednesday,5,0,0,random_or_none,3,hot,0.929,260,0,0,0,0,0,0,0,extreme_weather,2,122,167
5/28/2025 18:00,122,2,Wednesday,5,0,0,random_or_none,0,sunny,0.246,260,0,0,0,0,0,0,0,normal,0,122,151
5/28/2025 19:00,122,2,Wednesday,5,0,0,random_or_none,2,cold,0.539,260,0,0,0,0,0,0,0,normal,0,124,135
5/28/2025 20:00,124,2,Wednesday,5,0,0,random_or_none,5,windy,0.213,260,0,0,0,0,0,0,0,normal,0,117,120
5/28/2025 21:00,117,2,Wednesday,5,0,0,random_or_none,3,hot,0.62,260,0,0,0,0,0,0,0,normal,0,109,111
5/28/2025 22:00,109,2,Wednesday,5,0,0,random_or_none,3,hot,0.174,260,0,0,0,0,0,0,0,normal,0,97,101
5/28/2025 23:00,97,2,Wednesday,5,0,0,random_or_none,0,sunny,0.091,260,0,0,0,0,0,0,0,normal,0,88,88
5/29/2025 0:00,88,3,Thursday,5,0,0,random_or_none,0,sunny,0.042,260,0,0,0,0,0,0,0,normal,0,80,79
5/29/2025 1:00,80,3,Thursday,5,0,0,random_or_none,4,dusty,0.572,260,0,0,0,0,0,0,0,normal,0,75,79
5/29/2025 2:00,75,3,Thursday,5,0,0,random_or_none,0,sunny,0.326,260,0,0,0,0,0,0,0,normal,0,75,75
5/29/2025 3:00,75,3,Thursday,5,0,0,random_or_none,3,hot,0.485,260,0,0,0,0,0,0,0,normal,0,80,75
5/29/2025 4:00,80,3,Thursday,5,0,0,random_or_none,3,hot,0.813,260,0,0,0,0,0,0,0,extreme_weather,2,82,81
5/29/2025 5:00,82,3,Thursday,5,0,0,random_or_none,0,sunny,0.141,260,0,0,0,0,0,0,0,normal,0,80,78
5/29/2025 6:00,80,3,Thursday,5,0,0,random_or_none,3,hot,0.897,260,0,0,0,0,0,0,0,extreme_weather,2,83,88
5/29/2025 7:00,83,3,Thursday,5,0,0,random_or_none,0,sunny,0.058,260,0,0,0,0,0,0,0,normal,0,92,94
5/29/2025 8:00,92,3,Thursday,5,0,0,random_or_none,3,hot,0.554,260,0,0,0,0,0,0,0,normal,0,96,95
5/29/2025 9:00,96,3,Thursday,5,0,0,random_or_none,2,cold,0.798,260,0,0,0,0,0,0,0,extreme_weather,2,104,111
5/29/2025 10:00,104,3,Thursday,5,0,0,random_or_none,3,hot,0.364,260,0,0,0,0,0,0,0,normal,0,112,117
5/29/2025 11:00,112,3,Thursday,5,0,0,random_or_none,5,windy,0.216,260,0,0,0,0,0,0,0,normal,0,112,119
5/29/2025 12:00,112,3,Thursday,5,0,0,random_or_none,0,sunny,0.15,260,0,0,0,0,0,0,0,normal,0,120,121
5/29/2025 13:00,120,3,Thursday,5,0,0,random_or_none,3,hot,0.689,260,0,0,0,0,0,0,0,normal,0,121,125
5/29/2025 14:00,121,3,Thursday,5,0,0,random_or_none,3,hot,0.329,260,0,0,0,0,0,0,0,normal,0,133,131
5/29/2025 15:00,133,3,Thursday,5,0,0,random_or_none,3,hot,0.788,260,0,0,0,0,0,0,0,extreme_weather,2,194,138
5/29/2025 16:00,194,3,Thursday,5,0,0,random_or_none,4,dusty,0.593,260,0,1,143.52,0,0,0,0,emergency_spike,5,167,138
5/29/2025 17:00,167,3,Thursday,5,0,0,random_or_none,5,windy,0.432,260,0,0,0,0,0,0,0,normal,0,151,142
5/29/2025 18:00,151,3,Thursday,5,0,0,random_or_none,4,dusty,1,260,0,0,0,0,0,0,0,extreme_weather,2,135,134
5/29/2025 19:00,135,3,Thursday,5,0,0,random_or_none,0,sunny,0.054,260,0,0,0,0,0,0,0,normal,0,120,132
5/29/2025 20:00,120,3,Thursday,5,0,0,random_or_none,0,sunny,0.056,260,0,0,0,0,0,0,0,normal,0,111,130
5/29/2025 21:00,111,3,Thursday,5,0,0,random_or_none,3,hot,0.37,260,0,0,0,0,0,0,0,normal,0,101,128
5/29/2025 22:00,101,3,Thursday,5,0,0,random_or_none,0,sunny,0.339,260,0,0,0,0,0,0,0,normal,0,88,116
5/29/2025 23:00,88,3,Thursday,5,0,0,random_or_none,0,sunny,0.244,260,0,0,0,0,0,0,0,normal,0,79,103
5/30/2025 0:00,79,4,Friday,5,0,0,random_or_none,0,sunny,0.153,260,0,0,0,0,0,0,0,normal,0,79,92
5/30/2025 1:00,79,4,Friday,5,0,0,random_or_none,2,cold,0.495,260,0,0,0,0,0,0,0,normal,0,75,109
5/30/2025 2:00,75,4,Friday,5,0,0,random_or_none,0,sunny,0.008,260,0,0,0,0,0,0,0,normal,0,75,92
5/30/2025 3:00,75,4,Friday,5,0,0,random_or_none,2,cold,0.185,260,0,0,0,0,0,0,0,normal,0,81,80
5/30/2025 4:00,81,4,Friday,5,0,0,random_or_none,2,cold,0.286,260,0,0,0,0,0,0,0,normal,0,78,72
5/30/2025 5:00,78,4,Friday,5,0,0,random_or_none,0,sunny,0.287,260,0,0,0,0,0,0,0,normal,0,88,74
5/30/2025 6:00,88,4,Friday,5,0,0,random_or_none,3,hot,0.895,260,0,0,0,0,0,0,0,extreme_weather,2,94,72
5/30/2025 7:00,94,4,Friday,5,0,0,random_or_none,3,hot,0.864,260,0,0,0,0,0,0,0,extreme_weather,2,95,80
5/30/2025 8:00,95,4,Friday,5,0,0,random_or_none,3,hot,0.94,260,0,0,0,0,0,0,0,extreme_weather,2,111,83
5/30/2025 9:00,111,4,Friday,5,0,0,random_or_none,3,hot,0.923,260,0,0,0,0,0,0,0,extreme_weather,2,117,92
5/30/2025 10:00,117,4,Friday,5,0,0,random_or_none,3,hot,0.939,260,0,0,0,0,0,0,0,extreme_weather,2,119,102
5/30/2025 11:00,119,4,Friday,5,0,0,random_or_none,3,hot,0.948,260,0,0,0,0,0,0,0,extreme_weather,2,121,224
5/30/2025 12:00,121,4,Friday,5,0,0,random_or_none,3,hot,0.903,260,0,0,0,0,0,0,0,extreme_weather,2,125,178
5/30/2025 13:00,125,4,Friday,5,0,0,random_or_none,3,hot,0.908,260,0,0,0,0,0,0,0,extreme_weather,2,131,158
5/30/2025 14:00,131,4,Friday,5,0,0,random_or_none,3,hot,0.967,260,0,0,0,0,0,0,0,extreme_weather,2,138,143
5/30/2025 15:00,138,4,Friday,5,0,0,random_or_none,3,hot,0.821,260,0,0,0,0,0,0,0,extreme_weather,2,138,134
5/30/2025 16:00,138,4,Friday,5,0,0,random_or_none,3,hot,0.879,260,0,0,0,0,0,0,0,extreme_weather,2,142,122
5/30/2025 17:00,142,4,Friday,5,0,0,random_or_none,3,hot,0.983,260,0,0,0,0,0,0,0,extreme_weather,2,134,114
5/30/2025 18:00,134,4,Friday,5,0,0,random_or_none,3,hot,0.91,260,0,0,0,0,0,0,0,extreme_weather,2,132,114
5/30/2025 19:00,132,4,Friday,5,0,0,random_or_none,3,hot,0.918,260,0,0,0,0,0,0,0,extreme_weather,2,130,113
5/30/2025 20:00,130,4,Friday,5,0,0,random_or_none,3,hot,0.827,260,0,0,0,0,0,0,0,extreme_weather,2,128,114
5/30/2025 21:00,128,4,Friday,5,0,0,random_or_none,3,hot,0.986,260,0,0,0,0,0,0,0,extreme_weather,2,116,110
5/30/2025 22:00,116,4,Friday,5,0,0,random_or_none,3,hot,0.895,260,0,0,0,0,0,0,0,extreme_weather,2,103,98
5/30/2025 23:00,103,4,Friday,5,0,0,random_or_none,3,hot,0.911,260,0,0,0,0,0,0,0,extreme_weather,2,92,81
5/31/2025 0:00,92,5,Saturday,5,1,0,random_or_none,3,hot,0.995,260,0,0,0,0,0,0,0,extreme_weather,2,109,74
5/31/2025 1:00,109,5,Saturday,5,1,0,random_or_none,3,hot,0.876,260,0,1,57.3,0,0,0,0,emergency_spike,5,92,65
5/31/2025 2:00,92,5,Saturday,5,1,0,random_or_none,3,hot,0.961,260,0,0,0,0,0,0,0,extreme_weather,2,80,65
5/31/2025 3:00,80,5,Saturday,5,1,0,random_or_none,3,hot,1,260,0,0,0,0,0,0,0,extreme_weather,2,72,54
5/31/2025 4:00,72,5,Saturday,5,1,0,random_or_none,3,hot,0.972,260,0,0,0,0,0,0,0,extreme_weather,2,74,63
5/31/2025 5:00,74,5,Saturday,5,1,0,random_or_none,3,hot,0.832,260,0,0,0,0,0,0,0,extreme_weather,2,72,59
5/31/2025 6:00,72,5,Saturday,5,1,0,random_or_none,3,hot,0.973,260,0,0,0,0,0,0,0,extreme_weather,2,80,65
5/31/2025 7:00,80,5,Saturday,5,1,0,random_or_none,3,hot,0.991,260,0,0,0,0,0,0,0,extreme_weather,2,83,68
5/31/2025 8:00,83,5,Saturday,5,1,0,random_or_none,3,hot,0.901,260,0,0,0,0,0,0,0,extreme_weather,2,92,73
5/31/2025 9:00,92,5,Saturday,5,1,0,random_or_none,3,hot,0.876,260,0,0,0,0,0,0,0,extreme_weather,2,102,78
5/31/2025 10:00,102,5,Saturday,5,1,0,random_or_none,3,hot,0.867,260,0,0,0,0,0,0,0,extreme_weather,2,224,88
5/31/2025 11:00,224,5,Saturday,5,1,0,random_or_none,3,hot,0.985,260,0,1,253.33,0,0,0,0,emergency_spike,5,178,96
5/31/2025 12:00,178,5,Saturday,5,1,0,random_or_none,3,hot,0.824,260,0,0,0,0,0,0,0,extreme_weather,2,158,104
5/31/2025 13:00,158,5,Saturday,5,1,0,random_or_none,3,hot,0.896,260,0,0,0,0,0,0,0,extreme_weather,2,143,112
5/31/2025 14:00,143,5,Saturday,5,1,0,random_or_none,3,hot,0.863,260,0,0,0,0,0,0,0,extreme_weather,2,134,115
5/31/2025 15:00,134,5,Saturday,5,1,0,random_or_none,3,hot,0.818,260,0,0,0,0,0,0,0,extreme_weather,2,122,120
5/31/2025 16:00,122,5,Saturday,5,1,0,random_or_none,3,hot,0.85,260,0,0,0,0,0,0,0,extreme_weather,2,114,115
5/31/2025 17:00,114,5,Saturday,5,1,0,random_or_none,3,hot,0.907,260,0,0,0,0,0,0,0,extreme_weather,2,114,116
5/31/2025 18:00,114,5,Saturday,5,1,0,random_or_none,3,hot,0.896,260,0,0,0,0,0,0,0,extreme_weather,2,113,119
5/31/2025 19:00,113,5,Saturday,5,1,0,random_or_none,3,hot,0.976,260,0,0,0,0,0,0,0,extreme_weather,2,114,116
5/31/2025 20:00,114,5,Saturday,5,1,0,random_or_none,3,hot,0.986,260,0,0,0,0,0,0,0,extreme_weather,2,110,106
5/31/2025 21:00,110,5,Saturday,5,1,0,random_or_none,3,hot,0.885,260,0,0,0,0,0,0,0,extreme_weather,2,98,94
5/31/2025 22:00,98,5,Saturday,5,1,0,random_or_none,3,hot,0.841,260,0,0,0,0,0,0,0,extreme_weather,2,81,88
5/31/2025 23:00,81,5,Saturday,5,1,0,random_or_none,3,hot,0.939,260,0,0,0,0,0,0,0,extreme_weather,2,74,85
6/1/2025 0:00,74,6,Sunday,6,1,0,random_or_none,3,hot,0.892,260,0,0,0,0,0,0,0,extreme_weather,2,65,82
6/1/2025 1:00,65,6,Sunday,6,1,0,random_or_none,3,hot,0.835,260,0,0,0,0,0,0,0,extreme_weather,2,65,79
6/1/2025 2:00,65,6,Sunday,6,1,0,random_or_none,3,hot,0.865,260,0,0,0,0,0,0,0,extreme_weather,2,54,80
6/1/2025 3:00,54,6,Sunday,6,1,0,random_or_none,3,hot,0.989,260,0,0,0,0,0,0,0,extreme_weather,2,63,87
6/1/2025 4:00,63,6,Sunday,6,1,0,random_or_none,3,hot,0.893,260,0,0,0,0,0,0,0,extreme_weather,2,59,85
6/1/2025 5:00,59,6,Sunday,6,1,0,random_or_none,3,hot,0.839,260,0,0,0,0,0,0,0,extreme_weather,2,65,90
6/1/2025 6:00,65,6,Sunday,6,1,0,random_or_none,3,hot,0.907,260,0,0,0,0,0,0,0,extreme_weather,2,68,204
6/1/2025 7:00,68,6,Sunday,6,1,0,random_or_none,3,hot,0.997,260,0,0,0,0,0,0,0,extreme_weather,2,73,164
6/1/2025 8:00,73,6,Sunday,6,1,0,random_or_none,3,hot,0.841,260,0,0,0,0,0,0,0,extreme_weather,2,78,172
6/1/2025 9:00,78,6,Sunday,6,1,0,random_or_none,3,hot,0.838,260,0,0,0,0,0,0,0,extreme_weather,2,88,170
6/1/2025 10:00,88,6,Sunday,6,1,0,random_or_none,3,hot,0.964,260,0,0,0,0,0,0,0,extreme_weather,2,96,165
6/1/2025 11:00,96,6,Sunday,6,1,0,random_or_none,3,hot,0.813,260,0,0,0,0,0,0,0,extreme_weather,2,104,169
6/1/2025 12:00,104,6,Sunday,6,1,0,random_or_none,3,hot,0.851,260,0,0,0,0,0,0,0,extreme_weather,2,112,178
6/1/2025 13:00,112,6,Sunday,6,1,0,random_or_none,3,hot,0.865,260,0,0,0,0,0,0,0,extreme_weather,2,115,185
6/1/2025 14:00,115,6,Sunday,6,1,0,random_or_none,3,hot,0.979,260,0,0,0,0,0,0,0,extreme_weather,2,120,189
6/1/2025 15:00,120,6,Sunday,6,1,0,random_or_none,3,hot,0.94,260,0,0,0,0,0,0,0,extreme_weather,2,115,199
6/1/2025 16:00,115,6,Sunday,6,1,0,random_or_none,3,hot,0.975,260,0,0,0,0,0,0,0,extreme_weather,2,116,205
6/1/2025 17:00,116,6,Sunday,6,1,0,random_or_none,3,hot,0.998,260,0,0,0,0,0,0,0,extreme_weather,2,119,202
6/1/2025 18:00,119,6,Sunday,6,1,0,random_or_none,3,hot,0.872,260,0,0,0,0,0,0,0,extreme_weather,2,116,197
6/1/2025 19:00,116,6,Sunday,6,1,0,random_or_none,3,hot,0.938,260,0,0,0,0,0,0,0,extreme_weather,2,106,260
6/1/2025 20:00,106,6,Sunday,6,1,0,random_or_none,3,hot,0.957,260,0,0,0,0,0,0,0,extreme_weather,2,94,223
6/1/2025 21:00,94,6,Sunday,6,1,0,random_or_none,3,hot,0.864,260,0,0,0,0,0,0,0,extreme_weather,2,88,192
6/1/2025 22:00,88,6,Sunday,6,1,0,random_or_none,3,hot,0.992,260,0,0,0,0,0,0,0,extreme_weather,2,85,247
6/1/2025 23:00,85,6,Sunday,6,1,0,random_or_none,3,hot,0.916,260,0,0,0,0,0,0,0,extreme_weather,2,82,197
6/2/2025 0:00,82,0,Monday,6,0,0,random_or_none,3,hot,0.977,260,0,0,0,0,0,0,0,extreme_weather,2,79,161
6/2/2025 1:00,79,0,Monday,6,0,0,random_or_none,3,hot,0.941,260,0,0,0,0,0,0,0,extreme_weather,2,80,141
6/2/2025 2:00,80,0,Monday,6,0,0,random_or_none,3,hot,0.936,260,0,0,0,0,0,0,0,extreme_weather,2,87,129
6/2/2025 3:00,87,0,Monday,6,0,0,random_or_none,3,hot,0.908,260,0,0,0,0,0,0,0,extreme_weather,2,85,121
6/2/2025 4:00,85,0,Monday,6,0,0,random_or_none,3,hot,0.841,260,0,0,0,0,0,0,0,extreme_weather,2,90,115
6/2/2025 5:00,90,0,Monday,6,0,0,random_or_none,3,hot,0.958,260,0,0,0,0,0,0,0,extreme_weather,2,204,115
6/2/2025 6:00,204,0,Monday,6,0,0,random_or_none,3,hot,0.91,260,0,1,240.24,0,0,0,0,emergency_spike,5,164,121
6/2/2025 7:00,164,0,Monday,6,0,0,random_or_none,3,hot,0.973,260,0,0,0,0,0,0,0,extreme_weather,2,172,130
6/2/2025 8:00,172,0,Monday,6,0,0,random_or_none,3,hot,0.829,260,0,1,73.54,0,0,0,0,emergency_spike,5,170,141
6/2/2025 9:00,170,0,Monday,6,0,0,random_or_none,3,hot,0.904,260,0,0,0,1,0.436,0,0,outbreak_period,3,165,147
6/2/2025 10:00,165,0,Monday,6,0,0,random_or_none,3,hot,0.806,260,0,0,0,1,0.436,0,0,outbreak_period,3,169,158
6/2/2025 11:00,169,0,Monday,6,0,0,random_or_none,3,hot,0.943,260,0,0,0,1,0.436,0,0,outbreak_period,3,178,163
6/2/2025 12:00,178,0,Monday,6,0,0,random_or_none,3,hot,0.838,260,0,0,0,1,0.436,0,0,outbreak_period,3,185,171
6/2/2025 13:00,185,0,Monday,6,0,0,random_or_none,3,hot,0.864,260,0,0,0,1,0.436,0,0,outbreak_period,3,189,181
6/2/2025 14:00,189,0,Monday,6,0,0,random_or_none,3,hot,0.951,260,0,0,0,1,0.436,0,0,outbreak_period,3,199,188
6/2/2025 15:00,199,0,Monday,6,0,0,random_or_none,3,hot,0.863,260,0,0,0,1,0.436,0,0,outbreak_period,3,205,192
6/2/2025 16:00,205,0,Monday,6,0,0,random_or_none,3,hot,0.935,260,0,0,0,1,0.436,0,0,outbreak_period,3,202,197
6/2/2025 17:00,202,0,Monday,6,0,0,random_or_none,3,hot,0.95,260,0,0,0,1,0.436,0,0,outbreak_period,3,197,190
6/2/2025 18:00,197,0,Monday,6,0,0,random_or_none,3,hot,0.856,260,0,0,0,1,0.436,0,0,outbreak_period,3,260,188
6/2/2025 19:00,260,0,Monday,6,0,0,random_or_none,3,hot,0.981,260,1,1,168.81,1,0.436,0,0,capacity_capped,6,223,185
6/2/2025 20:00,223,0,Monday,6,0,0,random_or_none,3,hot,0.854,260,0,0,0,1,0.436,0,0,outbreak_period,3,192,260
6/2/2025 21:00,192,0,Monday,6,0,0,random_or_none,3,hot,0.942,260,0,0,0,1,0.436,0,0,outbreak_period,3,247,217
6/2/2025 22:00,247,0,Monday,6,0,0,random_or_none,3,hot,0.997,260,0,1,173.66,1,0.436,0,0,emergency_spike,5,197,174
6/2/2025 23:00,197,0,Monday,6,0,0,random_or_none,3,hot,0.854,260,0,0,0,1,0.436,0,0,outbreak_period,3,161,153
6/3/2025 0:00,161,1,Tuesday,6,0,0,random_or_none,3,hot,0.873,260,0,0,0,1,0.436,0,0,outbreak_period,3,141,133
6/3/2025 1:00,141,1,Tuesday,6,0,0,random_or_none,3,hot,0.876,260,0,0,0,1,0.436,0,0,outbreak_period,3,129,121
6/3/2025 2:00,129,1,Tuesday,6,0,0,random_or_none,3,hot,0.878,260,0,0,0,1,0.436,0,0,outbreak_period,3,121,115
6/3/2025 3:00,121,1,Tuesday,6,0,0,random_or_none,3,hot,0.98,260,0,0,0,1,0.436,0,0,outbreak_period,3,115,112
6/3/2025 4:00,115,1,Tuesday,6,0,0,random_or_none,3,hot,0.932,260,0,0,0,1,0.436,0,0,outbreak_period,3,115,151
6/3/2025 5:00,115,1,Tuesday,6,0,0,random_or_none,3,hot,0.836,260,0,0,0,1,0.436,0,0,outbreak_period,3,121,138
6/3/2025 6:00,121,1,Tuesday,6,0,0,random_or_none,3,hot,0.875,260,0,0,0,1,0.436,0,0,outbreak_period,3,130,128
6/3/2025 7:00,130,1,Tuesday,6,0,0,random_or_none,3,hot,0.94,260,0,0,0,1,0.436,0,0,outbreak_period,3,141,134
6/3/2025 8:00,141,1,Tuesday,6,0,0,random_or_none,3,hot,0.904,260,0,0,0,1,0.436,0,0,outbreak_period,3,147,145
6/3/2025 9:00,147,1,Tuesday,6,0,0,random_or_none,3,hot,0.971,260,0,0,0,1,0.436,0,0,outbreak_period,3,158,147
6/3/2025 10:00,158,1,Tuesday,6,0,0,random_or_none,3,hot,0.987,260,0,0,0,1,0.436,0,0,outbreak_period,3,163,153
6/3/2025 11:00,163,1,Tuesday,6,0,0,random_or_none,3,hot,0.824,260,0,0,0,1,0.436,0,0,outbreak_period,3,171,163
6/3/2025 12:00,171,1,Tuesday,6,0,0,random_or_none,3,hot,0.95,260,0,0,0,1,0.436,0,0,outbreak_period,3,181,173
6/3/2025 13:00,181,1,Tuesday,6,0,0,random_or_none,3,hot,0.959,260,0,0,0,1,0.436,0,0,outbreak_period,3,188,179
6/3/2025 14:00,188,1,Tuesday,6,0,0,random_or_none,3,hot,0.943,260,0,0,0,1,0.436,0,0,outbreak_period,3,192,185
6/3/2025 15:00,192,1,Tuesday,6,0,0,random_or_none,3,hot,0.896,260,0,0,0,1,0.436,0,0,outbreak_period,3,197,181
6/3/2025 16:00,197,1,Tuesday,6,0,0,random_or_none,3,hot,0.941,260,0,0,0,1,0.436,0,0,outbreak_period,3,190,188
6/3/2025 17:00,190,1,Tuesday,6,0,0,random_or_none,3,hot,0.821,260,0,0,0,1,0.436,0,0,outbreak_period,3,188,187
6/3/2025 18:00,188,1,Tuesday,6,0,0,random_or_none,3,hot,0.809,260,0,0,0,1,0.436,0,0,outbreak_period,3,185,194
6/3/2025 19:00,185,1,Tuesday,6,0,0,random_or_none,3,hot,0.974,260,0,0,0,1,0.436,0,0,outbreak_period,3,260,190
6/3/2025 20:00,260,1,Tuesday,6,0,0,random_or_none,3,hot,0.988,260,1,1,217.89,1,0.436,0,0,capacity_capped,6,217,178
6/3/2025 21:00,217,1,Tuesday,6,0,0,random_or_none,3,hot,0.811,260,0,0,0,1,0.436,0,0,outbreak_period,3,174,170
6/3/2025 22:00,174,1,Tuesday,6,0,0,random_or_none,3,hot,0.973,260,0,0,0,1,0.436,0,0,outbreak_period,3,153,153
6/3/2025 23:00,153,1,Tuesday,6,0,0,random_or_none,3,hot,0.977,260,0,0,0,1,0.436,0,0,outbreak_period,3,133,147
6/4/2025 0:00,133,2,Wednesday,6,0,0,random_or_none,3,hot,0.93,260,0,0,0,1,0.436,0,0,outbreak_period,3,121,131
6/4/2025 1:00,121,2,Wednesday,6,0,0,random_or_none,3,hot,0.818,260,0,0,0,1,0.436,0,0,outbreak_period,3,115,122
6/4/2025 2:00,115,2,Wednesday,6,0,0,random_or_none,3,hot,0.908,260,0,0,0,1,0.436,0,0,outbreak_period,3,112,116
6/4/2025 3:00,112,2,Wednesday,6,0,0,random_or_none,3,hot,0.989,260,0,0,0,1,0.436,0,0,outbreak_period,3,151,113
6/4/2025 4:00,151,2,Wednesday,6,0,0,random_or_none,3,hot,0.874,260,0,1,101.43,1,0.436,0,0,emergency_spike,5,138,109
6/4/2025 5:00,138,2,Wednesday,6,0,0,random_or_none,3,hot,0.863,260,0,0,0,1,0.436,0,0,outbreak_period,3,128,115
6/4/2025 6:00,128,2,Wednesday,6,0,0,random_or_none,3,hot,0.989,260,0,0,0,1,0.436,0,0,outbreak_period,3,134,120
6/4/2025 7:00,134,2,Wednesday,6,0,0,random_or_none,3,hot,0.892,260,0,0,0,1,0.436,0,0,outbreak_period,3,145,122
6/4/2025 8:00,145,2,Wednesday,6,0,0,random_or_none,3,hot,0.801,260,0,0,0,1,0.436,0,0,outbreak_period,3,147,130
6/4/2025 9:00,147,2,Wednesday,6,0,0,random_or_none,3,hot,0.915,260,0,0,0,1,0.436,0,0,outbreak_period,3,153,153
6/4/2025 10:00,153,2,Wednesday,6,0,0,random_or_none,3,hot,0.929,260,0,0,0,1,0.436,0,0,outbreak_period,3,163,154
6/4/2025 11:00,163,2,Wednesday,6,0,0,random_or_none,3,hot,0.971,260,0,0,0,1,0.436,0,0,outbreak_period,3,173,157
6/4/2025 12:00,173,2,Wednesday,6,0,0,random_or_none,3,hot,0.894,260,0,0,0,1,0.436,0,0,outbreak_period,3,179,165
6/4/2025 13:00,179,2,Wednesday,6,0,0,random_or_none,3,hot,0.985,260,0,0,0,1,0.436,0,0,outbreak_period,3,185,183
6/4/2025 14:00,185,2,Wednesday,6,0,0,random_or_none,3,hot,0.908,260,0,0,0,1,0.436,0,0,outbreak_period,3,181,190
6/4/2025 15:00,181,2,Wednesday,6,0,0,random_or_none,3,hot,0.831,260,0,0,0,1,0.436,0,0,outbreak_period,3,188,180
6/4/2025 16:00,188,2,Wednesday,6,0,0,random_or_none,3,hot,0.937,260,0,0,0,1,0.436,0,0,outbreak_period,3,187,181
6/4/2025 17:00,187,2,Wednesday,6,0,0,random_or_none,3,hot,0.872,260,0,0,0,1,0.436,0,0,outbreak_period,3,194,181
6/4/2025 18:00,194,2,Wednesday,6,0,0,random_or_none,3,hot,0.984,260,0,0,0,1,0.436,0,0,outbreak_period,3,190,185
6/4/2025 19:00,190,2,Wednesday,6,0,0,random_or_none,3,hot,0.949,260,0,0,0,1,0.436,0,0,outbreak_period,3,178,176
6/4/2025 20:00,178,2,Wednesday,6,0,0,random_or_none,3,hot,0.944,260,0,0,0,1,0.436,0,0,outbreak_period,3,170,165
6/4/2025 21:00,170,2,Wednesday,6,0,0,random_or_none,3,hot,0.835,260,0,0,0,1,0.436,0,0,outbreak_period,3,153,158
6/4/2025 22:00,153,2,Wednesday,6,0,0,random_or_none,3,hot,0.982,260,0,0,0,1,0.436,0,0,outbreak_period,3,147,133
6/4/2025 23:00,147,2,Wednesday,6,0,0,random_or_none,3,hot,0.811,260,0,0,0,1,0.436,0,0,outbreak_period,3,131,115
6/5/2025 0:00,131,3,Thursday,6,0,0,random_or_none,3,hot,0.879,260,0,0,0,1,0.436,0,0,outbreak_period,3,122,106
6/5/2025 1:00,122,3,Thursday,6,0,0,random_or_none,3,hot,0.913,260,0,0,0,1,0.436,0,0,outbreak_period,3,116,98
6/5/2025 2:00,116,3,Thursday,6,0,0,random_or_none,3,hot,0.987,260,0,0,0,1,0.436,0,0,outbreak_period,3,113,94
6/5/2025 3:00,113,3,Thursday,6,0,0,random_or_none,3,hot,0.806,260,0,0,0,1,0.436,0,0,outbreak_period,3,109,134
6/5/2025 4:00,109,3,Thursday,6,0,0,random_or_none,3,hot,0.99,260,0,0,0,1,0.436,0,0,outbreak_period,3,115,148
6/5/2025 5:00,115,3,Thursday,6,0,0,random_or_none,3,hot,0.937,260,0,0,0,1,0.436,0,0,outbreak_period,3,120,129
6/5/2025 6:00,120,3,Thursday,6,0,0,random_or_none,4,dusty,0.845,260,0,0,0,1,0.436,0,0,outbreak_period,3,122,123
6/5/2025 7:00,122,3,Thursday,6,0,0,random_or_none,3,hot,0.475,260,0,0,0,1,0.436,0,0,outbreak_period,3,130,119
6/5/2025 8:00,130,3,Thursday,6,0,0,random_or_none,1,rainy,0.402,260,0,0,0,1,0.436,0,0,outbreak_period,3,153,127
6/5/2025 9:00,153,3,Thursday,6,0,0,random_or_none,4,dusty,1,260,0,0,0,1,0.436,0,0,outbreak_period,3,154,141
6/5/2025 10:00,154,3,Thursday,6,0,0,random_or_none,0,sunny,0.315,260,0,0,0,1,0.436,0,0,outbreak_period,3,157,142
6/5/2025 11:00,157,3,Thursday,6,0,0,random_or_none,1,rainy,0.158,260,0,0,0,1,0.436,0,0,outbreak_period,3,165,189
6/5/2025 12:00,165,3,Thursday,6,0,0,random_or_none,4,dusty,0.782,260,0,0,0,1,0.436,0,0,outbreak_period,3,183,182
6/5/2025 13:00,183,3,Thursday,6,0,0,random_or_none,1,rainy,0.875,260,0,0,0,1,0.436,0,0,outbreak_period,3,190,177
6/5/2025 14:00,190,3,Thursday,6,0,0,random_or_none,4,dusty,0.853,260,0,0,0,1,0.436,0,0,outbreak_period,3,180,176
6/5/2025 15:00,180,3,Thursday,6,0,0,random_or_none,0,sunny,0.015,260,0,0,0,1,0.436,0,0,outbreak_period,3,181,180
6/5/2025 16:00,181,3,Thursday,6,0,0,random_or_none,0,sunny,0.155,260,0,0,0,1,0.436,0,0,outbreak_period,3,181,185
6/5/2025 17:00,181,3,Thursday,6,0,0,random_or_none,0,sunny,0.124,260,0,0,0,1,0.436,0,0,outbreak_period,3,185,187
6/5/2025 18:00,185,3,Thursday,6,0,0,random_or_none,4,dusty,0.87,260,0,0,0,1,0.436,0,0,outbreak_period,3,176,176
6/5/2025 19:00,176,3,Thursday,6,0,0,random_or_none,2,cold,0.316,260,0,0,0,1,0.436,0,0,outbreak_period,3,165,168
6/5/2025 20:00,165,3,Thursday,6,0,0,random_or_none,0,sunny,0.106,260,0,0,0,1,0.436,0,0,outbreak_period,3,158,157
6/5/2025 21:00,158,3,Thursday,6,0,0,random_or_none,0,sunny,0.097,260,0,0,0,1,0.436,0,0,outbreak_period,3,133,158
6/5/2025 22:00,133,3,Thursday,6,0,0,random_or_none,0,sunny,0.075,260,0,0,0,1,0.436,0,0,outbreak_period,3,115,138
6/5/2025 23:00,115,3,Thursday,6,0,0,random_or_none,0,sunny,0.025,260,0,0,0,1,0.436,0,0,outbreak_period,3,106,139
6/6/2025 0:00,106,4,Friday,6,0,0,random_or_none,3,hot,0.225,260,0,0,0,1,0.436,0,0,outbreak_period,3,98,113
6/6/2025 1:00,98,4,Friday,6,0,0,random_or_none,3,hot,0.289,260,0,0,0,1,0.436,0,0,outbreak_period,3,94,106
6/6/2025 2:00,94,4,Friday,6,0,0,random_or_none,0,sunny,0.263,260,0,0,0,1,0.436,0,0,outbreak_period,3,134,93
6/6/2025 3:00,134,4,Friday,6,0,0,random_or_none,0,sunny,0.136,260,0,1,95.39,1,0.436,0,0,emergency_spike,5,148,91
6/6/2025 4:00,148,4,Friday,6,0,0,random_or_none,3,hot,0.902,260,0,1,65.87,1,0.436,0,0,emergency_spike,5,129,83
6/6/2025 5:00,129,4,Friday,6,0,0,random_or_none,5,windy,0.561,260,0,0,0,1,0.436,0,0,outbreak_period,3,123,83
6/6/2025 6:00,123,4,Friday,6,0,0,random_or_none,0,sunny,0.154,260,0,0,0,1,0.436,0,0,outbreak_period,3,119,91
6/6/2025 7:00,119,4,Friday,6,0,0,random_or_none,2,cold,0.476,260,0,0,0,1,0.436,0,0,outbreak_period,3,127,101
6/6/2025 8:00,127,4,Friday,6,0,0,random_or_none,0,sunny,0.311,260,0,0,0,1,0.436,0,0,outbreak_period,3,141,106
6/6/2025 9:00,141,4,Friday,6,0,0,random_or_none,0,sunny,0.245,260,0,0,0,1,0.436,0,0,outbreak_period,3,142,171
6/6/2025 10:00,142,4,Friday,6,0,0,random_or_none,5,windy,0.165,260,0,0,0,1,0.436,0,0,outbreak_period,3,189,148
6/6/2025 11:00,189,4,Friday,6,0,0,random_or_none,5,windy,0.401,260,0,1,73.61,1,0.436,0,0,emergency_spike,5,182,145
6/6/2025 12:00,182,4,Friday,6,0,0,random_or_none,0,sunny,0.004,260,0,0,0,1,0.436,0,0,outbreak_period,3,177,151
6/6/2025 13:00,177,4,Friday,6,0,0,random_or_none,0,sunny,0.137,260,0,0,0,1,0.436,0,0,outbreak_period,3,176,157
6/6/2025 14:00,176,4,Friday,6,0,0,random_or_none,3,hot,0.354,260,0,0,0,1,0.436,0,0,outbreak_period,3,180,165
6/6/2025 15:00,180,4,Friday,6,0,0,random_or_none,3,hot,0.773,260,0,0,0,1,0.436,0,0,outbreak_period,3,185,157
6/6/2025 16:00,185,4,Friday,6,0,0,random_or_none,0,sunny,0.116,260,0,0,0,1,0.436,0,0,outbreak_period,3,187,157
6/6/2025 17:00,187,4,Friday,6,0,0,random_or_none,3,hot,0.665,260,0,0,0,1,0.436,0,0,outbreak_period,3,176,159
6/6/2025 18:00,176,4,Friday,6,0,0,random_or_none,5,windy,0.185,260,0,0,0,1,0.436,0,0,outbreak_period,3,168,163
6/6/2025 19:00,168,4,Friday,6,0,0,random_or_none,3,hot,0.481,260,0,0,0,1,0.436,0,0,outbreak_period,3,157,159
6/6/2025 20:00,157,4,Friday,6,0,0,random_or_none,0,sunny,0.31,260,0,0,0,1,0.436,0,0,outbreak_period,3,158,154
6/6/2025 21:00,158,4,Friday,6,0,0,random_or_none,4,dusty,0.713,260,0,0,0,1,0.436,0,0,outbreak_period,3,138,131
6/6/2025 22:00,138,4,Friday,6,0,0,random_or_none,0,sunny,0.341,260,0,0,0,1,0.436,0,0,outbreak_period,3,139,113
6/6/2025 23:00,139,4,Friday,6,0,0,random_or_none,3,hot,0.782,260,0,0,0,1,0.436,0,0,outbreak_period,3,113,106
6/7/2025 0:00,113,5,Saturday,6,1,0,random_or_none,0,sunny,0.198,260,0,0,0,1,0.436,0,0,outbreak_period,3,106,86
6/7/2025 1:00,106,5,Saturday,6,1,0,random_or_none,4,dusty,0.543,260,0,0,0,1,0.436,0,0,outbreak_period,3,93,84
6/7/2025 2:00,93,5,Saturday,6,1,0,random_or_none,5,windy,0.464,260,0,0,0,1,0.436,0,0,outbreak_period,3,91,75
6/7/2025 3:00,91,5,Saturday,6,1,0,random_or_none,4,dusty,0.646,260,0,0,0,1,0.436,0,0,outbreak_period,3,83,77
6/7/2025 4:00,83,5,Saturday,6,1,0,random_or_none,0,sunny,0.344,260,0,0,0,1,0.436,0,0,outbreak_period,3,83,74
6/7/2025 5:00,83,5,Saturday,6,1,0,random_or_none,5,windy,0.236,260,0,0,0,1,0.436,0,0,outbreak_period,3,91,74
6/7/2025 6:00,91,5,Saturday,6,1,0,random_or_none,5,windy,0.319,260,0,0,0,1,0.436,0,0,outbreak_period,3,101,84
6/7/2025 7:00,101,5,Saturday,6,1,0,random_or_none,4,dusty,0.473,260,0,0,0,1,0.436,0,0,outbreak_period,3,106,91
6/7/2025 8:00,106,5,Saturday,6,1,0,random_or_none,3,hot,0.204,260,0,0,0,1,0.436,0,0,outbreak_period,3,171,103
6/7/2025 9:00,171,5,Saturday,6,1,0,random_or_none,3,hot,0.541,260,0,1,119.77,1,0.436,0,0,emergency_spike,5,148,116
6/7/2025 10:00,148,5,Saturday,6,1,0,random_or_none,0,sunny,0.037,260,0,0,0,1,0.436,0,0,outbreak_period,3,145,134
6/7/2025 11:00,145,5,Saturday,6,1,0,random_or_none,0,sunny,0.193,260,0,0,0,1,0.436,0,0,outbreak_period,3,151,144
6/7/2025 12:00,151,5,Saturday,6,1,0,random_or_none,5,windy,0.577,260,0,0,0,1,0.436,0,0,outbreak_period,3,157,223
6/7/2025 13:00,157,5,Saturday,6,1,0,random_or_none,4,dusty,0.614,260,0,0,0,1,0.436,0,0,outbreak_period,3,165,222
6/7/2025 14:00,165,5,Saturday,6,1,0,random_or_none,4,dusty,0.967,260,0,0,0,1,0.436,0,0,outbreak_period,3,157,194
6/7/2025 15:00,157,5,Saturday,6,1,0,random_or_none,5,windy,0.2,260,0,0,0,1,0.436,0,0,outbreak_period,3,157,172
6/7/2025 16:00,157,5,Saturday,6,1,0,random_or_none,3,hot,0.274,260,0,0,0,1,0.436,0,0,outbreak_period,3,159,189
6/7/2025 17:00,159,5,Saturday,6,1,0,random_or_none,3,hot,0.415,260,0,0,0,1,0.436,0,0,outbreak_period,3,163,181
6/7/2025 18:00,163,5,Saturday,6,1,0,random_or_none,5,windy,0.643,260,0,0,0,1,0.436,0,0,outbreak_period,3,159,167
6/7/2025 19:00,159,5,Saturday,6,1,0,random_or_none,3,hot,0.151,260,0,0,0,1,0.436,0,0,outbreak_period,3,154,154
6/7/2025 20:00,154,5,Saturday,6,1,0,random_or_none,0,sunny,0.103,260,0,0,0,1,0.436,0,0,outbreak_period,3,131,149
6/7/2025 21:00,131,5,Saturday,6,1,0,random_or_none,0,sunny,0.331,260,0,0,0,1,0.436,0,0,outbreak_period,3,113,125
6/7/2025 22:00,113,5,Saturday,6,1,0,random_or_none,0,sunny,0.098,260,0,0,0,1,0.436,0,0,outbreak_period,3,106,113
6/7/2025 23:00,106,5,Saturday,6,1,0,random_or_none,1,rainy,0.838,260,0,0,0,1,0.436,0,0,outbreak_period,3,86,98
6/8/2025 0:00,86,6,Sunday,6,1,0,random_or_none,0,sunny,0.341,260,0,0,0,1,0.436,0,0,outbreak_period,3,84,104
6/8/2025 1:00,84,6,Sunday,6,1,0,random_or_none,4,dusty,0.865,260,0,0,0,1,0.436,0,0,outbreak_period,3,75,98
6/8/2025 2:00,75,6,Sunday,6,1,0,random_or_none,0,sunny,0.222,260,0,0,0,1,0.436,0,0,outbreak_period,3,77,97
6/8/2025 3:00,77,6,Sunday,6,1,0,random_or_none,0,sunny,0.298,260,0,0,0,1,0.436,0,0,outbreak_period,3,74,100
6/8/2025 4:00,74,6,Sunday,6,1,0,random_or_none,0,sunny,0.126,260,0,0,0,1,0.436,0,0,outbreak_period,3,74,106
6/8/2025 5:00,74,6,Sunday,6,1,0,random_or_none,0,sunny,0.068,260,0,0,0,1,0.436,0,0,outbreak_period,3,84,116
6/8/2025 6:00,84,6,Sunday,6,1,0,random_or_none,4,dusty,0.69,260,0,0,0,1,0.436,0,0,outbreak_period,3,91,112
6/8/2025 7:00,91,6,Sunday,6,1,0,random_or_none,0,sunny,0.345,260,0,0,0,1,0.436,0,0,outbreak_period,3,103,118
6/8/2025 8:00,103,6,Sunday,6,1,0,random_or_none,4,dusty,0.836,260,0,0,0,1,0.436,0,0,outbreak_period,3,116,124
6/8/2025 9:00,116,6,Sunday,6,1,0,random_or_none,3,hot,0.639,260,0,0,0,1,0.436,0,0,outbreak_period,3,134,136
6/8/2025 10:00,134,6,Sunday,6,1,0,random_or_none,4,dusty,0.861,260,0,0,0,1,0.436,0,0,outbreak_period,3,144,149
6/8/2025 11:00,144,6,Sunday,6,1,0,random_or_none,5,windy,0.884,260,0,0,0,1,0.436,0,0,outbreak_period,3,223,152
6/8/2025 12:00,223,6,Sunday,6,1,0,random_or_none,0,sunny,0.303,260,0,1,195.77,1,0.436,0,0,emergency_spike,5,222,260
6/8/2025 13:00,222,6,Sunday,6,1,0,random_or_none,0,sunny,0.33,260,0,1,84.5,1,0.436,0,0,emergency_spike,5,194,224
6/8/2025 14:00,194,6,Sunday,6,1,0,random_or_none,1,rainy,0.583,260,0,0,0,1,0.436,0,0,outbreak_period,3,172,207
6/8/2025 15:00,172,6,Sunday,6,1,0,random_or_none,0,sunny,0.028,260,0,0,0,1,0.436,0,0,outbreak_period,3,189,190
6/8/2025 16:00,189,6,Sunday,6,1,0,random_or_none,1,rainy,0.486,260,0,1,58.63,1,0.436,0,0,emergency_spike,5,181,191
6/8/2025 17:00,181,6,Sunday,6,1,0,random_or_none,1,rainy,0.484,260,0,0,0,1,0.436,0,0,outbreak_period,3,167,185
6/8/2025 18:00,167,6,Sunday,6,1,0,random_or_none,0,sunny,0.334,260,0,0,0,1,0.436,0,0,outbreak_period,3,154,189
6/8/2025 19:00,154,6,Sunday,6,1,0,random_or_none,0,sunny,0.054,260,0,0,0,1,0.436,0,0,outbreak_period,3,149,186
6/8/2025 20:00,149,6,Sunday,6,1,0,random_or_none,4,dusty,0.531,260,0,0,0,1,0.436,0,0,outbreak_period,3,125,167
6/8/2025 21:00,125,6,Sunday,6,1,0,random_or_none,0,sunny,0.013,260,0,0,0,1,0.436,0,0,outbreak_period,3,113,159
6/8/2025 22:00,113,6,Sunday,6,1,0,random_or_none,0,sunny,0.069,260,0,0,0,1,0.436,0,0,outbreak_period,3,98,206
6/8/2025 23:00,98,6,Sunday,6,1,0,random_or_none,3,hot,0.425,260,0,0,0,1,0.436,0,0,outbreak_period,3,104,169
6/9/2025 0:00,104,0,Monday,6,0,0,random_or_none,3,hot,0.284,260,0,0,0,1,0.436,0,0,outbreak_period,3,98,142
6/9/2025 1:00,98,0,Monday,6,0,0,random_or_none,0,sunny,0.292,260,0,0,0,1,0.436,0,0,outbreak_period,3,97,128
6/9/2025 2:00,97,0,Monday,6,0,0,random_or_none,1,rainy,0.355,260,0,0,0,1,0.436,0,0,outbreak_period,3,100,118
6/9/2025 3:00,100,0,Monday,6,0,0,random_or_none,4,dusty,1,260,0,0,0,1,0.436,0,0,outbreak_period,3,106,107
6/9/2025 4:00,106,0,Monday,6,0,0,random_or_none,4,dusty,0.403,260,0,0,0,1,0.436,0,0,outbreak_period,3,116,110
6/9/2025 5:00,116,0,Monday,6,0,0,random_or_none,4,dusty,1,260,0,0,0,1,0.436,0,0,outbreak_period,3,112,111
6/9/2025 6:00,112,0,Monday,6,0,0,random_or_none,0,sunny,0.218,260,0,0,0,1,0.436,0,0,outbreak_period,3,118,116
6/9/2025 7:00,118,0,Monday,6,0,0,random_or_none,5,windy,0.683,260,0,0,0,1,0.436,0,0,outbreak_period,3,124,121
6/9/2025 8:00,124,0,Monday,6,0,0,random_or_none,3,hot,0.454,260,0,0,0,1,0.436,0,0,outbreak_period,3,136,121
6/9/2025 9:00,136,0,Monday,6,0,0,random_or_none,5,windy,0.69,260,0,0,0,1,0.436,0,0,outbreak_period,3,149,136
6/9/2025 10:00,149,0,Monday,6,0,0,random_or_none,0,sunny,0.161,260,0,0,0,1,0.436,0,0,outbreak_period,3,152,144
6/9/2025 11:00,152,0,Monday,6,0,0,random_or_none,0,sunny,0.083,260,0,0,0,1,0.436,0,0,outbreak_period,3,260,151
6/9/2025 12:00,260,0,Monday,6,0,0,random_or_none,1,rainy,0.909,260,1,1,223.02,1,0.436,0,0,capacity_capped,6,224,154
6/9/2025 13:00,224,0,Monday,6,0,0,random_or_none,0,sunny,0.234,260,0,0,0,1,0.436,0,0,outbreak_period,3,207,168
6/9/2025 14:00,207,0,Monday,6,0,0,random_or_none,0,sunny,0.343,260,0,0,0,1,0.436,0,0,outbreak_period,3,190,179
6/9/2025 15:00,190,0,Monday,6,0,0,random_or_none,0,sunny,0.241,260,0,0,0,1,0.436,0,0,outbreak_period,3,191,189
6/9/2025 16:00,191,0,Monday,6,0,0,random_or_none,3,hot,0.787,260,0,0,0,1,0.436,0,0,outbreak_period,3,185,196
6/9/2025 17:00,185,0,Monday,6,0,0,random_or_none,2,cold,0.641,260,0,0,0,1,0.436,0,0,outbreak_period,3,189,201
6/9/2025 18:00,189,0,Monday,6,0,0,random_or_none,1,rainy,0.418,260,0,0,0,1,0.436,0,0,outbreak_period,3,186,199
6/9/2025 19:00,186,0,Monday,6,0,0,random_or_none,3,hot,0.943,260,0,0,0,1,0.436,0,0,outbreak_period,3,167,191
6/9/2025 20:00,167,0,Monday,6,0,0,random_or_none,0,sunny,0.255,260,0,0,0,1,0.436,0,0,outbreak_period,3,159,233
6/9/2025 21:00,159,0,Monday,6,0,0,random_or_none,0,sunny,0.317,260,0,0,0,1,0.436,0,0,outbreak_period,3,206,199
6/9/2025 22:00,206,0,Monday,6,0,0,random_or_none,0,sunny,0.1,260,0,1,132.57,1,0.436,0,0,emergency_spike,5,169,172
6/9/2025 23:00,169,0,Monday,6,0,0,random_or_none,5,windy,0.614,260,0,0,0,1,0.436,0,0,outbreak_period,3,142,144
6/10/2025 0:00,142,1,Tuesday,6,0,0,random_or_none,3,hot,0.802,260,0,0,0,1,0.436,0,0,outbreak_period,3,128,119
6/10/2025 1:00,128,1,Tuesday,6,0,0,random_or_none,4,dusty,0.586,260,0,0,0,1,0.436,0,0,outbreak_period,3,118,101
6/10/2025 2:00,118,1,Tuesday,6,0,0,random_or_none,0,sunny,0.039,260,0,0,0,1,0.436,0,0,outbreak_period,3,107,96
6/10/2025 3:00,107,1,Tuesday,6,0,0,random_or_none,0,sunny,0.084,260,0,0,0,1,0.436,0,0,outbreak_period,3,110,99
6/10/2025 4:00,110,1,Tuesday,6,0,0,random_or_none,3,hot,0.245,260,0,0,0,1,0.436,0,0,outbreak_period,3,111,95
6/10/2025 5:00,111,1,Tuesday,6,0,0,random_or_none,0,sunny,0.234,260,0,0,0,1,0.436,0,0,outbreak_period,3,116,94
6/10/2025 6:00,116,1,Tuesday,6,0,0,random_or_none,3,hot,0.306,260,0,0,0,1,0.436,0,0,outbreak_period,3,121,97
6/10/2025 7:00,121,1,Tuesday,6,0,0,random_or_none,0,sunny,0.272,260,0,0,0,1,0.436,0,0,outbreak_period,3,121,109
6/10/2025 8:00,121,1,Tuesday,6,0,0,random_or_none,0,sunny,0.283,260,0,0,0,1,0.436,0,0,outbreak_period,3,136,124
6/10/2025 9:00,136,1,Tuesday,6,0,0,random_or_none,3,hot,0.233,260,0,0,0,1,0.436,0,0,outbreak_period,3,144,133
6/10/2025 10:00,144,1,Tuesday,6,0,0,random_or_none,5,windy,0.172,260,0,0,0,1,0.436,0,0,outbreak_period,3,151,147
6/10/2025 11:00,151,1,Tuesday,6,0,0,random_or_none,3,hot,0.435,260,0,0,0,1,0.436,0,0,outbreak_period,3,154,163
6/10/2025 12:00,154,1,Tuesday,6,0,0,random_or_none,1,rainy,0.214,260,0,0,0,1,0.436,0,0,outbreak_period,3,168,167
6/10/2025 13:00,168,1,Tuesday,6,0,0,random_or_none,3,hot,0.405,260,0,0,0,1,0.436,0,0,outbreak_period,3,179,185
6/10/2025 14:00,179,1,Tuesday,6,0,0,random_or_none,5,windy,0.643,260,0,0,0,1,0.436,0,0,outbreak_period,3,189,182
6/10/2025 15:00,189,1,Tuesday,6,0,0,random_or_none,3,hot,0.519,260,0,0,0,1,0.436,0,0,outbreak_period,3,196,180
6/10/2025 16:00,196,1,Tuesday,6,0,0,random_or_none,4,dusty,0.992,260,0,0,0,1,0.436,0,0,outbreak_period,3,201,179
6/10/2025 17:00,201,1,Tuesday,6,0,0,random_or_none,5,windy,0.85,260,0,0,0,1,0.436,0,0,outbreak_period,3,199,187
6/10/2025 18:00,199,1,Tuesday,6,0,0,random_or_none,4,dusty,0.609,260,0,0,0,1,0.436,0,0,outbreak_period,3,191,204
6/10/2025 19:00,191,1,Tuesday,6,0,0,random_or_none,3,hot,0.256,260,0,0,0,1,0.436,0,0,outbreak_period,3,233,187
6/10/2025 20:00,233,1,Tuesday,6,0,0,random_or_none,4,dusty,0.584,260,0,1,105.91,1,0.436,0,0,emergency_spike,5,199,169
6/10/2025 21:00,199,1,Tuesday,6,0,0,random_or_none,1,rainy,0.653,260,0,0,0,1,0.436,0,0,outbreak_period,3,172,160
6/10/2025 22:00,172,1,Tuesday,6,0,0,random_or_none,0,sunny,0.154,260,0,0,0,1,0.436,0,0,outbreak_period,3,144,147
6/10/2025 23:00,144,1,Tuesday,6,0,0,random_or_none,0,sunny,0.182,260,0,0,0,1,0.436,0,0,outbreak_period,3,119,114
6/11/2025 0:00,119,2,Wednesday,6,0,0,random_or_none,0,sunny,0.322,260,0,0,0,1,0.436,0,0,outbreak_period,3,101,102
6/11/2025 1:00,101,2,Wednesday,6,0,0,random_or_none,0,sunny,0.065,260,0,0,0,1,0.436,0,0,outbreak_period,3,96,84
6/11/2025 2:00,96,2,Wednesday,6,0,0,random_or_none,5,windy,0.296,260,0,0,0,1,0.436,0,0,outbreak_period,3,99,77
6/11/2025 3:00,99,2,Wednesday,6,0,0,random_or_none,3,hot,0.783,260,0,0,0,1,0.436,0,0,outbreak_period,3,95,77
6/11/2025 4:00,95,2,Wednesday,6,0,0,random_or_none,0,sunny,0.139,260,0,0,0,1,0.436,0,0,outbreak_period,3,94,71
6/11/2025 5:00,94,2,Wednesday,6,0,0,random_or_none,0,sunny,0.012,260,0,0,0,1,0.436,0,0,outbreak_period,3,97,74
6/11/2025 6:00,97,2,Wednesday,6,0,0,random_or_none,0,sunny,0.121,260,0,0,0,1,0.436,0,0,outbreak_period,3,109,79
6/11/2025 7:00,109,2,Wednesday,6,0,0,random_or_none,5,windy,0.17,260,0,0,0,1,0.436,0,0,outbreak_period,3,124,82
6/11/2025 8:00,124,2,Wednesday,6,0,0,random_or_none,3,hot,0.655,260,0,0,0,1,0.436,0,0,outbreak_period,3,133,93
6/11/2025 9:00,133,2,Wednesday,6,0,0,random_or_none,0,sunny,0.215,260,0,0,0,1,0.436,0,0,outbreak_period,3,147,96
6/11/2025 10:00,147,2,Wednesday,6,0,0,random_or_none,5,windy,0.662,260,0,0,0,1,0.436,0,0,outbreak_period,3,163,102
6/11/2025 11:00,163,2,Wednesday,6,0,0,random_or_none,4,dusty,0.895,260,0,0,0,1,0.436,0,0,outbreak_period,3,167,110
6/11/2025 12:00,167,2,Wednesday,6,0,0,random_or_none,5,windy,0.603,260,0,0,0,1,0.436,0,0,outbreak_period,3,185,113
6/11/2025 13:00,185,2,Wednesday,6,0,0,random_or_none,4,dusty,0.988,260,0,0,0,1,0.436,0,0,outbreak_period,3,182,117
6/11/2025 14:00,182,2,Wednesday,6,0,0,random_or_none,0,sunny,0.045,260,0,0,0,1,0.436,0,0,outbreak_period,3,180,116
6/11/2025 15:00,180,2,Wednesday,6,0,0,random_or_none,0,sunny,0.139,260,0,0,0,1,0.436,0,0,outbreak_period,3,179,115
6/11/2025 16:00,179,2,Wednesday,6,0,0,random_or_none,3,hot,0.517,260,0,0,0,1,0.436,0,0,outbreak_period,3,187,120
6/11/2025 17:00,187,2,Wednesday,6,0,0,random_or_none,1,rainy,0.762,260,0,0,0,1,0.436,0,0,outbreak_period,3,204,125
6/11/2025 18:00,204,2,Wednesday,6,0,0,random_or_none,5,windy,0.3,260,0,1,44.85,1,0.436,0,0,emergency_spike,5,187,120
6/11/2025 19:00,187,2,Wednesday,6,0,0,random_or_none,0,sunny,0.296,260,0,0,0,1,0.436,0,0,outbreak_period,3,169,113
6/11/2025 20:00,169,2,Wednesday,6,0,0,random_or_none,3,hot,0.864,260,0,0,0,1,0.436,0,0,outbreak_period,3,160,109
6/11/2025 21:00,160,2,Wednesday,6,0,0,random_or_none,4,dusty,1,260,0,0,0,1,0.436,0,0,outbreak_period,3,147,105
6/11/2025 22:00,147,2,Wednesday,6,0,0,random_or_none,3,hot,0.888,260,0,0,0,1,0.436,0,0,outbreak_period,3,114,107
6/11/2025 23:00,114,2,Wednesday,6,0,0,random_or_none,0,sunny,0.07,260,0,0,0,0,0,0,0,normal,0,102,92
6/12/2025 0:00,102,3,Thursday,6,0,0,random_or_none,0,sunny,0.051,260,0,0,0,0,0,0,0,normal,0,84,83
6/12/2025 1:00,84,3,Thursday,6,0,0,random_or_none,2,cold,0.206,260,0,0,0,0,0,0,0,normal,0,77,76
6/12/2025 2:00,77,3,Thursday,6,0,0,random_or_none,4,dusty,0.279,260,0,0,0,0,0,0,0,normal,0,77,73
6/12/2025 3:00,77,3,Thursday,6,0,0,random_or_none,3,hot,0.686,260,0,0,0,0,0,0,0,normal,0,71,74
6/12/2025 4:00,71,3,Thursday,6,0,0,random_or_none,0,sunny,0.285,260,0,0,0,0,0,0,0,normal,0,74,74
6/12/2025 5:00,74,3,Thursday,6,0,0,random_or_none,4,dusty,0.524,260,0,0,0,0,0,0,0,normal,0,79,63
6/12/2025 6:00,79,3,Thursday,6,0,0,random_or_none,5,windy,0.895,260,0,0,0,0,0,0,0,extreme_weather,2,82,70
6/12/2025 7:00,82,3,Thursday,6,0,0,random_or_none,0,sunny,0.292,260,0,0,0,0,0,0,0,normal,0,93,79
6/12/2025 8:00,93,3,Thursday,6,0,0,random_or_none,4,dusty,0.935,260,0,0,0,0,0,0,0,extreme_weather,2,96,80
6/12/2025 9:00,96,3,Thursday,6,0,0,random_or_none,0,sunny,0.278,260,0,0,0,0,0,0,0,normal,0,102,90
6/12/2025 10:00,102,3,Thursday,6,0,0,random_or_none,5,windy,0.155,260,0,0,0,0,0,0,0,normal,0,110,92
6/12/2025 11:00,110,3,Thursday,6,0,0,random_or_none,0,sunny,0.043,260,0,0,0,0,0,0,0,normal,0,113,104
6/12/2025 12:00,113,3,Thursday,6,0,0,random_or_none,0,sunny,0.311,260,0,0,0,0,0,0,0,normal,0,117,109
6/12/2025 13:00,117,3,Thursday,6,0,0,random_or_none,3,hot,0.557,260,0,0,0,0,0,0,0,normal,0,116,115
6/12/2025 14:00,116,3,Thursday,6,0,0,random_or_none,0,sunny,0.2,260,0,0,0,0,0,0,0,normal,0,115,118
6/12/2025 15:00,115,3,Thursday,6,0,0,random_or_none,0,sunny,0.097,260,0,0,0,0,0,0,0,normal,0,120,121
6/12/2025 16:00,120,3,Thursday,6,0,0,random_or_none,0,sunny,0.088,260,0,0,0,0,0,0,0,normal,0,125,125
6/12/2025 17:00,125,3,Thursday,6,0,0,random_or_none,0,sunny,0.03,260,0,0,0,0,0,0,0,normal,0,120,120
6/12/2025 18:00,120,3,Thursday,6,0,0,random_or_none,0,sunny,0.027,260,0,0,0,0,0,0,0,normal,0,113,122
6/12/2025 19:00,113,3,Thursday,6,0,0,random_or_none,0,sunny,0.199,260,0,0,0,0,0,0,0,normal,0,109,125
6/12/2025 20:00,109,3,Thursday,6,0,0,random_or_none,3,hot,0.451,260,0,0,0,0,0,0,0,normal,0,105,115
6/12/2025 21:00,105,3,Thursday,6,0,0,random_or_none,3,hot,0.794,260,0,0,0,0,0,0,0,extreme_weather,2,107,108
6/12/2025 22:00,107,3,Thursday,6,0,0,random_or_none,4,dusty,0.861,260,0,0,0,0,0,0,0,extreme_weather,2,92,96
6/12/2025 23:00,92,3,Thursday,6,0,0,random_or_none,0,sunny,0.303,260,0,0,0,0,0,0,0,normal,0,83,91
6/13/2025 0:00,83,4,Friday,6,0,0,random_or_none,0,sunny,0.232,260,0,0,0,0,0,0,0,normal,0,76,80
6/13/2025 1:00,76,4,Friday,6,0,0,random_or_none,0,sunny,0.251,260,0,0,0,0,0,0,0,normal,0,73,69
6/13/2025 2:00,73,4,Friday,6,0,0,random_or_none,3,hot,0.52,260,0,0,0,0,0,0,0,normal,0,74,58
6/13/2025 3:00,74,4,Friday,6,0,0,random_or_none,1,rainy,0.53,260,0,0,0,0,0,0,0,normal,0,74,51
6/13/2025 4:00,74,4,Friday,6,0,0,random_or_none,0,sunny,0.313,260,0,0,0,0,0,0,0,normal,0,63,55
6/13/2025 5:00,63,4,Friday,6,0,0,random_or_none,0,sunny,0.153,260,0,0,0,0,0,0,0,normal,0,70,54
6/13/2025 6:00,70,4,Friday,6,0,0,random_or_none,4,dusty,0.646,260,0,0,0,0,0,0,0,normal,0,79,61
6/13/2025 7:00,79,4,Friday,6,0,0,random_or_none,3,hot,0.486,260,0,0,0,0,0,0,0,normal,0,80,61
6/13/2025 8:00,80,4,Friday,6,0,0,random_or_none,3,hot,0.316,260,0,0,0,0,0,0,0,normal,0,90,78
6/13/2025 9:00,90,4,Friday,6,0,0,random_or_none,4,dusty,0.493,260,0,0,0,0,0,0,0,normal,0,92,86
6/13/2025 10:00,92,4,Friday,6,0,0,random_or_none,0,sunny,0.108,260,0,0,0,0,0,0,0,normal,0,104,90
6/13/2025 11:00,104,4,Friday,6,0,0,random_or_none,3,hot,0.418,260,0,0,0,0,0,0,0,normal,0,109,94
6/13/2025 12:00,109,4,Friday,6,0,0,random_or_none,0,sunny,0.055,260,0,0,0,0,0,0,0,normal,0,115,96
6/13/2025 13:00,115,4,Friday,6,0,0,random_or_none,0,sunny,0.283,260,0,0,0,0,0,0,0,normal,0,118,98
6/13/2025 14:00,118,4,Friday,6,0,0,random_or_none,0,sunny,0.224,260,0,0,0,0,0,0,0,normal,0,121,103
6/13/2025 15:00,121,4,Friday,6,0,0,random_or_none,0,sunny,0.049,260,0,0,0,0,0,0,0,normal,0,125,113
6/13/2025 16:00,125,4,Friday,6,0,0,random_or_none,3,hot,0.395,260,0,0,0,0,0,0,0,normal,0,120,121
6/13/2025 17:00,120,4,Friday,6,0,0,random_or_none,0,sunny,0.157,260,0,0,0,0,0,0,0,normal,0,122,126
6/13/2025 18:00,122,4,Friday,6,0,0,random_or_none,0,sunny,0.329,260,0,0,0,0,0,0,0,normal,0,125,116
6/13/2025 19:00,125,4,Friday,6,0,0,random_or_none,0,sunny,0.347,260,0,0,0,0,0,0,0,normal,0,115,104
6/13/2025 20:00,115,4,Friday,6,0,0,random_or_none,0,sunny,0.008,260,0,0,0,0,0,0,0,normal,0,108,94
6/13/2025 21:00,108,4,Friday,6,0,0,random_or_none,0,sunny,0.206,260,0,0,0,0,0,0,0,normal,0,96,93
6/13/2025 22:00,96,4,Friday,6,0,0,random_or_none,0,sunny,0.149,260,0,0,0,0,0,0,0,normal,0,91,84
6/13/2025 23:00,91,4,Friday,6,0,0,random_or_none,5,windy,0.574,260,0,0,0,0,0,0,0,normal,0,80,71
6/14/2025 0:00,80,5,Saturday,6,1,0,random_or_none,3,hot,0.454,260,0,0,0,0,0,0,0,normal,0,69,63
6/14/2025 1:00,69,5,Saturday,6,1,0,random_or_none,3,hot,0.156,260,0,0,0,0,0,0,0,normal,0,58,59
6/14/2025 2:00,58,5,Saturday,6,1,0,random_or_none,0,sunny,0.185,260,0,0,0,0,0,0,0,normal,0,51,51
6/14/2025 3:00,51,5,Saturday,6,1,0,random_or_none,0,sunny,0.027,260,0,0,0,0,0,0,0,normal,0,55,51
6/14/2025 4:00,55,5,Saturday,6,1,0,random_or_none,0,sunny,0.184,260,0,0,0,0,0,0,0,normal,0,54,55
6/14/2025 5:00,54,5,Saturday,6,1,0,random_or_none,3,hot,0.429,260,0,0,0,0,0,0,0,normal,0,61,57
6/14/2025 6:00,61,5,Saturday,6,1,0,random_or_none,3,hot,0.348,260,0,0,0,0,0,0,0,normal,0,61,59
6/14/2025 7:00,61,5,Saturday,6,1,0,random_or_none,1,rainy,0.384,260,0,0,0,0,0,0,0,normal,0,78,64
6/14/2025 8:00,78,5,Saturday,6,1,0,random_or_none,4,dusty,0.958,260,0,0,0,0,0,0,0,extreme_weather,2,86,70
6/14/2025 9:00,86,5,Saturday,6,1,0,random_or_none,3,hot,0.346,260,0,0,0,0,0,0,0,normal,0,90,127
6/14/2025 10:00,90,5,Saturday,6,1,0,random_or_none,5,windy,0.859,260,0,0,0,0,0,0,0,extreme_weather,2,94,110
6/14/2025 11:00,94,5,Saturday,6,1,0,random_or_none,3,hot,0.366,260,0,0,0,0,0,0,0,normal,0,96,105
6/14/2025 12:00,96,5,Saturday,6,1,0,random_or_none,0,sunny,0.266,260,0,0,0,0,0,0,0,normal,0,98,99
6/14/2025 13:00,98,5,Saturday,6,1,0,random_or_none,0,sunny,0.208,260,0,0,0,0,0,0,0,normal,0,103,97
6/14/2025 14:00,103,5,Saturday,6,1,0,random_or_none,0,sunny,0.253,260,0,0,0,0,0,0,0,normal,0,113,104
6/14/2025 15:00,113,5,Saturday,6,1,0,random_or_none,5,windy,0.632,260,0,0,0,0,0,0,0,normal,0,121,105
6/14/2025 16:00,121,5,Saturday,6,1,0,random_or_none,3,hot,0.897,260,0,0,0,0,0,0,0,extreme_weather,2,126,99
6/14/2025 17:00,126,5,Saturday,6,1,0,random_or_none,2,cold,0.67,260,0,0,0,0,0,0,0,normal,0,116,94
6/14/2025 18:00,116,5,Saturday,6,1,0,random_or_none,0,sunny,0.061,260,0,0,0,0,0,0,0,normal,0,104,96
6/14/2025 19:00,104,5,Saturday,6,1,0,random_or_none,0,sunny,0.298,260,0,0,0,0,0,0,0,normal,0,94,103
6/14/2025 20:00,94,5,Saturday,6,1,0,random_or_none,0,sunny,0.248,260,0,0,0,0,0,0,0,normal,0,93,99
6/14/2025 21:00,93,5,Saturday,6,1,0,random_or_none,0,sunny,0.272,260,0,0,0,0,0,0,0,normal,0,84,88
6/14/2025 22:00,84,5,Saturday,6,1,0,random_or_none,0,sunny,0.106,260,0,0,0,0,0,0,0,normal,0,71,84
6/14/2025 23:00,71,5,Saturday,6,1,0,random_or_none,0,sunny,0.253,260,0,0,0,0,0,0,0,normal,0,63,93
6/15/2025 0:00,63,6,Sunday,6,1,0,random_or_none,0,sunny,0.01,260,0,0,0,0,0,0,0,normal,0,59,83
6/15/2025 1:00,59,6,Sunday,6,1,0,random_or_none,4,dusty,0.533,260,0,0,0,0,0,0,0,normal,0,51,76
6/15/2025 2:00,51,6,Sunday,6,1,0,random_or_none,0,sunny,0.125,260,0,0,0,0,0,0,0,normal,0,51,77
6/15/2025 3:00,51,6,Sunday,6,1,0,random_or_none,0,sunny,0.237,260,0,0,0,0,0,0,0,normal,0,55,69
6/15/2025 4:00,55,6,Sunday,6,1,0,random_or_none,0,sunny,0.329,260,0,0,0,0,0,0,0,normal,0,57,66
6/15/2025 5:00,57,6,Sunday,6,1,0,random_or_none,0,sunny,0.024,260,0,0,0,0,0,0,0,normal,0,59,75
6/15/2025 6:00,59,6,Sunday,6,1,0,random_or_none,3,hot,0.301,260,0,0,0,0,0,0,0,normal,0,64,86
6/15/2025 7:00,64,6,Sunday,6,1,0,random_or_none,0,sunny,0.327,260,0,0,0,0,0,0,0,normal,0,70,87
6/15/2025 8:00,70,6,Sunday,6,1,0,random_or_none,0,sunny,0.072,260,0,0,0,0,0,0,0,normal,0,127,92
6/15/2025 9:00,127,6,Sunday,6,1,0,random_or_none,1,rainy,0.743,260,0,1,93.76,0,0,0,0,emergency_spike,5,110,96
6/15/2025 10:00,110,6,Sunday,6,1,0,random_or_none,0,sunny,0.102,260,0,0,0,0,0,0,0,normal,0,105,111
6/15/2025 11:00,105,6,Sunday,6,1,0,random_or_none,0,sunny,0.232,260,0,0,0,0,0,0,0,normal,0,99,112
6/15/2025 12:00,99,6,Sunday,6,1,0,random_or_none,0,sunny,0.26,260,0,0,0,0,0,0,0,normal,0,97,115
6/15/2025 13:00,97,6,Sunday,6,1,0,random_or_none,3,hot,0.172,260,0,0,0,0,0,0,0,normal,0,104,124
6/15/2025 14:00,104,6,Sunday,6,1,0,random_or_none,5,windy,0.862,260,0,0,0,0,0,0,0,extreme_weather,2,105,135
6/15/2025 15:00,105,6,Sunday,6,1,0,random_or_none,5,windy,0.436,260,0,0,0,0,0,0,0,normal,0,99,133
6/15/2025 16:00,99,6,Sunday,6,1,0,random_or_none,0,sunny,0.31,260,0,0,0,0,0,0,0,normal,0,94,136
6/15/2025 17:00,94,6,Sunday,6,1,0,random_or_none,0,sunny,0.1,260,0,0,0,0,0,0,0,normal,0,96,123
6/15/2025 18:00,96,6,Sunday,6,1,0,random_or_none,0,sunny,0.013,260,0,0,0,0,0,0,0,normal,0,103,119
6/15/2025 19:00,103,6,Sunday,6,1,0,random_or_none,3,hot,0.783,260,0,0,0,0,0,0,0,extreme_weather,2,99,122
6/15/2025 20:00,99,6,Sunday,6,1,0,random_or_none,0,sunny,0.057,260,0,0,0,0,0,0,0,normal,0,88,127
6/15/2025 21:00,88,6,Sunday,6,1,0,random_or_none,0,sunny,0.157,260,0,0,0,0,0,0,0,normal,0,84,121
6/15/2025 22:00,84,6,Sunday,6,1,0,random_or_none,5,windy,0.842,260,0,0,0,0,0,0,0,extreme_weather,2,93,113
6/15/2025 23:00,93,6,Sunday,6,1,0,random_or_none,0,sunny,0.278,260,0,1,35.75,0,0,0,0,emergency_spike,5,83,100
6/16/2025 0:00,83,0,Monday,6,0,0,random_or_none,0,sunny,0.201,260,0,0,0,0,0,0,0,normal,0,76,92
6/16/2025 1:00,76,0,Monday,6,0,0,random_or_none,0,sunny,0.069,260,0,0,0,0,0,0,0,normal,0,77,85
6/16/2025 2:00,77,0,Monday,6,0,0,random_or_none,0,sunny,0.257,260,0,0,0,0,0,0,0,normal,0,69,77
6/16/2025 3:00,69,0,Monday,6,0,0,random_or_none,0,sunny,0.286,260,0,0,0,0,0,0,0,normal,0,66,67
6/16/2025 4:00,66,0,Monday,6,0,0,random_or_none,0,sunny,0.272,260,0,0,0,0,0,0,0,normal,0,75,125
6/16/2025 5:00,75,0,Monday,6,0,0,random_or_none,0,sunny,0.262,260,0,0,0,0,0,0,0,normal,0,86,103
6/16/2025 6:00,86,0,Monday,6,0,0,random_or_none,3,hot,0.318,260,0,0,0,0,0,0,0,normal,0,87,96
6/16/2025 7:00,87,0,Monday,6,0,0,random_or_none,4,dusty,0.706,260,0,0,0,0,0,0,0,normal,0,92,86
6/16/2025 8:00,92,0,Monday,6,0,0,random_or_none,0,sunny,0.076,260,0,0,0,0,0,0,0,normal,0,96,86
6/16/2025 9:00,96,0,Monday,6,0,0,random_or_none,0,sunny,0.104,260,0,0,0,0,0,0,0,normal,0,111,92
6/16/2025 10:00,111,0,Monday,6,0,0,random_or_none,2,cold,0.536,260,0,0,0,0,0,0,0,normal,0,112,100
6/16/2025 11:00,112,0,Monday,6,0,0,random_or_none,0,sunny,0.251,260,0,0,0,0,0,0,0,normal,0,115,106
6/16/2025 12:00,115,0,Monday,6,0,0,random_or_none,3,hot,0.256,260,0,0,0,0,0,0,0,normal,0,124,111
6/16/2025 13:00,124,0,Monday,6,0,0,random_or_none,5,windy,0.46,260,0,0,0,0,0,0,0,normal,0,135,112
6/16/2025 14:00,135,0,Monday,6,0,0,random_or_none,3,hot,0.587,260,0,0,0,0,0,0,0,normal,0,133,114
6/16/2025 15:00,133,0,Monday,6,0,0,random_or_none,3,hot,0.659,260,0,0,0,0,0,0,0,normal,0,136,120
6/16/2025 16:00,136,0,Monday,6,0,0,random_or_none,5,windy,0.46,260,0,0,0,0,0,0,0,normal,0,123,125
6/16/2025 17:00,123,0,Monday,6,0,0,random_or_none,0,sunny,0.092,260,0,0,0,0,0,0,0,normal,0,119,118
6/16/2025 18:00,119,0,Monday,6,0,0,random_or_none,3,hot,0.332,260,0,0,0,0,0,0,0,normal,0,122,125
6/16/2025 19:00,122,0,Monday,6,0,0,random_or_none,3,hot,0.269,260,0,0,0,0,0,0,0,normal,0,127,125
6/16/2025 20:00,127,0,Monday,6,0,0,random_or_none,1,rainy,0.294,260,0,0,0,0,0,0,0,normal,0,121,117
6/16/2025 21:00,121,0,Monday,6,0,0,random_or_none,4,dusty,0.567,260,0,0,0,0,0,0,0,normal,0,113,107
6/16/2025 22:00,113,0,Monday,6,0,0,random_or_none,4,dusty,1,260,0,0,0,0,0,0,0,extreme_weather,2,100,95
6/16/2025 23:00,100,0,Monday,6,0,0,random_or_none,0,sunny,0.201,260,0,0,0,0,0,0,0,normal,0,92,87
6/17/2025 0:00,92,1,Tuesday,6,0,0,random_or_none,4,dusty,0.337,260,0,0,0,0,0,0,0,normal,0,85,79
6/17/2025 1:00,85,1,Tuesday,6,0,0,random_or_none,3,hot,0.339,260,0,0,0,0,0,0,0,normal,0,77,83
6/17/2025 2:00,77,1,Tuesday,6,0,0,random_or_none,4,dusty,0.7,260,0,0,0,0,0,0,0,normal,0,67,74
6/17/2025 3:00,67,1,Tuesday,6,0,0,random_or_none,5,windy,0.491,260,0,0,0,0,0,0,0,normal,0,125,68
6/17/2025 4:00,125,1,Tuesday,6,0,0,random_or_none,5,windy,0.369,260,0,1,123.84,0,0,0,0,emergency_spike,5,103,68
6/17/2025 5:00,103,1,Tuesday,6,0,0,random_or_none,0,sunny,0.34,260,0,0,0,0,0,0,0,normal,0,96,75
6/17/2025 6:00,96,1,Tuesday,6,0,0,random_or_none,4,dusty,0.431,260,0,0,0,0,0,0,0,normal,0,86,151
6/17/2025 7:00,86,1,Tuesday,6,0,0,random_or_none,0,sunny,0.05,260,0,0,0,0,0,0,0,normal,0,86,127
6/17/2025 8:00,86,1,Tuesday,6,0,0,random_or_none,0,sunny,0.089,260,0,0,0,0,0,0,0,normal,0,92,112
6/17/2025 9:00,92,1,Tuesday,6,0,0,random_or_none,0,sunny,0.101,260,0,0,0,0,0,0,0,normal,0,100,113
6/17/2025 10:00,100,1,Tuesday,6,0,0,random_or_none,0,sunny,0.132,260,0,0,0,0,0,0,0,normal,0,106,114
6/17/2025 11:00,106,1,Tuesday,6,0,0,random_or_none,3,hot,0.83,260,0,0,0,0,0,0,0,extreme_weather,2,111,121
6/17/2025 12:00,111,1,Tuesday,6,0,0,random_or_none,0,sunny,0.258,260,0,0,0,0,0,0,0,normal,0,112,114
6/17/2025 13:00,112,1,Tuesday,6,0,0,random_or_none,0,sunny,0.106,260,0,0,0,0,0,0,0,normal,0,114,118
6/17/2025 14:00,114,1,Tuesday,6,0,0,random_or_none,5,windy,0.379,260,0,0,0,0,0,0,0,normal,0,120,119
6/17/2025 15:00,120,1,Tuesday,6,0,0,random_or_none,1,rainy,0.159,260,0,0,0,0,0,0,0,normal,0,125,123
6/17/2025 16:00,125,1,Tuesday,6,0,0,random_or_none,4,dusty,0.314,260,0,0,0,0,0,0,0,normal,0,118,117
6/17/2025 17:00,118,1,Tuesday,6,0,0,random_or_none,0,sunny,0.268,260,0,0,0,0,0,0,0,normal,0,125,118
6/17/2025 18:00,125,1,Tuesday,6,0,0,random_or_none,4,dusty,0.625,260,0,0,0,0,0,0,0,normal,0,125,115
6/17/2025 19:00,125,1,Tuesday,6,0,0,random_or_none,3,hot,0.278,260,0,0,0,0,0,0,0,normal,0,117,120
6/17/2025 20:00,117,1,Tuesday,6,0,0,random_or_none,4,dusty,0.601,260,0,0,0,0,0,0,0,normal,0,107,118
6/17/2025 21:00,107,1,Tuesday,6,0,0,random_or_none,0,sunny,0.319,260,0,0,0,0,0,0,0,normal,0,95,105
6/17/2025 22:00,95,1,Tuesday,6,0,0,random_or_none,0,sunny,0.028,260,0,0,0,0,0,0,0,normal,0,87,141
6/17/2025 23:00,87,1,Tuesday,6,0,0,random_or_none,3,hot,0.172,260,0,0,0,0,0,0,0,normal,0,79,112
6/18/2025 0:00,79,2,Wednesday,6,0,0,random_or_none,4,dusty,0.457,260,0,0,0,0,0,0,0,normal,0,83,96
6/18/2025 1:00,83,2,Wednesday,6,0,0,random_or_none,1,rainy,0.478,260,0,0,0,0,0,0,0,normal,0,74,81
6/18/2025 2:00,74,2,Wednesday,6,0,0,random_or_none,3,hot,0.403,260,0,0,0,0,0,0,0,normal,0,68,69
6/18/2025 3:00,68,2,Wednesday,6,0,0,random_or_none,0,sunny,0.234,260,0,0,0,0,0,0,0,normal,0,68,68
6/18/2025 4:00,68,2,Wednesday,6,0,0,random_or_none,3,hot,0.288,260,0,0,0,0,0,0,0,normal,0,75,72
6/18/2025 5:00,75,2,Wednesday,6,0,0,random_or_none,0,sunny,0.151,260,0,0,0,0,0,0,0,normal,0,151,72
6/18/2025 6:00,151,2,Wednesday,6,0,0,random_or_none,3,hot,0.649,260,0,1,160.34,0,0,0,0,emergency_spike,5,127,81
6/18/2025 7:00,127,2,Wednesday,6,0,0,random_or_none,4,dusty,0.498,260,0,0,0,0,0,0,0,normal,0,112,84
6/18/2025 8:00,112,2,Wednesday,6,0,0,random_or_none,0,sunny,0.201,260,0,0,0,0,0,0,0,normal,0,113,88
6/18/2025 9:00,113,2,Wednesday,6,0,0,random_or_none,0,sunny,0.225,260,0,0,0,0,0,0,0,normal,0,114,94
6/18/2025 10:00,114,2,Wednesday,6,0,0,random_or_none,0,sunny,0.332,260,0,0,0,0,0,0,0,normal,0,121,105
6/18/2025 11:00,121,2,Wednesday,6,0,0,random_or_none,3,hot,0.879,260,0,0,0,0,0,0,0,extreme_weather,2,114,109
6/18/2025 12:00,114,2,Wednesday,6,0,0,random_or_none,0,sunny,0.054,260,0,0,0,0,0,0,0,normal,0,118,113
6/18/2025 13:00,118,2,Wednesday,6,0,0,random_or_none,0,sunny,0.313,260,0,0,0,0,0,0,0,normal,0,119,117
6/18/2025 14:00,119,2,Wednesday,6,0,0,random_or_none,3,hot,0.575,260,0,0,0,0,0,0,0,normal,0,123,120
6/18/2025 15:00,123,2,Wednesday,6,0,0,random_or_none,2,cold,0.663,260,0,0,0,0,0,0,0,normal,0,117,131
6/18/2025 16:00,117,2,Wednesday,6,0,0,random_or_none,4,dusty,0.34,260,0,0,0,0,0,0,0,normal,0,118,131
6/18/2025 17:00,118,2,Wednesday,6,0,0,random_or_none,0,sunny,0.184,260,0,0,0,0,0,0,0,normal,0,115,125
6/18/2025 18:00,115,2,Wednesday,6,0,0,random_or_none,0,sunny,0.115,260,0,0,0,0,0,0,0,normal,0,120,124
6/18/2025 19:00,120,2,Wednesday,6,0,0,random_or_none,1,rainy,0.469,260,0,0,0,0,0,0,0,normal,0,118,120
6/18/2025 20:00,118,2,Wednesday,6,0,0,random_or_none,4,dusty,0.805,260,0,0,0,0,0,0,0,extreme_weather,2,105,113
6/18/2025 21:00,105,2,Wednesday,6,0,0,random_or_none,0,sunny,0.326,260,0,0,0,0,0,0,0,normal,0,141,108
6/18/2025 22:00,141,2,Wednesday,6,0,0,random_or_none,0,sunny,0.068,260,0,1,98.23,0,0,0,0,emergency_spike,5,112,107
6/18/2025 23:00,112,2,Wednesday,6,0,0,random_or_none,0,sunny,0.076,260,0,0,0,0,0,0,0,normal,0,96,95
6/19/2025 0:00,96,3,Thursday,6,0,0,random_or_none,0,sunny,0.17,260,0,0,0,0,0,0,0,normal,0,81,82
6/19/2025 1:00,81,3,Thursday,6,0,0,random_or_none,4,dusty,0.405,260,0,0,0,0,0,0,0,normal,0,69,74
6/19/2025 2:00,69,3,Thursday,6,0,0,random_or_none,0,sunny,0.266,260,0,0,0,0,0,0,0,normal,0,68,71
6/19/2025 3:00,68,3,Thursday,6,0,0,random_or_none,3,hot,0.571,260,0,0,0,0,0,0,0,normal,0,72,72
6/19/2025 4:00,72,3,Thursday,6,0,0,random_or_none,3,hot,0.309,260,0,0,0,0,0,0,0,normal,0,72,76
6/19/2025 5:00,72,3,Thursday,6,0,0,random_or_none,0,sunny,0.143,260,0,0,0,0,0,0,0,normal,0,81,81
6/19/2025 6:00,81,3,Thursday,6,0,0,random_or_none,4,dusty,0.789,260,0,0,0,0,0,0,0,extreme_weather,2,84,82
6/19/2025 7:00,84,3,Thursday,6,0,0,random_or_none,0,sunny,0.19,260,0,0,0,0,0,0,0,normal,0,88,83
6/19/2025 8:00,88,3,Thursday,6,0,0,random_or_none,0,sunny,0.113,260,0,0,0,0,0,0,0,normal,0,94,93
6/19/2025 9:00,94,3,Thursday,6,0,0,random_or_none,5,windy,0.824,260,0,0,0,0,0,0,0,extreme_weather,2,105,103
6/19/2025 10:00,105,3,Thursday,6,0,0,random_or_none,0,sunny,0.124,260,0,0,0,0,0,0,0,normal,0,109,105
6/19/2025 11:00,109,3,Thursday,6,0,0,random_or_none,3,hot,0.678,260,0,0,0,0,0,0,0,normal,0,113,108
6/19/2025 12:00,113,3,Thursday,6,0,0,random_or_none,3,hot,0.198,260,0,0,0,0,0,0,0,normal,0,117,115
6/19/2025 13:00,117,3,Thursday,6,0,0,random_or_none,3,hot,0.499,260,0,0,0,0,0,0,0,normal,0,120,116
6/19/2025 14:00,120,3,Thursday,6,0,0,random_or_none,0,sunny,0.295,260,0,0,0,0,0,0,0,normal,0,131,127
6/19/2025 15:00,131,3,Thursday,6,0,0,random_or_none,3,hot,0.458,260,0,0,0,0,0,0,0,normal,0,131,126
6/19/2025 16:00,131,3,Thursday,6,0,0,random_or_none,1,rainy,0.322,260,0,0,0,0,0,0,0,normal,0,125,128
6/19/2025 17:00,125,3,Thursday,6,0,0,random_or_none,0,sunny,0.04,260,0,0,0,0,0,0,0,normal,0,124,153
6/19/2025 18:00,124,3,Thursday,6,0,0,random_or_none,3,hot,0.799,260,0,0,0,0,0,0,0,extreme_weather,2,120,138
6/19/2025 19:00,120,3,Thursday,6,0,0,random_or_none,0,sunny,0.152,260,0,0,0,0,0,0,0,normal,0,113,127
6/19/2025 20:00,113,3,Thursday,6,0,0,random_or_none,4,dusty,0.262,260,0,0,0,0,0,0,0,normal,0,108,117
6/19/2025 21:00,108,3,Thursday,6,0,0,random_or_none,5,windy,0.688,260,0,0,0,0,0,0,0,normal,0,107,107
6/19/2025 22:00,107,3,Thursday,6,0,0,random_or_none,4,dusty,0.997,260,0,0,0,0,0,0,0,extreme_weather,2,95,101
6/19/2025 23:00,95,3,Thursday,6,0,0,random_or_none,3,hot,0.835,260,0,0,0,0,0,0,0,extreme_weather,2,82,91
6/20/2025 0:00,82,4,Friday,6,0,0,random_or_none,0,sunny,0.328,260,0,0,0,0,0,0,0,normal,0,74,80
6/20/2025 1:00,74,4,Friday,6,0,0,random_or_none,5,windy,0.52,260,0,0,0,0,0,0,0,normal,0,71,70
6/20/2025 2:00,71,4,Friday,6,0,0,random_or_none,0,sunny,0.264,260,0,0,0,0,0,0,0,normal,0,72,61
6/20/2025 3:00,72,4,Friday,6,0,0,random_or_none,3,hot,0.897,260,0,0,0,0,0,0,0,extreme_weather,2,76,55
6/20/2025 4:00,76,4,Friday,6,0,0,random_or_none,5,windy,0.76,260,0,0,0,0,0,0,0,extreme_weather,2,81,58
6/20/2025 5:00,81,4,Friday,6,0,0,random_or_none,3,hot,0.915,260,0,0,0,0,0,0,0,extreme_weather,2,82,58
6/20/2025 6:00,82,4,Friday,6,0,0,random_or_none,1,rainy,0.706,260,0,0,0,0,0,0,0,normal,0,83,55
6/20/2025 7:00,83,4,Friday,6,0,0,random_or_none,3,hot,0.348,260,0,0,0,0,0,0,0,normal,0,93,64
6/20/2025 8:00,93,4,Friday,6,0,0,random_or_none,0,sunny,0.174,260,0,0,0,0,0,0,0,normal,0,103,65
6/20/2025 9:00,103,4,Friday,6,0,0,random_or_none,4,dusty,0.833,260,0,0,0,0,0,0,0,extreme_weather,2,105,69
6/20/2025 10:00,105,4,Friday,6,0,0,random_or_none,5,windy,0.55,260,0,0,0,0,0,0,0,normal,0,108,90
6/20/2025 11:00,108,4,Friday,6,0,0,random_or_none,5,windy,0.254,260,0,0,0,0,0,0,0,normal,0,115,107
6/20/2025 12:00,115,4,Friday,6,0,0,random_or_none,0,sunny,0.178,260,0,0,0,0,0,0,0,normal,0,116,103
6/20/2025 13:00,116,4,Friday,6,0,0,random_or_none,0,sunny,0.095,260,0,0,0,0,0,0,0,normal,0,127,106
6/20/2025 14:00,127,4,Friday,6,0,0,random_or_none,3,hot,0.761,260,0,0,0,0,0,0,0,extreme_weather,2,126,105
6/20/2025 15:00,126,4,Friday,6,0,0,random_or_none,3,hot,0.506,260,0,0,0,0,0,0,0,normal,0,128,107
6/20/2025 16:00,128,4,Friday,6,0,0,random_or_none,0,sunny,0.216,260,0,0,0,0,0,0,0,normal,0,153,110
6/20/2025 17:00,153,4,Friday,6,0,0,random_or_none,4,dusty,0.74,260,0,1,48.83,0,0,0,0,emergency_spike,5,138,112
6/20/2025 18:00,138,4,Friday,6,0,0,random_or_none,4,dusty,0.696,260,0,0,0,0,0,0,0,normal,0,127,117
6/20/2025 19:00,127,4,Friday,6,0,0,random_or_none,5,windy,0.363,260,0,0,0,0,0,0,0,normal,0,117,118
6/20/2025 20:00,117,4,Friday,6,0,0,random_or_none,1,rainy,0.305,260,0,0,0,0,0,0,0,normal,0,107,105
6/20/2025 21:00,107,4,Friday,6,0,0,random_or_none,0,sunny,0.085,260,0,0,0,0,0,0,0,normal,0,101,100
6/20/2025 22:00,101,4,Friday,6,0,0,random_or_none,3,hot,0.654,260,0,0,0,0,0,0,0,normal,0,91,88
6/20/2025 23:00,91,4,Friday,6,0,0,random_or_none,3,hot,0.948,260,0,0,0,0,0,0,0,extreme_weather,2,80,81
6/21/2025 0:00,80,5,Saturday,6,1,0,random_or_none,3,hot,0.172,260,0,0,0,0,0,0,0,normal,0,70,68
6/21/2025 1:00,70,5,Saturday,6,1,0,random_or_none,3,hot,0.562,260,0,0,0,0,0,0,0,normal,0,61,57
6/21/2025 2:00,61,5,Saturday,6,1,0,random_or_none,0,sunny,0.338,260,0,0,0,0,0,0,0,normal,0,55,54
6/21/2025 3:00,55,5,Saturday,6,1,0,random_or_none,0,sunny,0.336,260,0,0,0,0,0,0,0,normal,0,58,78
6/21/2025 4:00,58,5,Saturday,6,1,0,random_or_none,0,sunny,0.194,260,0,0,0,0,0,0,0,normal,0,58,72
6/21/2025 5:00,58,5,Saturday,6,1,0,random_or_none,0,sunny,0.292,260,0,0,0,0,0,0,0,normal,0,55,61
6/21/2025 6:00,55,5,Saturday,6,1,0,random_or_none,0,sunny,0.078,260,0,0,0,0,0,0,0,normal,0,64,61
6/21/2025 7:00,64,5,Saturday,6,1,0,random_or_none,5,windy,0.753,260,0,0,0,0,0,0,0,extreme_weather,2,65,68
6/21/2025 8:00,65,5,Saturday,6,1,0,random_or_none,0,sunny,0.285,260,0,0,0,0,0,0,0,normal,0,69,76
6/21/2025 9:00,69,5,Saturday,6,1,0,random_or_none,0,sunny,0.299,260,0,0,0,0,0,0,0,normal,0,90,79
6/21/2025 10:00,90,5,Saturday,6,1,0,random_or_none,3,hot,0.483,260,0,0,0,0,0,0,0,normal,0,107,141
6/21/2025 11:00,107,5,Saturday,6,1,0,random_or_none,0,sunny,0.13,260,0,1,29.12,0,0,0,0,emergency_spike,5,103,122
6/21/2025 12:00,103,5,Saturday,6,1,0,random_or_none,0,sunny,0.121,260,0,0,0,0,0,0,0,normal,0,106,120
6/21/2025 13:00,106,5,Saturday,6,1,0,random_or_none,5,windy,0.734,260,0,0,0,0,0,0,0,normal,0,105,111
6/21/2025 14:00,105,5,Saturday,6,1,0,random_or_none,0,sunny,0.319,260,0,0,0,0,0,0,0,normal,0,107,113
6/21/2025 15:00,107,5,Saturday,6,1,0,random_or_none,0,sunny,0.198,260,0,0,0,0,0,0,0,normal,0,110,112
6/21/2025 16:00,110,5,Saturday,6,1,0,random_or_none,2,cold,0.599,260,0,0,0,0,0,0,0,normal,0,112,112
6/21/2025 17:00,112,5,Saturday,6,1,0,random_or_none,0,sunny,0.266,260,0,0,0,0,0,0,0,normal,0,117,113
6/21/2025 18:00,117,5,Saturday,6,1,0,random_or_none,1,rainy,0.673,260,0,0,0,0,0,0,0,normal,0,118,103
6/21/2025 19:00,118,5,Saturday,6,1,0,random_or_none,4,dusty,0.368,260,0,0,0,0,0,0,0,normal,0,105,99
6/21/2025 20:00,105,5,Saturday,6,1,0,random_or_none,0,sunny,0.241,260,0,0,0,0,0,0,0,normal,0,100,95
6/21/2025 21:00,100,5,Saturday,6,1,0,random_or_none,1,rainy,0.352,260,0,0,0,0,0,0,0,normal,0,88,94
6/21/2025 22:00,88,5,Saturday,6,1,0,random_or_none,1,rainy,0.465,260,0,0,0,0,0,0,0,normal,0,81,85
6/21/2025 23:00,81,5,Saturday,6,1,0,random_or_none,5,windy,0.451,260,0,0,0,0,0,0,0,normal,0,68,76
6/22/2025 0:00,68,6,Sunday,6,1,0,random_or_none,0,sunny,0.329,260,0,0,0,0,0,0,0,normal,0,57,75
6/22/2025 1:00,57,6,Sunday,6,1,0,random_or_none,0,sunny,0.12,260,0,0,0,0,0,0,0,normal,0,54,95
6/22/2025 2:00,54,6,Sunday,6,1,0,random_or_none,5,windy,0.253,260,0,0,0,0,0,0,0,normal,0,78,88
6/22/2025 3:00,78,6,Sunday,6,1,0,random_or_none,5,windy,0.244,260,0,1,61.85,0,0,0,0,emergency_spike,5,72,83
6/22/2025 4:00,72,6,Sunday,6,1,0,random_or_none,1,rainy,0.668,260,0,0,0,0,0,0,0,normal,0,61,70
6/22/2025 5:00,61,6,Sunday,6,1,0,random_or_none,0,sunny,0.315,260,0,0,0,0,0,0,0,normal,0,61,75
6/22/2025 6:00,61,6,Sunday,6,1,0,random_or_none,0,sunny,0.275,260,0,0,0,0,0,0,0,normal,0,68,76
6/22/2025 7:00,68,6,Sunday,6,1,0,random_or_none,0,sunny,0.297,260,0,0,0,0,0,0,0,normal,0,76,85
6/22/2025 8:00,76,6,Sunday,6,1,0,random_or_none,3,hot,0.4,260,0,0,0,0,0,0,0,normal,0,79,90
6/22/2025 9:00,79,6,Sunday,6,1,0,random_or_none,0,sunny,0.122,260,0,0,0,0,0,0,0,normal,0,141,93
6/22/2025 10:00,141,6,Sunday,6,1,0,random_or_none,4,dusty,0.986,260,0,1,108.64,0,0,0,0,emergency_spike,5,122,100
6/22/2025 11:00,122,6,Sunday,6,1,0,random_or_none,0,sunny,0.304,260,0,0,0,0,0,0,0,normal,0,120,111
6/22/2025 12:00,120,6,Sunday,6,1,0,random_or_none,4,dusty,0.544,260,0,0,0,0,0,0,0,normal,0,111,119
6/22/2025 13:00,111,6,Sunday,6,1,0,random_or_none,0,sunny,0.095,260,0,0,0,0,0,0,0,normal,0,113,119
6/22/2025 14:00,113,6,Sunday,6,1,0,random_or_none,4,dusty,0.796,260,0,0,0,0,0,0,0,extreme_weather,2,112,119
6/22/2025 15:00,112,6,Sunday,6,1,0,random_or_none,0,sunny,0.234,260,0,0,0,0,0,0,0,normal,0,112,120
6/22/2025 16:00,112,6,Sunday,6,1,0,random_or_none,5,windy,0.255,260,0,0,0,0,0,0,0,normal,0,113,123
6/22/2025 17:00,113,6,Sunday,6,1,0,random_or_none,3,hot,0.541,260,0,0,0,0,0,0,0,normal,0,103,123
6/22/2025 18:00,103,6,Sunday,6,1,0,random_or_none,0,sunny,0.019,260,0,0,0,0,0,0,0,normal,0,99,180
6/22/2025 19:00,99,6,Sunday,6,1,0,random_or_none,0,sunny,0.21,260,0,0,0,0,0,0,0,normal,0,95,146
6/22/2025 20:00,95,6,Sunday,6,1,0,random_or_none,3,hot,0.365,260,0,0,0,0,0,0,0,normal,0,94,132
6/22/2025 21:00,94,6,Sunday,6,1,0,random_or_none,4,dusty,0.604,260,0,0,0,0,0,0,0,normal,0,85,121
6/22/2025 22:00,85,6,Sunday,6,1,0,random_or_none,5,windy,0.372,260,0,0,0,0,0,0,0,normal,0,76,113
6/22/2025 23:00,76,6,Sunday,6,1,0,random_or_none,3,hot,0.712,260,0,0,0,0,0,0,0,normal,0,75,96
6/23/2025 0:00,75,0,Monday,6,0,0,random_or_none,3,hot,0.358,260,0,0,0,0,0,0,0,normal,0,95,82
6/23/2025 1:00,95,0,Monday,6,0,0,random_or_none,0,sunny,0.179,260,0,1,53.27,0,0,0,0,emergency_spike,5,88,79
6/23/2025 2:00,88,0,Monday,6,0,0,random_or_none,3,hot,0.487,260,0,0,0,0,0,0,0,normal,0,83,75
6/23/2025 3:00,83,0,Monday,6,0,0,random_or_none,5,windy,0.541,260,0,0,0,0,0,0,0,normal,0,70,77
6/23/2025 4:00,70,0,Monday,6,0,0,random_or_none,0,sunny,0.328,260,0,0,0,0,0,0,0,normal,0,75,80
6/23/2025 5:00,75,0,Monday,6,0,0,random_or_none,5,windy,0.568,260,0,0,0,0,0,0,0,normal,0,76,80
6/23/2025 6:00,76,0,Monday,6,0,0,random_or_none,0,sunny,0.19,260,0,0,0,0,0,0,0,normal,0,85,82
6/23/2025 7:00,85,0,Monday,6,0,0,random_or_none,0,sunny,0.239,260,0,0,0,0,0,0,0,normal,0,90,82
6/23/2025 8:00,90,0,Monday,6,0,0,random_or_none,0,sunny,0.242,260,0,0,0,0,0,0,0,normal,0,93,81
6/23/2025 9:00,93,0,Monday,6,0,0,random_or_none,0,sunny,0.079,260,0,0,0,0,0,0,0,normal,0,100,92
6/23/2025 10:00,100,0,Monday,6,0,0,random_or_none,4,dusty,0.364,260,0,0,0,0,0,0,0,normal,0,111,102
6/23/2025 11:00,111,0,Monday,6,0,0,random_or_none,0,sunny,0.098,260,0,0,0,0,0,0,0,normal,0,119,107
6/23/2025 12:00,119,0,Monday,6,0,0,random_or_none,0,sunny,0.168,260,0,0,0,0,0,0,0,normal,0,119,118
6/23/2025 13:00,119,0,Monday,6,0,0,random_or_none,0,sunny,0.326,260,0,0,0,0,0,0,0,normal,0,119,192
6/23/2025 14:00,119,0,Monday,6,0,0,random_or_none,0,sunny,0.285,260,0,0,0,0,0,0,0,normal,0,120,165
6/23/2025 15:00,120,0,Monday,6,0,0,random_or_none,0,sunny,0.278,260,0,0,0,0,0,0,0,normal,0,123,141
6/23/2025 16:00,123,0,Monday,6,0,0,random_or_none,5,windy,0.189,260,0,0,0,0,0,0,0,normal,0,123,129
6/23/2025 17:00,123,0,Monday,6,0,0,random_or_none,0,sunny,0.017,260,0,0,0,0,0,0,0,normal,0,180,127
6/23/2025 18:00,180,0,Monday,6,0,0,random_or_none,0,sunny,0.08,260,0,1,122.13,0,0,0,0,emergency_spike,5,146,127
6/23/2025 19:00,146,0,Monday,6,0,0,random_or_none,0,sunny,0.033,260,0,0,0,0,0,0,0,normal,0,132,127
6/23/2025 20:00,132,0,Monday,6,0,0,random_or_none,3,hot,0.681,260,0,0,0,0,0,0,0,normal,0,121,117
6/23/2025 21:00,121,0,Monday,6,0,0,random_or_none,0,sunny,0.258,260,0,0,0,0,0,0,0,normal,0,113,110
6/23/2025 22:00,113,0,Monday,6,0,0,random_or_none,3,hot,0.645,260,0,0,0,0,0,0,0,normal,0,96,95
6/23/2025 23:00,96,0,Monday,6,0,0,random_or_none,3,hot,0.447,260,0,0,0,0,0,0,0,normal,0,82,84
6/24/2025 0:00,82,1,Tuesday,6,0,0,random_or_none,1,rainy,0.447,260,0,0,0,0,0,0,0,normal,0,79,75
6/24/2025 1:00,79,1,Tuesday,6,0,0,random_or_none,3,hot,0.753,260,0,0,0,0,0,0,0,extreme_weather,2,75,69
6/24/2025 2:00,75,1,Tuesday,6,0,0,random_or_none,3,hot,0.239,260,0,0,0,0,0,0,0,normal,0,77,68
6/24/2025 3:00,77,1,Tuesday,6,0,0,random_or_none,4,dusty,0.678,260,0,0,0,0,0,0,0,normal,0,80,71
6/24/2025 4:00,80,1,Tuesday,6,0,0,random_or_none,3,hot,0.655,260,0,0,0,0,0,0,0,normal,0,80,77
6/24/2025 5:00,80,1,Tuesday,6,0,0,random_or_none,0,sunny,0.213,260,0,0,0,0,0,0,0,normal,0,82,80
6/24/2025 6:00,82,1,Tuesday,6,0,0,random_or_none,5,windy,0.497,260,0,0,0,0,0,0,0,normal,0,82,78
6/24/2025 7:00,82,1,Tuesday,6,0,0,random_or_none,1,rainy,0.36,260,0,0,0,0,0,0,0,normal,0,81,87
6/24/2025 8:00,81,1,Tuesday,6,0,0,random_or_none,0,sunny,0.093,260,0,0,0,0,0,0,0,normal,0,92,90
6/24/2025 9:00,92,1,Tuesday,6,0,0,random_or_none,0,sunny,0.348,260,0,0,0,0,0,0,0,normal,0,102,96
6/24/2025 10:00,102,1,Tuesday,6,0,0,random_or_none,0,sunny,0.064,260,0,0,0,0,0,0,0,normal,0,107,96
6/24/2025 11:00,107,1,Tuesday,6,0,0,random_or_none,0,sunny,0.152,260,0,0,0,0,0,0,0,normal,0,118,109
6/24/2025 12:00,118,1,Tuesday,6,0,0,random_or_none,4,dusty,0.775,260,0,0,0,0,0,0,0,extreme_weather,2,192,116
6/24/2025 13:00,192,1,Tuesday,6,0,0,random_or_none,1,rainy,0.419,260,0,1,156.98,0,0,0,0,emergency_spike,5,165,121
6/24/2025 14:00,165,1,Tuesday,6,0,0,random_or_none,4,dusty,0.85,260,0,0,0,0,0,0,0,extreme_weather,2,141,138
6/24/2025 15:00,141,1,Tuesday,6,0,0,random_or_none,0,sunny,0.037,260,0,0,0,0,0,0,0,normal,0,129,127
6/24/2025 16:00,129,1,Tuesday,6,0,0,random_or_none,0,sunny,0.11,260,0,0,0,0,0,0,0,normal,0,127,125
6/24/2025 17:00,127,1,Tuesday,6,0,0,random_or_none,0,sunny,0.288,260,0,0,0,0,0,0,0,normal,0,127,124
6/24/2025 18:00,127,1,Tuesday,6,0,0,random_or_none,3,hot,0.676,260,0,0,0,0,0,0,0,normal,0,127,127
6/24/2025 19:00,127,1,Tuesday,6,0,0,random_or_none,4,dusty,0.973,260,0,0,0,0,0,0,0,extreme_weather,2,117,122
6/24/2025 20:00,117,1,Tuesday,6,0,0,random_or_none,0,sunny,0.044,260,0,0,0,0,0,0,0,normal,0,110,120
6/24/2025 21:00,110,1,Tuesday,6,0,0,random_or_none,3,hot,0.78,260,0,0,0,0,0,0,0,extreme_weather,2,95,109
6/24/2025 22:00,95,1,Tuesday,6,0,0,random_or_none,0,sunny,0.3,260,0,0,0,0,0,0,0,normal,0,84,97
6/24/2025 23:00,84,1,Tuesday,6,0,0,random_or_none,0,sunny,0.303,260,0,0,0,0,0,0,0,normal,0,75,91
6/25/2025 0:00,75,2,Wednesday,6,0,0,random_or_none,0,sunny,0.149,260,0,0,0,0,0,0,0,normal,0,69,82
6/25/2025 1:00,69,2,Wednesday,6,0,0,random_or_none,3,hot,0.231,260,0,0,0,0,0,0,0,normal,0,68,80
6/25/2025 2:00,68,2,Wednesday,6,0,0,random_or_none,0,sunny,0.099,260,0,0,0,0,0,0,0,normal,0,71,69
6/25/2025 3:00,71,2,Wednesday,6,0,0,random_or_none,3,hot,0.47,260,0,0,0,0,0,0,0,normal,0,77,75
6/25/2025 4:00,77,2,Wednesday,6,0,0,random_or_none,1,rainy,0.786,260,0,0,0,0,0,0,0,extreme_weather,2,80,80
6/25/2025 5:00,80,2,Wednesday,6,0,0,random_or_none,0,sunny,0.154,260,0,0,0,0,0,0,0,normal,0,78,84
6/25/2025 6:00,78,2,Wednesday,6,0,0,random_or_none,0,sunny,0.252,260,0,0,0,0,0,0,0,normal,0,87,89
6/25/2025 7:00,87,2,Wednesday,6,0,0,random_or_none,4,dusty,0.296,260,0,0,0,0,0,0,0,normal,0,90,87
6/25/2025 8:00,90,2,Wednesday,6,0,0,random_or_none,0,sunny,0.306,260,0,0,0,0,0,0,0,normal,0,96,94
6/25/2025 9:00,96,2,Wednesday,6,0,0,random_or_none,3,hot,0.384,260,0,0,0,0,0,0,0,normal,0,96,101
6/25/2025 10:00,96,2,Wednesday,6,0,0,random_or_none,0,sunny,0.117,260,0,0,0,0,0,0,0,normal,0,109,100
6/25/2025 11:00,109,2,Wednesday,6,0,0,random_or_none,3,hot,0.436,260,0,0,0,0,0,0,0,normal,0,116,109
6/25/2025 12:00,116,2,Wednesday,6,0,0,random_or_none,0,sunny,0.133,260,0,0,0,0,0,0,0,normal,0,121,112
6/25/2025 13:00,121,2,Wednesday,6,0,0,random_or_none,3,hot,0.821,260,0,0,0,0,0,0,0,extreme_weather,2,138,110
6/25/2025 14:00,138,2,Wednesday,6,0,0,random_or_none,3,hot,0.295,260,0,1,54.84,0,0,0,0,emergency_spike,5,127,117
6/25/2025 15:00,127,2,Wednesday,6,0,0,random_or_none,3,hot,0.478,260,0,0,0,0,0,0,0,normal,0,125,143
6/25/2025 16:00,125,2,Wednesday,6,0,0,random_or_none,0,sunny,0.062,260,0,0,0,0,0,0,0,normal,0,124,187
6/25/2025 17:00,124,2,Wednesday,6,0,0,random_or_none,5,windy,0.662,260,0,0,0,0,0,0,0,normal,0,127,160
6/25/2025 18:00,127,2,Wednesday,6,0,0,random_or_none,5,windy,0.618,260,0,0,0,0,0,0,0,normal,0,122,137
6/25/2025 19:00,122,2,Wednesday,6,0,0,random_or_none,5,windy,0.401,260,0,0,0,0,0,0,0,normal,0,120,138
6/25/2025 20:00,120,2,Wednesday,6,0,0,random_or_none,3,hot,0.39,260,0,0,0,0,0,0,0,normal,0,109,127
6/25/2025 21:00,109,2,Wednesday,6,0,0,random_or_none,0,sunny,0.066,260,0,0,0,0,0,0,0,normal,0,97,116
6/25/2025 22:00,97,2,Wednesday,6,0,0,random_or_none,0,sunny,0.172,260,0,0,0,0,0,0,0,normal,0,91,143
6/25/2025 23:00,91,2,Wednesday,6,0,0,random_or_none,0,sunny,0.047,260,0,0,0,0,0,0,0,normal,0,82,116
6/26/2025 0:00,82,3,Thursday,6,0,0,random_or_none,5,windy,0.347,260,0,0,0,0,0,0,0,normal,0,80,101
6/26/2025 1:00,80,3,Thursday,6,0,0,random_or_none,4,dusty,0.47,260,0,0,0,0,0,0,0,normal,0,69,92
6/26/2025 2:00,69,3,Thursday,6,0,0,random_or_none,0,sunny,0.144,260,0,0,0,0,0,0,0,normal,0,75,85
6/26/2025 3:00,75,3,Thursday,6,0,0,random_or_none,4,dusty,0.994,260,0,0,0,0,0,0,0,extreme_weather,2,80,79
6/26/2025 4:00,80,3,Thursday,6,0,0,random_or_none,1,rainy,0.886,260,0,0,0,0,0,0,0,extreme_weather,2,84,76
6/26/2025 5:00,84,3,Thursday,6,0,0,random_or_none,5,windy,0.854,260,0,0,0,0,0,0,0,extreme_weather,2,89,82
6/26/2025 6:00,89,3,Thursday,6,0,0,random_or_none,4,dusty,1,260,0,0,0,0,0,0,0,extreme_weather,2,87,78
6/26/2025 7:00,87,3,Thursday,6,0,0,random_or_none,5,windy,0.396,260,0,0,0,0,0,0,0,normal,0,94,76
6/26/2025 8:00,94,3,Thursday,6,0,0,random_or_none,3,hot,0.827,260,0,0,0,0,0,0,0,extreme_weather,2,101,83
6/26/2025 9:00,101,3,Thursday,6,0,0,random_or_none,3,hot,0.49,260,0,0,0,0,0,0,0,normal,0,100,125
6/26/2025 10:00,100,3,Thursday,6,0,0,random_or_none,3,hot,0.246,260,0,0,0,0,0,0,0,normal,0,109,122
6/26/2025 11:00,109,3,Thursday,6,0,0,random_or_none,0,sunny,0.252,260,0,0,0,0,0,0,0,normal,0,112,115
6/26/2025 12:00,112,3,Thursday,6,0,0,random_or_none,0,sunny,0.331,260,0,0,0,0,0,0,0,normal,0,110,119
6/26/2025 13:00,110,3,Thursday,6,0,0,random_or_none,3,hot,0.314,260,0,0,0,0,0,0,0,normal,0,117,153
6/26/2025 14:00,117,3,Thursday,6,0,0,random_or_none,3,hot,0.437,260,0,0,0,0,0,0,0,normal,0,143,140
6/26/2025 15:00,143,3,Thursday,6,0,0,random_or_none,0,sunny,0.166,260,0,1,59,0,0,0,0,emergency_spike,5,187,217
6/26/2025 16:00,187,3,Thursday,6,0,0,random_or_none,0,sunny,0.003,260,0,1,112.16,0,0,0,0,emergency_spike,5,160,176
6/26/2025 17:00,160,3,Thursday,6,0,0,random_or_none,3,hot,0.66,260,0,0,0,0,0,0,0,normal,0,137,147
6/26/2025 18:00,137,3,Thursday,6,0,0,random_or_none,0,sunny,0.191,260,0,0,0,0,0,0,0,normal,0,138,136
6/26/2025 19:00,138,3,Thursday,6,0,0,random_or_none,1,rainy,0.889,260,0,0,0,0,0,0,0,extreme_weather,2,127,126
6/26/2025 20:00,127,3,Thursday,6,0,0,random_or_none,5,windy,0.797,260,0,0,0,0,0,0,0,extreme_weather,2,116,121
6/26/2025 21:00,116,3,Thursday,6,0,0,random_or_none,3,hot,0.51,260,0,0,0,0,0,0,0,normal,0,143,113
6/26/2025 22:00,143,3,Thursday,6,0,0,random_or_none,0,sunny,0.098,260,0,1,103.46,0,0,0,0,emergency_spike,5,116,108
6/26/2025 23:00,116,3,Thursday,6,0,0,random_or_none,4,dusty,0.357,260,0,0,0,0,0,0,0,normal,0,101,90
6/27/2025 0:00,101,4,Friday,6,0,0,random_or_none,2,cold,0.28,260,0,0,0,0,0,0,0,normal,0,92,78
6/27/2025 1:00,92,4,Friday,6,0,0,random_or_none,4,dusty,0.625,260,0,0,0,0,0,0,0,normal,0,85,59
6/27/2025 2:00,85,4,Friday,6,0,0,random_or_none,0,sunny,0.097,260,0,0,0,0,0,0,0,normal,0,79,57
6/27/2025 3:00,79,4,Friday,6,0,0,random_or_none,3,hot,0.271,260,0,0,0,0,0,0,0,normal,0,76,52
6/27/2025 4:00,76,4,Friday,6,0,0,random_or_none,0,sunny,0.327,260,0,0,0,0,0,0,0,normal,0,82,54
6/27/2025 5:00,82,4,Friday,6,0,0,random_or_none,2,cold,0.731,260,0,0,0,0,0,0,0,normal,0,78,55
6/27/2025 6:00,78,4,Friday,6,0,0,random_or_none,0,sunny,0.005,260,0,0,0,0,0,0,0,normal,0,76,56
6/27/2025 7:00,76,4,Friday,6,0,0,random_or_none,0,sunny,0.035,260,0,0,0,0,0,0,0,normal,0,83,60
6/27/2025 8:00,83,4,Friday,6,0,0,random_or_none,3,hot,0.178,260,0,0,0,0,0,0,0,normal,0,125,63
6/27/2025 9:00,125,4,Friday,6,0,0,random_or_none,0,sunny,0.018,260,0,1,78.58,0,0,0,0,emergency_spike,5,122,73
6/27/2025 10:00,122,4,Friday,6,0,0,random_or_none,0,sunny,0.228,260,0,0,0,0,0,0,0,normal,0,115,85
6/27/2025 11:00,115,4,Friday,6,0,0,random_or_none,0,sunny,0.117,260,0,0,0,0,0,0,0,normal,0,119,94
6/27/2025 12:00,119,4,Friday,6,0,0,random_or_none,0,sunny,0.281,260,0,0,0,0,0,0,0,normal,0,153,96
6/27/2025 13:00,153,4,Friday,6,0,0,random_or_none,0,sunny,0.19,260,0,1,70.81,0,0,0,0,emergency_spike,5,140,106
6/27/2025 14:00,140,4,Friday,6,0,0,random_or_none,3,hot,0.4,260,0,0,0,0,0,0,0,normal,0,217,115
6/27/2025 15:00,217,4,Friday,6,0,0,random_or_none,1,rainy,0.6,260,0,1,176.56,0,0,0,0,emergency_spike,5,176,107
6/27/2025 16:00,176,4,Friday,6,0,0,random_or_none,0,sunny,0.162,260,0,0,0,0,0,0,0,normal,0,147,141
6/27/2025 17:00,147,4,Friday,6,0,0,random_or_none,0,sunny,0.033,260,0,0,0,0,0,0,0,normal,0,136,131
6/27/2025 18:00,136,4,Friday,6,0,0,random_or_none,5,windy,0.575,260,0,0,0,0,0,0,0,normal,0,126,117
6/27/2025 19:00,126,4,Friday,6,0,0,random_or_none,0,sunny,0.05,260,0,0,0,0,0,0,0,normal,0,121,110
6/27/2025 20:00,121,4,Friday,6,0,0,random_or_none,4,dusty,0.571,260,0,0,0,0,0,0,0,normal,0,113,100
6/27/2025 21:00,113,4,Friday,6,0,0,random_or_none,0,sunny,0.174,260,0,0,0,0,0,0,0,normal,0,108,90
6/27/2025 22:00,108,4,Friday,6,0,0,random_or_none,3,hot,0.944,260,0,0,0,0,0,0,0,extreme_weather,2,90,84
6/27/2025 23:00,90,4,Friday,6,0,0,random_or_none,0,sunny,0.142,260,0,0,0,0,0,0,0,normal,0,78,70
6/28/2025 0:00,78,5,Saturday,6,1,0,random_or_none,0,sunny,0.079,260,0,0,0,0,0,0,0,normal,0,59,59
6/28/2025 1:00,59,5,Saturday,6,1,0,random_or_none,0,sunny,0.126,260,0,0,0,0,0,0,0,normal,0,57,58
6/28/2025 2:00,57,5,Saturday,6,1,0,random_or_none,0,sunny,0.05,260,0,0,0,0,0,0,0,normal,0,52,59
6/28/2025 3:00,52,5,Saturday,6,1,0,random_or_none,0,sunny,0.334,260,0,0,0,0,0,0,0,normal,0,54,65
6/28/2025 4:00,54,5,Saturday,6,1,0,random_or_none,3,hot,0.164,260,0,0,0,0,0,0,0,normal,0,55,70
6/28/2025 5:00,55,5,Saturday,6,1,0,random_or_none,5,windy,0.812,260,0,0,0,0,0,0,0,extreme_weather,2,56,59
6/28/2025 6:00,56,5,Saturday,6,1,0,random_or_none,0,sunny,0.236,260,0,0,0,0,0,0,0,normal,0,60,64
6/28/2025 7:00,60,5,Saturday,6,1,0,random_or_none,0,sunny,0.046,260,0,0,0,0,0,0,0,normal,0,63,130
6/28/2025 8:00,63,5,Saturday,6,1,0,random_or_none,3,hot,0.632,260,0,0,0,0,0,0,0,normal,0,73,110
6/28/2025 9:00,73,5,Saturday,6,1,0,random_or_none,4,dusty,0.505,260,0,0,0,0,0,0,0,normal,0,85,103
6/28/2025 10:00,85,5,Saturday,6,1,0,random_or_none,3,hot,0.431,260,0,0,0,0,0,0,0,normal,0,94,102
6/28/2025 11:00,94,5,Saturday,6,1,0,random_or_none,3,hot,0.406,260,0,0,0,0,0,0,0,normal,0,96,104
6/28/2025 12:00,96,5,Saturday,6,1,0,random_or_none,3,hot,0.823,260,0,0,0,0,0,0,0,extreme_weather,2,106,109
6/28/2025 13:00,106,5,Saturday,6,1,0,random_or_none,2,cold,0.627,260,0,0,0,0,0,0,0,normal,0,115,105
6/28/2025 14:00,115,5,Saturday,6,1,0,random_or_none,4,dusty,0.952,260,0,0,0,0,0,0,0,extreme_weather,2,107,115
6/28/2025 15:00,107,5,Saturday,6,1,0,random_or_none,3,hot,0.487,260,0,0,0,0,0,0,0,normal,0,141,104
6/28/2025 16:00,141,5,Saturday,6,1,0,random_or_none,0,sunny,0.021,260,0,1,76.85,0,0,0,0,emergency_spike,5,131,107
6/28/2025 17:00,131,5,Saturday,6,1,0,random_or_none,3,hot,0.335,260,0,0,0,0,0,0,0,normal,0,117,102
6/28/2025 18:00,117,5,Saturday,6,1,0,random_or_none,3,hot,0.221,260,0,0,0,0,0,0,0,normal,0,110,97
6/28/2025 19:00,110,5,Saturday,6,1,0,random_or_none,3,hot,0.604,260,0,0,0,0,0,0,0,normal,0,100,101
6/28/2025 20:00,100,5,Saturday,6,1,0,random_or_none,0,sunny,0.018,260,0,0,0,0,0,0,0,normal,0,90,98
6/28/2025 21:00,90,5,Saturday,6,1,0,random_or_none,5,windy,0.82,260,0,0,0,0,0,0,0,extreme_weather,2,84,95
6/28/2025 22:00,84,5,Saturday,6,1,0,random_or_none,0,sunny,0.337,260,0,0,0,0,0,0,0,normal,0,70,82
6/28/2025 23:00,70,5,Saturday,6,1,0,random_or_none,2,cold,0.309,260,0,0,0,0,0,0,0,normal,0,59,70
6/29/2025 0:00,59,6,Sunday,6,1,0,random_or_none,0,sunny,0.157,260,0,0,0,0,0,0,0,normal,0,58,62
6/29/2025 1:00,58,6,Sunday,6,1,0,random_or_none,3,hot,0.572,260,0,0,0,0,0,0,0,normal,0,59,59
6/29/2025 2:00,59,6,Sunday,6,1,0,random_or_none,0,sunny,0.052,260,0,0,0,0,0,0,0,normal,0,65,62
6/29/2025 3:00,65,6,Sunday,6,1,0,random_or_none,0,sunny,0.254,260,0,0,0,0,0,0,0,normal,0,70,85
6/29/2025 4:00,70,6,Sunday,6,1,0,random_or_none,4,dusty,0.954,260,0,0,0,0,0,0,0,extreme_weather,2,59,83
6/29/2025 5:00,59,6,Sunday,6,1,0,random_or_none,0,sunny,0.007,260,0,0,0,0,0,0,0,normal,0,64,78
6/29/2025 6:00,64,6,Sunday,6,1,0,random_or_none,0,sunny,0.278,260,0,0,0,0,0,0,0,normal,0,130,79
6/29/2025 7:00,130,6,Sunday,6,1,0,random_or_none,3,hot,0.64,260,0,1,134.08,0,0,0,0,emergency_spike,5,110,83
6/29/2025 8:00,110,6,Sunday,6,1,0,random_or_none,4,dusty,0.69,260,0,0,0,0,0,0,0,normal,0,103,81
6/29/2025 9:00,103,6,Sunday,6,1,0,random_or_none,3,hot,0.835,260,0,0,0,0,0,0,0,extreme_weather,2,102,94
6/29/2025 10:00,102,6,Sunday,6,1,0,random_or_none,3,hot,0.743,260,0,0,0,0,0,0,0,normal,0,104,107
6/29/2025 11:00,104,6,Sunday,6,1,0,random_or_none,0,sunny,0.16,260,0,0,0,0,0,0,0,normal,0,109,101
6/29/2025 12:00,109,6,Sunday,6,1,0,random_or_none,4,dusty,1,260,0,0,0,0,0,0,0,extreme_weather,2,105,107
6/29/2025 13:00,105,6,Sunday,6,1,0,random_or_none,0,sunny,0.278,260,0,0,0,0,0,0,0,normal,0,115,114
6/29/2025 14:00,115,6,Sunday,6,1,0,random_or_none,3,hot,0.824,260,0,0,0,0,0,0,0,extreme_weather,2,104,116
6/29/2025 15:00,104,6,Sunday,6,1,0,random_or_none,0,sunny,0.35,260,0,0,0,0,0,0,0,normal,0,107,118
6/29/2025 16:00,107,6,Sunday,6,1,0,random_or_none,0,sunny,0.008,260,0,0,0,0,0,0,0,normal,0,102,118
6/29/2025 17:00,102,6,Sunday,6,1,0,random_or_none,0,sunny,0.077,260,0,0,0,0,0,0,0,normal,0,97,119
6/29/2025 18:00,97,6,Sunday,6,1,0,random_or_none,5,windy,0.692,260,0,0,0,0,0,0,0,normal,0,101,108
6/29/2025 19:00,101,6,Sunday,6,1,0,random_or_none,3,hot,0.218,260,0,0,0,0,0,0,0,normal,0,98,105
6/29/2025 20:00,98,6,Sunday,6,1,0,random_or_none,3,hot,0.667,260,0,0,0,0,0,0,0,normal,0,95,102
6/29/2025 21:00,95,6,Sunday,6,1,0,random_or_none,3,hot,0.794,260,0,0,0,0,0,0,0,extreme_weather,2,82,101
6/29/2025 22:00,82,6,Sunday,6,1,0,random_or_none,0,sunny,0.223,260,0,0,0,0,0,0,0,normal,0,70,97
6/29/2025 23:00,70,6,Sunday,6,1,0,random_or_none,0,sunny,0.267,260,0,0,0,0,0,0,0,normal,0,62,89
6/30/2025 0:00,62,0,Monday,6,0,1,random_or_none,0,sunny,0.156,260,0,0,0,0,0,0,0,holiday,1,59,79
6/30/2025 1:00,59,0,Monday,6,0,1,random_or_none,0,sunny,0.312,260,0,0,0,0,0,0,0,holiday,1,62,70
6/30/2025 2:00,62,0,Monday,6,0,1,random_or_none,0,sunny,0.155,260,0,0,0,0,0,0,0,holiday,1,85,78
6/30/2025 3:00,85,0,Monday,6,0,1,random_or_none,0,sunny,0.225,260,0,1,49,0,0,0,0,emergency_spike,5,83,75
6/30/2025 4:00,83,0,Monday,6,0,1,random_or_none,4,dusty,1,260,0,0,0,0,0,0,0,extreme_weather,2,78,70
6/30/2025 5:00,78,0,Monday,6,0,1,random_or_none,0,sunny,0.323,260,0,0,0,0,0,0,0,holiday,1,79,71
6/30/2025 6:00,79,0,Monday,6,0,1,random_or_none,0,sunny,0.336,260,0,0,0,0,0,0,0,holiday,1,83,75
6/30/2025 7:00,83,0,Monday,6,0,1,random_or_none,5,windy,0.523,260,0,0,0,0,0,0,0,holiday,1,81,83
6/30/2025 8:00,81,0,Monday,6,0,1,random_or_none,5,windy,0.501,260,0,0,0,0,0,0,0,holiday,1,94,99
6/30/2025 9:00,94,0,Monday,6,0,1,random_or_none,0,sunny,0.056,260,0,0,0,0,0,0,0,holiday,1,107,107
6/30/2025 10:00,107,0,Monday,6,0,1,random_or_none,0,sunny,0.159,260,0,1,39.9,0,0,0,0,emergency_spike,5,101,103
6/30/2025 11:00,101,0,Monday,6,0,1,random_or_none,3,hot,0.262,260,0,0,0,0,0,0,0,holiday,1,107,111
6/30/2025 12:00,107,0,Monday,6,0,1,random_or_none,0,sunny,0.041,260,0,0,0,0,0,0,0,holiday,1,114,114
6/30/2025 13:00,114,0,Monday,6,0,1,random_or_none,3,hot,0.412,260,0,0,0,0,0,0,0,holiday,1,116,123
6/30/2025 14:00,116,0,Monday,6,0,1,random_or_none,0,sunny,0.303,260,0,0,0,0,0,0,0,holiday,1,118,122
6/30/2025 15:00,118,0,Monday,6,0,1,random_or_none,3,hot,0.325,260,0,0,0,0,0,0,0,holiday,1,118,119
6/30/2025 16:00,118,0,Monday,6,0,1,random_or_none,0,sunny,0.019,260,0,0,0,0,0,0,0,holiday,1,119,124
6/30/2025 17:00,119,0,Monday,6,0,1,random_or_none,0,sunny,0.031,260,0,0,0,0,0,0,0,holiday,1,108,124
6/30/2025 18:00,108,0,Monday,6,0,1,random_or_none,5,windy,0.3,260,0,0,0,0,0,0,0,holiday,1,105,121
6/30/2025 19:00,105,0,Monday,6,0,1,random_or_none,3,hot,0.205,260,0,0,0,0,0,0,0,holiday,1,102,116
6/30/2025 20:00,102,0,Monday,6,0,1,random_or_none,0,sunny,0.317,260,0,0,0,0,0,0,0,holiday,1,101,108
6/30/2025 21:00,101,0,Monday,6,0,1,random_or_none,4,dusty,0.625,260,0,0,0,0,0,0,0,holiday,1,97,110
6/30/2025 22:00,97,0,Monday,6,0,1,random_or_none,4,dusty,0.944,260,0,0,0,0,0,0,0,extreme_weather,2,89,106
6/30/2025 23:00,89,0,Monday,6,0,1,random_or_none,5,windy,0.641,260,0,0,0,0,0,0,0,holiday,1,79,125
7/1/2025 0:00,79,1,Tuesday,7,0,0,random_or_none,1,rainy,0.485,260,0,0,0,0,0,0,0,normal,0,70,103
7/1/2025 1:00,70,1,Tuesday,7,0,0,random_or_none,1,rainy,0.236,260,0,0,0,0,0,0,0,normal,0,78,89
7/1/2025 2:00,78,1,Tuesday,7,0,0,random_or_none,3,hot,0.651,260,0,0,0,0,0,0,0,normal,0,75,84
7/1/2025 3:00,75,1,Tuesday,7,0,0,random_or_none,3,hot,0.965,260,0,0,0,0,0,0,0,extreme_weather,2,70,79
7/1/2025 4:00,70,1,Tuesday,7,0,0,random_or_none,1,rainy,0.216,260,0,0,0,0,0,0,0,normal,0,71,72
7/1/2025 5:00,71,1,Tuesday,7,0,0,random_or_none,3,hot,0.433,260,0,0,0,0,0,0,0,normal,0,75,68
7/1/2025 6:00,75,1,Tuesday,7,0,0,random_or_none,0,sunny,0.064,260,0,0,0,0,0,0,0,normal,0,83,67
7/1/2025 7:00,83,1,Tuesday,7,0,0,random_or_none,3,hot,1,260,0,0,0,0,0,0,0,extreme_weather,2,99,123
7/1/2025 8:00,99,1,Tuesday,7,0,0,random_or_none,4,dusty,1,260,0,0,0,0,0,0,0,extreme_weather,2,107,110
7/1/2025 9:00,107,1,Tuesday,7,0,0,random_or_none,4,dusty,0.974,260,0,0,0,0,0,0,0,extreme_weather,2,103,104
7/1/2025 10:00,103,1,Tuesday,7,0,0,random_or_none,0,sunny,0.296,260,0,0,0,0,0,0,0,normal,0,111,110
7/1/2025 11:00,111,1,Tuesday,7,0,0,random_or_none,3,hot,0.387,260,0,0,0,0,0,0,0,normal,0,114,110
7/1/2025 12:00,114,1,Tuesday,7,0,0,random_or_none,3,hot,0.72,260,0,0,0,0,0,0,0,normal,0,123,117
7/1/2025 13:00,123,1,Tuesday,7,0,0,random_or_none,2,cold,0.83,260,0,0,0,0,0,0,0,extreme_weather,2,122,126
7/1/2025 14:00,122,1,Tuesday,7,0,0,random_or_none,3,hot,0.499,260,0,0,0,0,0,0,0,normal,0,119,131
7/1/2025 15:00,119,1,Tuesday,7,0,0,random_or_none,4,dusty,0.803,260,0,0,0,0,0,0,0,extreme_weather,2,124,126
7/1/2025 16:00,124,1,Tuesday,7,0,0,random_or_none,3,hot,0.886,260,0,0,0,0,0,0,0,extreme_weather,2,124,127
7/1/2025 17:00,124,1,Tuesday,7,0,0,random_or_none,3,hot,0.881,260,0,0,0,0,0,0,0,extreme_weather,2,121,123
7/1/2025 18:00,121,1,Tuesday,7,0,0,random_or_none,0,sunny,0.28,260,0,0,0,0,0,0,0,normal,0,116,116
7/1/2025 19:00,116,1,Tuesday,7,0,0,random_or_none,0,sunny,0.214,260,0,0,0,0,0,0,0,normal,0,108,111
7/1/2025 20:00,108,1,Tuesday,7,0,0,random_or_none,0,sunny,0.028,260,0,0,0,0,0,0,0,normal,0,110,108
7/1/2025 21:00,110,1,Tuesday,7,0,0,random_or_none,3,hot,0.546,260,0,0,0,0,0,0,0,normal,0,106,107
7/1/2025 22:00,106,1,Tuesday,7,0,0,random_or_none,3,hot,1,260,0,0,0,0,0,0,0,extreme_weather,2,125,102
7/1/2025 23:00,125,1,Tuesday,7,0,0,random_or_none,0,sunny,0.147,260,0,1,75.15,0,0,0,0,emergency_spike,5,103,89
7/2/2025 0:00,103,2,Wednesday,7,0,0,random_or_none,3,hot,0.921,260,0,0,0,0,0,0,0,extreme_weather,2,89,118
7/2/2025 1:00,89,2,Wednesday,7,0,0,random_or_none,3,hot,0.958,260,0,0,0,0,0,0,0,extreme_weather,2,84,104
7/2/2025 2:00,84,2,Wednesday,7,0,0,random_or_none,4,dusty,0.421,260,0,0,0,0,0,0,0,normal,0,79,90
7/2/2025 3:00,79,2,Wednesday,7,0,0,random_or_none,3,hot,0.882,260,0,0,0,0,0,0,0,extreme_weather,2,72,72
7/2/2025 4:00,72,2,Wednesday,7,0,0,random_or_none,4,dusty,0.451,260,0,0,0,0,0,0,0,normal,0,68,66
7/2/2025 5:00,68,2,Wednesday,7,0,0,random_or_none,3,hot,0.321,260,0,0,0,0,0,0,0,normal,0,67,73
7/2/2025 6:00,67,2,Wednesday,7,0,0,random_or_none,3,hot,0.808,260,0,0,0,0,0,0,0,extreme_weather,2,123,87
7/2/2025 7:00,123,2,Wednesday,7,0,0,random_or_none,3,hot,0.901,260,0,1,113.31,0,0,0,0,emergency_spike,5,110,82
7/2/2025 8:00,110,2,Wednesday,7,0,0,random_or_none,5,windy,0.76,260,0,0,0,0,0,0,0,extreme_weather,2,104,89
7/2/2025 9:00,104,2,Wednesday,7,0,0,random_or_none,3,hot,1,260,0,0,0,0,0,0,0,extreme_weather,2,110,97
7/2/2025 10:00,110,2,Wednesday,7,0,0,random_or_none,3,hot,0.982,260,0,0,0,0,0,0,0,extreme_weather,2,110,104
7/2/2025 11:00,110,2,Wednesday,7,0,0,random_or_none,1,rainy,0.434,260,0,0,0,0,0,0,0,normal,0,117,103
7/2/2025 12:00,117,2,Wednesday,7,0,0,random_or_none,1,rainy,0.942,260,0,0,0,0,0,0,0,extreme_weather,2,126,109
7/2/2025 13:00,126,2,Wednesday,7,0,0,random_or_none,3,hot,1,260,0,0,0,0,0,0,0,extreme_weather,2,131,116
7/2/2025 14:00,131,2,Wednesday,7,0,0,random_or_none,4,dusty,1,260,0,0,0,0,0,0,0,extreme_weather,2,126,125
7/2/2025 15:00,126,2,Wednesday,7,0,0,random_or_none,3,hot,0.4,260,0,0,0,0,0,0,0,normal,0,127,119
7/2/2025 16:00,127,2,Wednesday,7,0,0,random_or_none,3,hot,0.803,260,0,0,0,0,0,0,0,extreme_weather,2,123,124
7/2/2025 17:00,123,2,Wednesday,7,0,0,random_or_none,4,dusty,0.707,260,0,0,0,0,0,0,0,normal,0,116,123
7/2/2025 18:00,116,2,Wednesday,7,0,0,random_or_none,3,hot,0.646,260,0,0,0,0,0,0,0,normal,0,111,121
7/2/2025 19:00,111,2,Wednesday,7,0,0,random_or_none,0,sunny,0.292,260,0,0,0,0,0,0,0,normal,0,108,112
7/2/2025 20:00,108,2,Wednesday,7,0,0,random_or_none,3,hot,0.84,260,0,0,0,0,0,0,0,extreme_weather,2,107,108
7/2/2025 21:00,107,2,Wednesday,7,0,0,random_or_none,4,dusty,0.724,260,0,0,0,0,0,0,0,normal,0,102,106
7/2/2025 22:00,102,2,Wednesday,7,0,0,random_or_none,3,hot,1,260,0,0,0,0,0,0,0,extreme_weather,2,89,103
7/2/2025 23:00,89,2,Wednesday,7,0,0,random_or_none,3,hot,0.37,260,0,0,0,0,0,0,0,normal,0,118,94
7/3/2025 0:00,118,3,Thursday,7,0,0,random_or_none,4,dusty,0.745,260,0,1,79.4,0,0,0,0,emergency_spike,5,104,157
7/3/2025 1:00,104,3,Thursday,7,0,0,random_or_none,3,hot,0.896,260,0,0,0,0,0,0,0,extreme_weather,2,90,112
7/3/2025 2:00,90,3,Thursday,7,0,0,random_or_none,3,hot,1,260,0,0,0,0,0,0,0,extreme_weather,2,72,93
7/3/2025 3:00,72,3,Thursday,7,0,0,random_or_none,0,sunny,0.134,260,0,0,0,0,0,0,0,normal,0,66,84
7/3/2025 4:00,66,3,Thursday,7,0,0,random_or_none,3,hot,0.64,260,0,0,0,0,0,0,0,normal,0,73,81
7/3/2025 5:00,73,3,Thursday,7,0,0,random_or_none,3,hot,0.764,260,0,0,0,0,0,0,0,extreme_weather,2,87,83
7/3/2025 6:00,87,3,Thursday,7,0,0,random_or_none,1,rainy,0.895,260,0,0,0,0,0,0,0,extreme_weather,2,82,80
7/3/2025 7:00,82,3,Thursday,7,0,0,random_or_none,3,hot,0.311,260,0,0,0,0,0,0,0,normal,0,89,89
7/3/2025 8:00,89,3,Thursday,7,0,0,random_or_none,3,hot,0.377,260,0,0,0,0,0,0,0,normal,0,97,89
7/3/2025 9:00,97,3,Thursday,7,0,0,random_or_none,3,hot,1,260,0,0,0,0,0,0,0,extreme_weather,2,104,89
7/3/2025 10:00,104,3,Thursday,7,0,0,random_or_none,3,hot,0.918,260,0,0,0,0,0,0,0,extreme_weather,2,103,96
7/3/2025 11:00,103,3,Thursday,7,0,0,random_or_none,0,sunny,0.078,260,0,0,0,0,0,0,0,normal,0,109,110
7/3/2025 12:00,109,3,Thursday,7,0,0,random_or_none,0,sunny,0.102,260,0,0,0,0,0,0,0,normal,0,116,121
7/3/2025 13:00,116,3,Thursday,7,0,0,random_or_none,3,hot,0.711,260,0,0,0,0,0,0,0,normal,0,125,132
7/3/2025 14:00,125,3,Thursday,7,0,0,random_or_none,3,hot,0.944,260,0,0,0,0,0,0,0,extreme_weather,2,119,124
7/3/2025 15:00,119,3,Thursday,7,0,0,random_or_none,0,sunny,0.267,260,0,0,0,0,0,0,0,normal,0,124,124
7/3/2025 16:00,124,3,Thursday,7,0,0,random_or_none,1,rainy,0.709,260,0,0,0,0,0,0,0,normal,0,123,119
7/3/2025 17:00,123,3,Thursday,7,0,0,random_or_none,4,dusty,0.76,260,0,0,0,0,0,0,0,extreme_weather,2,121,112
7/3/2025 18:00,121,3,Thursday,7,0,0,random_or_none,3,hot,0.255,260,0,0,0,0,0,0,0,normal,0,112,111
7/3/2025 19:00,112,3,Thursday,7,0,0,random_or_none,3,hot,0.888,260,0,0,0,0,0,0,0,extreme_weather,2,108,116
7/3/2025 20:00,108,3,Thursday,7,0,0,random_or_none,4,dusty,0.969,260,0,0,0,0,0,0,0,extreme_weather,2,106,113
7/3/2025 21:00,106,3,Thursday,7,0,0,random_or_none,3,hot,0.992,260,0,0,0,0,0,0,0,extreme_weather,2,103,113
7/3/2025 22:00,103,3,Thursday,7,0,0,random_or_none,4,dusty,1,260,0,0,0,0,0,0,0,extreme_weather,2,94,100
7/3/2025 23:00,94,3,Thursday,7,0,0,random_or_none,3,hot,0.776,260,0,0,0,0,0,0,0,extreme_weather,2,157,85
7/4/2025 0:00,157,4,Friday,7,0,0,random_or_none,3,hot,0.692,260,0,1,165.58,0,0,0,0,emergency_spike,5,112,72
7/4/2025 1:00,112,4,Friday,7,0,0,random_or_none,0,sunny,0.007,260,0,0,0,0,0,0,0,normal,0,93,65
7/4/2025 2:00,93,4,Friday,7,0,0,random_or_none,3,hot,0.983,260,0,0,0,0,0,0,0,extreme_weather,2,84,64
7/4/2025 3:00,84,4,Friday,7,0,0,random_or_none,0,sunny,0.013,260,0,0,0,0,0,0,0,normal,0,81,56
7/4/2025 4:00,81,4,Friday,7,0,0,random_or_none,3,hot,0.628,260,0,0,0,0,0,0,0,normal,0,83,61
7/4/2025 5:00,83,4,Friday,7,0,0,random_or_none,3,hot,0.852,260,0,0,0,0,0,0,0,extreme_weather,2,80,65
7/4/2025 6:00,80,4,Friday,7,0,0,random_or_none,3,hot,0.791,260,0,0,0,0,0,0,0,extreme_weather,2,89,60
7/4/2025 7:00,89,4,Friday,7,0,0,random_or_none,0,sunny,0.272,260,0,0,0,0,0,0,0,normal,0,89,67
7/4/2025 8:00,89,4,Friday,7,0,0,random_or_none,3,hot,0.354,260,0,0,0,0,0,0,0,normal,0,89,63
7/4/2025 9:00,89,4,Friday,7,0,0,random_or_none,3,hot,0.406,260,0,0,0,0,0,0,0,normal,0,96,83
7/4/2025 10:00,96,4,Friday,7,0,0,random_or_none,4,dusty,0.824,260,0,0,0,0,0,0,0,extreme_weather,2,110,99
7/4/2025 11:00,110,4,Friday,7,0,0,random_or_none,4,dusty,1,260,0,0,0,0,0,0,0,extreme_weather,2,121,99
7/4/2025 12:00,121,4,Friday,7,0,0,random_or_none,3,hot,0.74,260,0,0,0,0,0,0,0,normal,0,132,101
7/4/2025 13:00,132,4,Friday,7,0,0,random_or_none,4,dusty,0.921,260,0,0,0,0,0,0,0,extreme_weather,2,124,145
7/4/2025 14:00,124,4,Friday,7,0,0,random_or_none,0,sunny,0.322,260,0,0,0,0,0,0,0,normal,0,124,129
7/4/2025 15:00,124,4,Friday,7,0,0,random_or_none,3,hot,1,260,0,0,0,0,0,0,0,extreme_weather,2,119,119
7/4/2025 16:00,119,4,Friday,7,0,0,random_or_none,0,sunny,0.018,260,0,0,0,0,0,0,0,normal,0,112,115
7/4/2025 17:00,112,4,Friday,7,0,0,random_or_none,0,sunny,0.328,260,0,0,0,0,0,0,0,normal,0,111,120
7/4/2025 18:00,111,4,Friday,7,0,0,random_or_none,0,sunny,0.082,260,0,0,0,0,0,0,0,normal,0,116,106
7/4/2025 19:00,116,4,Friday,7,0,0,random_or_none,3,hot,0.373,260,0,0,0,0,0,0,0,normal,0,113,102
7/4/2025 20:00,113,4,Friday,7,0,0,random_or_none,5,windy,0.603,260,0,0,0,0,0,0,0,normal,0,113,97
7/4/2025 21:00,113,4,Friday,7,0,0,random_or_none,3,hot,1,260,0,0,0,0,0,0,0,extreme_weather,2,100,86
7/4/2025 22:00,100,4,Friday,7,0,0,random_or_none,5,windy,0.732,260,0,0,0,0,0,0,0,normal,0,85,79
7/4/2025 23:00,85,4,Friday,7,0,0,random_or_none,3,hot,0.367,260,0,0,0,0,0,0,0,normal,0,72,80
7/5/2025 0:00,72,5,Saturday,7,1,0,random_or_none,0,sunny,0.249,260,0,0,0,0,0,0,0,normal,0,65,65
7/5/2025 1:00,65,5,Saturday,7,1,0,random_or_none,0,sunny,0.302,260,0,0,0,0,0,0,0,normal,0,64,60
7/5/2025 2:00,64,5,Saturday,7,1,0,random_or_none,4,dusty,0.572,260,0,0,0,0,0,0,0,normal,0,56,55
7/5/2025 3:00,56,5,Saturday,7,1,0,random_or_none,3,hot,0.86,260,0,0,0,0,0,0,0,extreme_weather,2,61,51
7/5/2025 4:00,61,5,Saturday,7,1,0,random_or_none,3,hot,0.837,260,0,0,0,0,0,0,0,extreme_weather,2,65,46
7/5/2025 5:00,65,5,Saturday,7,1,0,random_or_none,3,hot,1,260,0,0,0,0,0,0,0,extreme_weather,2,60,55
7/5/2025 6:00,60,5,Saturday,7,1,0,random_or_none,0,sunny,0.148,260,0,0,0,0,0,0,0,normal,0,67,63
7/5/2025 7:00,67,5,Saturday,7,1,0,random_or_none,0,sunny,0.04,260,0,0,0,0,0,0,0,normal,0,63,64
7/5/2025 8:00,63,5,Saturday,7,1,0,random_or_none,0,sunny,0.202,260,0,0,0,0,0,0,0,normal,0,83,73
7/5/2025 9:00,83,5,Saturday,7,1,0,random_or_none,4,dusty,0.968,260,0,0,0,0,0,0,0,extreme_weather,2,99,75
7/5/2025 10:00,99,5,Saturday,7,1,0,random_or_none,4,dusty,0.525,260,0,0,0,0,0,0,0,normal,0,99,87
7/5/2025 11:00,99,5,Saturday,7,1,0,random_or_none,4,dusty,0.41,260,0,0,0,0,0,0,0,normal,0,101,99
7/5/2025 12:00,101,5,Saturday,7,1,0,random_or_none,3,hot,0.642,260,0,0,0,0,0,0,0,normal,0,145,101
7/5/2025 13:00,145,5,Saturday,7,1,0,random_or_none,3,hot,0.755,260,0,1,88.47,0,0,0,0,emergency_spike,5,129,101
7/5/2025 14:00,129,5,Saturday,7,1,0,random_or_none,2,cold,0.4,260,0,0,0,0,0,0,0,normal,0,119,100
7/5/2025 15:00,119,5,Saturday,7,1,0,random_or_none,3,hot,0.264,260,0,0,0,0,0,0,0,normal,0,115,102
7/5/2025 16:00,115,5,Saturday,7,1,0,random_or_none,3,hot,0.649,260,0,0,0,0,0,0,0,normal,0,120,106
7/5/2025 17:00,120,5,Saturday,7,1,0,random_or_none,4,dusty,0.963,260,0,0,0,0,0,0,0,extreme_weather,2,106,111
7/5/2025 18:00,106,5,Saturday,7,1,0,random_or_none,4,dusty,0.611,260,0,0,0,0,0,0,0,normal,0,102,110
7/5/2025 19:00,102,5,Saturday,7,1,0,random_or_none,3,hot,0.708,260,0,0,0,0,0,0,0,normal,0,97,107
7/5/2025 20:00,97,5,Saturday,7,1,0,random_or_none,3,hot,0.639,260,0,0,0,0,0,0,0,normal,0,86,98
7/5/2025 21:00,86,5,Saturday,7,1,0,random_or_none,0,sunny,0.258,260,0,0,0,0,0,0,0,normal,0,79,90
7/5/2025 22:00,79,5,Saturday,7,1,0,random_or_none,0,sunny,0.055,260,0,0,0,0,0,0,0,normal,0,80,79
7/5/2025 23:00,80,5,Saturday,7,1,0,random_or_none,3,hot,0.831,260,0,0,0,0,0,0,0,extreme_weather,2,65,71
7/6/2025 0:00,65,6,Sunday,7,1,0,random_or_none,0,sunny,0.104,260,0,0,0,0,0,0,0,normal,0,60,68
7/6/2025 1:00,60,6,Sunday,7,1,0,random_or_none,4,dusty,0.857,260,0,0,0,0,0,0,0,extreme_weather,2,55,73
7/6/2025 2:00,55,6,Sunday,7,1,0,random_or_none,4,dusty,0.615,260,0,0,0,0,0,0,0,normal,0,51,67
7/6/2025 3:00,51,6,Sunday,7,1,0,random_or_none,0,sunny,0.218,260,0,0,0,0,0,0,0,normal,0,46,69
7/6/2025 4:00,46,6,Sunday,7,1,0,random_or_none,3,hot,0.612,260,0,0,0,0,0,0,0,normal,0,55,75
7/6/2025 5:00,55,6,Sunday,7,1,0,random_or_none,3,hot,0.701,260,0,0,0,0,0,0,0,normal,0,63,76
7/6/2025 6:00,63,6,Sunday,7,1,0,random_or_none,4,dusty,0.459,260,0,0,0,0,0,0,0,normal,0,64,84
7/6/2025 7:00,64,6,Sunday,7,1,0,random_or_none,4,dusty,0.386,260,0,0,0,0,0,0,0,normal,0,73,81
7/6/2025 8:00,73,6,Sunday,7,1,0,random_or_none,3,hot,0.671,260,0,0,0,0,0,0,0,normal,0,75,90
7/6/2025 9:00,75,6,Sunday,7,1,0,random_or_none,3,hot,0.821,260,0,0,0,0,0,0,0,extreme_weather,2,87,99
7/6/2025 10:00,87,6,Sunday,7,1,0,random_or_none,3,hot,0.519,260,0,0,0,0,0,0,0,normal,0,99,101
7/6/2025 11:00,99,6,Sunday,7,1,0,random_or_none,3,hot,0.327,260,0,0,0,0,0,0,0,normal,0,101,105
7/6/2025 12:00,101,6,Sunday,7,1,0,random_or_none,0,sunny,0.116,260,0,0,0,0,0,0,0,normal,0,101,119
7/6/2025 13:00,101,6,Sunday,7,1,0,random_or_none,0,sunny,0.346,260,0,0,0,0,0,0,0,normal,0,100,124
7/6/2025 14:00,100,6,Sunday,7,1,0,random_or_none,4,dusty,0.767,260,0,0,0,0,0,0,0,extreme_weather,2,102,125
7/6/2025 15:00,102,6,Sunday,7,1,0,random_or_none,4,dusty,0.581,260,0,0,0,0,0,0,0,normal,0,106,206
7/6/2025 16:00,106,6,Sunday,7,1,0,random_or_none,4,dusty,0.565,260,0,0,0,0,0,0,0,normal,0,111,173
7/6/2025 17:00,111,6,Sunday,7,1,0,random_or_none,0,sunny,0.046,260,0,0,0,0,0,0,0,normal,0,110,148
7/6/2025 18:00,110,6,Sunday,7,1,0,random_or_none,3,hot,0.813,260,0,0,0,0,0,0,0,extreme_weather,2,107,163
7/6/2025 19:00,107,6,Sunday,7,1,0,random_or_none,1,rainy,0.366,260,0,0,0,0,0,0,0,normal,0,98,164
7/6/2025 20:00,98,6,Sunday,7,1,0,random_or_none,3,hot,0.78,260,0,0,0,0,0,0,0,extreme_weather,2,90,163
7/6/2025 21:00,90,6,Sunday,7,1,0,random_or_none,4,dusty,0.721,260,0,0,0,0,0,0,0,normal,0,79,156
7/6/2025 22:00,79,6,Sunday,7,1,0,random_or_none,3,hot,1,260,0,0,0,0,0,0,0,extreme_weather,2,71,138
7/6/2025 23:00,71,6,Sunday,7,1,0,random_or_none,3,hot,0.305,260,0,0,0,0,0,0,0,normal,0,68,131
7/7/2025 0:00,68,0,Monday,7,0,0,random_or_none,4,dusty,0.465,260,0,0,0,0,0,0,0,normal,0,73,113
7/7/2025 1:00,73,0,Monday,7,0,0,random_or_none,4,dusty,0.717,260,0,0,0,0,0,0,0,normal,0,67,96
7/7/2025 2:00,67,0,Monday,7,0,0,random_or_none,0,sunny,0.035,260,0,0,0,0,0,0,0,normal,0,69,91
7/7/2025 3:00,69,0,Monday,7,0,0,random_or_none,3,hot,1,260,0,0,0,0,0,0,0,extreme_weather,2,75,92
7/7/2025 4:00,75,0,Monday,7,0,0,random_or_none,4,dusty,0.782,260,0,0,0,0,0,0,0,extreme_weather,2,76,104
7/7/2025 5:00,76,0,Monday,7,0,0,random_or_none,3,hot,0.765,260,0,0,0,0,0,0,0,extreme_weather,2,84,106
7/7/2025 6:00,84,0,Monday,7,0,0,random_or_none,3,hot,0.343,260,0,0,0,0,0,0,0,normal,0,81,120
7/7/2025 7:00,81,0,Monday,7,0,0,random_or_none,3,hot,0.369,260,0,0,0,0,0,0,0,normal,0,90,121
7/7/2025 8:00,90,0,Monday,7,0,0,random_or_none,3,hot,0.568,260,0,0,0,0,0,0,0,normal,0,99,135
7/7/2025 9:00,99,0,Monday,7,0,0,random_or_none,3,hot,0.883,260,0,0,0,0,0,0,0,extreme_weather,2,101,141
7/7/2025 10:00,101,0,Monday,7,0,0,random_or_none,3,hot,0.79,260,0,0,0,0,0,0,0,extreme_weather,2,105,256
7/7/2025 11:00,105,0,Monday,7,0,0,random_or_none,0,sunny,0.091,260,0,0,0,0,0,0,0,normal,0,119,215
7/7/2025 12:00,119,0,Monday,7,0,0,random_or_none,3,hot,0.842,260,0,0,0,0,0,0,0,extreme_weather,2,124,199
7/7/2025 13:00,124,0,Monday,7,0,0,random_or_none,3,hot,0.999,260,0,0,0,0,0,0,0,extreme_weather,2,125,182
7/7/2025 14:00,125,0,Monday,7,0,0,random_or_none,0,sunny,0.189,260,0,0,0,0,0,0,0,normal,0,206,179
7/7/2025 15:00,206,0,Monday,7,0,0,random_or_none,3,hot,0.94,260,0,1,156.16,0,0,0,0,emergency_spike,5,173,186
7/7/2025 16:00,173,0,Monday,7,0,0,random_or_none,3,hot,0.854,260,0,0,0,0,0,0,0,extreme_weather,2,148,183
7/7/2025 17:00,148,0,Monday,7,0,0,random_or_none,1,rainy,0.494,260,0,0,0,0,0,0,0,normal,0,163,182
7/7/2025 18:00,163,0,Monday,7,0,0,random_or_none,4,dusty,0.982,260,0,0,0,1,0.431,0,0,outbreak_period,3,164,187
7/7/2025 19:00,164,0,Monday,7,0,0,random_or_none,3,hot,0.374,260,0,0,0,1,0.431,0,0,outbreak_period,3,163,188
7/7/2025 20:00,163,0,Monday,7,0,0,random_or_none,4,dusty,0.599,260,0,0,0,1,0.431,0,0,outbreak_period,3,156,171
7/7/2025 21:00,156,0,Monday,7,0,0,random_or_none,4,dusty,0.881,260,0,0,0,1,0.431,0,0,outbreak_period,3,138,159
7/7/2025 22:00,138,0,Monday,7,0,0,random_or_none,3,hot,0.498,260,0,0,0,1,0.431,0,0,outbreak_period,3,131,139
7/7/2025 23:00,131,0,Monday,7,0,0,random_or_none,4,dusty,0.66,260,0,0,0,1,0.431,0,0,outbreak_period,3,113,129
7/8/2025 0:00,113,1,Tuesday,7,0,0,random_or_none,0,sunny,0.112,260,0,0,0,1,0.431,0,0,outbreak_period,3,96,111
7/8/2025 1:00,96,1,Tuesday,7,0,0,random_or_none,0,sunny,0.06,260,0,0,0,1,0.431,0,0,outbreak_period,3,91,101
7/8/2025 2:00,91,1,Tuesday,7,0,0,random_or_none,3,hot,0.363,260,0,0,0,1,0.431,0,0,outbreak_period,3,92,95
7/8/2025 3:00,92,1,Tuesday,7,0,0,random_or_none,3,hot,1,260,0,0,0,1,0.431,0,0,outbreak_period,3,104,93
7/8/2025 4:00,104,1,Tuesday,7,0,0,random_or_none,3,hot,0.759,260,0,0,0,1,0.431,0,0,outbreak_period,3,106,89
7/8/2025 5:00,106,1,Tuesday,7,0,0,random_or_none,3,hot,0.518,260,0,0,0,1,0.431,0,0,outbreak_period,3,120,90
7/8/2025 6:00,120,1,Tuesday,7,0,0,random_or_none,0,sunny,0.061,260,0,1,36.77,1,0.431,0,0,emergency_spike,5,121,98
7/8/2025 7:00,121,1,Tuesday,7,0,0,random_or_none,3,hot,0.811,260,0,0,0,1,0.431,0,0,outbreak_period,3,135,102
7/8/2025 8:00,135,1,Tuesday,7,0,0,random_or_none,3,hot,1,260,0,0,0,1,0.431,0,0,outbreak_period,3,141,113
7/8/2025 9:00,141,1,Tuesday,7,0,0,random_or_none,3,hot,0.47,260,0,0,0,1,0.431,0,0,outbreak_period,3,256,113
7/8/2025 10:00,256,1,Tuesday,7,0,0,random_or_none,3,hot,0.916,260,0,1,239.93,1,0.431,0,0,emergency_spike,5,215,158
7/8/2025 11:00,215,1,Tuesday,7,0,0,random_or_none,4,dusty,0.681,260,0,0,0,1,0.431,0,0,outbreak_period,3,199,157
7/8/2025 12:00,199,1,Tuesday,7,0,0,random_or_none,4,dusty,0.463,260,0,0,0,1,0.431,0,0,outbreak_period,3,182,158
7/8/2025 13:00,182,1,Tuesday,7,0,0,random_or_none,3,hot,0.346,260,0,0,0,1,0.431,0,0,outbreak_period,3,179,236
7/8/2025 14:00,179,1,Tuesday,7,0,0,random_or_none,0,sunny,0.112,260,0,0,0,1,0.431,0,0,outbreak_period,3,186,202
7/8/2025 15:00,186,1,Tuesday,7,0,0,random_or_none,3,hot,0.994,260,0,0,0,1,0.431,0,0,outbreak_period,3,183,182
7/8/2025 16:00,183,1,Tuesday,7,0,0,random_or_none,3,hot,0.581,260,0,0,0,1,0.431,0,0,outbreak_period,3,182,177
7/8/2025 17:00,182,1,Tuesday,7,0,0,random_or_none,3,hot,0.65,260,0,0,0,1,0.431,0,0,outbreak_period,3,187,167
7/8/2025 18:00,187,1,Tuesday,7,0,0,random_or_none,3,hot,0.612,260,0,0,0,1,0.431,0,0,outbreak_period,3,188,174
7/8/2025 19:00,188,1,Tuesday,7,0,0,random_or_none,4,dusty,0.857,260,0,0,0,1,0.431,0,0,outbreak_period,3,171,164
7/8/2025 20:00,171,1,Tuesday,7,0,0,random_or_none,4,dusty,0.551,260,0,0,0,1,0.431,0,0,outbreak_period,3,159,152
7/8/2025 21:00,159,1,Tuesday,7,0,0,random_or_none,0,sunny,0.136,260,0,0,0,1,0.431,0,0,outbreak_period,3,139,137
7/8/2025 22:00,139,1,Tuesday,7,0,0,random_or_none,4,dusty,0.45,260,0,0,0,1,0.431,0,0,outbreak_period,3,129,124
7/8/2025 23:00,129,1,Tuesday,7,0,0,random_or_none,3,hot,0.682,260,0,0,0,1,0.431,0,0,outbreak_period,3,111,108
7/9/2025 0:00,111,2,Wednesday,7,0,1,random_or_none,4,dusty,0.67,260,0,0,0,1,0.431,0,0,outbreak_period,3,101,102
7/9/2025 1:00,101,2,Wednesday,7,0,1,random_or_none,1,rainy,0.805,260,0,0,0,1,0.431,0,0,outbreak_period,3,95,99
7/9/2025 2:00,95,2,Wednesday,7,0,1,random_or_none,4,dusty,0.734,260,0,0,0,1,0.431,0,0,outbreak_period,3,93,89
7/9/2025 3:00,93,2,Wednesday,7,0,1,random_or_none,3,hot,1,260,0,0,0,1,0.431,0,0,outbreak_period,3,89,135
7/9/2025 4:00,89,2,Wednesday,7,0,1,random_or_none,3,hot,0.814,260,0,0,0,1,0.431,0,0,outbreak_period,3,90,121
7/9/2025 5:00,90,2,Wednesday,7,0,1,random_or_none,3,hot,0.579,260,0,0,0,1,0.431,0,0,outbreak_period,3,98,101
7/9/2025 6:00,98,2,Wednesday,7,0,1,random_or_none,3,hot,0.643,260,0,0,0,1,0.431,0,0,outbreak_period,3,102,110
7/9/2025 7:00,102,2,Wednesday,7,0,1,random_or_none,3,hot,0.86,260,0,0,0,1,0.431,0,0,outbreak_period,3,113,119
7/9/2025 8:00,113,2,Wednesday,7,0,1,random_or_none,3,hot,0.791,260,0,0,0,1,0.431,0,0,outbreak_period,3,113,128
7/9/2025 9:00,113,2,Wednesday,7,0,1,random_or_none,0,sunny,0.098,260,0,0,0,1,0.431,0,0,outbreak_period,3,158,135
7/9/2025 10:00,158,2,Wednesday,7,0,1,random_or_none,3,hot,0.703,260,0,1,57.57,1,0.431,0,0,emergency_spike,5,157,145
7/9/2025 11:00,157,2,Wednesday,7,0,1,random_or_none,3,hot,1,260,0,0,0,1,0.431,0,0,outbreak_period,3,158,145
7/9/2025 12:00,158,2,Wednesday,7,0,1,random_or_none,4,dusty,0.465,260,0,0,0,1,0.431,0,0,outbreak_period,3,236,161
7/9/2025 13:00,236,2,Wednesday,7,0,1,random_or_none,0,sunny,0.292,260,0,1,167.47,1,0.431,0,0,emergency_spike,5,202,168
7/9/2025 14:00,202,2,Wednesday,7,0,1,random_or_none,0,sunny,0.027,260,0,0,0,1,0.431,0,0,outbreak_period,3,182,165
7/9/2025 15:00,182,2,Wednesday,7,0,1,random_or_none,0,sunny,0.144,260,0,0,0,1,0.431,0,0,outbreak_period,3,177,167
7/9/2025 16:00,177,2,Wednesday,7,0,1,random_or_none,3,hot,0.79,260,0,0,0,1,0.431,0,0,outbreak_period,3,167,175
7/9/2025 17:00,167,2,Wednesday,7,0,1,random_or_none,0,sunny,0.029,260,0,0,0,1,0.431,0,0,outbreak_period,3,174,172
7/9/2025 18:00,174,2,Wednesday,7,0,1,random_or_none,4,dusty,1,260,0,0,0,1,0.431,0,0,outbreak_period,3,164,179
7/9/2025 19:00,164,2,Wednesday,7,0,1,random_or_none,3,hot,1,260,0,0,0,1,0.431,0,0,outbreak_period,3,152,159
7/9/2025 20:00,152,2,Wednesday,7,0,1,random_or_none,5,windy,0.826,260,0,0,0,1,0.431,0,0,outbreak_period,3,137,155
7/9/2025 21:00,137,2,Wednesday,7,0,1,random_or_none,0,sunny,0.182,260,0,0,0,1,0.431,0,0,outbreak_period,3,124,145
7/9/2025 22:00,124,2,Wednesday,7,0,1,random_or_none,4,dusty,0.819,260,0,0,0,1,0.431,0,0,outbreak_period,3,108,139
7/9/2025 23:00,108,2,Wednesday,7,0,1,random_or_none,0,sunny,0.038,260,0,0,0,1,0.431,0,0,outbreak_period,3,102,123
7/10/2025 0:00,102,3,Thursday,7,0,0,random_or_none,3,hot,0.351,260,0,0,0,1,0.431,0,0,outbreak_period,3,99,114
7/10/2025 1:00,99,3,Thursday,7,0,0,random_or_none,1,rainy,0.441,260,0,0,0,1,0.431,0,0,outbreak_period,3,89,106
7/10/2025 2:00,89,3,Thursday,7,0,0,random_or_none,3,hot,0.525,260,0,0,0,1,0.431,0,0,outbreak_period,3,135,109
7/10/2025 3:00,135,3,Thursday,7,0,0,random_or_none,0,sunny,0.086,260,0,1,101.4,1,0.431,0,0,emergency_spike,5,121,104
7/10/2025 4:00,121,3,Thursday,7,0,0,random_or_none,3,hot,0.541,260,0,0,0,1,0.431,0,0,outbreak_period,3,101,106
7/10/2025 5:00,101,3,Thursday,7,0,0,random_or_none,0,sunny,0.047,260,0,0,0,1,0.431,0,0,outbreak_period,3,110,106
7/10/2025 6:00,110,3,Thursday,7,0,0,random_or_none,3,hot,1,260,0,0,0,1,0.431,0,0,outbreak_period,3,119,106
7/10/2025 7:00,119,3,Thursday,7,0,0,random_or_none,3,hot,0.736,260,0,0,0,1,0.431,0,0,outbreak_period,3,128,104
7/10/2025 8:00,128,3,Thursday,7,0,0,random_or_none,3,hot,0.701,260,0,0,0,1,0.431,0,0,outbreak_period,3,135,110
7/10/2025 9:00,135,3,Thursday,7,0,0,random_or_none,4,dusty,0.71,260,0,0,0,1,0.431,0,0,outbreak_period,3,145,125
7/10/2025 10:00,145,3,Thursday,7,0,0,random_or_none,3,hot,0.755,260,0,0,0,1,0.431,0,0,outbreak_period,3,145,135
7/10/2025 11:00,145,3,Thursday,7,0,0,random_or_none,3,hot,1,260,0,0,0,1,0.431,0,0,outbreak_period,3,161,151
7/10/2025 12:00,161,3,Thursday,7,0,0,random_or_none,4,dusty,0.978,260,0,0,0,1,0.431,0,0,outbreak_period,3,168,152
7/10/2025 13:00,168,3,Thursday,7,0,0,random_or_none,3,hot,0.588,260,0,0,0,1,0.431,0,0,outbreak_period,3,165,163
7/10/2025 14:00,165,3,Thursday,7,0,0,random_or_none,0,sunny,0.027,260,0,0,0,1,0.431,0,0,outbreak_period,3,167,170
7/10/2025 15:00,167,3,Thursday,7,0,0,random_or_none,3,hot,0.541,260,0,0,0,1,0.431,0,0,outbreak_period,3,175,246
7/10/2025 16:00,175,3,Thursday,7,0,0,random_or_none,3,hot,0.52,260,0,0,0,1,0.431,0,0,outbreak_period,3,172,216
7/10/2025 17:00,172,3,Thursday,7,0,0,random_or_none,5,windy,0.585,260,0,0,0,1,0.431,0,0,outbreak_period,3,179,198
7/10/2025 18:00,179,3,Thursday,7,0,0,random_or_none,4,dusty,0.891,260,0,0,0,1,0.431,0,0,outbreak_period,3,159,260
7/10/2025 19:00,159,3,Thursday,7,0,0,random_or_none,0,sunny,0.197,260,0,0,0,1,0.431,0,0,outbreak_period,3,155,214
7/10/2025 20:00,155,3,Thursday,7,0,0,random_or_none,3,hot,0.987,260,0,0,0,1,0.431,0,0,outbreak_period,3,145,190
7/10/2025 21:00,145,3,Thursday,7,0,0,random_or_none,5,windy,0.155,260,0,0,0,1,0.431,0,0,outbreak_period,3,139,167
7/10/2025 22:00,139,3,Thursday,7,0,0,random_or_none,4,dusty,0.734,260,0,0,0,1,0.431,0,0,outbreak_period,3,123,148
7/10/2025 23:00,123,3,Thursday,7,0,0,random_or_none,0,sunny,0.187,260,0,0,0,1,0.431,0,0,outbreak_period,3,114,128
7/11/2025 0:00,114,4,Friday,7,0,0,random_or_none,3,hot,1,260,0,0,0,1,0.431,0,0,outbreak_period,3,106,108
7/11/2025 1:00,106,4,Friday,7,0,0,random_or_none,0,sunny,0.242,260,0,0,0,1,0.431,0,0,outbreak_period,3,109,104
7/11/2025 2:00,109,4,Friday,7,0,0,random_or_none,3,hot,0.849,260,0,0,0,1,0.431,0,0,outbreak_period,3,104,92
7/11/2025 3:00,104,4,Friday,7,0,0,random_or_none,3,hot,0.603,260,0,0,0,1,0.431,0,0,outbreak_period,3,106,92
7/11/2025 4:00,106,4,Friday,7,0,0,random_or_none,3,hot,1,260,0,0,0,1,0.431,0,0,outbreak_period,3,106,87
7/11/2025 5:00,106,4,Friday,7,0,0,random_or_none,0,sunny,0.272,260,0,0,0,1,0.431,0,0,outbreak_period,3,106,89
7/11/2025 6:00,106,4,Friday,7,0,0,random_or_none,3,hot,0.315,260,0,0,0,1,0.431,0,0,outbreak_period,3,104,86
7/11/2025 7:00,104,4,Friday,7,0,0,random_or_none,0,sunny,0.189,260,0,0,0,1,0.431,0,0,outbreak_period,3,110,99
7/11/2025 8:00,110,4,Friday,7,0,0,random_or_none,0,sunny,0.325,260,0,0,0,1,0.431,0,0,outbreak_period,3,125,108
7/11/2025 9:00,125,4,Friday,7,0,0,random_or_none,0,sunny,0.237,260,0,0,0,1,0.431,0,0,outbreak_period,3,135,115
7/11/2025 10:00,135,4,Friday,7,0,0,random_or_none,0,sunny,0.203,260,0,0,0,1,0.431,0,0,outbreak_period,3,151,129
7/11/2025 11:00,151,4,Friday,7,0,0,random_or_none,3,hot,1,260,0,0,0,1,0.431,0,0,outbreak_period,3,152,144
7/11/2025 12:00,152,4,Friday,7,0,0,random_or_none,0,sunny,0.05,260,0,0,0,1,0.431,0,0,outbreak_period,3,163,198
7/11/2025 13:00,163,4,Friday,7,0,0,random_or_none,3,hot,0.616,260,0,0,0,1,0.431,0,0,outbreak_period,3,170,186
7/11/2025 14:00,170,4,Friday,7,0,0,random_or_none,5,windy,0.883,260,0,0,0,1,0.431,0,0,outbreak_period,3,246,170
7/11/2025 15:00,246,4,Friday,7,0,0,random_or_none,3,hot,0.369,260,0,1,153.21,1,0.431,0,0,emergency_spike,5,216,170
7/11/2025 16:00,216,4,Friday,7,0,0,random_or_none,4,dusty,0.962,260,0,0,0,1,0.431,0,0,outbreak_period,3,198,162
7/11/2025 17:00,198,4,Friday,7,0,0,random_or_none,3,hot,0.52,260,0,0,0,1,0.431,0,0,outbreak_period,3,260,155
7/11/2025 18:00,260,4,Friday,7,0,0,random_or_none,3,hot,0.784,260,1,1,243.69,1,0.431,0,0,capacity_capped,6,214,161
7/11/2025 19:00,214,4,Friday,7,0,0,random_or_none,0,sunny,0.338,260,0,0,0,1,0.431,0,0,outbreak_period,3,190,156
7/11/2025 20:00,190,4,Friday,7,0,0,random_or_none,3,hot,0.862,260,0,0,0,1,0.431,0,0,outbreak_period,3,167,146
7/11/2025 21:00,167,4,Friday,7,0,0,random_or_none,5,windy,0.664,260,0,0,0,1,0.431,0,0,outbreak_period,3,148,140
7/11/2025 22:00,148,4,Friday,7,0,0,random_or_none,4,dusty,0.555,260,0,0,0,1,0.431,0,0,outbreak_period,3,128,116
7/11/2025 23:00,128,4,Friday,7,0,0,random_or_none,0,sunny,0.186,260,0,0,0,1,0.431,0,0,outbreak_period,3,108,95
7/12/2025 0:00,108,5,Saturday,7,1,0,random_or_none,3,hot,0.355,260,0,0,0,1,0.431,0,0,outbreak_period,3,104,81
7/12/2025 1:00,104,5,Saturday,7,1,0,random_or_none,3,hot,1,260,0,0,0,1,0.431,0,0,outbreak_period,3,92,75
7/12/2025 2:00,92,5,Saturday,7,1,0,random_or_none,3,hot,0.82,260,0,0,0,1,0.431,0,0,outbreak_period,3,92,65
7/12/2025 3:00,92,5,Saturday,7,1,0,random_or_none,0,sunny,0.306,260,0,0,0,1,0.431,0,0,outbreak_period,3,87,65
7/12/2025 4:00,87,5,Saturday,7,1,0,random_or_none,3,hot,0.371,260,0,0,0,1,0.431,0,0,outbreak_period,3,89,70
7/12/2025 5:00,89,5,Saturday,7,1,0,random_or_none,3,hot,0.984,260,0,0,0,1,0.431,0,0,outbreak_period,3,86,76
7/12/2025 6:00,86,5,Saturday,7,1,0,random_or_none,0,sunny,0.329,260,0,0,0,1,0.431,0,0,outbreak_period,3,99,77
7/12/2025 7:00,99,5,Saturday,7,1,0,random_or_none,3,hot,0.731,260,0,0,0,1,0.431,0,0,outbreak_period,3,108,88
7/12/2025 8:00,108,5,Saturday,7,1,0,random_or_none,4,dusty,0.954,260,0,0,0,1,0.431,0,0,outbreak_period,3,115,91
7/12/2025 9:00,115,5,Saturday,7,1,0,random_or_none,3,hot,0.89,260,0,0,0,1,0.431,0,0,outbreak_period,3,129,94
7/12/2025 10:00,129,5,Saturday,7,1,0,random_or_none,4,dusty,0.965,260,0,0,0,1,0.431,0,0,outbreak_period,3,144,112
7/12/2025 11:00,144,5,Saturday,7,1,0,random_or_none,3,hot,0.958,260,0,0,0,1,0.431,0,0,outbreak_period,3,198,127
7/12/2025 12:00,198,5,Saturday,7,1,0,random_or_none,4,dusty,0.876,260,0,1,116.28,1,0.431,0,0,emergency_spike,5,186,141
7/12/2025 13:00,186,5,Saturday,7,1,0,random_or_none,4,dusty,1,260,0,0,0,1,0.431,0,0,outbreak_period,3,170,147
7/12/2025 14:00,170,5,Saturday,7,1,0,random_or_none,4,dusty,0.827,260,0,0,0,1,0.431,0,0,outbreak_period,3,170,159
7/12/2025 15:00,170,5,Saturday,7,1,0,random_or_none,3,hot,0.401,260,0,0,0,1,0.431,0,0,outbreak_period,3,162,152
7/12/2025 16:00,162,5,Saturday,7,1,0,random_or_none,3,hot,0.676,260,0,0,0,1,0.431,0,0,outbreak_period,3,155,160
7/12/2025 17:00,155,5,Saturday,7,1,0,random_or_none,3,hot,0.365,260,0,0,0,1,0.431,0,0,outbreak_period,3,161,154
7/12/2025 18:00,161,5,Saturday,7,1,0,random_or_none,4,dusty,1,260,0,0,0,1,0.431,0,0,outbreak_period,3,156,154
7/12/2025 19:00,156,5,Saturday,7,1,0,random_or_none,5,windy,0.289,260,0,0,0,1,0.431,0,0,outbreak_period,3,146,148
7/12/2025 20:00,146,5,Saturday,7,1,0,random_or_none,3,hot,1,260,0,0,0,1,0.431,0,0,outbreak_period,3,140,134
7/12/2025 21:00,140,5,Saturday,7,1,0,random_or_none,1,rainy,0.909,260,0,0,0,1,0.431,0,0,outbreak_period,3,116,120
7/12/2025 22:00,116,5,Saturday,7,1,0,random_or_none,3,hot,0.453,260,0,0,0,1,0.431,0,0,outbreak_period,3,95,110
7/12/2025 23:00,95,5,Saturday,7,1,0,random_or_none,0,sunny,0.287,260,0,0,0,1,0.431,0,0,outbreak_period,3,81,96
7/13/2025 0:00,81,6,Sunday,7,1,0,random_or_none,0,sunny,0.277,260,0,0,0,1,0.431,0,0,outbreak_period,3,75,96
7/13/2025 1:00,75,6,Sunday,7,1,0,random_or_none,0,sunny,0.167,260,0,0,0,1,0.431,0,0,outbreak_period,3,65,97
7/13/2025 2:00,65,6,Sunday,7,1,0,random_or_none,0,sunny,0.162,260,0,0,0,1,0.431,0,0,outbreak_period,3,65,96
7/13/2025 3:00,65,6,Sunday,7,1,0,random_or_none,4,dusty,0.277,260,0,0,0,1,0.431,0,0,outbreak_period,3,70,92
7/13/2025 4:00,70,6,Sunday,7,1,0,random_or_none,3,hot,0.799,260,0,0,0,1,0.431,0,0,outbreak_period,3,76,94
7/13/2025 5:00,76,6,Sunday,7,1,0,random_or_none,3,hot,0.844,260,0,0,0,1,0.431,0,0,outbreak_period,3,77,105
7/13/2025 6:00,77,6,Sunday,7,1,0,random_or_none,0,sunny,0.054,260,0,0,0,1,0.431,0,0,outbreak_period,3,88,112
7/13/2025 7:00,88,6,Sunday,7,1,0,random_or_none,3,hot,0.586,260,0,0,0,1,0.431,0,0,outbreak_period,3,91,118
7/13/2025 8:00,91,6,Sunday,7,1,0,random_or_none,0,sunny,0.14,260,0,0,0,1,0.431,0,0,outbreak_period,3,94,131
7/13/2025 9:00,94,6,Sunday,7,1,0,random_or_none,5,windy,0.379,260,0,0,0,1,0.431,0,0,outbreak_period,3,112,146
7/13/2025 10:00,112,6,Sunday,7,1,0,random_or_none,3,hot,0.32,260,0,0,0,1,0.431,0,0,outbreak_period,3,127,146
7/13/2025 11:00,127,6,Sunday,7,1,0,random_or_none,3,hot,0.75,260,0,0,0,1,0.431,0,0,outbreak_period,3,141,155
7/13/2025 12:00,141,6,Sunday,7,1,0,random_or_none,5,windy,0.783,260,0,0,0,1,0.431,0,0,outbreak_period,3,147,162
7/13/2025 13:00,147,6,Sunday,7,1,0,random_or_none,3,hot,0.612,260,0,0,0,1,0.431,0,0,outbreak_period,3,159,169
7/13/2025 14:00,159,6,Sunday,7,1,0,random_or_none,4,dusty,0.855,260,0,0,0,1,0.431,0,0,outbreak_period,3,152,179
7/13/2025 15:00,152,6,Sunday,7,1,0,random_or_none,0,sunny,0.053,260,0,0,0,1,0.431,0,0,outbreak_period,3,160,177
7/13/2025 16:00,160,6,Sunday,7,1,0,random_or_none,3,hot,0.92,260,0,0,0,1,0.431,0,0,outbreak_period,3,154,171
7/13/2025 17:00,154,6,Sunday,7,1,0,random_or_none,5,windy,0.227,260,0,0,0,1,0.431,0,0,outbreak_period,3,154,170
7/13/2025 18:00,154,6,Sunday,7,1,0,random_or_none,0,sunny,0.217,260,0,0,0,1,0.431,0,0,outbreak_period,3,148,178
7/13/2025 19:00,148,6,Sunday,7,1,0,random_or_none,4,dusty,0.805,260,0,0,0,1,0.431,0,0,outbreak_period,3,134,172
7/13/2025 20:00,134,6,Sunday,7,1,0,random_or_none,0,sunny,0.3,260,0,0,0,1,0.431,0,0,outbreak_period,3,120,193
7/13/2025 21:00,120,6,Sunday,7,1,0,random_or_none,0,sunny,0.128,260,0,0,0,1,0.431,0,0,outbreak_period,3,110,170
7/13/2025 22:00,110,6,Sunday,7,1,0,random_or_none,3,hot,0.804,260,0,0,0,1,0.431,0,0,outbreak_period,3,96,146
7/13/2025 23:00,96,6,Sunday,7,1,0,random_or_none,0,sunny,0.265,260,0,0,0,1,0.431,0,0,outbreak_period,3,96,135
7/14/2025 0:00,96,0,Monday,7,0,0,random_or_none,0,sunny,0.337,260,0,0,0,1,0.431,0,0,outbreak_period,3,97,101
7/14/2025 1:00,97,0,Monday,7,0,0,random_or_none,4,dusty,0.519,260,0,0,0,1,0.431,0,0,outbreak_period,3,96,87
7/14/2025 2:00,96,0,Monday,7,0,0,random_or_none,3,hot,1,260,0,0,0,1,0.431,0,0,outbreak_period,3,92,79
7/14/2025 3:00,92,0,Monday,7,0,0,random_or_none,3,hot,0.365,260,0,0,0,1,0.431,0,0,outbreak_period,3,94,143
7/14/2025 4:00,94,0,Monday,7,0,0,random_or_none,3,hot,0.793,260,0,0,0,1,0.431,0,0,outbreak_period,3,105,111
7/14/2025 5:00,105,0,Monday,7,0,0,random_or_none,4,dusty,0.391,260,0,0,0,1,0.431,0,0,outbreak_period,3,112,95
7/14/2025 6:00,112,0,Monday,7,0,0,random_or_none,4,dusty,0.896,260,0,0,0,1,0.431,0,0,outbreak_period,3,118,86
7/14/2025 7:00,118,0,Monday,7,0,0,random_or_none,3,hot,0.646,260,0,0,0,1,0.431,0,0,outbreak_period,3,131,83
7/14/2025 8:00,131,0,Monday,7,0,0,random_or_none,4,dusty,0.935,260,0,0,0,1,0.431,0,0,outbreak_period,3,146,96
7/14/2025 9:00,146,0,Monday,7,0,0,random_or_none,4,dusty,0.624,260,0,0,0,1,0.431,0,0,outbreak_period,3,146,95
7/14/2025 10:00,146,0,Monday,7,0,0,random_or_none,0,sunny,0.303,260,0,0,0,1,0.431,0,0,outbreak_period,3,155,100
7/14/2025 11:00,155,0,Monday,7,0,0,random_or_none,1,rainy,0.154,260,0,0,0,1,0.431,0,0,outbreak_period,3,162,100
7/14/2025 12:00,162,0,Monday,7,0,0,random_or_none,3,hot,0.425,260,0,0,0,1,0.431,0,0,outbreak_period,3,169,114
7/14/2025 13:00,169,0,Monday,7,0,0,random_or_none,5,windy,0.568,260,0,0,0,1,0.431,0,0,outbreak_period,3,179,114
7/14/2025 14:00,179,0,Monday,7,0,0,random_or_none,3,hot,0.672,260,0,0,0,1,0.431,0,0,outbreak_period,3,177,115
7/14/2025 15:00,177,0,Monday,7,0,0,random_or_none,3,hot,0.56,260,0,0,0,1,0.431,0,0,outbreak_period,3,171,126
7/14/2025 16:00,171,0,Monday,7,0,0,random_or_none,0,sunny,0.026,260,0,0,0,1,0.431,0,0,outbreak_period,3,170,174
7/14/2025 17:00,170,0,Monday,7,0,0,random_or_none,0,sunny,0.028,260,0,0,0,1,0.431,0,0,outbreak_period,3,178,145
7/14/2025 18:00,178,0,Monday,7,0,0,random_or_none,3,hot,1,260,0,0,0,1,0.431,0,0,outbreak_period,3,172,139
7/14/2025 19:00,172,0,Monday,7,0,0,random_or_none,3,hot,0.749,260,0,0,0,1,0.431,0,0,outbreak_period,3,193,121
7/14/2025 20:00,193,0,Monday,7,0,0,random_or_none,0,sunny,0.287,260,0,1,87.61,1,0.431,0,0,emergency_spike,5,170,120
7/14/2025 21:00,170,0,Monday,7,0,0,random_or_none,4,dusty,0.835,260,0,0,0,1,0.431,0,0,outbreak_period,3,146,112
7/14/2025 22:00,146,0,Monday,7,0,0,random_or_none,0,sunny,0.345,260,0,0,0,1,0.431,0,0,outbreak_period,3,135,99
7/14/2025 23:00,135,0,Monday,7,0,0,random_or_none,0,sunny,0.052,260,0,0,0,1,0.431,0,0,outbreak_period,3,101,136
7/15/2025 0:00,101,1,Tuesday,7,0,0,random_or_none,0,sunny,0.238,260,0,0,0,0,0,0,0,normal,0,87,111
7/15/2025 1:00,87,1,Tuesday,7,0,0,random_or_none,5,windy,0.699,260,0,0,0,0,0,0,0,normal,0,79,94
7/15/2025 2:00,79,1,Tuesday,7,0,0,random_or_none,3,hot,0.99,260,0,0,0,0,0,0,0,extreme_weather,2,143,80
7/15/2025 3:00,143,1,Tuesday,7,0,0,random_or_none,4,dusty,0.825,260,0,1,126.39,0,0,0,0,emergency_spike,5,111,75
7/15/2025 4:00,111,1,Tuesday,7,0,0,random_or_none,3,hot,0.822,260,0,0,0,0,0,0,0,extreme_weather,2,95,68
7/15/2025 5:00,95,1,Tuesday,7,0,0,random_or_none,0,sunny,0.303,260,0,0,0,0,0,0,0,normal,0,86,96
7/15/2025 6:00,86,1,Tuesday,7,0,0,random_or_none,3,hot,0.614,260,0,0,0,0,0,0,0,normal,0,83,88
7/15/2025 7:00,83,1,Tuesday,7,0,0,random_or_none,3,hot,0.403,260,0,0,0,0,0,0,0,normal,0,96,87
7/15/2025 8:00,96,1,Tuesday,7,0,0,random_or_none,4,dusty,0.953,260,0,0,0,0,0,0,0,extreme_weather,2,95,91
7/15/2025 9:00,95,1,Tuesday,7,0,0,random_or_none,2,cold,0.132,260,0,0,0,0,0,0,0,normal,0,100,95
7/15/2025 10:00,100,1,Tuesday,7,0,0,random_or_none,1,rainy,0.723,260,0,0,0,0,0,0,0,normal,0,100,192
7/15/2025 11:00,100,1,Tuesday,7,0,0,random_or_none,0,sunny,0.242,260,0,0,0,0,0,0,0,normal,0,114,159
7/15/2025 12:00,114,1,Tuesday,7,0,0,random_or_none,3,hot,0.442,260,0,0,0,0,0,0,0,normal,0,114,144
7/15/2025 13:00,114,1,Tuesday,7,0,0,random_or_none,3,hot,0.408,260,0,0,0,0,0,0,0,normal,0,115,131
7/15/2025 14:00,115,1,Tuesday,7,0,0,random_or_none,0,sunny,0.12,260,0,0,0,0,0,0,0,normal,0,126,121
7/15/2025 15:00,126,1,Tuesday,7,0,0,random_or_none,3,hot,0.78,260,0,0,0,0,0,0,0,extreme_weather,2,174,122
7/15/2025 16:00,174,1,Tuesday,7,0,0,random_or_none,4,dusty,0.778,260,0,1,91.64,0,0,0,0,emergency_spike,5,145,119
7/15/2025 17:00,145,1,Tuesday,7,0,0,random_or_none,0,sunny,0.333,260,0,0,0,0,0,0,0,normal,0,139,123
7/15/2025 18:00,139,1,Tuesday,7,0,0,random_or_none,3,hot,0.739,260,0,0,0,0,0,0,0,normal,0,121,128
7/15/2025 19:00,121,1,Tuesday,7,0,0,random_or_none,0,sunny,0.048,260,0,0,0,0,0,0,0,normal,0,120,124
7/15/2025 20:00,120,1,Tuesday,7,0,0,random_or_none,3,hot,0.615,260,0,0,0,0,0,0,0,normal,0,112,129
7/15/2025 21:00,112,1,Tuesday,7,0,0,random_or_none,3,hot,0.486,260,0,0,0,0,0,0,0,normal,0,99,119
7/15/2025 22:00,99,1,Tuesday,7,0,0,random_or_none,0,sunny,0.136,260,0,0,0,0,0,0,0,normal,0,136,115
7/15/2025 23:00,136,1,Tuesday,7,0,0,random_or_none,3,hot,0.914,260,0,1,100.77,0,0,0,0,emergency_spike,5,111,98
7/16/2025 0:00,111,2,Wednesday,7,0,0,random_or_none,3,hot,0.86,260,0,0,0,0,0,0,0,extreme_weather,2,94,83
7/16/2025 1:00,94,2,Wednesday,7,0,0,random_or_none,4,dusty,0.931,260,0,0,0,0,0,0,0,extreme_weather,2,80,74
7/16/2025 2:00,80,2,Wednesday,7,0,0,random_or_none,0,sunny,0.017,260,0,0,0,0,0,0,0,normal,0,75,68
7/16/2025 3:00,75,2,Wednesday,7,0,0,random_or_none,3,hot,0.565,260,0,0,0,0,0,0,0,normal,0,68,72
7/16/2025 4:00,68,2,Wednesday,7,0,0,random_or_none,3,hot,0.771,260,0,0,0,0,0,0,0,extreme_weather,2,96,77
7/16/2025 5:00,96,2,Wednesday,7,0,0,random_or_none,0,sunny,0.206,260,0,1,57.27,0,0,0,0,emergency_spike,5,88,74
7/16/2025 6:00,88,2,Wednesday,7,0,0,random_or_none,3,hot,0.369,260,0,0,0,0,0,0,0,normal,0,87,74
7/16/2025 7:00,87,2,Wednesday,7,0,0,random_or_none,3,hot,0.308,260,0,0,0,0,0,0,0,normal,0,91,84
7/16/2025 8:00,91,2,Wednesday,7,0,0,random_or_none,3,hot,1,260,0,0,0,0,0,0,0,extreme_weather,2,95,87
7/16/2025 9:00,95,2,Wednesday,7,0,0,random_or_none,4,dusty,0.805,260,0,0,0,0,0,0,0,extreme_weather,2,192,85
7/16/2025 10:00,192,2,Wednesday,7,0,0,random_or_none,3,hot,0.829,260,0,1,217.81,0,0,0,0,emergency_spike,5,159,95
7/16/2025 11:00,159,2,Wednesday,7,0,0,random_or_none,5,windy,0.851,260,0,0,0,0,0,0,0,extreme_weather,2,144,94
7/16/2025 12:00,144,2,Wednesday,7,0,0,random_or_none,3,hot,0.563,260,0,0,0,0,0,0,0,normal,0,131,105
7/16/2025 13:00,131,2,Wednesday,7,0,0,random_or_none,0,sunny,0.212,260,0,0,0,0,0,0,0,normal,0,121,110
7/16/2025 14:00,121,2,Wednesday,7,0,0,random_or_none,5,windy,0.319,260,0,0,0,0,0,0,0,normal,0,122,118
7/16/2025 15:00,122,2,Wednesday,7,0,0,random_or_none,3,hot,0.747,260,0,0,0,0,0,0,0,normal,0,119,115
7/16/2025 16:00,119,2,Wednesday,7,0,0,random_or_none,0,sunny,0.099,260,0,0,0,0,0,0,0,normal,0,123,121
7/16/2025 17:00,123,2,Wednesday,7,0,0,random_or_none,1,rainy,0.276,260,0,0,0,0,0,0,0,normal,0,128,125
7/16/2025 18:00,128,2,Wednesday,7,0,0,random_or_none,4,dusty,0.547,260,0,0,0,0,0,0,0,normal,0,124,118
7/16/2025 19:00,124,2,Wednesday,7,0,0,random_or_none,3,hot,0.56,260,0,0,0,0,0,0,0,normal,0,129,116
7/16/2025 20:00,129,2,Wednesday,7,0,0,random_or_none,3,hot,0.443,260,0,1,40.39,0,0,0,0,emergency_spike,5,119,112
7/16/2025 21:00,119,2,Wednesday,7,0,0,random_or_none,4,dusty,0.987,260,0,0,0,0,0,0,0,extreme_weather,2,115,154
7/16/2025 22:00,115,2,Wednesday,7,0,0,random_or_none,3,hot,1,260,0,0,0,0,0,0,0,extreme_weather,2,98,131
7/16/2025 23:00,98,2,Wednesday,7,0,0,random_or_none,0,sunny,0.024,260,0,0,0,0,0,0,0,normal,0,83,110
7/17/2025 0:00,83,3,Thursday,7,0,0,random_or_none,0,sunny,0.333,260,0,0,0,0,0,0,0,normal,0,74,97
7/17/2025 1:00,74,3,Thursday,7,0,0,random_or_none,3,hot,0.757,260,0,0,0,0,0,0,0,extreme_weather,2,68,78
7/17/2025 2:00,68,3,Thursday,7,0,0,random_or_none,3,hot,0.523,260,0,0,0,0,0,0,0,normal,0,72,75
7/17/2025 3:00,72,3,Thursday,7,0,0,random_or_none,3,hot,0.59,260,0,0,0,0,0,0,0,normal,0,77,67
7/17/2025 4:00,77,3,Thursday,7,0,0,random_or_none,3,hot,0.842,260,0,0,0,0,0,0,0,extreme_weather,2,74,65
7/17/2025 5:00,74,3,Thursday,7,0,0,random_or_none,3,hot,0.704,260,0,0,0,0,0,0,0,normal,0,74,78
7/17/2025 6:00,74,3,Thursday,7,0,0,random_or_none,4,dusty,1,260,0,0,0,0,0,0,0,extreme_weather,2,84,79
7/17/2025 7:00,84,3,Thursday,7,0,0,random_or_none,3,hot,0.912,260,0,0,0,0,0,0,0,extreme_weather,2,87,87
7/17/2025 8:00,87,3,Thursday,7,0,0,random_or_none,3,hot,0.384,260,0,0,0,0,0,0,0,normal,0,85,89
7/17/2025 9:00,85,3,Thursday,7,0,0,random_or_none,0,sunny,0.196,260,0,0,0,0,0,0,0,normal,0,95,96
7/17/2025 10:00,95,3,Thursday,7,0,0,random_or_none,5,windy,0.431,260,0,0,0,0,0,0,0,normal,0,94,103
7/17/2025 11:00,94,3,Thursday,7,0,0,random_or_none,2,cold,0.621,260,0,0,0,0,0,0,0,normal,0,105,115
7/17/2025 12:00,105,3,Thursday,7,0,0,random_or_none,4,dusty,0.356,260,0,0,0,0,0,0,0,normal,0,110,112
7/17/2025 13:00,110,3,Thursday,7,0,0,random_or_none,3,hot,0.324,260,0,0,0,0,0,0,0,normal,0,118,119
7/17/2025 14:00,118,3,Thursday,7,0,0,random_or_none,3,hot,0.952,260,0,0,0,0,0,0,0,extreme_weather,2,115,118
7/17/2025 15:00,115,3,Thursday,7,0,0,random_or_none,0,sunny,0.074,260,0,0,0,0,0,0,0,normal,0,121,123
7/17/2025 16:00,121,3,Thursday,7,0,0,random_or_none,3,hot,0.485,260,0,0,0,0,0,0,0,normal,0,125,133
7/17/2025 17:00,125,3,Thursday,7,0,0,random_or_none,3,hot,0.686,260,0,0,0,0,0,0,0,normal,0,118,130
7/17/2025 18:00,118,3,Thursday,7,0,0,random_or_none,3,hot,1,260,0,0,0,0,0,0,0,extreme_weather,2,116,133
7/17/2025 19:00,116,3,Thursday,7,0,0,random_or_none,0,sunny,0.248,260,0,0,0,0,0,0,0,normal,0,112,133
7/17/2025 20:00,112,3,Thursday,7,0,0,random_or_none,0,sunny,0.118,260,0,0,0,0,0,0,0,normal,0,154,116
7/17/2025 21:00,154,3,Thursday,7,0,0,random_or_none,3,hot,0.428,260,0,1,100.14,0,0,0,0,emergency_spike,5,131,121
7/17/2025 22:00,131,3,Thursday,7,0,0,random_or_none,3,hot,0.885,260,0,0,0,0,0,0,0,extreme_weather,2,110,112
7/17/2025 23:00,110,3,Thursday,7,0,0,random_or_none,0,sunny,0.025,260,0,0,0,0,0,0,0,normal,0,97,94
7/18/2025 0:00,97,4,Friday,7,0,0,random_or_none,3,hot,0.856,260,0,0,0,0,0,0,0,extreme_weather,2,78,79
7/18/2025 1:00,78,4,Friday,7,0,0,random_or_none,3,hot,0.516,260,0,0,0,0,0,0,0,normal,0,75,57
7/18/2025 2:00,75,4,Friday,7,0,0,random_or_none,3,hot,1,260,0,0,0,0,0,0,0,extreme_weather,2,67,51
7/18/2025 3:00,67,4,Friday,7,0,0,random_or_none,0,sunny,0.077,260,0,0,0,0,0,0,0,normal,0,65,51
7/18/2025 4:00,65,4,Friday,7,0,0,random_or_none,0,sunny,0.138,260,0,0,0,0,0,0,0,normal,0,78,51
7/18/2025 5:00,78,4,Friday,7,0,0,random_or_none,3,hot,1,260,0,0,0,0,0,0,0,extreme_weather,2,79,48
7/18/2025 6:00,79,4,Friday,7,0,0,random_or_none,3,hot,0.42,260,0,0,0,0,0,0,0,normal,0,87,55
7/18/2025 7:00,87,4,Friday,7,0,0,random_or_none,4,dusty,0.774,260,0,0,0,0,0,0,0,extreme_weather,2,89,56
7/18/2025 8:00,89,4,Friday,7,0,0,random_or_none,3,hot,0.561,260,0,0,0,0,0,0,0,normal,0,96,63
7/18/2025 9:00,96,4,Friday,7,0,0,random_or_none,3,hot,0.56,260,0,0,0,0,0,0,0,normal,0,103,69
7/18/2025 10:00,103,4,Friday,7,0,0,random_or_none,3,hot,0.869,260,0,0,0,0,0,0,0,extreme_weather,2,115,76
7/18/2025 11:00,115,4,Friday,7,0,0,random_or_none,3,hot,0.735,260,0,0,0,0,0,0,0,normal,0,112,87
7/18/2025 12:00,112,4,Friday,7,0,0,random_or_none,3,hot,0.65,260,0,0,0,0,0,0,0,normal,0,119,90
7/18/2025 13:00,119,4,Friday,7,0,0,random_or_none,3,hot,0.452,260,0,0,0,0,0,0,0,normal,0,118,94
7/18/2025 14:00,118,4,Friday,7,0,0,random_or_none,0,sunny,0.001,260,0,0,0,0,0,0,0,normal,0,123,106
7/18/2025 15:00,123,4,Friday,7,0,0,random_or_none,3,hot,0.844,260,0,0,0,0,0,0,0,extreme_weather,2,133,108
7/18/2025 16:00,133,4,Friday,7,0,0,random_or_none,1,rainy,0.657,260,0,0,0,0,0,0,0,normal,0,130,102
7/18/2025 17:00,130,4,Friday,7,0,0,random_or_none,4,dusty,1,260,0,0,0,0,0,0,0,extreme_weather,2,133,106
7/18/2025 18:00,133,4,Friday,7,0,0,random_or_none,3,hot,0.575,260,0,0,0,0,0,0,0,normal,0,133,107
7/18/2025 19:00,133,4,Friday,7,0,0,random_or_none,1,rainy,0.709,260,0,0,0,0,0,0,0,normal,0,116,104
7/18/2025 20:00,116,4,Friday,7,0,0,random_or_none,0,sunny,0.201,260,0,0,0,0,0,0,0,normal,0,121,97
7/18/2025 21:00,121,4,Friday,7,0,0,random_or_none,4,dusty,0.58,260,0,0,0,0,0,0,0,normal,0,112,91
7/18/2025 22:00,112,4,Friday,7,0,0,random_or_none,3,hot,0.975,260,0,0,0,0,0,0,0,extreme_weather,2,94,88
7/18/2025 23:00,94,4,Friday,7,0,0,random_or_none,0,sunny,0.232,260,0,0,0,0,0,0,0,normal,0,79,79
7/19/2025 0:00,79,5,Saturday,7,1,0,random_or_none,3,hot,0.992,260,0,0,0,0,0,0,0,extreme_weather,2,57,66
7/19/2025 1:00,57,5,Saturday,7,1,0,random_or_none,3,hot,0.574,260,0,0,0,0,0,0,0,normal,0,51,56
7/19/2025 2:00,51,5,Saturday,7,1,0,random_or_none,0,sunny,0.246,260,0,0,0,0,0,0,0,normal,0,51,56
7/19/2025 3:00,51,5,Saturday,7,1,0,random_or_none,4,dusty,0.421,260,0,0,0,0,0,0,0,normal,0,51,116
7/19/2025 4:00,51,5,Saturday,7,1,0,random_or_none,3,hot,0.452,260,0,0,0,0,0,0,0,normal,0,48,84
7/19/2025 5:00,48,5,Saturday,7,1,0,random_or_none,0,sunny,0.322,260,0,0,0,0,0,0,0,normal,0,55,98
7/19/2025 6:00,55,5,Saturday,7,1,0,random_or_none,5,windy,0.762,260,0,0,0,0,0,0,0,extreme_weather,2,56,80
7/19/2025 7:00,56,5,Saturday,7,1,0,random_or_none,0,sunny,0.06,260,0,0,0,0,0,0,0,normal,0,63,84
7/19/2025 8:00,63,5,Saturday,7,1,0,random_or_none,0,sunny,0.119,260,0,0,0,0,0,0,0,normal,0,69,83
7/19/2025 9:00,69,5,Saturday,7,1,0,random_or_none,3,hot,0.736,260,0,0,0,0,0,0,0,normal,0,76,84
7/19/2025 10:00,76,5,Saturday,7,1,0,random_or_none,1,rainy,0.314,260,0,0,0,0,0,0,0,normal,0,87,86
7/19/2025 11:00,87,5,Saturday,7,1,0,random_or_none,3,hot,0.814,260,0,0,0,0,0,0,0,extreme_weather,2,90,88
7/19/2025 12:00,90,5,Saturday,7,1,0,random_or_none,0,sunny,0.135,260,0,0,0,0,0,0,0,normal,0,94,97
7/19/2025 13:00,94,5,Saturday,7,1,0,random_or_none,3,hot,0.824,260,0,0,0,0,0,0,0,extreme_weather,2,106,102
7/19/2025 14:00,106,5,Saturday,7,1,0,random_or_none,1,rainy,0.63,260,0,0,0,0,0,0,0,normal,0,108,109
7/19/2025 15:00,108,5,Saturday,7,1,0,random_or_none,4,dusty,0.558,260,0,0,0,0,0,0,0,normal,0,102,109
7/19/2025 16:00,102,5,Saturday,7,1,0,random_or_none,3,hot,0.928,260,0,0,0,0,0,0,0,extreme_weather,2,106,161
7/19/2025 17:00,106,5,Saturday,7,1,0,random_or_none,4,dusty,0.96,260,0,0,0,0,0,0,0,extreme_weather,2,107,126
7/19/2025 18:00,107,5,Saturday,7,1,0,random_or_none,4,dusty,0.369,260,0,0,0,0,0,0,0,normal,0,104,122
7/19/2025 19:00,104,5,Saturday,7,1,0,random_or_none,3,hot,0.319,260,0,0,0,0,0,0,0,normal,0,97,124
7/19/2025 20:00,97,5,Saturday,7,1,0,random_or_none,3,hot,0.686,260,0,0,0,0,0,0,0,normal,0,91,112
7/19/2025 21:00,91,5,Saturday,7,1,0,random_or_none,0,sunny,0.14,260,0,0,0,0,0,0,0,normal,0,88,103
7/19/2025 22:00,88,5,Saturday,7,1,0,random_or_none,4,dusty,0.969,260,0,0,0,0,0,0,0,extreme_weather,2,79,89
7/19/2025 23:00,79,5,Saturday,7,1,0,random_or_none,3,hot,0.313,260,0,0,0,0,0,0,0,normal,0,66,79
7/20/2025 0:00,66,6,Sunday,7,1,0,random_or_none,0,sunny,0.283,260,0,0,0,0,0,0,0,normal,0,56,85
7/20/2025 1:00,56,6,Sunday,7,1,0,random_or_none,3,hot,0.364,260,0,0,0,0,0,0,0,normal,0,56,82
7/20/2025 2:00,56,6,Sunday,7,1,0,random_or_none,3,hot,0.429,260,0,0,0,0,0,0,0,normal,0,116,69
7/20/2025 3:00,116,6,Sunday,7,1,0,random_or_none,0,sunny,0.327,260,0,1,142.45,0,0,0,0,emergency_spike,5,84,74
7/20/2025 4:00,84,6,Sunday,7,1,0,random_or_none,4,dusty,0.462,260,0,0,0,0,0,0,0,normal,0,98,75
7/20/2025 5:00,98,6,Sunday,7,1,0,random_or_none,3,hot,0.575,260,0,1,53.35,0,0,0,0,emergency_spike,5,80,144
7/20/2025 6:00,80,6,Sunday,7,1,0,random_or_none,3,hot,0.475,260,0,0,0,0,0,0,0,normal,0,84,115
7/20/2025 7:00,84,6,Sunday,7,1,0,random_or_none,3,hot,0.516,260,0,0,0,0,0,0,0,normal,0,83,111
7/20/2025 8:00,83,6,Sunday,7,1,0,random_or_none,3,hot,0.915,260,0,0,0,0,0,0,0,extreme_weather,2,84,148
7/20/2025 9:00,84,6,Sunday,7,1,0,random_or_none,1,rainy,0.771,260,0,0,0,0,0,0,0,extreme_weather,2,86,132
7/20/2025 10:00,86,6,Sunday,7,1,0,random_or_none,3,hot,0.552,260,0,0,0,0,0,0,0,normal,0,88,132
7/20/2025 11:00,88,6,Sunday,7,1,0,random_or_none,0,sunny,0.209,260,0,0,0,0,0,0,0,normal,0,97,133
7/20/2025 12:00,97,6,Sunday,7,1,0,random_or_none,5,windy,0.821,260,0,0,0,0,0,0,0,extreme_weather,2,102,137
7/20/2025 13:00,102,6,Sunday,7,1,0,random_or_none,2,cold,0.516,260,0,0,0,0,0,0,0,normal,0,109,126
7/20/2025 14:00,109,6,Sunday,7,1,0,random_or_none,3,hot,0.817,260,0,0,0,0,0,0,0,extreme_weather,2,109,132
7/20/2025 15:00,109,6,Sunday,7,1,0,random_or_none,3,hot,0.979,260,0,0,0,0,0,0,0,extreme_weather,2,161,132
7/20/2025 16:00,161,6,Sunday,7,1,0,random_or_none,1,rainy,0.929,260,0,1,120.11,0,0,0,0,emergency_spike,5,126,134
7/20/2025 17:00,126,6,Sunday,7,1,0,random_or_none,0,sunny,0.237,260,0,0,0,0,0,0,0,normal,0,122,139
7/20/2025 18:00,122,6,Sunday,7,1,0,random_or_none,0,sunny,0.22,260,0,0,0,0,0,0,0,normal,0,124,135
7/20/2025 19:00,124,6,Sunday,7,1,0,random_or_none,3,hot,0.861,260,0,0,0,0,0,0,0,extreme_weather,2,112,129
7/20/2025 20:00,112,6,Sunday,7,1,0,random_or_none,4,dusty,1,260,0,0,0,0,0,0,0,extreme_weather,2,103,127
7/20/2025 21:00,103,6,Sunday,7,1,0,random_or_none,1,rainy,0.262,260,0,0,0,0,0,0,0,normal,0,89,111
7/20/2025 22:00,89,6,Sunday,7,1,0,random_or_none,0,sunny,0.305,260,0,0,0,0,0,0,0,normal,0,79,99
7/20/2025 23:00,79,6,Sunday,7,1,0,random_or_none,3,hot,0.767,260,0,0,0,0,0,0,0,extreme_weather,2,85,95
7/21/2025 0:00,85,0,Monday,7,0,0,random_or_none,3,hot,0.654,260,0,0,0,0,0,0,0,normal,0,82,79
7/21/2025 1:00,82,0,Monday,7,0,0,random_or_none,3,hot,1,260,0,0,0,0,0,0,0,extreme_weather,2,69,75
7/21/2025 2:00,69,0,Monday,7,0,0,random_or_none,0,sunny,0.253,260,0,0,0,0,0,0,0,normal,0,74,118
7/21/2025 3:00,74,0,Monday,7,0,0,random_or_none,3,hot,0.853,260,0,0,0,0,0,0,0,extreme_weather,2,75,98
7/21/2025 4:00,75,0,Monday,7,0,0,random_or_none,3,hot,0.802,260,0,0,0,0,0,0,0,extreme_weather,2,144,84
7/21/2025 5:00,144,0,Monday,7,0,0,random_or_none,4,dusty,0.51,260,0,1,140.93,0,0,0,0,emergency_spike,5,115,79
7/21/2025 6:00,115,0,Monday,7,0,0,random_or_none,0,sunny,0.132,260,0,0,0,0,0,0,0,normal,0,111,79
7/21/2025 7:00,111,0,Monday,7,0,0,random_or_none,4,dusty,0.547,260,0,0,0,0,0,0,0,normal,0,148,87
7/21/2025 8:00,148,0,Monday,7,0,0,random_or_none,1,rainy,0.304,260,0,1,87.31,0,0,0,0,emergency_spike,5,132,88
7/21/2025 9:00,132,0,Monday,7,0,0,random_or_none,1,rainy,0.882,260,0,0,0,0,0,0,0,extreme_weather,2,132,94
7/21/2025 10:00,132,0,Monday,7,0,0,random_or_none,3,hot,1,260,0,0,0,0,0,0,0,extreme_weather,2,133,102
7/21/2025 11:00,133,0,Monday,7,0,0,random_or_none,3,hot,1,260,0,0,0,0,0,0,0,extreme_weather,2,137,108
7/21/2025 12:00,137,0,Monday,7,0,0,random_or_none,4,dusty,0.734,260,0,0,0,0,0,0,0,normal,0,126,116
7/21/2025 13:00,126,0,Monday,7,0,0,random_or_none,5,windy,0.327,260,0,0,0,0,0,0,0,normal,0,132,125
7/21/2025 14:00,132,0,Monday,7,0,0,random_or_none,3,hot,0.791,260,0,0,0,0,0,0,0,extreme_weather,2,132,127
7/21/2025 15:00,132,0,Monday,7,0,0,random_or_none,3,hot,0.458,260,0,0,0,0,0,0,0,normal,0,134,125
7/21/2025 16:00,134,0,Monday,7,0,0,random_or_none,3,hot,0.936,260,0,0,0,0,0,0,0,extreme_weather,2,139,129
7/21/2025 17:00,139,0,Monday,7,0,0,random_or_none,4,dusty,0.752,260,0,0,0,0,0,0,0,extreme_weather,2,135,128
7/21/2025 18:00,135,0,Monday,7,0,0,random_or_none,4,dusty,0.53,260,0,0,0,0,0,0,0,normal,0,129,133
7/21/2025 19:00,129,0,Monday,7,0,0,random_or_none,0,sunny,0.156,260,0,0,0,0,0,0,0,normal,0,127,127
7/21/2025 20:00,127,0,Monday,7,0,0,random_or_none,3,hot,0.736,260,0,0,0,0,0,0,0,normal,0,111,128
7/21/2025 21:00,111,0,Monday,7,0,0,random_or_none,0,sunny,0.295,260,0,0,0,0,0,0,0,normal,0,99,115
7/21/2025 22:00,99,0,Monday,7,0,0,random_or_none,0,sunny,0.023,260,0,0,0,0,0,0,0,normal,0,95,105
7/21/2025 23:00,95,0,Monday,7,0,0,random_or_none,0,sunny,0.106,260,0,0,0,0,0,0,0,normal,0,79,90
7/22/2025 0:00,79,1,Tuesday,7,0,0,random_or_none,0,sunny,0.249,260,0,0,0,0,0,0,0,normal,0,75,85
7/22/2025 1:00,75,1,Tuesday,7,0,0,random_or_none,0,sunny,0.193,260,0,0,0,0,0,0,0,normal,0,118,75
7/22/2025 2:00,118,1,Tuesday,7,0,0,random_or_none,3,hot,0.292,260,0,1,96.2,0,0,0,0,emergency_spike,5,98,77
7/22/2025 3:00,98,1,Tuesday,7,0,0,random_or_none,3,hot,0.354,260,0,0,0,0,0,0,0,normal,0,84,70
7/22/2025 4:00,84,1,Tuesday,7,0,0,random_or_none,0,sunny,0.01,260,0,0,0,0,0,0,0,normal,0,79,66
7/22/2025 5:00,79,1,Tuesday,7,0,0,random_or_none,4,dusty,0.464,260,0,0,0,0,0,0,0,normal,0,79,75
7/22/2025 6:00,79,1,Tuesday,7,0,0,random_or_none,0,sunny,0.225,260,0,0,0,0,0,0,0,normal,0,87,80
7/22/2025 7:00,87,1,Tuesday,7,0,0,random_or_none,4,dusty,0.866,260,0,0,0,0,0,0,0,extreme_weather,2,88,86
7/22/2025 8:00,88,1,Tuesday,7,0,0,random_or_none,3,hot,0.679,260,0,0,0,0,0,0,0,normal,0,94,90
7/22/2025 9:00,94,1,Tuesday,7,0,0,random_or_none,3,hot,0.752,260,0,0,0,0,0,0,0,extreme_weather,2,102,98
7/22/2025 10:00,102,1,Tuesday,7,0,0,random_or_none,0,sunny,0.05,260,0,0,0,0,0,0,0,normal,0,108,100
7/22/2025 11:00,108,1,Tuesday,7,0,0,random_or_none,5,windy,0.534,260,0,0,0,0,0,0,0,normal,0,116,103
7/22/2025 12:00,116,1,Tuesday,7,0,0,random_or_none,3,hot,0.628,260,0,0,0,0,0,0,0,normal,0,125,117
7/22/2025 13:00,125,1,Tuesday,7,0,0,random_or_none,3,hot,0.589,260,0,0,0,0,0,0,0,normal,0,127,127
7/22/2025 14:00,127,1,Tuesday,7,0,0,random_or_none,0,sunny,0.255,260,0,0,0,0,0,0,0,normal,0,125,130
7/22/2025 15:00,125,1,Tuesday,7,0,0,random_or_none,0,sunny,0.005,260,0,0,0,0,0,0,0,normal,0,129,137
7/22/2025 16:00,129,1,Tuesday,7,0,0,random_or_none,3,hot,0.357,260,0,0,0,0,0,0,0,normal,0,128,137
7/22/2025 17:00,128,1,Tuesday,7,0,0,random_or_none,3,hot,0.529,260,0,0,0,0,0,0,0,normal,0,133,127
7/22/2025 18:00,133,1,Tuesday,7,0,0,random_or_none,3,hot,0.796,260,0,0,0,0,0,0,0,extreme_weather,2,127,130
7/22/2025 19:00,127,1,Tuesday,7,0,0,random_or_none,0,sunny,0.307,260,0,0,0,0,0,0,0,normal,0,128,124
7/22/2025 20:00,128,1,Tuesday,7,0,0,random_or_none,3,hot,0.947,260,0,0,0,0,0,0,0,extreme_weather,2,115,126
7/22/2025 21:00,115,1,Tuesday,7,0,0,random_or_none,3,hot,0.321,260,0,0,0,0,0,0,0,normal,0,105,121
7/22/2025 22:00,105,1,Tuesday,7,0,0,random_or_none,5,windy,0.639,260,0,0,0,0,0,0,0,normal,0,90,110
7/22/2025 23:00,90,1,Tuesday,7,0,0,random_or_none,1,rainy,0.785,260,0,0,0,0,0,0,0,extreme_weather,2,85,92
7/23/2025 0:00,85,2,Wednesday,7,0,0,random_or_none,3,hot,0.745,260,0,0,0,0,0,0,0,normal,0,75,89
7/23/2025 1:00,75,2,Wednesday,7,0,0,random_or_none,4,dusty,0.813,260,0,0,0,0,0,0,0,extreme_weather,2,77,80
7/23/2025 2:00,77,2,Wednesday,7,0,0,random_or_none,3,hot,1,260,0,0,0,0,0,0,0,extreme_weather,2,70,78
7/23/2025 3:00,70,2,Wednesday,7,0,0,random_or_none,0,sunny,0.106,260,0,0,0,0,0,0,0,normal,0,66,71
7/23/2025 4:00,66,2,Wednesday,7,0,0,random_or_none,3,hot,0.635,260,0,0,0,0,0,0,0,normal,0,75,67
7/23/2025 5:00,75,2,Wednesday,7,0,0,random_or_none,3,hot,0.894,260,0,0,0,0,0,0,0,extreme_weather,2,80,73
7/23/2025 6:00,80,2,Wednesday,7,0,0,random_or_none,0,sunny,0.15,260,0,0,0,0,0,0,0,normal,0,86,78
7/23/2025 7:00,86,2,Wednesday,7,0,0,random_or_none,5,windy,0.61,260,0,0,0,0,0,0,0,normal,0,90,163
7/23/2025 8:00,90,2,Wednesday,7,0,0,random_or_none,4,dusty,0.661,260,0,0,0,0,0,0,0,normal,0,98,132
7/23/2025 9:00,98,2,Wednesday,7,0,0,random_or_none,3,hot,1,260,0,0,0,0,0,0,0,extreme_weather,2,100,120
7/23/2025 10:00,100,2,Wednesday,7,0,0,random_or_none,3,hot,0.617,260,0,0,0,0,0,0,0,normal,0,103,113
7/23/2025 11:00,103,2,Wednesday,7,0,0,random_or_none,0,sunny,0.048,260,0,0,0,0,0,0,0,normal,0,117,112
7/23/2025 12:00,117,2,Wednesday,7,0,0,random_or_none,3,hot,0.65,260,0,0,0,0,0,0,0,normal,0,127,117
7/23/2025 13:00,127,2,Wednesday,7,0,0,random_or_none,3,hot,0.546,260,0,0,0,0,0,0,0,normal,0,130,129
7/23/2025 14:00,130,2,Wednesday,7,0,0,random_or_none,3,hot,0.784,260,0,0,0,0,0,0,0,extreme_weather,2,137,135
7/23/2025 15:00,137,2,Wednesday,7,0,0,random_or_none,3,hot,1,260,0,0,0,0,0,0,0,extreme_weather,2,137,131
7/23/2025 16:00,137,2,Wednesday,7,0,0,random_or_none,4,dusty,0.991,260,0,0,0,0,0,0,0,extreme_weather,2,127,130
7/23/2025 17:00,127,2,Wednesday,7,0,0,random_or_none,0,sunny,0.125,260,0,0,0,0,0,0,0,normal,0,130,127
7/23/2025 18:00,130,2,Wednesday,7,0,0,random_or_none,3,hot,0.792,260,0,0,0,0,0,0,0,extreme_weather,2,124,125
7/23/2025 19:00,124,2,Wednesday,7,0,0,random_or_none,3,hot,0.254,260,0,0,0,0,0,0,0,normal,0,126,122
7/23/2025 20:00,126,2,Wednesday,7,0,0,random_or_none,3,hot,0.675,260,0,0,0,0,0,0,0,normal,0,121,123
7/23/2025 21:00,121,2,Wednesday,7,0,0,random_or_none,3,hot,1,260,0,0,0,0,0,0,0,extreme_weather,2,110,115
7/23/2025 22:00,110,2,Wednesday,7,0,0,random_or_none,4,dusty,0.809,260,0,0,0,0,0,0,0,extreme_weather,2,92,105
7/23/2025 23:00,92,2,Wednesday,7,0,0,random_or_none,0,sunny,0.243,260,0,0,0,0,0,0,0,normal,0,89,88
7/24/2025 0:00,89,3,Thursday,7,0,0,random_or_none,3,hot,0.858,260,0,0,0,0,0,0,0,extreme_weather,2,80,81
7/24/2025 1:00,80,3,Thursday,7,0,0,random_or_none,3,hot,0.796,260,0,0,0,0,0,0,0,extreme_weather,2,78,76
7/24/2025 2:00,78,3,Thursday,7,0,0,random_or_none,5,windy,0.759,260,0,0,0,0,0,0,0,extreme_weather,2,71,69
7/24/2025 3:00,71,3,Thursday,7,0,0,random_or_none,5,windy,0.172,260,0,0,0,0,0,0,0,normal,0,67,70
7/24/2025 4:00,67,3,Thursday,7,0,0,random_or_none,0,sunny,0.247,260,0,0,0,0,0,0,0,normal,0,73,70
7/24/2025 5:00,73,3,Thursday,7,0,0,random_or_none,3,hot,0.708,260,0,0,0,0,0,0,0,normal,0,78,73
7/24/2025 6:00,78,3,Thursday,7,0,0,random_or_none,3,hot,0.61,260,0,0,0,0,0,0,0,normal,0,163,79
7/24/2025 7:00,163,3,Thursday,7,0,0,random_or_none,3,hot,0.532,260,0,1,167.08,0,0,0,0,emergency_spike,5,132,82
7/24/2025 8:00,132,3,Thursday,7,0,0,random_or_none,4,dusty,0.455,260,0,0,0,0,0,0,0,normal,0,120,91
7/24/2025 9:00,120,3,Thursday,7,0,0,random_or_none,3,hot,1,260,0,0,0,0,0,0,0,extreme_weather,2,113,106
7/24/2025 10:00,113,3,Thursday,7,0,0,random_or_none,0,sunny,0.312,260,0,0,0,0,0,0,0,normal,0,112,108
7/24/2025 11:00,112,3,Thursday,7,0,0,random_or_none,0,sunny,0.158,260,0,0,0,0,0,0,0,normal,0,117,106
7/24/2025 12:00,117,3,Thursday,7,0,0,random_or_none,3,hot,0.616,260,0,0,0,0,0,0,0,normal,0,129,110
7/24/2025 13:00,129,3,Thursday,7,0,0,random_or_none,3,hot,0.924,260,0,0,0,0,0,0,0,extreme_weather,2,135,123
7/24/2025 14:00,135,3,Thursday,7,0,0,random_or_none,4,dusty,0.996,260,0,0,0,0,0,0,0,extreme_weather,2,131,130
7/24/2025 15:00,131,3,Thursday,7,0,0,random_or_none,3,hot,0.727,260,0,0,0,0,0,0,0,normal,0,130,135
7/24/2025 16:00,130,3,Thursday,7,0,0,random_or_none,3,hot,0.391,260,0,0,0,0,0,0,0,normal,0,127,132
7/24/2025 17:00,127,3,Thursday,7,0,0,random_or_none,4,dusty,0.779,260,0,0,0,0,0,0,0,extreme_weather,2,125,134
7/24/2025 18:00,125,3,Thursday,7,0,0,random_or_none,0,sunny,0.17,260,0,0,0,0,0,0,0,normal,0,122,124
7/24/2025 19:00,122,3,Thursday,7,0,0,random_or_none,3,hot,0.74,260,0,0,0,0,0,0,0,normal,0,123,116
7/24/2025 20:00,123,3,Thursday,7,0,0,random_or_none,1,rainy,0.885,260,0,0,0,0,0,0,0,extreme_weather,2,115,119
7/24/2025 21:00,115,3,Thursday,7,0,0,random_or_none,4,dusty,0.617,260,0,0,0,0,0,0,0,normal,0,105,110
7/24/2025 22:00,105,3,Thursday,7,0,0,random_or_none,4,dusty,0.877,260,0,0,0,0,0,0,0,extreme_weather,2,88,102
7/24/2025 23:00,88,3,Thursday,7,0,0,random_or_none,3,hot,0.443,260,0,0,0,0,0,0,0,normal,0,81,95
7/25/2025 0:00,81,4,Friday,7,0,0,random_or_none,0,sunny,0.105,260,0,0,0,0,0,0,0,normal,0,76,80
7/25/2025 1:00,76,4,Friday,7,0,0,random_or_none,5,windy,0.357,260,0,0,0,0,0,0,0,normal,0,69,74
7/25/2025 2:00,69,4,Friday,7,0,0,random_or_none,0,sunny,0.131,260,0,0,0,0,0,0,0,normal,0,70,68
7/25/2025 3:00,70,4,Friday,7,0,0,random_or_none,3,hot,0.446,260,0,0,0,0,0,0,0,normal,0,70,70
7/25/2025 4:00,70,4,Friday,7,0,0,random_or_none,0,sunny,0.163,260,0,0,0,0,0,0,0,normal,0,73,64
7/25/2025 5:00,73,4,Friday,7,0,0,random_or_none,0,sunny,0.101,260,0,0,0,0,0,0,0,normal,0,79,72
7/25/2025 6:00,79,4,Friday,7,0,0,random_or_none,3,hot,0.7,260,0,0,0,0,0,0,0,normal,0,82,70
7/25/2025 7:00,82,4,Friday,7,0,0,random_or_none,0,sunny,0.131,260,0,0,0,0,0,0,0,normal,0,91,78
7/25/2025 8:00,91,4,Friday,7,0,0,random_or_none,3,hot,0.879,260,0,0,0,0,0,0,0,extreme_weather,2,106,83
7/25/2025 9:00,106,4,Friday,7,0,0,random_or_none,3,hot,1,260,0,0,0,0,0,0,0,extreme_weather,2,108,89
7/25/2025 10:00,108,4,Friday,7,0,0,random_or_none,0,sunny,0.06,260,0,0,0,0,0,0,0,normal,0,106,92
7/25/2025 11:00,106,4,Friday,7,0,0,random_or_none,0,sunny,0.192,260,0,0,0,0,0,0,0,normal,0,110,103
7/25/2025 12:00,110,4,Friday,7,0,0,random_or_none,0,sunny,0.142,260,0,0,0,0,0,0,0,normal,0,123,97
7/25/2025 13:00,123,4,Friday,7,0,0,random_or_none,4,dusty,0.94,260,0,0,0,0,0,0,0,extreme_weather,2,130,104
7/25/2025 14:00,130,4,Friday,7,0,0,random_or_none,4,dusty,0.421,260,0,0,0,0,0,0,0,normal,0,135,112
7/25/2025 15:00,135,4,Friday,7,0,0,random_or_none,0,sunny,0.13,260,0,0,0,0,0,0,0,normal,0,132,112
7/25/2025 16:00,132,4,Friday,7,0,0,random_or_none,0,sunny,0.069,260,0,0,0,0,0,0,0,normal,0,134,107
7/25/2025 17:00,134,4,Friday,7,0,0,random_or_none,3,hot,0.783,260,0,0,0,0,0,0,0,extreme_weather,2,124,114
7/25/2025 18:00,124,4,Friday,7,0,0,random_or_none,0,sunny,0.117,260,0,0,0,0,0,0,0,normal,0,116,116
7/25/2025 19:00,116,4,Friday,7,0,0,random_or_none,3,hot,0.495,260,0,0,0,0,0,0,0,normal,0,119,111
7/25/2025 20:00,119,4,Friday,7,0,0,random_or_none,3,hot,0.645,260,0,0,0,0,0,0,0,normal,0,110,106
7/25/2025 21:00,110,4,Friday,7,0,0,random_or_none,0,sunny,0.05,260,0,0,0,0,0,0,0,normal,0,102,103
7/25/2025 22:00,102,4,Friday,7,0,0,random_or_none,4,dusty,0.606,260,0,0,0,0,0,0,0,normal,0,95,87
7/25/2025 23:00,95,4,Friday,7,0,0,random_or_none,4,dusty,0.463,260,0,0,0,0,0,0,0,normal,0,80,77
7/26/2025 0:00,80,5,Saturday,7,1,0,random_or_none,4,dusty,0.718,260,0,0,0,0,0,0,0,normal,0,74,68
7/26/2025 1:00,74,5,Saturday,7,1,0,random_or_none,3,hot,1,260,0,0,0,0,0,0,0,extreme_weather,2,68,61
7/26/2025 2:00,68,5,Saturday,7,1,0,random_or_none,4,dusty,0.367,260,0,0,0,0,0,0,0,normal,0,70,64
7/26/2025 3:00,70,5,Saturday,7,1,0,random_or_none,3,hot,0.818,260,0,0,0,0,0,0,0,extreme_weather,2,64,65
7/26/2025 4:00,64,5,Saturday,7,1,0,random_or_none,5,windy,0.238,260,0,0,0,0,0,0,0,normal,0,72,57
7/26/2025 5:00,72,5,Saturday,7,1,0,random_or_none,3,hot,1,260,0,0,0,0,0,0,0,extreme_weather,2,70,57
7/26/2025 6:00,70,5,Saturday,7,1,0,random_or_none,3,hot,0.458,260,0,0,0,0,0,0,0,normal,0,78,67
7/26/2025 7:00,78,5,Saturday,7,1,0,random_or_none,4,dusty,0.467,260,0,0,0,0,0,0,0,normal,0,83,69
7/26/2025 8:00,83,5,Saturday,7,1,0,random_or_none,3,hot,0.397,260,0,0,0,0,0,0,0,normal,0,89,80
7/26/2025 9:00,89,5,Saturday,7,1,0,random_or_none,4,dusty,0.799,260,0,0,0,0,0,0,0,extreme_weather,2,92,80
7/26/2025 10:00,92,5,Saturday,7,1,0,random_or_none,4,dusty,0.543,260,0,0,0,0,0,0,0,normal,0,103,84
7/26/2025 11:00,103,5,Saturday,7,1,0,random_or_none,4,dusty,0.642,260,0,0,0,0,0,0,0,normal,0,97,94
7/26/2025 12:00,97,5,Saturday,7,1,0,random_or_none,0,sunny,0.349,260,0,0,0,0,0,0,0,normal,0,104,100
7/26/2025 13:00,104,5,Saturday,7,1,0,random_or_none,0,sunny,0.023,260,0,0,0,0,0,0,0,normal,0,112,107
7/26/2025 14:00,112,5,Saturday,7,1,0,random_or_none,4,dusty,1,260,0,0,0,0,0,0,0,extreme_weather,2,112,114
7/26/2025 15:00,112,5,Saturday,7,1,0,random_or_none,5,windy,0.462,260,0,0,0,0,0,0,0,normal,0,107,117
7/26/2025 16:00,107,5,Saturday,7,1,0,random_or_none,0,sunny,0.347,260,0,0,0,0,0,0,0,normal,0,114,111
7/26/2025 17:00,114,5,Saturday,7,1,0,random_or_none,3,hot,0.547,260,0,0,0,0,0,0,0,normal,0,116,116
7/26/2025 18:00,116,5,Saturday,7,1,0,random_or_none,3,hot,0.927,260,0,0,0,0,0,0,0,extreme_weather,2,111,115
7/26/2025 19:00,111,5,Saturday,7,1,0,random_or_none,0,sunny,0.241,260,0,0,0,0,0,0,0,normal,0,106,104
7/26/2025 20:00,106,5,Saturday,7,1,0,random_or_none,3,hot,0.872,260,0,0,0,0,0,0,0,extreme_weather,2,103,97
7/26/2025 21:00,103,5,Saturday,7,1,0,random_or_none,3,hot,1,260,0,0,0,0,0,0,0,extreme_weather,2,87,91
7/26/2025 22:00,87,5,Saturday,7,1,0,random_or_none,0,sunny,0.207,260,0,0,0,0,0,0,0,normal,0,77,87
7/26/2025 23:00,77,5,Saturday,7,1,0,random_or_none,0,sunny,0.302,260,0,0,0,0,0,0,0,normal,0,68,129
7/27/2025 0:00,68,6,Sunday,7,1,0,random_or_none,3,hot,0.501,260,0,0,0,0,0,0,0,normal,0,61,110
7/27/2025 1:00,61,6,Sunday,7,1,0,random_or_none,0,sunny,0.144,260,0,0,0,0,0,0,0,normal,0,64,89
7/27/2025 2:00,64,6,Sunday,7,1,0,random_or_none,4,dusty,0.521,260,0,0,0,0,0,0,0,normal,0,65,80
7/27/2025 3:00,65,6,Sunday,7,1,0,random_or_none,3,hot,0.791,260,0,0,0,0,0,0,0,extreme_weather,2,57,76
7/27/2025 4:00,57,6,Sunday,7,1,0,random_or_none,0,sunny,0.311,260,0,0,0,0,0,0,0,normal,0,57,75
7/27/2025 5:00,57,6,Sunday,7,1,0,random_or_none,3,hot,0.572,260,0,0,0,0,0,0,0,normal,0,67,81
7/27/2025 6:00,67,6,Sunday,7,1,0,random_or_none,3,hot,0.974,260,0,0,0,0,0,0,0,extreme_weather,2,69,126
7/27/2025 7:00,69,6,Sunday,7,1,0,random_or_none,0,sunny,0.073,260,0,0,0,0,0,0,0,normal,0,80,106
7/27/2025 8:00,80,6,Sunday,7,1,0,random_or_none,3,hot,0.919,260,0,0,0,0,0,0,0,extreme_weather,2,80,111
7/27/2025 9:00,80,6,Sunday,7,1,0,random_or_none,0,sunny,0.285,260,0,0,0,0,0,0,0,normal,0,84,112
7/27/2025 10:00,84,6,Sunday,7,1,0,random_or_none,5,windy,0.164,260,0,0,0,0,0,0,0,normal,0,94,117
7/27/2025 11:00,94,6,Sunday,7,1,0,random_or_none,3,hot,0.374,260,0,0,0,0,0,0,0,normal,0,100,113
7/27/2025 12:00,100,6,Sunday,7,1,0,random_or_none,4,dusty,0.739,260,0,0,0,0,0,0,0,normal,0,107,115
7/27/2025 13:00,107,6,Sunday,7,1,0,random_or_none,3,hot,0.452,260,0,0,0,0,0,0,0,normal,0,114,117
7/27/2025 14:00,114,6,Sunday,7,1,0,random_or_none,3,hot,0.968,260,0,0,0,0,0,0,0,extreme_weather,2,117,118
7/27/2025 15:00,117,6,Sunday,7,1,0,random_or_none,0,sunny,0.161,260,0,0,0,0,0,0,0,normal,0,111,129
7/27/2025 16:00,111,6,Sunday,7,1,0,random_or_none,0,sunny,0.282,260,0,0,0,0,0,0,0,normal,0,116,137
7/27/2025 17:00,116,6,Sunday,7,1,0,random_or_none,4,dusty,0.574,260,0,0,0,0,0,0,0,normal,0,115,126
7/27/2025 18:00,115,6,Sunday,7,1,0,random_or_none,0,sunny,0.064,260,0,0,0,0,0,0,0,normal,0,104,127
7/27/2025 19:00,104,6,Sunday,7,1,0,random_or_none,0,sunny,0.031,260,0,0,0,0,0,0,0,normal,0,97,130
7/27/2025 20:00,97,6,Sunday,7,1,0,random_or_none,1,rainy,0.17,260,0,0,0,0,0,0,0,normal,0,91,127
7/27/2025 21:00,91,6,Sunday,7,1,0,random_or_none,3,hot,0.354,260,0,0,0,0,0,0,0,normal,0,87,119
7/27/2025 22:00,87,6,Sunday,7,1,0,random_or_none,3,hot,0.964,260,0,0,0,0,0,0,0,extreme_weather,2,129,110
7/27/2025 23:00,129,6,Sunday,7,1,0,random_or_none,0,sunny,0.256,260,0,1,127.59,0,0,0,0,emergency_spike,5,110,96
7/28/2025 0:00,110,0,Monday,7,0,0,random_or_none,3,hot,0.581,260,0,0,0,0,0,0,0,normal,0,89,86
7/28/2025 1:00,89,0,Monday,7,0,0,random_or_none,0,sunny,0.28,260,0,0,0,0,0,0,0,normal,0,80,77
7/28/2025 2:00,80,0,Monday,7,0,0,random_or_none,3,hot,0.928,260,0,0,0,0,0,0,0,extreme_weather,2,76,75
7/28/2025 3:00,76,0,Monday,7,0,0,random_or_none,3,hot,0.31,260,0,0,0,0,0,0,0,normal,0,75,74
7/28/2025 4:00,75,0,Monday,7,0,0,random_or_none,0,sunny,0.013,260,0,0,0,0,0,0,0,normal,0,81,79
7/28/2025 5:00,81,0,Monday,7,0,0,random_or_none,3,hot,1,260,0,0,0,0,0,0,0,extreme_weather,2,126,76
7/28/2025 6:00,126,0,Monday,7,0,0,random_or_none,0,sunny,0.029,260,0,1,109.44,0,0,0,0,emergency_spike,5,106,87
7/28/2025 7:00,106,0,Monday,7,0,0,random_or_none,4,dusty,0.358,260,0,0,0,0,0,0,0,normal,0,111,88
7/28/2025 8:00,111,0,Monday,7,0,0,random_or_none,3,hot,0.601,260,0,0,0,0,0,0,0,normal,0,112,88
7/28/2025 9:00,112,0,Monday,7,0,0,random_or_none,3,hot,0.753,260,0,0,0,0,0,0,0,extreme_weather,2,117,95
7/28/2025 10:00,117,0,Monday,7,0,0,random_or_none,3,hot,0.957,260,0,0,0,0,0,0,0,extreme_weather,2,113,104
7/28/2025 11:00,113,0,Monday,7,0,0,random_or_none,0,sunny,0.311,260,0,0,0,0,0,0,0,normal,0,115,109
7/28/2025 12:00,115,0,Monday,7,0,0,random_or_none,3,hot,0.472,260,0,0,0,0,0,0,0,normal,0,117,111
7/28/2025 13:00,117,0,Monday,7,0,0,random_or_none,0,sunny,0.329,260,0,0,0,0,0,0,0,normal,0,118,121
7/28/2025 14:00,118,0,Monday,7,0,0,random_or_none,3,hot,0.694,260,0,0,0,0,0,0,0,normal,0,129,144
7/28/2025 15:00,129,0,Monday,7,0,0,random_or_none,4,dusty,0.86,260,0,0,0,0,0,0,0,extreme_weather,2,137,140
7/28/2025 16:00,137,0,Monday,7,0,0,random_or_none,4,dusty,0.426,260,0,0,0,0,0,0,0,normal,0,126,146
7/28/2025 17:00,126,0,Monday,7,0,0,random_or_none,3,hot,0.751,260,0,0,0,0,0,0,0,extreme_weather,2,127,140
7/28/2025 18:00,127,0,Monday,7,0,0,random_or_none,5,windy,0.567,260,0,0,0,0,0,0,0,normal,0,130,130
7/28/2025 19:00,130,0,Monday,7,0,0,random_or_none,4,dusty,0.689,260,0,0,0,0,0,0,0,normal,0,127,129
7/28/2025 20:00,127,0,Monday,7,0,0,random_or_none,5,windy,0.85,260,0,0,0,0,0,0,0,extreme_weather,2,119,156
7/28/2025 21:00,119,0,Monday,7,0,0,random_or_none,3,hot,0.985,260,0,0,0,0,0,0,0,extreme_weather,2,110,140
7/28/2025 22:00,110,0,Monday,7,0,0,random_or_none,4,dusty,0.401,260,0,0,0,0,0,0,0,normal,0,96,121
7/28/2025 23:00,96,0,Monday,7,0,0,random_or_none,0,sunny,0.106,260,0,0,0,0,0,0,0,normal,0,86,104
7/29/2025 0:00,86,1,Tuesday,7,0,0,random_or_none,0,sunny,0.133,260,0,0,0,0,0,0,0,normal,0,77,104
7/29/2025 1:00,77,1,Tuesday,7,0,0,random_or_none,0,sunny,0.042,260,0,0,0,0,0,0,0,normal,0,75,87
7/29/2025 2:00,75,1,Tuesday,7,0,0,random_or_none,3,hot,0.83,260,0,0,0,0,0,0,0,extreme_weather,2,74,83
7/29/2025 3:00,74,1,Tuesday,7,0,0,random_or_none,0,sunny,0.338,260,0,0,0,0,0,0,0,normal,0,79,71
7/29/2025 4:00,79,1,Tuesday,7,0,0,random_or_none,3,hot,0.81,260,0,0,0,0,0,0,0,extreme_weather,2,76,78
7/29/2025 5:00,76,1,Tuesday,7,0,0,random_or_none,0,sunny,0.259,260,0,0,0,0,0,0,0,normal,0,87,73
7/29/2025 6:00,87,1,Tuesday,7,0,0,random_or_none,3,hot,0.799,260,0,0,0,0,0,0,0,extreme_weather,2,88,152
7/29/2025 7:00,88,1,Tuesday,7,0,0,random_or_none,0,sunny,0.209,260,0,0,0,0,0,0,0,normal,0,88,123
7/29/2025 8:00,88,1,Tuesday,7,0,0,random_or_none,0,sunny,0.32,260,0,0,0,0,0,0,0,normal,0,95,115
7/29/2025 9:00,95,1,Tuesday,7,0,0,random_or_none,0,sunny,0.332,260,0,0,0,0,0,0,0,normal,0,104,111
7/29/2025 10:00,104,1,Tuesday,7,0,0,random_or_none,3,hot,0.634,260,0,0,0,0,0,0,0,normal,0,109,108
7/29/2025 11:00,109,1,Tuesday,7,0,0,random_or_none,3,hot,0.841,260,0,0,0,0,0,0,0,extreme_weather,2,111,118
7/29/2025 12:00,111,1,Tuesday,7,0,0,random_or_none,4,dusty,0.494,260,0,0,0,0,0,0,0,normal,0,121,113
7/29/2025 13:00,121,1,Tuesday,7,0,0,random_or_none,3,hot,0.582,260,0,0,0,0,0,0,0,normal,0,144,113
7/29/2025 14:00,144,1,Tuesday,7,0,0,random_or_none,3,hot,0.328,260,0,1,38.28,0,0,0,0,emergency_spike,5,140,119
7/29/2025 15:00,140,1,Tuesday,7,0,0,random_or_none,2,cold,0.791,260,0,0,0,0,0,0,0,extreme_weather,2,146,118
7/29/2025 16:00,146,1,Tuesday,7,0,0,random_or_none,3,hot,1,260,0,0,0,0,0,0,0,extreme_weather,2,140,118
7/29/2025 17:00,140,1,Tuesday,7,0,0,random_or_none,3,hot,0.957,260,0,0,0,0,0,0,0,extreme_weather,2,130,126
7/29/2025 18:00,130,1,Tuesday,7,0,0,random_or_none,3,hot,0.399,260,0,0,0,0,0,0,0,normal,0,129,121
7/29/2025 19:00,129,1,Tuesday,7,0,0,random_or_none,3,hot,0.613,260,0,0,0,0,0,0,0,normal,0,156,120
7/29/2025 20:00,156,1,Tuesday,7,0,0,random_or_none,0,sunny,0.188,260,0,1,78.68,0,0,0,0,emergency_spike,5,140,116
7/29/2025 21:00,140,1,Tuesday,7,0,0,random_or_none,3,hot,1,260,0,0,0,0,0,0,0,extreme_weather,2,121,118
7/29/2025 22:00,121,1,Tuesday,7,0,0,random_or_none,3,hot,0.395,260,0,0,0,0,0,0,0,normal,0,104,108
7/29/2025 23:00,104,1,Tuesday,7,0,0,random_or_none,3,hot,0.403,260,0,0,0,0,0,0,0,normal,0,104,95
7/30/2025 0:00,104,2,Wednesday,7,0,0,random_or_none,0,sunny,0.104,260,0,1,38.16,0,0,0,0,emergency_spike,5,87,90
7/30/2025 1:00,87,2,Wednesday,7,0,0,random_or_none,3,hot,0.926,260,0,0,0,0,0,0,0,extreme_weather,2,83,84
7/30/2025 2:00,83,2,Wednesday,7,0,0,random_or_none,3,hot,0.379,260,0,0,0,0,0,0,0,normal,0,71,78
7/30/2025 3:00,71,2,Wednesday,7,0,0,random_or_none,3,hot,0.622,260,0,0,0,0,0,0,0,normal,0,78,73
7/30/2025 4:00,78,2,Wednesday,7,0,0,random_or_none,3,hot,0.943,260,0,0,0,0,0,0,0,extreme_weather,2,73,68
7/30/2025 5:00,73,2,Wednesday,7,0,0,random_or_none,3,hot,0.449,260,0,0,0,0,0,0,0,normal,0,152,72
7/30/2025 6:00,152,2,Wednesday,7,0,0,random_or_none,5,windy,0.567,260,0,1,166,0,0,0,0,emergency_spike,5,123,79
7/30/2025 7:00,123,2,Wednesday,7,0,0,random_or_none,5,windy,0.163,260,0,0,0,0,0,0,0,normal,0,115,82
7/30/2025 8:00,115,2,Wednesday,7,0,0,random_or_none,4,dusty,0.37,260,0,0,0,0,0,0,0,normal,0,111,93
7/30/2025 9:00,111,2,Wednesday,7,0,0,random_or_none,3,hot,0.63,260,0,0,0,0,0,0,0,normal,0,108,104
7/30/2025 10:00,108,2,Wednesday,7,0,0,random_or_none,0,sunny,0.317,260,0,0,0,0,0,0,0,normal,0,118,112
7/30/2025 11:00,118,2,Wednesday,7,0,0,random_or_none,3,hot,0.723,260,0,0,0,0,0,0,0,normal,0,113,143
7/30/2025 12:00,113,2,Wednesday,7,0,0,random_or_none,0,sunny,0.061,260,0,0,0,0,0,0,0,normal,0,113,131
7/30/2025 13:00,113,2,Wednesday,7,0,0,random_or_none,3,hot,0.672,260,0,0,0,0,0,0,0,normal,0,119,127
7/30/2025 14:00,119,2,Wednesday,7,0,0,random_or_none,5,windy,0.632,260,0,0,0,0,0,0,0,normal,0,118,127
7/30/2025 15:00,118,2,Wednesday,7,0,0,random_or_none,0,sunny,0.271,260,0,0,0,0,0,0,0,normal,0,118,131
7/30/2025 16:00,118,2,Wednesday,7,0,0,random_or_none,3,hot,1,260,0,0,0,0,0,0,0,extreme_weather,2,126,136
7/30/2025 17:00,126,2,Wednesday,7,0,0,random_or_none,5,windy,0.767,260,0,0,0,0,0,0,0,extreme_weather,2,121,136
7/30/2025 18:00,121,2,Wednesday,7,0,0,random_or_none,0,sunny,0.112,260,0,0,0,0,0,0,0,normal,0,120,132
7/30/2025 19:00,120,2,Wednesday,7,0,0,random_or_none,0,sunny,0.13,260,0,0,0,0,0,0,0,normal,0,116,125
7/30/2025 20:00,116,2,Wednesday,7,0,0,random_or_none,0,sunny,0.007,260,0,0,0,0,0,0,0,normal,0,118,111
7/30/2025 21:00,118,2,Wednesday,7,0,0,random_or_none,3,hot,0.73,260,0,0,0,0,0,0,0,normal,0,108,117
7/30/2025 22:00,108,2,Wednesday,7,0,0,random_or_none,3,hot,0.623,260,0,0,0,0,0,0,0,normal,0,95,108
7/30/2025 23:00,95,2,Wednesday,7,0,0,random_or_none,3,hot,0.891,260,0,0,0,0,0,0,0,extreme_weather,2,90,94
7/31/2025 0:00,90,3,Thursday,7,0,0,random_or_none,3,hot,0.653,260,0,0,0,0,0,0,0,normal,0,84,85
7/31/2025 1:00,84,3,Thursday,7,0,0,random_or_none,3,hot,0.72,260,0,0,0,0,0,0,0,normal,0,78,139
7/31/2025 2:00,78,3,Thursday,7,0,0,random_or_none,0,sunny,0.105,260,0,0,0,0,0,0,0,normal,0,73,105
7/31/2025 3:00,73,3,Thursday,7,0,0,random_or_none,0,sunny,0.179,260,0,0,0,0,0,0,0,normal,0,68,88
7/31/2025 4:00,68,3,Thursday,7,0,0,random_or_none,0,sunny,0.216,260,0,0,0,0,0,0,0,normal,0,72,87
7/31/2025 5:00,72,3,Thursday,7,0,0,random_or_none,3,hot,0.743,260,0,0,0,0,0,0,0,normal,0,79,83
7/31/2025 6:00,79,3,Thursday,7,0,0,random_or_none,3,hot,1,260,0,0,0,0,0,0,0,extreme_weather,2,82,86
7/31/2025 7:00,82,3,Thursday,7,0,0,random_or_none,3,hot,0.482,260,0,0,0,0,0,0,0,normal,0,93,94
7/31/2025 8:00,93,3,Thursday,7,0,0,random_or_none,4,dusty,0.524,260,0,0,0,0,0,0,0,normal,0,104,95
7/31/2025 9:00,104,3,Thursday,7,0,0,random_or_none,3,hot,1,260,0,0,0,0,0,0,0,extreme_weather,2,112,99
7/31/2025 10:00,112,3,Thursday,7,0,0,random_or_none,3,hot,0.744,260,0,0,0,0,0,0,0,normal,0,143,102
7/31/2025 11:00,143,3,Thursday,7,0,0,random_or_none,0,sunny,0.283,260,0,1,69.55,0,0,0,0,emergency_spike,5,131,108
7/31/2025 12:00,131,3,Thursday,7,0,0,random_or_none,3,hot,0.449,260,0,0,0,0,0,0,0,normal,0,127,107
7/31/2025 13:00,127,3,Thursday,7,0,0,random_or_none,3,hot,0.784,260,0,0,0,0,0,0,0,extreme_weather,2,127,110
7/31/2025 14:00,127,3,Thursday,7,0,0,random_or_none,4,dusty,0.572,260,0,0,0,0,0,0,0,normal,0,131,113
7/31/2025 15:00,131,3,Thursday,7,0,0,random_or_none,3,hot,1,260,0,0,0,0,0,0,0,extreme_weather,2,136,116
7/31/2025 16:00,136,3,Thursday,7,0,0,random_or_none,3,hot,1,260,0,0,0,0,0,0,0,extreme_weather,2,136,117
7/31/2025 17:00,136,3,Thursday,7,0,0,random_or_none,5,windy,0.6,260,0,0,0,0,0,0,0,normal,0,132,118
7/31/2025 18:00,132,3,Thursday,7,0,0,random_or_none,3,hot,0.389,260,0,0,0,0,0,0,0,normal,0,125,123
7/31/2025 19:00,125,3,Thursday,7,0,0,random_or_none,0,sunny,0.207,260,0,0,0,0,0,0,0,normal,0,111,126
7/31/2025 20:00,111,3,Thursday,7,0,0,random_or_none,3,hot,0.547,260,0,0,0,0,0,0,0,normal,0,117,116
7/31/2025 21:00,117,3,Thursday,7,0,0,random_or_none,4,dusty,0.959,260,0,0,0,0,0,0,0,extreme_weather,2,108,115
7/31/2025 22:00,108,3,Thursday,7,0,0,random_or_none,3,hot,0.382,260,0,0,0,0,0,0,0,normal,0,94,106
7/31/2025 23:00,94,3,Thursday,7,0,0,random_or_none,3,hot,0.3,260,0,0,0,0,0,0,0,normal,0,85,94
8/1/2025 0:00,85,4,Friday,8,0,0,random_or_none,3,hot,0.478,260,0,0,0,0,0,0,0,normal,0,139,69
8/1/2025 1:00,139,4,Friday,8,0,0,random_or_none,3,hot,0.308,260,0,1,127.89,0,0,0,0,emergency_spike,5,105,60
8/1/2025 2:00,105,4,Friday,8,0,0,random_or_none,0,sunny,0.151,260,0,0,0,0,0,0,0,normal,0,88,59
8/1/2025 3:00,88,4,Friday,8,0,0,random_or_none,0,sunny,0.237,260,0,0,0,0,0,0,0,normal,0,87,57
8/1/2025 4:00,87,4,Friday,8,0,0,random_or_none,3,hot,0.895,260,0,0,0,0,0,0,0,extreme_weather,2,83,58
8/1/2025 5:00,83,4,Friday,8,0,0,random_or_none,2,cold,0.709,260,0,0,0,0,0,0,0,normal,0,86,122
8/1/2025 6:00,86,4,Friday,8,0,0,random_or_none,3,hot,0.937,260,0,0,0,0,0,0,0,extreme_weather,2,94,93
8/1/2025 7:00,94,4,Friday,8,0,0,random_or_none,3,hot,0.652,260,0,0,0,0,0,0,0,normal,0,95,89
8/1/2025 8:00,95,4,Friday,8,0,0,random_or_none,4,dusty,0.869,260,0,0,0,0,0,0,0,extreme_weather,2,99,87
8/1/2025 9:00,99,4,Friday,8,0,0,random_or_none,3,hot,0.371,260,0,0,0,0,0,0,0,normal,0,102,84
8/1/2025 10:00,102,4,Friday,8,0,0,random_or_none,5,windy,0.415,260,0,0,0,0,0,0,0,normal,0,108,84
8/1/2025 11:00,108,4,Friday,8,0,0,random_or_none,3,hot,0.686,260,0,0,0,0,0,0,0,normal,0,107,90
8/1/2025 12:00,107,4,Friday,8,0,0,random_or_none,0,sunny,0.119,260,0,0,0,0,0,0,0,normal,0,110,101
8/1/2025 13:00,110,4,Friday,8,0,0,random_or_none,4,dusty,0.304,260,0,0,0,0,0,0,0,normal,0,113,103
8/1/2025 14:00,113,4,Friday,8,0,0,random_or_none,0,sunny,0.287,260,0,0,0,0,0,0,0,normal,0,116,97
8/1/2025 15:00,116,4,Friday,8,0,0,random_or_none,0,sunny,0.279,260,0,0,0,0,0,0,0,normal,0,117,110
8/1/2025 16:00,117,4,Friday,8,0,0,random_or_none,3,hot,0.548,260,0,0,0,0,0,0,0,normal,0,118,118
8/1/2025 17:00,118,4,Friday,8,0,0,random_or_none,3,hot,0.683,260,0,0,0,0,0,0,0,normal,0,123,119
8/1/2025 18:00,123,4,Friday,8,0,0,random_or_none,3,hot,0.47,260,0,0,0,0,0,0,0,normal,0,126,110
8/1/2025 19:00,126,4,Friday,8,0,0,random_or_none,3,hot,1,260,0,0,0,0,0,0,0,extreme_weather,2,116,108
8/1/2025 20:00,116,4,Friday,8,0,0,random_or_none,0,sunny,0.226,260,0,0,0,0,0,0,0,normal,0,115,103
8/1/2025 21:00,115,4,Friday,8,0,0,random_or_none,3,hot,1,260,0,0,0,0,0,0,0,extreme_weather,2,106,94
8/1/2025 22:00,106,4,Friday,8,0,0,random_or_none,3,hot,1,260,0,0,0,0,0,0,0,extreme_weather,2,94,79
8/1/2025 23:00,94,4,Friday,8,0,0,random_or_none,4,dusty,0.778,260,0,0,0,0,0,0,0,extreme_weather,2,69,72
8/2/2025 0:00,69,5,Saturday,8,1,0,random_or_none,0,sunny,0.026,260,0,0,0,0,0,0,0,normal,0,60,90
8/2/2025 1:00,60,5,Saturday,8,1,0,random_or_none,0,sunny,0.298,260,0,0,0,0,0,0,0,normal,0,59,78
8/2/2025 2:00,59,5,Saturday,8,1,0,random_or_none,3,hot,1,260,0,0,0,0,0,0,0,extreme_weather,2,57,68
8/2/2025 3:00,57,5,Saturday,8,1,0,random_or_none,0,sunny,0.281,260,0,0,0,0,0,0,0,normal,0,58,68
8/2/2025 4:00,58,5,Saturday,8,1,0,random_or_none,3,hot,0.455,260,0,0,0,0,0,0,0,normal,0,122,62
8/2/2025 5:00,122,5,Saturday,8,1,0,random_or_none,3,hot,0.973,260,0,1,137.08,0,0,0,0,emergency_spike,5,93,57
8/2/2025 6:00,93,5,Saturday,8,1,0,random_or_none,3,hot,0.869,260,0,0,0,0,0,0,0,extreme_weather,2,89,72
8/2/2025 7:00,89,5,Saturday,8,1,0,random_or_none,3,hot,0.97,260,0,0,0,0,0,0,0,extreme_weather,2,87,81
8/2/2025 8:00,87,5,Saturday,8,1,0,random_or_none,3,hot,0.615,260,0,0,0,0,0,0,0,normal,0,84,84
8/2/2025 9:00,84,5,Saturday,8,1,0,random_or_none,5,windy,0.424,260,0,0,0,0,0,0,0,normal,0,84,87
8/2/2025 10:00,84,5,Saturday,8,1,0,random_or_none,5,windy,0.439,260,0,0,0,0,0,0,0,normal,0,90,86
8/2/2025 11:00,90,5,Saturday,8,1,0,random_or_none,0,sunny,0.206,260,0,0,0,0,0,0,0,normal,0,101,88
8/2/2025 12:00,101,5,Saturday,8,1,0,random_or_none,3,hot,0.935,260,0,0,0,0,0,0,0,extreme_weather,2,103,91
8/2/2025 13:00,103,5,Saturday,8,1,0,random_or_none,0,sunny,0.11,260,0,0,0,0,0,0,0,normal,0,97,95
8/2/2025 14:00,97,5,Saturday,8,1,0,random_or_none,0,sunny,0.34,260,0,0,0,0,0,0,0,normal,0,110,99
8/2/2025 15:00,110,5,Saturday,8,1,0,random_or_none,4,dusty,0.458,260,0,0,0,0,0,0,0,normal,0,118,99
8/2/2025 16:00,118,5,Saturday,8,1,0,random_or_none,4,dusty,0.944,260,0,0,0,0,0,0,0,extreme_weather,2,119,101
8/2/2025 17:00,119,5,Saturday,8,1,0,random_or_none,0,sunny,0.246,260,0,0,0,0,0,0,0,normal,0,110,110
8/2/2025 18:00,110,5,Saturday,8,1,0,random_or_none,0,sunny,0.075,260,0,0,0,0,0,0,0,normal,0,108,117
8/2/2025 19:00,108,5,Saturday,8,1,0,random_or_none,3,hot,0.404,260,0,0,0,0,0,0,0,normal,0,103,112
8/2/2025 20:00,103,5,Saturday,8,1,0,random_or_none,3,hot,0.276,260,0,0,0,0,0,0,0,normal,0,94,98
8/2/2025 21:00,94,5,Saturday,8,1,0,random_or_none,1,rainy,0.702,260,0,0,0,0,0,0,0,normal,0,79,90
8/2/2025 22:00,79,5,Saturday,8,1,0,random_or_none,0,sunny,0.245,260,0,0,0,0,0,0,0,normal,0,72,85
8/2/2025 23:00,72,5,Saturday,8,1,0,random_or_none,0,sunny,0.3,260,0,0,0,0,0,0,0,normal,0,90,76
8/3/2025 0:00,90,6,Sunday,8,1,0,random_or_none,3,hot,0.771,260,0,1,53.6,0,0,0,0,emergency_spike,5,78,73
8/3/2025 1:00,78,6,Sunday,8,1,0,random_or_none,3,hot,0.567,260,0,0,0,0,0,0,0,normal,0,68,66
8/3/2025 2:00,68,6,Sunday,8,1,0,random_or_none,5,windy,0.861,260,0,0,0,0,0,0,0,extreme_weather,2,68,70
8/3/2025 3:00,68,6,Sunday,8,1,0,random_or_none,4,dusty,0.909,260,0,0,0,0,0,0,0,extreme_weather,2,62,72
8/3/2025 4:00,62,6,Sunday,8,1,0,random_or_none,3,hot,0.44,260,0,0,0,0,0,0,0,normal,0,57,78
8/3/2025 5:00,57,6,Sunday,8,1,0,random_or_none,3,hot,0.609,260,0,0,0,0,0,0,0,normal,0,72,77
8/3/2025 6:00,72,6,Sunday,8,1,0,random_or_none,4,dusty,1,260,0,0,0,0,0,0,0,extreme_weather,2,81,74
8/3/2025 7:00,81,6,Sunday,8,1,0,random_or_none,4,dusty,0.873,260,0,0,0,0,0,0,0,extreme_weather,2,84,77
8/3/2025 8:00,84,6,Sunday,8,1,0,random_or_none,3,hot,1,260,0,0,0,0,0,0,0,extreme_weather,2,87,91
8/3/2025 9:00,87,6,Sunday,8,1,0,random_or_none,4,dusty,0.96,260,0,0,0,0,0,0,0,extreme_weather,2,86,90
8/3/2025 10:00,86,6,Sunday,8,1,0,random_or_none,2,cold,0.259,260,0,0,0,0,0,0,0,normal,0,88,103
8/3/2025 11:00,88,6,Sunday,8,1,0,random_or_none,5,windy,0.532,260,0,0,0,0,0,0,0,normal,0,91,110
8/3/2025 12:00,91,6,Sunday,8,1,0,random_or_none,0,sunny,0.212,260,0,0,0,0,0,0,0,normal,0,95,118
8/3/2025 13:00,95,6,Sunday,8,1,0,random_or_none,3,hot,0.307,260,0,0,0,0,0,0,0,normal,0,99,127
8/3/2025 14:00,99,6,Sunday,8,1,0,random_or_none,0,sunny,0.1,260,0,0,0,0,0,0,0,normal,0,99,129
8/3/2025 15:00,99,6,Sunday,8,1,0,random_or_none,0,sunny,0.13,260,0,0,0,0,0,0,0,normal,0,101,125
8/3/2025 16:00,101,6,Sunday,8,1,0,random_or_none,0,sunny,0.292,260,0,0,0,0,0,0,0,normal,0,110,128
8/3/2025 17:00,110,6,Sunday,8,1,0,random_or_none,3,hot,1,260,0,0,0,0,0,0,0,extreme_weather,2,117,120
8/3/2025 18:00,117,6,Sunday,8,1,0,random_or_none,3,hot,1,260,0,0,0,0,0,0,0,extreme_weather,2,112,126
8/3/2025 19:00,112,6,Sunday,8,1,0,random_or_none,3,hot,0.39,260,0,0,0,0,0,0,0,normal,0,98,123
8/3/2025 20:00,98,6,Sunday,8,1,0,random_or_none,0,sunny,0.313,260,0,0,0,0,0,0,0,normal,0,90,117
8/3/2025 21:00,90,6,Sunday,8,1,0,random_or_none,5,windy,0.7,260,0,0,0,0,0,0,0,normal,0,85,114
8/3/2025 22:00,85,6,Sunday,8,1,0,random_or_none,4,dusty,0.844,260,0,0,0,0,0,0,0,extreme_weather,2,76,98
8/3/2025 23:00,76,6,Sunday,8,1,0,random_or_none,3,hot,0.587,260,0,0,0,0,0,0,0,normal,0,73,93
8/4/2025 0:00,73,0,Monday,8,0,0,random_or_none,3,hot,0.47,260,0,0,0,0,0,0,0,normal,0,66,88
8/4/2025 1:00,66,0,Monday,8,0,0,random_or_none,0,sunny,0.167,260,0,0,0,0,0,0,0,normal,0,70,75
8/4/2025 2:00,70,0,Monday,8,0,0,random_or_none,3,hot,0.296,260,0,0,0,0,0,0,0,normal,0,72,70
8/4/2025 3:00,72,0,Monday,8,0,0,random_or_none,5,windy,0.436,260,0,0,0,0,0,0,0,normal,0,78,72
8/4/2025 4:00,78,0,Monday,8,0,0,random_or_none,0,sunny,0.285,260,0,0,0,0,0,0,0,normal,0,77,68
8/4/2025 5:00,77,0,Monday,8,0,0,random_or_none,0,sunny,0.054,260,0,0,0,0,0,0,0,normal,0,74,142
8/4/2025 6:00,74,0,Monday,8,0,0,random_or_none,5,windy,0.227,260,0,0,0,0,0,0,0,normal,0,77,116
8/4/2025 7:00,77,0,Monday,8,0,0,random_or_none,0,sunny,0.169,260,0,0,0,0,0,0,0,normal,0,91,106
8/4/2025 8:00,91,0,Monday,8,0,0,random_or_none,3,hot,0.682,260,0,0,0,0,0,0,0,normal,0,90,92
8/4/2025 9:00,90,0,Monday,8,0,0,random_or_none,3,hot,0.776,260,0,0,0,0,0,0,0,extreme_weather,2,103,90
8/4/2025 10:00,103,0,Monday,8,0,0,random_or_none,3,hot,0.82,260,0,0,0,0,0,0,0,extreme_weather,2,110,101
8/4/2025 11:00,110,0,Monday,8,0,0,random_or_none,0,sunny,0.015,260,0,0,0,0,0,0,0,normal,0,118,106
8/4/2025 12:00,118,0,Monday,8,0,0,random_or_none,3,hot,1,260,0,0,0,0,0,0,0,extreme_weather,2,127,112
8/4/2025 13:00,127,0,Monday,8,0,0,random_or_none,3,hot,0.577,260,0,0,0,0,0,0,0,normal,0,129,182
8/4/2025 14:00,129,0,Monday,8,0,0,random_or_none,0,sunny,0.086,260,0,0,0,0,0,0,0,normal,0,125,163
8/4/2025 15:00,125,0,Monday,8,0,0,random_or_none,0,sunny,0.266,260,0,0,0,0,0,0,0,normal,0,128,143
8/4/2025 16:00,128,0,Monday,8,0,0,random_or_none,3,hot,0.591,260,0,0,0,0,0,0,0,normal,0,120,140
8/4/2025 17:00,120,0,Monday,8,0,0,random_or_none,0,sunny,0.023,260,0,0,0,0,0,0,0,normal,0,126,137
8/4/2025 18:00,126,0,Monday,8,0,0,random_or_none,4,dusty,1,260,0,0,0,0,0,0,0,extreme_weather,2,123,131
8/4/2025 19:00,123,0,Monday,8,0,0,random_or_none,4,dusty,0.425,260,0,0,0,0,0,0,0,normal,0,117,123
8/4/2025 20:00,117,0,Monday,8,0,0,random_or_none,3,hot,1,260,0,0,0,0,0,0,0,extreme_weather,2,114,119
8/4/2025 21:00,114,0,Monday,8,0,0,random_or_none,4,dusty,0.464,260,0,0,0,0,0,0,0,normal,0,98,109
8/4/2025 22:00,98,0,Monday,8,0,0,random_or_none,4,dusty,0.807,260,0,0,0,0,0,0,0,extreme_weather,2,93,93
8/4/2025 23:00,93,0,Monday,8,0,0,random_or_none,3,hot,1,260,0,0,0,0,0,0,0,extreme_weather,2,88,89
8/5/2025 0:00,88,1,Tuesday,8,0,0,random_or_none,4,dusty,0.957,260,0,0,0,0,0,0,0,extreme_weather,2,75,83
8/5/2025 1:00,75,1,Tuesday,8,0,0,random_or_none,0,sunny,0.003,260,0,0,0,0,0,0,0,normal,0,70,78
8/5/2025 2:00,70,1,Tuesday,8,0,0,random_or_none,4,dusty,0.774,260,0,0,0,0,0,0,0,extreme_weather,2,72,79
8/5/2025 3:00,72,1,Tuesday,8,0,0,random_or_none,3,hot,0.961,260,0,0,0,0,0,0,0,extreme_weather,2,68,121
8/5/2025 4:00,68,1,Tuesday,8,0,0,random_or_none,4,dusty,0.517,260,0,0,0,0,0,0,0,normal,0,142,100
8/5/2025 5:00,142,1,Tuesday,8,0,0,random_or_none,3,hot,0.341,260,0,1,158.64,0,0,0,0,emergency_spike,5,116,87
8/5/2025 6:00,116,1,Tuesday,8,0,0,random_or_none,3,hot,0.31,260,0,0,0,0,0,0,0,normal,0,106,86
8/5/2025 7:00,106,1,Tuesday,8,0,0,random_or_none,3,hot,0.525,260,0,0,0,0,0,0,0,normal,0,92,80
8/5/2025 8:00,92,1,Tuesday,8,0,0,random_or_none,0,sunny,0.169,260,0,0,0,0,0,0,0,normal,0,90,82
8/5/2025 9:00,90,1,Tuesday,8,0,0,random_or_none,3,hot,0.884,260,0,0,0,0,0,0,0,extreme_weather,2,101,103
8/5/2025 10:00,101,1,Tuesday,8,0,0,random_or_none,3,hot,0.433,260,0,0,0,0,0,0,0,normal,0,106,106
8/5/2025 11:00,106,1,Tuesday,8,0,0,random_or_none,0,sunny,0.122,260,0,0,0,0,0,0,0,normal,0,112,108
8/5/2025 12:00,112,1,Tuesday,8,0,0,random_or_none,4,dusty,0.561,260,0,0,0,0,0,0,0,normal,0,182,108
8/5/2025 13:00,182,1,Tuesday,8,0,0,random_or_none,3,hot,0.52,260,0,1,153.07,0,0,0,0,emergency_spike,5,163,114
8/5/2025 14:00,163,1,Tuesday,8,0,0,random_or_none,3,hot,1,260,0,0,0,0,0,0,0,extreme_weather,2,143,128
8/5/2025 15:00,143,1,Tuesday,8,0,0,random_or_none,0,sunny,0.069,260,0,0,0,0,0,0,0,normal,0,140,125
8/5/2025 16:00,140,1,Tuesday,8,0,0,random_or_none,3,hot,0.825,260,0,0,0,0,0,0,0,extreme_weather,2,137,128
8/5/2025 17:00,137,1,Tuesday,8,0,0,random_or_none,1,rainy,0.713,260,0,0,0,0,0,0,0,normal,0,131,127
8/5/2025 18:00,131,1,Tuesday,8,0,0,random_or_none,3,hot,0.578,260,0,0,0,0,0,0,0,normal,0,123,127
8/5/2025 19:00,123,1,Tuesday,8,0,0,random_or_none,4,dusty,0.702,260,0,0,0,0,0,0,0,normal,0,119,124
8/5/2025 20:00,119,1,Tuesday,8,0,0,random_or_none,3,hot,0.818,260,0,0,0,0,0,0,0,extreme_weather,2,109,119
8/5/2025 21:00,109,1,Tuesday,8,0,0,random_or_none,3,hot,0.673,260,0,0,0,0,0,0,0,normal,0,93,113
8/5/2025 22:00,93,1,Tuesday,8,0,0,random_or_none,0,sunny,0.073,260,0,0,0,0,0,0,0,normal,0,89,108
8/5/2025 23:00,89,1,Tuesday,8,0,0,random_or_none,3,hot,0.823,260,0,0,0,0,0,0,0,extreme_weather,2,83,96
8/6/2025 0:00,83,2,Wednesday,8,0,0,random_or_none,3,hot,0.681,260,0,0,0,0,0,0,0,normal,0,78,96
8/6/2025 1:00,78,2,Wednesday,8,0,0,random_or_none,3,hot,0.658,260,0,0,0,0,0,0,0,normal,0,79,80
8/6/2025 2:00,79,2,Wednesday,8,0,0,random_or_none,3,hot,1,260,0,0,0,0,0,0,0,extreme_weather,2,121,82
8/6/2025 3:00,121,2,Wednesday,8,0,0,random_or_none,3,hot,1,260,0,1,100.64,0,0,0,0,emergency_spike,5,100,75
8/6/2025 4:00,100,2,Wednesday,8,0,0,random_or_none,5,windy,0.862,260,0,0,0,0,0,0,0,extreme_weather,2,87,70
8/6/2025 5:00,87,2,Wednesday,8,0,0,random_or_none,3,hot,0.894,260,0,0,0,0,0,0,0,extreme_weather,2,86,73
8/6/2025 6:00,86,2,Wednesday,8,0,0,random_or_none,3,hot,1,260,0,0,0,0,0,0,0,extreme_weather,2,80,73
8/6/2025 7:00,80,2,Wednesday,8,0,0,random_or_none,3,hot,0.287,260,0,0,0,0,0,0,0,normal,0,82,83
8/6/2025 8:00,82,2,Wednesday,8,0,0,random_or_none,0,sunny,0.049,260,0,0,0,0,0,0,0,normal,0,103,86
8/6/2025 9:00,103,2,Wednesday,8,0,0,random_or_none,0,sunny,0.132,260,0,1,38.64,0,0,0,0,emergency_spike,5,106,96
8/6/2025 10:00,106,2,Wednesday,8,0,0,random_or_none,3,hot,0.905,260,0,0,0,0,0,0,0,extreme_weather,2,108,101
8/6/2025 11:00,108,2,Wednesday,8,0,0,random_or_none,5,windy,0.302,260,0,0,0,0,0,0,0,normal,0,108,103
8/6/2025 12:00,108,2,Wednesday,8,0,0,random_or_none,0,sunny,0.254,260,0,0,0,0,0,0,0,normal,0,114,105
8/6/2025 13:00,114,2,Wednesday,8,0,0,random_or_none,0,sunny,0.076,260,0,0,0,0,0,0,0,normal,0,128,113
8/6/2025 14:00,128,2,Wednesday,8,0,0,random_or_none,4,dusty,1,260,0,0,0,0,0,0,0,extreme_weather,2,125,107
8/6/2025 15:00,125,2,Wednesday,8,0,0,random_or_none,0,sunny,0.184,260,0,0,0,0,0,0,0,normal,0,128,121
8/6/2025 16:00,128,2,Wednesday,8,0,0,random_or_none,3,hot,0.771,260,0,0,0,0,0,0,0,extreme_weather,2,127,118
8/6/2025 17:00,127,2,Wednesday,8,0,0,random_or_none,4,dusty,1,260,0,0,0,0,0,0,0,extreme_weather,2,127,116
8/6/2025 18:00,127,2,Wednesday,8,0,0,random_or_none,5,windy,0.402,260,0,0,0,0,0,0,0,normal,0,124,115
8/6/2025 19:00,124,2,Wednesday,8,0,0,random_or_none,5,windy,0.717,260,0,0,0,0,0,0,0,normal,0,119,118
8/6/2025 20:00,119,2,Wednesday,8,0,0,random_or_none,3,hot,0.849,260,0,0,0,0,0,0,0,extreme_weather,2,113,116
8/6/2025 21:00,113,2,Wednesday,8,0,0,random_or_none,3,hot,0.507,260,0,0,0,0,0,0,0,normal,0,108,106
8/6/2025 22:00,108,2,Wednesday,8,0,0,random_or_none,5,windy,0.169,260,0,0,0,0,0,0,0,normal,0,96,97
8/6/2025 23:00,96,2,Wednesday,8,0,0,random_or_none,0,sunny,0.15,260,0,0,0,0,0,0,0,normal,0,96,92
8/7/2025 0:00,96,3,Thursday,8,0,0,random_or_none,4,dusty,0.985,260,0,0,0,0,0,0,0,extreme_weather,2,80,83
8/7/2025 1:00,80,3,Thursday,8,0,0,random_or_none,4,dusty,1,260,0,0,0,0,0,0,0,extreme_weather,2,82,75
8/7/2025 2:00,82,3,Thursday,8,0,0,random_or_none,3,hot,1,260,0,0,0,0,0,0,0,extreme_weather,2,75,76
8/7/2025 3:00,75,3,Thursday,8,0,0,random_or_none,5,windy,0.656,260,0,0,0,0,0,0,0,normal,0,70,75
8/7/2025 4:00,70,3,Thursday,8,0,0,random_or_none,3,hot,0.815,260,0,0,0,0,0,0,0,extreme_weather,2,73,81
8/7/2025 5:00,73,3,Thursday,8,0,0,random_or_none,1,rainy,0.226,260,0,0,0,0,0,0,0,normal,0,73,75
8/7/2025 6:00,73,3,Thursday,8,0,0,random_or_none,3,hot,0.597,260,0,0,0,0,0,0,0,normal,0,83,83
8/7/2025 7:00,83,3,Thursday,8,0,0,random_or_none,4,dusty,0.849,260,0,0,0,0,0,0,0,extreme_weather,2,86,88
8/7/2025 8:00,86,3,Thursday,8,0,0,random_or_none,4,dusty,0.674,260,0,0,0,0,0,0,0,normal,0,96,93
8/7/2025 9:00,96,3,Thursday,8,0,0,random_or_none,4,dusty,0.825,260,0,0,0,0,0,0,0,extreme_weather,2,101,99
8/7/2025 10:00,101,3,Thursday,8,0,0,random_or_none,3,hot,0.521,260,0,0,0,0,0,0,0,normal,0,103,107
8/7/2025 11:00,103,3,Thursday,8,0,0,random_or_none,0,sunny,0.139,260,0,0,0,0,0,0,0,normal,0,105,109
8/7/2025 12:00,105,3,Thursday,8,0,0,random_or_none,0,sunny,0.161,260,0,0,0,0,0,0,0,normal,0,113,115
8/7/2025 13:00,113,3,Thursday,8,0,0,random_or_none,3,hot,0.73,260,0,0,0,0,0,0,0,normal,0,107,122
8/7/2025 14:00,107,3,Thursday,8,0,0,random_or_none,0,sunny,0.241,260,0,0,0,0,0,0,0,normal,0,121,166
8/7/2025 15:00,121,3,Thursday,8,0,0,random_or_none,1,rainy,0.41,260,0,0,0,0,0,0,0,normal,0,118,150
8/7/2025 16:00,118,3,Thursday,8,0,0,random_or_none,5,windy,0.602,260,0,0,0,0,0,0,0,normal,0,116,133
8/7/2025 17:00,116,3,Thursday,8,0,0,random_or_none,0,sunny,0.203,260,0,0,0,0,0,0,0,normal,0,115,125
8/7/2025 18:00,115,3,Thursday,8,0,0,random_or_none,3,hot,0.699,260,0,0,0,0,0,0,0,normal,0,118,126
8/7/2025 19:00,118,3,Thursday,8,0,0,random_or_none,3,hot,1,260,0,0,0,0,0,0,0,extreme_weather,2,116,130
8/7/2025 20:00,116,3,Thursday,8,0,0,random_or_none,3,hot,1,260,0,0,0,0,0,0,0,extreme_weather,2,106,112
8/7/2025 21:00,106,3,Thursday,8,0,0,random_or_none,3,hot,0.415,260,0,0,0,0,0,0,0,normal,0,97,108
8/7/2025 22:00,97,3,Thursday,8,0,0,random_or_none,3,hot,0.736,260,0,0,0,0,0,0,0,normal,0,92,107
8/7/2025 23:00,92,3,Thursday,8,0,0,random_or_none,3,hot,0.429,260,0,0,0,0,0,0,0,normal,0,83,96
8/8/2025 0:00,83,4,Friday,8,0,0,random_or_none,5,windy,0.414,260,0,0,0,0,0,0,0,normal,0,75,149
8/8/2025 1:00,75,4,Friday,8,0,0,random_or_none,3,hot,0.895,260,0,0,0,0,0,0,0,extreme_weather,2,76,103
8/8/2025 2:00,76,4,Friday,8,0,0,random_or_none,3,hot,0.393,260,0,0,0,0,0,0,0,normal,0,75,82
8/8/2025 3:00,75,4,Friday,8,0,0,random_or_none,3,hot,0.821,260,0,0,0,0,0,0,0,extreme_weather,2,81,61
8/8/2025 4:00,81,4,Friday,8,0,0,random_or_none,3,hot,0.992,260,0,0,0,0,0,0,0,extreme_weather,2,75,63
8/8/2025 5:00,75,4,Friday,8,0,0,random_or_none,0,sunny,0.271,260,0,0,0,0,0,0,0,normal,0,83,63
8/8/2025 6:00,83,4,Friday,8,0,0,random_or_none,3,hot,0.463,260,0,0,0,0,0,0,0,normal,0,88,65
8/8/2025 7:00,88,4,Friday,8,0,0,random_or_none,3,hot,0.824,260,0,0,0,0,0,0,0,extreme_weather,2,93,70
8/8/2025 8:00,93,4,Friday,8,0,0,random_or_none,4,dusty,0.366,260,0,0,0,0,0,0,0,normal,0,99,80
8/8/2025 9:00,99,4,Friday,8,0,0,random_or_none,3,hot,0.492,260,0,0,0,0,0,0,0,normal,0,107,87
8/8/2025 10:00,107,4,Friday,8,0,0,random_or_none,0,sunny,0.005,260,0,0,0,0,0,0,0,normal,0,109,84
8/8/2025 11:00,109,4,Friday,8,0,0,random_or_none,0,sunny,0.068,260,0,0,0,0,0,0,0,normal,0,115,92
8/8/2025 12:00,115,4,Friday,8,0,0,random_or_none,4,dusty,0.975,260,0,0,0,0,0,0,0,extreme_weather,2,122,94
8/8/2025 13:00,122,4,Friday,8,0,0,random_or_none,4,dusty,0.624,260,0,0,0,0,0,0,0,normal,0,166,101
8/8/2025 14:00,166,4,Friday,8,0,0,random_or_none,0,sunny,0.101,260,0,1,114.7,0,0,0,0,emergency_spike,5,150,108
8/8/2025 15:00,150,4,Friday,8,0,0,random_or_none,3,hot,0.805,260,0,0,0,0,0,0,0,extreme_weather,2,133,115
8/8/2025 16:00,133,4,Friday,8,0,0,random_or_none,0,sunny,0.209,260,0,0,0,0,0,0,0,normal,0,125,110
8/8/2025 17:00,125,4,Friday,8,0,0,random_or_none,3,hot,0.908,260,0,0,0,0,0,0,0,extreme_weather,2,126,106
8/8/2025 18:00,126,4,Friday,8,0,0,random_or_none,3,hot,0.805,260,0,0,0,0,0,0,0,extreme_weather,2,130,104
8/8/2025 19:00,130,4,Friday,8,0,0,random_or_none,3,hot,0.909,260,0,0,0,0,0,0,0,extreme_weather,2,112,102
8/8/2025 20:00,112,4,Friday,8,0,0,random_or_none,0,sunny,0.147,260,0,0,0,0,0,0,0,normal,0,108,97
8/8/2025 21:00,108,4,Friday,8,0,0,random_or_none,4,dusty,0.748,260,0,0,0,0,0,0,0,normal,0,107,85
8/8/2025 22:00,107,4,Friday,8,0,0,random_or_none,4,dusty,0.885,260,0,0,0,0,0,0,0,extreme_weather,2,96,75
8/8/2025 23:00,96,4,Friday,8,0,0,random_or_none,4,dusty,0.906,260,0,0,0,0,0,0,0,extreme_weather,2,149,67
8/9/2025 0:00,149,5,Saturday,8,1,0,random_or_none,4,dusty,0.674,260,0,1,162.14,0,0,0,0,emergency_spike,5,103,63
8/9/2025 1:00,103,5,Saturday,8,1,0,random_or_none,0,sunny,0.324,260,0,0,0,0,0,0,0,normal,0,82,56
8/9/2025 2:00,82,5,Saturday,8,1,0,random_or_none,3,hot,0.51,260,0,0,0,0,0,0,0,normal,0,61,52
8/9/2025 3:00,61,5,Saturday,8,1,0,random_or_none,0,sunny,0.227,260,0,0,0,0,0,0,0,normal,0,63,45
8/9/2025 4:00,63,5,Saturday,8,1,0,random_or_none,4,dusty,0.946,260,0,0,0,0,0,0,0,extreme_weather,2,63,53
8/9/2025 5:00,63,5,Saturday,8,1,0,random_or_none,3,hot,0.875,260,0,0,0,0,0,0,0,extreme_weather,2,65,46
8/9/2025 6:00,65,5,Saturday,8,1,0,random_or_none,3,hot,0.916,260,0,0,0,0,0,0,0,extreme_weather,2,70,50
8/9/2025 7:00,70,5,Saturday,8,1,0,random_or_none,4,dusty,0.318,260,0,0,0,0,0,0,0,normal,0,80,64
8/9/2025 8:00,80,5,Saturday,8,1,0,random_or_none,1,rainy,0.633,260,0,0,0,0,0,0,0,normal,0,87,69
8/9/2025 9:00,87,5,Saturday,8,1,0,random_or_none,3,hot,0.977,260,0,0,0,0,0,0,0,extreme_weather,2,84,80
8/9/2025 10:00,84,5,Saturday,8,1,0,random_or_none,0,sunny,0.094,260,0,0,0,0,0,0,0,normal,0,92,143
8/9/2025 11:00,92,5,Saturday,8,1,0,random_or_none,0,sunny,0.085,260,0,0,0,0,0,0,0,normal,0,94,120
8/9/2025 12:00,94,5,Saturday,8,1,0,random_or_none,3,hot,0.444,260,0,0,0,0,0,0,0,normal,0,101,115
8/9/2025 13:00,101,5,Saturday,8,1,0,random_or_none,0,sunny,0.223,260,0,0,0,0,0,0,0,normal,0,108,105
8/9/2025 14:00,108,5,Saturday,8,1,0,random_or_none,3,hot,0.92,260,0,0,0,0,0,0,0,extreme_weather,2,115,105
8/9/2025 15:00,115,5,Saturday,8,1,0,random_or_none,3,hot,1,260,0,0,0,0,0,0,0,extreme_weather,2,110,109
8/9/2025 16:00,110,5,Saturday,8,1,0,random_or_none,0,sunny,0.24,260,0,0,0,0,0,0,0,normal,0,106,165
8/9/2025 17:00,106,5,Saturday,8,1,0,random_or_none,4,dusty,0.51,260,0,0,0,0,0,0,0,normal,0,104,138
8/9/2025 18:00,104,5,Saturday,8,1,0,random_or_none,5,windy,0.234,260,0,0,0,0,0,0,0,normal,0,102,117
8/9/2025 19:00,102,5,Saturday,8,1,0,random_or_none,2,cold,0.225,260,0,0,0,0,0,0,0,normal,0,97,107
8/9/2025 20:00,97,5,Saturday,8,1,0,random_or_none,4,dusty,0.885,260,0,0,0,0,0,0,0,extreme_weather,2,85,103
8/9/2025 21:00,85,5,Saturday,8,1,0,random_or_none,4,dusty,0.612,260,0,0,0,0,0,0,0,normal,0,75,92
8/9/2025 22:00,75,5,Saturday,8,1,0,random_or_none,0,sunny,0.185,260,0,0,0,0,0,0,0,normal,0,67,81
8/9/2025 23:00,67,5,Saturday,8,1,0,random_or_none,3,hot,0.409,260,0,0,0,0,0,0,0,normal,0,63,73
8/10/2025 0:00,63,6,Sunday,8,1,0,random_or_none,3,hot,0.869,260,0,0,0,0,0,0,0,extreme_weather,2,56,73
8/10/2025 1:00,56,6,Sunday,8,1,0,random_or_none,0,sunny,0.316,260,0,0,0,0,0,0,0,normal,0,52,85
8/10/2025 2:00,52,6,Sunday,8,1,0,random_or_none,4,dusty,0.587,260,0,0,0,0,0,0,0,normal,0,45,72
8/10/2025 3:00,45,6,Sunday,8,1,0,random_or_none,3,hot,0.711,260,0,0,0,0,0,0,0,normal,0,53,70
8/10/2025 4:00,53,6,Sunday,8,1,0,random_or_none,3,hot,0.485,260,0,0,0,0,0,0,0,normal,0,46,70
8/10/2025 5:00,46,6,Sunday,8,1,0,random_or_none,0,sunny,0.291,260,0,0,0,0,0,0,0,normal,0,50,66
8/10/2025 6:00,50,6,Sunday,8,1,0,random_or_none,3,hot,0.958,260,0,0,0,0,0,0,0,extreme_weather,2,64,79
8/10/2025 7:00,64,6,Sunday,8,1,0,random_or_none,3,hot,0.667,260,0,0,0,0,0,0,0,normal,0,69,83
8/10/2025 8:00,69,6,Sunday,8,1,0,random_or_none,0,sunny,0.274,260,0,0,0,0,0,0,0,normal,0,80,87
8/10/2025 9:00,80,6,Sunday,8,1,0,random_or_none,5,windy,0.468,260,0,0,0,0,0,0,0,normal,0,143,98
8/10/2025 10:00,143,6,Sunday,8,1,0,random_or_none,0,sunny,0.151,260,0,1,125.04,0,0,0,0,emergency_spike,5,120,113
8/10/2025 11:00,120,6,Sunday,8,1,0,random_or_none,5,windy,0.477,260,0,0,0,0,0,0,0,normal,0,115,117
8/10/2025 12:00,115,6,Sunday,8,1,0,random_or_none,3,hot,0.625,260,0,0,0,0,0,0,0,normal,0,105,118
8/10/2025 13:00,105,6,Sunday,8,1,0,random_or_none,5,windy,0.244,260,0,0,0,0,0,0,0,normal,0,105,122
8/10/2025 14:00,105,6,Sunday,8,1,0,random_or_none,0,sunny,0.154,260,0,0,0,0,0,0,0,normal,0,109,130
8/10/2025 15:00,109,6,Sunday,8,1,0,random_or_none,4,dusty,0.495,260,0,0,0,0,0,0,0,normal,0,165,130
8/10/2025 16:00,165,6,Sunday,8,1,0,random_or_none,5,windy,0.548,260,0,1,122.49,0,0,0,0,emergency_spike,5,138,128
8/10/2025 17:00,138,6,Sunday,8,1,0,random_or_none,3,hot,0.394,260,0,0,0,0,0,0,0,normal,0,117,121
8/10/2025 18:00,117,6,Sunday,8,1,0,random_or_none,3,hot,0.495,260,0,0,0,0,0,0,0,normal,0,107,122
8/10/2025 19:00,107,6,Sunday,8,1,0,random_or_none,3,hot,0.467,260,0,0,0,0,0,0,0,normal,0,103,116
8/10/2025 20:00,103,6,Sunday,8,1,0,random_or_none,3,hot,0.581,260,0,0,0,0,0,0,0,normal,0,92,114
8/10/2025 21:00,92,6,Sunday,8,1,0,random_or_none,0,sunny,0.262,260,0,0,0,0,0,0,0,normal,0,81,110
8/10/2025 22:00,81,6,Sunday,8,1,0,random_or_none,3,hot,0.446,260,0,0,0,0,0,0,0,normal,0,73,109
8/10/2025 23:00,73,6,Sunday,8,1,0,random_or_none,0,sunny,0.079,260,0,0,0,0,0,0,0,normal,0,73,100
8/11/2025 0:00,73,0,Monday,8,0,0,random_or_none,4,dusty,0.893,260,0,0,0,0,0,0,0,extreme_weather,2,85,84
8/11/2025 1:00,85,0,Monday,8,0,0,random_or_none,0,sunny,0.038,260,0,1,40.8,0,0,0,0,emergency_spike,5,72,69
8/11/2025 2:00,72,0,Monday,8,0,0,random_or_none,0,sunny,0.332,260,0,0,0,0,0,0,0,normal,0,70,63
8/11/2025 3:00,70,0,Monday,8,0,0,random_or_none,4,dusty,0.514,260,0,0,0,0,0,0,0,normal,0,70,60
8/11/2025 4:00,70,0,Monday,8,0,0,random_or_none,4,dusty,0.758,260,0,0,0,0,0,0,0,extreme_weather,2,66,132
8/11/2025 5:00,66,0,Monday,8,0,0,random_or_none,0,sunny,0.171,260,0,0,0,0,0,0,0,normal,0,79,188
8/11/2025 6:00,79,0,Monday,8,0,0,random_or_none,3,hot,0.411,260,0,0,0,0,0,0,0,normal,0,83,137
8/11/2025 7:00,83,0,Monday,8,0,0,random_or_none,3,hot,0.859,260,0,0,0,0,0,0,0,extreme_weather,2,87,118
8/11/2025 8:00,87,0,Monday,8,0,0,random_or_none,4,dusty,0.604,260,0,0,0,0,0,0,0,normal,0,98,111
8/11/2025 9:00,98,0,Monday,8,0,0,random_or_none,3,hot,1,260,0,0,0,0,0,0,0,extreme_weather,2,113,102
8/11/2025 10:00,113,0,Monday,8,0,0,random_or_none,3,hot,0.949,260,0,0,0,0,0,0,0,extreme_weather,2,117,108
8/11/2025 11:00,117,0,Monday,8,0,0,random_or_none,3,hot,0.452,260,0,0,0,0,0,0,0,normal,0,118,110
8/11/2025 12:00,118,0,Monday,8,0,0,random_or_none,0,sunny,0.196,260,0,0,0,0,0,0,0,normal,0,122,112
8/11/2025 13:00,122,0,Monday,8,0,0,random_or_none,5,windy,0.628,260,0,0,0,0,0,0,0,normal,0,130,114
8/11/2025 14:00,130,0,Monday,8,0,0,random_or_none,3,hot,0.563,260,0,0,0,0,0,0,0,normal,0,130,119
8/11/2025 15:00,130,0,Monday,8,0,0,random_or_none,3,hot,0.374,260,0,0,0,0,0,0,0,normal,0,128,125
8/11/2025 16:00,128,0,Monday,8,0,0,random_or_none,3,hot,0.867,260,0,0,0,0,0,0,0,extreme_weather,2,121,130
8/11/2025 17:00,121,0,Monday,8,0,0,random_or_none,0,sunny,0.084,260,0,0,0,0,0,0,0,normal,0,122,130
8/11/2025 18:00,122,0,Monday,8,0,0,random_or_none,0,sunny,0.016,260,0,0,0,0,0,0,0,normal,0,116,128
8/11/2025 19:00,116,0,Monday,8,0,0,random_or_none,3,hot,0.438,260,0,0,0,0,0,0,0,normal,0,114,123
8/11/2025 20:00,114,0,Monday,8,0,0,random_or_none,3,hot,0.484,260,0,0,0,0,0,0,0,normal,0,110,117
8/11/2025 21:00,110,0,Monday,8,0,0,random_or_none,3,hot,0.801,260,0,0,0,0,0,0,0,extreme_weather,2,109,113
8/11/2025 22:00,109,0,Monday,8,0,0,random_or_none,3,hot,0.978,260,0,0,0,0,0,0,0,extreme_weather,2,100,99
8/11/2025 23:00,100,0,Monday,8,0,0,random_or_none,3,hot,0.464,260,0,0,0,0,0,0,0,normal,0,84,94
8/12/2025 0:00,84,1,Tuesday,8,0,0,random_or_none,3,hot,0.338,260,0,0,0,0,0,0,0,normal,0,69,128
8/12/2025 1:00,69,1,Tuesday,8,0,0,random_or_none,0,sunny,0.347,260,0,0,0,0,0,0,0,normal,0,63,97
8/12/2025 2:00,63,1,Tuesday,8,0,0,random_or_none,0,sunny,0.163,260,0,0,0,0,0,0,0,normal,0,60,81
8/12/2025 3:00,60,1,Tuesday,8,0,0,random_or_none,3,hot,0.404,260,0,0,0,0,0,0,0,normal,0,132,76
8/12/2025 4:00,132,1,Tuesday,8,0,0,random_or_none,3,hot,0.824,260,0,1,142.14,0,0,0,0,emergency_spike,5,188,73
8/12/2025 5:00,188,1,Tuesday,8,0,0,random_or_none,3,hot,0.829,260,0,1,177.48,0,0,0,0,emergency_spike,5,137,71
8/12/2025 6:00,137,1,Tuesday,8,0,0,random_or_none,0,sunny,0.212,260,0,0,0,0,0,0,0,normal,0,118,76
8/12/2025 7:00,118,1,Tuesday,8,0,0,random_or_none,3,hot,0.994,260,0,0,0,0,0,0,0,extreme_weather,2,111,81
8/12/2025 8:00,111,1,Tuesday,8,0,0,random_or_none,3,hot,0.558,260,0,0,0,0,0,0,0,normal,0,102,90
8/12/2025 9:00,102,1,Tuesday,8,0,0,random_or_none,0,sunny,0.216,260,0,0,0,0,0,0,0,normal,0,108,102
8/12/2025 10:00,108,1,Tuesday,8,0,0,random_or_none,3,hot,0.37,260,0,0,0,0,0,0,0,normal,0,110,100
8/12/2025 11:00,110,1,Tuesday,8,0,0,random_or_none,0,sunny,0.284,260,0,0,0,0,0,0,0,normal,0,112,96
8/12/2025 12:00,112,1,Tuesday,8,0,0,random_or_none,0,sunny,0.175,260,0,0,0,0,0,0,0,normal,0,114,105
8/12/2025 13:00,114,1,Tuesday,8,0,0,random_or_none,3,hot,0.447,260,0,0,0,0,0,0,0,normal,0,119,121
8/12/2025 14:00,119,1,Tuesday,8,0,0,random_or_none,3,hot,0.953,260,0,0,0,0,0,0,0,extreme_weather,2,125,127
8/12/2025 15:00,125,1,Tuesday,8,0,0,random_or_none,3,hot,0.533,260,0,0,0,0,0,0,0,normal,0,130,126
8/12/2025 16:00,130,1,Tuesday,8,0,0,random_or_none,4,dusty,0.874,260,0,0,0,0,0,0,0,extreme_weather,2,130,129
8/12/2025 17:00,130,1,Tuesday,8,0,0,random_or_none,0,sunny,0.334,260,0,0,0,0,0,0,0,normal,0,128,124
8/12/2025 18:00,128,1,Tuesday,8,0,0,random_or_none,1,rainy,0.392,260,0,0,0,0,0,0,0,normal,0,123,125
8/12/2025 19:00,123,1,Tuesday,8,0,0,random_or_none,3,hot,0.832,260,0,0,0,0,0,0,0,extreme_weather,2,117,120
8/12/2025 20:00,117,1,Tuesday,8,0,0,random_or_none,3,hot,0.957,260,0,0,0,0,0,0,0,extreme_weather,2,113,119
8/12/2025 21:00,113,1,Tuesday,8,0,0,random_or_none,3,hot,0.475,260,0,0,0,0,0,0,0,normal,0,99,113
8/12/2025 22:00,99,1,Tuesday,8,0,0,random_or_none,3,hot,0.739,260,0,0,0,0,0,0,0,normal,0,94,100
8/12/2025 23:00,94,1,Tuesday,8,0,0,random_or_none,4,dusty,0.598,260,0,0,0,0,0,0,0,normal,0,128,124
8/13/2025 0:00,128,2,Wednesday,8,0,0,random_or_none,3,hot,0.731,260,0,1,116.45,0,0,0,0,emergency_spike,5,97,98
8/13/2025 1:00,97,2,Wednesday,8,0,0,random_or_none,3,hot,0.506,260,0,0,0,0,0,0,0,normal,0,81,85
8/13/2025 2:00,81,2,Wednesday,8,0,0,random_or_none,5,windy,0.321,260,0,0,0,0,0,0,0,normal,0,76,75
8/13/2025 3:00,76,2,Wednesday,8,0,0,random_or_none,3,hot,1,260,0,0,0,0,0,0,0,extreme_weather,2,73,76
8/13/2025 4:00,73,2,Wednesday,8,0,0,random_or_none,5,windy,0.891,260,0,0,0,0,0,0,0,extreme_weather,2,71,71
8/13/2025 5:00,71,2,Wednesday,8,0,0,random_or_none,5,windy,0.437,260,0,0,0,0,0,0,0,normal,0,76,73
8/13/2025 6:00,76,2,Wednesday,8,0,0,random_or_none,3,hot,0.325,260,0,0,0,0,0,0,0,normal,0,81,83
8/13/2025 7:00,81,2,Wednesday,8,0,0,random_or_none,3,hot,0.71,260,0,0,0,0,0,0,0,normal,0,90,83
8/13/2025 8:00,90,2,Wednesday,8,0,0,random_or_none,3,hot,0.378,260,0,0,0,0,0,0,0,normal,0,102,93
8/13/2025 9:00,102,2,Wednesday,8,0,0,random_or_none,4,dusty,1,260,0,0,0,0,0,0,0,extreme_weather,2,100,96
8/13/2025 10:00,100,2,Wednesday,8,0,0,random_or_none,0,sunny,0.237,260,0,0,0,0,0,0,0,normal,0,96,108
8/13/2025 11:00,96,2,Wednesday,8,0,0,random_or_none,0,sunny,0.088,260,0,0,0,0,0,0,0,normal,0,105,108
8/13/2025 12:00,105,2,Wednesday,8,0,0,random_or_none,4,dusty,0.754,260,0,0,0,0,0,0,0,extreme_weather,2,121,112
8/13/2025 13:00,121,2,Wednesday,8,0,0,random_or_none,3,hot,0.659,260,0,0,0,0,0,0,0,normal,0,127,119
8/13/2025 14:00,127,2,Wednesday,8,0,0,random_or_none,3,hot,0.581,260,0,0,0,0,0,0,0,normal,0,126,119
8/13/2025 15:00,126,2,Wednesday,8,0,0,random_or_none,0,sunny,0.348,260,0,0,0,0,0,0,0,normal,0,129,128
8/13/2025 16:00,129,2,Wednesday,8,0,0,random_or_none,3,hot,0.343,260,0,0,0,0,0,0,0,normal,0,124,124
8/13/2025 17:00,124,2,Wednesday,8,0,0,random_or_none,3,hot,0.953,260,0,0,0,0,0,0,0,extreme_weather,2,125,118
8/13/2025 18:00,125,2,Wednesday,8,0,0,random_or_none,4,dusty,0.445,260,0,0,0,0,0,0,0,normal,0,120,112
8/13/2025 19:00,120,2,Wednesday,8,0,0,random_or_none,3,hot,1,260,0,0,0,0,0,0,0,extreme_weather,2,119,115
8/13/2025 20:00,119,2,Wednesday,8,0,0,random_or_none,3,hot,0.652,260,0,0,0,0,0,0,0,normal,0,113,106
8/13/2025 21:00,113,2,Wednesday,8,0,0,random_or_none,4,dusty,0.748,260,0,0,0,0,0,0,0,normal,0,100,102
8/13/2025 22:00,100,2,Wednesday,8,0,0,random_or_none,0,sunny,0.205,260,0,0,0,0,0,0,0,normal,0,124,91
8/13/2025 23:00,124,2,Wednesday,8,0,0,random_or_none,3,hot,0.957,260,0,1,70.96,0,0,0,0,emergency_spike,5,98,87
8/14/2025 0:00,98,3,Thursday,8,0,0,random_or_none,2,cold,0.361,260,0,0,0,0,0,0,0,normal,0,85,76
8/14/2025 1:00,85,3,Thursday,8,0,0,random_or_none,3,hot,1,260,0,0,0,0,0,0,0,extreme_weather,2,75,70
8/14/2025 2:00,75,3,Thursday,8,0,0,random_or_none,4,dusty,0.502,260,0,0,0,0,0,0,0,normal,0,76,68
8/14/2025 3:00,76,3,Thursday,8,0,0,random_or_none,4,dusty,0.387,260,0,0,0,0,0,0,0,normal,0,71,70
8/14/2025 4:00,71,3,Thursday,8,0,0,random_or_none,3,hot,0.878,260,0,0,0,0,0,0,0,extreme_weather,2,73,71
8/14/2025 5:00,73,3,Thursday,8,0,0,random_or_none,0,sunny,0.12,260,0,0,0,0,0,0,0,normal,0,83,69
8/14/2025 6:00,83,3,Thursday,8,0,0,random_or_none,1,rainy,0.844,260,0,0,0,0,0,0,0,extreme_weather,2,83,69
8/14/2025 7:00,83,3,Thursday,8,0,0,random_or_none,4,dusty,0.492,260,0,0,0,0,0,0,0,normal,0,93,78
8/14/2025 8:00,93,3,Thursday,8,0,0,random_or_none,3,hot,0.778,260,0,0,0,0,0,0,0,extreme_weather,2,96,87
8/14/2025 9:00,96,3,Thursday,8,0,0,random_or_none,3,hot,0.593,260,0,0,0,0,0,0,0,normal,0,108,94
8/14/2025 10:00,108,3,Thursday,8,0,0,random_or_none,3,hot,0.828,260,0,0,0,0,0,0,0,extreme_weather,2,108,92
8/14/2025 11:00,108,3,Thursday,8,0,0,random_or_none,4,dusty,1,260,0,0,0,0,0,0,0,extreme_weather,2,112,114
8/14/2025 12:00,112,3,Thursday,8,0,0,random_or_none,5,windy,0.23,260,0,0,0,0,0,0,0,normal,0,119,119
8/14/2025 13:00,119,3,Thursday,8,0,0,random_or_none,4,dusty,0.422,260,0,0,0,0,0,0,0,normal,0,119,124
8/14/2025 14:00,119,3,Thursday,8,0,0,random_or_none,0,sunny,0.125,260,0,0,0,0,0,0,0,normal,0,128,129
8/14/2025 15:00,128,3,Thursday,8,0,0,random_or_none,3,hot,0.484,260,0,0,0,0,0,0,0,normal,0,124,131
8/14/2025 16:00,124,3,Thursday,8,0,0,random_or_none,3,hot,0.578,260,0,0,0,0,0,0,0,normal,0,118,125
8/14/2025 17:00,118,3,Thursday,8,0,0,random_or_none,0,sunny,0.271,260,0,0,0,0,0,0,0,normal,0,112,128
8/14/2025 18:00,112,3,Thursday,8,0,0,random_or_none,0,sunny,0.15,260,0,0,0,0,0,0,0,normal,0,115,120
8/14/2025 19:00,115,3,Thursday,8,0,0,random_or_none,0,sunny,0.047,260,0,0,0,0,0,0,0,normal,0,106,104
8/14/2025 20:00,106,3,Thursday,8,0,0,random_or_none,0,sunny,0.197,260,0,0,0,0,0,0,0,normal,0,102,110
8/14/2025 21:00,102,3,Thursday,8,0,0,random_or_none,3,hot,0.753,260,0,0,0,0,0,0,0,extreme_weather,2,91,97
8/14/2025 22:00,91,3,Thursday,8,0,0,random_or_none,0,sunny,0.266,260,0,0,0,0,0,0,0,normal,0,87,99
8/14/2025 23:00,87,3,Thursday,8,0,0,random_or_none,4,dusty,0.505,260,0,0,0,0,0,0,0,normal,0,76,95
8/15/2025 0:00,76,4,Friday,8,0,0,random_or_none,3,hot,0.377,260,0,0,0,0,0,0,0,normal,0,70,75
8/15/2025 1:00,70,4,Friday,8,0,0,random_or_none,1,rainy,0.715,260,0,0,0,0,0,0,0,normal,0,68,65
8/15/2025 2:00,68,4,Friday,8,0,0,random_or_none,3,hot,0.413,260,0,0,0,0,0,0,0,normal,0,70,56
8/15/2025 3:00,70,4,Friday,8,0,0,random_or_none,0,sunny,0.277,260,0,0,0,0,0,0,0,normal,0,71,51
8/15/2025 4:00,71,4,Friday,8,0,0,random_or_none,4,dusty,0.397,260,0,0,0,0,0,0,0,normal,0,69,54
8/15/2025 5:00,69,4,Friday,8,0,0,random_or_none,3,hot,0.395,260,0,0,0,0,0,0,0,normal,0,69,55
8/15/2025 6:00,69,4,Friday,8,0,0,random_or_none,4,dusty,0.493,260,0,0,0,0,0,0,0,normal,0,78,68
8/15/2025 7:00,78,4,Friday,8,0,0,random_or_none,3,hot,1,260,0,0,0,0,0,0,0,extreme_weather,2,87,74
8/15/2025 8:00,87,4,Friday,8,0,0,random_or_none,3,hot,0.975,260,0,0,0,0,0,0,0,extreme_weather,2,94,72
8/15/2025 9:00,94,4,Friday,8,0,0,random_or_none,0,sunny,0.328,260,0,0,0,0,0,0,0,normal,0,92,131
8/15/2025 10:00,92,4,Friday,8,0,0,random_or_none,0,sunny,0.149,260,0,0,0,0,0,0,0,normal,0,114,118
8/15/2025 11:00,114,4,Friday,8,0,0,random_or_none,3,hot,0.935,260,0,0,0,0,0,0,0,extreme_weather,2,119,116
8/15/2025 12:00,119,4,Friday,8,0,0,random_or_none,3,hot,0.84,260,0,0,0,0,0,0,0,extreme_weather,2,124,179
8/15/2025 13:00,124,4,Friday,8,0,0,random_or_none,3,hot,0.804,260,0,0,0,0,0,0,0,extreme_weather,2,129,142
8/15/2025 14:00,129,4,Friday,8,0,0,random_or_none,3,hot,0.765,260,0,0,0,0,0,0,0,extreme_weather,2,131,126
8/15/2025 15:00,131,4,Friday,8,0,0,random_or_none,0,sunny,0.288,260,0,0,0,0,0,0,0,normal,0,125,117
8/15/2025 16:00,125,4,Friday,8,0,0,random_or_none,0,sunny,0.111,260,0,0,0,0,0,0,0,normal,0,128,115
8/15/2025 17:00,128,4,Friday,8,0,0,random_or_none,0,sunny,0.061,260,0,0,0,0,0,0,0,normal,0,120,116
8/15/2025 18:00,120,4,Friday,8,0,0,random_or_none,3,hot,0.741,260,0,0,0,0,0,0,0,normal,0,104,191
8/15/2025 19:00,104,4,Friday,8,0,0,random_or_none,0,sunny,0.271,260,0,0,0,0,0,0,0,normal,0,110,148
8/15/2025 20:00,110,4,Friday,8,0,0,random_or_none,3,hot,0.694,260,0,0,0,0,0,0,0,normal,0,97,124
8/15/2025 21:00,97,4,Friday,8,0,0,random_or_none,0,sunny,0.264,260,0,0,0,0,0,0,0,normal,0,99,107
8/15/2025 22:00,99,4,Friday,8,0,0,random_or_none,3,hot,0.781,260,0,0,0,0,0,0,0,extreme_weather,2,95,88
8/15/2025 23:00,95,4,Friday,8,0,0,random_or_none,4,dusty,0.527,260,0,0,0,0,0,0,0,normal,0,75,81
8/16/2025 0:00,75,5,Saturday,8,1,0,random_or_none,0,sunny,0.066,260,0,0,0,0,0,0,0,normal,0,65,74
8/16/2025 1:00,65,5,Saturday,8,1,0,random_or_none,0,sunny,0.212,260,0,0,0,0,0,0,0,normal,0,56,66
8/16/2025 2:00,56,5,Saturday,8,1,0,random_or_none,3,hot,0.643,260,0,0,0,0,0,0,0,normal,0,51,62
8/16/2025 3:00,51,5,Saturday,8,1,0,random_or_none,0,sunny,0.256,260,0,0,0,0,0,0,0,normal,0,54,53
8/16/2025 4:00,54,5,Saturday,8,1,0,random_or_none,4,dusty,0.565,260,0,0,0,0,0,0,0,normal,0,55,57
8/16/2025 5:00,55,5,Saturday,8,1,0,random_or_none,5,windy,0.859,260,0,0,0,0,0,0,0,extreme_weather,2,68,50
8/16/2025 6:00,68,5,Saturday,8,1,0,random_or_none,3,hot,0.64,260,0,0,0,0,0,0,0,normal,0,74,61
8/16/2025 7:00,74,5,Saturday,8,1,0,random_or_none,3,hot,0.941,260,0,0,0,0,0,0,0,extreme_weather,2,72,65
8/16/2025 8:00,72,5,Saturday,8,1,0,random_or_none,0,sunny,0.218,260,0,0,0,0,0,0,0,normal,0,131,73
8/16/2025 9:00,131,5,Saturday,8,1,0,random_or_none,0,sunny,0.221,260,0,1,100.94,0,0,0,0,emergency_spike,5,118,74
8/16/2025 10:00,118,5,Saturday,8,1,0,random_or_none,4,dusty,0.848,260,0,0,0,0,0,0,0,extreme_weather,2,116,84
8/16/2025 11:00,116,5,Saturday,8,1,0,random_or_none,4,dusty,0.652,260,0,0,0,0,0,0,0,normal,0,179,86
8/16/2025 12:00,179,5,Saturday,8,1,0,random_or_none,3,hot,0.72,260,0,1,154.32,0,0,0,0,emergency_spike,5,142,97
8/16/2025 13:00,142,5,Saturday,8,1,0,random_or_none,0,sunny,0.332,260,0,0,0,0,0,0,0,normal,0,126,96
8/16/2025 14:00,126,5,Saturday,8,1,0,random_or_none,3,hot,0.587,260,0,0,0,0,0,0,0,normal,0,117,103
8/16/2025 15:00,117,5,Saturday,8,1,0,random_or_none,3,hot,0.691,260,0,0,0,0,0,0,0,normal,0,115,97
8/16/2025 16:00,115,5,Saturday,8,1,0,random_or_none,3,hot,0.593,260,0,0,0,0,0,0,0,normal,0,116,99
8/16/2025 17:00,116,5,Saturday,8,1,0,random_or_none,4,dusty,0.979,260,0,0,0,0,0,0,0,extreme_weather,2,191,107
8/16/2025 18:00,191,5,Saturday,8,1,0,random_or_none,3,hot,0.615,260,0,1,171.65,0,0,0,0,emergency_spike,5,148,108
8/16/2025 19:00,148,5,Saturday,8,1,0,random_or_none,5,windy,0.687,260,0,0,0,0,0,0,0,normal,0,124,111
8/16/2025 20:00,124,5,Saturday,8,1,0,random_or_none,3,hot,0.688,260,0,0,0,0,0,0,0,normal,0,107,102
8/16/2025 21:00,107,5,Saturday,8,1,0,random_or_none,3,hot,0.76,260,0,0,0,0,0,0,0,extreme_weather,2,88,92
8/16/2025 22:00,88,5,Saturday,8,1,0,random_or_none,0,sunny,0.135,260,0,0,0,0,0,0,0,normal,0,81,85
8/16/2025 23:00,81,5,Saturday,8,1,0,random_or_none,0,sunny,0.072,260,0,0,0,0,0,0,0,normal,0,74,75
8/17/2025 0:00,74,6,Sunday,8,1,0,random_or_none,1,rainy,0.444,260,0,0,0,0,0,0,0,normal,0,66,69
8/17/2025 1:00,66,6,Sunday,8,1,0,random_or_none,3,hot,1,260,0,0,0,0,0,0,0,extreme_weather,2,62,65
8/17/2025 2:00,62,6,Sunday,8,1,0,random_or_none,4,dusty,0.313,260,0,0,0,0,0,0,0,normal,0,53,76
8/17/2025 3:00,53,6,Sunday,8,1,0,random_or_none,5,windy,0.513,260,0,0,0,0,0,0,0,normal,0,57,69
8/17/2025 4:00,57,6,Sunday,8,1,0,random_or_none,3,hot,0.955,260,0,0,0,0,0,0,0,extreme_weather,2,50,74
8/17/2025 5:00,50,6,Sunday,8,1,0,random_or_none,0,sunny,0.246,260,0,0,0,0,0,0,0,normal,0,61,81
8/17/2025 6:00,61,6,Sunday,8,1,0,random_or_none,4,dusty,0.87,260,0,0,0,0,0,0,0,extreme_weather,2,65,82
8/17/2025 7:00,65,6,Sunday,8,1,0,random_or_none,1,rainy,0.696,260,0,0,0,0,0,0,0,normal,0,73,87
8/17/2025 8:00,73,6,Sunday,8,1,0,random_or_none,3,hot,0.888,260,0,0,0,0,0,0,0,extreme_weather,2,74,86
8/17/2025 9:00,74,6,Sunday,8,1,0,random_or_none,3,hot,1,260,0,0,0,0,0,0,0,extreme_weather,2,84,92
8/17/2025 10:00,84,6,Sunday,8,1,0,random_or_none,4,dusty,0.681,260,0,0,0,0,0,0,0,normal,0,86,98
8/17/2025 11:00,86,6,Sunday,8,1,0,random_or_none,4,dusty,0.783,260,0,0,0,0,0,0,0,extreme_weather,2,97,104
8/17/2025 12:00,97,6,Sunday,8,1,0,random_or_none,3,hot,0.839,260,0,0,0,0,0,0,0,extreme_weather,2,96,117
8/17/2025 13:00,96,6,Sunday,8,1,0,random_or_none,0,sunny,0.132,260,0,0,0,0,0,0,0,normal,0,103,122
8/17/2025 14:00,103,6,Sunday,8,1,0,random_or_none,1,rainy,0.638,260,0,0,0,0,0,0,0,normal,0,97,121
8/17/2025 15:00,97,6,Sunday,8,1,0,random_or_none,0,sunny,0.129,260,0,0,0,0,0,0,0,normal,0,99,127
8/17/2025 16:00,99,6,Sunday,8,1,0,random_or_none,5,windy,0.517,260,0,0,0,0,0,0,0,normal,0,107,128
8/17/2025 17:00,107,6,Sunday,8,1,0,random_or_none,4,dusty,0.603,260,0,0,0,0,0,0,0,normal,0,108,122
8/17/2025 18:00,108,6,Sunday,8,1,0,random_or_none,3,hot,0.626,260,0,0,0,0,0,0,0,normal,0,111,128
8/17/2025 19:00,111,6,Sunday,8,1,0,random_or_none,3,hot,0.931,260,0,0,0,0,0,0,0,extreme_weather,2,102,124
8/17/2025 20:00,102,6,Sunday,8,1,0,random_or_none,3,hot,0.345,260,0,0,0,0,0,0,0,normal,0,92,114
8/17/2025 21:00,92,6,Sunday,8,1,0,random_or_none,0,sunny,0.031,260,0,0,0,0,0,0,0,normal,0,85,106
8/17/2025 22:00,85,6,Sunday,8,1,0,random_or_none,4,dusty,0.418,260,0,0,0,0,0,0,0,normal,0,75,99
8/17/2025 23:00,75,6,Sunday,8,1,0,random_or_none,4,dusty,0.729,260,0,0,0,0,0,0,0,normal,0,69,94
8/18/2025 0:00,69,0,Monday,8,0,0,random_or_none,3,hot,0.395,260,0,0,0,0,0,0,0,normal,0,65,160
8/18/2025 1:00,65,0,Monday,8,0,0,random_or_none,0,sunny,0.316,260,0,0,0,0,0,0,0,normal,0,76,112
8/18/2025 2:00,76,0,Monday,8,0,0,random_or_none,4,dusty,0.691,260,0,0,0,0,0,0,0,normal,0,69,88
8/18/2025 3:00,69,0,Monday,8,0,0,random_or_none,0,sunny,0.239,260,0,0,0,0,0,0,0,normal,0,74,74
8/18/2025 4:00,74,0,Monday,8,0,0,random_or_none,5,windy,0.779,260,0,0,0,0,0,0,0,extreme_weather,2,81,70
8/18/2025 5:00,81,0,Monday,8,0,0,random_or_none,3,hot,0.968,260,0,0,0,0,0,0,0,extreme_weather,2,82,77
8/18/2025 6:00,82,0,Monday,8,0,0,random_or_none,4,dusty,1,260,0,0,0,0,0,0,0,extreme_weather,2,87,76
8/18/2025 7:00,87,0,Monday,8,0,0,random_or_none,3,hot,0.485,260,0,0,0,0,0,0,0,normal,0,86,78
8/18/2025 8:00,86,0,Monday,8,0,0,random_or_none,0,sunny,0.164,260,0,0,0,0,0,0,0,normal,0,92,85
8/18/2025 9:00,92,0,Monday,8,0,0,random_or_none,3,hot,0.424,260,0,0,0,0,0,0,0,normal,0,98,90
8/18/2025 10:00,98,0,Monday,8,0,0,random_or_none,0,sunny,0.073,260,0,0,0,0,0,0,0,normal,0,104,95
8/18/2025 11:00,104,0,Monday,8,0,0,random_or_none,0,sunny,0.2,260,0,0,0,0,0,0,0,normal,0,117,101
8/18/2025 12:00,117,0,Monday,8,0,0,random_or_none,3,hot,0.637,260,0,0,0,0,0,0,0,normal,0,122,115
8/18/2025 13:00,122,0,Monday,8,0,0,random_or_none,0,sunny,0.12,260,0,0,0,0,0,0,0,normal,0,121,113
8/18/2025 14:00,121,0,Monday,8,0,0,random_or_none,5,windy,0.4,260,0,0,0,0,0,0,0,normal,0,127,119
8/18/2025 15:00,127,0,Monday,8,0,0,random_or_none,3,hot,0.512,260,0,0,0,0,0,0,0,normal,0,128,125
8/18/2025 16:00,128,0,Monday,8,0,0,random_or_none,3,hot,0.378,260,0,0,0,0,0,0,0,normal,0,122,127
8/18/2025 17:00,122,0,Monday,8,0,0,random_or_none,3,hot,0.751,260,0,0,0,0,0,0,0,extreme_weather,2,128,128
8/18/2025 18:00,128,0,Monday,8,0,0,random_or_none,3,hot,0.335,260,0,0,0,0,0,0,0,normal,0,124,132
8/18/2025 19:00,124,0,Monday,8,0,0,random_or_none,4,dusty,0.398,260,0,0,0,0,0,0,0,normal,0,114,120
8/18/2025 20:00,114,0,Monday,8,0,0,random_or_none,0,sunny,0.207,260,0,0,0,0,0,0,0,normal,0,106,108
8/18/2025 21:00,106,0,Monday,8,0,0,random_or_none,0,sunny,0.239,260,0,0,0,0,0,0,0,normal,0,99,96
8/18/2025 22:00,99,0,Monday,8,0,0,random_or_none,3,hot,1,260,0,0,0,0,0,0,0,extreme_weather,2,94,83
8/18/2025 23:00,94,0,Monday,8,0,0,random_or_none,3,hot,0.747,260,0,0,0,0,0,0,0,normal,0,160,77
8/19/2025 0:00,160,1,Tuesday,8,0,0,random_or_none,4,dusty,0.629,260,0,1,166.96,0,0,0,0,emergency_spike,5,112,73
8/19/2025 1:00,112,1,Tuesday,8,0,0,random_or_none,0,sunny,0.3,260,0,0,0,0,0,0,0,normal,0,88,77
8/19/2025 2:00,88,1,Tuesday,8,0,0,random_or_none,0,sunny,0.052,260,0,0,0,0,0,0,0,normal,0,74,71
8/19/2025 3:00,74,1,Tuesday,8,0,0,random_or_none,3,hot,0.615,260,0,0,0,0,0,0,0,normal,0,70,68
8/19/2025 4:00,70,1,Tuesday,8,0,0,random_or_none,0,sunny,0.217,260,0,0,0,0,0,0,0,normal,0,77,67
8/19/2025 5:00,77,1,Tuesday,8,0,0,random_or_none,3,hot,0.92,260,0,0,0,0,0,0,0,extreme_weather,2,76,78
8/19/2025 6:00,76,1,Tuesday,8,0,0,random_or_none,3,hot,0.481,260,0,0,0,0,0,0,0,normal,0,78,79
8/19/2025 7:00,78,1,Tuesday,8,0,0,random_or_none,0,sunny,0.061,260,0,0,0,0,0,0,0,normal,0,85,90
8/19/2025 8:00,85,1,Tuesday,8,0,0,random_or_none,3,hot,0.566,260,0,0,0,0,0,0,0,normal,0,90,94
8/19/2025 9:00,90,1,Tuesday,8,0,0,random_or_none,0,sunny,0.158,260,0,0,0,0,0,0,0,normal,0,95,104
8/19/2025 10:00,95,1,Tuesday,8,0,0,random_or_none,0,sunny,0.293,260,0,0,0,0,0,0,0,normal,0,101,109
8/19/2025 11:00,101,1,Tuesday,8,0,0,random_or_none,3,hot,0.744,260,0,0,0,0,0,0,0,normal,0,115,108
8/19/2025 12:00,115,1,Tuesday,8,0,0,random_or_none,3,hot,0.551,260,0,0,0,0,0,0,0,normal,0,113,110
8/19/2025 13:00,113,1,Tuesday,8,0,0,random_or_none,0,sunny,0.321,260,0,0,0,0,0,0,0,normal,0,119,114
8/19/2025 14:00,119,1,Tuesday,8,0,0,random_or_none,0,sunny,0.226,260,0,0,0,0,0,0,0,normal,0,125,114
8/19/2025 15:00,125,1,Tuesday,8,0,0,random_or_none,4,dusty,0.904,260,0,0,0,0,0,0,0,extreme_weather,2,127,117
8/19/2025 16:00,127,1,Tuesday,8,0,0,random_or_none,5,windy,0.798,260,0,0,0,0,0,0,0,extreme_weather,2,128,128
8/19/2025 17:00,128,1,Tuesday,8,0,0,random_or_none,3,hot,0.619,260,0,0,0,0,0,0,0,normal,0,132,126
8/19/2025 18:00,132,1,Tuesday,8,0,0,random_or_none,3,hot,0.691,260,0,0,0,0,0,0,0,normal,0,120,131
8/19/2025 19:00,120,1,Tuesday,8,0,0,random_or_none,0,sunny,0.027,260,0,0,0,0,0,0,0,normal,0,108,121
8/19/2025 20:00,108,1,Tuesday,8,0,0,random_or_none,0,sunny,0.185,260,0,0,0,0,0,0,0,normal,0,96,126
8/19/2025 21:00,96,1,Tuesday,8,0,0,random_or_none,0,sunny,0.211,260,0,0,0,0,0,0,0,normal,0,83,117
8/19/2025 22:00,83,1,Tuesday,8,0,0,random_or_none,0,sunny,0.217,260,0,0,0,0,0,0,0,normal,0,77,100
8/19/2025 23:00,77,1,Tuesday,8,0,0,random_or_none,0,sunny,0.341,260,0,0,0,0,0,0,0,normal,0,73,86
8/20/2025 0:00,73,2,Wednesday,8,0,0,random_or_none,1,rainy,0.593,260,0,0,0,0,0,0,0,normal,0,77,71
8/20/2025 1:00,77,2,Wednesday,8,0,0,random_or_none,4,dusty,0.956,260,0,0,0,0,0,0,0,extreme_weather,2,71,74
8/20/2025 2:00,71,2,Wednesday,8,0,0,random_or_none,0,sunny,0.075,260,0,0,0,0,0,0,0,normal,0,68,72
8/20/2025 3:00,68,2,Wednesday,8,0,0,random_or_none,3,hot,0.946,260,0,0,0,0,0,0,0,extreme_weather,2,67,70
8/20/2025 4:00,67,2,Wednesday,8,0,0,random_or_none,0,sunny,0.014,260,0,0,0,0,0,0,0,normal,0,78,65
8/20/2025 5:00,78,2,Wednesday,8,0,0,random_or_none,4,dusty,0.928,260,0,0,0,0,0,0,0,extreme_weather,2,79,72
8/20/2025 6:00,79,2,Wednesday,8,0,0,random_or_none,0,sunny,0.286,260,0,0,0,0,0,0,0,normal,0,90,78
8/20/2025 7:00,90,2,Wednesday,8,0,0,random_or_none,4,dusty,0.792,260,0,0,0,0,0,0,0,extreme_weather,2,94,75
8/20/2025 8:00,94,2,Wednesday,8,0,0,random_or_none,4,dusty,0.377,260,0,0,0,0,0,0,0,normal,0,104,87
8/20/2025 9:00,104,2,Wednesday,8,0,0,random_or_none,3,hot,1,260,0,0,0,0,0,0,0,extreme_weather,2,109,96
8/20/2025 10:00,109,2,Wednesday,8,0,0,random_or_none,3,hot,0.601,260,0,0,0,0,0,0,0,normal,0,108,110
8/20/2025 11:00,108,2,Wednesday,8,0,0,random_or_none,3,hot,0.303,260,0,0,0,0,0,0,0,normal,0,110,114
8/20/2025 12:00,110,2,Wednesday,8,0,0,random_or_none,3,hot,0.941,260,0,0,0,0,0,0,0,extreme_weather,2,114,118
8/20/2025 13:00,114,2,Wednesday,8,0,0,random_or_none,3,hot,0.438,260,0,0,0,0,0,0,0,normal,0,114,122
8/20/2025 14:00,114,2,Wednesday,8,0,0,random_or_none,3,hot,0.789,260,0,0,0,0,0,0,0,extreme_weather,2,117,127
8/20/2025 15:00,117,2,Wednesday,8,0,0,random_or_none,0,sunny,0.083,260,0,0,0,0,0,0,0,normal,0,128,122
8/20/2025 16:00,128,2,Wednesday,8,0,0,random_or_none,3,hot,0.977,260,0,0,0,0,0,0,0,extreme_weather,2,126,111
8/20/2025 17:00,126,2,Wednesday,8,0,0,random_or_none,3,hot,0.667,260,0,0,0,0,0,0,0,normal,0,131,120
8/20/2025 18:00,131,2,Wednesday,8,0,0,random_or_none,3,hot,0.435,260,0,0,0,0,0,0,0,normal,0,121,118
8/20/2025 19:00,121,2,Wednesday,8,0,0,random_or_none,4,dusty,0.413,260,0,0,0,0,0,0,0,normal,0,126,114
8/20/2025 20:00,126,2,Wednesday,8,0,0,random_or_none,4,dusty,1,260,0,0,0,0,0,0,0,extreme_weather,2,117,114
8/20/2025 21:00,117,2,Wednesday,8,0,0,random_or_none,4,dusty,0.996,260,0,0,0,0,0,0,0,extreme_weather,2,100,105
8/20/2025 22:00,100,2,Wednesday,8,0,0,random_or_none,3,hot,0.57,260,0,0,0,0,0,0,0,normal,0,86,104
8/20/2025 23:00,86,2,Wednesday,8,0,0,random_or_none,0,sunny,0.044,260,0,0,0,0,0,0,0,normal,0,71,94
8/21/2025 0:00,71,3,Thursday,8,0,0,random_or_none,0,sunny,0.175,260,0,0,0,0,0,0,0,normal,0,74,86
8/21/2025 1:00,74,3,Thursday,8,0,0,random_or_none,3,hot,0.861,260,0,0,0,0,0,0,0,extreme_weather,2,72,78
8/21/2025 2:00,72,3,Thursday,8,0,0,random_or_none,3,hot,0.445,260,0,0,0,0,0,0,0,normal,0,70,57
8/21/2025 3:00,70,3,Thursday,8,0,0,random_or_none,3,hot,0.561,260,0,0,0,0,0,0,0,normal,0,65,53
8/21/2025 4:00,65,3,Thursday,8,0,0,random_or_none,0,sunny,0.323,260,0,0,0,0,0,0,0,normal,0,72,53
8/21/2025 5:00,72,3,Thursday,8,0,0,random_or_none,3,hot,0.759,260,0,0,0,0,0,0,0,extreme_weather,2,78,62
8/21/2025 6:00,78,3,Thursday,8,0,0,random_or_none,3,hot,0.384,260,0,0,0,0,0,0,0,normal,0,75,63
8/21/2025 7:00,75,3,Thursday,8,0,0,random_or_none,0,sunny,0.257,260,0,0,0,0,0,0,0,normal,0,87,73
8/21/2025 8:00,87,3,Thursday,8,0,0,random_or_none,3,hot,0.639,260,0,0,0,0,0,0,0,normal,0,96,79
8/21/2025 9:00,96,3,Thursday,8,0,0,random_or_none,5,windy,0.759,260,0,0,0,0,0,0,0,extreme_weather,2,110,79
8/21/2025 10:00,110,3,Thursday,8,0,0,random_or_none,2,cold,0.763,260,0,0,0,0,0,0,0,extreme_weather,2,114,94
8/21/2025 11:00,114,3,Thursday,8,0,0,random_or_none,5,windy,0.861,260,0,0,0,0,0,0,0,extreme_weather,2,118,105
8/21/2025 12:00,118,3,Thursday,8,0,0,random_or_none,4,dusty,0.366,260,0,0,0,0,0,0,0,normal,0,122,116
8/21/2025 13:00,122,3,Thursday,8,0,0,random_or_none,3,hot,1,260,0,0,0,0,0,0,0,extreme_weather,2,127,112
8/21/2025 14:00,127,3,Thursday,8,0,0,random_or_none,3,hot,1,260,0,0,0,0,0,0,0,extreme_weather,2,122,117
8/21/2025 15:00,122,3,Thursday,8,0,0,random_or_none,0,sunny,0.09,260,0,0,0,0,0,0,0,normal,0,111,114
8/21/2025 16:00,111,3,Thursday,8,0,0,random_or_none,0,sunny,0.255,260,0,0,0,0,0,0,0,normal,0,120,121
8/21/2025 17:00,120,3,Thursday,8,0,0,random_or_none,3,hot,0.413,260,0,0,0,0,0,0,0,normal,0,118,126
8/21/2025 18:00,118,3,Thursday,8,0,0,random_or_none,4,dusty,0.594,260,0,0,0,0,0,0,0,normal,0,114,117
8/21/2025 19:00,114,3,Thursday,8,0,0,random_or_none,0,sunny,0.255,260,0,0,0,0,0,0,0,normal,0,114,109
8/21/2025 20:00,114,3,Thursday,8,0,0,random_or_none,3,hot,1,260,0,0,0,0,0,0,0,extreme_weather,2,105,97
8/21/2025 21:00,105,3,Thursday,8,0,0,random_or_none,0,sunny,0.018,260,0,0,0,0,0,0,0,normal,0,104,97
8/21/2025 22:00,104,3,Thursday,8,0,0,random_or_none,4,dusty,0.442,260,0,0,0,0,0,0,0,normal,0,94,81
8/21/2025 23:00,94,3,Thursday,8,0,0,random_or_none,4,dusty,0.668,260,0,0,0,0,0,0,0,normal,0,86,76
8/22/2025 0:00,86,4,Friday,8,0,1,random_or_none,4,dusty,0.571,260,0,0,0,0,0,0,0,holiday,1,78,68
8/22/2025 1:00,78,4,Friday,8,0,1,random_or_none,3,hot,0.688,260,0,0,0,0,0,0,0,holiday,1,57,59
8/22/2025 2:00,57,4,Friday,8,0,1,random_or_none,0,sunny,0.09,260,0,0,0,0,0,0,0,holiday,1,53,59
8/22/2025 3:00,53,4,Friday,8,0,1,random_or_none,3,hot,0.472,260,0,0,0,0,0,0,0,holiday,1,53,55
8/22/2025 4:00,53,4,Friday,8,0,1,random_or_none,3,hot,0.415,260,0,0,0,0,0,0,0,holiday,1,62,57
8/22/2025 5:00,62,4,Friday,8,0,1,random_or_none,3,hot,0.585,260,0,0,0,0,0,0,0,holiday,1,63,52
8/22/2025 6:00,63,4,Friday,8,0,1,random_or_none,3,hot,0.551,260,0,0,0,0,0,0,0,holiday,1,73,65
8/22/2025 7:00,73,4,Friday,8,0,1,random_or_none,4,dusty,0.532,260,0,0,0,0,0,0,0,holiday,1,79,77
8/22/2025 8:00,79,4,Friday,8,0,1,random_or_none,3,hot,0.34,260,0,0,0,0,0,0,0,holiday,1,79,80
8/22/2025 9:00,79,4,Friday,8,0,1,random_or_none,0,sunny,0.262,260,0,0,0,0,0,0,0,holiday,1,94,80
8/22/2025 10:00,94,4,Friday,8,0,1,random_or_none,4,dusty,0.634,260,0,0,0,0,0,0,0,holiday,1,105,90
8/22/2025 11:00,105,4,Friday,8,0,1,random_or_none,5,windy,0.551,260,0,0,0,0,0,0,0,holiday,1,116,90
8/22/2025 12:00,116,4,Friday,8,0,1,random_or_none,4,dusty,0.669,260,0,0,0,0,0,0,0,holiday,1,112,99
8/22/2025 13:00,112,4,Friday,8,0,1,random_or_none,0,sunny,0.054,260,0,0,0,0,0,0,0,holiday,1,117,102
8/22/2025 14:00,117,4,Friday,8,0,1,random_or_none,3,hot,1,260,0,0,0,0,0,0,0,extreme_weather,2,114,107
8/22/2025 15:00,114,4,Friday,8,0,1,random_or_none,4,dusty,0.675,260,0,0,0,0,0,0,0,holiday,1,121,103
8/22/2025 16:00,121,4,Friday,8,0,1,random_or_none,3,hot,1,260,0,0,0,0,0,0,0,extreme_weather,2,126,114
8/22/2025 17:00,126,4,Friday,8,0,1,random_or_none,0,sunny,0.201,260,0,0,0,0,0,0,0,holiday,1,117,112
8/22/2025 18:00,117,4,Friday,8,0,1,random_or_none,0,sunny,0.051,260,0,0,0,0,0,0,0,holiday,1,109,117
8/22/2025 19:00,109,4,Friday,8,0,1,random_or_none,0,sunny,0.314,260,0,0,0,0,0,0,0,holiday,1,97,114
8/22/2025 20:00,97,4,Friday,8,0,1,random_or_none,0,sunny,0.21,260,0,0,0,0,0,0,0,holiday,1,97,95
8/22/2025 21:00,97,4,Friday,8,0,1,random_or_none,3,hot,0.962,260,0,0,0,0,0,0,0,extreme_weather,2,81,89
8/22/2025 22:00,81,4,Friday,8,0,1,random_or_none,0,sunny,0.247,260,0,0,0,0,0,0,0,holiday,1,76,85
8/22/2025 23:00,76,4,Friday,8,0,1,random_or_none,1,rainy,0.275,260,0,0,0,0,0,0,0,holiday,1,68,79
8/23/2025 0:00,68,5,Saturday,8,1,0,random_or_none,4,dusty,0.977,260,0,0,0,0,0,0,0,extreme_weather,2,59,71
8/23/2025 1:00,59,5,Saturday,8,1,0,random_or_none,3,hot,0.526,260,0,0,0,0,0,0,0,normal,0,59,69
8/23/2025 2:00,59,5,Saturday,8,1,0,random_or_none,3,hot,0.633,260,0,0,0,0,0,0,0,normal,0,55,123
8/23/2025 3:00,55,5,Saturday,8,1,0,random_or_none,0,sunny,0.149,260,0,0,0,0,0,0,0,normal,0,57,98
8/23/2025 4:00,57,5,Saturday,8,1,0,random_or_none,3,hot,0.982,260,0,0,0,0,0,0,0,extreme_weather,2,52,78
8/23/2025 5:00,52,5,Saturday,8,1,0,random_or_none,3,hot,0.456,260,0,0,0,0,0,0,0,normal,0,65,67
8/23/2025 6:00,65,5,Saturday,8,1,0,random_or_none,3,hot,0.925,260,0,0,0,0,0,0,0,extreme_weather,2,77,58
8/23/2025 7:00,77,5,Saturday,8,1,0,random_or_none,3,hot,0.783,260,0,0,0,0,0,0,0,extreme_weather,2,80,59
8/23/2025 8:00,80,5,Saturday,8,1,0,random_or_none,3,hot,0.958,260,0,0,0,0,0,0,0,extreme_weather,2,80,65
8/23/2025 9:00,80,5,Saturday,8,1,0,random_or_none,0,sunny,0.268,260,0,0,0,0,0,0,0,normal,0,90,101
8/23/2025 10:00,90,5,Saturday,8,1,0,random_or_none,0,sunny,0.334,260,0,0,0,0,0,0,0,normal,0,90,95
8/23/2025 11:00,90,5,Saturday,8,1,0,random_or_none,3,hot,0.914,260,0,0,0,0,0,0,0,extreme_weather,2,99,105
8/23/2025 12:00,99,5,Saturday,8,1,0,random_or_none,3,hot,0.971,260,0,0,0,0,0,0,0,extreme_weather,2,102,107
8/23/2025 13:00,102,5,Saturday,8,1,0,random_or_none,4,dusty,0.697,260,0,0,0,0,0,0,0,normal,0,107,103
8/23/2025 14:00,107,5,Saturday,8,1,0,random_or_none,5,windy,0.395,260,0,0,0,0,0,0,0,normal,0,103,109
8/23/2025 15:00,103,5,Saturday,8,1,0,random_or_none,0,sunny,0.312,260,0,0,0,0,0,0,0,normal,0,114,107
8/23/2025 16:00,114,5,Saturday,8,1,0,random_or_none,4,dusty,0.654,260,0,0,0,0,0,0,0,normal,0,112,105
8/23/2025 17:00,112,5,Saturday,8,1,0,random_or_none,3,hot,0.453,260,0,0,0,0,0,0,0,normal,0,117,110
8/23/2025 18:00,117,5,Saturday,8,1,0,random_or_none,3,hot,0.926,260,0,0,0,0,0,0,0,extreme_weather,2,114,107
8/23/2025 19:00,114,5,Saturday,8,1,0,random_or_none,3,hot,0.822,260,0,0,0,0,0,0,0,extreme_weather,2,95,107
8/23/2025 20:00,95,5,Saturday,8,1,0,random_or_none,0,sunny,0.324,260,0,0,0,0,0,0,0,normal,0,89,99
8/23/2025 21:00,89,5,Saturday,8,1,0,random_or_none,3,hot,0.451,260,0,0,0,0,0,0,0,normal,0,85,96
8/23/2025 22:00,85,5,Saturday,8,1,0,random_or_none,3,hot,1,260,0,0,0,0,0,0,0,extreme_weather,2,79,81
8/23/2025 23:00,79,5,Saturday,8,1,0,random_or_none,3,hot,0.699,260,0,0,0,0,0,0,0,normal,0,71,79
8/24/2025 0:00,71,6,Sunday,8,1,0,random_or_none,3,hot,1,260,0,0,0,0,0,0,0,extreme_weather,2,69,80
8/24/2025 1:00,69,6,Sunday,8,1,0,random_or_none,3,hot,0.803,260,0,0,0,0,0,0,0,extreme_weather,2,123,75
8/24/2025 2:00,123,6,Sunday,8,1,0,random_or_none,3,hot,0.815,260,0,1,142.66,0,0,0,0,emergency_spike,5,98,72
8/24/2025 3:00,98,6,Sunday,8,1,0,random_or_none,4,dusty,0.913,260,0,0,0,0,0,0,0,extreme_weather,2,78,76
8/24/2025 4:00,78,6,Sunday,8,1,0,random_or_none,3,hot,0.692,260,0,0,0,0,0,0,0,normal,0,67,66
8/24/2025 5:00,67,6,Sunday,8,1,0,random_or_none,3,hot,0.613,260,0,0,0,0,0,0,0,normal,0,58,63
8/24/2025 6:00,58,6,Sunday,8,1,0,random_or_none,0,sunny,0.15,260,0,0,0,0,0,0,0,normal,0,59,71
8/24/2025 7:00,59,6,Sunday,8,1,0,random_or_none,0,sunny,0.086,260,0,0,0,0,0,0,0,normal,0,65,74
8/24/2025 8:00,65,6,Sunday,8,1,0,random_or_none,3,hot,0.747,260,0,0,0,0,0,0,0,normal,0,101,82
8/24/2025 9:00,101,6,Sunday,8,1,0,random_or_none,0,sunny,0.013,260,0,1,56.88,0,0,0,0,emergency_spike,5,95,89
8/24/2025 10:00,95,6,Sunday,8,1,0,random_or_none,0,sunny,0.092,260,0,0,0,0,0,0,0,normal,0,105,162
8/24/2025 11:00,105,6,Sunday,8,1,0,random_or_none,3,hot,0.943,260,0,0,0,0,0,0,0,extreme_weather,2,107,203
8/24/2025 12:00,107,6,Sunday,8,1,0,random_or_none,3,hot,1,260,0,0,0,0,0,0,0,extreme_weather,2,103,160
8/24/2025 13:00,103,6,Sunday,8,1,0,random_or_none,0,sunny,0.269,260,0,0,0,0,0,0,0,normal,0,109,142
8/24/2025 14:00,109,6,Sunday,8,1,0,random_or_none,3,hot,0.716,260,0,0,0,0,0,0,0,normal,0,107,137
8/24/2025 15:00,107,6,Sunday,8,1,0,random_or_none,3,hot,0.64,260,0,0,0,0,0,0,0,normal,0,105,134
8/24/2025 16:00,105,6,Sunday,8,1,0,random_or_none,3,hot,0.398,260,0,0,0,0,0,0,0,normal,0,110,135
8/24/2025 17:00,110,6,Sunday,8,1,0,random_or_none,3,hot,1,260,0,0,0,0,0,0,0,extreme_weather,2,107,146
8/24/2025 18:00,107,6,Sunday,8,1,0,random_or_none,4,dusty,0.527,260,0,0,0,0,0,0,0,normal,0,107,171
8/24/2025 19:00,107,6,Sunday,8,1,0,random_or_none,1,rainy,0.419,260,0,0,0,0,0,0,0,normal,0,99,154
8/24/2025 20:00,99,6,Sunday,8,1,0,random_or_none,3,hot,0.611,260,0,0,0,0,0,0,0,normal,0,96,171
8/24/2025 21:00,96,6,Sunday,8,1,0,random_or_none,3,hot,0.839,260,0,0,0,0,0,0,0,extreme_weather,2,81,141
8/24/2025 22:00,81,6,Sunday,8,1,0,random_or_none,3,hot,0.462,260,0,0,0,0,0,0,0,normal,0,79,113
8/24/2025 23:00,79,6,Sunday,8,1,0,random_or_none,4,dusty,0.843,260,0,0,0,0,0,0,0,extreme_weather,2,80,96
8/25/2025 0:00,80,0,Monday,8,0,0,random_or_none,3,hot,0.893,260,0,0,0,0,0,0,0,extreme_weather,2,75,178
8/25/2025 1:00,75,0,Monday,8,0,0,random_or_none,3,hot,0.404,260,0,0,0,0,0,0,0,normal,0,72,122
8/25/2025 2:00,72,0,Monday,8,0,0,random_or_none,4,dusty,0.543,260,0,0,0,0,0,0,0,normal,0,76,102
8/25/2025 3:00,76,0,Monday,8,0,0,random_or_none,4,dusty,0.886,260,0,0,0,0,0,0,0,extreme_weather,2,66,84
8/25/2025 4:00,66,0,Monday,8,0,0,random_or_none,3,hot,0.28,260,0,0,0,0,0,0,0,normal,0,63,73
8/25/2025 5:00,63,0,Monday,8,0,0,random_or_none,0,sunny,0.034,260,0,0,0,0,0,0,0,normal,0,71,77
8/25/2025 6:00,71,0,Monday,8,0,0,random_or_none,0,sunny,0.206,260,0,0,0,0,0,0,0,normal,0,74,82
8/25/2025 7:00,74,0,Monday,8,0,0,random_or_none,1,rainy,0.25,260,0,0,0,0,0,0,0,normal,0,82,86
8/25/2025 8:00,82,0,Monday,8,0,0,random_or_none,3,hot,0.528,260,0,0,0,0,0,0,0,normal,0,89,87
8/25/2025 9:00,89,0,Monday,8,0,0,random_or_none,0,sunny,0.141,260,0,0,0,0,0,0,0,normal,0,162,94
8/25/2025 10:00,162,0,Monday,8,0,0,random_or_none,3,hot,0.795,260,0,1,137,0,0,0,0,emergency_spike,5,203,106
8/25/2025 11:00,203,0,Monday,8,0,0,random_or_none,4,dusty,0.884,260,0,1,129.28,0,0,0,0,emergency_spike,5,160,109
8/25/2025 12:00,160,0,Monday,8,0,0,random_or_none,0,sunny,0.226,260,0,0,0,0,0,0,0,normal,0,142,115
8/25/2025 13:00,142,0,Monday,8,0,0,random_or_none,0,sunny,0.33,260,0,0,0,0,0,0,0,normal,0,137,115
8/25/2025 14:00,137,0,Monday,8,0,0,random_or_none,0,sunny,0.139,260,0,0,0,0,0,0,0,normal,0,134,116
8/25/2025 15:00,134,0,Monday,8,0,0,random_or_none,0,sunny,0.273,260,0,0,0,0,0,0,0,normal,0,135,168
8/25/2025 16:00,135,0,Monday,8,0,0,random_or_none,4,dusty,1,260,0,0,0,0,0,0,0,extreme_weather,2,146,150
8/25/2025 17:00,146,0,Monday,8,0,0,random_or_none,4,dusty,0.651,260,0,0,0,0,0,0,0,normal,0,171,139
8/25/2025 18:00,171,0,Monday,8,0,0,random_or_none,4,dusty,0.867,260,0,1,63.52,0,0,0,0,emergency_spike,5,154,131
8/25/2025 19:00,154,0,Monday,8,0,0,random_or_none,3,hot,1,260,0,0,0,0,0,0,0,extreme_weather,2,171,120
8/25/2025 20:00,171,0,Monday,8,0,0,random_or_none,3,hot,0.364,260,0,1,74,0,0,0,0,emergency_spike,5,141,123
8/25/2025 21:00,141,0,Monday,8,0,0,random_or_none,4,dusty,0.469,260,0,0,0,0,0,0,0,normal,0,113,112
8/25/2025 22:00,113,0,Monday,8,0,0,random_or_none,3,hot,0.675,260,0,0,0,0,0,0,0,normal,0,96,104
8/25/2025 23:00,96,0,Monday,8,0,0,random_or_none,0,sunny,0.155,260,0,0,0,0,0,0,0,normal,0,178,126
8/26/2025 0:00,178,1,Tuesday,8,0,0,random_or_none,3,hot,0.884,260,0,1,193.28,0,0,0,0,emergency_spike,5,122,98
8/26/2025 1:00,122,1,Tuesday,8,0,0,random_or_none,3,hot,0.36,260,0,0,0,0,0,0,0,normal,0,102,89
8/26/2025 2:00,102,1,Tuesday,8,0,0,random_or_none,4,dusty,0.896,260,0,0,0,0,0,0,0,extreme_weather,2,84,76
8/26/2025 3:00,84,1,Tuesday,8,0,0,random_or_none,3,hot,0.517,260,0,0,0,0,0,0,0,normal,0,73,74
8/26/2025 4:00,73,1,Tuesday,8,0,0,random_or_none,2,cold,0.411,260,0,0,0,0,0,0,0,normal,0,77,65
8/26/2025 5:00,77,1,Tuesday,8,0,0,random_or_none,3,hot,0.883,260,0,0,0,0,0,0,0,extreme_weather,2,82,75
8/26/2025 6:00,82,1,Tuesday,8,0,0,random_or_none,4,dusty,0.707,260,0,0,0,0,0,0,0,normal,0,86,76
8/26/2025 7:00,86,1,Tuesday,8,0,0,random_or_none,3,hot,0.527,260,0,0,0,0,0,0,0,normal,0,87,78
8/26/2025 8:00,87,1,Tuesday,8,0,0,random_or_none,0,sunny,0.058,260,0,0,0,0,0,0,0,normal,0,94,92
8/26/2025 9:00,94,1,Tuesday,8,0,0,random_or_none,3,hot,0.738,260,0,0,0,0,0,0,0,normal,0,106,99
8/26/2025 10:00,106,1,Tuesday,8,0,0,random_or_none,1,rainy,0.824,260,0,0,0,0,0,0,0,extreme_weather,2,109,126
8/26/2025 11:00,109,1,Tuesday,8,0,0,random_or_none,4,dusty,0.633,260,0,0,0,0,0,0,0,normal,0,115,206
8/26/2025 12:00,115,1,Tuesday,8,0,0,random_or_none,3,hot,1,260,0,0,0,0,0,0,0,extreme_weather,2,115,168
8/26/2025 13:00,115,1,Tuesday,8,0,0,random_or_none,3,hot,0.389,260,0,0,0,0,0,0,0,normal,0,116,159
8/26/2025 14:00,116,1,Tuesday,8,0,0,random_or_none,0,sunny,0.233,260,0,0,0,0,0,0,0,normal,0,168,146
8/26/2025 15:00,168,1,Tuesday,8,0,0,random_or_none,3,hot,0.687,260,0,1,106.16,0,0,0,0,emergency_spike,5,150,141
8/26/2025 16:00,150,1,Tuesday,8,0,0,random_or_none,3,hot,0.789,260,0,0,0,0,0,0,0,extreme_weather,2,139,129
8/26/2025 17:00,139,1,Tuesday,8,0,0,random_or_none,4,dusty,0.869,260,0,0,0,0,0,0,0,extreme_weather,2,131,125
8/26/2025 18:00,131,1,Tuesday,8,0,0,random_or_none,0,sunny,0.314,260,0,0,0,0,0,0,0,normal,0,120,118
8/26/2025 19:00,120,1,Tuesday,8,0,0,random_or_none,0,sunny,0.058,260,0,0,0,0,0,0,0,normal,0,123,115
8/26/2025 20:00,123,1,Tuesday,8,0,0,random_or_none,3,hot,0.698,260,0,0,0,0,0,0,0,normal,0,112,116
8/26/2025 21:00,112,1,Tuesday,8,0,0,random_or_none,3,hot,0.686,260,0,0,0,0,0,0,0,normal,0,104,110
8/26/2025 22:00,104,1,Tuesday,8,0,0,random_or_none,3,hot,0.324,260,0,0,0,0,0,0,0,normal,0,126,99
8/26/2025 23:00,126,1,Tuesday,8,0,0,random_or_none,0,sunny,0.256,260,0,1,85.92,0,0,0,0,emergency_spike,5,98,91
8/27/2025 0:00,98,2,Wednesday,8,0,0,random_or_none,0,sunny,0.152,260,0,0,0,0,0,0,0,normal,0,89,79
8/27/2025 1:00,89,2,Wednesday,8,0,0,random_or_none,3,hot,0.733,260,0,0,0,0,0,0,0,normal,0,76,72
8/27/2025 2:00,76,2,Wednesday,8,0,0,random_or_none,0,sunny,0.293,260,0,0,0,0,0,0,0,normal,0,74,66
8/27/2025 3:00,74,2,Wednesday,8,0,0,random_or_none,3,hot,0.554,260,0,0,0,0,0,0,0,normal,0,65,64
8/27/2025 4:00,65,2,Wednesday,8,0,0,random_or_none,0,sunny,0.23,260,0,0,0,0,0,0,0,normal,0,75,70
8/27/2025 5:00,75,2,Wednesday,8,0,0,random_or_none,3,hot,1,260,0,0,0,0,0,0,0,extreme_weather,2,76,74
8/27/2025 6:00,76,2,Wednesday,8,0,0,random_or_none,3,hot,0.573,260,0,0,0,0,0,0,0,normal,0,78,80
8/27/2025 7:00,78,2,Wednesday,8,0,0,random_or_none,0,sunny,0.14,260,0,0,0,0,0,0,0,normal,0,92,74
8/27/2025 8:00,92,2,Wednesday,8,0,0,random_or_none,5,windy,0.715,260,0,0,0,0,0,0,0,normal,0,99,80
8/27/2025 9:00,99,2,Wednesday,8,0,0,random_or_none,3,hot,0.893,260,0,0,0,0,0,0,0,extreme_weather,2,126,82
8/27/2025 10:00,126,2,Wednesday,8,0,0,random_or_none,0,sunny,0.17,260,0,1,64.7,0,0,0,0,emergency_spike,5,206,91
8/27/2025 11:00,206,2,Wednesday,8,0,0,random_or_none,3,hot,1,260,0,1,174.31,0,0,0,0,emergency_spike,5,168,93
8/27/2025 12:00,168,2,Wednesday,8,0,0,random_or_none,0,sunny,0.131,260,0,0,0,0,0,0,0,normal,0,159,101
8/27/2025 13:00,159,2,Wednesday,8,0,0,random_or_none,3,hot,0.706,260,0,0,0,0,0,0,0,normal,0,146,104
8/27/2025 14:00,146,2,Wednesday,8,0,0,random_or_none,3,hot,1,260,0,0,0,0,0,0,0,extreme_weather,2,141,123
8/27/2025 15:00,141,2,Wednesday,8,0,0,random_or_none,0,sunny,0.273,260,0,0,0,0,0,0,0,normal,0,129,202
8/27/2025 16:00,129,2,Wednesday,8,0,0,random_or_none,3,hot,0.908,260,0,0,0,0,0,0,0,extreme_weather,2,125,177
8/27/2025 17:00,125,2,Wednesday,8,0,0,random_or_none,3,hot,0.885,260,0,0,0,0,0,0,0,extreme_weather,2,118,152
8/27/2025 18:00,118,2,Wednesday,8,0,0,random_or_none,0,sunny,0.05,260,0,0,0,0,0,0,0,normal,0,115,132
8/27/2025 19:00,115,2,Wednesday,8,0,0,random_or_none,2,cold,0.509,260,0,0,0,0,0,0,0,normal,0,116,123
8/27/2025 20:00,116,2,Wednesday,8,0,0,random_or_none,4,dusty,0.52,260,0,0,0,0,0,0,0,normal,0,110,113
8/27/2025 21:00,110,2,Wednesday,8,0,0,random_or_none,3,hot,1,260,0,0,0,0,0,0,0,extreme_weather,2,99,107
8/27/2025 22:00,99,2,Wednesday,8,0,0,random_or_none,3,hot,0.539,260,0,0,0,0,0,0,0,normal,0,91,98
8/27/2025 23:00,91,2,Wednesday,8,0,0,random_or_none,4,dusty,0.846,260,0,0,0,0,0,0,0,extreme_weather,2,79,87
8/28/2025 0:00,79,3,Thursday,8,0,0,random_or_none,4,dusty,0.444,260,0,0,0,0,0,0,0,normal,0,72,75
8/28/2025 1:00,72,3,Thursday,8,0,0,random_or_none,5,windy,0.587,260,0,0,0,0,0,0,0,normal,0,66,83
8/28/2025 2:00,66,3,Thursday,8,0,0,random_or_none,0,sunny,0.326,260,0,0,0,0,0,0,0,normal,0,64,75
8/28/2025 3:00,64,3,Thursday,8,0,0,random_or_none,3,hot,1,260,0,0,0,0,0,0,0,extreme_weather,2,70,74
8/28/2025 4:00,70,3,Thursday,8,0,0,random_or_none,3,hot,0.338,260,0,0,0,0,0,0,0,normal,0,74,68
8/28/2025 5:00,74,3,Thursday,8,0,0,random_or_none,3,hot,0.593,260,0,0,0,0,0,0,0,normal,0,80,73
8/28/2025 6:00,80,3,Thursday,8,0,0,random_or_none,3,hot,1,260,0,0,0,0,0,0,0,extreme_weather,2,74,86
8/28/2025 7:00,74,3,Thursday,8,0,0,random_or_none,0,sunny,0.073,260,0,0,0,0,0,0,0,normal,0,80,85
8/28/2025 8:00,80,3,Thursday,8,0,0,random_or_none,0,sunny,0.04,260,0,0,0,0,0,0,0,normal,0,82,94
8/28/2025 9:00,82,3,Thursday,8,0,0,random_or_none,0,sunny,0.234,260,0,0,0,0,0,0,0,normal,0,91,93
8/28/2025 10:00,91,3,Thursday,8,0,0,random_or_none,3,hot,0.52,260,0,0,0,0,0,0,0,normal,0,93,104
8/28/2025 11:00,93,3,Thursday,8,0,0,random_or_none,0,sunny,0.251,260,0,0,0,0,0,0,0,normal,0,101,116
8/28/2025 12:00,101,3,Thursday,8,0,0,random_or_none,0,sunny,0.082,260,0,0,0,0,0,0,0,normal,0,104,118
8/28/2025 13:00,104,3,Thursday,8,0,0,random_or_none,3,hot,0.47,260,0,0,0,0,0,0,0,normal,0,123,128
8/28/2025 14:00,123,3,Thursday,8,0,0,random_or_none,4,dusty,0.86,260,0,0,0,0,0,0,0,extreme_weather,2,202,220
8/28/2025 15:00,202,3,Thursday,8,0,0,random_or_none,3,hot,0.962,260,0,1,168.65,0,0,0,0,emergency_spike,5,177,179
8/28/2025 16:00,177,3,Thursday,8,0,0,random_or_none,4,dusty,0.982,260,0,0,0,0,0,0,0,extreme_weather,2,152,151
8/28/2025 17:00,152,3,Thursday,8,0,0,random_or_none,3,hot,0.358,260,0,0,0,0,0,0,0,normal,0,132,142
8/28/2025 18:00,132,3,Thursday,8,0,0,random_or_none,3,hot,0.566,260,0,0,0,0,0,0,0,normal,0,123,191
8/28/2025 19:00,123,3,Thursday,8,0,0,random_or_none,0,sunny,0.329,260,0,0,0,0,0,0,0,normal,0,113,159
8/28/2025 20:00,113,3,Thursday,8,0,0,random_or_none,0,sunny,0.105,260,0,0,0,0,0,0,0,normal,0,107,130
8/28/2025 21:00,107,3,Thursday,8,0,0,random_or_none,3,hot,1,260,0,0,0,0,0,0,0,extreme_weather,2,98,116
8/28/2025 22:00,98,3,Thursday,8,0,0,random_or_none,4,dusty,0.623,260,0,0,0,0,0,0,0,normal,0,87,110
8/28/2025 23:00,87,3,Thursday,8,0,0,random_or_none,0,sunny,0.16,260,0,0,0,0,0,0,0,normal,0,75,99
8/29/2025 0:00,75,4,Friday,8,0,0,random_or_none,0,sunny,0.074,260,0,0,0,0,0,0,0,normal,0,83,75
8/29/2025 1:00,83,4,Friday,8,0,0,random_or_none,3,hot,0.414,260,0,0,0,0,0,0,0,normal,0,75,101
8/29/2025 2:00,75,4,Friday,8,0,0,random_or_none,5,windy,0.435,260,0,0,0,0,0,0,0,normal,0,74,86
8/29/2025 3:00,74,4,Friday,8,0,0,random_or_none,3,hot,0.938,260,0,0,0,0,0,0,0,extreme_weather,2,68,69
8/29/2025 4:00,68,4,Friday,8,0,0,random_or_none,4,dusty,0.867,260,0,0,0,0,0,0,0,extreme_weather,2,73,60
8/29/2025 5:00,73,4,Friday,8,0,0,random_or_none,4,dusty,0.701,260,0,0,0,0,0,0,0,normal,0,86,60
8/29/2025 6:00,86,4,Friday,8,0,0,random_or_none,4,dusty,0.984,260,0,0,0,0,0,0,0,extreme_weather,2,85,65
8/29/2025 7:00,85,4,Friday,8,0,0,random_or_none,0,sunny,0.313,260,0,0,0,0,0,0,0,normal,0,94,66
8/29/2025 8:00,94,4,Friday,8,0,0,random_or_none,3,hot,0.736,260,0,0,0,0,0,0,0,normal,0,93,66
8/29/2025 9:00,93,4,Friday,8,0,0,random_or_none,3,hot,0.887,260,0,0,0,0,0,0,0,extreme_weather,2,104,73
8/29/2025 10:00,104,4,Friday,8,0,0,random_or_none,3,hot,0.556,260,0,0,0,0,0,0,0,normal,0,116,103
8/29/2025 11:00,116,4,Friday,8,0,0,random_or_none,3,hot,0.817,260,0,0,0,0,0,0,0,extreme_weather,2,118,96
8/29/2025 12:00,118,4,Friday,8,0,0,random_or_none,3,hot,0.41,260,0,0,0,0,0,0,0,normal,0,128,97
8/29/2025 13:00,128,4,Friday,8,0,0,random_or_none,3,hot,0.756,260,0,0,0,0,0,0,0,extreme_weather,2,220,99
8/29/2025 14:00,220,4,Friday,8,0,0,random_or_none,3,hot,0.677,260,0,1,194.94,0,0,0,0,emergency_spike,5,179,102
8/29/2025 15:00,179,4,Friday,8,0,0,random_or_none,1,rainy,0.716,260,0,0,0,0,0,0,0,normal,0,151,104
8/29/2025 16:00,151,4,Friday,8,0,0,random_or_none,3,hot,0.838,260,0,0,0,0,0,0,0,extreme_weather,2,142,126
8/29/2025 17:00,142,4,Friday,8,0,0,random_or_none,3,hot,0.408,260,0,0,0,0,0,0,0,normal,0,191,120
8/29/2025 18:00,191,4,Friday,8,0,0,random_or_none,3,hot,0.761,260,0,1,119.7,0,0,0,0,emergency_spike,5,159,120
8/29/2025 19:00,159,4,Friday,8,0,0,random_or_none,4,dusty,0.71,260,0,0,0,0,0,0,0,normal,0,130,106
8/29/2025 20:00,130,4,Friday,8,0,0,random_or_none,5,windy,0.334,260,0,0,0,0,0,0,0,normal,0,116,103
8/29/2025 21:00,116,4,Friday,8,0,0,random_or_none,4,dusty,0.876,260,0,0,0,0,0,0,0,extreme_weather,2,110,93
8/29/2025 22:00,110,4,Friday,8,0,0,random_or_none,1,rainy,0.874,260,0,0,0,0,0,0,0,extreme_weather,2,99,78
8/29/2025 23:00,99,4,Friday,8,0,0,random_or_none,3,hot,0.904,260,0,0,0,0,0,0,0,extreme_weather,2,75,74
8/30/2025 0:00,75,5,Saturday,8,1,0,random_or_none,3,hot,0.357,260,0,0,0,0,0,0,0,normal,0,101,61
8/30/2025 1:00,101,5,Saturday,8,1,0,random_or_none,1,rainy,0.585,260,0,1,72.98,0,0,0,0,emergency_spike,5,86,58
8/30/2025 2:00,86,5,Saturday,8,1,0,random_or_none,3,hot,0.742,260,0,0,0,0,0,0,0,normal,0,69,60
8/30/2025 3:00,69,5,Saturday,8,1,0,random_or_none,3,hot,1,260,0,0,0,0,0,0,0,extreme_weather,2,60,56
8/30/2025 4:00,60,5,Saturday,8,1,0,random_or_none,3,hot,0.633,260,0,0,0,0,0,0,0,normal,0,60,52
8/30/2025 5:00,60,5,Saturday,8,1,0,random_or_none,3,hot,0.984,260,0,0,0,0,0,0,0,extreme_weather,2,65,53
8/30/2025 6:00,65,5,Saturday,8,1,0,random_or_none,3,hot,1,260,0,0,0,0,0,0,0,extreme_weather,2,66,51
8/30/2025 7:00,66,5,Saturday,8,1,0,random_or_none,3,hot,0.552,260,0,0,0,0,0,0,0,normal,0,66,54
8/30/2025 8:00,66,5,Saturday,8,1,0,random_or_none,0,sunny,0.04,260,0,0,0,0,0,0,0,normal,0,73,66
8/30/2025 9:00,73,5,Saturday,8,1,0,random_or_none,3,hot,0.286,260,0,0,0,0,0,0,0,normal,0,103,77
8/30/2025 10:00,103,5,Saturday,8,1,0,random_or_none,0,sunny,0.002,260,0,1,55.96,0,0,0,0,emergency_spike,5,96,74
8/30/2025 11:00,96,5,Saturday,8,1,0,random_or_none,0,sunny,0.118,260,0,0,0,0,0,0,0,normal,0,97,88
8/30/2025 12:00,97,5,Saturday,8,1,0,random_or_none,5,windy,0.26,260,0,0,0,0,0,0,0,normal,0,99,95
8/30/2025 13:00,99,5,Saturday,8,1,0,random_or_none,3,hot,1,260,0,0,0,0,0,0,0,extreme_weather,2,102,104
8/30/2025 14:00,102,5,Saturday,8,1,0,random_or_none,3,hot,0.648,260,0,0,0,0,0,0,0,normal,0,104,111
8/30/2025 15:00,104,5,Saturday,8,1,0,random_or_none,3,hot,1,260,0,0,0,0,0,0,0,extreme_weather,2,126,106
8/30/2025 16:00,126,5,Saturday,8,1,0,random_or_none,0,sunny,0.228,260,0,1,44.03,0,0,0,0,emergency_spike,5,120,107
8/30/2025 17:00,120,5,Saturday,8,1,0,random_or_none,0,sunny,0.089,260,0,0,0,0,0,0,0,normal,0,120,114
8/30/2025 18:00,120,5,Saturday,8,1,0,random_or_none,3,hot,1,260,0,0,0,0,0,0,0,extreme_weather,2,106,107
8/30/2025 19:00,106,5,Saturday,8,1,0,random_or_none,0,sunny,0.326,260,0,0,0,0,0,0,0,normal,0,103,99
8/30/2025 20:00,103,5,Saturday,8,1,0,random_or_none,3,hot,0.764,260,0,0,0,0,0,0,0,extreme_weather,2,93,98
8/30/2025 21:00,93,5,Saturday,8,1,0,random_or_none,0,sunny,0.139,260,0,0,0,0,0,0,0,normal,0,78,89
8/30/2025 22:00,78,5,Saturday,8,1,0,random_or_none,3,hot,0.302,260,0,0,0,0,0,0,0,normal,0,74,81
8/30/2025 23:00,74,5,Saturday,8,1,0,random_or_none,3,hot,0.582,260,0,0,0,0,0,0,0,normal,0,61,76
8/31/2025 0:00,61,6,Sunday,8,1,0,random_or_none,0,sunny,0.175,260,0,0,0,0,0,0,0,normal,0,58,68
8/31/2025 1:00,58,6,Sunday,8,1,0,random_or_none,3,hot,0.913,260,0,0,0,0,0,0,0,extreme_weather,2,60,66
8/31/2025 2:00,60,6,Sunday,8,1,0,random_or_none,1,rainy,0.93,260,0,0,0,0,0,0,0,extreme_weather,2,56,65
8/31/2025 3:00,56,6,Sunday,8,1,0,random_or_none,3,hot,0.372,260,0,0,0,0,0,0,0,normal,0,52,71
8/31/2025 4:00,52,6,Sunday,8,1,0,random_or_none,0,sunny,0.252,260,0,0,0,0,0,0,0,normal,0,53,79
8/31/2025 5:00,53,6,Sunday,8,1,0,random_or_none,0,sunny,0.295,260,0,0,0,0,0,0,0,normal,0,51,73
8/31/2025 6:00,51,6,Sunday,8,1,0,random_or_none,0,sunny,0.298,260,0,0,0,0,0,0,0,normal,0,54,71
8/31/2025 7:00,54,6,Sunday,8,1,0,random_or_none,0,sunny,0.036,260,0,0,0,0,0,0,0,normal,0,66,69
8/31/2025 8:00,66,6,Sunday,8,1,0,random_or_none,5,windy,0.831,260,0,0,0,0,0,0,0,extreme_weather,2,77,69
8/31/2025 9:00,77,6,Sunday,8,1,0,random_or_none,4,dusty,0.948,260,0,0,0,0,0,0,0,extreme_weather,2,74,85
8/31/2025 10:00,74,6,Sunday,8,1,0,random_or_none,0,sunny,0.341,260,0,0,0,0,0,0,0,normal,0,88,93
8/31/2025 11:00,88,6,Sunday,8,1,0,random_or_none,3,hot,0.823,260,0,0,0,0,0,0,0,extreme_weather,2,95,107
8/31/2025 12:00,95,6,Sunday,8,1,0,random_or_none,3,hot,0.481,260,0,0,0,0,0,0,0,normal,0,104,109
8/31/2025 13:00,104,6,Sunday,8,1,0,random_or_none,3,hot,0.539,260,0,0,0,0,0,0,0,normal,0,111,125
8/31/2025 14:00,111,6,Sunday,8,1,0,random_or_none,3,hot,0.351,260,0,0,0,0,0,0,0,normal,0,106,135
8/31/2025 15:00,106,6,Sunday,8,1,0,random_or_none,0,sunny,0.157,260,0,0,0,0,0,0,0,normal,0,107,123
8/31/2025 16:00,107,6,Sunday,8,1,0,random_or_none,0,sunny,0.248,260,0,0,0,0,0,0,0,normal,0,114,119
8/31/2025 17:00,114,6,Sunday,8,1,0,random_or_none,3,hot,0.788,260,0,0,0,0,0,0,0,extreme_weather,2,107,123
8/31/2025 18:00,107,6,Sunday,8,1,0,random_or_none,4,dusty,0.786,260,0,0,0,0,0,0,0,extreme_weather,2,99,136
8/31/2025 19:00,99,6,Sunday,8,1,0,random_or_none,3,hot,0.474,260,0,0,0,0,0,0,0,normal,0,98,123
8/31/2025 20:00,98,6,Sunday,8,1,0,random_or_none,4,dusty,0.495,260,0,0,0,0,0,0,0,normal,0,89,112
8/31/2025 21:00,89,6,Sunday,8,1,0,random_or_none,5,windy,0.185,260,0,0,0,0,0,0,0,normal,0,81,106
8/31/2025 22:00,81,6,Sunday,8,1,0,random_or_none,3,hot,0.68,260,0,0,0,0,0,0,0,normal,0,76,95
8/31/2025 23:00,76,6,Sunday,8,1,0,random_or_none,3,hot,0.295,260,0,0,0,0,0,0,0,normal,0,68,87
9/1/2025 0:00,68,0,Monday,9,0,0,random_or_none,0,sunny,0.21,260,0,0,0,0,0,0,0,normal,0,66,75
9/1/2025 1:00,66,0,Monday,9,0,0,random_or_none,0,sunny,0.101,260,0,0,0,0,0,0,0,normal,0,65,75
9/1/2025 2:00,65,0,Monday,9,0,0,random_or_none,0,sunny,0.273,260,0,0,0,0,0,0,0,normal,0,71,67
9/1/2025 3:00,71,0,Monday,9,0,0,random_or_none,3,hot,0.888,260,0,0,0,0,0,0,0,extreme_weather,2,79,58
9/1/2025 4:00,79,0,Monday,9,0,0,random_or_none,4,dusty,0.513,260,0,0,0,0,0,0,0,normal,0,73,60
9/1/2025 5:00,73,0,Monday,9,0,0,random_or_none,3,hot,0.197,260,0,0,0,0,0,0,0,normal,0,71,68
9/1/2025 6:00,71,0,Monday,9,0,0,random_or_none,0,sunny,0.163,260,0,0,0,0,0,0,0,normal,0,69,67
9/1/2025 7:00,69,0,Monday,9,0,0,random_or_none,0,sunny,0.064,260,0,0,0,0,0,0,0,normal,0,69,66
9/1/2025 8:00,69,0,Monday,9,0,0,random_or_none,0,sunny,0.172,260,0,0,0,0,0,0,0,normal,0,85,74
9/1/2025 9:00,85,0,Monday,9,0,0,random_or_none,0,sunny,0.004,260,0,0,0,0,0,0,0,normal,0,93,73
9/1/2025 10:00,93,0,Monday,9,0,0,random_or_none,0,sunny,0.321,260,0,0,0,0,0,0,0,normal,0,107,97
9/1/2025 11:00,107,0,Monday,9,0,0,random_or_none,3,hot,0.74,260,0,0,0,0,0,0,0,normal,0,109,102
9/1/2025 12:00,109,0,Monday,9,0,0,random_or_none,0,sunny,0.055,260,0,0,0,0,0,0,0,normal,0,125,112
9/1/2025 13:00,125,0,Monday,9,0,0,random_or_none,4,dusty,0.914,260,0,0,0,0,0,0,0,extreme_weather,2,135,117
9/1/2025 14:00,135,0,Monday,9,0,0,random_or_none,1,rainy,0.535,260,0,0,0,0,0,0,0,normal,0,123,120
9/1/2025 15:00,123,0,Monday,9,0,0,random_or_none,0,sunny,0.208,260,0,0,0,0,0,0,0,normal,0,119,115
9/1/2025 16:00,119,0,Monday,9,0,0,random_or_none,0,sunny,0.269,260,0,0,0,0,0,0,0,normal,0,123,119
9/1/2025 17:00,123,0,Monday,9,0,0,random_or_none,0,sunny,0.114,260,0,0,0,0,0,0,0,normal,0,136,119
9/1/2025 18:00,136,0,Monday,9,0,0,random_or_none,0,sunny,0.212,260,0,1,36.18,0,0,0,0,emergency_spike,5,123,121
9/1/2025 19:00,123,0,Monday,9,0,0,random_or_none,0,sunny,0.159,260,0,0,0,0,0,0,0,normal,0,112,111
9/1/2025 20:00,112,0,Monday,9,0,0,random_or_none,5,windy,0.384,260,0,0,0,0,0,0,0,normal,0,106,115
9/1/2025 21:00,106,0,Monday,9,0,0,random_or_none,4,dusty,0.533,260,0,0,0,0,0,0,0,normal,0,95,103
9/1/2025 22:00,95,0,Monday,9,0,0,random_or_none,4,dusty,0.559,260,0,0,0,0,0,0,0,normal,0,87,90
9/1/2025 23:00,87,0,Monday,9,0,0,random_or_none,4,dusty,0.923,260,0,0,0,0,0,0,0,extreme_weather,2,75,76
9/2/2025 0:00,75,1,Tuesday,9,0,0,random_or_none,0,sunny,0.302,260,0,0,0,0,0,0,0,normal,0,75,63
9/2/2025 1:00,75,1,Tuesday,9,0,0,random_or_none,1,rainy,0.697,260,0,0,0,0,0,0,0,normal,0,67,64
9/2/2025 2:00,67,1,Tuesday,9,0,0,random_or_none,0,sunny,0.112,260,0,0,0,0,0,0,0,normal,0,58,133
9/2/2025 3:00,58,1,Tuesday,9,0,0,random_or_none,0,sunny,0.347,260,0,0,0,0,0,0,0,normal,0,60,102
9/2/2025 4:00,60,1,Tuesday,9,0,0,random_or_none,3,hot,0.596,260,0,0,0,0,0,0,0,normal,0,68,83
9/2/2025 5:00,68,1,Tuesday,9,0,0,random_or_none,4,dusty,0.767,260,0,0,0,0,0,0,0,extreme_weather,2,67,75
9/2/2025 6:00,67,1,Tuesday,9,0,0,random_or_none,1,rainy,0.336,260,0,0,0,0,0,0,0,normal,0,66,81
9/2/2025 7:00,66,1,Tuesday,9,0,0,random_or_none,0,sunny,0.063,260,0,0,0,0,0,0,0,normal,0,74,84
9/2/2025 8:00,74,1,Tuesday,9,0,0,random_or_none,0,sunny,0.296,260,0,0,0,0,0,0,0,normal,0,73,90
9/2/2025 9:00,73,1,Tuesday,9,0,0,random_or_none,0,sunny,0.2,260,0,0,0,0,0,0,0,normal,0,97,164
9/2/2025 10:00,97,1,Tuesday,9,0,0,random_or_none,4,dusty,0.602,260,0,0,0,0,0,0,0,normal,0,102,141
9/2/2025 11:00,102,1,Tuesday,9,0,0,random_or_none,0,sunny,0.044,260,0,0,0,0,0,0,0,normal,0,112,131
9/2/2025 12:00,112,1,Tuesday,9,0,0,random_or_none,0,sunny,0.287,260,0,0,0,0,0,0,0,normal,0,117,116
9/2/2025 13:00,117,1,Tuesday,9,0,0,random_or_none,0,sunny,0.301,260,0,0,0,0,0,0,0,normal,0,120,115
9/2/2025 14:00,120,1,Tuesday,9,0,0,random_or_none,3,hot,0.923,260,0,0,0,0,0,0,0,extreme_weather,2,115,121
9/2/2025 15:00,115,1,Tuesday,9,0,0,random_or_none,0,sunny,0.227,260,0,0,0,0,0,0,0,normal,0,119,116
9/2/2025 16:00,119,1,Tuesday,9,0,0,random_or_none,0,sunny,0.119,260,0,0,0,0,0,0,0,normal,0,119,115
9/2/2025 17:00,119,1,Tuesday,9,0,0,random_or_none,0,sunny,0.13,260,0,0,0,0,0,0,0,normal,0,121,109
9/2/2025 18:00,121,1,Tuesday,9,0,0,random_or_none,0,sunny,0.179,260,0,0,0,0,0,0,0,normal,0,111,106
9/2/2025 19:00,111,1,Tuesday,9,0,0,random_or_none,0,sunny,0.032,260,0,0,0,0,0,0,0,normal,0,115,167
9/2/2025 20:00,115,1,Tuesday,9,0,0,random_or_none,2,cold,0.83,260,0,0,0,0,0,0,0,extreme_weather,2,103,133
9/2/2025 21:00,103,1,Tuesday,9,0,0,random_or_none,0,sunny,0.241,260,0,0,0,0,0,0,0,normal,0,90,102
9/2/2025 22:00,90,1,Tuesday,9,0,0,random_or_none,0,sunny,0.267,260,0,0,0,0,0,0,0,normal,0,76,88
9/2/2025 23:00,76,1,Tuesday,9,0,0,random_or_none,0,sunny,0.174,260,0,0,0,0,0,0,0,normal,0,63,83
9/3/2025 0:00,63,2,Wednesday,9,0,0,random_or_none,0,sunny,0.332,260,0,0,0,0,0,0,0,normal,0,64,72
9/3/2025 1:00,64,2,Wednesday,9,0,0,random_or_none,0,sunny,0.18,260,0,0,0,0,0,0,0,normal,0,133,63
9/3/2025 2:00,133,2,Wednesday,9,0,0,random_or_none,2,cold,0.407,260,0,1,150.09,0,0,0,0,emergency_spike,5,102,66
9/3/2025 3:00,102,2,Wednesday,9,0,0,random_or_none,5,windy,0.206,260,0,0,0,0,0,0,0,normal,0,83,61
9/3/2025 4:00,83,2,Wednesday,9,0,0,random_or_none,3,hot,0.442,260,0,0,0,0,0,0,0,normal,0,75,56
9/3/2025 5:00,75,2,Wednesday,9,0,0,random_or_none,0,sunny,0.273,260,0,0,0,0,0,0,0,normal,0,81,66
9/3/2025 6:00,81,2,Wednesday,9,0,0,random_or_none,1,rainy,0.4,260,0,0,0,0,0,0,0,normal,0,84,71
9/3/2025 7:00,84,2,Wednesday,9,0,0,random_or_none,3,hot,0.551,260,0,0,0,0,0,0,0,normal,0,90,78
9/3/2025 8:00,90,2,Wednesday,9,0,0,random_or_none,3,hot,0.627,260,0,0,0,0,0,0,0,normal,0,164,74
9/3/2025 9:00,164,2,Wednesday,9,0,0,random_or_none,0,sunny,0.338,260,0,1,161.61,0,0,0,0,emergency_spike,5,141,84
9/3/2025 10:00,141,2,Wednesday,9,0,0,random_or_none,0,sunny,0.268,260,0,0,0,0,0,0,0,normal,0,131,91
9/3/2025 11:00,131,2,Wednesday,9,0,0,random_or_none,4,dusty,0.578,260,0,0,0,0,0,0,0,normal,0,116,93
9/3/2025 12:00,116,2,Wednesday,9,0,0,random_or_none,0,sunny,0.052,260,0,0,0,0,0,0,0,normal,0,115,105
9/3/2025 13:00,115,2,Wednesday,9,0,0,random_or_none,3,hot,0.316,260,0,0,0,0,0,0,0,normal,0,121,108
9/3/2025 14:00,121,2,Wednesday,9,0,0,random_or_none,2,cold,0.393,260,0,0,0,0,0,0,0,normal,0,116,109
9/3/2025 15:00,116,2,Wednesday,9,0,0,random_or_none,0,sunny,0.338,260,0,0,0,0,0,0,0,normal,0,115,118
9/3/2025 16:00,115,2,Wednesday,9,0,0,random_or_none,3,hot,0.432,260,0,0,0,0,0,0,0,normal,0,109,115
9/3/2025 17:00,109,2,Wednesday,9,0,0,random_or_none,1,rainy,0.187,260,0,0,0,0,0,0,0,normal,0,106,123
9/3/2025 18:00,106,2,Wednesday,9,0,0,random_or_none,0,sunny,0.207,260,0,0,0,0,0,0,0,normal,0,167,124
9/3/2025 19:00,167,2,Wednesday,9,0,0,random_or_none,4,dusty,0.562,260,0,1,120.02,0,0,0,0,emergency_spike,5,133,122
9/3/2025 20:00,133,2,Wednesday,9,0,0,random_or_none,0,sunny,0.171,260,0,0,0,0,0,0,0,normal,0,102,113
9/3/2025 21:00,102,2,Wednesday,9,0,0,random_or_none,0,sunny,0.234,260,0,0,0,0,0,0,0,normal,0,88,154
9/3/2025 22:00,88,2,Wednesday,9,0,0,random_or_none,0,sunny,0.221,260,0,0,0,0,0,0,0,normal,0,83,128
9/3/2025 23:00,83,2,Wednesday,9,0,0,random_or_none,3,hot,0.329,260,0,0,0,0,0,0,0,normal,0,72,101
9/4/2025 0:00,72,3,Thursday,9,0,0,random_or_none,4,dusty,1,260,0,0,0,0,0,0,0,extreme_weather,2,63,143
9/4/2025 1:00,63,3,Thursday,9,0,0,random_or_none,3,hot,0.629,260,0,0,0,0,0,0,0,normal,0,66,106
9/4/2025 2:00,66,3,Thursday,9,0,0,random_or_none,3,hot,0.233,260,0,0,0,0,0,0,0,normal,0,61,87
9/4/2025 3:00,61,3,Thursday,9,0,0,random_or_none,0,sunny,0.162,260,0,0,0,0,0,0,0,normal,0,56,83
9/4/2025 4:00,56,3,Thursday,9,0,0,random_or_none,0,sunny,0.092,260,0,0,0,0,0,0,0,normal,0,66,71
9/4/2025 5:00,66,3,Thursday,9,0,0,random_or_none,4,dusty,0.597,260,0,0,0,0,0,0,0,normal,0,71,71
9/4/2025 6:00,71,3,Thursday,9,0,0,random_or_none,4,dusty,0.933,260,0,0,0,0,0,0,0,extreme_weather,2,78,68
9/4/2025 7:00,78,3,Thursday,9,0,0,random_or_none,3,hot,0.442,260,0,0,0,0,0,0,0,normal,0,74,79
9/4/2025 8:00,74,3,Thursday,9,0,0,random_or_none,2,cold,0.287,260,0,0,0,0,0,0,0,normal,0,84,81
9/4/2025 9:00,84,3,Thursday,9,0,0,random_or_none,3,hot,0.318,260,0,0,0,0,0,0,0,normal,0,91,79
9/4/2025 10:00,91,3,Thursday,9,0,0,random_or_none,0,sunny,0.011,260,0,0,0,0,0,0,0,normal,0,93,90
9/4/2025 11:00,93,3,Thursday,9,0,0,random_or_none,0,sunny,0.277,260,0,0,0,0,0,0,0,normal,0,105,106
9/4/2025 12:00,105,3,Thursday,9,0,0,random_or_none,3,hot,0.531,260,0,0,0,0,0,0,0,normal,0,108,107
9/4/2025 13:00,108,3,Thursday,9,0,0,random_or_none,0,sunny,0.241,260,0,0,0,0,0,0,0,normal,0,109,115
9/4/2025 14:00,109,3,Thursday,9,0,0,random_or_none,3,hot,0.279,260,0,0,0,0,0,0,0,normal,0,118,110
9/4/2025 15:00,118,3,Thursday,9,0,0,random_or_none,4,dusty,0.275,260,0,0,0,0,0,0,0,normal,0,115,112
9/4/2025 16:00,115,3,Thursday,9,0,0,random_or_none,0,sunny,0.334,260,0,0,0,0,0,0,0,normal,0,123,119
9/4/2025 17:00,123,3,Thursday,9,0,0,random_or_none,3,hot,0.947,260,0,0,0,0,0,0,0,extreme_weather,2,124,116
9/4/2025 18:00,124,3,Thursday,9,0,0,random_or_none,2,cold,0.48,260,0,0,0,0,0,0,0,normal,0,122,114
9/4/2025 19:00,122,3,Thursday,9,0,0,random_or_none,1,rainy,0.824,260,0,0,0,0,0,0,0,extreme_weather,2,113,112
9/4/2025 20:00,113,3,Thursday,9,0,0,random_or_none,3,hot,0.655,260,0,0,0,0,0,0,0,normal,0,154,106
9/4/2025 21:00,154,3,Thursday,9,0,0,random_or_none,0,sunny,0.137,260,0,1,118.12,0,0,0,0,emergency_spike,5,128,94
9/4/2025 22:00,128,3,Thursday,9,0,0,random_or_none,4,dusty,0.47,260,0,0,0,0,0,0,0,normal,0,101,85
9/4/2025 23:00,101,3,Thursday,9,0,0,random_or_none,0,sunny,0.11,260,0,0,0,0,0,0,0,normal,0,143,74
9/5/2025 0:00,143,4,Friday,9,0,0,random_or_none,3,hot,0.331,260,0,1,128.22,0,0,0,0,emergency_spike,5,106,66
9/5/2025 1:00,106,4,Friday,9,0,0,random_or_none,2,cold,0.525,260,0,0,0,0,0,0,0,normal,0,87,61
9/5/2025 2:00,87,4,Friday,9,0,0,random_or_none,0,sunny,0.095,260,0,0,0,0,0,0,0,normal,0,83,51
9/5/2025 3:00,83,4,Friday,9,0,0,random_or_none,4,dusty,0.598,260,0,0,0,0,0,0,0,normal,0,71,45
9/5/2025 4:00,71,4,Friday,9,0,0,random_or_none,0,sunny,0.118,260,0,0,0,0,0,0,0,normal,0,71,50
9/5/2025 5:00,71,4,Friday,9,0,0,random_or_none,0,sunny,0.045,260,0,0,0,0,0,0,0,normal,0,68,50
9/5/2025 6:00,68,4,Friday,9,0,0,random_or_none,0,sunny,0.334,260,0,0,0,0,0,0,0,normal,0,79,51
9/5/2025 7:00,79,4,Friday,9,0,0,random_or_none,5,windy,0.882,260,0,0,0,0,0,0,0,extreme_weather,2,81,55
9/5/2025 8:00,81,4,Friday,9,0,0,random_or_none,0,sunny,0.231,260,0,0,0,0,0,0,0,normal,0,79,69
9/5/2025 9:00,79,4,Friday,9,0,0,random_or_none,0,sunny,0.181,260,0,0,0,0,0,0,0,normal,0,90,68
9/5/2025 10:00,90,4,Friday,9,0,0,random_or_none,4,dusty,0.766,260,0,0,0,0,0,0,0,extreme_weather,2,106,88
9/5/2025 11:00,106,4,Friday,9,0,0,random_or_none,4,dusty,0.978,260,0,0,0,0,0,0,0,extreme_weather,2,107,92
9/5/2025 12:00,107,4,Friday,9,0,0,random_or_none,0,sunny,0.185,260,0,0,0,0,0,0,0,normal,0,115,97
9/5/2025 13:00,115,4,Friday,9,0,0,random_or_none,0,sunny,0.195,260,0,0,0,0,0,0,0,normal,0,110,106
9/5/2025 14:00,110,4,Friday,9,0,0,random_or_none,0,sunny,0.114,260,0,0,0,0,0,0,0,normal,0,112,101
9/5/2025 15:00,112,4,Friday,9,0,0,random_or_none,5,windy,0.792,260,0,0,0,0,0,0,0,extreme_weather,2,119,97
9/5/2025 16:00,119,4,Friday,9,0,0,random_or_none,0,sunny,0.005,260,0,0,0,0,0,0,0,normal,0,116,96
9/5/2025 17:00,116,4,Friday,9,0,0,random_or_none,0,sunny,0.188,260,0,0,0,0,0,0,0,normal,0,114,102
9/5/2025 18:00,114,4,Friday,9,0,0,random_or_none,0,sunny,0.025,260,0,0,0,0,0,0,0,normal,0,112,95
9/5/2025 19:00,112,4,Friday,9,0,0,random_or_none,0,sunny,0.079,260,0,0,0,0,0,0,0,normal,0,106,89
9/5/2025 20:00,106,4,Friday,9,0,0,random_or_none,5,windy,0.232,260,0,0,0,0,0,0,0,normal,0,94,86
9/5/2025 21:00,94,4,Friday,9,0,0,random_or_none,0,sunny,0.206,260,0,0,0,0,0,0,0,normal,0,85,80
9/5/2025 22:00,85,4,Friday,9,0,0,random_or_none,0,sunny,0.043,260,0,0,0,0,0,0,0,normal,0,74,74
9/5/2025 23:00,74,4,Friday,9,0,0,random_or_none,0,sunny,0.009,260,0,0,0,0,0,0,0,normal,0,66,68
9/6/2025 0:00,66,5,Saturday,9,1,0,random_or_none,4,dusty,0.395,260,0,0,0,0,0,0,0,normal,0,61,54
9/6/2025 1:00,61,5,Saturday,9,1,0,random_or_none,3,hot,0.79,260,0,0,0,0,0,0,0,extreme_weather,2,51,44
9/6/2025 2:00,51,5,Saturday,9,1,0,random_or_none,0,sunny,0.332,260,0,0,0,0,0,0,0,normal,0,45,44
9/6/2025 3:00,45,5,Saturday,9,1,0,random_or_none,0,sunny,0.17,260,0,0,0,0,0,0,0,normal,0,50,42
9/6/2025 4:00,50,5,Saturday,9,1,0,random_or_none,3,hot,0.319,260,0,0,0,0,0,0,0,normal,0,50,38
9/6/2025 5:00,50,5,Saturday,9,1,0,random_or_none,0,sunny,0.069,260,0,0,0,0,0,0,0,normal,0,51,41
9/6/2025 6:00,51,5,Saturday,9,1,0,random_or_none,0,sunny,0.33,260,0,0,0,0,0,0,0,normal,0,55,52
9/6/2025 7:00,55,5,Saturday,9,1,0,random_or_none,0,sunny,0.344,260,0,0,0,0,0,0,0,normal,0,69,55
9/6/2025 8:00,69,5,Saturday,9,1,0,random_or_none,4,dusty,0.471,260,0,0,0,0,0,0,0,normal,0,68,67
9/6/2025 9:00,68,5,Saturday,9,1,0,random_or_none,0,sunny,0.158,260,0,0,0,0,0,0,0,normal,0,88,71
9/6/2025 10:00,88,5,Saturday,9,1,0,random_or_none,0,sunny,0.2,260,0,0,0,0,0,0,0,normal,0,92,84
9/6/2025 11:00,92,5,Saturday,9,1,0,random_or_none,0,sunny,0.035,260,0,0,0,0,0,0,0,normal,0,97,84
9/6/2025 12:00,97,5,Saturday,9,1,0,random_or_none,3,hot,0.571,260,0,0,0,0,0,0,0,normal,0,106,88
9/6/2025 13:00,106,5,Saturday,9,1,0,random_or_none,4,dusty,0.881,260,0,0,0,0,0,0,0,extreme_weather,2,101,94
9/6/2025 14:00,101,5,Saturday,9,1,0,random_or_none,0,sunny,0.268,260,0,0,0,0,0,0,0,normal,0,97,91
9/6/2025 15:00,97,5,Saturday,9,1,0,random_or_none,0,sunny,0.019,260,0,0,0,0,0,0,0,normal,0,96,99
9/6/2025 16:00,96,5,Saturday,9,1,0,random_or_none,0,sunny,0.075,260,0,0,0,0,0,0,0,normal,0,102,101
9/6/2025 17:00,102,5,Saturday,9,1,0,random_or_none,3,hot,0.641,260,0,0,0,0,0,0,0,normal,0,95,93
9/6/2025 18:00,95,5,Saturday,9,1,0,random_or_none,0,sunny,0.211,260,0,0,0,0,0,0,0,normal,0,89,98
9/6/2025 19:00,89,5,Saturday,9,1,0,random_or_none,0,sunny,0.339,260,0,0,0,0,0,0,0,normal,0,86,151
9/6/2025 20:00,86,5,Saturday,9,1,0,random_or_none,0,sunny,0.286,260,0,0,0,0,0,0,0,normal,0,80,116
9/6/2025 21:00,80,5,Saturday,9,1,0,random_or_none,0,sunny,0.078,260,0,0,0,0,0,0,0,normal,0,74,93
9/6/2025 22:00,74,5,Saturday,9,1,0,random_or_none,4,dusty,0.654,260,0,0,0,0,0,0,0,normal,0,68,83
9/6/2025 23:00,68,5,Saturday,9,1,0,random_or_none,1,rainy,0.467,260,0,0,0,0,0,0,0,normal,0,54,75
9/7/2025 0:00,54,6,Sunday,9,1,0,random_or_none,5,windy,0.211,260,0,0,0,0,0,0,0,normal,0,44,75
9/7/2025 1:00,44,6,Sunday,9,1,0,random_or_none,0,sunny,0.275,260,0,0,0,0,0,0,0,normal,0,44,72
9/7/2025 2:00,44,6,Sunday,9,1,0,random_or_none,0,sunny,0.013,260,0,0,0,0,0,0,0,normal,0,42,67
9/7/2025 3:00,42,6,Sunday,9,1,0,random_or_none,0,sunny,0.182,260,0,0,0,0,0,0,0,normal,0,38,70
9/7/2025 4:00,38,6,Sunday,9,1,0,random_or_none,0,sunny,0.197,260,0,0,0,0,0,0,0,normal,0,41,70
9/7/2025 5:00,41,6,Sunday,9,1,0,random_or_none,3,hot,0.557,260,0,0,0,0,0,0,0,normal,0,52,73
9/7/2025 6:00,52,6,Sunday,9,1,0,random_or_none,3,hot,0.869,260,0,0,0,0,0,0,0,extreme_weather,2,55,79
9/7/2025 7:00,55,6,Sunday,9,1,0,random_or_none,0,sunny,0.312,260,0,0,0,0,0,0,0,normal,0,67,80
9/7/2025 8:00,67,6,Sunday,9,1,0,random_or_none,0,sunny,0.025,260,0,0,0,0,0,0,0,normal,0,71,84
9/7/2025 9:00,71,6,Sunday,9,1,0,random_or_none,3,hot,0.401,260,0,0,0,0,0,0,0,normal,0,84,92
9/7/2025 10:00,84,6,Sunday,9,1,0,random_or_none,3,hot,0.797,260,0,0,0,0,0,0,0,extreme_weather,2,84,103
9/7/2025 11:00,84,6,Sunday,9,1,0,random_or_none,0,sunny,0.326,260,0,0,0,0,0,0,0,normal,0,88,100
9/7/2025 12:00,88,6,Sunday,9,1,0,random_or_none,0,sunny,0.246,260,0,0,0,0,0,0,0,normal,0,94,198
9/7/2025 13:00,94,6,Sunday,9,1,0,random_or_none,3,hot,0.286,260,0,0,0,0,0,0,0,normal,0,91,156
9/7/2025 14:00,91,6,Sunday,9,1,0,random_or_none,0,sunny,0.03,260,0,0,0,0,0,0,0,normal,0,99,142
9/7/2025 15:00,99,6,Sunday,9,1,0,random_or_none,0,sunny,0.098,260,0,0,0,0,0,0,0,normal,0,101,139
9/7/2025 16:00,101,6,Sunday,9,1,0,random_or_none,3,hot,0.565,260,0,0,0,0,0,0,0,normal,0,93,128
9/7/2025 17:00,93,6,Sunday,9,1,0,random_or_none,1,rainy,0.449,260,0,0,0,0,0,0,0,normal,0,98,128
9/7/2025 18:00,98,6,Sunday,9,1,0,random_or_none,3,hot,0.237,260,0,0,0,0,0,0,0,normal,0,151,129
9/7/2025 19:00,151,6,Sunday,9,1,0,random_or_none,0,sunny,0.085,260,0,1,126.16,0,0,0,0,emergency_spike,5,116,126
9/7/2025 20:00,116,6,Sunday,9,1,0,random_or_none,0,sunny,0.216,260,0,0,0,0,0,0,0,normal,0,93,108
9/7/2025 21:00,93,6,Sunday,9,1,0,random_or_none,0,sunny,0.122,260,0,0,0,0,0,0,0,normal,0,83,107
9/7/2025 22:00,83,6,Sunday,9,1,0,random_or_none,4,dusty,1,260,0,0,0,0,0,0,0,extreme_weather,2,75,108
9/7/2025 23:00,75,6,Sunday,9,1,0,random_or_none,3,hot,0.919,260,0,0,0,0,0,0,0,extreme_weather,2,75,97
9/8/2025 0:00,75,0,Monday,9,0,0,random_or_none,4,dusty,0.794,260,0,0,0,0,0,0,0,extreme_weather,2,72,79
9/8/2025 1:00,72,0,Monday,9,0,0,random_or_none,1,rainy,0.784,260,0,0,0,0,0,0,0,extreme_weather,2,67,72
9/8/2025 2:00,67,0,Monday,9,0,0,random_or_none,5,windy,0.784,260,0,0,0,0,0,0,0,extreme_weather,2,70,68
9/8/2025 3:00,70,0,Monday,9,0,0,random_or_none,5,windy,0.265,260,0,0,0,0,0,0,0,normal,0,70,62
9/8/2025 4:00,70,0,Monday,9,0,0,random_or_none,5,windy,0.565,260,0,0,0,0,0,0,0,normal,0,73,53
9/8/2025 5:00,73,0,Monday,9,0,0,random_or_none,1,rainy,0.343,260,0,0,0,0,0,0,0,normal,0,79,63
9/8/2025 6:00,79,0,Monday,9,0,0,random_or_none,4,dusty,0.993,260,0,0,0,0,0,0,0,extreme_weather,2,80,76
9/8/2025 7:00,80,0,Monday,9,0,0,random_or_none,0,sunny,0.127,260,0,0,0,0,0,0,0,normal,0,84,75
9/8/2025 8:00,84,0,Monday,9,0,0,random_or_none,3,hot,0.333,260,0,0,0,0,0,0,0,normal,0,92,79
9/8/2025 9:00,92,0,Monday,9,0,0,random_or_none,4,dusty,0.592,260,0,0,0,0,0,0,0,normal,0,103,93
9/8/2025 10:00,103,0,Monday,9,0,0,random_or_none,5,windy,0.568,260,0,0,0,0,0,0,0,normal,0,100,91
9/8/2025 11:00,100,0,Monday,9,0,0,random_or_none,0,sunny,0.14,260,0,0,0,0,0,0,0,normal,0,198,94
9/8/2025 12:00,198,0,Monday,9,0,0,random_or_none,3,hot,0.627,260,0,1,203.63,0,0,0,0,emergency_spike,5,156,103
9/8/2025 13:00,156,0,Monday,9,0,0,random_or_none,0,sunny,0.17,260,0,0,0,0,0,0,0,normal,0,142,111
9/8/2025 14:00,142,0,Monday,9,0,0,random_or_none,0,sunny,0.251,260,0,0,0,0,0,0,0,normal,0,139,119
9/8/2025 15:00,139,0,Monday,9,0,0,random_or_none,2,cold,0.643,260,0,0,0,0,0,0,0,normal,0,128,127
9/8/2025 16:00,128,0,Monday,9,0,0,random_or_none,0,sunny,0.262,260,0,0,0,0,0,0,0,normal,0,128,129
9/8/2025 17:00,128,0,Monday,9,0,0,random_or_none,5,windy,0.636,260,0,0,0,0,0,0,0,normal,0,129,125
9/8/2025 18:00,129,0,Monday,9,0,0,random_or_none,3,hot,0.289,260,0,0,0,0,0,0,0,normal,0,126,122
9/8/2025 19:00,126,0,Monday,9,0,0,random_or_none,4,dusty,0.864,260,0,0,0,0,0,0,0,extreme_weather,2,108,123
9/8/2025 20:00,108,0,Monday,9,0,0,random_or_none,0,sunny,0.286,260,0,0,0,0,0,0,0,normal,0,107,119
9/8/2025 21:00,107,0,Monday,9,0,0,random_or_none,3,hot,0.599,260,0,0,0,0,0,0,0,normal,0,108,102
9/8/2025 22:00,108,0,Monday,9,0,0,random_or_none,1,rainy,0.748,260,0,0,0,0,0,0,0,normal,0,97,96
9/8/2025 23:00,97,0,Monday,9,0,0,random_or_none,5,windy,0.151,260,0,0,0,0,0,0,0,normal,0,79,77
9/9/2025 0:00,79,1,Tuesday,9,0,0,random_or_none,3,hot,0.262,260,0,0,0,0,0,0,0,normal,0,72,69
9/9/2025 1:00,72,1,Tuesday,9,0,0,random_or_none,2,cold,0.724,260,0,0,0,0,0,0,0,normal,0,68,113
9/9/2025 2:00,68,1,Tuesday,9,0,0,random_or_none,4,dusty,0.898,260,0,0,0,0,0,0,0,extreme_weather,2,62,89
9/9/2025 3:00,62,1,Tuesday,9,0,0,random_or_none,0,sunny,0.236,260,0,0,0,0,0,0,0,normal,0,53,82
9/9/2025 4:00,53,1,Tuesday,9,0,0,random_or_none,0,sunny,0.233,260,0,0,0,0,0,0,0,normal,0,63,76
9/9/2025 5:00,63,1,Tuesday,9,0,0,random_or_none,2,cold,0.812,260,0,0,0,0,0,0,0,extreme_weather,2,76,75
9/9/2025 6:00,76,1,Tuesday,9,0,0,random_or_none,2,cold,0.742,260,0,0,0,0,0,0,0,normal,0,75,76
9/9/2025 7:00,75,1,Tuesday,9,0,0,random_or_none,0,sunny,0.048,260,0,0,0,0,0,0,0,normal,0,79,75
9/9/2025 8:00,79,1,Tuesday,9,0,0,random_or_none,4,dusty,0.668,260,0,0,0,0,0,0,0,normal,0,93,80
9/9/2025 9:00,93,1,Tuesday,9,0,0,random_or_none,3,hot,0.937,260,0,0,0,0,0,0,0,extreme_weather,2,91,89
9/9/2025 10:00,91,1,Tuesday,9,0,0,random_or_none,0,sunny,0.135,260,0,0,0,0,0,0,0,normal,0,94,96
9/9/2025 11:00,94,1,Tuesday,9,0,0,random_or_none,5,windy,0.267,260,0,0,0,0,0,0,0,normal,0,103,98
9/9/2025 12:00,103,1,Tuesday,9,0,0,random_or_none,4,dusty,0.833,260,0,0,0,0,0,0,0,extreme_weather,2,111,102
9/9/2025 13:00,111,1,Tuesday,9,0,0,random_or_none,3,hot,0.623,260,0,0,0,0,0,0,0,normal,0,119,110
9/9/2025 14:00,119,1,Tuesday,9,0,0,random_or_none,3,hot,0.369,260,0,0,0,0,0,0,0,normal,0,127,115
9/9/2025 15:00,127,1,Tuesday,9,0,0,random_or_none,3,hot,0.72,260,0,0,0,0,0,0,0,normal,0,129,116
9/9/2025 16:00,129,1,Tuesday,9,0,0,random_or_none,3,hot,0.932,260,0,0,0,0,0,0,0,extreme_weather,2,125,119
9/9/2025 17:00,125,1,Tuesday,9,0,0,random_or_none,5,windy,0.754,260,0,0,0,0,0,0,0,extreme_weather,2,122,121
9/9/2025 18:00,122,1,Tuesday,9,0,0,random_or_none,1,rainy,0.29,260,0,0,0,0,0,0,0,normal,0,123,117
9/9/2025 19:00,123,1,Tuesday,9,0,0,random_or_none,3,hot,0.65,260,0,0,0,0,0,0,0,normal,0,119,109
9/9/2025 20:00,119,1,Tuesday,9,0,0,random_or_none,5,windy,0.852,260,0,0,0,0,0,0,0,extreme_weather,2,102,101
9/9/2025 21:00,102,1,Tuesday,9,0,0,random_or_none,0,sunny,0.105,260,0,0,0,0,0,0,0,normal,0,96,99
9/9/2025 22:00,96,1,Tuesday,9,0,0,random_or_none,4,dusty,0.575,260,0,0,0,0,0,0,0,normal,0,77,98
9/9/2025 23:00,77,1,Tuesday,9,0,0,random_or_none,0,sunny,0.04,260,0,0,0,0,0,0,0,normal,0,69,84
9/10/2025 0:00,69,2,Wednesday,9,0,0,random_or_none,0,sunny,0.108,260,0,0,0,0,0,0,0,normal,0,113,75
9/10/2025 1:00,113,2,Wednesday,9,0,0,random_or_none,0,sunny,0.248,260,0,1,102.65,0,0,0,0,emergency_spike,5,89,70
9/10/2025 2:00,89,2,Wednesday,9,0,0,random_or_none,3,hot,0.823,260,0,0,0,0,0,0,0,extreme_weather,2,82,67
9/10/2025 3:00,82,2,Wednesday,9,0,0,random_or_none,4,dusty,0.388,260,0,0,0,0,0,0,0,normal,0,76,63
9/10/2025 4:00,76,2,Wednesday,9,0,0,random_or_none,5,windy,0.735,260,0,0,0,0,0,0,0,normal,0,75,60
9/10/2025 5:00,75,2,Wednesday,9,0,0,random_or_none,1,rainy,0.612,260,0,0,0,0,0,0,0,normal,0,76,64
9/10/2025 6:00,76,2,Wednesday,9,0,0,random_or_none,0,sunny,0.255,260,0,0,0,0,0,0,0,normal,0,75,65
9/10/2025 7:00,75,2,Wednesday,9,0,0,random_or_none,0,sunny,0.063,260,0,0,0,0,0,0,0,normal,0,80,74
9/10/2025 8:00,80,2,Wednesday,9,0,0,random_or_none,0,sunny,0.254,260,0,0,0,0,0,0,0,normal,0,89,83
9/10/2025 9:00,89,2,Wednesday,9,0,0,random_or_none,0,sunny,0.279,260,0,0,0,0,0,0,0,normal,0,96,81
9/10/2025 10:00,96,2,Wednesday,9,0,0,random_or_none,0,sunny,0.23,260,0,0,0,0,0,0,0,normal,0,98,124
9/10/2025 11:00,98,2,Wednesday,9,0,0,random_or_none,0,sunny,0.159,260,0,0,0,0,0,0,0,normal,0,102,117
9/10/2025 12:00,102,2,Wednesday,9,0,0,random_or_none,3,hot,0.631,260,0,0,0,0,0,0,0,normal,0,110,118
9/10/2025 13:00,110,2,Wednesday,9,0,0,random_or_none,4,dusty,0.445,260,0,0,0,0,0,0,0,normal,0,115,114
9/10/2025 14:00,115,2,Wednesday,9,0,0,random_or_none,0,sunny,0.158,260,0,0,0,0,0,0,0,normal,0,116,116
9/10/2025 15:00,116,2,Wednesday,9,0,0,random_or_none,0,sunny,0.137,260,0,0,0,0,0,0,0,normal,0,119,113
9/10/2025 16:00,119,2,Wednesday,9,0,0,random_or_none,0,sunny,0.249,260,0,0,0,0,0,0,0,normal,0,121,114
9/10/2025 17:00,121,2,Wednesday,9,0,0,random_or_none,3,hot,0.84,260,0,0,0,0,0,0,0,extreme_weather,2,117,111
9/10/2025 18:00,117,2,Wednesday,9,0,0,random_or_none,0,sunny,0.332,260,0,0,0,0,0,0,0,normal,0,109,141
9/10/2025 19:00,109,2,Wednesday,9,0,0,random_or_none,0,sunny,0.005,260,0,0,0,0,0,0,0,normal,0,101,124
9/10/2025 20:00,101,2,Wednesday,9,0,0,random_or_none,0,sunny,0.087,260,0,0,0,0,0,0,0,normal,0,99,111
9/10/2025 21:00,99,2,Wednesday,9,0,0,random_or_none,1,rainy,0.653,260,0,0,0,0,0,0,0,normal,0,98,106
9/10/2025 22:00,98,2,Wednesday,9,0,0,random_or_none,3,hot,0.559,260,0,0,0,0,0,0,0,normal,0,84,93
9/10/2025 23:00,84,2,Wednesday,9,0,0,random_or_none,4,dusty,0.35,260,0,0,0,0,0,0,0,normal,0,75,85
9/11/2025 0:00,75,3,Thursday,9,0,0,random_or_none,3,hot,0.217,260,0,0,0,0,0,0,0,normal,0,70,69
9/11/2025 1:00,70,3,Thursday,9,0,0,random_or_none,0,sunny,0.322,260,0,0,0,0,0,0,0,normal,0,67,56
9/11/2025 2:00,67,3,Thursday,9,0,0,random_or_none,0,sunny,0.001,260,0,0,0,0,0,0,0,normal,0,63,55
9/11/2025 3:00,63,3,Thursday,9,0,0,random_or_none,0,sunny,0.103,260,0,0,0,0,0,0,0,normal,0,60,58
9/11/2025 4:00,60,3,Thursday,9,0,0,random_or_none,0,sunny,0.236,260,0,0,0,0,0,0,0,normal,0,64,62
9/11/2025 5:00,64,3,Thursday,9,0,0,random_or_none,4,dusty,0.853,260,0,0,0,0,0,0,0,extreme_weather,2,65,64
9/11/2025 6:00,65,3,Thursday,9,0,0,random_or_none,0,sunny,0.219,260,0,0,0,0,0,0,0,normal,0,74,67
9/11/2025 7:00,74,3,Thursday,9,0,0,random_or_none,4,dusty,0.318,260,0,0,0,0,0,0,0,normal,0,83,79
9/11/2025 8:00,83,3,Thursday,9,0,0,random_or_none,3,hot,0.645,260,0,0,0,0,0,0,0,normal,0,81,87
9/11/2025 9:00,81,3,Thursday,9,0,0,random_or_none,0,sunny,0.307,260,0,0,0,0,0,0,0,normal,0,124,89
9/11/2025 10:00,124,3,Thursday,9,0,0,random_or_none,0,sunny,0.073,260,0,1,74.16,0,0,0,0,emergency_spike,5,117,91
9/11/2025 11:00,117,3,Thursday,9,0,0,random_or_none,0,sunny,0.229,260,0,0,0,0,0,0,0,normal,0,118,98
9/11/2025 12:00,118,3,Thursday,9,0,0,random_or_none,4,dusty,0.434,260,0,0,0,0,0,0,0,normal,0,114,102
9/11/2025 13:00,114,3,Thursday,9,0,0,random_or_none,2,cold,0.348,260,0,0,0,0,0,0,0,normal,0,116,114
9/11/2025 14:00,116,3,Thursday,9,0,0,random_or_none,0,sunny,0.152,260,0,0,0,0,0,0,0,normal,0,113,109
9/11/2025 15:00,113,3,Thursday,9,0,0,random_or_none,5,windy,0.234,260,0,0,0,0,0,0,0,normal,0,114,114
9/11/2025 16:00,114,3,Thursday,9,0,0,random_or_none,0,sunny,0.043,260,0,0,0,0,0,0,0,normal,0,111,116
9/11/2025 17:00,111,3,Thursday,9,0,0,random_or_none,5,windy,0.503,260,0,0,0,0,0,0,0,normal,0,141,119
9/11/2025 18:00,141,3,Thursday,9,0,0,random_or_none,0,sunny,0.072,260,0,1,65.98,0,0,0,0,emergency_spike,5,124,118
9/11/2025 19:00,124,3,Thursday,9,0,0,random_or_none,0,sunny,0.035,260,0,0,0,0,0,0,0,normal,0,111,118
9/11/2025 20:00,111,3,Thursday,9,0,0,random_or_none,3,hot,0.153,260,0,0,0,0,0,0,0,normal,0,106,103
9/11/2025 21:00,106,3,Thursday,9,0,0,random_or_none,0,sunny,0.01,260,0,0,0,0,0,0,0,normal,0,93,92
9/11/2025 22:00,93,3,Thursday,9,0,0,random_or_none,3,hot,0.542,260,0,0,0,0,0,0,0,normal,0,85,130
9/11/2025 23:00,85,3,Thursday,9,0,0,random_or_none,4,dusty,0.725,260,0,0,0,0,0,0,0,normal,0,69,106
9/12/2025 0:00,69,4,Friday,9,0,0,random_or_none,0,sunny,0.002,260,0,0,0,0,0,0,0,normal,0,56,85
9/12/2025 1:00,56,4,Friday,9,0,0,random_or_none,0,sunny,0.201,260,0,0,0,0,0,0,0,normal,0,55,68
9/12/2025 2:00,55,4,Friday,9,0,0,random_or_none,0,sunny,0.252,260,0,0,0,0,0,0,0,normal,0,58,64
9/12/2025 3:00,58,4,Friday,9,0,0,random_or_none,0,sunny,0.056,260,0,0,0,0,0,0,0,normal,0,62,59
9/12/2025 4:00,62,4,Friday,9,0,0,random_or_none,0,sunny,0.231,260,0,0,0,0,0,0,0,normal,0,64,53
9/12/2025 5:00,64,4,Friday,9,0,0,random_or_none,5,windy,0.295,260,0,0,0,0,0,0,0,normal,0,67,53
9/12/2025 6:00,67,4,Friday,9,0,0,random_or_none,0,sunny,0.106,260,0,0,0,0,0,0,0,normal,0,79,61
9/12/2025 7:00,79,4,Friday,9,0,0,random_or_none,4,dusty,0.859,260,0,0,0,0,0,0,0,extreme_weather,2,87,62
9/12/2025 8:00,87,4,Friday,9,0,0,random_or_none,1,rainy,0.747,260,0,0,0,0,0,0,0,normal,0,89,65
9/12/2025 9:00,89,4,Friday,9,0,0,random_or_none,0,sunny,0.041,260,0,0,0,0,0,0,0,normal,0,91,81
9/12/2025 10:00,91,4,Friday,9,0,0,random_or_none,0,sunny,0.114,260,0,0,0,0,0,0,0,normal,0,98,79
9/12/2025 11:00,98,4,Friday,9,0,0,random_or_none,0,sunny,0.19,260,0,0,0,0,0,0,0,normal,0,102,84
9/12/2025 12:00,102,4,Friday,9,0,0,random_or_none,0,sunny,0.077,260,0,0,0,0,0,0,0,normal,0,114,84
9/12/2025 13:00,114,4,Friday,9,0,0,random_or_none,1,rainy,0.166,260,0,0,0,0,0,0,0,normal,0,109,89
9/12/2025 14:00,109,4,Friday,9,0,0,random_or_none,0,sunny,0.316,260,0,0,0,0,0,0,0,normal,0,114,96
9/12/2025 15:00,114,4,Friday,9,0,0,random_or_none,3,hot,0.244,260,0,0,0,0,0,0,0,normal,0,116,106
9/12/2025 16:00,116,4,Friday,9,0,0,random_or_none,0,sunny,0.311,260,0,0,0,0,0,0,0,normal,0,119,115
9/12/2025 17:00,119,4,Friday,9,0,0,random_or_none,3,hot,0.864,260,0,0,0,0,0,0,0,extreme_weather,2,118,115
9/12/2025 18:00,118,4,Friday,9,0,0,random_or_none,4,dusty,1,260,0,0,0,0,0,0,0,extreme_weather,2,118,104
9/12/2025 19:00,118,4,Friday,9,0,0,random_or_none,0,sunny,0.258,260,0,0,0,0,0,0,0,normal,0,103,101
9/12/2025 20:00,103,4,Friday,9,0,0,random_or_none,0,sunny,0.112,260,0,0,0,0,0,0,0,normal,0,92,97
9/12/2025 21:00,92,4,Friday,9,0,0,random_or_none,0,sunny,0.066,260,0,0,0,0,0,0,0,normal,0,130,92
9/12/2025 22:00,130,4,Friday,9,0,0,random_or_none,3,hot,0.589,260,0,1,93.76,0,0,0,0,emergency_spike,5,106,79
9/12/2025 23:00,106,4,Friday,9,0,0,random_or_none,0,sunny,0.306,260,0,0,0,0,0,0,0,normal,0,85,67
9/13/2025 0:00,85,5,Saturday,9,1,0,random_or_none,5,windy,0.228,260,0,0,0,0,0,0,0,normal,0,68,62
9/13/2025 1:00,68,5,Saturday,9,1,0,random_or_none,5,windy,0.417,260,0,0,0,0,0,0,0,normal,0,64,53
9/13/2025 2:00,64,5,Saturday,9,1,0,random_or_none,3,hot,0.909,260,0,0,0,0,0,0,0,extreme_weather,2,59,57
9/13/2025 3:00,59,5,Saturday,9,1,0,random_or_none,1,rainy,0.284,260,0,0,0,0,0,0,0,normal,0,53,51
9/13/2025 4:00,53,5,Saturday,9,1,0,random_or_none,0,sunny,0.133,260,0,0,0,0,0,0,0,normal,0,53,48
9/13/2025 5:00,53,5,Saturday,9,1,0,random_or_none,1,rainy,0.307,260,0,0,0,0,0,0,0,normal,0,61,58
9/13/2025 6:00,61,5,Saturday,9,1,0,random_or_none,4,dusty,0.404,260,0,0,0,0,0,0,0,normal,0,62,56
9/13/2025 7:00,62,5,Saturday,9,1,0,random_or_none,4,dusty,0.404,260,0,0,0,0,0,0,0,normal,0,65,62
9/13/2025 8:00,65,5,Saturday,9,1,0,random_or_none,0,sunny,0.037,260,0,0,0,0,0,0,0,normal,0,81,64
9/13/2025 9:00,81,5,Saturday,9,1,0,random_or_none,3,hot,0.661,260,0,0,0,0,0,0,0,normal,0,79,67
9/13/2025 10:00,79,5,Saturday,9,1,0,random_or_none,5,windy,0.596,260,0,0,0,0,0,0,0,normal,0,84,80
9/13/2025 11:00,84,5,Saturday,9,1,0,random_or_none,4,dusty,1,260,0,0,0,0,0,0,0,extreme_weather,2,84,138
9/13/2025 12:00,84,5,Saturday,9,1,0,random_or_none,0,sunny,0.182,260,0,0,0,0,0,0,0,normal,0,89,122
9/13/2025 13:00,89,5,Saturday,9,1,0,random_or_none,0,sunny,0.29,260,0,0,0,0,0,0,0,normal,0,96,117
9/13/2025 14:00,96,5,Saturday,9,1,0,random_or_none,4,dusty,1,260,0,0,0,0,0,0,0,extreme_weather,2,106,111
9/13/2025 15:00,106,5,Saturday,9,1,0,random_or_none,3,hot,0.764,260,0,0,0,0,0,0,0,extreme_weather,2,115,112
9/13/2025 16:00,115,5,Saturday,9,1,0,random_or_none,1,rainy,0.524,260,0,0,0,0,0,0,0,normal,0,115,108
9/13/2025 17:00,115,5,Saturday,9,1,0,random_or_none,3,hot,0.666,260,0,0,0,0,0,0,0,normal,0,104,100
9/13/2025 18:00,104,5,Saturday,9,1,0,random_or_none,3,hot,0.378,260,0,0,0,0,0,0,0,normal,0,101,103
9/13/2025 19:00,101,5,Saturday,9,1,0,random_or_none,4,dusty,0.985,260,0,0,0,0,0,0,0,extreme_weather,2,97,102
9/13/2025 20:00,97,5,Saturday,9,1,0,random_or_none,4,dusty,0.77,260,0,0,0,0,0,0,0,extreme_weather,2,92,88
9/13/2025 21:00,92,5,Saturday,9,1,0,random_or_none,0,sunny,0.141,260,0,0,0,0,0,0,0,normal,0,79,80
9/13/2025 22:00,79,5,Saturday,9,1,0,random_or_none,0,sunny,0.149,260,0,0,0,0,0,0,0,normal,0,67,73
9/13/2025 23:00,67,5,Saturday,9,1,0,random_or_none,3,hot,0.388,260,0,0,0,0,0,0,0,normal,0,62,62
9/14/2025 0:00,62,6,Sunday,9,1,0,random_or_none,0,sunny,0.199,260,0,0,0,0,0,0,0,normal,0,53,65
9/14/2025 1:00,53,6,Sunday,9,1,0,random_or_none,0,sunny,0.119,260,0,0,0,0,0,0,0,normal,0,57,61
9/14/2025 2:00,57,6,Sunday,9,1,0,random_or_none,3,hot,0.887,260,0,0,0,0,0,0,0,extreme_weather,2,51,57
9/14/2025 3:00,51,6,Sunday,9,1,0,random_or_none,5,windy,0.706,260,0,0,0,0,0,0,0,normal,0,48,53
9/14/2025 4:00,48,6,Sunday,9,1,0,random_or_none,3,hot,0.776,260,0,0,0,0,0,0,0,extreme_weather,2,58,109
9/14/2025 5:00,58,6,Sunday,9,1,0,random_or_none,3,hot,0.755,260,0,0,0,0,0,0,0,extreme_weather,2,56,95
9/14/2025 6:00,56,6,Sunday,9,1,0,random_or_none,3,hot,0.483,260,0,0,0,0,0,0,0,normal,0,62,120
9/14/2025 7:00,62,6,Sunday,9,1,0,random_or_none,3,hot,0.947,260,0,0,0,0,0,0,0,extreme_weather,2,64,106
9/14/2025 8:00,64,6,Sunday,9,1,0,random_or_none,0,sunny,0.014,260,0,0,0,0,0,0,0,normal,0,67,96
9/14/2025 9:00,67,6,Sunday,9,1,0,random_or_none,0,sunny,0.234,260,0,0,0,0,0,0,0,normal,0,80,98
9/14/2025 10:00,80,6,Sunday,9,1,0,random_or_none,5,windy,0.499,260,0,0,0,0,0,0,0,normal,0,138,95
9/14/2025 11:00,138,6,Sunday,9,1,0,random_or_none,5,windy,0.387,260,0,1,125.42,0,0,0,0,emergency_spike,5,122,100
9/14/2025 12:00,122,6,Sunday,9,1,0,random_or_none,3,hot,0.578,260,0,0,0,0,0,0,0,normal,0,117,110
9/14/2025 13:00,117,6,Sunday,9,1,0,random_or_none,4,dusty,0.668,260,0,0,0,0,0,0,0,normal,0,111,116
9/14/2025 14:00,111,6,Sunday,9,1,0,random_or_none,0,sunny,0.204,260,0,0,0,0,0,0,0,normal,0,112,128
9/14/2025 15:00,112,6,Sunday,9,1,0,random_or_none,4,dusty,0.311,260,0,0,0,0,0,0,0,normal,0,108,127
9/14/2025 16:00,108,6,Sunday,9,1,0,random_or_none,2,cold,0.204,260,0,0,0,0,0,0,0,normal,0,100,127
9/14/2025 17:00,100,6,Sunday,9,1,0,random_or_none,0,sunny,0.083,260,0,0,0,0,0,0,0,normal,0,103,129
9/14/2025 18:00,103,6,Sunday,9,1,0,random_or_none,4,dusty,0.899,260,0,0,0,0,0,0,0,extreme_weather,2,102,130
9/14/2025 19:00,102,6,Sunday,9,1,0,random_or_none,0,sunny,0.339,260,0,0,0,0,0,0,0,normal,0,88,121
9/14/2025 20:00,88,6,Sunday,9,1,0,random_or_none,3,hot,0.21,260,0,0,0,0,0,0,0,normal,0,80,113
9/14/2025 21:00,80,6,Sunday,9,1,0,random_or_none,3,hot,0.718,260,0,0,0,0,0,0,0,normal,0,73,104
9/14/2025 22:00,73,6,Sunday,9,1,0,random_or_none,0,sunny,0.158,260,0,0,0,0,0,0,0,normal,0,62,97
9/14/2025 23:00,62,6,Sunday,9,1,0,random_or_none,0,sunny,0.04,260,0,0,0,0,0,0,0,normal,0,65,81
9/15/2025 0:00,65,0,Monday,9,0,0,random_or_none,0,sunny,0.341,260,0,0,0,0,0,0,0,normal,0,61,76
9/15/2025 1:00,61,0,Monday,9,0,0,random_or_none,0,sunny,0.165,260,0,0,0,0,0,0,0,normal,0,57,73
9/15/2025 2:00,57,0,Monday,9,0,0,random_or_none,4,dusty,0.415,260,0,0,0,0,0,0,0,normal,0,53,67
9/15/2025 3:00,53,0,Monday,9,0,0,random_or_none,0,sunny,0.237,260,0,0,0,0,0,0,0,normal,0,109,63
9/15/2025 4:00,109,0,Monday,9,0,0,random_or_none,0,sunny,0.146,260,0,1,112.18,0,0,0,0,emergency_spike,5,95,64
9/15/2025 5:00,95,0,Monday,9,0,0,random_or_none,5,windy,0.83,260,0,0,0,0,0,0,0,extreme_weather,2,120,72
9/15/2025 6:00,120,0,Monday,9,0,0,random_or_none,0,sunny,0.249,260,0,1,80.85,0,0,0,0,emergency_spike,5,106,70
9/15/2025 7:00,106,0,Monday,9,0,0,random_or_none,0,sunny,0.235,260,0,0,0,0,0,0,0,normal,0,96,72
9/15/2025 8:00,96,0,Monday,9,0,0,random_or_none,0,sunny,0.113,260,0,0,0,0,0,0,0,normal,0,98,72
9/15/2025 9:00,98,0,Monday,9,0,0,random_or_none,1,rainy,0.32,260,0,0,0,0,0,0,0,normal,0,95,87
9/15/2025 10:00,95,0,Monday,9,0,0,random_or_none,0,sunny,0.174,260,0,0,0,0,0,0,0,normal,0,100,95
9/15/2025 11:00,100,0,Monday,9,0,0,random_or_none,1,rainy,0.323,260,0,0,0,0,0,0,0,normal,0,110,104
9/15/2025 12:00,110,0,Monday,9,0,0,random_or_none,3,hot,0.836,260,0,0,0,0,0,0,0,extreme_weather,2,116,170
9/15/2025 13:00,116,0,Monday,9,0,0,random_or_none,4,dusty,0.563,260,0,0,0,0,0,0,0,normal,0,128,143
9/15/2025 14:00,128,0,Monday,9,0,0,random_or_none,4,dusty,0.518,260,0,0,0,0,0,0,0,normal,0,127,131
9/15/2025 15:00,127,0,Monday,9,0,0,random_or_none,1,rainy,0.489,260,0,0,0,0,0,0,0,normal,0,127,121
9/15/2025 16:00,127,0,Monday,9,0,0,random_or_none,0,sunny,0.331,260,0,0,0,0,0,0,0,normal,0,129,124
9/15/2025 17:00,129,0,Monday,9,0,0,random_or_none,1,rainy,0.691,260,0,0,0,0,0,0,0,normal,0,130,125
9/15/2025 18:00,130,0,Monday,9,0,0,random_or_none,3,hot,0.634,260,0,0,0,0,0,0,0,normal,0,121,131
9/15/2025 19:00,121,0,Monday,9,0,0,random_or_none,1,rainy,0.204,260,0,0,0,0,0,0,0,normal,0,113,128
9/15/2025 20:00,113,0,Monday,9,0,0,random_or_none,0,sunny,0.014,260,0,0,0,0,0,0,0,normal,0,104,118
9/15/2025 21:00,104,0,Monday,9,0,0,random_or_none,3,hot,0.516,260,0,0,0,0,0,0,0,normal,0,97,112
9/15/2025 22:00,97,0,Monday,9,0,0,random_or_none,5,windy,0.834,260,0,0,0,0,0,0,0,extreme_weather,2,81,101
9/15/2025 23:00,81,0,Monday,9,0,0,random_or_none,0,sunny,0.083,260,0,0,0,0,0,0,0,normal,0,76,87
9/16/2025 0:00,76,1,Tuesday,9,0,0,random_or_none,0,sunny,0.257,260,0,0,0,0,0,0,0,normal,0,73,77
9/16/2025 1:00,73,1,Tuesday,9,0,0,random_or_none,3,hot,0.452,260,0,0,0,0,0,0,0,normal,0,67,69
9/16/2025 2:00,67,1,Tuesday,9,0,0,random_or_none,0,sunny,0.001,260,0,0,0,0,0,0,0,normal,0,63,75
9/16/2025 3:00,63,1,Tuesday,9,0,0,random_or_none,0,sunny,0.146,260,0,0,0,0,0,0,0,normal,0,64,69
9/16/2025 4:00,64,1,Tuesday,9,0,0,random_or_none,5,windy,0.244,260,0,0,0,0,0,0,0,normal,0,72,73
9/16/2025 5:00,72,1,Tuesday,9,0,0,random_or_none,4,dusty,0.503,260,0,0,0,0,0,0,0,normal,0,70,66
9/16/2025 6:00,70,1,Tuesday,9,0,0,random_or_none,3,hot,0.409,260,0,0,0,0,0,0,0,normal,0,72,70
9/16/2025 7:00,72,1,Tuesday,9,0,0,random_or_none,0,sunny,0.192,260,0,0,0,0,0,0,0,normal,0,72,74
9/16/2025 8:00,72,1,Tuesday,9,0,0,random_or_none,0,sunny,0.053,260,0,0,0,0,0,0,0,normal,0,87,82
9/16/2025 9:00,87,1,Tuesday,9,0,0,random_or_none,4,dusty,1,260,0,0,0,0,0,0,0,extreme_weather,2,95,91
9/16/2025 10:00,95,1,Tuesday,9,0,0,random_or_none,2,cold,0.515,260,0,0,0,0,0,0,0,normal,0,104,103
9/16/2025 11:00,104,1,Tuesday,9,0,0,random_or_none,0,sunny,0.203,260,0,0,0,0,0,0,0,normal,0,170,104
9/16/2025 12:00,170,1,Tuesday,9,0,0,random_or_none,5,windy,0.518,260,0,1,130.1,0,0,0,0,emergency_spike,5,143,110
9/16/2025 13:00,143,1,Tuesday,9,0,0,random_or_none,3,hot,0.859,260,0,0,0,0,0,0,0,extreme_weather,2,131,115
9/16/2025 14:00,131,1,Tuesday,9,0,0,random_or_none,0,sunny,0.243,260,0,0,0,0,0,0,0,normal,0,121,118
9/16/2025 15:00,121,1,Tuesday,9,0,0,random_or_none,0,sunny,0.076,260,0,0,0,0,0,0,0,normal,0,124,117
9/16/2025 16:00,124,1,Tuesday,9,0,0,random_or_none,4,dusty,0.684,260,0,0,0,0,0,0,0,normal,0,125,110
9/16/2025 17:00,125,1,Tuesday,9,0,0,random_or_none,4,dusty,0.767,260,0,0,0,0,0,0,0,extreme_weather,2,131,111
9/16/2025 18:00,131,1,Tuesday,9,0,0,random_or_none,3,hot,0.844,260,0,0,0,0,0,0,0,extreme_weather,2,128,114
9/16/2025 19:00,128,1,Tuesday,9,0,0,random_or_none,3,hot,0.635,260,0,0,0,0,0,0,0,normal,0,118,119
9/16/2025 20:00,118,1,Tuesday,9,0,0,random_or_none,0,sunny,0.107,260,0,0,0,0,0,0,0,normal,0,112,103
9/16/2025 21:00,112,1,Tuesday,9,0,0,random_or_none,3,hot,0.941,260,0,0,0,0,0,0,0,extreme_weather,2,101,90
9/16/2025 22:00,101,1,Tuesday,9,0,0,random_or_none,4,dusty,0.4,260,0,0,0,0,0,0,0,normal,0,87,79
9/16/2025 23:00,87,1,Tuesday,9,0,0,random_or_none,0,sunny,0.303,260,0,0,0,0,0,0,0,normal,0,77,72
9/17/2025 0:00,77,2,Wednesday,9,0,0,random_or_none,3,hot,0.489,260,0,0,0,0,0,0,0,normal,0,69,68
9/17/2025 1:00,69,2,Wednesday,9,0,0,random_or_none,3,hot,0.786,260,0,0,0,0,0,0,0,extreme_weather,2,75,69
9/17/2025 2:00,75,2,Wednesday,9,0,0,random_or_none,5,windy,0.631,260,0,0,0,0,0,0,0,normal,0,69,70
9/17/2025 3:00,69,2,Wednesday,9,0,0,random_or_none,3,hot,0.444,260,0,0,0,0,0,0,0,normal,0,73,64
9/17/2025 4:00,73,2,Wednesday,9,0,0,random_or_none,3,hot,0.569,260,0,0,0,0,0,0,0,normal,0,66,60
9/17/2025 5:00,66,2,Wednesday,9,0,0,random_or_none,2,cold,0.2,260,0,0,0,0,0,0,0,normal,0,70,63
9/17/2025 6:00,70,2,Wednesday,9,0,0,random_or_none,0,sunny,0.131,260,0,0,0,0,0,0,0,normal,0,74,77
9/17/2025 7:00,74,2,Wednesday,9,0,0,random_or_none,0,sunny,0.202,260,0,0,0,0,0,0,0,normal,0,82,77
9/17/2025 8:00,82,2,Wednesday,9,0,0,random_or_none,3,hot,0.695,260,0,0,0,0,0,0,0,normal,0,91,81
9/17/2025 9:00,91,2,Wednesday,9,0,0,random_or_none,4,dusty,0.707,260,0,0,0,0,0,0,0,normal,0,103,88
9/17/2025 10:00,103,2,Wednesday,9,0,0,random_or_none,4,dusty,0.749,260,0,0,0,0,0,0,0,normal,0,104,92
9/17/2025 11:00,104,2,Wednesday,9,0,0,random_or_none,0,sunny,0.332,260,0,0,0,0,0,0,0,normal,0,110,107
9/17/2025 12:00,110,2,Wednesday,9,0,0,random_or_none,0,sunny,0.1,260,0,0,0,0,0,0,0,normal,0,115,111
9/17/2025 13:00,115,2,Wednesday,9,0,0,random_or_none,4,dusty,0.766,260,0,0,0,0,0,0,0,extreme_weather,2,118,117
9/17/2025 14:00,118,2,Wednesday,9,0,0,random_or_none,1,rainy,0.48,260,0,0,0,0,0,0,0,normal,0,117,112
9/17/2025 15:00,117,2,Wednesday,9,0,0,random_or_none,0,sunny,0.29,260,0,0,0,0,0,0,0,normal,0,110,114
9/17/2025 16:00,110,2,Wednesday,9,0,0,random_or_none,0,sunny,0.164,260,0,0,0,0,0,0,0,normal,0,111,110
9/17/2025 17:00,111,2,Wednesday,9,0,0,random_or_none,0,sunny,0.062,260,0,0,0,0,0,0,0,normal,0,114,124
9/17/2025 18:00,114,2,Wednesday,9,0,0,random_or_none,0,sunny,0.233,260,0,0,0,0,0,0,0,normal,0,119,127
9/17/2025 19:00,119,2,Wednesday,9,0,0,random_or_none,3,hot,0.713,260,0,0,0,0,0,0,0,normal,0,103,113
9/17/2025 20:00,103,2,Wednesday,9,0,0,random_or_none,0,sunny,0.004,260,0,0,0,0,0,0,0,normal,0,90,108
9/17/2025 21:00,90,2,Wednesday,9,0,0,random_or_none,0,sunny,0.219,260,0,0,0,0,0,0,0,normal,0,79,95
9/17/2025 22:00,79,2,Wednesday,9,0,0,random_or_none,0,sunny,0.161,260,0,0,0,0,0,0,0,normal,0,72,93
9/17/2025 23:00,72,2,Wednesday,9,0,0,random_or_none,3,hot,0.845,260,0,0,0,0,0,0,0,extreme_weather,2,68,87
9/18/2025 0:00,68,3,Thursday,9,0,0,random_or_none,3,hot,0.749,260,0,0,0,0,0,0,0,normal,0,69,115
9/18/2025 1:00,69,3,Thursday,9,0,0,random_or_none,0,sunny,0.053,260,0,0,0,0,0,0,0,normal,0,70,86
9/18/2025 2:00,70,3,Thursday,9,0,0,random_or_none,4,dusty,0.861,260,0,0,0,0,0,0,0,extreme_weather,2,64,73
9/18/2025 3:00,64,3,Thursday,9,0,0,random_or_none,0,sunny,0.122,260,0,0,0,0,0,0,0,normal,0,60,70
9/18/2025 4:00,60,3,Thursday,9,0,0,random_or_none,0,sunny,0.014,260,0,0,0,0,0,0,0,normal,0,63,77
9/18/2025 5:00,63,3,Thursday,9,0,0,random_or_none,5,windy,0.897,260,0,0,0,0,0,0,0,extreme_weather,2,77,81
9/18/2025 6:00,77,3,Thursday,9,0,0,random_or_none,1,rainy,0.937,260,0,0,0,0,0,0,0,extreme_weather,2,77,77
9/18/2025 7:00,77,3,Thursday,9,0,0,random_or_none,4,dusty,0.633,260,0,0,0,0,0,0,0,normal,0,81,76
9/18/2025 8:00,81,3,Thursday,9,0,0,random_or_none,3,hot,0.453,260,0,0,0,0,0,0,0,normal,0,88,84
9/18/2025 9:00,88,3,Thursday,9,0,0,random_or_none,1,rainy,0.82,260,0,0,0,0,0,0,0,extreme_weather,2,92,92
9/18/2025 10:00,92,3,Thursday,9,0,0,random_or_none,3,hot,0.221,260,0,0,0,0,0,0,0,normal,0,107,94
9/18/2025 11:00,107,3,Thursday,9,0,0,random_or_none,4,dusty,0.733,260,0,0,0,0,0,0,0,normal,0,111,100
9/18/2025 12:00,111,3,Thursday,9,0,0,random_or_none,3,hot,0.37,260,0,0,0,0,0,0,0,normal,0,117,110
9/18/2025 13:00,117,3,Thursday,9,0,0,random_or_none,1,rainy,0.788,260,0,0,0,0,0,0,0,extreme_weather,2,112,111
9/18/2025 14:00,112,3,Thursday,9,0,0,random_or_none,0,sunny,0.257,260,0,0,0,0,0,0,0,normal,0,114,114
9/18/2025 15:00,114,3,Thursday,9,0,0,random_or_none,0,sunny,0.216,260,0,0,0,0,0,0,0,normal,0,110,123
9/18/2025 16:00,110,3,Thursday,9,0,0,random_or_none,0,sunny,0.09,260,0,0,0,0,0,0,0,normal,0,124,197
9/18/2025 17:00,124,3,Thursday,9,0,0,random_or_none,4,dusty,0.467,260,0,0,0,0,0,0,0,normal,0,127,166
9/18/2025 18:00,127,3,Thursday,9,0,0,random_or_none,1,rainy,0.879,260,0,0,0,0,0,0,0,extreme_weather,2,113,175
9/18/2025 19:00,113,3,Thursday,9,0,0,random_or_none,1,rainy,0.35,260,0,0,0,0,0,0,0,normal,0,108,147
9/18/2025 20:00,108,3,Thursday,9,0,0,random_or_none,5,windy,0.607,260,0,0,0,0,0,0,0,normal,0,95,128
9/18/2025 21:00,95,3,Thursday,9,0,0,random_or_none,5,windy,0.207,260,0,0,0,0,0,0,0,normal,0,93,113
9/18/2025 22:00,93,3,Thursday,9,0,0,random_or_none,3,hot,0.244,260,0,0,0,0,0,0,0,normal,0,87,100
9/18/2025 23:00,87,3,Thursday,9,0,0,random_or_none,4,dusty,0.44,260,0,0,0,0,0,0,0,normal,0,115,85
9/19/2025 0:00,115,4,Friday,9,0,0,random_or_none,3,hot,0.852,260,0,1,82.27,0,0,0,0,emergency_spike,5,86,69
9/19/2025 1:00,86,4,Friday,9,0,0,random_or_none,0,sunny,0.216,260,0,0,0,0,0,0,0,normal,0,73,59
9/19/2025 2:00,73,4,Friday,9,0,0,random_or_none,3,hot,0.257,260,0,0,0,0,0,0,0,normal,0,70,44
9/19/2025 3:00,70,4,Friday,9,0,0,random_or_none,0,sunny,0.201,260,0,0,0,0,0,0,0,normal,0,77,45
9/19/2025 4:00,77,4,Friday,9,0,0,random_or_none,1,rainy,0.887,260,0,0,0,0,0,0,0,extreme_weather,2,81,57
9/19/2025 5:00,81,4,Friday,9,0,0,random_or_none,1,rainy,0.833,260,0,0,0,0,0,0,0,extreme_weather,2,77,59
9/19/2025 6:00,77,4,Friday,9,0,0,random_or_none,3,hot,0.696,260,0,0,0,0,0,0,0,normal,0,76,57
9/19/2025 7:00,76,4,Friday,9,0,0,random_or_none,0,sunny,0.103,260,0,0,0,0,0,0,0,normal,0,84,58
9/19/2025 8:00,84,4,Friday,9,0,0,random_or_none,1,rainy,0.917,260,0,0,0,0,0,0,0,extreme_weather,2,92,63
9/19/2025 9:00,92,4,Friday,9,0,0,random_or_none,3,hot,0.786,260,0,0,0,0,0,0,0,extreme_weather,2,94,110
9/19/2025 10:00,94,4,Friday,9,0,0,random_or_none,0,sunny,0.027,260,0,0,0,0,0,0,0,normal,0,100,100
9/19/2025 11:00,100,4,Friday,9,0,0,random_or_none,0,sunny,0.28,260,0,0,0,0,0,0,0,normal,0,110,87
9/19/2025 12:00,110,4,Friday,9,0,0,random_or_none,5,windy,0.468,260,0,0,0,0,0,0,0,normal,0,111,88
9/19/2025 13:00,111,4,Friday,9,0,0,random_or_none,3,hot,0.669,260,0,0,0,0,0,0,0,normal,0,114,93
9/19/2025 14:00,114,4,Friday,9,0,0,random_or_none,2,cold,0.494,260,0,0,0,0,0,0,0,normal,0,123,93
9/19/2025 15:00,123,4,Friday,9,0,0,random_or_none,3,hot,0.857,260,0,0,0,0,0,0,0,extreme_weather,2,197,95
9/19/2025 16:00,197,4,Friday,9,0,0,random_or_none,1,rainy,0.338,260,0,1,159.7,0,0,0,0,emergency_spike,5,166,95
9/19/2025 17:00,166,4,Friday,9,0,0,random_or_none,1,rainy,0.943,260,0,0,0,0,0,0,0,extreme_weather,2,175,93
9/19/2025 18:00,175,4,Friday,9,0,0,random_or_none,0,sunny,0.312,260,0,1,78.08,0,0,0,0,emergency_spike,5,147,97
9/19/2025 19:00,147,4,Friday,9,0,0,random_or_none,3,hot,0.681,260,0,0,0,0,0,0,0,normal,0,128,102
9/19/2025 20:00,128,4,Friday,9,0,0,random_or_none,4,dusty,0.463,260,0,0,0,0,0,0,0,normal,0,113,123
9/19/2025 21:00,113,4,Friday,9,0,0,random_or_none,5,windy,0.781,260,0,0,0,0,0,0,0,extreme_weather,2,100,107
9/19/2025 22:00,100,4,Friday,9,0,0,random_or_none,4,dusty,0.645,260,0,0,0,0,0,0,0,normal,0,85,91
9/19/2025 23:00,85,4,Friday,9,0,0,random_or_none,1,rainy,0.206,260,0,0,0,0,0,0,0,normal,0,69,118
9/20/2025 0:00,69,5,Saturday,9,1,0,random_or_none,3,hot,0.472,260,0,0,0,0,0,0,0,normal,0,59,92
9/20/2025 1:00,59,5,Saturday,9,1,0,random_or_none,5,windy,0.875,260,0,0,0,0,0,0,0,extreme_weather,2,44,74
9/20/2025 2:00,44,5,Saturday,9,1,0,random_or_none,0,sunny,0.147,260,0,0,0,0,0,0,0,normal,0,45,56
9/20/2025 3:00,45,5,Saturday,9,1,0,random_or_none,1,rainy,0.232,260,0,0,0,0,0,0,0,normal,0,57,57
9/20/2025 4:00,57,5,Saturday,9,1,0,random_or_none,4,dusty,0.726,260,0,0,0,0,0,0,0,normal,0,59,52
9/20/2025 5:00,59,5,Saturday,9,1,0,random_or_none,1,rainy,0.291,260,0,0,0,0,0,0,0,normal,0,57,51
9/20/2025 6:00,57,5,Saturday,9,1,0,random_or_none,3,hot,0.75,260,0,0,0,0,0,0,0,extreme_weather,2,58,53
9/20/2025 7:00,58,5,Saturday,9,1,0,random_or_none,0,sunny,0.104,260,0,0,0,0,0,0,0,normal,0,63,59
9/20/2025 8:00,63,5,Saturday,9,1,0,random_or_none,0,sunny,0.066,260,0,0,0,0,0,0,0,normal,0,110,66
9/20/2025 9:00,110,5,Saturday,9,1,0,random_or_none,0,sunny,0.19,260,0,1,94.98,0,0,0,0,emergency_spike,5,100,77
9/20/2025 10:00,100,5,Saturday,9,1,0,random_or_none,0,sunny,0.316,260,0,0,0,0,0,0,0,normal,0,87,88
9/20/2025 11:00,87,5,Saturday,9,1,0,random_or_none,0,sunny,0.112,260,0,0,0,0,0,0,0,normal,0,88,88
9/20/2025 12:00,88,5,Saturday,9,1,0,random_or_none,0,sunny,0.302,260,0,0,0,0,0,0,0,normal,0,93,86
9/20/2025 13:00,93,5,Saturday,9,1,0,random_or_none,0,sunny,0.248,260,0,0,0,0,0,0,0,normal,0,93,93
9/20/2025 14:00,93,5,Saturday,9,1,0,random_or_none,3,hot,0.173,260,0,0,0,0,0,0,0,normal,0,95,104
9/20/2025 15:00,95,5,Saturday,9,1,0,random_or_none,0,sunny,0.027,260,0,0,0,0,0,0,0,normal,0,95,106
9/20/2025 16:00,95,5,Saturday,9,1,0,random_or_none,3,hot,0.714,260,0,0,0,0,0,0,0,normal,0,93,97
9/20/2025 17:00,93,5,Saturday,9,1,0,random_or_none,0,sunny,0.333,260,0,0,0,0,0,0,0,normal,0,97,100
9/20/2025 18:00,97,5,Saturday,9,1,0,random_or_none,3,hot,0.722,260,0,0,0,0,0,0,0,normal,0,102,104
9/20/2025 19:00,102,5,Saturday,9,1,0,random_or_none,5,windy,0.895,260,0,0,0,0,0,0,0,extreme_weather,2,123,105
9/20/2025 20:00,123,5,Saturday,9,1,0,random_or_none,2,cold,0.437,260,0,1,61.28,0,0,0,0,emergency_spike,5,107,102
9/20/2025 21:00,107,5,Saturday,9,1,0,random_or_none,5,windy,0.276,260,0,0,0,0,0,0,0,normal,0,91,90
9/20/2025 22:00,91,5,Saturday,9,1,0,random_or_none,3,hot,0.874,260,0,0,0,0,0,0,0,extreme_weather,2,118,81
9/20/2025 23:00,118,5,Saturday,9,1,0,random_or_none,0,sunny,0.056,260,0,1,114.9,0,0,0,0,emergency_spike,5,92,70
9/21/2025 0:00,92,6,Sunday,9,1,0,random_or_none,1,rainy,0.568,260,0,0,0,0,0,0,0,normal,0,74,72
9/21/2025 1:00,74,6,Sunday,9,1,0,random_or_none,5,windy,0.51,260,0,0,0,0,0,0,0,normal,0,56,76
9/21/2025 2:00,56,6,Sunday,9,1,0,random_or_none,0,sunny,0.19,260,0,0,0,0,0,0,0,normal,0,57,68
9/21/2025 3:00,57,6,Sunday,9,1,0,random_or_none,3,hot,0.741,260,0,0,0,0,0,0,0,normal,0,52,69
9/21/2025 4:00,52,6,Sunday,9,1,0,random_or_none,4,dusty,0.438,260,0,0,0,0,0,0,0,normal,0,51,66
9/21/2025 5:00,51,6,Sunday,9,1,0,random_or_none,0,sunny,0.339,260,0,0,0,0,0,0,0,normal,0,53,113
9/21/2025 6:00,53,6,Sunday,9,1,0,random_or_none,0,sunny,0.064,260,0,0,0,0,0,0,0,normal,0,59,106
9/21/2025 7:00,59,6,Sunday,9,1,0,random_or_none,3,hot,0.801,260,0,0,0,0,0,0,0,extreme_weather,2,66,99
9/21/2025 8:00,66,6,Sunday,9,1,0,random_or_none,2,cold,0.577,260,0,0,0,0,0,0,0,normal,0,77,102
9/21/2025 9:00,77,6,Sunday,9,1,0,random_or_none,0,sunny,0.334,260,0,0,0,0,0,0,0,normal,0,88,100
9/21/2025 10:00,88,6,Sunday,9,1,0,random_or_none,4,dusty,0.954,260,0,0,0,0,0,0,0,extreme_weather,2,88,97
9/21/2025 11:00,88,6,Sunday,9,1,0,random_or_none,0,sunny,0.186,260,0,0,0,0,0,0,0,normal,0,86,136
9/21/2025 12:00,86,6,Sunday,9,1,0,random_or_none,3,hot,0.199,260,0,0,0,0,0,0,0,normal,0,93,128
9/21/2025 13:00,93,6,Sunday,9,1,0,random_or_none,3,hot,0.251,260,0,0,0,0,0,0,0,normal,0,104,121
9/21/2025 14:00,104,6,Sunday,9,1,0,random_or_none,5,windy,0.758,260,0,0,0,0,0,0,0,extreme_weather,2,106,131
9/21/2025 15:00,106,6,Sunday,9,1,0,random_or_none,4,dusty,0.39,260,0,0,0,0,0,0,0,normal,0,97,125
9/21/2025 16:00,97,6,Sunday,9,1,0,random_or_none,0,sunny,0.102,260,0,0,0,0,0,0,0,normal,0,100,125
9/21/2025 17:00,100,6,Sunday,9,1,0,random_or_none,4,dusty,1,260,0,0,0,0,0,0,0,extreme_weather,2,104,130
9/21/2025 18:00,104,6,Sunday,9,1,0,random_or_none,2,cold,0.587,260,0,0,0,0,0,0,0,normal,0,105,126
9/21/2025 19:00,105,6,Sunday,9,1,0,random_or_none,3,hot,0.833,260,0,0,0,0,0,0,0,extreme_weather,2,102,118
9/21/2025 20:00,102,6,Sunday,9,1,0,random_or_none,4,dusty,0.684,260,0,0,0,0,0,0,0,normal,0,90,116
9/21/2025 21:00,90,6,Sunday,9,1,0,random_or_none,3,hot,0.823,260,0,0,0,0,0,0,0,extreme_weather,2,81,98
9/21/2025 22:00,81,6,Sunday,9,1,0,random_or_none,0,sunny,0.213,260,0,0,0,0,0,0,0,normal,0,70,89
9/21/2025 23:00,70,6,Sunday,9,1,0,random_or_none,1,rainy,0.362,260,0,0,0,0,0,0,0,normal,0,72,76
9/22/2025 0:00,72,0,Monday,9,0,0,random_or_none,3,hot,0.333,260,0,0,0,0,0,0,0,normal,0,76,75
9/22/2025 1:00,76,0,Monday,9,0,0,random_or_none,1,rainy,0.28,260,0,0,0,0,0,0,0,normal,0,68,71
9/22/2025 2:00,68,0,Monday,9,0,0,random_or_none,0,sunny,0.187,260,0,0,0,0,0,0,0,normal,0,69,71
9/22/2025 3:00,69,0,Monday,9,0,0,random_or_none,5,windy,0.818,260,0,0,0,0,0,0,0,extreme_weather,2,66,61
9/22/2025 4:00,66,0,Monday,9,0,0,random_or_none,3,hot,0.902,260,0,0,0,0,0,0,0,extreme_weather,2,113,60
9/22/2025 5:00,113,0,Monday,9,0,0,random_or_none,1,rainy,0.487,260,0,1,103.31,0,0,0,0,emergency_spike,5,106,129
9/22/2025 6:00,106,0,Monday,9,0,0,random_or_none,3,hot,0.626,260,0,0,0,0,0,0,0,normal,0,99,107
9/22/2025 7:00,99,0,Monday,9,0,0,random_or_none,0,sunny,0.301,260,0,0,0,0,0,0,0,normal,0,102,92
9/22/2025 8:00,102,0,Monday,9,0,0,random_or_none,3,hot,0.705,260,0,0,0,0,0,0,0,normal,0,100,100
9/22/2025 9:00,100,0,Monday,9,0,0,random_or_none,5,windy,0.432,260,0,0,0,0,0,0,0,normal,0,97,102
9/22/2025 10:00,97,0,Monday,9,0,0,random_or_none,0,sunny,0.149,260,0,0,0,0,0,0,0,normal,0,136,99
9/22/2025 11:00,136,0,Monday,9,0,0,random_or_none,4,dusty,0.388,260,0,1,53.62,0,0,0,0,emergency_spike,5,128,167
9/22/2025 12:00,128,0,Monday,9,0,0,random_or_none,5,windy,0.305,260,0,0,0,0,0,0,0,normal,0,121,143
9/22/2025 13:00,121,0,Monday,9,0,0,random_or_none,3,hot,0.253,260,0,0,0,0,0,0,0,normal,0,131,128
9/22/2025 14:00,131,0,Monday,9,0,0,random_or_none,3,hot,0.559,260,0,0,0,0,0,0,0,normal,0,125,120
9/22/2025 15:00,125,0,Monday,9,0,0,random_or_none,0,sunny,0.151,260,0,0,0,0,0,0,0,normal,0,125,111
9/22/2025 16:00,125,0,Monday,9,0,0,random_or_none,3,hot,0.883,260,0,0,0,0,0,0,0,extreme_weather,2,130,119
9/22/2025 17:00,130,0,Monday,9,0,0,random_or_none,0,sunny,0.12,260,0,0,0,0,0,0,0,normal,0,126,127
9/22/2025 18:00,126,0,Monday,9,0,0,random_or_none,2,cold,0.119,260,0,0,0,0,0,0,0,normal,0,118,123
9/22/2025 19:00,118,0,Monday,9,0,0,random_or_none,3,hot,0.257,260,0,0,0,0,0,0,0,normal,0,116,111
9/22/2025 20:00,116,0,Monday,9,0,0,random_or_none,0,sunny,0.04,260,0,0,0,0,0,0,0,normal,0,98,109
9/22/2025 21:00,98,0,Monday,9,0,0,random_or_none,0,sunny,0.026,260,0,0,0,0,0,0,0,normal,0,89,103
9/22/2025 22:00,89,0,Monday,9,0,0,random_or_none,0,sunny,0.056,260,0,0,0,0,0,0,0,normal,0,76,96
9/22/2025 23:00,76,0,Monday,9,0,0,random_or_none,0,sunny,0.283,260,0,0,0,0,0,0,0,normal,0,75,83
9/23/2025 0:00,75,1,Tuesday,9,0,0,random_or_none,3,hot,0.685,260,0,0,0,0,0,0,0,normal,0,71,67
9/23/2025 1:00,71,1,Tuesday,9,0,0,random_or_none,4,dusty,0.593,260,0,0,0,0,0,0,0,normal,0,71,66
9/23/2025 2:00,71,1,Tuesday,9,0,0,random_or_none,3,hot,0.718,260,0,0,0,0,0,0,0,normal,0,61,65
9/23/2025 3:00,61,1,Tuesday,9,0,0,random_or_none,0,sunny,0.104,260,0,0,0,0,0,0,0,normal,0,60,68
9/23/2025 4:00,60,1,Tuesday,9,0,0,random_or_none,4,dusty,0.401,260,0,0,0,0,0,0,0,normal,0,129,63
9/23/2025 5:00,129,1,Tuesday,9,0,0,random_or_none,5,windy,0.497,260,0,1,153.12,0,0,0,0,emergency_spike,5,107,58
9/23/2025 6:00,107,1,Tuesday,9,0,0,random_or_none,3,hot,0.39,260,0,0,0,0,0,0,0,normal,0,92,66
9/23/2025 7:00,92,1,Tuesday,9,0,0,random_or_none,5,windy,0.279,260,0,0,0,0,0,0,0,normal,0,100,78
9/23/2025 8:00,100,1,Tuesday,9,0,0,random_or_none,4,dusty,0.846,260,0,0,0,0,0,0,0,extreme_weather,2,102,84
9/23/2025 9:00,102,1,Tuesday,9,0,0,random_or_none,3,hot,0.949,260,0,0,0,0,0,0,0,extreme_weather,2,99,95
9/23/2025 10:00,99,1,Tuesday,9,0,0,random_or_none,0,sunny,0.292,260,0,0,0,0,0,0,0,normal,0,167,103
9/23/2025 11:00,167,1,Tuesday,9,0,0,random_or_none,4,dusty,0.399,260,0,1,139.78,0,0,0,0,emergency_spike,5,143,103
9/23/2025 12:00,143,1,Tuesday,9,0,0,random_or_none,3,hot,0.433,260,0,0,0,0,0,0,0,normal,0,128,104
9/23/2025 13:00,128,1,Tuesday,9,0,0,random_or_none,0,sunny,0.324,260,0,0,0,0,0,0,0,normal,0,120,107
9/23/2025 14:00,120,1,Tuesday,9,0,0,random_or_none,1,rainy,0.221,260,0,0,0,0,0,0,0,normal,0,111,112
9/23/2025 15:00,111,1,Tuesday,9,0,0,random_or_none,0,sunny,0.142,260,0,0,0,0,0,0,0,normal,0,119,113
9/23/2025 16:00,119,1,Tuesday,9,0,0,random_or_none,5,windy,0.215,260,0,0,0,0,0,0,0,normal,0,127,113
9/23/2025 17:00,127,1,Tuesday,9,0,0,random_or_none,4,dusty,0.832,260,0,0,0,0,0,0,0,extreme_weather,2,123,111
9/23/2025 18:00,123,1,Tuesday,9,0,0,random_or_none,4,dusty,0.635,260,0,0,0,0,0,0,0,normal,0,111,120
9/23/2025 19:00,111,1,Tuesday,9,0,0,random_or_none,0,sunny,0.162,260,0,0,0,0,0,0,0,normal,0,109,113
9/23/2025 20:00,109,1,Tuesday,9,0,0,random_or_none,0,sunny,0.173,260,0,0,0,0,0,0,0,normal,0,103,150
9/23/2025 21:00,103,1,Tuesday,9,0,0,random_or_none,0,sunny,0.271,260,0,0,0,0,0,0,0,normal,0,96,119
9/23/2025 22:00,96,1,Tuesday,9,0,0,random_or_none,5,windy,0.681,260,0,0,0,0,0,0,0,normal,0,83,98
9/23/2025 23:00,83,1,Tuesday,9,0,0,random_or_none,0,sunny,0.301,260,0,0,0,0,0,0,0,normal,0,67,87
9/24/2025 0:00,67,2,Wednesday,9,0,0,random_or_none,0,sunny,0.184,260,0,0,0,0,0,0,0,normal,0,66,79
9/24/2025 1:00,66,2,Wednesday,9,0,0,random_or_none,4,dusty,0.785,260,0,0,0,0,0,0,0,extreme_weather,2,65,74
9/24/2025 2:00,65,2,Wednesday,9,0,0,random_or_none,0,sunny,0.066,260,0,0,0,0,0,0,0,normal,0,68,59
9/24/2025 3:00,68,2,Wednesday,9,0,0,random_or_none,3,hot,0.561,260,0,0,0,0,0,0,0,normal,0,63,54
9/24/2025 4:00,63,2,Wednesday,9,0,0,random_or_none,0,sunny,0.112,260,0,0,0,0,0,0,0,normal,0,58,60
9/24/2025 5:00,58,2,Wednesday,9,0,0,random_or_none,0,sunny,0.336,260,0,0,0,0,0,0,0,normal,0,66,56
9/24/2025 6:00,66,2,Wednesday,9,0,0,random_or_none,0,sunny,0.302,260,0,0,0,0,0,0,0,normal,0,78,59
9/24/2025 7:00,78,2,Wednesday,9,0,0,random_or_none,1,rainy,0.854,260,0,0,0,0,0,0,0,extreme_weather,2,84,68
9/24/2025 8:00,84,2,Wednesday,9,0,0,random_or_none,1,rainy,0.218,260,0,0,0,0,0,0,0,normal,0,95,78
9/24/2025 9:00,95,2,Wednesday,9,0,0,random_or_none,3,hot,0.645,260,0,0,0,0,0,0,0,normal,0,103,92
9/24/2025 10:00,103,2,Wednesday,9,0,0,random_or_none,4,dusty,0.615,260,0,0,0,0,0,0,0,normal,0,103,94
9/24/2025 11:00,103,2,Wednesday,9,0,0,random_or_none,0,sunny,0.056,260,0,0,0,0,0,0,0,normal,0,104,96
9/24/2025 12:00,104,2,Wednesday,9,0,0,random_or_none,2,cold,0.304,260,0,0,0,0,0,0,0,normal,0,107,104
9/24/2025 13:00,107,2,Wednesday,9,0,0,random_or_none,1,rainy,0.211,260,0,0,0,0,0,0,0,normal,0,112,107
9/24/2025 14:00,112,2,Wednesday,9,0,0,random_or_none,3,hot,0.463,260,0,0,0,0,0,0,0,normal,0,113,111
9/24/2025 15:00,113,2,Wednesday,9,0,0,random_or_none,4,dusty,0.471,260,0,0,0,0,0,0,0,normal,0,113,118
9/24/2025 16:00,113,2,Wednesday,9,0,0,random_or_none,0,sunny,0.026,260,0,0,0,0,0,0,0,normal,0,111,122
9/24/2025 17:00,111,2,Wednesday,9,0,0,random_or_none,0,sunny,0.069,260,0,0,0,0,0,0,0,normal,0,120,119
9/24/2025 18:00,120,2,Wednesday,9,0,0,random_or_none,3,hot,0.732,260,0,0,0,0,0,0,0,normal,0,113,111
9/24/2025 19:00,113,2,Wednesday,9,0,0,random_or_none,2,cold,0.141,260,0,0,0,0,0,0,0,normal,0,150,113
9/24/2025 20:00,150,2,Wednesday,9,0,0,random_or_none,4,dusty,0.707,260,0,1,80.71,0,0,0,0,emergency_spike,5,119,101
9/24/2025 21:00,119,2,Wednesday,9,0,0,random_or_none,5,windy,0.304,260,0,0,0,0,0,0,0,normal,0,98,142
9/24/2025 22:00,98,2,Wednesday,9,0,0,random_or_none,5,windy,0.167,260,0,0,0,0,0,0,0,normal,0,87,114
9/24/2025 23:00,87,2,Wednesday,9,0,0,random_or_none,3,hot,0.82,260,0,0,0,0,0,0,0,extreme_weather,2,79,95
9/25/2025 0:00,79,3,Thursday,9,0,0,random_or_none,4,dusty,0.542,260,0,0,0,0,0,0,0,normal,0,74,83
9/25/2025 1:00,74,3,Thursday,9,0,0,random_or_none,0,sunny,0.173,260,0,0,0,0,0,0,0,normal,0,59,73
9/25/2025 2:00,59,3,Thursday,9,0,0,random_or_none,0,sunny,0.287,260,0,0,0,0,0,0,0,normal,0,54,70
9/25/2025 3:00,54,3,Thursday,9,0,0,random_or_none,0,sunny,0.23,260,0,0,0,0,0,0,0,normal,0,60,67
9/25/2025 4:00,60,3,Thursday,9,0,0,random_or_none,0,sunny,0.064,260,0,0,0,0,0,0,0,normal,0,56,72
9/25/2025 5:00,56,3,Thursday,9,0,0,random_or_none,0,sunny,0.311,260,0,0,0,0,0,0,0,normal,0,59,67
9/25/2025 6:00,59,3,Thursday,9,0,0,random_or_none,0,sunny,0.309,260,0,0,0,0,0,0,0,normal,0,68,78
9/25/2025 7:00,68,3,Thursday,9,0,0,random_or_none,5,windy,0.278,260,0,0,0,0,0,0,0,normal,0,78,77
9/25/2025 8:00,78,3,Thursday,9,0,0,random_or_none,3,hot,0.154,260,0,0,0,0,0,0,0,normal,0,92,81
9/25/2025 9:00,92,3,Thursday,9,0,0,random_or_none,5,windy,0.835,260,0,0,0,0,0,0,0,extreme_weather,2,94,88
9/25/2025 10:00,94,3,Thursday,9,0,0,random_or_none,0,sunny,0.131,260,0,0,0,0,0,0,0,normal,0,96,101
9/25/2025 11:00,96,3,Thursday,9,0,0,random_or_none,2,cold,0.184,260,0,0,0,0,0,0,0,normal,0,104,106
9/25/2025 12:00,104,3,Thursday,9,0,0,random_or_none,0,sunny,0.202,260,0,0,0,0,0,0,0,normal,0,107,111
9/25/2025 13:00,107,3,Thursday,9,0,0,random_or_none,0,sunny,0.302,260,0,0,0,0,0,0,0,normal,0,111,117
9/25/2025 14:00,111,3,Thursday,9,0,0,random_or_none,0,sunny,0.173,260,0,0,0,0,0,0,0,normal,0,118,122
9/25/2025 15:00,118,3,Thursday,9,0,0,random_or_none,0,sunny,0.307,260,0,0,0,0,0,0,0,normal,0,122,113
9/25/2025 16:00,122,3,Thursday,9,0,0,random_or_none,0,sunny,0.333,260,0,0,0,0,0,0,0,normal,0,119,117
9/25/2025 17:00,119,3,Thursday,9,0,0,random_or_none,0,sunny,0.154,260,0,0,0,0,0,0,0,normal,0,111,127
9/25/2025 18:00,111,3,Thursday,9,0,0,random_or_none,0,sunny,0.315,260,0,0,0,0,0,0,0,normal,0,113,125
9/25/2025 19:00,113,3,Thursday,9,0,0,random_or_none,4,dusty,0.358,260,0,0,0,0,0,0,0,normal,0,101,121
9/25/2025 20:00,101,3,Thursday,9,0,0,random_or_none,0,sunny,0.14,260,0,0,0,0,0,0,0,normal,0,142,114
9/25/2025 21:00,142,3,Thursday,9,0,0,random_or_none,3,hot,0.535,260,0,1,82.94,0,0,0,0,emergency_spike,5,114,101
9/25/2025 22:00,114,3,Thursday,9,0,0,random_or_none,3,hot,0.154,260,0,0,0,0,0,0,0,normal,0,95,94
9/25/2025 23:00,95,3,Thursday,9,0,0,random_or_none,4,dusty,0.554,260,0,0,0,0,0,0,0,normal,0,83,80
9/26/2025 0:00,83,4,Friday,9,0,0,random_or_none,0,sunny,0.075,260,0,0,0,0,0,0,0,normal,0,73,67
9/26/2025 1:00,73,4,Friday,9,0,0,random_or_none,0,sunny,0.036,260,0,0,0,0,0,0,0,normal,0,70,57
9/26/2025 2:00,70,4,Friday,9,0,0,random_or_none,0,sunny,0.069,260,0,0,0,0,0,0,0,normal,0,67,47
9/26/2025 3:00,67,4,Friday,9,0,0,random_or_none,0,sunny,0.262,260,0,0,0,0,0,0,0,normal,0,72,48
9/26/2025 4:00,72,4,Friday,9,0,0,random_or_none,0,sunny,0.248,260,0,0,0,0,0,0,0,normal,0,67,52
9/26/2025 5:00,67,4,Friday,9,0,0,random_or_none,0,sunny,0.139,260,0,0,0,0,0,0,0,normal,0,78,49
9/26/2025 6:00,78,4,Friday,9,0,0,random_or_none,0,sunny,0.264,260,0,0,0,0,0,0,0,normal,0,77,60
9/26/2025 7:00,77,4,Friday,9,0,0,random_or_none,2,cold,0.475,260,0,0,0,0,0,0,0,normal,0,81,64
9/26/2025 8:00,81,4,Friday,9,0,0,random_or_none,0,sunny,0.01,260,0,0,0,0,0,0,0,normal,0,88,65
9/26/2025 9:00,88,4,Friday,9,0,0,random_or_none,4,dusty,0.511,260,0,0,0,0,0,0,0,normal,0,101,78
9/26/2025 10:00,101,4,Friday,9,0,0,random_or_none,4,dusty,0.845,260,0,0,0,0,0,0,0,extreme_weather,2,106,85
9/26/2025 11:00,106,4,Friday,9,0,0,random_or_none,3,hot,0.481,260,0,0,0,0,0,0,0,normal,0,111,86
9/26/2025 12:00,111,4,Friday,9,0,0,random_or_none,0,sunny,0.271,260,0,0,0,0,0,0,0,normal,0,117,93
9/26/2025 13:00,117,4,Friday,9,0,0,random_or_none,3,hot,0.876,260,0,0,0,0,0,0,0,extreme_weather,2,122,102
9/26/2025 14:00,122,4,Friday,9,0,0,random_or_none,4,dusty,0.848,260,0,0,0,0,0,0,0,extreme_weather,2,113,105
9/26/2025 15:00,113,4,Friday,9,0,0,random_or_none,0,sunny,0.186,260,0,0,0,0,0,0,0,normal,0,117,107
9/26/2025 16:00,117,4,Friday,9,0,0,random_or_none,3,hot,0.85,260,0,0,0,0,0,0,0,extreme_weather,2,127,116
9/26/2025 17:00,127,4,Friday,9,0,0,random_or_none,3,hot,0.934,260,0,0,0,0,0,0,0,extreme_weather,2,125,113
9/26/2025 18:00,125,4,Friday,9,0,0,random_or_none,0,sunny,0.273,260,0,0,0,0,0,0,0,normal,0,121,108
9/26/2025 19:00,121,4,Friday,9,0,0,random_or_none,5,windy,0.175,260,0,0,0,0,0,0,0,normal,0,114,106
9/26/2025 20:00,114,4,Friday,9,0,0,random_or_none,0,sunny,0.281,260,0,0,0,0,0,0,0,normal,0,101,101
9/26/2025 21:00,101,4,Friday,9,0,0,random_or_none,1,rainy,0.342,260,0,0,0,0,0,0,0,normal,0,94,86
9/26/2025 22:00,94,4,Friday,9,0,0,random_or_none,3,hot,0.6,260,0,0,0,0,0,0,0,normal,0,80,114
9/26/2025 23:00,80,4,Friday,9,0,0,random_or_none,3,hot,0.162,260,0,0,0,0,0,0,0,normal,0,67,90
9/27/2025 0:00,67,5,Saturday,9,1,0,random_or_none,5,windy,0.846,260,0,0,0,0,0,0,0,extreme_weather,2,57,75
9/27/2025 1:00,57,5,Saturday,9,1,0,random_or_none,4,dusty,0.506,260,0,0,0,0,0,0,0,normal,0,47,55
9/27/2025 2:00,47,5,Saturday,9,1,0,random_or_none,0,sunny,0.215,260,0,0,0,0,0,0,0,normal,0,48,50
9/27/2025 3:00,48,5,Saturday,9,1,0,random_or_none,5,windy,0.886,260,0,0,0,0,0,0,0,extreme_weather,2,52,49
9/27/2025 4:00,52,5,Saturday,9,1,0,random_or_none,3,hot,0.706,260,0,0,0,0,0,0,0,normal,0,49,56
9/27/2025 5:00,49,5,Saturday,9,1,0,random_or_none,0,sunny,0.175,260,0,0,0,0,0,0,0,normal,0,60,56
9/27/2025 6:00,60,5,Saturday,9,1,0,random_or_none,0,sunny,0.338,260,0,0,0,0,0,0,0,normal,0,64,62
9/27/2025 7:00,64,5,Saturday,9,1,0,random_or_none,5,windy,0.636,260,0,0,0,0,0,0,0,normal,0,65,72
9/27/2025 8:00,65,5,Saturday,9,1,0,random_or_none,0,sunny,0.161,260,0,0,0,0,0,0,0,normal,0,78,79
9/27/2025 9:00,78,5,Saturday,9,1,0,random_or_none,3,hot,0.337,260,0,0,0,0,0,0,0,normal,0,85,78
9/27/2025 10:00,85,5,Saturday,9,1,0,random_or_none,5,windy,0.684,260,0,0,0,0,0,0,0,normal,0,86,80
9/27/2025 11:00,86,5,Saturday,9,1,0,random_or_none,5,windy,0.536,260,0,0,0,0,0,0,0,normal,0,93,79
9/27/2025 12:00,93,5,Saturday,9,1,0,random_or_none,0,sunny,0.334,260,0,0,0,0,0,0,0,normal,0,102,84
9/27/2025 13:00,102,5,Saturday,9,1,0,random_or_none,3,hot,0.923,260,0,0,0,0,0,0,0,extreme_weather,2,105,88
9/27/2025 14:00,105,5,Saturday,9,1,0,random_or_none,4,dusty,0.813,260,0,0,0,0,0,0,0,extreme_weather,2,107,93
9/27/2025 15:00,107,5,Saturday,9,1,0,random_or_none,4,dusty,0.321,260,0,0,0,0,0,0,0,normal,0,116,91
9/27/2025 16:00,116,5,Saturday,9,1,0,random_or_none,1,rainy,0.603,260,0,0,0,0,0,0,0,normal,0,113,97
9/27/2025 17:00,113,5,Saturday,9,1,0,random_or_none,0,sunny,0.219,260,0,0,0,0,0,0,0,normal,0,108,103
9/27/2025 18:00,108,5,Saturday,9,1,0,random_or_none,5,windy,0.75,260,0,0,0,0,0,0,0,extreme_weather,2,106,91
9/27/2025 19:00,106,5,Saturday,9,1,0,random_or_none,2,cold,0.71,260,0,0,0,0,0,0,0,normal,0,101,88
9/27/2025 20:00,101,5,Saturday,9,1,0,random_or_none,3,hot,0.537,260,0,0,0,0,0,0,0,normal,0,86,87
9/27/2025 21:00,86,5,Saturday,9,1,0,random_or_none,5,windy,0.644,260,0,0,0,0,0,0,0,normal,0,114,79
9/27/2025 22:00,114,5,Saturday,9,1,0,random_or_none,3,hot,0.678,260,0,1,70.48,0,0,0,0,emergency_spike,5,90,74
9/27/2025 23:00,90,5,Saturday,9,1,0,random_or_none,3,hot,0.91,260,0,0,0,0,0,0,0,extreme_weather,2,75,66
9/28/2025 0:00,75,6,Sunday,9,1,0,random_or_none,5,windy,0.406,260,0,0,0,0,0,0,0,normal,0,55,73
9/28/2025 1:00,55,6,Sunday,9,1,0,random_or_none,0,sunny,0.184,260,0,0,0,0,0,0,0,normal,0,50,64
9/28/2025 2:00,50,6,Sunday,9,1,0,random_or_none,3,hot,0.18,260,0,0,0,0,0,0,0,normal,0,49,62
9/28/2025 3:00,49,6,Sunday,9,1,0,random_or_none,1,rainy,0.899,260,0,0,0,0,0,0,0,extreme_weather,2,56,67
9/28/2025 4:00,56,6,Sunday,9,1,0,random_or_none,3,hot,0.243,260,0,0,0,0,0,0,0,normal,0,56,68
9/28/2025 5:00,56,6,Sunday,9,1,0,random_or_none,0,sunny,0.134,260,0,0,0,0,0,0,0,normal,0,62,64
9/28/2025 6:00,62,6,Sunday,9,1,0,random_or_none,1,rainy,0.949,260,0,0,0,0,0,0,0,extreme_weather,2,72,75
9/28/2025 7:00,72,6,Sunday,9,1,0,random_or_none,3,hot,0.79,260,0,0,0,0,0,0,0,extreme_weather,2,79,72
9/28/2025 8:00,79,6,Sunday,9,1,0,random_or_none,4,dusty,0.978,260,0,0,0,0,0,0,0,extreme_weather,2,78,78
9/28/2025 9:00,78,6,Sunday,9,1,0,random_or_none,1,rainy,0.836,260,0,0,0,0,0,0,0,extreme_weather,2,80,95
9/28/2025 10:00,80,6,Sunday,9,1,0,random_or_none,2,cold,0.239,260,0,0,0,0,0,0,0,normal,0,79,109
9/28/2025 11:00,79,6,Sunday,9,1,0,random_or_none,0,sunny,0.236,260,0,0,0,0,0,0,0,normal,0,84,108
9/28/2025 12:00,84,6,Sunday,9,1,0,random_or_none,3,hot,0.154,260,0,0,0,0,0,0,0,normal,0,88,106
9/28/2025 13:00,88,6,Sunday,9,1,0,random_or_none,0,sunny,0.085,260,0,0,0,0,0,0,0,normal,0,93,103
9/28/2025 14:00,93,6,Sunday,9,1,0,random_or_none,0,sunny,0.03,260,0,0,0,0,0,0,0,normal,0,91,118
9/28/2025 15:00,91,6,Sunday,9,1,0,random_or_none,3,hot,0.281,260,0,0,0,0,0,0,0,normal,0,97,117
9/28/2025 16:00,97,6,Sunday,9,1,0,random_or_none,3,hot,0.927,260,0,0,0,0,0,0,0,extreme_weather,2,103,124
9/28/2025 17:00,103,6,Sunday,9,1,0,random_or_none,4,dusty,0.426,260,0,0,0,0,0,0,0,normal,0,91,115
9/28/2025 18:00,91,6,Sunday,9,1,0,random_or_none,5,windy,0.562,260,0,0,0,0,0,0,0,normal,0,88,114
9/28/2025 19:00,88,6,Sunday,9,1,0,random_or_none,3,hot,0.478,260,0,0,0,0,0,0,0,normal,0,87,117
9/28/2025 20:00,87,6,Sunday,9,1,0,random_or_none,5,windy,0.547,260,0,0,0,0,0,0,0,normal,0,79,112
9/28/2025 21:00,79,6,Sunday,9,1,0,random_or_none,0,sunny,0.239,260,0,0,0,0,0,0,0,normal,0,74,107
9/28/2025 22:00,74,6,Sunday,9,1,0,random_or_none,0,sunny,0.265,260,0,0,0,0,0,0,0,normal,0,66,104
9/28/2025 23:00,66,6,Sunday,9,1,0,random_or_none,5,windy,0.516,260,0,0,0,0,0,0,0,normal,0,73,92
9/29/2025 0:00,73,0,Monday,9,0,0,random_or_none,3,hot,0.56,260,0,0,0,0,0,0,0,normal,0,64,87
9/29/2025 1:00,64,0,Monday,9,0,0,random_or_none,0,sunny,0.283,260,0,0,0,0,0,0,0,normal,0,62,77
9/29/2025 2:00,62,0,Monday,9,0,0,random_or_none,0,sunny,0.175,260,0,0,0,0,0,0,0,normal,0,67,68
9/29/2025 3:00,67,0,Monday,9,0,0,random_or_none,1,rainy,0.862,260,0,0,0,0,0,0,0,extreme_weather,2,68,67
9/29/2025 4:00,68,0,Monday,9,0,0,random_or_none,3,hot,0.625,260,0,0,0,0,0,0,0,normal,0,64,69
9/29/2025 5:00,64,0,Monday,9,0,0,random_or_none,0,sunny,0.154,260,0,0,0,0,0,0,0,normal,0,75,71
9/29/2025 6:00,75,0,Monday,9,0,0,random_or_none,4,dusty,0.764,260,0,0,0,0,0,0,0,extreme_weather,2,72,72
9/29/2025 7:00,72,0,Monday,9,0,0,random_or_none,0,sunny,0.119,260,0,0,0,0,0,0,0,normal,0,78,78
9/29/2025 8:00,78,0,Monday,9,0,0,random_or_none,0,sunny,0.165,260,0,0,0,0,0,0,0,normal,0,95,83
9/29/2025 9:00,95,0,Monday,9,0,0,random_or_none,3,hot,0.552,260,0,0,0,0,0,0,0,normal,0,109,92
9/29/2025 10:00,109,0,Monday,9,0,0,random_or_none,3,hot,0.549,260,0,0,0,0,0,0,0,normal,0,108,104
9/29/2025 11:00,108,0,Monday,9,0,0,random_or_none,0,sunny,0.108,260,0,0,0,0,0,0,0,normal,0,106,104
9/29/2025 12:00,106,0,Monday,9,0,0,random_or_none,4,dusty,0.361,260,0,0,0,0,0,0,0,normal,0,103,107
9/29/2025 13:00,103,0,Monday,9,0,0,random_or_none,0,sunny,0.044,260,0,0,0,0,0,0,0,normal,0,118,105
9/29/2025 14:00,118,0,Monday,9,0,0,random_or_none,3,hot,0.873,260,0,0,0,0,0,0,0,extreme_weather,2,117,108
9/29/2025 15:00,117,0,Monday,9,0,0,random_or_none,0,sunny,0.085,260,0,0,0,0,0,0,0,normal,0,124,115
9/29/2025 16:00,124,0,Monday,9,0,0,random_or_none,4,dusty,0.424,260,0,0,0,0,0,0,0,normal,0,115,116
9/29/2025 17:00,115,0,Monday,9,0,0,random_or_none,0,sunny,0.133,260,0,0,0,0,0,0,0,normal,0,114,147
9/29/2025 18:00,114,0,Monday,9,0,0,random_or_none,0,sunny,0.12,260,0,0,0,0,0,0,0,normal,0,117,140
9/29/2025 19:00,117,0,Monday,9,0,0,random_or_none,3,hot,0.248,260,0,0,0,0,0,0,0,normal,0,112,122
9/29/2025 20:00,112,0,Monday,9,0,0,random_or_none,3,hot,0.536,260,0,0,0,0,0,0,0,normal,0,107,106
9/29/2025 21:00,107,0,Monday,9,0,0,random_or_none,4,dusty,0.644,260,0,0,0,0,0,0,0,normal,0,104,98
9/29/2025 22:00,104,0,Monday,9,0,0,random_or_none,4,dusty,0.915,260,0,0,0,0,0,0,0,extreme_weather,2,92,90
9/29/2025 23:00,92,0,Monday,9,0,0,random_or_none,0,sunny,0.09,260,0,0,0,0,0,0,0,normal,0,87,77
9/30/2025 0:00,87,1,Tuesday,9,0,0,random_or_none,1,rainy,0.708,260,0,0,0,0,0,0,0,normal,0,77,70
9/30/2025 1:00,77,1,Tuesday,9,0,0,random_or_none,3,hot,0.866,260,0,0,0,0,0,0,0,extreme_weather,2,68,60
9/30/2025 2:00,68,1,Tuesday,9,0,0,random_or_none,5,windy,0.523,260,0,0,0,0,0,0,0,normal,0,67,57
9/30/2025 3:00,67,1,Tuesday,9,0,0,random_or_none,0,sunny,0.082,260,0,0,0,0,0,0,0,normal,0,69,64
9/30/2025 4:00,69,1,Tuesday,9,0,0,random_or_none,3,hot,0.763,260,0,0,0,0,0,0,0,extreme_weather,2,71,64
9/30/2025 5:00,71,1,Tuesday,9,0,0,random_or_none,4,dusty,0.582,260,0,0,0,0,0,0,0,normal,0,72,66
9/30/2025 6:00,72,1,Tuesday,9,0,0,random_or_none,5,windy,0.303,260,0,0,0,0,0,0,0,normal,0,78,74
9/30/2025 7:00,78,1,Tuesday,9,0,0,random_or_none,5,windy,0.297,260,0,0,0,0,0,0,0,normal,0,83,81
9/30/2025 8:00,83,1,Tuesday,9,0,0,random_or_none,3,hot,0.86,260,0,0,0,0,0,0,0,extreme_weather,2,92,83
9/30/2025 9:00,92,1,Tuesday,9,0,0,random_or_none,3,hot,0.925,260,0,0,0,0,0,0,0,extreme_weather,2,104,83
9/30/2025 10:00,104,1,Tuesday,9,0,0,random_or_none,3,hot,0.863,260,0,0,0,0,0,0,0,extreme_weather,2,104,90
9/30/2025 11:00,104,1,Tuesday,9,0,0,random_or_none,0,sunny,0.207,260,0,0,0,0,0,0,0,normal,0,107,100
9/30/2025 12:00,107,1,Tuesday,9,0,0,random_or_none,3,hot,0.447,260,0,0,0,0,0,0,0,normal,0,105,143
9/30/2025 13:00,105,1,Tuesday,9,0,0,random_or_none,0,sunny,0.231,260,0,0,0,0,0,0,0,normal,0,108,133
9/30/2025 14:00,108,1,Tuesday,9,0,0,random_or_none,5,windy,0.639,260,0,0,0,0,0,0,0,normal,0,115,123
9/30/2025 15:00,115,1,Tuesday,9,0,0,random_or_none,0,sunny,0.255,260,0,0,0,0,0,0,0,normal,0,116,118
9/30/2025 16:00,116,1,Tuesday,9,0,0,random_or_none,0,sunny,0.171,260,0,0,0,0,0,0,0,normal,0,147,124
9/30/2025 17:00,147,1,Tuesday,9,0,0,random_or_none,3,hot,0.498,260,0,1,72.36,0,0,0,0,emergency_spike,5,140,117
9/30/2025 18:00,140,1,Tuesday,9,0,0,random_or_none,0,sunny,0.288,260,0,0,0,0,0,0,0,normal,0,122,115
9/30/2025 19:00,122,1,Tuesday,9,0,0,random_or_none,0,sunny,0.185,260,0,0,0,0,0,0,0,normal,0,106,115
9/30/2025 20:00,106,1,Tuesday,9,0,0,random_or_none,0,sunny,0.337,260,0,0,0,0,0,0,0,normal,0,98,109
9/30/2025 21:00,98,1,Tuesday,9,0,0,random_or_none,3,hot,0.327,260,0,0,0,0,0,0,0,normal,0,90,99
9/30/2025 22:00,90,1,Tuesday,9,0,0,random_or_none,1,rainy,0.525,260,0,0,0,0,0,0,0,normal,0,77,84
9/30/2025 23:00,77,1,Tuesday,9,0,0,random_or_none,4,dusty,0.366,260,0,0,0,0,0,0,0,normal,0,70,77
10/1/2025 0:00,70,2,Wednesday,10,0,0,random_or_none,0,sunny,0.178,260,0,0,0,0,0,0,0,normal,0,60,70
10/1/2025 1:00,60,2,Wednesday,10,0,0,random_or_none,0,sunny,0.127,260,0,0,0,0,0,0,0,normal,0,57,74
10/1/2025 2:00,57,2,Wednesday,10,0,0,random_or_none,4,dusty,0.222,260,0,0,0,0,0,0,0,normal,0,64,66
10/1/2025 3:00,64,2,Wednesday,10,0,0,random_or_none,1,rainy,0.669,260,0,0,0,0,0,0,0,normal,0,64,57
10/1/2025 4:00,64,2,Wednesday,10,0,0,random_or_none,4,dusty,0.228,260,0,0,0,0,0,0,0,normal,0,66,54
10/1/2025 5:00,66,2,Wednesday,10,0,0,random_or_none,0,sunny,0.033,260,0,0,0,0,0,0,0,normal,0,74,59
10/1/2025 6:00,74,2,Wednesday,10,0,0,random_or_none,3,hot,0.693,260,0,0,0,0,0,0,0,normal,0,81,68
10/1/2025 7:00,81,2,Wednesday,10,0,0,random_or_none,4,dusty,0.267,260,0,0,0,0,0,0,0,normal,0,83,71
10/1/2025 8:00,83,2,Wednesday,10,0,0,random_or_none,0,sunny,0.117,260,0,0,0,0,0,0,0,normal,0,83,73
10/1/2025 9:00,83,2,Wednesday,10,0,0,random_or_none,0,sunny,0.114,260,0,0,0,0,0,0,0,normal,0,90,93
10/1/2025 10:00,90,2,Wednesday,10,0,0,random_or_none,0,sunny,0.318,260,0,0,0,0,0,0,0,normal,0,100,99
10/1/2025 11:00,100,2,Wednesday,10,0,0,random_or_none,0,sunny,0.209,260,0,0,0,0,0,0,0,normal,0,143,98
10/1/2025 12:00,143,2,Wednesday,10,0,0,random_or_none,0,sunny,0.209,260,0,1,98.17,0,0,0,0,emergency_spike,5,133,100
10/1/2025 13:00,133,2,Wednesday,10,0,0,random_or_none,0,sunny,0.127,260,0,0,0,0,0,0,0,normal,0,123,116
10/1/2025 14:00,123,2,Wednesday,10,0,0,random_or_none,3,hot,0.309,260,0,0,0,0,0,0,0,normal,0,118,108
10/1/2025 15:00,118,2,Wednesday,10,0,0,random_or_none,0,sunny,0.258,260,0,0,0,0,0,0,0,normal,0,124,115
10/1/2025 16:00,124,2,Wednesday,10,0,0,random_or_none,3,hot,0.739,260,0,0,0,0,0,0,0,normal,0,117,114
10/1/2025 17:00,117,2,Wednesday,10,0,0,random_or_none,0,sunny,0.239,260,0,0,0,0,0,0,0,normal,0,115,115
10/1/2025 18:00,115,2,Wednesday,10,0,0,random_or_none,0,sunny,0.137,260,0,0,0,0,0,0,0,normal,0,115,115
10/1/2025 19:00,115,2,Wednesday,10,0,0,random_or_none,0,sunny,0.331,260,0,0,0,0,0,0,0,normal,0,109,108
10/1/2025 20:00,109,2,Wednesday,10,0,0,random_or_none,1,rainy,0.512,260,0,0,0,0,0,0,0,normal,0,99,107
10/1/2025 21:00,99,2,Wednesday,10,0,0,random_or_none,3,hot,0.154,260,0,0,0,0,0,0,0,normal,0,84,103
10/1/2025 22:00,84,2,Wednesday,10,0,0,random_or_none,0,sunny,0.211,260,0,0,0,0,0,0,0,normal,0,77,93
10/1/2025 23:00,77,2,Wednesday,10,0,0,random_or_none,2,cold,0.117,260,0,0,0,0,0,0,0,normal,0,70,83
10/2/2025 0:00,70,3,Thursday,10,0,0,random_or_none,2,cold,0.659,260,0,0,0,0,0,0,0,normal,0,74,75
10/2/2025 1:00,74,3,Thursday,10,0,0,random_or_none,4,dusty,0.618,260,0,0,0,0,0,0,0,normal,0,66,64
10/2/2025 2:00,66,3,Thursday,10,0,0,random_or_none,4,dusty,0.698,260,0,0,0,0,0,0,0,normal,0,57,62
10/2/2025 3:00,57,3,Thursday,10,0,0,random_or_none,0,sunny,0.17,260,0,0,0,0,0,0,0,normal,0,54,62
10/2/2025 4:00,54,3,Thursday,10,0,0,random_or_none,0,sunny,0.286,260,0,0,0,0,0,0,0,normal,0,59,67
10/2/2025 5:00,59,3,Thursday,10,0,0,random_or_none,1,rainy,0.384,260,0,0,0,0,0,0,0,normal,0,68,71
10/2/2025 6:00,68,3,Thursday,10,0,0,random_or_none,4,dusty,0.696,260,0,0,0,0,0,0,0,normal,0,71,69
10/2/2025 7:00,71,3,Thursday,10,0,0,random_or_none,0,sunny,0.172,260,0,0,0,0,0,0,0,normal,0,73,83
10/2/2025 8:00,73,3,Thursday,10,0,0,random_or_none,0,sunny,0.152,260,0,0,0,0,0,0,0,normal,0,93,182
10/2/2025 9:00,93,3,Thursday,10,0,0,random_or_none,4,dusty,0.716,260,0,0,0,0,0,0,0,normal,0,99,146
10/2/2025 10:00,99,3,Thursday,10,0,0,random_or_none,3,hot,0.764,260,0,0,0,0,0,0,0,extreme_weather,2,98,125
10/2/2025 11:00,98,3,Thursday,10,0,0,random_or_none,1,rainy,0.41,260,0,0,0,0,0,0,0,normal,0,100,116
10/2/2025 12:00,100,3,Thursday,10,0,0,random_or_none,3,hot,0.677,260,0,0,0,0,0,0,0,normal,0,116,116
10/2/2025 13:00,116,3,Thursday,10,0,0,random_or_none,3,hot,0.504,260,0,0,0,0,0,0,0,normal,0,108,113
10/2/2025 14:00,108,3,Thursday,10,0,0,random_or_none,0,sunny,0.157,260,0,0,0,0,0,0,0,normal,0,115,117
10/2/2025 15:00,115,3,Thursday,10,0,0,random_or_none,3,hot,0.931,260,0,0,0,0,0,0,0,extreme_weather,2,114,109
10/2/2025 16:00,114,3,Thursday,10,0,0,random_or_none,5,windy,0.416,260,0,0,0,0,0,0,0,normal,0,115,116
10/2/2025 17:00,115,3,Thursday,10,0,0,random_or_none,0,sunny,0.014,260,0,0,0,0,0,0,0,normal,0,115,115
10/2/2025 18:00,115,3,Thursday,10,0,0,random_or_none,0,sunny,0.052,260,0,0,0,0,0,0,0,normal,0,108,122
10/2/2025 19:00,108,3,Thursday,10,0,0,random_or_none,5,windy,0.442,260,0,0,0,0,0,0,0,normal,0,107,115
10/2/2025 20:00,107,3,Thursday,10,0,0,random_or_none,3,hot,0.662,260,0,0,0,0,0,0,0,normal,0,103,105
10/2/2025 21:00,103,3,Thursday,10,0,0,random_or_none,0,sunny,0.088,260,0,0,0,0,0,0,0,normal,0,93,104
10/2/2025 22:00,93,3,Thursday,10,0,0,random_or_none,0,sunny,0.349,260,0,0,0,0,0,0,0,normal,0,83,94
10/2/2025 23:00,83,3,Thursday,10,0,0,random_or_none,0,sunny,0.082,260,0,0,0,0,0,0,0,normal,0,75,84
10/3/2025 0:00,75,4,Friday,10,0,0,random_or_none,0,sunny,0.191,260,0,0,0,0,0,0,0,normal,0,64,79
10/3/2025 1:00,64,4,Friday,10,0,0,random_or_none,0,sunny,0.15,260,0,0,0,0,0,0,0,normal,0,62,61
10/3/2025 2:00,62,4,Friday,10,0,0,random_or_none,3,hot,0.197,260,0,0,0,0,0,0,0,normal,0,62,59
10/3/2025 3:00,62,4,Friday,10,0,0,random_or_none,0,sunny,0.32,260,0,0,0,0,0,0,0,normal,0,67,52
10/3/2025 4:00,67,4,Friday,10,0,0,random_or_none,4,dusty,0.261,260,0,0,0,0,0,0,0,normal,0,71,42
10/3/2025 5:00,71,4,Friday,10,0,0,random_or_none,0,sunny,0.264,260,0,0,0,0,0,0,0,normal,0,69,45
10/3/2025 6:00,69,4,Friday,10,0,0,random_or_none,5,windy,0.454,260,0,0,0,0,0,0,0,normal,0,83,51
10/3/2025 7:00,83,4,Friday,10,0,0,random_or_none,4,dusty,0.733,260,0,0,0,0,0,0,0,normal,0,182,51
10/3/2025 8:00,182,4,Friday,10,0,0,random_or_none,3,hot,0.872,260,0,1,208.72,0,0,0,0,emergency_spike,5,146,62
10/3/2025 9:00,146,4,Friday,10,0,0,random_or_none,3,hot,0.322,260,0,0,0,0,0,0,0,normal,0,125,68
10/3/2025 10:00,125,4,Friday,10,0,0,random_or_none,5,windy,0.462,260,0,0,0,0,0,0,0,normal,0,116,75
10/3/2025 11:00,116,4,Friday,10,0,0,random_or_none,0,sunny,0.11,260,0,0,0,0,0,0,0,normal,0,116,81
10/3/2025 12:00,116,4,Friday,10,0,0,random_or_none,4,dusty,0.219,260,0,0,0,0,0,0,0,normal,0,113,86
10/3/2025 13:00,113,4,Friday,10,0,0,random_or_none,4,dusty,0.209,260,0,0,0,0,0,0,0,normal,0,117,95
10/3/2025 14:00,117,4,Friday,10,0,0,random_or_none,5,windy,0.201,260,0,0,0,0,0,0,0,normal,0,109,102
10/3/2025 15:00,109,4,Friday,10,0,0,random_or_none,0,sunny,0.19,260,0,0,0,0,0,0,0,normal,0,116,108
10/3/2025 16:00,116,4,Friday,10,0,0,random_or_none,3,hot,0.458,260,0,0,0,0,0,0,0,normal,0,115,107
10/3/2025 17:00,115,4,Friday,10,0,0,random_or_none,3,hot,0.767,260,0,0,0,0,0,0,0,extreme_weather,2,122,104
10/3/2025 18:00,122,4,Friday,10,0,0,random_or_none,1,rainy,0.65,260,0,0,0,0,0,0,0,normal,0,115,111
10/3/2025 19:00,115,4,Friday,10,0,0,random_or_none,0,sunny,0.033,260,0,0,0,0,0,0,0,normal,0,105,103
10/3/2025 20:00,105,4,Friday,10,0,0,random_or_none,5,windy,0.317,260,0,0,0,0,0,0,0,normal,0,104,88
10/3/2025 21:00,104,4,Friday,10,0,0,random_or_none,3,hot,0.786,260,0,0,0,0,0,0,0,extreme_weather,2,94,128
10/3/2025 22:00,94,4,Friday,10,0,0,random_or_none,3,hot,0.579,260,0,0,0,0,0,0,0,normal,0,84,98
10/3/2025 23:00,84,4,Friday,10,0,0,random_or_none,5,windy,0.68,260,0,0,0,0,0,0,0,normal,0,79,76
10/4/2025 0:00,79,5,Saturday,10,1,0,random_or_none,1,rainy,0.83,260,0,0,0,0,0,0,0,extreme_weather,2,61,60
10/4/2025 1:00,61,5,Saturday,10,1,0,random_or_none,2,cold,0.113,260,0,0,0,0,0,0,0,normal,0,59,50
10/4/2025 2:00,59,5,Saturday,10,1,0,random_or_none,4,dusty,0.65,260,0,0,0,0,0,0,0,normal,0,52,51
10/4/2025 3:00,52,5,Saturday,10,1,0,random_or_none,5,windy,0.206,260,0,0,0,0,0,0,0,normal,0,42,57
10/4/2025 4:00,42,5,Saturday,10,1,0,random_or_none,3,hot,0.281,260,0,0,0,0,0,0,0,normal,0,45,56
10/4/2025 5:00,45,5,Saturday,10,1,0,random_or_none,4,dusty,0.399,260,0,0,0,0,0,0,0,normal,0,51,58
10/4/2025 6:00,51,5,Saturday,10,1,0,random_or_none,1,rainy,0.811,260,0,0,0,0,0,0,0,extreme_weather,2,51,54
10/4/2025 7:00,51,5,Saturday,10,1,0,random_or_none,3,hot,0.441,260,0,0,0,0,0,0,0,normal,0,62,61
10/4/2025 8:00,62,5,Saturday,10,1,0,random_or_none,0,sunny,0.251,260,0,0,0,0,0,0,0,normal,0,68,61
10/4/2025 9:00,68,5,Saturday,10,1,0,random_or_none,0,sunny,0.321,260,0,0,0,0,0,0,0,normal,0,75,71
10/4/2025 10:00,75,5,Saturday,10,1,0,random_or_none,0,sunny,0.145,260,0,0,0,0,0,0,0,normal,0,81,71
10/4/2025 11:00,81,5,Saturday,10,1,0,random_or_none,0,sunny,0.021,260,0,0,0,0,0,0,0,normal,0,86,77
10/4/2025 12:00,86,5,Saturday,10,1,0,random_or_none,2,cold,0.378,260,0,0,0,0,0,0,0,normal,0,95,83
10/4/2025 13:00,95,5,Saturday,10,1,0,random_or_none,0,sunny,0.041,260,0,0,0,0,0,0,0,normal,0,102,83
10/4/2025 14:00,102,5,Saturday,10,1,0,random_or_none,5,windy,0.198,260,0,0,0,0,0,0,0,normal,0,108,90
10/4/2025 15:00,108,5,Saturday,10,1,0,random_or_none,5,windy,0.683,260,0,0,0,0,0,0,0,normal,0,107,100
10/4/2025 16:00,107,5,Saturday,10,1,0,random_or_none,5,windy,0.611,260,0,0,0,0,0,0,0,normal,0,104,104
10/4/2025 17:00,104,5,Saturday,10,1,0,random_or_none,0,sunny,0.204,260,0,0,0,0,0,0,0,normal,0,111,98
10/4/2025 18:00,111,5,Saturday,10,1,0,random_or_none,4,dusty,0.636,260,0,0,0,0,0,0,0,normal,0,103,107
10/4/2025 19:00,103,5,Saturday,10,1,0,random_or_none,0,sunny,0.277,260,0,0,0,0,0,0,0,normal,0,88,110
10/4/2025 20:00,88,5,Saturday,10,1,0,random_or_none,0,sunny,0.151,260,0,0,0,0,0,0,0,normal,0,128,101
10/4/2025 21:00,128,5,Saturday,10,1,0,random_or_none,5,windy,0.229,260,0,1,103.36,0,0,0,0,emergency_spike,5,98,89
10/4/2025 22:00,98,5,Saturday,10,1,0,random_or_none,0,sunny,0.038,260,0,0,0,0,0,0,0,normal,0,76,74
10/4/2025 23:00,76,5,Saturday,10,1,0,random_or_none,0,sunny,0.011,260,0,0,0,0,0,0,0,normal,0,60,59
10/5/2025 0:00,60,6,Sunday,10,1,0,random_or_none,0,sunny,0.264,260,0,0,0,0,0,0,0,normal,0,50,52
10/5/2025 1:00,50,6,Sunday,10,1,0,random_or_none,0,sunny,0.275,260,0,0,0,0,0,0,0,normal,0,51,56
10/5/2025 2:00,51,6,Sunday,10,1,0,random_or_none,1,rainy,0.862,260,0,0,0,0,0,0,0,extreme_weather,2,57,60
10/5/2025 3:00,57,6,Sunday,10,1,0,random_or_none,4,dusty,0.83,260,0,0,0,0,0,0,0,extreme_weather,2,56,57
10/5/2025 4:00,56,6,Sunday,10,1,0,random_or_none,4,dusty,0.719,260,0,0,0,0,0,0,0,normal,0,58,64
10/5/2025 5:00,58,6,Sunday,10,1,0,random_or_none,4,dusty,0.831,260,0,0,0,0,0,0,0,extreme_weather,2,54,70
10/5/2025 6:00,54,6,Sunday,10,1,0,random_or_none,3,hot,0.361,260,0,0,0,0,0,0,0,normal,0,61,74
10/5/2025 7:00,61,6,Sunday,10,1,0,random_or_none,0,sunny,0.238,260,0,0,0,0,0,0,0,normal,0,61,69
10/5/2025 8:00,61,6,Sunday,10,1,0,random_or_none,0,sunny,0.318,260,0,0,0,0,0,0,0,normal,0,71,81
10/5/2025 9:00,71,6,Sunday,10,1,0,random_or_none,1,rainy,0.36,260,0,0,0,0,0,0,0,normal,0,71,87
10/5/2025 10:00,71,6,Sunday,10,1,0,random_or_none,3,hot,0.326,260,0,0,0,0,0,0,0,normal,0,77,95
10/5/2025 11:00,77,6,Sunday,10,1,0,random_or_none,3,hot,0.182,260,0,0,0,0,0,0,0,normal,0,83,101
10/5/2025 12:00,83,6,Sunday,10,1,0,random_or_none,3,hot,0.369,260,0,0,0,0,0,0,0,normal,0,83,159
10/5/2025 13:00,83,6,Sunday,10,1,0,random_or_none,0,sunny,0.126,260,0,0,0,0,0,0,0,normal,0,90,139
10/5/2025 14:00,90,6,Sunday,10,1,0,random_or_none,2,cold,0.432,260,0,0,0,0,0,0,0,normal,0,100,138
10/5/2025 15:00,100,6,Sunday,10,1,0,random_or_none,4,dusty,0.6,260,0,0,0,0,0,0,0,normal,0,104,128
10/5/2025 16:00,104,6,Sunday,10,1,0,random_or_none,4,dusty,0.654,260,0,0,0,0,0,0,0,normal,0,98,127
10/5/2025 17:00,98,6,Sunday,10,1,0,random_or_none,0,sunny,0.328,260,0,0,0,0,0,0,0,normal,0,107,119
10/5/2025 18:00,107,6,Sunday,10,1,0,random_or_none,3,hot,0.57,260,0,0,0,0,0,0,0,normal,0,110,120
10/5/2025 19:00,110,6,Sunday,10,1,0,random_or_none,4,dusty,0.481,260,0,0,0,0,0,0,0,normal,0,101,125
10/5/2025 20:00,101,6,Sunday,10,1,0,random_or_none,3,hot,0.161,260,0,0,0,0,0,0,0,normal,0,89,120
10/5/2025 21:00,89,6,Sunday,10,1,0,random_or_none,3,hot,0.507,260,0,0,0,0,0,0,0,normal,0,74,112
10/5/2025 22:00,74,6,Sunday,10,1,0,random_or_none,0,sunny,0.137,260,0,0,0,0,0,0,0,normal,0,59,98
10/5/2025 23:00,59,6,Sunday,10,1,0,random_or_none,0,sunny,0.066,260,0,0,0,0,0,0,0,normal,0,52,95
10/6/2025 0:00,52,0,Monday,10,0,0,random_or_none,0,sunny,0.283,260,0,0,0,0,0,0,0,normal,0,56,91
10/6/2025 1:00,56,0,Monday,10,0,0,random_or_none,2,cold,0.606,260,0,0,0,0,0,0,0,normal,0,60,74
10/6/2025 2:00,60,0,Monday,10,0,0,random_or_none,0,sunny,0.139,260,0,0,0,0,0,0,0,normal,0,57,70
10/6/2025 3:00,57,0,Monday,10,0,0,random_or_none,5,windy,0.372,260,0,0,0,0,0,0,0,normal,0,64,61
10/6/2025 4:00,64,0,Monday,10,0,0,random_or_none,5,windy,0.766,260,0,0,0,0,0,0,0,extreme_weather,2,70,66
10/6/2025 5:00,70,0,Monday,10,0,0,random_or_none,1,rainy,0.408,260,0,0,0,0,0,0,0,normal,0,74,66
10/6/2025 6:00,74,0,Monday,10,0,0,random_or_none,1,rainy,0.422,260,0,0,0,0,0,0,0,normal,0,69,64
10/6/2025 7:00,69,0,Monday,10,0,0,random_or_none,0,sunny,0.112,260,0,0,0,0,0,0,0,normal,0,81,69
10/6/2025 8:00,81,0,Monday,10,0,0,random_or_none,5,windy,0.382,260,0,0,0,0,0,0,0,normal,0,87,85
10/6/2025 9:00,87,0,Monday,10,0,0,random_or_none,0,sunny,0.297,260,0,0,0,0,0,0,0,normal,0,95,87
10/6/2025 10:00,95,0,Monday,10,0,0,random_or_none,0,sunny,0.219,260,0,0,0,0,0,0,0,normal,0,101,88
10/6/2025 11:00,101,0,Monday,10,0,0,random_or_none,4,dusty,0.341,260,0,0,0,0,0,0,0,normal,0,159,102
10/6/2025 12:00,159,0,Monday,10,0,0,random_or_none,0,sunny,0.321,260,0,1,116.63,0,0,0,0,emergency_spike,5,139,97
10/6/2025 13:00,139,0,Monday,10,0,0,random_or_none,3,hot,0.344,260,0,0,0,0,0,0,0,normal,0,138,111
10/6/2025 14:00,138,0,Monday,10,0,0,random_or_none,4,dusty,0.293,260,0,0,0,0,0,0,0,normal,0,128,117
10/6/2025 15:00,128,0,Monday,10,0,0,random_or_none,3,hot,0.883,260,0,0,0,0,0,0,0,extreme_weather,2,127,115
10/6/2025 16:00,127,0,Monday,10,0,0,random_or_none,0,sunny,0.038,260,0,0,0,0,0,0,0,normal,0,119,116
10/6/2025 17:00,119,0,Monday,10,0,0,random_or_none,0,sunny,0.302,260,0,0,0,0,0,0,0,normal,0,120,126
10/6/2025 18:00,120,0,Monday,10,0,0,random_or_none,3,hot,0.782,260,0,0,0,0,0,0,0,extreme_weather,2,125,128
10/6/2025 19:00,125,0,Monday,10,0,0,random_or_none,5,windy,0.661,260,0,0,0,0,0,0,0,normal,0,120,123
10/6/2025 20:00,120,0,Monday,10,0,0,random_or_none,5,windy,0.511,260,0,0,0,0,0,0,0,normal,0,112,117
10/6/2025 21:00,112,0,Monday,10,0,0,random_or_none,0,sunny,0.052,260,0,0,0,0,0,0,0,normal,0,98,103
10/6/2025 22:00,98,0,Monday,10,0,0,random_or_none,0,sunny,0.186,260,0,0,0,0,0,0,0,normal,0,95,84
10/6/2025 23:00,95,0,Monday,10,0,0,random_or_none,3,hot,0.695,260,0,0,0,0,0,0,0,normal,0,91,71
10/7/2025 0:00,91,1,Tuesday,10,0,0,random_or_none,0,sunny,0.038,260,0,1,30.44,0,0,0,0,emergency_spike,5,74,66
10/7/2025 1:00,74,1,Tuesday,10,0,0,random_or_none,5,windy,0.272,260,0,0,0,0,0,0,0,normal,0,70,59
10/7/2025 2:00,70,1,Tuesday,10,0,0,random_or_none,2,cold,0.489,260,0,0,0,0,0,0,0,normal,0,61,63
10/7/2025 3:00,61,1,Tuesday,10,0,0,random_or_none,4,dusty,0.471,260,0,0,0,0,0,0,0,normal,0,66,74
10/7/2025 4:00,66,1,Tuesday,10,0,0,random_or_none,2,cold,0.682,260,0,0,0,0,0,0,0,normal,0,66,67
10/7/2025 5:00,66,1,Tuesday,10,0,0,random_or_none,4,dusty,0.425,260,0,0,0,0,0,0,0,normal,0,64,71
10/7/2025 6:00,64,1,Tuesday,10,0,0,random_or_none,3,hot,0.306,260,0,0,0,0,0,0,0,normal,0,69,71
10/7/2025 7:00,69,1,Tuesday,10,0,0,random_or_none,0,sunny,0.103,260,0,0,0,0,0,0,0,normal,0,85,70
10/7/2025 8:00,85,1,Tuesday,10,0,0,random_or_none,3,hot,0.312,260,0,0,0,0,0,0,0,normal,0,87,84
10/7/2025 9:00,87,1,Tuesday,10,0,0,random_or_none,4,dusty,0.768,260,0,0,0,0,0,0,0,extreme_weather,2,88,83
10/7/2025 10:00,88,1,Tuesday,10,0,0,random_or_none,0,sunny,0.345,260,0,0,0,0,0,0,0,normal,0,102,95
10/7/2025 11:00,102,1,Tuesday,10,0,0,random_or_none,3,hot,0.559,260,0,0,0,0,0,0,0,normal,0,97,99
10/7/2025 12:00,97,1,Tuesday,10,0,0,random_or_none,0,sunny,0.092,260,0,0,0,0,0,0,0,normal,0,111,107
10/7/2025 13:00,111,1,Tuesday,10,0,0,random_or_none,4,dusty,0.599,260,0,0,0,0,0,0,0,normal,0,117,113
10/7/2025 14:00,117,1,Tuesday,10,0,0,random_or_none,1,rainy,0.389,260,0,0,0,0,0,0,0,normal,0,115,110
10/7/2025 15:00,115,1,Tuesday,10,0,0,random_or_none,4,dusty,0.297,260,0,0,0,0,0,0,0,normal,0,116,108
10/7/2025 16:00,116,1,Tuesday,10,0,0,random_or_none,0,sunny,0.025,260,0,0,0,0,0,0,0,normal,0,126,114
10/7/2025 17:00,126,1,Tuesday,10,0,0,random_or_none,3,hot,0.633,260,0,0,0,0,0,0,0,normal,0,128,119
10/7/2025 18:00,128,1,Tuesday,10,0,0,random_or_none,4,dusty,0.732,260,0,0,0,0,0,0,0,normal,0,123,117
10/7/2025 19:00,123,1,Tuesday,10,0,0,random_or_none,3,hot,0.386,260,0,0,0,0,0,0,0,normal,0,117,110
10/7/2025 20:00,117,1,Tuesday,10,0,0,random_or_none,0,sunny,0.277,260,0,0,0,0,0,0,0,normal,0,103,104
10/7/2025 21:00,103,1,Tuesday,10,0,0,random_or_none,0,sunny,0.136,260,0,0,0,0,0,0,0,normal,0,84,96
10/7/2025 22:00,84,1,Tuesday,10,0,0,random_or_none,0,sunny,0.05,260,0,0,0,0,0,0,0,normal,0,71,90
10/7/2025 23:00,71,1,Tuesday,10,0,0,random_or_none,0,sunny,0.161,260,0,0,0,0,0,0,0,normal,0,66,86
10/8/2025 0:00,66,2,Wednesday,10,0,0,random_or_none,0,sunny,0.024,260,0,0,0,0,0,0,0,normal,0,59,71
10/8/2025 1:00,59,2,Wednesday,10,0,0,random_or_none,0,sunny,0.298,260,0,0,0,0,0,0,0,normal,0,63,66
10/8/2025 2:00,63,2,Wednesday,10,0,0,random_or_none,5,windy,0.815,260,0,0,0,0,0,0,0,extreme_weather,2,74,58
10/8/2025 3:00,74,2,Wednesday,10,0,0,random_or_none,0,sunny,0.215,260,0,1,34.76,0,0,0,0,emergency_spike,5,67,110
10/8/2025 4:00,67,2,Wednesday,10,0,0,random_or_none,0,sunny,0.072,260,0,0,0,0,0,0,0,normal,0,71,79
10/8/2025 5:00,71,2,Wednesday,10,0,0,random_or_none,3,hot,0.441,260,0,0,0,0,0,0,0,normal,0,71,68
10/8/2025 6:00,71,2,Wednesday,10,0,0,random_or_none,4,dusty,0.81,260,0,0,0,0,0,0,0,extreme_weather,2,70,67
10/8/2025 7:00,70,2,Wednesday,10,0,0,random_or_none,3,hot,0.224,260,0,0,0,0,0,0,0,normal,0,84,67
10/8/2025 8:00,84,2,Wednesday,10,0,0,random_or_none,3,hot,0.193,260,0,0,0,0,0,0,0,normal,0,83,78
10/8/2025 9:00,83,2,Wednesday,10,0,0,random_or_none,0,sunny,0.2,260,0,0,0,0,0,0,0,normal,0,95,84
10/8/2025 10:00,95,2,Wednesday,10,0,0,random_or_none,3,hot,0.324,260,0,0,0,0,0,0,0,normal,0,99,88
10/8/2025 11:00,99,2,Wednesday,10,0,0,random_or_none,3,hot,0.381,260,0,0,0,0,0,0,0,normal,0,107,95
10/8/2025 12:00,107,2,Wednesday,10,0,0,random_or_none,1,rainy,0.319,260,0,0,0,0,0,0,0,normal,0,113,108
10/8/2025 13:00,113,2,Wednesday,10,0,0,random_or_none,3,hot,0.361,260,0,0,0,0,0,0,0,normal,0,110,117
10/8/2025 14:00,110,2,Wednesday,10,0,0,random_or_none,5,windy,0.16,260,0,0,0,0,0,0,0,normal,0,108,119
10/8/2025 15:00,108,2,Wednesday,10,0,0,random_or_none,4,dusty,0.859,260,0,0,0,0,0,0,0,extreme_weather,2,114,111
10/8/2025 16:00,114,2,Wednesday,10,0,0,random_or_none,3,hot,0.788,260,0,0,0,0,0,0,0,extreme_weather,2,119,114
10/8/2025 17:00,119,2,Wednesday,10,0,0,random_or_none,5,windy,0.342,260,0,0,0,0,0,0,0,normal,0,117,112
10/8/2025 18:00,117,2,Wednesday,10,0,0,random_or_none,0,sunny,0.135,260,0,0,0,0,0,0,0,normal,0,110,106
10/8/2025 19:00,110,2,Wednesday,10,0,0,random_or_none,0,sunny,0.235,260,0,0,0,0,0,0,0,normal,0,104,108
10/8/2025 20:00,104,2,Wednesday,10,0,0,random_or_none,1,rainy,0.261,260,0,0,0,0,0,0,0,normal,0,96,89
10/8/2025 21:00,96,2,Wednesday,10,0,0,random_or_none,5,windy,0.286,260,0,0,0,0,0,0,0,normal,0,90,88
10/8/2025 22:00,90,2,Wednesday,10,0,0,random_or_none,3,hot,0.247,260,0,0,0,0,0,0,0,normal,0,86,80
10/8/2025 23:00,86,2,Wednesday,10,0,0,random_or_none,0,sunny,0.335,260,0,0,0,0,0,0,0,normal,0,71,73
10/9/2025 0:00,71,3,Thursday,10,0,0,random_or_none,3,hot,0.359,260,0,0,0,0,0,0,0,normal,0,66,63
10/9/2025 1:00,66,3,Thursday,10,0,0,random_or_none,0,sunny,0.072,260,0,0,0,0,0,0,0,normal,0,58,60
10/9/2025 2:00,58,3,Thursday,10,0,0,random_or_none,5,windy,0.691,260,0,0,0,0,0,0,0,normal,0,110,58
10/9/2025 3:00,110,3,Thursday,10,0,0,random_or_none,3,hot,0.68,260,0,1,116.94,0,0,0,0,emergency_spike,5,79,57
10/9/2025 4:00,79,3,Thursday,10,0,0,random_or_none,3,hot,0.468,260,0,0,0,0,0,0,0,normal,0,68,58
10/9/2025 5:00,68,3,Thursday,10,0,0,random_or_none,0,sunny,0.071,260,0,0,0,0,0,0,0,normal,0,67,65
10/9/2025 6:00,67,3,Thursday,10,0,0,random_or_none,0,sunny,0.349,260,0,0,0,0,0,0,0,normal,0,67,71
10/9/2025 7:00,67,3,Thursday,10,0,0,random_or_none,2,cold,0.169,260,0,0,0,0,0,0,0,normal,0,78,66
10/9/2025 8:00,78,3,Thursday,10,0,0,random_or_none,3,hot,0.935,260,0,0,0,0,0,0,0,extreme_weather,2,84,67
10/9/2025 9:00,84,3,Thursday,10,0,0,random_or_none,0,sunny,0.041,260,0,0,0,0,0,0,0,normal,0,88,72
10/9/2025 10:00,88,3,Thursday,10,0,0,random_or_none,4,dusty,0.551,260,0,0,0,0,0,0,0,normal,0,95,88
10/9/2025 11:00,95,3,Thursday,10,0,0,random_or_none,0,sunny,0.249,260,0,0,0,0,0,0,0,normal,0,108,97
10/9/2025 12:00,108,3,Thursday,10,0,0,random_or_none,4,dusty,0.389,260,0,0,0,0,0,0,0,normal,0,117,104
10/9/2025 13:00,117,3,Thursday,10,0,0,random_or_none,4,dusty,0.635,260,0,0,0,0,0,0,0,normal,0,119,105
10/9/2025 14:00,119,3,Thursday,10,0,0,random_or_none,4,dusty,0.815,260,0,0,0,0,0,0,0,extreme_weather,2,111,105
10/9/2025 15:00,111,3,Thursday,10,0,0,random_or_none,0,sunny,0.026,260,0,0,0,0,0,0,0,normal,0,114,108
10/9/2025 16:00,114,3,Thursday,10,0,0,random_or_none,3,hot,0.308,260,0,0,0,0,0,0,0,normal,0,112,110
10/9/2025 17:00,112,3,Thursday,10,0,0,random_or_none,5,windy,0.445,260,0,0,0,0,0,0,0,normal,0,106,114
10/9/2025 18:00,106,3,Thursday,10,0,0,random_or_none,0,sunny,0.14,260,0,0,0,0,0,0,0,normal,0,108,114
10/9/2025 19:00,108,3,Thursday,10,0,0,random_or_none,3,hot,0.439,260,0,0,0,0,0,0,0,normal,0,89,112
10/9/2025 20:00,89,3,Thursday,10,0,0,random_or_none,0,sunny,0.292,260,0,0,0,0,0,0,0,normal,0,88,111
10/9/2025 21:00,88,3,Thursday,10,0,0,random_or_none,0,sunny,0.121,260,0,0,0,0,0,0,0,normal,0,80,100
10/9/2025 22:00,80,3,Thursday,10,0,0,random_or_none,2,cold,0.118,260,0,0,0,0,0,0,0,normal,0,73,86
10/9/2025 23:00,73,3,Thursday,10,0,0,random_or_none,0,sunny,0.172,260,0,0,0,0,0,0,0,normal,0,63,77
10/10/2025 0:00,63,4,Friday,10,0,0,random_or_none,0,sunny,0.212,260,0,0,0,0,0,0,0,normal,0,60,60
10/10/2025 1:00,60,4,Friday,10,0,0,random_or_none,0,sunny,0.01,260,0,0,0,0,0,0,0,normal,0,58,61
10/10/2025 2:00,58,4,Friday,10,0,0,random_or_none,0,sunny,0.213,260,0,0,0,0,0,0,0,normal,0,57,53
10/10/2025 3:00,57,4,Friday,10,0,0,random_or_none,0,sunny,0.262,260,0,0,0,0,0,0,0,normal,0,58,47
10/10/2025 4:00,58,4,Friday,10,0,0,random_or_none,0,sunny,0.216,260,0,0,0,0,0,0,0,normal,0,65,42
10/10/2025 5:00,65,4,Friday,10,0,0,random_or_none,0,sunny,0.001,260,0,0,0,0,0,0,0,normal,0,71,47
10/10/2025 6:00,71,4,Friday,10,0,0,random_or_none,1,rainy,0.228,260,0,0,0,0,0,0,0,normal,0,66,55
10/10/2025 7:00,66,4,Friday,10,0,0,random_or_none,0,sunny,0.161,260,0,0,0,0,0,0,0,normal,0,67,56
10/10/2025 8:00,67,4,Friday,10,0,0,random_or_none,0,sunny,0.22,260,0,0,0,0,0,0,0,normal,0,72,64
10/10/2025 9:00,72,4,Friday,10,0,0,random_or_none,0,sunny,0.317,260,0,0,0,0,0,0,0,normal,0,88,69
10/10/2025 10:00,88,4,Friday,10,0,0,random_or_none,3,hot,0.171,260,0,0,0,0,0,0,0,normal,0,97,75
10/10/2025 11:00,97,4,Friday,10,0,0,random_or_none,3,hot,0.46,260,0,0,0,0,0,0,0,normal,0,104,76
10/10/2025 12:00,104,4,Friday,10,0,0,random_or_none,0,sunny,0.236,260,0,0,0,0,0,0,0,normal,0,105,80
10/10/2025 13:00,105,4,Friday,10,0,0,random_or_none,3,hot,0.496,260,0,0,0,0,0,0,0,normal,0,105,89
10/10/2025 14:00,105,4,Friday,10,0,0,random_or_none,0,sunny,0.127,260,0,0,0,0,0,0,0,normal,0,108,98
10/10/2025 15:00,108,4,Friday,10,0,0,random_or_none,0,sunny,0.093,260,0,0,0,0,0,0,0,normal,0,110,101
10/10/2025 16:00,110,4,Friday,10,0,0,random_or_none,2,cold,0.178,260,0,0,0,0,0,0,0,normal,0,114,109
10/10/2025 17:00,114,4,Friday,10,0,0,random_or_none,4,dusty,0.664,260,0,0,0,0,0,0,0,normal,0,114,104
10/10/2025 18:00,114,4,Friday,10,0,0,random_or_none,5,windy,0.5,260,0,0,0,0,0,0,0,normal,0,112,102
10/10/2025 19:00,112,4,Friday,10,0,0,random_or_none,3,hot,0.817,260,0,0,0,0,0,0,0,extreme_weather,2,111,99
10/10/2025 20:00,111,4,Friday,10,0,0,random_or_none,3,hot,0.65,260,0,0,0,0,0,0,0,normal,0,100,91
10/10/2025 21:00,100,4,Friday,10,0,0,random_or_none,5,windy,0.59,260,0,0,0,0,0,0,0,normal,0,86,82
10/10/2025 22:00,86,4,Friday,10,0,0,random_or_none,0,sunny,0.193,260,0,0,0,0,0,0,0,normal,0,77,77
10/10/2025 23:00,77,4,Friday,10,0,0,random_or_none,4,dusty,0.226,260,0,0,0,0,0,0,0,normal,0,60,75
10/11/2025 0:00,60,5,Saturday,10,1,0,random_or_none,0,sunny,0.212,260,0,0,0,0,0,0,0,normal,0,61,59
10/11/2025 1:00,61,5,Saturday,10,1,0,random_or_none,1,rainy,0.84,260,0,0,0,0,0,0,0,extreme_weather,2,53,53
10/11/2025 2:00,53,5,Saturday,10,1,0,random_or_none,5,windy,0.37,260,0,0,0,0,0,0,0,normal,0,47,48
10/11/2025 3:00,47,5,Saturday,10,1,0,random_or_none,5,windy,0.355,260,0,0,0,0,0,0,0,normal,0,42,45
10/11/2025 4:00,42,5,Saturday,10,1,0,random_or_none,0,sunny,0.134,260,0,0,0,0,0,0,0,normal,0,47,52
10/11/2025 5:00,47,5,Saturday,10,1,0,random_or_none,0,sunny,0.281,260,0,0,0,0,0,0,0,normal,0,55,44
10/11/2025 6:00,55,5,Saturday,10,1,0,random_or_none,3,hot,0.797,260,0,0,0,0,0,0,0,extreme_weather,2,56,51
10/11/2025 7:00,56,5,Saturday,10,1,0,random_or_none,3,hot,0.46,260,0,0,0,0,0,0,0,normal,0,64,60
10/11/2025 8:00,64,5,Saturday,10,1,0,random_or_none,5,windy,0.625,260,0,0,0,0,0,0,0,normal,0,69,111
10/11/2025 9:00,69,5,Saturday,10,1,0,random_or_none,5,windy,0.757,260,0,0,0,0,0,0,0,extreme_weather,2,75,100
10/11/2025 10:00,75,5,Saturday,10,1,0,random_or_none,5,windy,0.83,260,0,0,0,0,0,0,0,extreme_weather,2,76,87
10/11/2025 11:00,76,5,Saturday,10,1,0,random_or_none,0,sunny,0.008,260,0,0,0,0,0,0,0,normal,0,80,88
10/11/2025 12:00,80,5,Saturday,10,1,0,random_or_none,0,sunny,0.059,260,0,0,0,0,0,0,0,normal,0,89,122
10/11/2025 13:00,89,5,Saturday,10,1,0,random_or_none,5,windy,0.543,260,0,0,0,0,0,0,0,normal,0,98,117
10/11/2025 14:00,98,5,Saturday,10,1,0,random_or_none,5,windy,0.631,260,0,0,0,0,0,0,0,normal,0,101,107
10/11/2025 15:00,101,5,Saturday,10,1,0,random_or_none,4,dusty,0.462,260,0,0,0,0,0,0,0,normal,0,109,115
10/11/2025 16:00,109,5,Saturday,10,1,0,random_or_none,1,rainy,0.768,260,0,0,0,0,0,0,0,extreme_weather,2,104,105
10/11/2025 17:00,104,5,Saturday,10,1,0,random_or_none,0,sunny,0.255,260,0,0,0,0,0,0,0,normal,0,102,105
10/11/2025 18:00,102,5,Saturday,10,1,0,random_or_none,0,sunny,0.066,260,0,0,0,0,0,0,0,normal,0,99,107
10/11/2025 19:00,99,5,Saturday,10,1,0,random_or_none,0,sunny,0.342,260,0,0,0,0,0,0,0,normal,0,91,102
10/11/2025 20:00,91,5,Saturday,10,1,0,random_or_none,4,dusty,0.408,260,0,0,0,0,0,0,0,normal,0,82,94
10/11/2025 21:00,82,5,Saturday,10,1,0,random_or_none,0,sunny,0.281,260,0,0,0,0,0,0,0,normal,0,77,79
10/11/2025 22:00,77,5,Saturday,10,1,0,random_or_none,0,sunny,0.253,260,0,0,0,0,0,0,0,normal,0,75,75
10/11/2025 23:00,75,5,Saturday,10,1,0,random_or_none,0,sunny,0.01,260,0,0,0,0,0,0,0,normal,0,59,67
10/12/2025 0:00,59,6,Sunday,10,1,0,random_or_none,4,dusty,0.86,260,0,0,0,0,0,0,0,extreme_weather,2,53,67
10/12/2025 1:00,53,6,Sunday,10,1,0,random_or_none,3,hot,0.615,260,0,0,0,0,0,0,0,normal,0,48,71
10/12/2025 2:00,48,6,Sunday,10,1,0,random_or_none,5,windy,0.843,260,0,0,0,0,0,0,0,extreme_weather,2,45,72
10/12/2025 3:00,45,6,Sunday,10,1,0,random_or_none,2,cold,0.692,260,0,0,0,0,0,0,0,normal,0,52,67
10/12/2025 4:00,52,6,Sunday,10,1,0,random_or_none,5,windy,0.709,260,0,0,0,0,0,0,0,normal,0,44,71
10/12/2025 5:00,44,6,Sunday,10,1,0,random_or_none,5,windy,0.297,260,0,0,0,0,0,0,0,normal,0,51,63
10/12/2025 6:00,51,6,Sunday,10,1,0,random_or_none,3,hot,0.362,260,0,0,0,0,0,0,0,normal,0,60,67
10/12/2025 7:00,60,6,Sunday,10,1,0,random_or_none,1,rainy,0.61,260,0,0,0,0,0,0,0,normal,0,111,75
10/12/2025 8:00,111,6,Sunday,10,1,0,random_or_none,0,sunny,0.307,260,0,1,117.19,0,0,0,0,emergency_spike,5,100,129
10/12/2025 9:00,100,6,Sunday,10,1,0,random_or_none,3,hot,0.696,260,0,0,0,0,0,0,0,normal,0,87,131
10/12/2025 10:00,87,6,Sunday,10,1,0,random_or_none,0,sunny,0.105,260,0,0,0,0,0,0,0,normal,0,88,124
10/12/2025 11:00,88,6,Sunday,10,1,0,random_or_none,3,hot,0.525,260,0,0,0,0,0,0,0,normal,0,122,113
10/12/2025 12:00,122,6,Sunday,10,1,0,random_or_none,2,cold,0.747,260,0,1,64.37,0,0,0,0,emergency_spike,5,117,111
10/12/2025 13:00,117,6,Sunday,10,1,0,random_or_none,0,sunny,0.229,260,0,0,0,0,0,0,0,normal,0,107,108
10/12/2025 14:00,107,6,Sunday,10,1,0,random_or_none,1,rainy,0.572,260,0,0,0,0,0,0,0,normal,0,115,109
10/12/2025 15:00,115,6,Sunday,10,1,0,random_or_none,1,rainy,0.685,260,0,0,0,0,0,0,0,normal,0,105,118
10/12/2025 16:00,105,6,Sunday,10,1,0,random_or_none,4,dusty,0.507,260,0,0,0,0,0,0,0,normal,0,105,115
10/12/2025 17:00,105,6,Sunday,10,1,0,random_or_none,5,windy,0.503,260,0,0,0,0,0,0,0,normal,0,107,120
10/12/2025 18:00,107,6,Sunday,10,1,0,random_or_none,3,hot,0.535,260,0,0,0,0,0,0,0,normal,0,102,122
10/12/2025 19:00,102,6,Sunday,10,1,0,random_or_none,1,rainy,0.903,260,0,0,0,0,0,0,0,extreme_weather,2,94,123
10/12/2025 20:00,94,6,Sunday,10,1,0,random_or_none,0,sunny,0.252,260,0,0,0,0,0,0,0,normal,0,79,120
10/12/2025 21:00,79,6,Sunday,10,1,0,random_or_none,0,sunny,0.172,260,0,0,0,0,0,0,0,normal,0,75,111
10/12/2025 22:00,75,6,Sunday,10,1,0,random_or_none,3,hot,0.621,260,0,0,0,0,0,0,0,normal,0,67,101
10/12/2025 23:00,67,6,Sunday,10,1,0,random_or_none,4,dusty,0.355,260,0,0,0,0,0,0,0,normal,0,67,91
10/13/2025 0:00,67,0,Monday,10,0,0,random_or_none,3,hot,0.898,260,0,0,0,0,0,0,0,extreme_weather,2,71,78
10/13/2025 1:00,71,0,Monday,10,0,0,random_or_none,4,dusty,0.209,260,0,0,0,0,0,0,0,normal,0,72,74
10/13/2025 2:00,72,0,Monday,10,0,0,random_or_none,4,dusty,0.671,260,0,0,0,0,0,0,0,normal,0,67,61
10/13/2025 3:00,67,0,Monday,10,0,0,random_or_none,5,windy,0.764,260,0,0,0,0,0,0,0,extreme_weather,2,71,55
10/13/2025 4:00,71,0,Monday,10,0,0,random_or_none,3,hot,0.922,260,0,0,0,0,0,0,0,extreme_weather,2,63,61
10/13/2025 5:00,63,0,Monday,10,0,0,random_or_none,0,sunny,0.186,260,0,0,0,0,0,0,0,normal,0,67,56
10/13/2025 6:00,67,0,Monday,10,0,0,random_or_none,1,rainy,0.794,260,0,0,0,0,0,0,0,extreme_weather,2,75,60
10/13/2025 7:00,75,0,Monday,10,0,0,random_or_none,3,hot,0.496,260,0,0,0,0,0,0,0,normal,0,129,65
10/13/2025 8:00,129,0,Monday,10,0,0,random_or_none,3,hot,0.702,260,0,1,98.86,0,0,0,0,emergency_spike,5,131,76
10/13/2025 9:00,131,0,Monday,10,0,0,random_or_none,0,sunny,0.02,260,0,1,37.09,0,0,0,0,emergency_spike,5,124,85
10/13/2025 10:00,124,0,Monday,10,0,0,random_or_none,3,hot,0.845,260,0,0,0,0,0,0,0,extreme_weather,2,113,94
10/13/2025 11:00,113,0,Monday,10,0,0,random_or_none,4,dusty,0.392,260,0,0,0,0,0,0,0,normal,0,111,103
10/13/2025 12:00,111,0,Monday,10,0,0,random_or_none,0,sunny,0.172,260,0,0,0,0,0,0,0,normal,0,108,108
10/13/2025 13:00,108,0,Monday,10,0,0,random_or_none,0,sunny,0.091,260,0,0,0,0,0,0,0,normal,0,109,117
10/13/2025 14:00,109,0,Monday,10,0,0,random_or_none,0,sunny,0.197,260,0,0,0,0,0,0,0,normal,0,118,109
10/13/2025 15:00,118,0,Monday,10,0,0,random_or_none,0,sunny,0.07,260,0,0,0,0,0,0,0,normal,0,115,120
10/13/2025 16:00,115,0,Monday,10,0,0,random_or_none,3,hot,0.519,260,0,0,0,0,0,0,0,normal,0,120,123
10/13/2025 17:00,120,0,Monday,10,0,0,random_or_none,5,windy,0.266,260,0,0,0,0,0,0,0,normal,0,122,113
10/13/2025 18:00,122,0,Monday,10,0,0,random_or_none,4,dusty,0.293,260,0,0,0,0,0,0,0,normal,0,123,106
10/13/2025 19:00,123,0,Monday,10,0,0,random_or_none,0,sunny,0.046,260,0,0,0,0,0,0,0,normal,0,120,110
10/13/2025 20:00,120,0,Monday,10,0,0,random_or_none,3,hot,0.472,260,0,0,0,0,0,0,0,normal,0,111,108
10/13/2025 21:00,111,0,Monday,10,0,0,random_or_none,5,windy,0.833,260,0,0,0,0,0,0,0,extreme_weather,2,101,101
10/13/2025 22:00,101,0,Monday,10,0,0,random_or_none,1,rainy,0.432,260,0,0,0,0,0,0,0,normal,0,91,91
10/13/2025 23:00,91,0,Monday,10,0,0,random_or_none,3,hot,0.625,260,0,0,0,0,0,0,0,normal,0,78,85
10/14/2025 0:00,78,1,Tuesday,10,0,0,random_or_none,0,sunny,0.278,260,0,0,0,0,0,0,0,normal,0,74,84
10/14/2025 1:00,74,1,Tuesday,10,0,0,random_or_none,1,rainy,0.171,260,0,0,0,0,0,0,0,normal,0,61,72
10/14/2025 2:00,61,1,Tuesday,10,0,0,random_or_none,2,cold,0.557,260,0,0,0,0,0,0,0,normal,0,55,65
10/14/2025 3:00,55,1,Tuesday,10,0,0,random_or_none,0,sunny,0.102,260,0,0,0,0,0,0,0,normal,0,61,69
10/14/2025 4:00,61,1,Tuesday,10,0,0,random_or_none,3,hot,0.575,260,0,0,0,0,0,0,0,normal,0,56,64
10/14/2025 5:00,56,1,Tuesday,10,0,0,random_or_none,0,sunny,0.181,260,0,0,0,0,0,0,0,normal,0,60,64
10/14/2025 6:00,60,1,Tuesday,10,0,0,random_or_none,0,sunny,0.185,260,0,0,0,0,0,0,0,normal,0,65,70
10/14/2025 7:00,65,1,Tuesday,10,0,0,random_or_none,1,rainy,0.195,260,0,0,0,0,0,0,0,normal,0,76,78
10/14/2025 8:00,76,1,Tuesday,10,0,0,random_or_none,0,sunny,0.101,260,0,0,0,0,0,0,0,normal,0,85,81
10/14/2025 9:00,85,1,Tuesday,10,0,0,random_or_none,4,dusty,0.564,260,0,0,0,0,0,0,0,normal,0,94,82
10/14/2025 10:00,94,1,Tuesday,10,0,0,random_or_none,0,sunny,0.284,260,0,0,0,0,0,0,0,normal,0,103,92
10/14/2025 11:00,103,1,Tuesday,10,0,0,random_or_none,0,sunny,0.238,260,0,0,0,0,0,0,0,normal,0,108,98
10/14/2025 12:00,108,1,Tuesday,10,0,0,random_or_none,5,windy,0.431,260,0,0,0,0,0,0,0,normal,0,117,107
10/14/2025 13:00,117,1,Tuesday,10,0,0,random_or_none,4,dusty,0.774,260,0,0,0,0,0,0,0,extreme_weather,2,109,106
10/14/2025 14:00,109,1,Tuesday,10,0,0,random_or_none,0,sunny,0.096,260,0,0,0,0,0,0,0,normal,0,120,106
10/14/2025 15:00,120,1,Tuesday,10,0,0,random_or_none,3,hot,0.298,260,0,0,0,0,0,0,0,normal,0,123,113
10/14/2025 16:00,123,1,Tuesday,10,0,0,random_or_none,3,hot,0.698,260,0,0,0,0,0,0,0,normal,0,113,117
10/14/2025 17:00,113,1,Tuesday,10,0,0,random_or_none,0,sunny,0.317,260,0,0,0,0,0,0,0,normal,0,106,111
10/14/2025 18:00,106,1,Tuesday,10,0,0,random_or_none,0,sunny,0.328,260,0,0,0,0,0,0,0,normal,0,110,106
10/14/2025 19:00,110,1,Tuesday,10,0,0,random_or_none,5,windy,0.396,260,0,0,0,0,0,0,0,normal,0,108,116
10/14/2025 20:00,108,1,Tuesday,10,0,0,random_or_none,4,dusty,0.54,260,0,0,0,0,0,0,0,normal,0,101,114
10/14/2025 21:00,101,1,Tuesday,10,0,0,random_or_none,4,dusty,0.421,260,0,0,0,0,0,0,0,normal,0,91,98
10/14/2025 22:00,91,1,Tuesday,10,0,0,random_or_none,3,hot,0.242,260,0,0,0,0,0,0,0,normal,0,85,82
10/14/2025 23:00,85,1,Tuesday,10,0,0,random_or_none,3,hot,0.674,260,0,0,0,0,0,0,0,normal,0,84,84
10/15/2025 0:00,84,2,Wednesday,10,0,0,random_or_none,4,dusty,0.231,260,0,0,0,0,0,0,0,normal,0,72,71
10/15/2025 1:00,72,2,Wednesday,10,0,0,random_or_none,0,sunny,0.326,260,0,0,0,0,0,0,0,normal,0,65,57
10/15/2025 2:00,65,2,Wednesday,10,0,0,random_or_none,0,sunny,0.244,260,0,0,0,0,0,0,0,normal,0,69,53
10/15/2025 3:00,69,2,Wednesday,10,0,0,random_or_none,3,hot,0.212,260,0,0,0,0,0,0,0,normal,0,64,51
10/15/2025 4:00,64,2,Wednesday,10,0,0,random_or_none,4,dusty,0.301,260,0,0,0,0,0,0,0,normal,0,64,52
10/15/2025 5:00,64,2,Wednesday,10,0,0,random_or_none,0,sunny,0.293,260,0,0,0,0,0,0,0,normal,0,70,54
10/15/2025 6:00,70,2,Wednesday,10,0,0,random_or_none,1,rainy,0.367,260,0,0,0,0,0,0,0,normal,0,78,48
10/15/2025 7:00,78,2,Wednesday,10,0,0,random_or_none,4,dusty,0.295,260,0,0,0,0,0,0,0,normal,0,81,50
10/15/2025 8:00,81,2,Wednesday,10,0,0,random_or_none,0,sunny,0.101,260,0,0,0,0,0,0,0,normal,0,82,64
10/15/2025 9:00,82,2,Wednesday,10,0,0,random_or_none,3,hot,0.181,260,0,0,0,0,0,0,0,normal,0,92,71
10/15/2025 10:00,92,2,Wednesday,10,0,0,random_or_none,4,dusty,0.856,260,0,0,0,0,0,0,0,extreme_weather,2,98,79
10/15/2025 11:00,98,2,Wednesday,10,0,0,random_or_none,5,windy,0.577,260,0,0,0,0,0,0,0,normal,0,107,80
10/15/2025 12:00,107,2,Wednesday,10,0,0,random_or_none,3,hot,0.362,260,0,0,0,0,0,0,0,normal,0,106,82
10/15/2025 13:00,106,2,Wednesday,10,0,0,random_or_none,0,sunny,0.237,260,0,0,0,0,0,0,0,normal,0,106,81
10/15/2025 14:00,106,2,Wednesday,10,0,0,random_or_none,0,sunny,0.296,260,0,0,0,0,0,0,0,normal,0,113,89
10/15/2025 15:00,113,2,Wednesday,10,0,0,random_or_none,0,sunny,0.01,260,0,0,0,0,0,0,0,normal,0,117,94
10/15/2025 16:00,117,2,Wednesday,10,0,0,random_or_none,3,hot,0.507,260,0,0,0,0,0,0,0,normal,0,111,102
10/15/2025 17:00,111,2,Wednesday,10,0,0,random_or_none,0,sunny,0.054,260,0,0,0,0,0,0,0,normal,0,106,101
10/15/2025 18:00,106,2,Wednesday,10,0,0,random_or_none,0,sunny,0.052,260,0,0,0,0,0,0,0,normal,0,116,98
10/15/2025 19:00,116,2,Wednesday,10,0,0,random_or_none,1,rainy,0.804,260,0,0,0,0,0,0,0,extreme_weather,2,114,92
10/15/2025 20:00,114,2,Wednesday,10,0,0,random_or_none,4,dusty,0.351,260,0,0,0,0,0,0,0,normal,0,98,87
10/15/2025 21:00,98,2,Wednesday,10,0,0,random_or_none,0,sunny,0.119,260,0,0,0,0,0,0,0,normal,0,82,71
10/15/2025 22:00,82,2,Wednesday,10,0,0,random_or_none,0,sunny,0.084,260,0,0,0,0,0,0,0,normal,0,84,65
10/15/2025 23:00,84,2,Wednesday,10,0,0,random_or_none,5,windy,0.423,260,0,0,0,0,0,0,0,normal,0,71,61
10/16/2025 0:00,71,3,Thursday,10,0,0,random_or_none,0,sunny,0.043,260,0,0,0,0,0,1,0.228,staff_shortage,4,57,62
10/16/2025 1:00,57,3,Thursday,10,0,0,random_or_none,0,sunny,0.278,260,0,0,0,0,0,1,0.228,staff_shortage,4,53,59
10/16/2025 2:00,53,3,Thursday,10,0,0,random_or_none,3,hot,0.926,260,0,0,0,0,0,1,0.228,extreme_weather,2,51,56
10/16/2025 3:00,51,3,Thursday,10,0,0,random_or_none,5,windy,0.61,260,0,0,0,0,0,1,0.228,staff_shortage,4,52,56
10/16/2025 4:00,52,3,Thursday,10,0,0,random_or_none,0,sunny,0.281,260,0,0,0,0,0,1,0.228,staff_shortage,4,54,53
10/16/2025 5:00,54,3,Thursday,10,0,0,random_or_none,4,dusty,0.42,260,0,0,0,0,0,1,0.228,staff_shortage,4,48,49
10/16/2025 6:00,48,3,Thursday,10,0,0,random_or_none,0,sunny,0.319,260,0,0,0,0,0,1,0.228,staff_shortage,4,50,58
10/16/2025 7:00,50,3,Thursday,10,0,0,random_or_none,0,sunny,0.251,260,0,0,0,0,0,1,0.228,staff_shortage,4,64,63
10/16/2025 8:00,64,3,Thursday,10,0,0,random_or_none,0,sunny,0.137,260,0,0,0,0,0,1,0.228,staff_shortage,4,71,71
10/16/2025 9:00,71,3,Thursday,10,0,0,random_or_none,4,dusty,0.382,260,0,0,0,0,0,1,0.228,staff_shortage,4,79,76
10/16/2025 10:00,79,3,Thursday,10,0,0,random_or_none,4,dusty,0.227,260,0,0,0,0,0,1,0.228,staff_shortage,4,80,71
10/16/2025 11:00,80,3,Thursday,10,0,0,random_or_none,3,hot,0.43,260,0,0,0,0,0,1,0.228,staff_shortage,4,82,72
10/16/2025 12:00,82,3,Thursday,10,0,0,random_or_none,2,cold,0.125,260,0,0,0,0,0,1,0.228,staff_shortage,4,81,77
10/16/2025 13:00,81,3,Thursday,10,0,0,random_or_none,0,sunny,0.038,260,0,0,0,0,0,1,0.228,staff_shortage,4,89,83
10/16/2025 14:00,89,3,Thursday,10,0,0,random_or_none,0,sunny,0.057,260,0,0,0,0,0,1,0.228,staff_shortage,4,94,90
10/16/2025 15:00,94,3,Thursday,10,0,0,random_or_none,4,dusty,0.75,260,0,0,0,0,0,1,0.228,extreme_weather,2,102,88
10/16/2025 16:00,102,3,Thursday,10,0,0,random_or_none,1,rainy,0.497,260,0,0,0,0,0,1,0.228,staff_shortage,4,101,89
10/16/2025 17:00,101,3,Thursday,10,0,0,random_or_none,3,hot,0.862,260,0,0,0,0,0,1,0.228,extreme_weather,2,98,91
10/16/2025 18:00,98,3,Thursday,10,0,0,random_or_none,3,hot,0.565,260,0,0,0,0,0,1,0.228,staff_shortage,4,92,92
10/16/2025 19:00,92,3,Thursday,10,0,0,random_or_none,3,hot,0.319,260,0,0,0,0,0,1,0.228,staff_shortage,4,87,91
10/16/2025 20:00,87,3,Thursday,10,0,0,random_or_none,1,rainy,0.51,260,0,0,0,0,0,1,0.228,staff_shortage,4,71,92
10/16/2025 21:00,71,3,Thursday,10,0,0,random_or_none,0,sunny,0.087,260,0,0,0,0,0,1,0.228,staff_shortage,4,65,80
10/16/2025 22:00,65,3,Thursday,10,0,0,random_or_none,5,windy,0.753,260,0,0,0,0,0,1,0.228,extreme_weather,2,61,75
10/16/2025 23:00,61,3,Thursday,10,0,0,random_or_none,4,dusty,0.339,260,0,0,0,0,0,1,0.228,staff_shortage,4,62,61
10/17/2025 0:00,62,4,Friday,10,0,0,random_or_none,4,dusty,0.526,260,0,0,0,0,0,1,0.228,staff_shortage,4,59,51
10/17/2025 1:00,59,4,Friday,10,0,0,random_or_none,0,sunny,0.297,260,0,0,0,0,0,1,0.228,staff_shortage,4,56,45
10/17/2025 2:00,56,4,Friday,10,0,0,random_or_none,3,hot,0.305,260,0,0,0,0,0,1,0.228,staff_shortage,4,56,36
10/17/2025 3:00,56,4,Friday,10,0,0,random_or_none,5,windy,0.455,260,0,0,0,0,0,1,0.228,staff_shortage,4,53,31
10/17/2025 4:00,53,4,Friday,10,0,0,random_or_none,4,dusty,0.445,260,0,0,0,0,0,1,0.228,staff_shortage,4,49,33
10/17/2025 5:00,49,4,Friday,10,0,0,random_or_none,5,windy,0.377,260,0,0,0,0,0,1,0.228,staff_shortage,4,58,36
10/17/2025 6:00,58,4,Friday,10,0,0,random_or_none,0,sunny,0.136,260,0,0,0,0,0,1,0.228,staff_shortage,4,63,41
10/17/2025 7:00,63,4,Friday,10,0,0,random_or_none,0,sunny,0.285,260,0,0,0,0,0,1,0.228,staff_shortage,4,71,44
10/17/2025 8:00,71,4,Friday,10,0,0,random_or_none,4,dusty,0.662,260,0,0,0,0,0,1,0.228,staff_shortage,4,76,50
10/17/2025 9:00,76,4,Friday,10,0,0,random_or_none,4,dusty,0.503,260,0,0,0,0,0,1,0.228,staff_shortage,4,71,56
10/17/2025 10:00,71,4,Friday,10,0,0,random_or_none,0,sunny,0.098,260,0,0,0,0,0,1,0.228,staff_shortage,4,72,64
10/17/2025 11:00,72,4,Friday,10,0,0,random_or_none,3,hot,0.159,260,0,0,0,0,0,1,0.228,staff_shortage,4,77,64
10/17/2025 12:00,77,4,Friday,10,0,0,random_or_none,3,hot,0.45,260,0,0,0,0,0,1,0.228,staff_shortage,4,83,61
10/17/2025 13:00,83,4,Friday,10,0,0,random_or_none,3,hot,0.796,260,0,0,0,0,0,1,0.228,extreme_weather,2,90,64
10/17/2025 14:00,90,4,Friday,10,0,0,random_or_none,5,windy,0.646,260,0,0,0,0,0,1,0.228,staff_shortage,4,88,64
10/17/2025 15:00,88,4,Friday,10,0,0,random_or_none,4,dusty,0.382,260,0,0,0,0,0,1,0.228,staff_shortage,4,89,76
10/17/2025 16:00,89,4,Friday,10,0,0,random_or_none,3,hot,0.855,260,0,0,0,0,0,1,0.228,extreme_weather,2,91,81
10/17/2025 17:00,91,4,Friday,10,0,0,random_or_none,0,sunny,0.018,260,0,0,0,0,0,1,0.228,staff_shortage,4,92,80
10/17/2025 18:00,92,4,Friday,10,0,0,random_or_none,0,sunny,0.247,260,0,0,0,0,0,1,0.228,staff_shortage,4,91,80
10/17/2025 19:00,91,4,Friday,10,0,0,random_or_none,4,dusty,0.353,260,0,0,0,0,0,1,0.228,staff_shortage,4,92,75
10/17/2025 20:00,92,4,Friday,10,0,0,random_or_none,1,rainy,0.715,260,0,0,0,0,0,1,0.228,staff_shortage,4,80,71
10/17/2025 21:00,80,4,Friday,10,0,0,random_or_none,0,sunny,0.325,260,0,0,0,0,0,1,0.228,staff_shortage,4,75,63
10/17/2025 22:00,75,4,Friday,10,0,0,random_or_none,0,sunny,0.135,260,0,0,0,0,0,1,0.228,staff_shortage,4,61,55
10/17/2025 23:00,61,4,Friday,10,0,0,random_or_none,0,sunny,0.14,260,0,0,0,0,0,1,0.228,staff_shortage,4,51,47
10/18/2025 0:00,51,5,Saturday,10,1,0,random_or_none,1,rainy,0.935,260,0,0,0,0,0,1,0.228,extreme_weather,2,45,41
10/18/2025 1:00,45,5,Saturday,10,1,0,random_or_none,4,dusty,0.241,260,0,0,0,0,0,1,0.228,staff_shortage,4,36,37
10/18/2025 2:00,36,5,Saturday,10,1,0,random_or_none,0,sunny,0.257,260,0,0,0,0,0,1,0.228,staff_shortage,4,31,39
10/18/2025 3:00,31,5,Saturday,10,1,0,random_or_none,0,sunny,0.224,260,0,0,0,0,0,1,0.228,staff_shortage,4,33,39
10/18/2025 4:00,33,5,Saturday,10,1,0,random_or_none,0,sunny,0.339,260,0,0,0,0,0,1,0.228,staff_shortage,4,36,34
10/18/2025 5:00,36,5,Saturday,10,1,0,random_or_none,0,sunny,0.089,260,0,0,0,0,0,1,0.228,staff_shortage,4,41,40
10/18/2025 6:00,41,5,Saturday,10,1,0,random_or_none,0,sunny,0.088,260,0,0,0,0,0,1,0.228,staff_shortage,4,44,44
10/18/2025 7:00,44,5,Saturday,10,1,0,random_or_none,0,sunny,0.24,260,0,0,0,0,0,1,0.228,staff_shortage,4,50,48
10/18/2025 8:00,50,5,Saturday,10,1,0,random_or_none,0,sunny,0.25,260,0,0,0,0,0,1,0.228,staff_shortage,4,56,48
10/18/2025 9:00,56,5,Saturday,10,1,0,random_or_none,0,sunny,0.201,260,0,0,0,0,0,1,0.228,staff_shortage,4,64,52
10/18/2025 10:00,64,5,Saturday,10,1,0,random_or_none,3,hot,0.687,260,0,0,0,0,0,1,0.228,staff_shortage,4,64,126
10/18/2025 11:00,64,5,Saturday,10,1,0,random_or_none,3,hot,0.338,260,0,0,0,0,0,1,0.228,staff_shortage,4,61,102
10/18/2025 12:00,61,5,Saturday,10,1,0,random_or_none,5,windy,0.39,260,0,0,0,0,0,1,0.228,staff_shortage,4,64,95
10/18/2025 13:00,64,5,Saturday,10,1,0,random_or_none,1,rainy,0.816,260,0,0,0,0,0,1,0.228,extreme_weather,2,64,81
10/18/2025 14:00,64,5,Saturday,10,1,0,random_or_none,3,hot,0.893,260,0,0,0,0,0,1,0.228,extreme_weather,2,76,82
10/18/2025 15:00,76,5,Saturday,10,1,0,random_or_none,0,sunny,0.171,260,0,0,0,0,0,1,0.228,staff_shortage,4,81,138
10/18/2025 16:00,81,5,Saturday,10,1,0,random_or_none,4,dusty,0.785,260,0,0,0,0,0,1,0.228,extreme_weather,2,80,111
10/18/2025 17:00,80,5,Saturday,10,1,0,random_or_none,0,sunny,0.322,260,0,0,0,0,0,1,0.228,staff_shortage,4,80,98
10/18/2025 18:00,80,5,Saturday,10,1,0,random_or_none,3,hot,0.926,260,0,0,0,0,0,1,0.228,extreme_weather,2,75,89
10/18/2025 19:00,75,5,Saturday,10,1,0,random_or_none,0,sunny,0.211,260,0,0,0,0,0,1,0.228,staff_shortage,4,71,86
10/18/2025 20:00,71,5,Saturday,10,1,0,random_or_none,0,sunny,0.315,260,0,0,0,0,0,1,0.228,staff_shortage,4,63,76
10/18/2025 21:00,63,5,Saturday,10,1,0,random_or_none,5,windy,0.455,260,0,0,0,0,0,1,0.228,staff_shortage,4,55,71
10/18/2025 22:00,55,5,Saturday,10,1,0,random_or_none,0,sunny,0.297,260,0,0,0,0,0,1,0.228,staff_shortage,4,47,65
10/18/2025 23:00,47,5,Saturday,10,1,0,random_or_none,3,hot,0.227,260,0,0,0,0,0,1,0.228,staff_shortage,4,41,50
10/19/2025 0:00,41,6,Sunday,10,1,0,random_or_none,0,sunny,0.111,260,0,0,0,0,0,1,0.228,staff_shortage,4,37,47
10/19/2025 1:00,37,6,Sunday,10,1,0,random_or_none,1,rainy,0.155,260,0,0,0,0,0,1,0.228,staff_shortage,4,39,45
10/19/2025 2:00,39,6,Sunday,10,1,0,random_or_none,4,dusty,0.757,260,0,0,0,0,0,1,0.228,extreme_weather,2,39,86
10/19/2025 3:00,39,6,Sunday,10,1,0,random_or_none,0,sunny,0.263,260,0,0,0,0,0,1,0.228,staff_shortage,4,34,76
10/19/2025 4:00,34,6,Sunday,10,1,0,random_or_none,2,cold,0.182,260,0,0,0,0,0,1,0.228,staff_shortage,4,40,67
10/19/2025 5:00,40,6,Sunday,10,1,0,random_or_none,1,rainy,0.808,260,0,0,0,0,0,1,0.228,extreme_weather,2,44,61
10/19/2025 6:00,44,6,Sunday,10,1,0,random_or_none,2,cold,0.279,260,0,0,0,0,0,1,0.228,staff_shortage,4,48,63
10/19/2025 7:00,48,6,Sunday,10,1,0,random_or_none,3,hot,0.505,260,0,0,0,0,0,1,0.228,staff_shortage,4,48,66
10/19/2025 8:00,48,6,Sunday,10,1,0,random_or_none,0,sunny,0.145,260,0,0,0,0,0,1,0.228,staff_shortage,4,52,66
10/19/2025 9:00,52,6,Sunday,10,1,0,random_or_none,0,sunny,0.141,260,0,0,0,0,0,1,0.228,staff_shortage,4,126,68
10/19/2025 10:00,126,6,Sunday,10,1,0,random_or_none,1,rainy,0.422,260,0,1,148.86,0,0,1,0.228,emergency_spike,5,102,77
10/19/2025 11:00,102,6,Sunday,10,1,0,random_or_none,0,sunny,0.147,260,0,0,0,0,0,1,0.228,staff_shortage,4,95,84
10/19/2025 12:00,95,6,Sunday,10,1,0,random_or_none,5,windy,0.656,260,0,0,0,0,0,1,0.228,staff_shortage,4,81,86
10/19/2025 13:00,81,6,Sunday,10,1,0,random_or_none,0,sunny,0.253,260,0,0,0,0,0,1,0.228,staff_shortage,4,82,88
10/19/2025 14:00,82,6,Sunday,10,1,0,random_or_none,0,sunny,0.336,260,0,0,0,0,0,1,0.228,staff_shortage,4,138,89
10/19/2025 15:00,138,6,Sunday,10,1,0,random_or_none,1,rainy,0.59,260,0,1,139.01,0,0,1,0.228,emergency_spike,5,111,92
10/19/2025 16:00,111,6,Sunday,10,1,0,random_or_none,0,sunny,0.335,260,0,0,0,0,0,1,0.228,staff_shortage,4,98,92
10/19/2025 17:00,98,6,Sunday,10,1,0,random_or_none,3,hot,0.83,260,0,0,0,0,0,1,0.228,extreme_weather,2,89,93
10/19/2025 18:00,89,6,Sunday,10,1,0,random_or_none,4,dusty,0.352,260,0,0,0,0,0,1,0.228,staff_shortage,4,86,173
10/19/2025 19:00,86,6,Sunday,10,1,0,random_or_none,0,sunny,0.281,260,0,0,0,0,0,1,0.228,staff_shortage,4,76,137
10/19/2025 20:00,76,6,Sunday,10,1,0,random_or_none,1,rainy,0.163,260,0,0,0,0,0,1,0.228,staff_shortage,4,71,114
10/19/2025 21:00,71,6,Sunday,10,1,0,random_or_none,3,hot,0.406,260,0,0,0,0,0,1,0.228,staff_shortage,4,65,101
10/19/2025 22:00,65,6,Sunday,10,1,0,random_or_none,5,windy,0.398,260,0,0,0,0,0,1,0.228,staff_shortage,4,50,82
10/19/2025 23:00,50,6,Sunday,10,1,0,random_or_none,0,sunny,0.301,260,0,0,0,0,0,1,0.228,staff_shortage,4,47,67
10/20/2025 0:00,47,0,Monday,10,0,0,random_or_none,0,sunny,0.052,260,0,0,0,0,0,1,0.228,staff_shortage,4,45,59
10/20/2025 1:00,45,0,Monday,10,0,0,random_or_none,3,hot,0.417,260,0,0,0,0,0,1,0.228,staff_shortage,4,86,57
10/20/2025 2:00,86,0,Monday,10,0,0,random_or_none,0,sunny,0.039,260,0,1,97.98,0,0,1,0.228,emergency_spike,5,76,54
10/20/2025 3:00,76,0,Monday,10,0,0,random_or_none,3,hot,0.202,260,0,0,0,0,0,1,0.228,staff_shortage,4,67,53
10/20/2025 4:00,67,0,Monday,10,0,0,random_or_none,3,hot,0.176,260,0,0,0,0,0,1,0.228,staff_shortage,4,61,57
10/20/2025 5:00,61,0,Monday,10,0,0,random_or_none,0,sunny,0.271,260,0,0,0,0,0,1,0.228,staff_shortage,4,63,64
10/20/2025 6:00,63,0,Monday,10,0,0,random_or_none,0,sunny,0.146,260,0,0,0,0,0,1,0.228,staff_shortage,4,66,95
10/20/2025 7:00,66,0,Monday,10,0,0,random_or_none,4,dusty,0.725,260,0,0,0,0,0,1,0.228,staff_shortage,4,66,84
10/20/2025 8:00,66,0,Monday,10,0,0,random_or_none,4,dusty,0.24,260,0,0,0,0,0,1,0.228,staff_shortage,4,68,85
10/20/2025 9:00,68,0,Monday,10,0,0,random_or_none,0,sunny,0.347,260,0,0,0,0,0,1,0.228,staff_shortage,4,77,92
10/20/2025 10:00,77,0,Monday,10,0,0,random_or_none,1,rainy,0.176,260,0,0,0,0,0,1,0.228,staff_shortage,4,84,88
10/20/2025 11:00,84,0,Monday,10,0,0,random_or_none,5,windy,0.71,260,0,0,0,0,0,1,0.228,staff_shortage,4,86,91
10/20/2025 12:00,86,0,Monday,10,0,0,random_or_none,0,sunny,0.064,260,0,0,0,0,0,1,0.228,staff_shortage,4,88,95
10/20/2025 13:00,88,0,Monday,10,0,0,random_or_none,5,windy,0.776,260,0,0,0,0,0,1,0.228,extreme_weather,2,89,102
10/20/2025 14:00,89,0,Monday,10,0,0,random_or_none,0,sunny,0.319,260,0,0,0,0,0,1,0.228,staff_shortage,4,92,108
10/20/2025 15:00,92,0,Monday,10,0,0,random_or_none,3,hot,0.827,260,0,0,0,0,0,1,0.228,extreme_weather,2,92,113
10/20/2025 16:00,92,0,Monday,10,0,0,random_or_none,3,hot,0.513,260,0,0,0,0,0,1,0.228,staff_shortage,4,93,122
10/20/2025 17:00,93,0,Monday,10,0,0,random_or_none,0,sunny,0.333,260,0,0,0,0,0,1,0.228,staff_shortage,4,173,124
10/20/2025 18:00,173,0,Monday,10,0,0,random_or_none,4,dusty,0.622,260,0,1,162.9,0,0,1,0.228,emergency_spike,5,137,114
10/20/2025 19:00,137,0,Monday,10,0,0,random_or_none,4,dusty,0.869,260,0,0,0,0,0,1,0.228,extreme_weather,2,114,113
10/20/2025 20:00,114,0,Monday,10,0,0,random_or_none,4,dusty,0.655,260,0,0,0,0,0,1,0.228,staff_shortage,4,101,109
10/20/2025 21:00,101,0,Monday,10,0,0,random_or_none,3,hot,0.32,260,0,0,0,0,0,1,0.228,staff_shortage,4,82,101
10/20/2025 22:00,82,0,Monday,10,0,0,random_or_none,0,sunny,0.175,260,0,0,0,0,0,1,0.228,staff_shortage,4,67,85
10/20/2025 23:00,67,0,Monday,10,0,0,random_or_none,0,sunny,0.135,260,0,0,0,0,0,1,0.228,staff_shortage,4,59,86
10/21/2025 0:00,59,1,Tuesday,10,0,0,random_or_none,4,dusty,0.422,260,0,0,0,0,0,1,0.228,staff_shortage,4,57,75
10/21/2025 1:00,57,1,Tuesday,10,0,0,random_or_none,4,dusty,0.628,260,0,0,0,0,0,1,0.228,staff_shortage,4,54,64
10/21/2025 2:00,54,1,Tuesday,10,0,0,random_or_none,0,sunny,0.008,260,0,0,0,0,0,1,0.228,staff_shortage,4,53,57
10/21/2025 3:00,53,1,Tuesday,10,0,0,random_or_none,0,sunny,0.202,260,0,0,0,0,0,0,0,normal,0,57,55
10/21/2025 4:00,57,1,Tuesday,10,0,0,random_or_none,5,windy,0.502,260,0,0,0,0,0,0,0,normal,0,64,52
10/21/2025 5:00,64,1,Tuesday,10,0,0,random_or_none,1,rainy,0.296,260,0,0,0,0,0,0,0,normal,0,95,56
10/21/2025 6:00,95,1,Tuesday,10,0,0,random_or_none,3,hot,0.278,260,0,1,50.16,0,0,0,0,emergency_spike,5,84,63
10/21/2025 7:00,84,1,Tuesday,10,0,0,random_or_none,0,sunny,0.259,260,0,0,0,0,0,0,0,normal,0,85,68
10/21/2025 8:00,85,1,Tuesday,10,0,0,random_or_none,0,sunny,0.153,260,0,0,0,0,0,0,0,normal,0,92,76
10/21/2025 9:00,92,1,Tuesday,10,0,0,random_or_none,2,cold,0.765,260,0,0,0,0,0,0,0,extreme_weather,2,88,90
10/21/2025 10:00,88,1,Tuesday,10,0,0,random_or_none,0,sunny,0.001,260,0,0,0,0,0,0,0,normal,0,91,91
10/21/2025 11:00,91,1,Tuesday,10,0,0,random_or_none,0,sunny,0.195,260,0,0,0,0,0,0,0,normal,0,95,94
10/21/2025 12:00,95,1,Tuesday,10,0,0,random_or_none,0,sunny,0.305,260,0,0,0,0,0,0,0,normal,0,102,106
10/21/2025 13:00,102,1,Tuesday,10,0,0,random_or_none,0,sunny,0.008,260,0,0,0,0,0,0,0,normal,0,108,110
10/21/2025 14:00,108,1,Tuesday,10,0,0,random_or_none,4,dusty,0.7,260,0,0,0,0,0,0,0,normal,0,113,178
10/21/2025 15:00,113,1,Tuesday,10,0,0,random_or_none,3,hot,0.19,260,0,0,0,0,0,0,0,normal,0,122,154
10/21/2025 16:00,122,1,Tuesday,10,0,0,random_or_none,3,hot,0.257,260,0,0,0,0,0,0,0,normal,0,124,135
10/21/2025 17:00,124,1,Tuesday,10,0,0,random_or_none,0,sunny,0.118,260,0,0,0,0,0,0,0,normal,0,114,126
10/21/2025 18:00,114,1,Tuesday,10,0,0,random_or_none,4,dusty,0.65,260,0,0,0,0,0,0,0,normal,0,113,123
10/21/2025 19:00,113,1,Tuesday,10,0,0,random_or_none,0,sunny,0.223,260,0,0,0,0,0,0,0,normal,0,109,120
10/21/2025 20:00,109,1,Tuesday,10,0,0,random_or_none,0,sunny,0.243,260,0,0,0,0,0,0,0,normal,0,101,118
10/21/2025 21:00,101,1,Tuesday,10,0,0,random_or_none,0,sunny,0.013,260,0,0,0,0,0,0,0,normal,0,85,102
10/21/2025 22:00,85,1,Tuesday,10,0,0,random_or_none,5,windy,0.24,260,0,0,0,0,0,0,0,normal,0,86,96
10/21/2025 23:00,86,1,Tuesday,10,0,0,random_or_none,4,dusty,0.627,260,0,0,0,0,0,0,0,normal,0,75,87
10/22/2025 0:00,75,2,Wednesday,10,0,0,random_or_none,3,hot,0.376,260,0,0,0,0,0,0,0,normal,0,64,77
10/22/2025 1:00,64,2,Wednesday,10,0,0,random_or_none,0,sunny,0.174,260,0,0,0,0,0,0,0,normal,0,57,72
10/22/2025 2:00,57,2,Wednesday,10,0,0,random_or_none,3,hot,0.363,260,0,0,0,0,0,0,0,normal,0,55,71
10/22/2025 3:00,55,2,Wednesday,10,0,0,random_or_none,0,sunny,0.189,260,0,0,0,0,0,0,0,normal,0,52,74
10/22/2025 4:00,52,2,Wednesday,10,0,0,random_or_none,4,dusty,0.568,260,0,0,0,0,0,0,0,normal,0,56,71
10/22/2025 5:00,56,2,Wednesday,10,0,0,random_or_none,0,sunny,0.158,260,0,0,0,0,0,0,0,normal,0,63,71
10/22/2025 6:00,63,2,Wednesday,10,0,0,random_or_none,5,windy,0.611,260,0,0,0,0,0,0,0,normal,0,68,72
10/22/2025 7:00,68,2,Wednesday,10,0,0,random_or_none,3,hot,0.323,260,0,0,0,0,0,0,0,normal,0,76,78
10/22/2025 8:00,76,2,Wednesday,10,0,0,random_or_none,0,sunny,0.203,260,0,0,0,0,0,0,0,normal,0,90,81
10/22/2025 9:00,90,2,Wednesday,10,0,0,random_or_none,4,dusty,0.832,260,0,0,0,0,0,0,0,extreme_weather,2,91,89
10/22/2025 10:00,91,2,Wednesday,10,0,0,random_or_none,0,sunny,0.133,260,0,0,0,0,0,0,0,normal,0,94,96
10/22/2025 11:00,94,2,Wednesday,10,0,0,random_or_none,0,sunny,0.172,260,0,0,0,0,0,0,0,normal,0,106,98
10/22/2025 12:00,106,2,Wednesday,10,0,0,random_or_none,3,hot,0.92,260,0,0,0,0,0,0,0,extreme_weather,2,110,104
10/22/2025 13:00,110,2,Wednesday,10,0,0,random_or_none,0,sunny,0.219,260,0,0,0,0,0,0,0,normal,0,178,105
10/22/2025 14:00,178,2,Wednesday,10,0,0,random_or_none,3,hot,0.595,260,0,1,149.89,0,0,0,0,emergency_spike,5,154,106
10/22/2025 15:00,154,2,Wednesday,10,0,0,random_or_none,4,dusty,0.787,260,0,0,0,0,0,0,0,extreme_weather,2,135,107
10/22/2025 16:00,135,2,Wednesday,10,0,0,random_or_none,0,sunny,0.295,260,0,0,0,0,0,0,0,normal,0,126,108
10/22/2025 17:00,126,2,Wednesday,10,0,0,random_or_none,3,hot,0.371,260,0,0,0,0,0,0,0,normal,0,123,114
10/22/2025 18:00,123,2,Wednesday,10,0,0,random_or_none,3,hot,0.534,260,0,0,0,0,0,0,0,normal,0,120,121
10/22/2025 19:00,120,2,Wednesday,10,0,0,random_or_none,3,hot,0.682,260,0,0,0,0,0,0,0,normal,0,118,114
10/22/2025 20:00,118,2,Wednesday,10,0,0,random_or_none,4,dusty,0.292,260,0,0,0,0,0,0,0,normal,0,102,110
10/22/2025 21:00,102,2,Wednesday,10,0,0,random_or_none,0,sunny,0.077,260,0,0,0,0,0,0,0,normal,0,96,91
10/22/2025 22:00,96,2,Wednesday,10,0,0,random_or_none,3,hot,0.495,260,0,0,0,0,0,0,0,normal,0,87,79
10/22/2025 23:00,87,2,Wednesday,10,0,0,random_or_none,3,hot,0.699,260,0,0,0,0,0,0,0,normal,0,77,80
10/23/2025 0:00,77,3,Thursday,10,0,0,random_or_none,0,sunny,0.293,260,0,0,0,0,0,0,0,normal,0,72,74
10/23/2025 1:00,72,3,Thursday,10,0,0,random_or_none,3,hot,0.678,260,0,0,0,0,0,0,0,normal,0,71,76
10/23/2025 2:00,71,3,Thursday,10,0,0,random_or_none,4,dusty,0.622,260,0,0,0,0,0,0,0,normal,0,74,67
10/23/2025 3:00,74,3,Thursday,10,0,0,random_or_none,3,hot,0.319,260,0,0,0,0,0,0,0,normal,0,71,73
10/23/2025 4:00,71,3,Thursday,10,0,0,random_or_none,0,sunny,0.087,260,0,0,0,0,0,0,0,normal,0,71,60
10/23/2025 5:00,71,3,Thursday,10,0,0,random_or_none,3,hot,0.175,260,0,0,0,0,0,0,0,normal,0,72,66
10/23/2025 6:00,72,3,Thursday,10,0,0,random_or_none,5,windy,0.495,260,0,0,0,0,0,0,0,normal,0,78,72
10/23/2025 7:00,78,3,Thursday,10,0,0,random_or_none,4,dusty,0.485,260,0,0,0,0,0,0,0,normal,0,81,72
10/23/2025 8:00,81,3,Thursday,10,0,0,random_or_none,0,sunny,0.225,260,0,0,0,0,0,0,0,normal,0,89,78
10/23/2025 9:00,89,3,Thursday,10,0,0,random_or_none,0,sunny,0.202,260,0,0,0,0,0,0,0,normal,0,96,86
10/23/2025 10:00,96,3,Thursday,10,0,0,random_or_none,0,sunny,0.289,260,0,0,0,0,0,0,0,normal,0,98,89
10/23/2025 11:00,98,3,Thursday,10,0,0,random_or_none,0,sunny,0.006,260,0,0,0,0,0,0,0,normal,0,104,97
10/23/2025 12:00,104,3,Thursday,10,0,0,random_or_none,0,sunny,0.271,260,0,0,0,0,0,0,0,normal,0,105,104
10/23/2025 13:00,105,3,Thursday,10,0,0,random_or_none,0,sunny,0.275,260,0,0,0,0,0,0,0,normal,0,106,109
10/23/2025 14:00,106,3,Thursday,10,0,0,random_or_none,0,sunny,0.3,260,0,0,0,0,0,0,0,normal,0,107,115
10/23/2025 15:00,107,3,Thursday,10,0,0,random_or_none,0,sunny,0.097,260,0,0,0,0,0,0,0,normal,0,108,115
10/23/2025 16:00,108,3,Thursday,10,0,0,random_or_none,0,sunny,0.335,260,0,0,0,0,0,0,0,normal,0,114,115
10/23/2025 17:00,114,3,Thursday,10,0,0,random_or_none,3,hot,0.662,260,0,0,0,0,0,0,0,normal,0,121,120
10/23/2025 18:00,121,3,Thursday,10,0,0,random_or_none,5,windy,0.617,260,0,0,0,0,0,0,0,normal,0,114,120
10/23/2025 19:00,114,3,Thursday,10,0,0,random_or_none,5,windy,0.59,260,0,0,0,0,0,0,0,normal,0,110,110
10/23/2025 20:00,110,3,Thursday,10,0,0,random_or_none,2,cold,0.341,260,0,0,0,0,0,0,0,normal,0,91,107
10/23/2025 21:00,91,3,Thursday,10,0,0,random_or_none,0,sunny,0.031,260,0,0,0,0,0,0,0,normal,0,79,103
10/23/2025 22:00,79,3,Thursday,10,0,0,random_or_none,0,sunny,0.066,260,0,0,0,0,0,0,0,normal,0,80,89
10/23/2025 23:00,80,3,Thursday,10,0,0,random_or_none,5,windy,0.778,260,0,0,0,0,0,0,0,extreme_weather,2,74,75
10/24/2025 0:00,74,4,Friday,10,0,0,random_or_none,1,rainy,0.7,260,0,0,0,0,0,0,0,normal,0,76,64
10/24/2025 1:00,76,4,Friday,10,0,0,random_or_none,5,windy,0.363,260,0,0,0,0,0,0,0,normal,0,67,54
10/24/2025 2:00,67,4,Friday,10,0,0,random_or_none,0,sunny,0.062,260,0,0,0,0,0,0,0,normal,0,73,50
10/24/2025 3:00,73,4,Friday,10,0,0,random_or_none,4,dusty,0.667,260,0,0,0,0,0,0,0,normal,0,60,48
10/24/2025 4:00,60,4,Friday,10,0,0,random_or_none,0,sunny,0.087,260,0,0,0,0,0,0,0,normal,0,66,45
10/24/2025 5:00,66,4,Friday,10,0,0,random_or_none,4,dusty,0.385,260,0,0,0,0,0,0,0,normal,0,72,47
10/24/2025 6:00,72,4,Friday,10,0,0,random_or_none,0,sunny,0.134,260,0,0,0,0,0,0,0,normal,0,72,50
10/24/2025 7:00,72,4,Friday,10,0,0,random_or_none,0,sunny,0.324,260,0,0,0,0,0,0,0,normal,0,78,54
10/24/2025 8:00,78,4,Friday,10,0,0,random_or_none,0,sunny,0.232,260,0,0,0,0,0,0,0,normal,0,86,64
10/24/2025 9:00,86,4,Friday,10,0,0,random_or_none,3,hot,0.833,260,0,0,0,0,0,0,0,extreme_weather,2,89,71
10/24/2025 10:00,89,4,Friday,10,0,0,random_or_none,0,sunny,0.348,260,0,0,0,0,0,0,0,normal,0,97,82
10/24/2025 11:00,97,4,Friday,10,0,0,random_or_none,0,sunny,0.221,260,0,0,0,0,0,0,0,normal,0,104,89
10/24/2025 12:00,104,4,Friday,10,0,0,random_or_none,4,dusty,0.2,260,0,0,0,0,0,0,0,normal,0,109,90
10/24/2025 13:00,109,4,Friday,10,0,0,random_or_none,0,sunny,0.024,260,0,0,0,0,0,0,0,normal,0,115,92
10/24/2025 14:00,115,4,Friday,10,0,0,random_or_none,5,windy,0.403,260,0,0,0,0,0,0,0,normal,0,115,99
10/24/2025 15:00,115,4,Friday,10,0,0,random_or_none,1,rainy,0.419,260,0,0,0,0,0,0,0,normal,0,115,95
10/24/2025 16:00,115,4,Friday,10,0,0,random_or_none,0,sunny,0.069,260,0,0,0,0,0,0,0,normal,0,120,102
10/24/2025 17:00,120,4,Friday,10,0,0,random_or_none,3,hot,0.934,260,0,0,0,0,0,0,0,extreme_weather,2,120,104
10/24/2025 18:00,120,4,Friday,10,0,0,random_or_none,1,rainy,0.413,260,0,0,0,0,0,0,0,normal,0,110,90
10/24/2025 19:00,110,4,Friday,10,0,0,random_or_none,0,sunny,0.226,260,0,0,0,0,0,0,0,normal,0,107,80
10/24/2025 20:00,107,4,Friday,10,0,0,random_or_none,0,sunny,0.166,260,0,0,0,0,0,0,0,normal,0,103,90
10/24/2025 21:00,103,4,Friday,10,0,0,random_or_none,4,dusty,0.428,260,0,0,0,0,0,0,0,normal,0,89,85
10/24/2025 22:00,89,4,Friday,10,0,0,random_or_none,0,sunny,0.205,260,0,0,0,0,0,0,0,normal,0,75,76
10/24/2025 23:00,75,4,Friday,10,0,0,random_or_none,0,sunny,0.204,260,0,0,0,0,0,0,0,normal,0,64,68
10/25/2025 0:00,64,5,Saturday,10,1,0,random_or_none,3,hot,0.382,260,0,0,0,0,0,0,0,normal,0,54,65
10/25/2025 1:00,54,5,Saturday,10,1,0,random_or_none,3,hot,0.439,260,0,0,0,0,0,0,0,normal,0,50,52
10/25/2025 2:00,50,5,Saturday,10,1,0,random_or_none,5,windy,0.586,260,0,0,0,0,0,0,0,normal,0,48,53
10/25/2025 3:00,48,5,Saturday,10,1,0,random_or_none,0,sunny,0.002,260,0,0,0,0,0,0,0,normal,0,45,45
10/25/2025 4:00,45,5,Saturday,10,1,0,random_or_none,0,sunny,0.249,260,0,0,0,0,0,0,0,normal,0,47,45
10/25/2025 5:00,47,5,Saturday,10,1,0,random_or_none,0,sunny,0.316,260,0,0,0,0,0,0,0,normal,0,50,135
10/25/2025 6:00,50,5,Saturday,10,1,0,random_or_none,4,dusty,0.527,260,0,0,0,0,0,0,0,normal,0,54,105
10/25/2025 7:00,54,5,Saturday,10,1,0,random_or_none,0,sunny,0.218,260,0,0,0,0,0,0,0,normal,0,64,90
10/25/2025 8:00,64,5,Saturday,10,1,0,random_or_none,4,dusty,0.31,260,0,0,0,0,0,0,0,normal,0,71,84
10/25/2025 9:00,71,5,Saturday,10,1,0,random_or_none,3,hot,0.516,260,0,0,0,0,0,0,0,normal,0,82,85
10/25/2025 10:00,82,5,Saturday,10,1,0,random_or_none,1,rainy,0.911,260,0,0,0,0,0,0,0,extreme_weather,2,89,86
10/25/2025 11:00,89,5,Saturday,10,1,0,random_or_none,3,hot,0.249,260,0,0,0,0,0,0,0,normal,0,90,80
10/25/2025 12:00,90,5,Saturday,10,1,0,random_or_none,0,sunny,0.279,260,0,0,0,0,0,0,0,normal,0,92,89
10/25/2025 13:00,92,5,Saturday,10,1,0,random_or_none,0,sunny,0.067,260,0,0,0,0,0,0,0,normal,0,99,94
10/25/2025 14:00,99,5,Saturday,10,1,0,random_or_none,5,windy,0.313,260,0,0,0,0,0,0,0,normal,0,95,101
10/25/2025 15:00,95,5,Saturday,10,1,0,random_or_none,0,sunny,0.338,260,0,0,0,0,0,0,0,normal,0,102,99
10/25/2025 16:00,102,5,Saturday,10,1,0,random_or_none,3,hot,0.897,260,0,0,0,0,0,0,0,extreme_weather,2,104,101
10/25/2025 17:00,104,5,Saturday,10,1,0,random_or_none,4,dusty,0.751,260,0,0,0,0,0,0,0,extreme_weather,2,90,99
10/25/2025 18:00,90,5,Saturday,10,1,0,random_or_none,0,sunny,0.138,260,0,0,0,0,0,0,0,normal,0,80,97
10/25/2025 19:00,80,5,Saturday,10,1,0,random_or_none,0,sunny,0.348,260,0,0,0,0,0,0,0,normal,0,90,105
10/25/2025 20:00,90,5,Saturday,10,1,0,random_or_none,1,rainy,0.924,260,0,0,0,0,0,0,0,extreme_weather,2,85,97
10/25/2025 21:00,85,5,Saturday,10,1,0,random_or_none,0,sunny,0.014,260,0,0,0,0,0,0,0,normal,0,76,88
10/25/2025 22:00,76,5,Saturday,10,1,0,random_or_none,0,sunny,0.109,260,0,0,0,0,0,0,0,normal,0,68,74
10/25/2025 23:00,68,5,Saturday,10,1,0,random_or_none,2,cold,0.8,260,0,0,0,0,0,0,0,extreme_weather,2,65,72
10/26/2025 0:00,65,6,Sunday,10,1,0,random_or_none,4,dusty,0.57,260,0,0,0,0,0,0,0,normal,0,52,69
10/26/2025 1:00,52,6,Sunday,10,1,0,random_or_none,5,windy,0.377,260,0,0,0,0,0,0,0,normal,0,53,63
10/26/2025 2:00,53,6,Sunday,10,1,0,random_or_none,4,dusty,0.872,260,0,0,0,0,0,0,0,extreme_weather,2,45,63
10/26/2025 3:00,45,6,Sunday,10,1,0,random_or_none,0,sunny,0.118,260,0,0,0,0,0,0,0,normal,0,45,61
10/26/2025 4:00,45,6,Sunday,10,1,0,random_or_none,5,windy,0.189,260,0,0,0,0,0,0,0,normal,0,135,61
10/26/2025 5:00,135,6,Sunday,10,1,0,random_or_none,4,dusty,0.841,260,0,1,182.45,0,0,0,0,emergency_spike,5,105,68
10/26/2025 6:00,105,6,Sunday,10,1,0,random_or_none,4,dusty,0.649,260,0,0,0,0,0,0,0,normal,0,90,68
10/26/2025 7:00,90,6,Sunday,10,1,0,random_or_none,4,dusty,0.803,260,0,0,0,0,0,0,0,extreme_weather,2,84,70
10/26/2025 8:00,84,6,Sunday,10,1,0,random_or_none,0,sunny,0.151,260,0,0,0,0,0,0,0,normal,0,85,82
10/26/2025 9:00,85,6,Sunday,10,1,0,random_or_none,3,hot,0.575,260,0,0,0,0,0,0,0,normal,0,86,86
10/26/2025 10:00,86,6,Sunday,10,1,0,random_or_none,3,hot,0.538,260,0,0,0,0,0,0,0,normal,0,80,97
10/26/2025 11:00,80,6,Sunday,10,1,0,random_or_none,4,dusty,0.375,260,0,0,0,0,0,0,0,normal,0,89,94
10/26/2025 12:00,89,6,Sunday,10,1,0,random_or_none,4,dusty,0.365,260,0,0,0,0,0,0,0,normal,0,94,101
10/26/2025 13:00,94,6,Sunday,10,1,0,random_or_none,1,rainy,0.611,260,0,0,0,0,0,0,0,normal,0,101,116
10/26/2025 14:00,101,6,Sunday,10,1,0,random_or_none,3,hot,0.926,260,0,0,0,0,0,0,0,extreme_weather,2,99,111
10/26/2025 15:00,99,6,Sunday,10,1,0,random_or_none,3,hot,0.563,260,0,0,0,0,0,0,0,normal,0,101,120
10/26/2025 16:00,101,6,Sunday,10,1,0,random_or_none,2,cold,0.789,260,0,0,0,0,0,0,0,extreme_weather,2,99,119
10/26/2025 17:00,99,6,Sunday,10,1,0,random_or_none,5,windy,0.492,260,0,0,0,0,0,0,0,normal,0,97,117
10/26/2025 18:00,97,6,Sunday,10,1,0,random_or_none,0,sunny,0.215,260,0,0,0,0,0,0,0,normal,0,105,117
10/26/2025 19:00,105,6,Sunday,10,1,0,random_or_none,4,dusty,0.711,260,0,0,0,0,0,0,0,normal,0,97,110
10/26/2025 20:00,97,6,Sunday,10,1,0,random_or_none,4,dusty,0.688,260,0,0,0,0,0,0,0,normal,0,88,105
10/26/2025 21:00,88,6,Sunday,10,1,0,random_or_none,0,sunny,0.002,260,0,0,0,0,0,0,0,normal,0,74,93
10/26/2025 22:00,74,6,Sunday,10,1,0,random_or_none,5,windy,0.642,260,0,0,0,0,0,0,0,normal,0,72,87
10/26/2025 23:00,72,6,Sunday,10,1,0,random_or_none,3,hot,0.769,260,0,0,0,0,0,0,0,extreme_weather,2,69,88
10/27/2025 0:00,69,0,Monday,10,0,0,random_or_none,0,sunny,0.202,260,0,0,0,0,0,0,0,normal,0,63,88
10/27/2025 1:00,63,0,Monday,10,0,0,random_or_none,0,sunny,0.132,260,0,0,0,0,0,0,0,normal,0,63,76
10/27/2025 2:00,63,0,Monday,10,0,0,random_or_none,1,rainy,0.25,260,0,0,0,0,0,0,0,normal,0,61,61
10/27/2025 3:00,61,0,Monday,10,0,0,random_or_none,0,sunny,0.203,260,0,0,0,0,0,0,0,normal,0,61,109
10/27/2025 4:00,61,0,Monday,10,0,0,random_or_none,4,dusty,0.393,260,0,0,0,0,0,0,0,normal,0,68,89
10/27/2025 5:00,68,0,Monday,10,0,0,random_or_none,0,sunny,0.13,260,0,0,0,0,0,0,0,normal,0,68,84
10/27/2025 6:00,68,0,Monday,10,0,0,random_or_none,0,sunny,0.286,260,0,0,0,0,0,0,0,normal,0,70,78
10/27/2025 7:00,70,0,Monday,10,0,0,random_or_none,3,hot,0.431,260,0,0,0,0,0,0,0,normal,0,82,78
10/27/2025 8:00,82,0,Monday,10,0,0,random_or_none,0,sunny,0.231,260,0,0,0,0,0,0,0,normal,0,86,76
10/27/2025 9:00,86,0,Monday,10,0,0,random_or_none,1,rainy,0.171,260,0,0,0,0,0,0,0,normal,0,97,89
10/27/2025 10:00,97,0,Monday,10,0,0,random_or_none,0,sunny,0.038,260,0,0,0,0,0,0,0,normal,0,94,86
10/27/2025 11:00,94,0,Monday,10,0,0,random_or_none,0,sunny,0.265,260,0,0,0,0,0,0,0,normal,0,101,92
10/27/2025 12:00,101,0,Monday,10,0,0,random_or_none,0,sunny,0.299,260,0,0,0,0,0,0,0,normal,0,116,96
10/27/2025 13:00,116,0,Monday,10,0,0,random_or_none,3,hot,0.887,260,0,0,0,0,0,0,0,extreme_weather,2,111,102
10/27/2025 14:00,111,0,Monday,10,0,0,random_or_none,0,sunny,0.047,260,0,0,0,0,0,0,0,normal,0,120,113
10/27/2025 15:00,120,0,Monday,10,0,0,random_or_none,4,dusty,0.851,260,0,0,0,0,0,0,0,extreme_weather,2,119,114
10/27/2025 16:00,119,0,Monday,10,0,0,random_or_none,2,cold,0.249,260,0,0,0,0,0,0,0,normal,0,117,118
10/27/2025 17:00,117,0,Monday,10,0,0,random_or_none,5,windy,0.234,260,0,0,0,0,0,0,0,normal,0,117,114
10/27/2025 18:00,117,0,Monday,10,0,0,random_or_none,0,sunny,0.31,260,0,0,0,0,0,0,0,normal,0,110,112
10/27/2025 19:00,110,0,Monday,10,0,0,random_or_none,3,hot,0.334,260,0,0,0,0,0,0,0,normal,0,105,104
10/27/2025 20:00,105,0,Monday,10,0,0,random_or_none,0,sunny,0.155,260,0,0,0,0,0,0,0,normal,0,93,105
10/27/2025 21:00,93,0,Monday,10,0,0,random_or_none,1,rainy,0.246,260,0,0,0,0,0,0,0,normal,0,87,100
10/27/2025 22:00,87,0,Monday,10,0,0,random_or_none,0,sunny,0.111,260,0,0,0,0,0,0,0,normal,0,88,86
10/27/2025 23:00,88,0,Monday,10,0,0,random_or_none,5,windy,0.313,260,0,0,0,0,0,0,0,normal,0,88,78
10/28/2025 0:00,88,1,Tuesday,10,0,0,random_or_none,3,hot,0.913,260,0,0,0,0,0,0,0,extreme_weather,2,76,70
10/28/2025 1:00,76,1,Tuesday,10,0,0,random_or_none,2,cold,0.478,260,0,0,0,0,0,0,0,normal,0,61,64
10/28/2025 2:00,61,1,Tuesday,10,0,0,random_or_none,0,sunny,0.286,260,0,0,0,0,0,0,0,normal,0,109,59
10/28/2025 3:00,109,1,Tuesday,10,0,0,random_or_none,5,windy,0.655,260,0,1,86.05,0,0,0,0,emergency_spike,5,89,52
10/28/2025 4:00,89,1,Tuesday,10,0,0,random_or_none,1,rainy,0.226,260,0,0,0,0,0,0,0,normal,0,84,52
10/28/2025 5:00,84,1,Tuesday,10,0,0,random_or_none,3,hot,0.448,260,0,0,0,0,0,0,0,normal,0,78,66
10/28/2025 6:00,78,1,Tuesday,10,0,0,random_or_none,0,sunny,0.016,260,0,0,0,0,0,0,0,normal,0,78,70
10/28/2025 7:00,78,1,Tuesday,10,0,0,random_or_none,0,sunny,0.19,260,0,0,0,0,0,0,0,normal,0,76,78
10/28/2025 8:00,76,1,Tuesday,10,0,0,random_or_none,0,sunny,0.092,260,0,0,0,0,0,0,0,normal,0,89,82
10/28/2025 9:00,89,1,Tuesday,10,0,0,random_or_none,3,hot,0.663,260,0,0,0,0,0,0,0,normal,0,86,85
10/28/2025 10:00,86,1,Tuesday,10,0,0,random_or_none,0,sunny,0.022,260,0,0,0,0,0,0,0,normal,0,92,96
10/28/2025 11:00,92,1,Tuesday,10,0,0,random_or_none,5,windy,0.307,260,0,0,0,0,0,0,0,normal,0,96,101
10/28/2025 12:00,96,1,Tuesday,10,0,0,random_or_none,0,sunny,0.066,260,0,0,0,0,0,0,0,normal,0,102,103
10/28/2025 13:00,102,1,Tuesday,10,0,0,random_or_none,0,sunny,0.107,260,0,0,0,0,0,0,0,normal,0,113,109
10/28/2025 14:00,113,1,Tuesday,10,0,0,random_or_none,0,sunny,0.023,260,0,0,0,0,0,0,0,normal,0,114,112
10/28/2025 15:00,114,1,Tuesday,10,0,0,random_or_none,0,sunny,0.004,260,0,0,0,0,0,0,0,normal,0,118,111
10/28/2025 16:00,118,1,Tuesday,10,0,0,random_or_none,0,sunny,0.082,260,0,0,0,0,0,0,0,normal,0,114,107
10/28/2025 17:00,114,1,Tuesday,10,0,0,random_or_none,0,sunny,0.017,260,0,0,0,0,0,0,0,normal,0,112,104
10/28/2025 18:00,112,1,Tuesday,10,0,0,random_or_none,2,cold,0.21,260,0,0,0,0,0,0,0,normal,0,104,103
10/28/2025 19:00,104,1,Tuesday,10,0,0,random_or_none,0,sunny,0.264,260,0,0,0,0,0,0,0,normal,0,105,104
10/28/2025 20:00,105,1,Tuesday,10,0,0,random_or_none,3,hot,0.676,260,0,0,0,0,0,0,0,normal,0,100,110
10/28/2025 21:00,100,1,Tuesday,10,0,0,random_or_none,3,hot,0.761,260,0,0,0,0,0,0,0,extreme_weather,2,86,100
10/28/2025 22:00,86,1,Tuesday,10,0,0,random_or_none,3,hot,0.616,260,0,0,0,0,0,0,0,normal,0,78,98
10/28/2025 23:00,78,1,Tuesday,10,0,0,random_or_none,3,hot,0.489,260,0,0,0,0,0,0,0,normal,0,70,76
10/29/2025 0:00,70,2,Wednesday,10,0,0,random_or_none,1,rainy,0.842,260,0,0,0,0,0,0,0,extreme_weather,2,64,72
10/29/2025 1:00,64,2,Wednesday,10,0,0,random_or_none,0,sunny,0.075,260,0,0,0,0,0,0,0,normal,0,59,113
10/29/2025 2:00,59,2,Wednesday,10,0,0,random_or_none,3,hot,0.609,260,0,0,0,0,0,0,0,normal,0,52,102
10/29/2025 3:00,52,2,Wednesday,10,0,0,random_or_none,0,sunny,0.177,260,0,0,0,0,0,0,0,normal,0,52,83
10/29/2025 4:00,52,2,Wednesday,10,0,0,random_or_none,0,sunny,0.041,260,0,0,0,0,0,0,0,normal,0,66,80
10/29/2025 5:00,66,2,Wednesday,10,0,0,random_or_none,1,rainy,0.797,260,0,0,0,0,0,0,0,extreme_weather,2,70,73
10/29/2025 6:00,70,2,Wednesday,10,0,0,random_or_none,4,dusty,0.542,260,0,0,0,0,0,0,0,normal,0,78,77
10/29/2025 7:00,78,2,Wednesday,10,0,0,random_or_none,5,windy,0.173,260,0,0,0,0,0,0,0,normal,0,82,81
10/29/2025 8:00,82,2,Wednesday,10,0,0,random_or_none,3,hot,0.472,260,0,0,0,0,0,0,0,normal,0,85,80
10/29/2025 9:00,85,2,Wednesday,10,0,0,random_or_none,3,hot,0.236,260,0,0,0,0,0,0,0,normal,0,96,87
10/29/2025 10:00,96,2,Wednesday,10,0,0,random_or_none,4,dusty,0.582,260,0,0,0,0,0,0,0,normal,0,101,97
10/29/2025 11:00,101,2,Wednesday,10,0,0,random_or_none,2,cold,0.578,260,0,0,0,0,0,0,0,normal,0,103,99
10/29/2025 12:00,103,2,Wednesday,10,0,0,random_or_none,0,sunny,0.049,260,0,0,0,0,0,0,0,normal,0,109,108
10/29/2025 13:00,109,2,Wednesday,10,0,0,random_or_none,0,sunny,0.082,260,0,0,0,0,0,0,0,normal,0,112,105
10/29/2025 14:00,112,2,Wednesday,10,0,0,random_or_none,0,sunny,0.197,260,0,0,0,0,0,0,0,normal,0,111,105
10/29/2025 15:00,111,2,Wednesday,10,0,0,random_or_none,0,sunny,0.147,260,0,0,0,0,0,0,0,normal,0,107,114
10/29/2025 16:00,107,2,Wednesday,10,0,0,random_or_none,0,sunny,0.019,260,0,0,0,0,0,0,0,normal,0,104,118
10/29/2025 17:00,104,2,Wednesday,10,0,0,random_or_none,0,sunny,0.196,260,0,0,0,0,0,0,0,normal,0,103,114
10/29/2025 18:00,103,2,Wednesday,10,0,0,random_or_none,0,sunny,0.313,260,0,0,0,0,0,0,0,normal,0,104,117
10/29/2025 19:00,104,2,Wednesday,10,0,0,random_or_none,4,dusty,0.705,260,0,0,0,0,0,0,0,normal,0,110,187
10/29/2025 20:00,110,2,Wednesday,10,0,0,random_or_none,1,rainy,0.83,260,0,0,0,0,0,0,0,extreme_weather,2,100,149
10/29/2025 21:00,100,2,Wednesday,10,0,0,random_or_none,3,hot,0.481,260,0,0,0,0,0,0,0,normal,0,98,125
10/29/2025 22:00,98,2,Wednesday,10,0,0,random_or_none,1,rainy,0.85,260,0,0,0,0,0,0,0,extreme_weather,2,76,100
10/29/2025 23:00,76,2,Wednesday,10,0,0,random_or_none,0,sunny,0.251,260,0,0,0,0,0,0,0,normal,0,72,89
10/30/2025 0:00,72,3,Thursday,10,0,0,random_or_none,2,cold,0.699,260,0,0,0,0,0,0,0,normal,0,113,84
10/30/2025 1:00,113,3,Thursday,10,0,0,random_or_none,4,dusty,0.709,260,0,1,96.86,0,0,0,0,emergency_spike,5,102,75
10/30/2025 2:00,102,3,Thursday,10,0,0,random_or_none,4,dusty,0.664,260,0,0,0,0,0,0,0,normal,0,83,67
10/30/2025 3:00,83,3,Thursday,10,0,0,random_or_none,4,dusty,0.421,260,0,0,0,0,0,0,0,normal,0,80,63
10/30/2025 4:00,80,3,Thursday,10,0,0,random_or_none,0,sunny,0.234,260,0,0,0,0,0,0,0,normal,0,73,65
10/30/2025 5:00,73,3,Thursday,10,0,0,random_or_none,0,sunny,0.311,260,0,0,0,0,0,0,0,normal,0,77,60
10/30/2025 6:00,77,3,Thursday,10,0,0,random_or_none,2,cold,0.514,260,0,0,0,0,0,0,0,normal,0,81,65
10/30/2025 7:00,81,3,Thursday,10,0,0,random_or_none,1,rainy,0.269,260,0,0,0,0,0,0,0,normal,0,80,70
10/30/2025 8:00,80,3,Thursday,10,0,0,random_or_none,4,dusty,0.425,260,0,0,0,0,0,0,0,normal,0,87,77
10/30/2025 9:00,87,3,Thursday,10,0,0,random_or_none,3,hot,0.482,260,0,0,0,0,0,0,0,normal,0,97,85
10/30/2025 10:00,97,3,Thursday,10,0,0,random_or_none,4,dusty,0.935,260,0,0,0,0,0,0,0,extreme_weather,2,99,91
10/30/2025 11:00,99,3,Thursday,10,0,0,random_or_none,0,sunny,0.114,260,0,0,0,0,0,0,0,normal,0,108,95
10/30/2025 12:00,108,3,Thursday,10,0,0,random_or_none,4,dusty,0.695,260,0,0,0,0,0,0,0,normal,0,105,102
10/30/2025 13:00,105,3,Thursday,10,0,0,random_or_none,0,sunny,0.294,260,0,0,0,0,0,0,0,normal,0,105,110
10/30/2025 14:00,105,3,Thursday,10,0,0,random_or_none,4,dusty,0.625,260,0,0,0,0,0,0,0,normal,0,114,109
10/30/2025 15:00,114,3,Thursday,10,0,0,random_or_none,3,hot,0.799,260,0,0,0,0,0,0,0,extreme_weather,2,118,110
10/30/2025 16:00,118,3,Thursday,10,0,0,random_or_none,0,sunny,0.272,260,0,0,0,0,0,0,0,normal,0,114,106
10/30/2025 17:00,114,3,Thursday,10,0,0,random_or_none,0,sunny,0.162,260,0,0,0,0,0,0,0,normal,0,117,115
10/30/2025 18:00,117,3,Thursday,10,0,0,random_or_none,5,windy,0.525,260,0,0,0,0,0,0,0,normal,0,187,119
10/30/2025 19:00,187,3,Thursday,10,0,0,random_or_none,3,hot,0.377,260,0,1,156.28,0,0,0,0,emergency_spike,5,149,116
10/30/2025 20:00,149,3,Thursday,10,0,0,random_or_none,0,sunny,0.325,260,0,0,0,0,0,0,0,normal,0,125,109
10/30/2025 21:00,125,3,Thursday,10,0,0,random_or_none,4,dusty,0.416,260,0,0,0,0,0,0,0,normal,0,100,101
10/30/2025 22:00,100,3,Thursday,10,0,0,random_or_none,0,sunny,0.093,260,0,0,0,0,0,0,0,normal,0,89,93
10/30/2025 23:00,89,3,Thursday,10,0,0,random_or_none,3,hot,0.25,260,0,0,0,0,0,0,0,normal,0,84,105
10/31/2025 0:00,84,4,Friday,10,0,0,random_or_none,3,hot,0.868,260,0,0,0,0,0,0,0,extreme_weather,2,75,79
10/31/2025 1:00,75,4,Friday,10,0,0,random_or_none,5,windy,0.495,260,0,0,0,0,0,0,0,normal,0,67,65
10/31/2025 2:00,67,4,Friday,10,0,0,random_or_none,5,windy,0.416,260,0,0,0,0,0,0,0,normal,0,63,58
10/31/2025 3:00,63,4,Friday,10,0,0,random_or_none,2,cold,0.695,260,0,0,0,0,0,0,0,normal,0,65,48
10/31/2025 4:00,65,4,Friday,10,0,0,random_or_none,0,sunny,0.133,260,0,0,0,0,0,0,0,normal,0,60,52
10/31/2025 5:00,60,4,Friday,10,0,0,random_or_none,0,sunny,0.026,260,0,0,0,0,0,0,0,normal,0,65,54
10/31/2025 6:00,65,4,Friday,10,0,0,random_or_none,0,sunny,0.023,260,0,0,0,0,0,0,0,normal,0,70,51
10/31/2025 7:00,70,4,Friday,10,0,0,random_or_none,0,sunny,0.133,260,0,0,0,0,0,0,0,normal,0,77,62
10/31/2025 8:00,77,4,Friday,10,0,0,random_or_none,0,sunny,0.141,260,0,0,0,0,0,0,0,normal,0,85,63
10/31/2025 9:00,85,4,Friday,10,0,0,random_or_none,5,windy,0.282,260,0,0,0,0,0,0,0,normal,0,91,66
10/31/2025 10:00,91,4,Friday,10,0,0,random_or_none,0,sunny,0.057,260,0,0,0,0,0,0,0,normal,0,95,70
10/31/2025 11:00,95,4,Friday,10,0,0,random_or_none,2,cold,0.283,260,0,0,0,0,0,0,0,normal,0,102,104
10/31/2025 12:00,102,4,Friday,10,0,0,random_or_none,5,windy,0.57,260,0,0,0,0,0,0,0,normal,0,110,92
10/31/2025 13:00,110,4,Friday,10,0,0,random_or_none,0,sunny,0.143,260,0,0,0,0,0,0,0,normal,0,109,96
10/31/2025 14:00,109,4,Friday,10,0,0,random_or_none,0,sunny,0.268,260,0,0,0,0,0,0,0,normal,0,110,102
10/31/2025 15:00,110,4,Friday,10,0,0,random_or_none,0,sunny,0.277,260,0,0,0,0,0,0,0,normal,0,106,99
10/31/2025 16:00,106,4,Friday,10,0,0,random_or_none,0,sunny,0.289,260,0,0,0,0,0,0,0,normal,0,115,106
10/31/2025 17:00,115,4,Friday,10,0,0,random_or_none,5,windy,0.551,260,0,0,0,0,0,0,0,normal,0,119,108
10/31/2025 18:00,119,4,Friday,10,0,0,random_or_none,3,hot,0.726,260,0,0,0,0,0,0,0,normal,0,116,104
10/31/2025 19:00,116,4,Friday,10,0,0,random_or_none,5,windy,0.585,260,0,0,0,0,0,0,0,normal,0,109,98
10/31/2025 20:00,109,4,Friday,10,0,0,random_or_none,0,sunny,0.011,260,0,0,0,0,0,0,0,normal,0,101,93
10/31/2025 21:00,101,4,Friday,10,0,0,random_or_none,0,sunny,0.08,260,0,0,0,0,0,0,0,normal,0,93,83
10/31/2025 22:00,93,4,Friday,10,0,0,random_or_none,0,sunny,0.072,260,0,0,0,0,0,0,0,normal,0,105,72
10/31/2025 23:00,105,4,Friday,10,0,0,random_or_none,3,hot,0.556,260,0,1,46.9,0,0,0,0,emergency_spike,5,79,61
11/1/2025 0:00,79,5,Saturday,11,1,0,random_or_none,2,cold,0.337,260,0,0,0,0,0,0,0,normal,0,65,55
11/1/2025 1:00,65,5,Saturday,11,1,0,random_or_none,1,rainy,0.856,260,0,0,0,0,0,0,0,extreme_weather,2,58,51
11/1/2025 2:00,58,5,Saturday,11,1,0,random_or_none,1,rainy,0.319,260,0,0,0,0,0,0,0,normal,0,48,48
11/1/2025 3:00,48,5,Saturday,11,1,0,random_or_none,0,sunny,0.063,260,0,0,0,0,0,0,0,normal,0,52,45
11/1/2025 4:00,52,5,Saturday,11,1,0,random_or_none,1,rainy,0.541,260,0,0,0,0,0,0,0,normal,0,54,46
11/1/2025 5:00,54,5,Saturday,11,1,0,random_or_none,1,rainy,0.785,260,0,0,0,0,0,0,0,extreme_weather,2,51,46
11/1/2025 6:00,51,5,Saturday,11,1,0,random_or_none,0,sunny,0.099,260,0,0,0,0,0,0,0,normal,0,62,54
11/1/2025 7:00,62,5,Saturday,11,1,0,random_or_none,1,rainy,0.559,260,0,0,0,0,0,0,0,normal,0,63,53
11/1/2025 8:00,63,5,Saturday,11,1,0,random_or_none,0,sunny,0.152,260,0,0,0,0,0,0,0,normal,0,66,63
11/1/2025 9:00,66,5,Saturday,11,1,0,random_or_none,0,sunny,0.073,260,0,0,0,0,0,0,0,normal,0,70,72
11/1/2025 10:00,70,5,Saturday,11,1,0,random_or_none,0,sunny,0.31,260,0,0,0,0,0,0,0,normal,0,104,85
11/1/2025 11:00,104,5,Saturday,11,1,0,random_or_none,0,sunny,0.282,260,0,1,46.73,0,0,0,0,emergency_spike,5,92,83
11/1/2025 12:00,92,5,Saturday,11,1,0,random_or_none,0,sunny,0.31,260,0,0,0,0,0,0,0,normal,0,96,96
11/1/2025 13:00,96,5,Saturday,11,1,0,random_or_none,0,sunny,0.342,260,0,0,0,0,0,0,0,normal,0,102,97
11/1/2025 14:00,102,5,Saturday,11,1,0,random_or_none,5,windy,0.308,260,0,0,0,0,0,0,0,normal,0,99,96
11/1/2025 15:00,99,5,Saturday,11,1,0,random_or_none,3,hot,0.328,260,0,0,0,0,0,0,0,normal,0,106,99
11/1/2025 16:00,106,5,Saturday,11,1,0,random_or_none,5,windy,0.596,260,0,0,0,0,0,0,0,normal,0,108,98
11/1/2025 17:00,108,5,Saturday,11,1,0,random_or_none,4,dusty,0.796,260,0,0,0,0,0,0,0,extreme_weather,2,104,105
11/1/2025 18:00,104,5,Saturday,11,1,0,random_or_none,0,sunny,0.044,260,0,0,0,0,0,0,0,normal,0,98,97
11/1/2025 19:00,98,5,Saturday,11,1,0,random_or_none,0,sunny,0.289,260,0,0,0,0,0,0,0,normal,0,93,99
11/1/2025 20:00,93,5,Saturday,11,1,0,random_or_none,3,hot,0.772,260,0,0,0,0,0,0,0,extreme_weather,2,83,93
11/1/2025 21:00,83,5,Saturday,11,1,0,random_or_none,4,dusty,0.394,260,0,0,0,0,0,0,0,normal,0,72,86
11/1/2025 22:00,72,5,Saturday,11,1,0,random_or_none,0,sunny,0.195,260,0,0,0,0,0,0,0,normal,0,61,76
11/1/2025 23:00,61,5,Saturday,11,1,0,random_or_none,0,sunny,0.298,260,0,0,0,0,0,0,0,normal,0,55,65
11/2/2025 0:00,55,6,Sunday,11,1,0,random_or_none,0,sunny,0.145,260,0,0,0,0,0,0,0,normal,0,51,66
11/2/2025 1:00,51,6,Sunday,11,1,0,random_or_none,5,windy,0.943,260,0,0,0,0,0,0,0,extreme_weather,2,48,66
11/2/2025 2:00,48,6,Sunday,11,1,0,random_or_none,1,rainy,0.556,260,0,0,0,0,0,0,0,normal,0,45,60
11/2/2025 3:00,45,6,Sunday,11,1,0,random_or_none,0,sunny,0.248,260,0,0,0,0,0,0,0,normal,0,46,62
11/2/2025 4:00,46,6,Sunday,11,1,0,random_or_none,5,windy,0.708,260,0,0,0,0,0,0,0,normal,0,46,63
11/2/2025 5:00,46,6,Sunday,11,1,0,random_or_none,0,sunny,0.239,260,0,0,0,0,0,0,0,normal,0,54,67
11/2/2025 6:00,54,6,Sunday,11,1,0,random_or_none,0,sunny,0.21,260,0,0,0,0,0,0,0,normal,0,53,71
11/2/2025 7:00,53,6,Sunday,11,1,0,random_or_none,1,rainy,0.232,260,0,0,0,0,0,0,0,normal,0,63,82
11/2/2025 8:00,63,6,Sunday,11,1,0,random_or_none,2,cold,0.633,260,0,0,0,0,0,0,0,normal,0,72,86
11/2/2025 9:00,72,6,Sunday,11,1,0,random_or_none,5,windy,0.558,260,0,0,0,0,0,0,0,normal,0,85,84
11/2/2025 10:00,85,6,Sunday,11,1,0,random_or_none,0,sunny,0.132,260,0,0,0,0,0,0,0,normal,0,83,94
11/2/2025 11:00,83,6,Sunday,11,1,0,random_or_none,0,sunny,0.328,260,0,0,0,0,0,0,0,normal,0,96,106
11/2/2025 12:00,96,6,Sunday,11,1,0,random_or_none,2,cold,0.499,260,0,0,0,0,0,0,0,normal,0,97,113
11/2/2025 13:00,97,6,Sunday,11,1,0,random_or_none,0,sunny,0.223,260,0,0,0,0,0,0,0,normal,0,96,121
11/2/2025 14:00,96,6,Sunday,11,1,0,random_or_none,0,sunny,0.331,260,0,0,0,0,0,0,0,normal,0,99,124
11/2/2025 15:00,99,6,Sunday,11,1,0,random_or_none,5,windy,0.924,260,0,0,0,0,0,0,0,extreme_weather,2,98,117
11/2/2025 16:00,98,6,Sunday,11,1,0,random_or_none,0,sunny,0.219,260,0,0,0,0,0,0,0,normal,0,105,116
11/2/2025 17:00,105,6,Sunday,11,1,0,random_or_none,0,sunny,0.224,260,0,0,0,0,0,0,0,normal,0,97,115
11/2/2025 18:00,97,6,Sunday,11,1,0,random_or_none,0,sunny,0.276,260,0,0,0,0,0,0,0,normal,0,99,123
11/2/2025 19:00,99,6,Sunday,11,1,0,random_or_none,1,rainy,0.747,260,0,0,0,0,0,0,0,normal,0,93,114
11/2/2025 20:00,93,6,Sunday,11,1,0,random_or_none,2,cold,0.359,260,0,0,0,0,0,0,0,normal,0,86,115
11/2/2025 21:00,86,6,Sunday,11,1,0,random_or_none,1,rainy,0.282,260,0,0,0,0,0,0,0,normal,0,76,110
11/2/2025 22:00,76,6,Sunday,11,1,0,random_or_none,2,cold,0.57,260,0,0,0,0,0,0,0,normal,0,65,100
11/2/2025 23:00,65,6,Sunday,11,1,0,random_or_none,2,cold,0.6,260,0,0,0,0,0,0,0,normal,0,66,87
11/3/2025 0:00,66,0,Monday,11,0,0,random_or_none,5,windy,0.845,260,0,0,0,0,0,0,0,extreme_weather,2,66,76
11/3/2025 1:00,66,0,Monday,11,0,0,random_or_none,0,sunny,0.339,260,0,0,0,0,0,0,0,normal,0,60,73
11/3/2025 2:00,60,0,Monday,11,0,0,random_or_none,0,sunny,0.199,260,0,0,0,0,0,0,0,normal,0,62,76
11/3/2025 3:00,62,0,Monday,11,0,0,random_or_none,5,windy,0.662,260,0,0,0,0,0,0,0,normal,0,63,72
11/3/2025 4:00,63,0,Monday,11,0,0,random_or_none,0,sunny,0.082,260,0,0,0,0,0,0,0,normal,0,67,67
11/3/2025 5:00,67,0,Monday,11,0,0,random_or_none,3,hot,0.64,260,0,0,0,0,0,0,0,normal,0,71,63
11/3/2025 6:00,71,0,Monday,11,0,0,random_or_none,2,cold,0.306,260,0,0,0,0,0,0,0,normal,0,82,75
11/3/2025 7:00,82,0,Monday,11,0,0,random_or_none,2,cold,0.675,260,0,0,0,0,0,0,0,normal,0,86,74
11/3/2025 8:00,86,0,Monday,11,0,0,random_or_none,1,rainy,0.88,260,0,0,0,0,0,0,0,extreme_weather,2,84,85
11/3/2025 9:00,84,0,Monday,11,0,0,random_or_none,0,sunny,0.052,260,0,0,0,0,0,0,0,normal,0,94,84
11/3/2025 10:00,94,0,Monday,11,0,0,random_or_none,0,sunny,0.213,260,0,0,0,0,0,0,0,normal,0,106,93
11/3/2025 11:00,106,0,Monday,11,0,0,random_or_none,5,windy,0.28,260,0,0,0,0,0,0,0,normal,0,113,95
11/3/2025 12:00,113,0,Monday,11,0,0,random_or_none,1,rainy,0.826,260,0,0,0,0,0,0,0,extreme_weather,2,121,106
11/3/2025 13:00,121,0,Monday,11,0,0,random_or_none,3,hot,0.71,260,0,0,0,0,0,0,0,normal,0,124,115
11/3/2025 14:00,124,0,Monday,11,0,0,random_or_none,5,windy,0.32,260,0,0,0,0,0,0,0,normal,0,117,118
11/3/2025 15:00,117,0,Monday,11,0,0,random_or_none,2,cold,0.487,260,0,0,0,0,0,0,0,normal,0,116,118
11/3/2025 16:00,116,0,Monday,11,0,0,random_or_none,0,sunny,0.161,260,0,0,0,0,0,0,0,normal,0,115,119
11/3/2025 17:00,115,0,Monday,11,0,0,random_or_none,0,sunny,0.287,260,0,0,0,0,0,0,0,normal,0,123,122
11/3/2025 18:00,123,0,Monday,11,0,0,random_or_none,1,rainy,0.785,260,0,0,0,0,0,0,0,extreme_weather,2,114,121
11/3/2025 19:00,114,0,Monday,11,0,0,random_or_none,0,sunny,0.118,260,0,0,0,0,0,0,0,normal,0,115,121
11/3/2025 20:00,115,0,Monday,11,0,0,random_or_none,5,windy,0.504,260,0,0,0,0,0,0,0,normal,0,110,111
11/3/2025 21:00,110,0,Monday,11,0,0,random_or_none,1,rainy,0.545,260,0,0,0,0,0,0,0,normal,0,100,107
11/3/2025 22:00,100,0,Monday,11,0,0,random_or_none,5,windy,0.598,260,0,0,0,0,0,0,0,normal,0,87,91
11/3/2025 23:00,87,0,Monday,11,0,0,random_or_none,0,sunny,0.264,260,0,0,0,0,0,0,0,normal,0,76,81
11/4/2025 0:00,76,1,Tuesday,11,0,0,random_or_none,0,sunny,0.217,260,0,0,0,0,0,0,0,normal,0,73,69
11/4/2025 1:00,73,1,Tuesday,11,0,0,random_or_none,1,rainy,0.383,260,0,0,0,0,0,0,0,normal,0,76,63
11/4/2025 2:00,76,1,Tuesday,11,0,0,random_or_none,1,rainy,0.551,260,0,0,0,0,0,0,0,normal,0,72,70
11/4/2025 3:00,72,1,Tuesday,11,0,0,random_or_none,0,sunny,0.241,260,0,0,0,0,0,0,0,normal,0,67,67
11/4/2025 4:00,67,1,Tuesday,11,0,0,random_or_none,5,windy,0.954,260,0,0,0,0,0,0,0,extreme_weather,2,63,66
11/4/2025 5:00,63,1,Tuesday,11,0,0,random_or_none,5,windy,0.807,260,0,0,0,0,0,0,0,extreme_weather,2,75,66
11/4/2025 6:00,75,1,Tuesday,11,0,0,random_or_none,1,rainy,0.459,260,0,0,0,0,0,0,0,normal,0,74,72
11/4/2025 7:00,74,1,Tuesday,11,0,0,random_or_none,0,sunny,0.201,260,0,0,0,0,0,0,0,normal,0,85,68
11/4/2025 8:00,85,1,Tuesday,11,0,0,random_or_none,1,rainy,0.853,260,0,0,0,0,0,0,0,extreme_weather,2,84,81
11/4/2025 9:00,84,1,Tuesday,11,0,0,random_or_none,0,sunny,0.012,260,0,0,0,0,0,0,0,normal,0,93,90
11/4/2025 10:00,93,1,Tuesday,11,0,0,random_or_none,5,windy,0.774,260,0,0,0,0,0,0,0,extreme_weather,2,95,95
11/4/2025 11:00,95,1,Tuesday,11,0,0,random_or_none,5,windy,0.863,260,0,0,0,0,0,0,0,extreme_weather,2,106,103
11/4/2025 12:00,106,1,Tuesday,11,0,0,random_or_none,0,sunny,0.026,260,0,0,0,0,0,0,0,normal,0,115,108
11/4/2025 13:00,115,1,Tuesday,11,0,0,random_or_none,4,dusty,0.543,260,0,0,0,0,0,0,0,normal,0,118,110
11/4/2025 14:00,118,1,Tuesday,11,0,0,random_or_none,1,rainy,0.91,260,0,0,0,0,0,0,0,extreme_weather,2,118,109
11/4/2025 15:00,118,1,Tuesday,11,0,0,random_or_none,1,rainy,0.639,260,0,0,0,0,0,0,0,normal,0,119,118
11/4/2025 16:00,119,1,Tuesday,11,0,0,random_or_none,1,rainy,0.192,260,0,0,0,0,0,0,0,normal,0,122,117
11/4/2025 17:00,122,1,Tuesday,11,0,0,random_or_none,2,cold,0.423,260,0,0,0,0,0,0,0,normal,0,121,119
11/4/2025 18:00,121,1,Tuesday,11,0,0,random_or_none,5,windy,0.748,260,0,0,0,0,0,0,0,normal,0,121,117
11/4/2025 19:00,121,1,Tuesday,11,0,0,random_or_none,4,dusty,0.61,260,0,0,0,0,0,0,0,normal,0,111,114
11/4/2025 20:00,111,1,Tuesday,11,0,0,random_or_none,0,sunny,0.014,260,0,0,0,0,0,0,0,normal,0,107,103
11/4/2025 21:00,107,1,Tuesday,11,0,0,random_or_none,2,cold,0.729,260,0,0,0,0,0,0,0,normal,0,91,95
11/4/2025 22:00,91,1,Tuesday,11,0,0,random_or_none,5,windy,0.377,260,0,0,0,0,0,0,0,normal,0,81,93
11/4/2025 23:00,81,1,Tuesday,11,0,0,random_or_none,2,cold,0.68,260,0,0,0,0,0,0,0,normal,0,69,89
11/5/2025 0:00,69,2,Wednesday,11,0,0,random_or_none,0,sunny,0.339,260,0,0,0,0,0,0,0,normal,0,63,80
11/5/2025 1:00,63,2,Wednesday,11,0,0,random_or_none,0,sunny,0.174,260,0,0,0,0,0,0,0,normal,0,70,77
11/5/2025 2:00,70,2,Wednesday,11,0,0,random_or_none,1,rainy,0.537,260,0,0,0,0,0,0,0,normal,0,67,74
11/5/2025 3:00,67,2,Wednesday,11,0,0,random_or_none,0,sunny,0.193,260,0,0,0,0,0,0,0,normal,0,66,75
11/5/2025 4:00,66,2,Wednesday,11,0,0,random_or_none,5,windy,0.882,260,0,0,0,0,0,0,0,extreme_weather,2,66,69
11/5/2025 5:00,66,2,Wednesday,11,0,0,random_or_none,0,sunny,0.119,260,0,0,0,0,0,0,0,normal,0,72,72
11/5/2025 6:00,72,2,Wednesday,11,0,0,random_or_none,0,sunny,0.203,260,0,0,0,0,0,0,0,normal,0,68,72
11/5/2025 7:00,68,2,Wednesday,11,0,0,random_or_none,0,sunny,0.172,260,0,0,0,0,0,0,0,normal,0,81,83
11/5/2025 8:00,81,2,Wednesday,11,0,0,random_or_none,1,rainy,0.635,260,0,0,0,0,0,0,0,normal,0,90,92
11/5/2025 9:00,90,2,Wednesday,11,0,0,random_or_none,4,dusty,0.255,260,0,0,0,0,0,0,0,normal,0,95,86
11/5/2025 10:00,95,2,Wednesday,11,0,0,random_or_none,0,sunny,0.223,260,0,0,0,0,0,0,0,normal,0,103,84
11/5/2025 11:00,103,2,Wednesday,11,0,0,random_or_none,0,sunny,0.256,260,0,0,0,0,0,0,0,normal,0,108,97
11/5/2025 12:00,108,2,Wednesday,11,0,0,random_or_none,5,windy,0.81,260,0,0,0,0,0,0,0,extreme_weather,2,110,97
11/5/2025 13:00,110,2,Wednesday,11,0,0,random_or_none,3,hot,0.739,260,0,0,0,0,0,0,0,normal,0,109,112
11/5/2025 14:00,109,2,Wednesday,11,0,0,random_or_none,1,rainy,0.17,260,0,0,0,0,0,0,0,normal,0,118,113
11/5/2025 15:00,118,2,Wednesday,11,0,0,random_or_none,5,windy,0.43,260,0,0,0,0,0,0,0,normal,0,117,115
11/5/2025 16:00,117,2,Wednesday,11,0,0,random_or_none,5,windy,0.758,260,0,0,0,0,0,0,0,extreme_weather,2,119,121
11/5/2025 17:00,119,2,Wednesday,11,0,0,random_or_none,4,dusty,0.348,260,0,0,0,0,0,0,0,normal,0,117,114
11/5/2025 18:00,117,2,Wednesday,11,0,0,random_or_none,0,sunny,0.255,260,0,0,0,0,0,0,0,normal,0,114,116
11/5/2025 19:00,114,2,Wednesday,11,0,0,random_or_none,4,dusty,0.544,260,0,0,0,0,0,0,0,normal,0,103,117
11/5/2025 20:00,103,2,Wednesday,11,0,0,random_or_none,0,sunny,0.125,260,0,0,0,0,0,0,0,normal,0,95,108
11/5/2025 21:00,95,2,Wednesday,11,0,0,random_or_none,0,sunny,0.114,260,0,0,0,0,0,0,0,normal,0,93,102
11/5/2025 22:00,93,2,Wednesday,11,0,0,random_or_none,2,cold,0.428,260,0,0,0,0,0,0,0,normal,0,89,96
11/5/2025 23:00,89,2,Wednesday,11,0,0,random_or_none,5,windy,0.458,260,0,0,0,0,0,0,0,normal,0,80,94
11/6/2025 0:00,80,3,Thursday,11,0,0,random_or_none,0,sunny,0.082,260,0,0,0,0,0,0,0,normal,0,77,133
11/6/2025 1:00,77,3,Thursday,11,0,0,random_or_none,1,rainy,0.526,260,0,0,0,0,0,0,0,normal,0,74,102
11/6/2025 2:00,74,3,Thursday,11,0,0,random_or_none,5,windy,0.732,260,0,0,0,0,0,0,0,normal,0,75,82
11/6/2025 3:00,75,3,Thursday,11,0,0,random_or_none,1,rainy,0.618,260,0,0,0,0,0,0,0,normal,0,69,77
11/6/2025 4:00,69,3,Thursday,11,0,0,random_or_none,2,cold,0.713,260,0,0,0,0,0,0,0,normal,0,72,97
11/6/2025 5:00,72,3,Thursday,11,0,0,random_or_none,0,sunny,0.245,260,0,0,0,0,0,0,0,normal,0,72,85
11/6/2025 6:00,72,3,Thursday,11,0,0,random_or_none,2,cold,0.204,260,0,0,0,0,0,0,0,normal,0,83,75
11/6/2025 7:00,83,3,Thursday,11,0,0,random_or_none,1,rainy,0.888,260,0,0,0,0,0,0,0,extreme_weather,2,92,79
11/6/2025 8:00,92,3,Thursday,11,0,0,random_or_none,1,rainy,0.786,260,0,0,0,0,0,0,0,extreme_weather,2,86,85
11/6/2025 9:00,86,3,Thursday,11,0,0,random_or_none,0,sunny,0.333,260,0,0,0,0,0,0,0,normal,0,84,90
11/6/2025 10:00,84,3,Thursday,11,0,0,random_or_none,0,sunny,0.002,260,0,0,0,0,0,0,0,normal,0,97,95
11/6/2025 11:00,97,3,Thursday,11,0,0,random_or_none,1,rainy,0.864,260,0,0,0,0,0,0,0,extreme_weather,2,97,99
11/6/2025 12:00,97,3,Thursday,11,0,0,random_or_none,2,cold,0.333,260,0,0,0,0,0,0,0,normal,0,112,111
11/6/2025 13:00,112,3,Thursday,11,0,0,random_or_none,2,cold,0.81,260,0,0,0,0,0,0,0,extreme_weather,2,113,116
11/6/2025 14:00,113,3,Thursday,11,0,0,random_or_none,1,rainy,0.448,260,0,0,0,0,0,0,0,normal,0,115,113
11/6/2025 15:00,115,3,Thursday,11,0,0,random_or_none,0,sunny,0.34,260,0,0,0,0,0,0,0,normal,0,121,113
11/6/2025 16:00,121,3,Thursday,11,0,0,random_or_none,0,sunny,0.003,260,0,0,0,0,0,0,0,normal,0,114,113
11/6/2025 17:00,114,3,Thursday,11,0,0,random_or_none,0,sunny,0.153,260,0,0,0,0,0,0,0,normal,0,116,114
11/6/2025 18:00,116,3,Thursday,11,0,0,random_or_none,0,sunny,0.065,260,0,0,0,0,0,0,0,normal,0,117,112
11/6/2025 19:00,117,3,Thursday,11,0,0,random_or_none,1,rainy,0.546,260,0,0,0,0,0,0,0,normal,0,108,113
11/6/2025 20:00,108,3,Thursday,11,0,0,random_or_none,1,rainy,0.54,260,0,0,0,0,0,0,0,normal,0,102,112
11/6/2025 21:00,102,3,Thursday,11,0,0,random_or_none,0,sunny,0.002,260,0,0,0,0,0,0,0,normal,0,96,109
11/6/2025 22:00,96,3,Thursday,11,0,0,random_or_none,5,windy,0.475,260,0,0,0,0,0,0,0,normal,0,94,97
11/6/2025 23:00,94,3,Thursday,11,0,0,random_or_none,1,rainy,0.694,260,0,0,0,0,0,0,0,normal,0,133,81
11/7/2025 0:00,133,4,Friday,11,0,0,random_or_none,1,rainy,0.698,260,0,1,114.43,0,0,0,0,emergency_spike,5,102,63
11/7/2025 1:00,102,4,Friday,11,0,0,random_or_none,2,cold,0.424,260,0,0,0,0,0,0,0,normal,0,82,58
11/7/2025 2:00,82,4,Friday,11,0,0,random_or_none,0,sunny,0.28,260,0,0,0,0,0,0,0,normal,0,77,118
11/7/2025 3:00,77,4,Friday,11,0,0,random_or_none,1,rainy,0.302,260,0,0,0,0,0,0,0,normal,0,97,85
11/7/2025 4:00,97,4,Friday,11,0,0,random_or_none,2,cold,0.281,260,0,1,43.93,0,0,0,0,emergency_spike,5,85,66
11/7/2025 5:00,85,4,Friday,11,0,0,random_or_none,1,rainy,0.685,260,0,0,0,0,0,0,0,normal,0,75,64
11/7/2025 6:00,75,4,Friday,11,0,0,random_or_none,0,sunny,0.186,260,0,0,0,0,0,0,0,normal,0,79,63
11/7/2025 7:00,79,4,Friday,11,0,0,random_or_none,5,windy,0.524,260,0,0,0,0,0,0,0,normal,0,85,70
11/7/2025 8:00,85,4,Friday,11,0,0,random_or_none,0,sunny,0.068,260,0,0,0,0,0,0,0,normal,0,90,71
11/7/2025 9:00,90,4,Friday,11,0,0,random_or_none,5,windy,0.624,260,0,0,0,0,0,0,0,normal,0,95,75
11/7/2025 10:00,95,4,Friday,11,0,0,random_or_none,4,dusty,0.86,260,0,0,0,0,0,0,0,extreme_weather,2,99,111
11/7/2025 11:00,99,4,Friday,11,0,0,random_or_none,0,sunny,0.085,260,0,0,0,0,0,0,0,normal,0,111,105
11/7/2025 12:00,111,4,Friday,11,0,0,random_or_none,1,rainy,0.489,260,0,0,0,0,0,0,0,normal,0,116,102
11/7/2025 13:00,116,4,Friday,11,0,0,random_or_none,3,hot,0.796,260,0,0,0,0,0,0,0,extreme_weather,2,113,102
11/7/2025 14:00,113,4,Friday,11,0,0,random_or_none,2,cold,0.367,260,0,0,0,0,0,0,0,normal,0,113,104
11/7/2025 15:00,113,4,Friday,11,0,0,random_or_none,0,sunny,0.229,260,0,0,0,0,0,0,0,normal,0,113,104
11/7/2025 16:00,113,4,Friday,11,0,0,random_or_none,0,sunny,0.239,260,0,0,0,0,0,0,0,normal,0,114,102
11/7/2025 17:00,114,4,Friday,11,0,0,random_or_none,5,windy,1,260,0,0,0,0,0,0,0,extreme_weather,2,112,98
11/7/2025 18:00,112,4,Friday,11,0,0,random_or_none,1,rainy,0.361,260,0,0,0,0,0,0,0,normal,0,113,144
11/7/2025 19:00,113,4,Friday,11,0,0,random_or_none,1,rainy,0.909,260,0,0,0,0,0,0,0,extreme_weather,2,112,122
11/7/2025 20:00,112,4,Friday,11,0,0,random_or_none,1,rainy,0.858,260,0,0,0,0,0,0,0,extreme_weather,2,109,104
11/7/2025 21:00,109,4,Friday,11,0,0,random_or_none,2,cold,0.727,260,0,0,0,0,0,0,0,normal,0,97,93
11/7/2025 22:00,97,4,Friday,11,0,0,random_or_none,1,rainy,0.303,260,0,0,0,0,0,0,0,normal,0,81,76
11/7/2025 23:00,81,4,Friday,11,0,0,random_or_none,3,hot,0.222,260,0,0,0,0,0,0,0,normal,0,63,73
11/8/2025 0:00,63,5,Saturday,11,1,0,random_or_none,0,sunny,0.346,260,0,0,0,0,0,0,0,normal,0,58,62
11/8/2025 1:00,58,5,Saturday,11,1,0,random_or_none,5,windy,0.809,260,0,0,0,0,0,0,0,extreme_weather,2,118,51
11/8/2025 2:00,118,5,Saturday,11,1,0,random_or_none,5,windy,0.72,260,0,1,144.96,0,0,0,0,emergency_spike,5,85,49
11/8/2025 3:00,85,5,Saturday,11,1,0,random_or_none,4,dusty,0.293,260,0,0,0,0,0,0,0,normal,0,66,47
11/8/2025 4:00,66,5,Saturday,11,1,0,random_or_none,0,sunny,0.026,260,0,0,0,0,0,0,0,normal,0,64,49
11/8/2025 5:00,64,5,Saturday,11,1,0,random_or_none,5,windy,0.359,260,0,0,0,0,0,0,0,normal,0,63,53
11/8/2025 6:00,63,5,Saturday,11,1,0,random_or_none,0,sunny,0.241,260,0,0,0,0,0,0,0,normal,0,70,51
11/8/2025 7:00,70,5,Saturday,11,1,0,random_or_none,1,rainy,0.656,260,0,0,0,0,0,0,0,normal,0,71,60
11/8/2025 8:00,71,5,Saturday,11,1,0,random_or_none,0,sunny,0.237,260,0,0,0,0,0,0,0,normal,0,75,72
11/8/2025 9:00,75,5,Saturday,11,1,0,random_or_none,0,sunny,0.045,260,0,0,0,0,0,0,0,normal,0,111,70
11/8/2025 10:00,111,5,Saturday,11,1,0,random_or_none,1,rainy,0.914,260,0,1,64.47,0,0,0,0,emergency_spike,5,105,67
11/8/2025 11:00,105,5,Saturday,11,1,0,random_or_none,2,cold,0.668,260,0,0,0,0,0,0,0,normal,0,102,84
11/8/2025 12:00,102,5,Saturday,11,1,0,random_or_none,0,sunny,0.096,260,0,0,0,0,0,0,0,normal,0,102,98
11/8/2025 13:00,102,5,Saturday,11,1,0,random_or_none,0,sunny,0.264,260,0,0,0,0,0,0,0,normal,0,104,104
11/8/2025 14:00,104,5,Saturday,11,1,0,random_or_none,1,rainy,0.445,260,0,0,0,0,0,0,0,normal,0,104,104
11/8/2025 15:00,104,5,Saturday,11,1,0,random_or_none,2,cold,0.806,260,0,0,0,0,0,0,0,extreme_weather,2,102,99
11/8/2025 16:00,102,5,Saturday,11,1,0,random_or_none,2,cold,0.58,260,0,0,0,0,0,0,0,normal,0,98,93
11/8/2025 17:00,98,5,Saturday,11,1,0,random_or_none,0,sunny,0.094,260,0,0,0,0,0,0,0,normal,0,144,96
11/8/2025 18:00,144,5,Saturday,11,1,0,random_or_none,5,windy,0.355,260,0,1,102.53,0,0,0,0,emergency_spike,5,122,98
11/8/2025 19:00,122,5,Saturday,11,1,0,random_or_none,5,windy,0.751,260,0,0,0,0,0,0,0,extreme_weather,2,104,95
11/8/2025 20:00,104,5,Saturday,11,1,0,random_or_none,5,windy,0.63,260,0,0,0,0,0,0,0,normal,0,93,90
11/8/2025 21:00,93,5,Saturday,11,1,0,random_or_none,1,rainy,0.202,260,0,0,0,0,0,0,0,normal,0,76,80
11/8/2025 22:00,76,5,Saturday,11,1,0,random_or_none,0,sunny,0.331,260,0,0,0,0,0,0,0,normal,0,73,70
11/8/2025 23:00,73,5,Saturday,11,1,0,random_or_none,0,sunny,0.328,260,0,0,0,0,0,0,0,normal,0,62,60
11/9/2025 0:00,62,6,Sunday,11,1,0,random_or_none,1,rainy,0.492,260,0,0,0,0,0,0,0,normal,0,51,64
11/9/2025 1:00,51,6,Sunday,11,1,0,random_or_none,5,windy,0.72,260,0,0,0,0,0,0,0,normal,0,49,69
11/9/2025 2:00,49,6,Sunday,11,1,0,random_or_none,0,sunny,0.248,260,0,0,0,0,0,0,0,normal,0,47,67
11/9/2025 3:00,47,6,Sunday,11,1,0,random_or_none,4,dusty,0.274,260,0,0,0,0,0,0,0,normal,0,49,63
11/9/2025 4:00,49,6,Sunday,11,1,0,random_or_none,2,cold,0.267,260,0,0,0,0,0,0,0,normal,0,53,66
11/9/2025 5:00,53,6,Sunday,11,1,0,random_or_none,5,windy,0.853,260,0,0,0,0,0,0,0,extreme_weather,2,51,69
11/9/2025 6:00,51,6,Sunday,11,1,0,random_or_none,0,sunny,0.063,260,0,0,0,0,0,0,0,normal,0,60,67
11/9/2025 7:00,60,6,Sunday,11,1,0,random_or_none,5,windy,0.831,260,0,0,0,0,0,0,0,extreme_weather,2,72,74
11/9/2025 8:00,72,6,Sunday,11,1,0,random_or_none,2,cold,0.748,260,0,0,0,0,0,0,0,normal,0,70,76
11/9/2025 9:00,70,6,Sunday,11,1,0,random_or_none,0,sunny,0.345,260,0,0,0,0,0,0,0,normal,0,67,94
11/9/2025 10:00,67,6,Sunday,11,1,0,random_or_none,0,sunny,0.244,260,0,0,0,0,0,0,0,normal,0,84,97
11/9/2025 11:00,84,6,Sunday,11,1,0,random_or_none,4,dusty,0.802,260,0,0,0,0,0,0,0,extreme_weather,2,98,112
11/9/2025 12:00,98,6,Sunday,11,1,0,random_or_none,5,windy,0.583,260,0,0,0,0,0,0,0,normal,0,104,115
11/9/2025 13:00,104,6,Sunday,11,1,0,random_or_none,1,rainy,0.673,260,0,0,0,0,0,0,0,normal,0,104,110
11/9/2025 14:00,104,6,Sunday,11,1,0,random_or_none,1,rainy,0.187,260,0,0,0,0,0,0,0,normal,0,99,116
11/9/2025 15:00,99,6,Sunday,11,1,0,random_or_none,0,sunny,0.075,260,0,0,0,0,0,0,0,normal,0,93,119
11/9/2025 16:00,93,6,Sunday,11,1,0,random_or_none,0,sunny,0.288,260,0,0,0,0,0,0,0,normal,0,96,114
11/9/2025 17:00,96,6,Sunday,11,1,0,random_or_none,1,rainy,0.352,260,0,0,0,0,0,0,0,normal,0,98,116
11/9/2025 18:00,98,6,Sunday,11,1,0,random_or_none,5,windy,0.893,260,0,0,0,0,0,0,0,extreme_weather,2,95,114
11/9/2025 19:00,95,6,Sunday,11,1,0,random_or_none,2,cold,0.431,260,0,0,0,0,0,0,0,normal,0,90,118
11/9/2025 20:00,90,6,Sunday,11,1,0,random_or_none,0,sunny,0.055,260,0,0,0,0,0,0,0,normal,0,80,111
11/9/2025 21:00,80,6,Sunday,11,1,0,random_or_none,2,cold,0.435,260,0,0,0,0,0,0,0,normal,0,70,104
11/9/2025 22:00,70,6,Sunday,11,1,0,random_or_none,5,windy,0.34,260,0,0,0,0,0,0,0,normal,0,60,97
11/9/2025 23:00,60,6,Sunday,11,1,0,random_or_none,0,sunny,0.015,260,0,0,0,0,0,0,0,normal,0,64,146
11/10/2025 0:00,64,0,Monday,11,0,0,random_or_none,0,sunny,0.148,260,0,0,0,0,0,0,0,normal,0,69,114
11/10/2025 1:00,69,0,Monday,11,0,0,random_or_none,2,cold,0.584,260,0,0,0,0,0,0,0,normal,0,67,95
11/10/2025 2:00,67,0,Monday,11,0,0,random_or_none,1,rainy,0.415,260,0,0,0,0,0,0,0,normal,0,63,85
11/10/2025 3:00,63,0,Monday,11,0,0,random_or_none,0,sunny,0.23,260,0,0,0,0,0,0,0,normal,0,66,76
11/10/2025 4:00,66,0,Monday,11,0,0,random_or_none,5,windy,0.408,260,0,0,0,0,0,0,0,normal,0,69,159
11/10/2025 5:00,69,0,Monday,11,0,0,random_or_none,0,sunny,0.132,260,0,0,0,0,0,0,0,normal,0,67,117
11/10/2025 6:00,67,0,Monday,11,0,0,random_or_none,3,hot,0.686,260,0,0,0,0,0,0,0,normal,0,74,102
11/10/2025 7:00,74,0,Monday,11,0,0,random_or_none,5,windy,0.525,260,0,0,0,0,0,0,0,normal,0,76,89
11/10/2025 8:00,76,0,Monday,11,0,0,random_or_none,0,sunny,0.163,260,0,0,0,0,0,0,0,normal,0,94,94
11/10/2025 9:00,94,0,Monday,11,0,0,random_or_none,0,sunny,0.346,260,0,0,0,0,0,0,0,normal,0,97,92
11/10/2025 10:00,97,0,Monday,11,0,0,random_or_none,5,windy,0.882,260,0,0,0,0,0,0,0,extreme_weather,2,112,93
11/10/2025 11:00,112,0,Monday,11,0,0,random_or_none,1,rainy,0.88,260,0,0,0,0,0,0,0,extreme_weather,2,115,102
11/10/2025 12:00,115,0,Monday,11,0,0,random_or_none,5,windy,0.288,260,0,0,0,0,0,0,0,normal,0,110,105
11/10/2025 13:00,110,0,Monday,11,0,0,random_or_none,5,windy,0.567,260,0,0,0,0,0,0,0,normal,0,116,121
11/10/2025 14:00,116,0,Monday,11,0,0,random_or_none,2,cold,0.653,260,0,0,0,0,0,0,0,normal,0,119,120
11/10/2025 15:00,119,0,Monday,11,0,0,random_or_none,1,rainy,0.297,260,0,0,0,0,0,0,0,normal,0,114,124
11/10/2025 16:00,114,0,Monday,11,0,0,random_or_none,0,sunny,0.256,260,0,0,0,0,0,0,0,normal,0,116,124
11/10/2025 17:00,116,0,Monday,11,0,0,random_or_none,0,sunny,0.252,260,0,0,0,0,0,0,0,normal,0,114,125
11/10/2025 18:00,114,0,Monday,11,0,0,random_or_none,0,sunny,0.17,260,0,0,0,0,0,0,0,normal,0,118,116
11/10/2025 19:00,118,0,Monday,11,0,0,random_or_none,4,dusty,0.43,260,0,0,0,0,0,0,0,normal,0,111,113
11/10/2025 20:00,111,0,Monday,11,0,0,random_or_none,5,windy,0.608,260,0,0,0,0,0,0,0,normal,0,104,120
11/10/2025 21:00,104,0,Monday,11,0,0,random_or_none,1,rainy,0.247,260,0,0,0,0,0,0,0,normal,0,97,104
11/10/2025 22:00,97,0,Monday,11,0,0,random_or_none,0,sunny,0.223,260,0,0,0,0,0,0,0,normal,0,146,97
11/10/2025 23:00,146,0,Monday,11,0,0,random_or_none,5,windy,0.388,260,0,1,138.23,0,0,0,0,emergency_spike,5,114,85
11/11/2025 0:00,114,1,Tuesday,11,0,0,random_or_none,5,windy,0.939,260,0,0,0,0,0,0,0,extreme_weather,2,95,76
11/11/2025 1:00,95,1,Tuesday,11,0,0,random_or_none,1,rainy,0.496,260,0,0,0,0,0,0,0,normal,0,85,73
11/11/2025 2:00,85,1,Tuesday,11,0,0,random_or_none,1,rainy,0.413,260,0,0,0,0,0,0,0,normal,0,76,68
11/11/2025 3:00,76,1,Tuesday,11,0,0,random_or_none,4,dusty,0.694,260,0,0,0,0,0,0,0,normal,0,159,66
11/11/2025 4:00,159,1,Tuesday,11,0,0,random_or_none,5,windy,0.571,260,0,1,197.63,0,0,0,0,emergency_spike,5,117,58
11/11/2025 5:00,117,1,Tuesday,11,0,0,random_or_none,0,sunny,0.151,260,0,0,0,0,0,0,0,normal,0,102,63
11/11/2025 6:00,102,1,Tuesday,11,0,0,random_or_none,5,windy,0.738,260,0,0,0,0,0,0,0,normal,0,89,69
11/11/2025 7:00,89,1,Tuesday,11,0,0,random_or_none,1,rainy,0.397,260,0,0,0,0,0,0,0,normal,0,94,72
11/11/2025 8:00,94,1,Tuesday,11,0,0,random_or_none,1,rainy,0.853,260,0,0,0,0,0,0,0,extreme_weather,2,92,77
11/11/2025 9:00,92,1,Tuesday,11,0,0,random_or_none,0,sunny,0.203,260,0,0,0,0,0,0,0,normal,0,93,84
11/11/2025 10:00,93,1,Tuesday,11,0,0,random_or_none,5,windy,0.372,260,0,0,0,0,0,0,0,normal,0,102,93
11/11/2025 11:00,102,1,Tuesday,11,0,0,random_or_none,0,sunny,0.283,260,0,0,0,0,0,0,0,normal,0,105,102
11/11/2025 12:00,105,1,Tuesday,11,0,0,random_or_none,0,sunny,0.257,260,0,0,0,0,0,0,0,normal,0,121,108
11/11/2025 13:00,121,1,Tuesday,11,0,0,random_or_none,5,windy,0.954,260,0,0,0,0,0,0,0,extreme_weather,2,120,107
11/11/2025 14:00,120,1,Tuesday,11,0,0,random_or_none,5,windy,0.42,260,0,0,0,0,0,0,0,normal,0,124,115
11/11/2025 15:00,124,1,Tuesday,11,0,0,random_or_none,5,windy,0.735,260,0,0,0,0,0,0,0,normal,0,124,110
11/11/2025 16:00,124,1,Tuesday,11,0,0,random_or_none,2,cold,0.423,260,0,0,0,0,0,0,0,normal,0,125,109
11/11/2025 17:00,125,1,Tuesday,11,0,0,random_or_none,4,dusty,0.65,260,0,0,0,0,0,0,0,normal,0,116,108
11/11/2025 18:00,116,1,Tuesday,11,0,0,random_or_none,0,sunny,0.017,260,0,0,0,0,0,0,0,normal,0,113,114
11/11/2025 19:00,113,1,Tuesday,11,0,0,random_or_none,2,cold,0.39,260,0,0,0,0,0,0,0,normal,0,120,112
11/11/2025 20:00,120,1,Tuesday,11,0,0,random_or_none,1,rainy,0.567,260,0,0,0,0,0,0,0,normal,0,104,111
11/11/2025 21:00,104,1,Tuesday,11,0,0,random_or_none,0,sunny,0.088,260,0,0,0,0,0,0,0,normal,0,97,101
11/11/2025 22:00,97,1,Tuesday,11,0,0,random_or_none,0,sunny,0.007,260,0,0,0,0,0,0,0,normal,0,85,91
11/11/2025 23:00,85,1,Tuesday,11,0,0,random_or_none,5,windy,0.675,260,0,0,0,0,0,0,0,normal,0,76,85
11/12/2025 0:00,76,2,Wednesday,11,0,0,random_or_none,5,windy,0.523,260,0,0,0,0,0,0,0,normal,0,73,74
11/12/2025 1:00,73,2,Wednesday,11,0,0,random_or_none,1,rainy,0.582,260,0,0,0,0,0,0,0,normal,0,68,79
11/12/2025 2:00,68,2,Wednesday,11,0,0,random_or_none,0,sunny,0.036,260,0,0,0,0,0,0,0,normal,0,66,73
11/12/2025 3:00,66,2,Wednesday,11,0,0,random_or_none,5,windy,0.443,260,0,0,0,0,0,0,0,normal,0,58,70
11/12/2025 4:00,58,2,Wednesday,11,0,0,random_or_none,0,sunny,0.291,260,0,0,0,0,0,0,0,normal,0,63,65
11/12/2025 5:00,63,2,Wednesday,11,0,0,random_or_none,3,hot,0.348,260,0,0,0,0,0,0,0,normal,0,69,67
11/12/2025 6:00,69,2,Wednesday,11,0,0,random_or_none,1,rainy,0.152,260,0,0,0,0,0,0,0,normal,0,72,74
11/12/2025 7:00,72,2,Wednesday,11,0,0,random_or_none,5,windy,0.279,260,0,0,0,0,0,0,0,normal,0,77,82
11/12/2025 8:00,77,2,Wednesday,11,0,0,random_or_none,0,sunny,0.011,260,0,0,0,0,0,0,0,normal,0,84,92
11/12/2025 9:00,84,2,Wednesday,11,0,0,random_or_none,0,sunny,0.026,260,0,0,0,0,0,0,0,normal,0,93,101
11/12/2025 10:00,93,2,Wednesday,11,0,0,random_or_none,2,cold,0.396,260,0,0,0,0,0,0,0,normal,0,102,97
11/12/2025 11:00,102,2,Wednesday,11,0,0,random_or_none,5,windy,0.663,260,0,0,0,0,0,0,0,normal,0,108,106
11/12/2025 12:00,108,2,Wednesday,11,0,0,random_or_none,0,sunny,0.086,260,0,0,0,0,0,0,0,normal,0,107,110
11/12/2025 13:00,107,2,Wednesday,11,0,0,random_or_none,0,sunny,0.039,260,0,0,0,0,0,0,0,normal,0,115,112
11/12/2025 14:00,115,2,Wednesday,11,0,0,random_or_none,5,windy,0.968,260,0,0,0,0,0,0,0,extreme_weather,2,110,113
11/12/2025 15:00,110,2,Wednesday,11,0,0,random_or_none,0,sunny,0.316,260,0,0,0,0,0,0,0,normal,0,109,117
11/12/2025 16:00,109,2,Wednesday,11,0,0,random_or_none,0,sunny,0.245,260,0,0,0,0,0,0,0,normal,0,108,128
11/12/2025 17:00,108,2,Wednesday,11,0,0,random_or_none,5,windy,0.306,260,0,0,0,0,0,0,0,normal,0,114,122
11/12/2025 18:00,114,2,Wednesday,11,0,0,random_or_none,2,cold,0.763,260,0,0,0,0,0,0,0,extreme_weather,2,112,120
11/12/2025 19:00,112,2,Wednesday,11,0,0,random_or_none,0,sunny,0.083,260,0,0,0,0,0,0,0,normal,0,111,118
11/12/2025 20:00,111,2,Wednesday,11,0,0,random_or_none,5,windy,0.661,260,0,0,0,0,0,0,0,normal,0,101,118
11/12/2025 21:00,101,2,Wednesday,11,0,0,random_or_none,5,windy,0.49,260,0,0,0,0,0,0,0,normal,0,91,110
11/12/2025 22:00,91,2,Wednesday,11,0,0,random_or_none,3,hot,0.197,260,0,0,0,0,0,0,0,normal,0,85,95
11/12/2025 23:00,85,2,Wednesday,11,0,0,random_or_none,1,rainy,0.576,260,0,0,0,0,0,0,0,normal,0,74,87
11/13/2025 0:00,74,3,Thursday,11,0,0,random_or_none,0,sunny,0.089,260,0,0,0,0,0,0,0,normal,0,79,72
11/13/2025 1:00,79,3,Thursday,11,0,0,random_or_none,5,windy,0.294,260,0,0,0,0,0,0,0,normal,0,73,72
11/13/2025 2:00,73,3,Thursday,11,0,0,random_or_none,0,sunny,0.219,260,0,0,0,0,0,0,0,normal,0,70,72
11/13/2025 3:00,70,3,Thursday,11,0,0,random_or_none,0,sunny,0.133,260,0,0,0,0,0,0,0,normal,0,65,65
11/13/2025 4:00,65,3,Thursday,11,0,0,random_or_none,0,sunny,0.301,260,0,0,0,0,0,0,0,normal,0,67,89
11/13/2025 5:00,67,3,Thursday,11,0,0,random_or_none,0,sunny,0.082,260,0,0,0,0,0,0,0,normal,0,74,77
11/13/2025 6:00,74,3,Thursday,11,0,0,random_or_none,5,windy,0.385,260,0,0,0,0,0,0,0,normal,0,82,76
11/13/2025 7:00,82,3,Thursday,11,0,0,random_or_none,2,cold,0.166,260,0,0,0,0,0,0,0,normal,0,92,76
11/13/2025 8:00,92,3,Thursday,11,0,0,random_or_none,1,rainy,0.601,260,0,0,0,0,0,0,0,normal,0,101,83
11/13/2025 9:00,101,3,Thursday,11,0,0,random_or_none,5,windy,0.364,260,0,0,0,0,0,0,0,normal,0,97,83
11/13/2025 10:00,97,3,Thursday,11,0,0,random_or_none,0,sunny,0.265,260,0,0,0,0,0,0,0,normal,0,106,97
11/13/2025 11:00,106,3,Thursday,11,0,0,random_or_none,1,rainy,0.888,260,0,0,0,0,0,0,0,extreme_weather,2,110,105
11/13/2025 12:00,110,3,Thursday,11,0,0,random_or_none,5,windy,0.522,260,0,0,0,0,0,0,0,normal,0,112,117
11/13/2025 13:00,112,3,Thursday,11,0,0,random_or_none,0,sunny,0.139,260,0,0,0,0,0,0,0,normal,0,113,111
11/13/2025 14:00,113,3,Thursday,11,0,0,random_or_none,0,sunny,0.155,260,0,0,0,0,0,0,0,normal,0,117,119
11/13/2025 15:00,117,3,Thursday,11,0,0,random_or_none,1,rainy,0.217,260,0,0,0,0,0,0,0,normal,0,128,118
11/13/2025 16:00,128,3,Thursday,11,0,0,random_or_none,4,dusty,0.454,260,0,0,0,0,0,0,0,normal,0,122,127
11/13/2025 17:00,122,3,Thursday,11,0,0,random_or_none,0,sunny,0.277,260,0,0,0,0,0,0,0,normal,0,120,124
11/13/2025 18:00,120,3,Thursday,11,0,0,random_or_none,1,rainy,0.773,260,0,0,0,0,0,0,0,extreme_weather,2,118,124
11/13/2025 19:00,118,3,Thursday,11,0,0,random_or_none,5,windy,0.228,260,0,0,0,0,0,0,0,normal,0,118,121
11/13/2025 20:00,118,3,Thursday,11,0,0,random_or_none,1,rainy,0.48,260,0,0,0,0,0,0,0,normal,0,110,114
11/13/2025 21:00,110,3,Thursday,11,0,0,random_or_none,1,rainy,0.499,260,0,0,0,0,0,0,0,normal,0,95,202
11/13/2025 22:00,95,3,Thursday,11,0,0,random_or_none,0,sunny,0.002,260,0,0,0,0,0,0,0,normal,0,87,152
11/13/2025 23:00,87,3,Thursday,11,0,0,random_or_none,1,rainy,0.368,260,0,0,0,0,0,0,0,normal,0,72,117
11/14/2025 0:00,72,4,Friday,11,0,0,random_or_none,0,sunny,0.327,260,0,0,0,0,0,0,0,normal,0,72,92
11/14/2025 1:00,72,4,Friday,11,0,0,random_or_none,0,sunny,0.316,260,0,0,0,0,0,0,0,normal,0,72,76
11/14/2025 2:00,72,4,Friday,11,0,0,random_or_none,1,rainy,0.626,260,0,0,0,0,0,0,0,normal,0,65,64
11/14/2025 3:00,65,4,Friday,11,0,0,random_or_none,0,sunny,0.009,260,0,0,0,0,0,0,0,normal,0,89,56
11/14/2025 4:00,89,4,Friday,11,0,0,random_or_none,1,rainy,0.339,260,0,1,50.19,0,0,0,0,emergency_spike,5,77,51
11/14/2025 5:00,77,4,Friday,11,0,0,random_or_none,0,sunny,0.01,260,0,0,0,0,0,0,0,normal,0,76,55
11/14/2025 6:00,76,4,Friday,11,0,0,random_or_none,2,cold,0.501,260,0,0,0,0,0,0,0,normal,0,76,55
11/14/2025 7:00,76,4,Friday,11,0,0,random_or_none,0,sunny,0.106,260,0,0,0,0,0,0,0,normal,0,83,64
11/14/2025 8:00,83,4,Friday,11,0,0,random_or_none,0,sunny,0.236,260,0,0,0,0,0,0,0,normal,0,83,70
11/14/2025 9:00,83,4,Friday,11,0,0,random_or_none,1,rainy,0.212,260,0,0,0,0,0,0,0,normal,0,97,77
11/14/2025 10:00,97,4,Friday,11,0,0,random_or_none,0,sunny,0.138,260,0,0,0,0,0,0,0,normal,0,105,75
11/14/2025 11:00,105,4,Friday,11,0,0,random_or_none,1,rainy,0.88,260,0,0,0,0,0,0,0,extreme_weather,2,117,83
11/14/2025 12:00,117,4,Friday,11,0,0,random_or_none,4,dusty,0.673,260,0,0,0,0,0,0,0,normal,0,111,91
11/14/2025 13:00,111,4,Friday,11,0,0,random_or_none,0,sunny,0.02,260,0,0,0,0,0,0,0,normal,0,119,92
11/14/2025 14:00,119,4,Friday,11,0,0,random_or_none,5,windy,0.461,260,0,0,0,0,0,0,0,normal,0,118,95
11/14/2025 15:00,118,4,Friday,11,0,0,random_or_none,5,windy,0.297,260,0,0,0,0,0,0,0,normal,0,127,103
11/14/2025 16:00,127,4,Friday,11,0,0,random_or_none,3,hot,0.909,260,0,0,0,0,0,0,0,extreme_weather,2,124,100
11/14/2025 17:00,124,4,Friday,11,0,0,random_or_none,1,rainy,0.706,260,0,0,0,0,0,0,0,normal,0,124,100
11/14/2025 18:00,124,4,Friday,11,0,0,random_or_none,1,rainy,0.207,260,0,0,0,0,0,0,0,normal,0,121,103
11/14/2025 19:00,121,4,Friday,11,0,0,random_or_none,5,windy,0.276,260,0,0,0,0,0,0,0,normal,0,114,101
11/14/2025 20:00,114,4,Friday,11,0,0,random_or_none,0,sunny,0.148,260,0,0,0,0,0,0,0,normal,0,202,99
11/14/2025 21:00,202,4,Friday,11,0,0,random_or_none,4,dusty,0.769,260,0,1,213.77,0,0,0,0,emergency_spike,5,152,97
11/14/2025 22:00,152,4,Friday,11,0,0,random_or_none,5,windy,0.641,260,0,0,0,0,0,0,0,normal,0,117,84
11/14/2025 23:00,117,4,Friday,11,0,0,random_or_none,1,rainy,0.28,260,0,0,0,0,0,0,0,normal,0,92,72
11/15/2025 0:00,92,5,Saturday,11,1,0,random_or_none,0,sunny,0.302,260,0,0,0,0,0,0,0,normal,0,76,63
11/15/2025 1:00,76,5,Saturday,11,1,0,random_or_none,5,windy,0.702,260,0,0,0,0,0,0,0,normal,0,64,56
11/15/2025 2:00,64,5,Saturday,11,1,0,random_or_none,1,rainy,0.529,260,0,0,0,0,0,0,0,normal,0,56,46
11/15/2025 3:00,56,5,Saturday,11,1,0,random_or_none,3,hot,0.916,260,0,0,0,0,0,0,0,extreme_weather,2,51,49
11/15/2025 4:00,51,5,Saturday,11,1,0,random_or_none,2,cold,0.243,260,0,0,0,0,0,0,0,normal,0,55,54
11/15/2025 5:00,55,5,Saturday,11,1,0,random_or_none,5,windy,0.282,260,0,0,0,0,0,0,0,normal,0,55,54
11/15/2025 6:00,55,5,Saturday,11,1,0,random_or_none,2,cold,0.559,260,0,0,0,0,0,0,0,normal,0,64,59
11/15/2025 7:00,64,5,Saturday,11,1,0,random_or_none,5,windy,0.831,260,0,0,0,0,0,0,0,extreme_weather,2,70,58
11/15/2025 8:00,70,5,Saturday,11,1,0,random_or_none,1,rainy,0.363,260,0,0,0,0,0,0,0,normal,0,77,66
11/15/2025 9:00,77,5,Saturday,11,1,0,random_or_none,0,sunny,0.266,260,0,0,0,0,0,0,0,normal,0,75,74
11/15/2025 10:00,75,5,Saturday,11,1,0,random_or_none,0,sunny,0.249,260,0,0,0,0,0,0,0,normal,0,83,194
11/15/2025 11:00,83,5,Saturday,11,1,0,random_or_none,5,windy,0.583,260,0,0,0,0,0,0,0,normal,0,91,141
11/15/2025 12:00,91,5,Saturday,11,1,0,random_or_none,0,sunny,0.341,260,0,0,0,0,0,0,0,normal,0,92,116
11/15/2025 13:00,92,5,Saturday,11,1,0,random_or_none,2,cold,0.804,260,0,0,0,0,0,0,0,extreme_weather,2,95,114
11/15/2025 14:00,95,5,Saturday,11,1,0,random_or_none,0,sunny,0.037,260,0,0,0,0,0,0,0,normal,0,103,111
11/15/2025 15:00,103,5,Saturday,11,1,0,random_or_none,0,sunny,0.242,260,0,0,0,0,0,0,0,normal,0,100,163
11/15/2025 16:00,100,5,Saturday,11,1,0,random_or_none,0,sunny,0.241,260,0,0,0,0,0,0,0,normal,0,100,140
11/15/2025 17:00,100,5,Saturday,11,1,0,random_or_none,3,hot,0.482,260,0,0,0,0,0,0,0,normal,0,103,117
11/15/2025 18:00,103,5,Saturday,11,1,0,random_or_none,5,windy,0.638,260,0,0,0,0,0,0,0,normal,0,101,108
11/15/2025 19:00,101,5,Saturday,11,1,0,random_or_none,0,sunny,0.093,260,0,0,0,0,0,0,0,normal,0,99,102
11/15/2025 20:00,99,5,Saturday,11,1,0,random_or_none,5,windy,0.844,260,0,0,0,0,0,0,0,extreme_weather,2,97,95
11/15/2025 21:00,97,5,Saturday,11,1,0,random_or_none,4,dusty,0.263,260,0,0,0,0,0,0,0,normal,0,84,80
11/15/2025 22:00,84,5,Saturday,11,1,0,random_or_none,0,sunny,0.311,260,0,0,0,0,0,0,0,normal,0,72,72
11/15/2025 23:00,72,5,Saturday,11,1,0,random_or_none,5,windy,0.406,260,0,0,0,0,0,0,0,normal,0,63,66
11/16/2025 0:00,63,6,Sunday,11,1,0,random_or_none,1,rainy,0.389,260,0,0,0,0,0,0,0,normal,0,56,71
11/16/2025 1:00,56,6,Sunday,11,1,0,random_or_none,1,rainy,0.869,260,0,0,0,0,0,0,0,extreme_weather,2,46,66
11/16/2025 2:00,46,6,Sunday,11,1,0,random_or_none,5,windy,0.383,260,0,0,0,0,0,0,0,normal,0,49,62
11/16/2025 3:00,49,6,Sunday,11,1,0,random_or_none,4,dusty,0.695,260,0,0,0,0,0,0,0,normal,0,54,65
11/16/2025 4:00,54,6,Sunday,11,1,0,random_or_none,1,rainy,0.853,260,0,0,0,0,0,0,0,extreme_weather,2,54,62
11/16/2025 5:00,54,6,Sunday,11,1,0,random_or_none,0,sunny,0.075,260,0,0,0,0,0,0,0,normal,0,59,63
11/16/2025 6:00,59,6,Sunday,11,1,0,random_or_none,5,windy,0.899,260,0,0,0,0,0,0,0,extreme_weather,2,58,72
11/16/2025 7:00,58,6,Sunday,11,1,0,random_or_none,2,cold,0.146,260,0,0,0,0,0,0,0,normal,0,66,78
11/16/2025 8:00,66,6,Sunday,11,1,0,random_or_none,0,sunny,0.129,260,0,0,0,0,0,0,0,normal,0,74,80
11/16/2025 9:00,74,6,Sunday,11,1,0,random_or_none,2,cold,0.46,260,0,0,0,0,0,0,0,normal,0,194,88
11/16/2025 10:00,194,6,Sunday,11,1,0,random_or_none,4,dusty,0.873,260,0,1,242.62,0,0,0,0,emergency_spike,5,141,100
11/16/2025 11:00,141,6,Sunday,11,1,0,random_or_none,0,sunny,0.259,260,0,0,0,0,0,0,0,normal,0,116,105
11/16/2025 12:00,116,6,Sunday,11,1,0,random_or_none,0,sunny,0.176,260,0,0,0,0,0,0,0,normal,0,114,108
11/16/2025 13:00,114,6,Sunday,11,1,0,random_or_none,4,dusty,0.757,260,0,0,0,0,0,0,0,extreme_weather,2,111,109
11/16/2025 14:00,111,6,Sunday,11,1,0,random_or_none,5,windy,1,260,0,0,0,0,0,0,0,extreme_weather,2,163,113
11/16/2025 15:00,163,6,Sunday,11,1,0,random_or_none,5,windy,0.954,260,0,1,142.43,0,0,0,0,emergency_spike,5,140,139
11/16/2025 16:00,140,6,Sunday,11,1,0,random_or_none,5,windy,0.564,260,0,0,0,0,0,0,0,normal,0,117,131
11/16/2025 17:00,117,6,Sunday,11,1,0,random_or_none,0,sunny,0.156,260,0,0,0,0,0,0,0,normal,0,108,120
11/16/2025 18:00,108,6,Sunday,11,1,0,random_or_none,0,sunny,0.284,260,0,0,0,0,0,0,0,normal,0,102,121
11/16/2025 19:00,102,6,Sunday,11,1,0,random_or_none,1,rainy,0.915,260,0,0,0,0,0,0,0,extreme_weather,2,95,114
11/16/2025 20:00,95,6,Sunday,11,1,0,random_or_none,1,rainy,0.157,260,0,0,0,0,0,0,0,normal,0,80,108
11/16/2025 21:00,80,6,Sunday,11,1,0,random_or_none,0,sunny,0.003,260,0,0,0,0,0,0,0,normal,0,72,106
11/16/2025 22:00,72,6,Sunday,11,1,0,random_or_none,0,sunny,0.001,260,0,0,0,0,0,0,0,normal,0,66,98
11/16/2025 23:00,66,6,Sunday,11,1,0,random_or_none,0,sunny,0.089,260,0,0,0,0,0,0,0,normal,0,71,87
11/17/2025 0:00,71,0,Monday,11,0,0,random_or_none,4,dusty,0.56,260,0,0,0,0,0,0,0,normal,0,66,73
11/17/2025 1:00,66,0,Monday,11,0,0,random_or_none,5,windy,0.973,260,0,0,0,0,0,0,0,extreme_weather,2,62,75
11/17/2025 2:00,62,0,Monday,11,0,0,random_or_none,0,sunny,0.324,260,0,0,0,0,0,0,0,normal,0,65,69
11/17/2025 3:00,65,0,Monday,11,0,0,random_or_none,5,windy,0.692,260,0,0,0,0,0,0,0,normal,0,62,68
11/17/2025 4:00,62,0,Monday,11,0,0,random_or_none,2,cold,0.564,260,0,0,0,0,0,0,0,normal,0,63,60
11/17/2025 5:00,63,0,Monday,11,0,0,random_or_none,5,windy,0.627,260,0,0,0,0,0,0,0,normal,0,72,66
11/17/2025 6:00,72,0,Monday,11,0,0,random_or_none,4,dusty,0.685,260,0,0,0,0,0,0,0,normal,0,78,73
11/17/2025 7:00,78,0,Monday,11,0,0,random_or_none,0,sunny,0.005,260,0,0,0,0,0,0,0,normal,0,80,74
11/17/2025 8:00,80,0,Monday,11,0,0,random_or_none,2,cold,0.227,260,0,0,0,0,0,0,0,normal,0,88,84
11/17/2025 9:00,88,0,Monday,11,0,0,random_or_none,5,windy,0.502,260,0,0,0,0,0,0,0,normal,0,100,81
11/17/2025 10:00,100,0,Monday,11,0,0,random_or_none,4,dusty,0.442,260,0,0,0,0,0,0,0,normal,0,105,89
11/17/2025 11:00,105,0,Monday,11,0,0,random_or_none,3,hot,0.678,260,0,0,0,0,0,0,0,normal,0,108,100
11/17/2025 12:00,108,0,Monday,11,0,0,random_or_none,0,sunny,0.264,260,0,0,0,0,0,0,0,normal,0,109,110
11/17/2025 13:00,109,0,Monday,11,0,0,random_or_none,1,rainy,0.173,260,0,0,0,0,0,0,0,normal,0,113,109
11/17/2025 14:00,113,0,Monday,11,0,0,random_or_none,1,rainy,0.525,260,0,0,0,0,0,0,0,normal,0,139,115
11/17/2025 15:00,139,0,Monday,11,0,0,random_or_none,0,sunny,0.155,260,0,1,65.23,0,0,0,0,emergency_spike,5,131,125
11/17/2025 16:00,131,0,Monday,11,0,0,random_or_none,5,windy,0.289,260,0,0,0,0,0,0,0,normal,0,120,128
11/17/2025 17:00,120,0,Monday,11,0,0,random_or_none,0,sunny,0.27,260,0,0,0,0,0,0,0,normal,0,121,152
11/17/2025 18:00,121,0,Monday,11,0,0,random_or_none,0,sunny,0.019,260,0,0,0,0,0,0,0,normal,0,114,136
11/17/2025 19:00,114,0,Monday,11,0,0,random_or_none,0,sunny,0.047,260,0,0,0,0,0,0,0,normal,0,108,129
11/17/2025 20:00,108,0,Monday,11,0,0,random_or_none,1,rainy,0.478,260,0,0,0,0,0,0,0,normal,0,106,115
11/17/2025 21:00,106,0,Monday,11,0,0,random_or_none,2,cold,0.414,260,0,0,0,0,0,0,0,normal,0,98,104
11/17/2025 22:00,98,0,Monday,11,0,0,random_or_none,5,windy,0.92,260,0,0,0,0,0,0,0,extreme_weather,2,87,95
11/17/2025 23:00,87,0,Monday,11,0,0,random_or_none,0,sunny,0.02,260,0,0,0,0,0,0,0,normal,0,73,134
11/18/2025 0:00,73,1,Tuesday,11,0,0,random_or_none,0,sunny,0.058,260,0,0,0,0,0,0,0,normal,0,75,96
11/18/2025 1:00,75,1,Tuesday,11,0,0,random_or_none,4,dusty,0.595,260,0,0,0,0,0,0,0,normal,0,69,82
11/18/2025 2:00,69,1,Tuesday,11,0,0,random_or_none,0,sunny,0.097,260,0,0,0,0,0,0,0,normal,0,68,75
11/18/2025 3:00,68,1,Tuesday,11,0,0,random_or_none,5,windy,0.707,260,0,0,0,0,0,0,0,normal,0,60,72
11/18/2025 4:00,60,1,Tuesday,11,0,0,random_or_none,0,sunny,0.28,260,0,0,0,0,0,0,0,normal,0,66,72
11/18/2025 5:00,66,1,Tuesday,11,0,0,random_or_none,5,windy,0.647,260,0,0,0,0,0,0,0,normal,0,73,74
11/18/2025 6:00,73,1,Tuesday,11,0,0,random_or_none,2,cold,0.791,260,0,0,0,0,0,0,0,extreme_weather,2,74,76
11/18/2025 7:00,74,1,Tuesday,11,0,0,random_or_none,2,cold,0.464,260,0,0,0,0,0,0,0,normal,0,84,78
11/18/2025 8:00,84,1,Tuesday,11,0,0,random_or_none,1,rainy,0.75,260,0,0,0,0,0,0,0,normal,0,81,121
11/18/2025 9:00,81,1,Tuesday,11,0,0,random_or_none,0,sunny,0.06,260,0,0,0,0,0,0,0,normal,0,89,114
11/18/2025 10:00,89,1,Tuesday,11,0,0,random_or_none,4,dusty,0.758,260,0,0,0,0,0,0,0,extreme_weather,2,100,98
11/18/2025 11:00,100,1,Tuesday,11,0,0,random_or_none,2,cold,0.139,260,0,0,0,0,0,0,0,normal,0,110,106
11/18/2025 12:00,110,1,Tuesday,11,0,0,random_or_none,2,cold,0.68,260,0,0,0,0,0,0,0,normal,0,109,110
11/18/2025 13:00,109,1,Tuesday,11,0,0,random_or_none,5,windy,0.359,260,0,0,0,0,0,0,0,normal,0,115,106
11/18/2025 14:00,115,1,Tuesday,11,0,0,random_or_none,2,cold,0.421,260,0,0,0,0,0,0,0,normal,0,125,106
11/18/2025 15:00,125,1,Tuesday,11,0,0,random_or_none,1,rainy,0.693,260,0,0,0,0,0,0,0,normal,0,128,113
11/18/2025 16:00,128,1,Tuesday,11,0,0,random_or_none,4,dusty,0.662,260,0,0,0,0,0,0,0,normal,0,152,172
11/18/2025 17:00,152,1,Tuesday,11,0,0,random_or_none,0,sunny,0.013,260,0,1,79.53,0,0,0,0,emergency_spike,5,136,148
11/18/2025 18:00,136,1,Tuesday,11,0,0,random_or_none,5,windy,0.528,260,0,0,0,0,0,0,0,normal,0,129,134
11/18/2025 19:00,129,1,Tuesday,11,0,0,random_or_none,5,windy,0.584,260,0,0,0,0,0,0,0,normal,0,115,120
11/18/2025 20:00,115,1,Tuesday,11,0,0,random_or_none,1,rainy,0.205,260,0,0,0,0,0,0,0,normal,0,104,114
11/18/2025 21:00,104,1,Tuesday,11,0,0,random_or_none,1,rainy,0.714,260,0,0,0,0,0,0,0,normal,0,95,97
11/18/2025 22:00,95,1,Tuesday,11,0,0,random_or_none,5,windy,0.544,260,0,0,0,0,0,0,0,normal,0,134,90
11/18/2025 23:00,134,1,Tuesday,11,0,0,random_or_none,0,sunny,0.124,260,0,1,115.62,0,0,0,0,emergency_spike,5,96,84
11/19/2025 0:00,96,2,Wednesday,11,0,0,random_or_none,0,sunny,0.31,260,0,0,0,0,0,0,0,normal,0,82,86
11/19/2025 1:00,82,2,Wednesday,11,0,0,random_or_none,1,rainy,0.509,260,0,0,0,0,0,0,0,normal,0,75,74
11/19/2025 2:00,75,2,Wednesday,11,0,0,random_or_none,5,windy,0.976,260,0,0,0,0,0,0,0,extreme_weather,2,72,75
11/19/2025 3:00,72,2,Wednesday,11,0,0,random_or_none,1,rainy,0.379,260,0,0,0,0,0,0,0,normal,0,72,64
11/19/2025 4:00,72,2,Wednesday,11,0,0,random_or_none,5,windy,0.641,260,0,0,0,0,0,0,0,normal,0,74,64
11/19/2025 5:00,74,2,Wednesday,11,0,0,random_or_none,3,hot,0.74,260,0,0,0,0,0,0,0,normal,0,76,64
11/19/2025 6:00,76,2,Wednesday,11,0,0,random_or_none,0,sunny,0.285,260,0,0,0,0,0,0,0,normal,0,78,66
11/19/2025 7:00,78,2,Wednesday,11,0,0,random_or_none,0,sunny,0.228,260,0,0,0,0,0,0,0,normal,0,121,73
11/19/2025 8:00,121,2,Wednesday,11,0,0,random_or_none,0,sunny,0.063,260,0,1,88.99,0,0,0,0,emergency_spike,5,114,83
11/19/2025 9:00,114,2,Wednesday,11,0,0,random_or_none,4,dusty,0.605,260,0,0,0,0,0,0,0,normal,0,98,87
11/19/2025 10:00,98,2,Wednesday,11,0,0,random_or_none,5,windy,0.308,260,0,0,0,0,0,0,0,normal,0,106,86
11/19/2025 11:00,106,2,Wednesday,11,0,0,random_or_none,4,dusty,0.574,260,0,0,0,0,0,0,0,normal,0,110,93
11/19/2025 12:00,110,2,Wednesday,11,0,0,random_or_none,1,rainy,0.342,260,0,0,0,0,0,0,0,normal,0,106,106
11/19/2025 13:00,106,2,Wednesday,11,0,0,random_or_none,0,sunny,0.122,260,0,0,0,0,0,0,0,normal,0,106,107
11/19/2025 14:00,106,2,Wednesday,11,0,0,random_or_none,2,cold,0.256,260,0,0,0,0,0,0,0,normal,0,113,119
11/19/2025 15:00,113,2,Wednesday,11,0,0,random_or_none,2,cold,0.622,260,0,0,0,0,0,0,0,normal,0,172,119
11/19/2025 16:00,172,2,Wednesday,11,0,0,random_or_none,5,windy,0.752,260,0,1,118.89,0,0,0,0,emergency_spike,5,148,114
11/19/2025 17:00,148,2,Wednesday,11,0,0,random_or_none,0,sunny,0.288,260,0,0,0,0,0,0,0,normal,0,134,114
11/19/2025 18:00,134,2,Wednesday,11,0,0,random_or_none,5,windy,0.371,260,0,0,0,0,0,0,0,normal,0,120,122
11/19/2025 19:00,120,2,Wednesday,11,0,0,random_or_none,0,sunny,0.261,260,0,0,0,0,0,0,0,normal,0,114,119
11/19/2025 20:00,114,2,Wednesday,11,0,0,random_or_none,3,hot,0.566,260,0,0,0,0,0,0,0,normal,0,97,120
11/19/2025 21:00,97,2,Wednesday,11,0,0,random_or_none,0,sunny,0.088,260,0,0,0,0,0,0,0,normal,0,90,101
11/19/2025 22:00,90,2,Wednesday,11,0,0,random_or_none,2,cold,0.417,260,0,0,0,0,0,0,0,normal,0,84,177
11/19/2025 23:00,84,2,Wednesday,11,0,0,random_or_none,5,windy,0.375,260,0,0,0,0,0,0,0,normal,0,86,139
11/20/2025 0:00,86,3,Thursday,11,0,0,random_or_none,1,rainy,0.5,260,0,0,0,0,0,0,0,normal,0,74,140
11/20/2025 1:00,74,3,Thursday,11,0,0,random_or_none,4,dusty,0.622,260,0,0,0,0,0,0,0,normal,0,75,101
11/20/2025 2:00,75,3,Thursday,11,0,0,random_or_none,3,hot,0.679,260,0,0,0,0,0,0,0,normal,0,64,86
11/20/2025 3:00,64,3,Thursday,11,0,0,random_or_none,1,rainy,0.194,260,0,0,0,0,0,0,0,normal,0,64,83
11/20/2025 4:00,64,3,Thursday,11,0,0,random_or_none,0,sunny,0.198,260,0,0,0,0,0,0,0,normal,0,64,76
11/20/2025 5:00,64,3,Thursday,11,0,0,random_or_none,5,windy,0.392,260,0,0,0,0,0,0,0,normal,0,66,72
11/20/2025 6:00,66,3,Thursday,11,0,0,random_or_none,0,sunny,0.217,260,0,0,0,0,0,0,0,normal,0,73,76
11/20/2025 7:00,73,3,Thursday,11,0,0,random_or_none,1,rainy,0.58,260,0,0,0,0,0,0,0,normal,0,83,83
11/20/2025 8:00,83,3,Thursday,11,0,0,random_or_none,5,windy,0.66,260,0,0,0,0,0,0,0,normal,0,87,94
11/20/2025 9:00,87,3,Thursday,11,0,0,random_or_none,3,hot,0.814,260,0,0,0,0,0,0,0,extreme_weather,2,86,91
11/20/2025 10:00,86,3,Thursday,11,0,0,random_or_none,0,sunny,0.238,260,0,0,0,0,0,0,0,normal,0,93,154
11/20/2025 11:00,93,3,Thursday,11,0,0,random_or_none,5,windy,0.491,260,0,0,0,0,0,0,0,normal,0,106,140
11/20/2025 12:00,106,3,Thursday,11,0,0,random_or_none,3,hot,0.949,260,0,0,0,0,0,0,0,extreme_weather,2,107,127
11/20/2025 13:00,107,3,Thursday,11,0,0,random_or_none,2,cold,0.104,260,0,0,0,0,0,0,0,normal,0,119,123
11/20/2025 14:00,119,3,Thursday,11,0,0,random_or_none,3,hot,0.286,260,0,0,0,0,0,0,0,normal,0,119,125
11/20/2025 15:00,119,3,Thursday,11,0,0,random_or_none,5,windy,0.536,260,0,0,0,0,0,0,0,normal,0,114,126
11/20/2025 16:00,114,3,Thursday,11,0,0,random_or_none,1,rainy,0.157,260,0,0,0,0,0,0,0,normal,0,114,118
11/20/2025 17:00,114,3,Thursday,11,0,0,random_or_none,1,rainy,0.427,260,0,0,0,0,0,0,0,normal,0,122,119
11/20/2025 18:00,122,3,Thursday,11,0,0,random_or_none,2,cold,0.326,260,0,0,0,0,0,0,0,normal,0,119,122
11/20/2025 19:00,119,3,Thursday,11,0,0,random_or_none,5,windy,0.42,260,0,0,0,0,0,0,0,normal,0,120,122
11/20/2025 20:00,120,3,Thursday,11,0,0,random_or_none,4,dusty,0.878,260,0,0,0,0,0,0,0,extreme_weather,2,101,115
11/20/2025 21:00,101,3,Thursday,11,0,0,random_or_none,0,sunny,0.242,260,0,0,0,0,0,0,0,normal,0,177,105
11/20/2025 22:00,177,3,Thursday,11,0,0,random_or_none,1,rainy,0.87,260,0,1,178.19,0,0,0,0,emergency_spike,5,139,89
11/20/2025 23:00,139,3,Thursday,11,0,0,random_or_none,1,rainy,0.688,260,0,0,0,0,0,0,0,normal,0,140,86
11/21/2025 0:00,140,4,Friday,11,0,0,random_or_none,0,sunny,0.232,260,0,1,92,0,0,0,0,emergency_spike,5,101,80
11/21/2025 1:00,101,4,Friday,11,0,0,random_or_none,5,windy,0.516,260,0,0,0,0,0,0,0,normal,0,86,68
11/21/2025 2:00,86,4,Friday,11,0,0,random_or_none,2,cold,0.466,260,0,0,0,0,0,0,0,normal,0,83,60
11/21/2025 3:00,83,4,Friday,11,0,0,random_or_none,4,dusty,0.855,260,0,0,0,0,0,0,0,extreme_weather,2,76,54
11/21/2025 4:00,76,4,Friday,11,0,0,random_or_none,5,windy,0.815,260,0,0,0,0,0,0,0,extreme_weather,2,72,49
11/21/2025 5:00,72,4,Friday,11,0,0,random_or_none,0,sunny,0.018,260,0,0,0,0,0,0,0,normal,0,76,52
11/21/2025 6:00,76,4,Friday,11,0,0,random_or_none,1,rainy,0.898,260,0,0,0,0,0,0,0,extreme_weather,2,83,64
11/21/2025 7:00,83,4,Friday,11,0,0,random_or_none,5,windy,0.515,260,0,0,0,0,0,0,0,normal,0,94,63
11/21/2025 8:00,94,4,Friday,11,0,0,random_or_none,2,cold,0.411,260,0,0,0,0,0,0,0,normal,0,91,66
11/21/2025 9:00,91,4,Friday,11,0,0,random_or_none,1,rainy,0.486,260,0,0,0,0,0,0,0,normal,0,154,75
11/21/2025 10:00,154,4,Friday,11,0,0,random_or_none,1,rainy,0.476,260,0,1,126.03,0,0,0,0,emergency_spike,5,140,78
11/21/2025 11:00,140,4,Friday,11,0,0,random_or_none,1,rainy,0.841,260,0,0,0,0,0,0,0,extreme_weather,2,127,78
11/21/2025 12:00,127,4,Friday,11,0,0,random_or_none,0,sunny,0.117,260,0,0,0,0,0,0,0,normal,0,123,82
11/21/2025 13:00,123,4,Friday,11,0,0,random_or_none,0,sunny,0.026,260,0,0,0,0,0,0,0,normal,0,125,94
11/21/2025 14:00,125,4,Friday,11,0,0,random_or_none,1,rainy,0.473,260,0,0,0,0,0,0,0,normal,0,126,106
11/21/2025 15:00,126,4,Friday,11,0,0,random_or_none,5,windy,0.923,260,0,0,0,0,0,0,0,extreme_weather,2,118,105
11/21/2025 16:00,118,4,Friday,11,0,0,random_or_none,0,sunny,0.294,260,0,0,0,0,0,0,0,normal,0,119,108
11/21/2025 17:00,119,4,Friday,11,0,0,random_or_none,0,sunny,0.169,260,0,0,0,0,0,0,0,normal,0,122,217
11/21/2025 18:00,122,4,Friday,11,0,0,random_or_none,1,rainy,0.635,260,0,0,0,0,0,0,0,normal,0,122,165
11/21/2025 19:00,122,4,Friday,11,0,0,random_or_none,4,dusty,0.244,260,0,0,0,0,0,0,0,normal,0,115,131
11/21/2025 20:00,115,4,Friday,11,0,0,random_or_none,5,windy,0.415,260,0,0,0,0,0,0,0,normal,0,105,106
11/21/2025 21:00,105,4,Friday,11,0,0,random_or_none,5,windy,0.883,260,0,0,0,0,0,0,0,extreme_weather,2,89,90
11/21/2025 22:00,89,4,Friday,11,0,0,random_or_none,0,sunny,0.002,260,0,0,0,0,0,0,0,normal,0,86,75
11/21/2025 23:00,86,4,Friday,11,0,0,random_or_none,4,dusty,0.775,260,0,0,0,0,0,0,0,extreme_weather,2,80,79
11/22/2025 0:00,80,5,Saturday,11,1,0,random_or_none,1,rainy,0.928,260,0,0,0,0,0,0,0,extreme_weather,2,68,67
11/22/2025 1:00,68,5,Saturday,11,1,0,random_or_none,2,cold,0.283,260,0,0,0,0,0,0,0,normal,0,60,57
11/22/2025 2:00,60,5,Saturday,11,1,0,random_or_none,5,windy,0.864,260,0,0,0,0,0,0,0,extreme_weather,2,54,48
11/22/2025 3:00,54,5,Saturday,11,1,0,random_or_none,5,windy,0.332,260,0,0,0,0,0,0,0,normal,0,49,53
11/22/2025 4:00,49,5,Saturday,11,1,0,random_or_none,1,rainy,0.315,260,0,0,0,0,0,0,0,normal,0,52,53
11/22/2025 5:00,52,5,Saturday,11,1,0,random_or_none,5,windy,0.494,260,0,0,0,0,0,0,0,normal,0,64,51
11/22/2025 6:00,64,5,Saturday,11,1,0,random_or_none,2,cold,0.101,260,0,0,0,0,0,0,0,normal,0,63,52
11/22/2025 7:00,63,5,Saturday,11,1,0,random_or_none,0,sunny,0.299,260,0,0,0,0,0,0,0,normal,0,66,53
11/22/2025 8:00,66,5,Saturday,11,1,0,random_or_none,0,sunny,0.076,260,0,0,0,0,0,0,0,normal,0,75,65
11/22/2025 9:00,75,5,Saturday,11,1,0,random_or_none,1,rainy,0.842,260,0,0,0,0,0,0,0,extreme_weather,2,78,69
11/22/2025 10:00,78,5,Saturday,11,1,0,random_or_none,0,sunny,0.278,260,0,0,0,0,0,0,0,normal,0,78,77
11/22/2025 11:00,78,5,Saturday,11,1,0,random_or_none,2,cold,0.161,260,0,0,0,0,0,0,0,normal,0,82,85
11/22/2025 12:00,82,5,Saturday,11,1,0,random_or_none,5,windy,0.41,260,0,0,0,0,0,0,0,normal,0,94,94
11/22/2025 13:00,94,5,Saturday,11,1,0,random_or_none,1,rainy,0.809,260,0,0,0,0,0,0,0,extreme_weather,2,106,103
11/22/2025 14:00,106,5,Saturday,11,1,0,random_or_none,1,rainy,0.554,260,0,0,0,0,0,0,0,normal,0,105,107
11/22/2025 15:00,105,5,Saturday,11,1,0,random_or_none,1,rainy,0.31,260,0,0,0,0,0,0,0,normal,0,108,104
11/22/2025 16:00,108,5,Saturday,11,1,0,random_or_none,5,windy,0.258,260,0,0,0,0,0,0,0,normal,0,217,105
11/22/2025 17:00,217,5,Saturday,11,1,0,random_or_none,1,rainy,0.786,260,0,1,226.48,0,0,0,0,emergency_spike,5,165,101
11/22/2025 18:00,165,5,Saturday,11,1,0,random_or_none,5,windy,0.557,260,0,0,0,0,0,0,0,normal,0,131,109
11/22/2025 19:00,131,5,Saturday,11,1,0,random_or_none,1,rainy,0.556,260,0,0,0,0,0,0,0,normal,0,106,98
11/22/2025 20:00,106,5,Saturday,11,1,0,random_or_none,0,sunny,0.333,260,0,0,0,0,0,0,0,normal,0,90,97
11/22/2025 21:00,90,5,Saturday,11,1,0,random_or_none,0,sunny,0.342,260,0,0,0,0,0,0,0,normal,0,75,90
11/22/2025 22:00,75,5,Saturday,11,1,0,random_or_none,0,sunny,0.061,260,0,0,0,0,0,0,0,normal,0,79,82
11/22/2025 23:00,79,5,Saturday,11,1,0,random_or_none,2,cold,0.468,260,0,0,0,0,0,0,0,normal,0,67,78
11/23/2025 0:00,67,6,Sunday,11,1,0,random_or_none,5,windy,0.423,260,0,0,0,0,0,0,0,normal,0,57,79
11/23/2025 1:00,57,6,Sunday,11,1,0,random_or_none,0,sunny,0.296,260,0,0,0,0,0,0,0,normal,0,48,66
11/23/2025 2:00,48,6,Sunday,11,1,0,random_or_none,5,windy,0.594,260,0,0,0,0,0,0,0,normal,0,53,68
11/23/2025 3:00,53,6,Sunday,11,1,0,random_or_none,2,cold,0.649,260,0,0,0,0,0,0,0,normal,0,53,65
11/23/2025 4:00,53,6,Sunday,11,1,0,random_or_none,1,rainy,0.514,260,0,0,0,0,0,0,0,normal,0,51,63
11/23/2025 5:00,51,6,Sunday,11,1,0,random_or_none,2,cold,0.399,260,0,0,0,0,0,0,0,normal,0,52,66
11/23/2025 6:00,52,6,Sunday,11,1,0,random_or_none,2,cold,0.567,260,0,0,0,0,0,0,0,normal,0,53,70
11/23/2025 7:00,53,6,Sunday,11,1,0,random_or_none,0,sunny,0.253,260,0,0,0,0,0,0,0,normal,0,65,80
11/23/2025 8:00,65,6,Sunday,11,1,0,random_or_none,0,sunny,0.176,260,0,0,0,0,0,0,0,normal,0,69,92
11/23/2025 9:00,69,6,Sunday,11,1,0,random_or_none,0,sunny,0.097,260,0,0,0,0,0,0,0,normal,0,77,96
11/23/2025 10:00,77,6,Sunday,11,1,0,random_or_none,1,rainy,0.365,260,0,0,0,0,0,0,0,normal,0,85,94
11/23/2025 11:00,85,6,Sunday,11,1,0,random_or_none,2,cold,0.43,260,0,0,0,0,0,0,0,normal,0,94,137
11/23/2025 12:00,94,6,Sunday,11,1,0,random_or_none,0,sunny,0.316,260,0,0,0,0,0,0,0,normal,0,103,130
11/23/2025 13:00,103,6,Sunday,11,1,0,random_or_none,5,windy,0.338,260,0,0,0,0,0,0,0,normal,0,107,126
11/23/2025 14:00,107,6,Sunday,11,1,0,random_or_none,0,sunny,0.325,260,0,0,0,0,0,0,0,normal,0,104,129
11/23/2025 15:00,104,6,Sunday,11,1,0,random_or_none,0,sunny,0.107,260,0,0,0,0,0,0,0,normal,0,105,130
11/23/2025 16:00,105,6,Sunday,11,1,0,random_or_none,1,rainy,0.387,260,0,0,0,0,0,0,0,normal,0,101,122
11/23/2025 17:00,101,6,Sunday,11,1,0,random_or_none,2,cold,0.444,260,0,0,0,0,0,0,0,normal,0,109,171
11/23/2025 18:00,109,6,Sunday,11,1,0,random_or_none,3,hot,0.841,260,0,0,0,0,0,0,0,extreme_weather,2,98,151
11/23/2025 19:00,98,6,Sunday,11,1,0,random_or_none,1,rainy,0.5,260,0,0,0,0,0,0,0,normal,0,97,131
11/23/2025 20:00,97,6,Sunday,11,1,0,random_or_none,0,sunny,0.258,260,0,0,0,0,0,0,0,normal,0,90,113
11/23/2025 21:00,90,6,Sunday,11,1,0,random_or_none,2,cold,0.623,260,0,0,0,0,0,0,0,normal,0,82,117
11/23/2025 22:00,82,6,Sunday,11,1,0,random_or_none,5,windy,0.81,260,0,0,0,0,0,0,0,extreme_weather,2,78,105
11/23/2025 23:00,78,6,Sunday,11,1,0,random_or_none,3,hot,0.777,260,0,0,0,0,0,0,0,extreme_weather,2,79,89
11/24/2025 0:00,79,0,Monday,11,0,0,random_or_none,4,dusty,0.643,260,0,0,0,0,0,0,0,normal,0,66,85
11/24/2025 1:00,66,0,Monday,11,0,0,random_or_none,1,rainy,0.378,260,0,0,0,0,0,0,0,normal,0,68,75
11/24/2025 2:00,68,0,Monday,11,0,0,random_or_none,1,rainy,0.482,260,0,0,0,0,0,0,0,normal,0,65,65
11/24/2025 3:00,65,0,Monday,11,0,0,random_or_none,1,rainy,0.714,260,0,0,0,0,0,0,0,normal,0,63,59
11/24/2025 4:00,63,0,Monday,11,0,0,random_or_none,0,sunny,0.328,260,0,0,0,0,0,0,0,normal,0,66,56
11/24/2025 5:00,66,0,Monday,11,0,0,random_or_none,2,cold,0.268,260,0,0,0,0,0,0,0,normal,0,70,59
11/24/2025 6:00,70,0,Monday,11,0,0,random_or_none,0,sunny,0.329,260,0,0,0,0,0,0,0,normal,0,80,70
11/24/2025 7:00,80,0,Monday,11,0,0,random_or_none,4,dusty,0.663,260,0,0,0,0,0,0,0,normal,0,92,75
11/24/2025 8:00,92,0,Monday,11,0,0,random_or_none,1,rainy,0.933,260,0,0,0,0,0,0,0,extreme_weather,2,96,85
11/24/2025 9:00,96,0,Monday,11,0,0,random_or_none,1,rainy,0.386,260,0,0,0,0,0,0,0,normal,0,94,92
11/24/2025 10:00,94,0,Monday,11,0,0,random_or_none,0,sunny,0.314,260,0,0,0,0,0,0,0,normal,0,137,95
11/24/2025 11:00,137,0,Monday,11,0,0,random_or_none,0,sunny,0.22,260,0,1,81.02,0,0,0,0,emergency_spike,5,130,98
11/24/2025 12:00,130,0,Monday,11,0,0,random_or_none,2,cold,0.468,260,0,0,0,0,0,0,0,normal,0,126,100
11/24/2025 13:00,126,0,Monday,11,0,0,random_or_none,1,rainy,0.533,260,0,0,0,0,0,0,0,normal,0,129,100
11/24/2025 14:00,129,0,Monday,11,0,0,random_or_none,1,rainy,0.51,260,0,0,0,0,0,0,0,normal,0,130,102
11/24/2025 15:00,130,0,Monday,11,0,0,random_or_none,1,rainy,0.622,260,0,0,0,0,0,0,0,normal,0,122,102
11/24/2025 16:00,122,0,Monday,11,0,0,random_or_none,0,sunny,0.346,260,0,0,0,0,0,0,0,normal,0,171,108
11/24/2025 17:00,171,0,Monday,11,0,0,random_or_none,3,hot,0.725,260,0,1,111.72,0,0,0,0,emergency_spike,5,151,111
11/24/2025 18:00,151,0,Monday,11,0,0,random_or_none,3,hot,0.493,260,0,0,0,0,0,0,0,normal,0,131,109
11/24/2025 19:00,131,0,Monday,11,0,0,random_or_none,3,hot,0.259,260,0,0,0,0,0,0,0,normal,0,113,108
11/24/2025 20:00,113,0,Monday,11,0,0,random_or_none,0,sunny,0.294,260,0,0,0,0,0,0,0,normal,0,117,99
11/24/2025 21:00,117,0,Monday,11,0,0,random_or_none,5,windy,0.94,260,0,0,0,0,0,0,0,extreme_weather,2,105,96
11/24/2025 22:00,105,0,Monday,11,0,0,random_or_none,1,rainy,0.395,260,0,0,0,0,0,0,0,normal,0,89,91
11/24/2025 23:00,89,0,Monday,11,0,0,random_or_none,2,cold,0.556,260,0,0,0,0,0,0,0,normal,0,85,105
11/25/2025 0:00,85,1,Tuesday,11,0,0,random_or_none,5,windy,0.238,260,0,0,0,0,0,0,0,normal,0,75,91
11/25/2025 1:00,75,1,Tuesday,11,0,0,random_or_none,0,sunny,0.073,260,0,0,0,0,0,0,0,normal,0,65,78
11/25/2025 2:00,65,1,Tuesday,11,0,0,random_or_none,0,sunny,0.137,260,0,0,0,0,0,0,0,normal,0,59,68
11/25/2025 3:00,59,1,Tuesday,11,0,0,random_or_none,5,windy,0.497,260,0,0,0,0,0,0,0,normal,0,56,65
11/25/2025 4:00,56,1,Tuesday,11,0,0,random_or_none,0,sunny,0.201,260,0,0,0,0,0,0,0,normal,0,59,66
11/25/2025 5:00,59,1,Tuesday,11,0,0,random_or_none,0,sunny,0.201,260,0,0,0,0,0,0,0,normal,0,70,65
11/25/2025 6:00,70,1,Tuesday,11,0,0,random_or_none,1,rainy,0.548,260,0,0,0,0,0,0,0,normal,0,75,70
11/25/2025 7:00,75,1,Tuesday,11,0,0,random_or_none,0,sunny,0.103,260,0,0,0,0,0,0,0,normal,0,85,80
11/25/2025 8:00,85,1,Tuesday,11,0,0,random_or_none,1,rainy,0.352,260,0,0,0,0,0,0,0,normal,0,92,79
11/25/2025 9:00,92,1,Tuesday,11,0,0,random_or_none,0,sunny,0.338,260,0,0,0,0,0,0,0,normal,0,95,85
11/25/2025 10:00,95,1,Tuesday,11,0,0,random_or_none,0,sunny,0.264,260,0,0,0,0,0,0,0,normal,0,98,93
11/25/2025 11:00,98,1,Tuesday,11,0,0,random_or_none,0,sunny,0.232,260,0,0,0,0,0,0,0,normal,0,100,104
11/25/2025 12:00,100,1,Tuesday,11,0,0,random_or_none,2,cold,0.335,260,0,0,0,0,0,0,0,normal,0,100,105
11/25/2025 13:00,100,1,Tuesday,11,0,0,random_or_none,0,sunny,0.239,260,0,0,0,0,0,0,0,normal,0,102,112
11/25/2025 14:00,102,1,Tuesday,11,0,0,random_or_none,0,sunny,0.195,260,0,0,0,0,0,0,0,normal,0,102,114
11/25/2025 15:00,102,1,Tuesday,11,0,0,random_or_none,1,rainy,0.494,260,0,0,0,0,0,0,0,normal,0,108,114
11/25/2025 16:00,108,1,Tuesday,11,0,0,random_or_none,1,rainy,0.282,260,0,0,0,0,0,0,0,normal,0,111,118
11/25/2025 17:00,111,1,Tuesday,11,0,0,random_or_none,3,hot,0.207,260,0,0,0,0,0,0,0,normal,0,109,116
11/25/2025 18:00,109,1,Tuesday,11,0,0,random_or_none,4,dusty,0.432,260,0,0,0,0,0,0,0,normal,0,108,114
11/25/2025 19:00,108,1,Tuesday,11,0,0,random_or_none,1,rainy,0.324,260,0,0,0,0,0,0,0,normal,0,99,113
11/25/2025 20:00,99,1,Tuesday,11,0,0,random_or_none,0,sunny,0.245,260,0,0,0,0,0,0,0,normal,0,96,104
11/25/2025 21:00,96,1,Tuesday,11,0,0,random_or_none,1,rainy,0.279,260,0,0,0,0,0,0,0,normal,0,91,101
11/25/2025 22:00,91,1,Tuesday,11,0,0,random_or_none,5,windy,0.762,260,0,0,0,0,0,0,0,extreme_weather,2,105,98
11/25/2025 23:00,105,1,Tuesday,11,0,0,random_or_none,5,windy,0.398,260,0,1,54.87,0,0,0,0,emergency_spike,5,91,86
11/26/2025 0:00,91,2,Wednesday,11,0,0,random_or_none,4,dusty,0.619,260,0,0,0,0,0,0,0,normal,0,78,83
11/26/2025 1:00,78,2,Wednesday,11,0,0,random_or_none,2,cold,0.158,260,0,0,0,0,0,0,0,normal,0,68,73
11/26/2025 2:00,68,2,Wednesday,11,0,0,random_or_none,1,rainy,0.423,260,0,0,0,0,0,0,0,normal,0,65,67
11/26/2025 3:00,65,2,Wednesday,11,0,0,random_or_none,0,sunny,0.048,260,0,0,0,0,0,0,0,normal,0,66,64
11/26/2025 4:00,66,2,Wednesday,11,0,0,random_or_none,2,cold,0.599,260,0,0,0,0,0,0,0,normal,0,65,60
11/26/2025 5:00,65,2,Wednesday,11,0,0,random_or_none,0,sunny,0.323,260,0,0,0,0,0,0,0,normal,0,70,63
11/26/2025 6:00,70,2,Wednesday,11,0,0,random_or_none,3,hot,0.505,260,0,0,0,0,0,0,0,normal,0,80,75
11/26/2025 7:00,80,2,Wednesday,11,0,0,random_or_none,5,windy,0.905,260,0,0,0,0,0,0,0,extreme_weather,2,79,137
11/26/2025 8:00,79,2,Wednesday,11,0,0,random_or_none,0,sunny,0.005,260,0,0,0,0,0,0,0,normal,0,85,117
11/26/2025 9:00,85,2,Wednesday,11,0,0,random_or_none,2,cold,0.227,260,0,0,0,0,0,0,0,normal,0,93,101
11/26/2025 10:00,93,2,Wednesday,11,0,0,random_or_none,1,rainy,0.893,260,0,0,0,0,0,0,0,extreme_weather,2,104,97
11/26/2025 11:00,104,2,Wednesday,11,0,0,random_or_none,0,sunny,0.323,260,0,0,0,0,0,0,0,normal,0,105,104
11/26/2025 12:00,105,2,Wednesday,11,0,0,random_or_none,2,cold,0.457,260,0,0,0,0,0,0,0,normal,0,112,113
11/26/2025 13:00,112,2,Wednesday,11,0,0,random_or_none,0,sunny,0.08,260,0,0,0,0,0,0,0,normal,0,114,114
11/26/2025 14:00,114,2,Wednesday,11,0,0,random_or_none,0,sunny,0.155,260,0,0,0,0,0,0,0,normal,0,114,118
11/26/2025 15:00,114,2,Wednesday,11,0,0,random_or_none,4,dusty,0.589,260,0,0,0,0,0,0,0,normal,0,118,119
11/26/2025 16:00,118,2,Wednesday,11,0,0,random_or_none,2,cold,0.205,260,0,0,0,0,0,0,0,normal,0,116,121
11/26/2025 17:00,116,2,Wednesday,11,0,0,random_or_none,3,hot,0.716,260,0,0,0,0,0,0,0,normal,0,114,109
11/26/2025 18:00,114,2,Wednesday,11,0,0,random_or_none,0,sunny,0.036,260,0,0,0,0,0,0,0,normal,0,113,115
11/26/2025 19:00,113,2,Wednesday,11,0,0,random_or_none,1,rainy,0.865,260,0,0,0,0,0,0,0,extreme_weather,2,104,117
11/26/2025 20:00,104,2,Wednesday,11,0,0,random_or_none,1,rainy,0.425,260,0,0,0,0,0,0,0,normal,0,101,107
11/26/2025 21:00,101,2,Wednesday,11,0,0,random_or_none,1,rainy,0.18,260,0,0,0,0,0,0,0,normal,0,98,89
11/26/2025 22:00,98,2,Wednesday,11,0,0,random_or_none,5,windy,0.848,260,0,0,0,0,0,0,0,extreme_weather,2,86,92
11/26/2025 23:00,86,2,Wednesday,11,0,0,random_or_none,1,rainy,0.318,260,0,0,0,0,0,0,0,normal,0,83,79
11/27/2025 0:00,83,3,Thursday,11,0,0,random_or_none,1,rainy,0.357,260,0,0,0,0,0,0,0,normal,0,73,78
11/27/2025 1:00,73,3,Thursday,11,0,0,random_or_none,0,sunny,0.334,260,0,0,0,0,0,0,0,normal,0,67,70
11/27/2025 2:00,67,3,Thursday,11,0,0,random_or_none,4,dusty,0.424,260,0,0,0,0,0,0,0,normal,0,64,63
11/27/2025 3:00,64,3,Thursday,11,0,0,random_or_none,0,sunny,0.072,260,0,0,0,0,0,0,0,normal,0,60,67
11/27/2025 4:00,60,3,Thursday,11,0,0,random_or_none,0,sunny,0.105,260,0,0,0,0,0,0,0,normal,0,63,65
11/27/2025 5:00,63,3,Thursday,11,0,0,random_or_none,0,sunny,0.019,260,0,0,0,0,0,0,0,normal,0,75,63
11/27/2025 6:00,75,3,Thursday,11,0,0,random_or_none,2,cold,0.755,260,0,0,0,0,0,0,0,extreme_weather,2,137,65
11/27/2025 7:00,137,3,Thursday,11,0,0,random_or_none,5,windy,0.555,260,0,1,145.34,0,0,0,0,emergency_spike,5,117,80
11/27/2025 8:00,117,3,Thursday,11,0,0,random_or_none,2,cold,0.821,260,0,0,0,0,0,0,0,extreme_weather,2,101,88
11/27/2025 9:00,101,3,Thursday,11,0,0,random_or_none,1,rainy,0.452,260,0,0,0,0,0,0,0,normal,0,97,82
11/27/2025 10:00,97,3,Thursday,11,0,0,random_or_none,5,windy,0.508,260,0,0,0,0,0,0,0,normal,0,104,91
11/27/2025 11:00,104,3,Thursday,11,0,0,random_or_none,1,rainy,0.52,260,0,0,0,0,0,0,0,normal,0,113,99
11/27/2025 12:00,113,3,Thursday,11,0,0,random_or_none,1,rainy,0.729,260,0,0,0,0,0,0,0,normal,0,114,111
11/27/2025 13:00,114,3,Thursday,11,0,0,random_or_none,1,rainy,0.317,260,0,0,0,0,0,0,0,normal,0,118,115
11/27/2025 14:00,118,3,Thursday,11,0,0,random_or_none,5,windy,0.465,260,0,0,0,0,0,0,0,normal,0,119,130
11/27/2025 15:00,119,3,Thursday,11,0,0,random_or_none,1,rainy,0.607,260,0,0,0,0,0,0,0,normal,0,121,127
11/27/2025 16:00,121,3,Thursday,11,0,0,random_or_none,4,dusty,0.797,260,0,0,0,0,0,0,0,extreme_weather,2,109,126
11/27/2025 17:00,109,3,Thursday,11,0,0,random_or_none,0,sunny,0.278,260,0,0,0,0,0,0,0,normal,0,115,122
11/27/2025 18:00,115,3,Thursday,11,0,0,random_or_none,4,dusty,0.726,260,0,0,0,0,0,0,0,normal,0,117,120
11/27/2025 19:00,117,3,Thursday,11,0,0,random_or_none,4,dusty,0.949,260,0,0,0,0,0,0,0,extreme_weather,2,107,111
11/27/2025 20:00,107,3,Thursday,11,0,0,random_or_none,0,sunny,0.24,260,0,0,0,0,0,0,0,normal,0,89,111
11/27/2025 21:00,89,3,Thursday,11,0,0,random_or_none,0,sunny,0.12,260,0,0,0,0,0,0,0,normal,0,92,106
11/27/2025 22:00,92,3,Thursday,11,0,0,random_or_none,2,cold,0.56,260,0,0,0,0,0,0,0,normal,0,79,129
11/27/2025 23:00,79,3,Thursday,11,0,0,random_or_none,4,dusty,0.264,260,0,0,0,0,0,0,0,normal,0,78,107
11/28/2025 0:00,78,4,Friday,11,0,0,random_or_none,0,sunny,0.081,260,0,0,0,0,0,0,0,normal,0,70,79
11/28/2025 1:00,70,4,Friday,11,0,0,random_or_none,0,sunny,0.053,260,0,0,0,0,0,0,0,normal,0,63,62
11/28/2025 2:00,63,4,Friday,11,0,0,random_or_none,0,sunny,0.106,260,0,0,0,0,0,0,0,normal,0,67,55
11/28/2025 3:00,67,4,Friday,11,0,0,random_or_none,2,cold,0.51,260,0,0,0,0,0,0,0,normal,0,65,52
11/28/2025 4:00,65,4,Friday,11,0,0,random_or_none,1,rainy,0.491,260,0,0,0,0,0,0,0,normal,0,63,52
11/28/2025 5:00,63,4,Friday,11,0,0,random_or_none,0,sunny,0.068,260,0,0,0,0,0,0,0,normal,0,65,54
11/28/2025 6:00,65,4,Friday,11,0,0,random_or_none,5,windy,0.287,260,0,0,0,0,0,0,0,normal,0,80,59
11/28/2025 7:00,80,4,Friday,11,0,0,random_or_none,1,rainy,0.918,260,0,0,0,0,0,0,0,extreme_weather,2,88,62
11/28/2025 8:00,88,4,Friday,11,0,0,random_or_none,1,rainy,0.19,260,0,0,0,0,0,0,0,normal,0,82,70
11/28/2025 9:00,82,4,Friday,11,0,0,random_or_none,0,sunny,0.007,260,0,0,0,0,0,0,0,normal,0,91,75
11/28/2025 10:00,91,4,Friday,11,0,0,random_or_none,0,sunny,0.154,260,0,0,0,0,0,0,0,normal,0,99,80
11/28/2025 11:00,99,4,Friday,11,0,0,random_or_none,1,rainy,0.896,260,0,0,0,0,0,0,0,extreme_weather,2,111,89
11/28/2025 12:00,111,4,Friday,11,0,0,random_or_none,1,rainy,0.212,260,0,0,0,0,0,0,0,normal,0,115,93
11/28/2025 13:00,115,4,Friday,11,0,0,random_or_none,1,rainy,0.233,260,0,0,0,0,0,0,0,normal,0,130,90
11/28/2025 14:00,130,4,Friday,11,0,0,random_or_none,1,rainy,0.864,260,0,0,0,0,0,0,0,extreme_weather,2,127,90
11/28/2025 15:00,127,4,Friday,11,0,0,random_or_none,5,windy,0.565,260,0,0,0,0,0,0,0,normal,0,126,89
11/28/2025 16:00,126,4,Friday,11,0,0,random_or_none,2,cold,0.687,260,0,0,0,0,0,0,0,normal,0,122,94
11/28/2025 17:00,122,4,Friday,11,0,0,random_or_none,0,sunny,0.282,260,0,0,0,0,0,0,0,normal,0,120,98
11/28/2025 18:00,120,4,Friday,11,0,0,random_or_none,2,cold,0.631,260,0,0,0,0,0,0,0,normal,0,111,102
11/28/2025 19:00,111,4,Friday,11,0,0,random_or_none,0,sunny,0.25,260,0,0,0,0,0,0,0,normal,0,111,101
11/28/2025 20:00,111,4,Friday,11,0,0,random_or_none,1,rainy,0.338,260,0,0,0,0,0,0,0,normal,0,106,99
11/28/2025 21:00,106,4,Friday,11,0,0,random_or_none,0,sunny,0.096,260,0,0,0,0,0,0,0,normal,0,129,93
11/28/2025 22:00,129,4,Friday,11,0,0,random_or_none,0,sunny,0.102,260,0,1,96.23,0,0,0,0,emergency_spike,5,107,67
11/28/2025 23:00,107,4,Friday,11,0,0,random_or_none,2,cold,0.384,260,0,0,0,0,0,0,0,normal,0,79,53
11/29/2025 0:00,79,5,Saturday,11,1,0,random_or_none,1,rainy,0.211,260,0,0,0,0,0,0,0,normal,0,62,51
11/29/2025 1:00,62,5,Saturday,11,1,0,random_or_none,1,rainy,0.214,260,0,0,0,0,0,0,0,normal,0,55,48
11/29/2025 2:00,55,5,Saturday,11,1,0,random_or_none,3,hot,0.482,260,0,0,0,0,0,0,0,normal,0,52,43
11/29/2025 3:00,52,5,Saturday,11,1,0,random_or_none,2,cold,0.768,260,0,0,0,0,0,0,0,extreme_weather,2,52,47
11/29/2025 4:00,52,5,Saturday,11,1,0,random_or_none,1,rainy,0.66,260,0,0,0,0,0,0,0,normal,0,54,43
11/29/2025 5:00,54,5,Saturday,11,1,0,random_or_none,1,rainy,0.657,260,0,0,0,0,0,0,0,normal,0,59,47
11/29/2025 6:00,59,5,Saturday,11,1,0,random_or_none,2,cold,0.385,260,0,0,0,0,0,0,0,normal,0,62,48
11/29/2025 7:00,62,5,Saturday,11,1,0,random_or_none,3,hot,0.483,260,0,0,0,0,0,0,0,normal,0,70,63
11/29/2025 8:00,70,5,Saturday,11,1,0,random_or_none,1,rainy,0.38,260,0,0,0,0,0,0,0,normal,0,75,63
11/29/2025 9:00,75,5,Saturday,11,1,0,random_or_none,2,cold,0.782,260,0,0,0,0,0,0,0,extreme_weather,2,80,70
11/29/2025 10:00,80,5,Saturday,11,1,0,random_or_none,0,sunny,0.062,260,0,0,0,0,0,0,0,normal,0,89,77
11/29/2025 11:00,89,5,Saturday,11,1,0,random_or_none,1,rainy,0.306,260,0,0,0,0,0,0,0,normal,0,93,83
11/29/2025 12:00,93,5,Saturday,11,1,0,random_or_none,0,sunny,0.292,260,0,0,0,0,0,0,0,normal,0,90,78
11/29/2025 13:00,90,5,Saturday,11,1,0,random_or_none,0,sunny,0.162,260,0,0,0,0,0,0,0,normal,0,90,82
11/29/2025 14:00,90,5,Saturday,11,1,0,random_or_none,1,rainy,0.169,260,0,0,0,0,0,0,0,normal,0,89,95
11/29/2025 15:00,89,5,Saturday,11,1,0,random_or_none,5,windy,0.846,260,0,0,0,0,0,0,0,extreme_weather,2,94,98
11/29/2025 16:00,94,5,Saturday,11,1,0,random_or_none,0,sunny,0.189,260,0,0,0,0,0,0,0,normal,0,98,92
11/29/2025 17:00,98,5,Saturday,11,1,0,random_or_none,0,sunny,0.267,260,0,0,0,0,0,0,0,normal,0,102,89
11/29/2025 18:00,102,5,Saturday,11,1,0,random_or_none,1,rainy,0.403,260,0,0,0,0,0,0,0,normal,0,101,92
11/29/2025 19:00,101,5,Saturday,11,1,0,random_or_none,4,dusty,0.85,260,0,0,0,0,0,0,0,extreme_weather,2,99,90
11/29/2025 20:00,99,5,Saturday,11,1,0,random_or_none,0,sunny,0.265,260,0,0,0,0,0,0,0,normal,0,93,93
11/29/2025 21:00,93,5,Saturday,11,1,0,random_or_none,1,rainy,0.687,260,0,0,0,0,0,0,0,normal,0,67,78
11/29/2025 22:00,67,5,Saturday,11,1,0,random_or_none,0,sunny,0.229,260,0,0,0,0,0,0,0,normal,0,53,66
11/29/2025 23:00,53,5,Saturday,11,1,0,random_or_none,0,sunny,0.039,260,0,0,0,0,0,0,0,normal,0,51,65
11/30/2025 0:00,51,6,Sunday,11,1,1,random_or_none,1,rainy,0.153,260,0,0,0,0,0,0,0,holiday,1,48,69
11/30/2025 1:00,48,6,Sunday,11,1,1,random_or_none,0,sunny,0.338,260,0,0,0,0,0,0,0,holiday,1,43,69
11/30/2025 2:00,43,6,Sunday,11,1,1,random_or_none,5,windy,0.581,260,0,0,0,0,0,0,0,holiday,1,47,62
11/30/2025 3:00,47,6,Sunday,11,1,1,random_or_none,0,sunny,0.311,260,0,0,0,0,0,0,0,holiday,1,43,64
11/30/2025 4:00,43,6,Sunday,11,1,1,random_or_none,0,sunny,0.286,260,0,0,0,0,0,0,0,holiday,1,47,67
11/30/2025 5:00,47,6,Sunday,11,1,1,random_or_none,5,windy,0.625,260,0,0,0,0,0,0,0,holiday,1,48,69
11/30/2025 6:00,48,6,Sunday,11,1,1,random_or_none,5,windy,0.403,260,0,0,0,0,0,0,0,holiday,1,63,78
11/30/2025 7:00,63,6,Sunday,11,1,1,random_or_none,4,dusty,0.93,260,0,0,0,0,0,0,0,extreme_weather,2,63,85
11/30/2025 8:00,63,6,Sunday,11,1,1,random_or_none,0,sunny,0.225,260,0,0,0,0,0,0,0,holiday,1,70,92
11/30/2025 9:00,70,6,Sunday,11,1,1,random_or_none,0,sunny,0.295,260,0,0,0,0,0,0,0,holiday,1,77,93
11/30/2025 10:00,77,6,Sunday,11,1,1,random_or_none,0,sunny,0.184,260,0,0,0,0,0,0,0,holiday,1,83,99
11/30/2025 11:00,83,6,Sunday,11,1,1,random_or_none,5,windy,0.845,260,0,0,0,0,0,0,0,extreme_weather,2,78,193
11/30/2025 12:00,78,6,Sunday,11,1,1,random_or_none,0,sunny,0.045,260,0,0,0,0,0,0,0,holiday,1,82,157
11/30/2025 13:00,82,6,Sunday,11,1,1,random_or_none,0,sunny,0.02,260,0,0,0,0,0,0,0,holiday,1,95,142
11/30/2025 14:00,95,6,Sunday,11,1,1,random_or_none,4,dusty,0.583,260,0,0,0,0,0,0,0,holiday,1,98,141
11/30/2025 15:00,98,6,Sunday,11,1,1,random_or_none,2,cold,0.188,260,0,0,0,0,0,0,0,holiday,1,92,138
11/30/2025 16:00,92,6,Sunday,11,1,1,random_or_none,0,sunny,0.171,260,0,0,0,0,0,0,0,holiday,1,89,248
11/30/2025 17:00,89,6,Sunday,11,1,1,random_or_none,0,sunny,0.165,260,0,0,0,0,0,0,0,holiday,1,92,196
11/30/2025 18:00,92,6,Sunday,11,1,1,random_or_none,1,rainy,0.703,260,0,0,0,0,0,0,0,holiday,1,90,168
11/30/2025 19:00,90,6,Sunday,11,1,1,random_or_none,5,windy,0.293,260,0,0,0,0,0,0,0,holiday,1,93,146
11/30/2025 20:00,93,6,Sunday,11,1,1,random_or_none,1,rainy,0.862,260,0,0,0,0,0,0,0,extreme_weather,2,78,127
11/30/2025 21:00,78,6,Sunday,11,1,1,random_or_none,0,sunny,0.327,260,0,0,0,0,0,0,0,holiday,1,66,115
11/30/2025 22:00,66,6,Sunday,11,1,1,random_or_none,1,rainy,0.775,260,0,0,0,0,0,0,0,extreme_weather,2,65,99
11/30/2025 23:00,65,6,Sunday,11,1,1,random_or_none,1,rainy,0.325,260,0,0,0,0,0,0,0,holiday,1,69,90
12/1/2025 0:00,69,0,Monday,12,0,0,random_or_none,2,cold,0.551,260,0,0,0,0,0,0,0,normal,0,69,72
12/1/2025 1:00,69,0,Monday,12,0,0,random_or_none,2,cold,0.267,260,0,0,0,0,0,0,0,normal,0,62,72
12/1/2025 2:00,62,0,Monday,12,0,0,random_or_none,1,rainy,0.449,260,0,0,0,0,0,0,0,normal,0,64,65
12/1/2025 3:00,64,0,Monday,12,0,0,random_or_none,1,rainy,0.236,260,0,0,0,0,0,0,0,normal,0,67,70
12/1/2025 4:00,67,0,Monday,12,0,0,random_or_none,2,cold,0.522,260,0,0,0,0,0,0,0,normal,0,69,71
12/1/2025 5:00,69,0,Monday,12,0,0,random_or_none,1,rainy,0.444,260,0,0,0,0,0,0,0,normal,0,78,66
12/1/2025 6:00,78,0,Monday,12,0,0,random_or_none,2,cold,0.627,260,0,0,0,0,0,0,0,normal,0,85,78
12/1/2025 7:00,85,0,Monday,12,0,0,random_or_none,1,rainy,0.303,260,0,0,0,0,0,0,0,normal,0,92,83
12/1/2025 8:00,92,0,Monday,12,0,0,random_or_none,1,rainy,0.304,260,0,0,0,0,0,0,0,normal,0,93,87
12/1/2025 9:00,93,0,Monday,12,0,0,random_or_none,0,sunny,0.331,260,0,0,0,0,0,0,0,normal,0,99,87
12/1/2025 10:00,99,0,Monday,12,0,0,random_or_none,1,rainy,0.353,260,0,0,0,0,0,0,0,normal,0,193,152
12/1/2025 11:00,193,0,Monday,12,0,0,random_or_none,2,cold,0.851,260,0,1,179.71,0,0,0,0,emergency_spike,5,157,141
12/1/2025 12:00,157,0,Monday,12,0,0,random_or_none,3,hot,0.301,260,0,0,0,0,0,0,0,normal,0,142,129
12/1/2025 13:00,142,0,Monday,12,0,0,random_or_none,2,cold,0.733,260,0,0,0,0,0,0,0,normal,0,141,127
12/1/2025 14:00,141,0,Monday,12,0,0,random_or_none,1,rainy,0.807,260,0,0,0,0,0,0,0,extreme_weather,2,138,127
12/1/2025 15:00,138,0,Monday,12,0,0,random_or_none,1,rainy,0.836,260,0,0,0,0,0,0,0,extreme_weather,2,248,128
12/1/2025 16:00,248,0,Monday,12,0,0,random_or_none,2,cold,0.914,260,0,1,253.56,0,0,0,0,emergency_spike,5,196,168
12/1/2025 17:00,196,0,Monday,12,0,0,random_or_none,2,cold,0.876,260,0,0,0,0,0,0,0,extreme_weather,2,168,213
12/1/2025 18:00,168,0,Monday,12,0,0,random_or_none,1,rainy,0.992,260,0,0,0,0,0,0,0,extreme_weather,2,146,170
12/1/2025 19:00,146,0,Monday,12,0,0,random_or_none,2,cold,0.719,260,0,0,0,0,0,0,0,normal,0,127,145
12/1/2025 20:00,127,0,Monday,12,0,0,random_or_none,0,sunny,0.141,260,0,0,0,0,0,0,0,normal,0,115,135
12/1/2025 21:00,115,0,Monday,12,0,0,random_or_none,2,cold,0.852,260,0,0,0,0,0,0,0,extreme_weather,2,99,116
12/1/2025 22:00,99,0,Monday,12,0,0,random_or_none,5,windy,0.523,260,0,0,0,0,0,0,0,normal,0,90,104
12/1/2025 23:00,90,0,Monday,12,0,0,random_or_none,0,sunny,0.011,260,0,0,0,0,0,0,0,normal,0,72,89
12/2/2025 0:00,72,1,Tuesday,12,0,0,random_or_none,0,sunny,0.282,260,0,0,0,0,0,0,0,normal,0,72,76
12/2/2025 1:00,72,1,Tuesday,12,0,0,random_or_none,1,rainy,0.573,260,0,0,0,0,0,0,0,normal,0,65,65
12/2/2025 2:00,65,1,Tuesday,12,0,0,random_or_none,0,sunny,0.202,260,0,0,0,0,0,0,0,normal,0,70,71
12/2/2025 3:00,70,1,Tuesday,12,0,0,random_or_none,2,cold,0.5,260,0,0,0,0,0,0,0,normal,0,71,67
12/2/2025 4:00,71,1,Tuesday,12,0,0,random_or_none,2,cold,0.91,260,0,0,0,0,0,0,0,extreme_weather,2,66,75
12/2/2025 5:00,66,1,Tuesday,12,0,0,random_or_none,0,sunny,0.329,260,0,0,0,0,0,0,0,normal,0,78,72
12/2/2025 6:00,78,1,Tuesday,12,0,0,random_or_none,0,sunny,0.243,260,0,0,0,0,0,0,0,normal,0,83,75
12/2/2025 7:00,83,1,Tuesday,12,0,0,random_or_none,0,sunny,0.205,260,0,0,0,0,0,0,0,normal,0,87,82
12/2/2025 8:00,87,1,Tuesday,12,0,0,random_or_none,0,sunny,0.265,260,0,0,0,0,0,0,0,normal,0,87,84
12/2/2025 9:00,87,1,Tuesday,12,0,0,random_or_none,0,sunny,0.058,260,0,0,0,0,0,0,0,normal,0,152,94
12/2/2025 10:00,152,1,Tuesday,12,0,0,random_or_none,1,rainy,0.383,260,0,1,111.41,0,0,0,0,emergency_spike,5,141,103
12/2/2025 11:00,141,1,Tuesday,12,0,0,random_or_none,1,rainy,0.698,260,0,0,0,0,0,0,0,normal,0,129,113
12/2/2025 12:00,129,1,Tuesday,12,0,0,random_or_none,1,rainy,0.487,260,0,0,0,0,0,0,0,normal,0,127,197
12/2/2025 13:00,127,1,Tuesday,12,0,0,random_or_none,2,cold,0.525,260,0,0,0,0,0,0,0,normal,0,127,159
12/2/2025 14:00,127,1,Tuesday,12,0,0,random_or_none,2,cold,0.881,260,0,0,0,0,0,0,0,extreme_weather,2,128,138
12/2/2025 15:00,128,1,Tuesday,12,0,0,random_or_none,0,sunny,0.033,260,0,0,0,0,0,0,0,normal,0,168,128
12/2/2025 16:00,168,1,Tuesday,12,0,0,random_or_none,2,cold,0.354,260,0,1,97.02,0,0,0,0,emergency_spike,5,213,129
12/2/2025 17:00,213,1,Tuesday,12,0,0,random_or_none,5,windy,0.896,260,0,1,138.17,0,0,0,0,emergency_spike,5,170,130
12/2/2025 18:00,170,1,Tuesday,12,0,0,random_or_none,4,dusty,0.23,260,0,0,0,0,0,0,0,normal,0,145,124
12/2/2025 19:00,145,1,Tuesday,12,0,0,random_or_none,2,cold,0.782,260,0,0,0,0,0,0,0,extreme_weather,2,135,123
12/2/2025 20:00,135,1,Tuesday,12,0,0,random_or_none,1,rainy,0.583,260,0,0,0,0,0,0,0,normal,0,116,119
12/2/2025 21:00,116,1,Tuesday,12,0,0,random_or_none,2,cold,0.714,260,0,0,0,0,0,0,0,normal,0,104,112
12/2/2025 22:00,104,1,Tuesday,12,0,0,random_or_none,1,rainy,0.973,260,0,0,0,0,0,0,0,extreme_weather,2,89,103
12/2/2025 23:00,89,1,Tuesday,12,0,0,random_or_none,5,windy,0.759,260,0,0,0,0,0,0,0,extreme_weather,2,76,98
12/3/2025 0:00,76,2,Wednesday,12,0,0,random_or_none,0,sunny,0.113,260,0,0,0,0,0,0,0,normal,0,65,93
12/3/2025 1:00,65,2,Wednesday,12,0,0,random_or_none,0,sunny,0.162,260,0,0,0,0,0,0,0,normal,0,71,85
12/3/2025 2:00,71,2,Wednesday,12,0,0,random_or_none,4,dusty,0.7,260,0,0,0,0,0,0,0,normal,0,67,83
12/3/2025 3:00,67,2,Wednesday,12,0,0,random_or_none,2,cold,0.35,260,0,0,0,0,0,0,0,normal,0,75,86
12/3/2025 4:00,75,2,Wednesday,12,0,0,random_or_none,1,rainy,0.81,260,0,0,0,0,0,0,0,extreme_weather,2,72,79
12/3/2025 5:00,72,2,Wednesday,12,0,0,random_or_none,0,sunny,0.161,260,0,0,0,0,0,0,0,normal,0,75,77
12/3/2025 6:00,75,2,Wednesday,12,0,0,random_or_none,2,cold,0.616,260,0,0,0,0,0,0,0,normal,0,82,78
12/3/2025 7:00,82,2,Wednesday,12,0,0,random_or_none,2,cold,0.385,260,0,0,0,0,0,0,0,normal,0,84,84
12/3/2025 8:00,84,2,Wednesday,12,0,0,random_or_none,0,sunny,0.021,260,0,0,0,0,0,0,0,normal,0,94,81
12/3/2025 9:00,94,2,Wednesday,12,0,0,random_or_none,5,windy,0.785,260,0,0,0,0,0,0,0,extreme_weather,2,103,94
12/3/2025 10:00,103,2,Wednesday,12,0,0,random_or_none,2,cold,0.782,260,0,0,0,0,0,0,0,extreme_weather,2,113,97
12/3/2025 11:00,113,2,Wednesday,12,0,0,random_or_none,3,hot,0.738,260,0,0,0,0,0,0,0,normal,0,197,101
12/3/2025 12:00,197,2,Wednesday,12,0,0,random_or_none,1,rainy,0.514,260,0,1,177.34,0,0,0,0,emergency_spike,5,159,117
12/3/2025 13:00,159,2,Wednesday,12,0,0,random_or_none,5,windy,0.268,260,0,0,0,0,0,0,0,normal,0,138,124
12/3/2025 14:00,138,2,Wednesday,12,0,0,random_or_none,0,sunny,0.241,260,0,0,0,0,0,0,0,normal,0,128,127
12/3/2025 15:00,128,2,Wednesday,12,0,0,random_or_none,0,sunny,0.143,260,0,0,0,0,0,0,0,normal,0,129,124
12/3/2025 16:00,129,2,Wednesday,12,0,0,random_or_none,0,sunny,0.059,260,0,0,0,0,0,0,0,normal,0,130,126
12/3/2025 17:00,130,2,Wednesday,12,0,0,random_or_none,2,cold,0.973,260,0,0,0,0,0,0,0,extreme_weather,2,124,122
12/3/2025 18:00,124,2,Wednesday,12,0,0,random_or_none,2,cold,0.327,260,0,0,0,0,0,0,0,normal,0,123,121
12/3/2025 19:00,123,2,Wednesday,12,0,0,random_or_none,2,cold,0.283,260,0,0,0,0,0,0,0,normal,0,119,120
12/3/2025 20:00,119,2,Wednesday,12,0,0,random_or_none,3,hot,0.56,260,0,0,0,0,0,0,0,normal,0,112,112
12/3/2025 21:00,112,2,Wednesday,12,0,0,random_or_none,1,rainy,0.649,260,0,0,0,0,0,0,0,normal,0,103,105
12/3/2025 22:00,103,2,Wednesday,12,0,0,random_or_none,5,windy,0.413,260,0,0,0,0,0,0,0,normal,0,98,94
12/3/2025 23:00,98,2,Wednesday,12,0,0,random_or_none,2,cold,0.316,260,0,0,0,0,0,0,0,normal,0,93,87
12/4/2025 0:00,93,3,Thursday,12,0,0,random_or_none,2,cold,0.872,260,0,0,0,0,0,0,0,extreme_weather,2,85,78
12/4/2025 1:00,85,3,Thursday,12,0,0,random_or_none,1,rainy,0.612,260,0,0,0,0,0,0,0,normal,0,83,72
12/4/2025 2:00,83,3,Thursday,12,0,0,random_or_none,1,rainy,0.57,260,0,0,0,0,0,0,0,normal,0,86,77
12/4/2025 3:00,86,3,Thursday,12,0,0,random_or_none,2,cold,0.994,260,0,0,0,0,0,0,0,extreme_weather,2,79,80
12/4/2025 4:00,79,3,Thursday,12,0,0,random_or_none,2,cold,0.868,260,0,0,0,0,0,0,0,extreme_weather,2,77,164
12/4/2025 5:00,77,3,Thursday,12,0,0,random_or_none,1,rainy,0.293,260,0,0,0,0,0,0,0,normal,0,78,119
12/4/2025 6:00,78,3,Thursday,12,0,0,random_or_none,4,dusty,0.589,260,0,0,0,0,0,0,0,normal,0,84,111
12/4/2025 7:00,84,3,Thursday,12,0,0,random_or_none,2,cold,0.848,260,0,0,0,0,0,0,0,extreme_weather,2,81,93
12/4/2025 8:00,81,3,Thursday,12,0,0,random_or_none,0,sunny,0.229,260,0,0,0,0,0,0,0,normal,0,94,90
12/4/2025 9:00,94,3,Thursday,12,0,0,random_or_none,2,cold,0.301,260,0,0,0,0,0,0,0,normal,0,97,203
12/4/2025 10:00,97,3,Thursday,12,0,0,random_or_none,3,hot,0.428,260,0,0,0,0,0,0,0,normal,0,101,157
12/4/2025 11:00,101,3,Thursday,12,0,0,random_or_none,0,sunny,0.218,260,0,0,0,0,0,0,0,normal,0,117,241
12/4/2025 12:00,117,3,Thursday,12,0,0,random_or_none,1,rainy,0.759,260,0,0,0,0,0,0,0,extreme_weather,2,124,190
12/4/2025 13:00,124,3,Thursday,12,0,0,random_or_none,2,cold,0.793,260,0,0,0,0,0,0,0,extreme_weather,2,127,156
12/4/2025 14:00,127,3,Thursday,12,0,0,random_or_none,5,windy,0.592,260,0,0,0,0,0,0,0,normal,0,124,152
12/4/2025 15:00,124,3,Thursday,12,0,0,random_or_none,2,cold,0.373,260,0,0,0,0,0,0,0,normal,0,126,138
12/4/2025 16:00,126,3,Thursday,12,0,0,random_or_none,2,cold,0.515,260,0,0,0,0,0,0,0,normal,0,122,142
12/4/2025 17:00,122,3,Thursday,12,0,0,random_or_none,0,sunny,0.333,260,0,0,0,0,0,0,0,normal,0,121,135
12/4/2025 18:00,121,3,Thursday,12,0,0,random_or_none,1,rainy,0.973,260,0,0,0,0,0,0,0,extreme_weather,2,120,130
12/4/2025 19:00,120,3,Thursday,12,0,0,random_or_none,1,rainy,0.5,260,0,0,0,0,0,0,0,normal,0,112,127
12/4/2025 20:00,112,3,Thursday,12,0,0,random_or_none,0,sunny,0.093,260,0,0,0,0,0,0,0,normal,0,105,119
12/4/2025 21:00,105,3,Thursday,12,0,0,random_or_none,1,rainy,0.829,260,0,0,0,0,0,0,0,extreme_weather,2,94,118
12/4/2025 22:00,94,3,Thursday,12,0,0,random_or_none,5,windy,0.234,260,0,0,0,0,0,0,0,normal,0,87,155
12/4/2025 23:00,87,3,Thursday,12,0,0,random_or_none,2,cold,0.531,260,0,0,0,0,0,0,0,normal,0,78,120
12/5/2025 0:00,78,4,Friday,12,0,0,random_or_none,0,sunny,0.151,260,0,0,0,0,0,0,0,normal,0,72,95
12/5/2025 1:00,72,4,Friday,12,0,0,random_or_none,0,sunny,0.277,260,0,0,0,0,0,0,0,normal,0,77,80
12/5/2025 2:00,77,4,Friday,12,0,0,random_or_none,5,windy,0.179,260,0,0,0,0,0,0,0,normal,0,80,69
12/5/2025 3:00,80,4,Friday,12,0,0,random_or_none,2,cold,0.612,260,0,0,0,0,0,0,0,normal,0,164,66
12/5/2025 4:00,164,4,Friday,12,0,0,random_or_none,1,rainy,0.773,260,0,1,206.03,0,0,0,0,emergency_spike,5,119,60
12/5/2025 5:00,119,4,Friday,12,0,0,random_or_none,2,cold,0.654,260,0,0,0,0,0,0,0,normal,0,111,48
12/5/2025 6:00,111,4,Friday,12,0,0,random_or_none,1,rainy,1,260,0,0,0,0,0,0,0,extreme_weather,2,93,171
12/5/2025 7:00,93,4,Friday,12,0,0,random_or_none,0,sunny,0.18,260,0,0,0,0,0,0,0,normal,0,90,128
12/5/2025 8:00,90,4,Friday,12,0,0,random_or_none,0,sunny,0.087,260,0,0,0,0,0,0,0,normal,0,203,106
12/5/2025 9:00,203,4,Friday,12,0,0,random_or_none,1,rainy,0.936,260,0,1,230.09,0,0,0,0,emergency_spike,5,157,90
12/5/2025 10:00,157,4,Friday,12,0,0,random_or_none,0,sunny,0.178,260,0,0,0,0,0,0,0,normal,0,241,89
12/5/2025 11:00,241,4,Friday,12,0,0,random_or_none,2,cold,0.881,260,0,1,219.92,0,0,0,0,emergency_spike,5,190,121
12/5/2025 12:00,190,4,Friday,12,0,0,random_or_none,2,cold,0.749,260,0,0,0,0,0,0,0,normal,0,156,112
12/5/2025 13:00,156,4,Friday,12,0,0,random_or_none,0,sunny,0.181,260,0,0,0,0,0,0,0,normal,0,152,107
12/5/2025 14:00,152,4,Friday,12,0,0,random_or_none,1,rainy,0.93,260,0,0,0,0,0,0,0,extreme_weather,2,138,111
12/5/2025 15:00,138,4,Friday,12,0,0,random_or_none,3,hot,0.228,260,0,0,0,0,0,0,0,normal,0,142,120
12/5/2025 16:00,142,4,Friday,12,0,0,random_or_none,1,rainy,0.668,260,0,0,0,0,0,0,0,normal,0,135,117
12/5/2025 17:00,135,4,Friday,12,0,0,random_or_none,0,sunny,0.317,260,0,0,0,0,0,0,0,normal,0,130,113
12/5/2025 18:00,130,4,Friday,12,0,0,random_or_none,0,sunny,0.272,260,0,0,0,0,0,0,0,normal,0,127,115
12/5/2025 19:00,127,4,Friday,12,0,0,random_or_none,5,windy,0.41,260,0,0,0,0,0,0,0,normal,0,119,110
12/5/2025 20:00,119,4,Friday,12,0,0,random_or_none,2,cold,0.791,260,0,0,0,0,0,0,0,extreme_weather,2,118,107
12/5/2025 21:00,118,4,Friday,12,0,0,random_or_none,1,rainy,0.959,260,0,0,0,0,0,0,0,extreme_weather,2,155,99
12/5/2025 22:00,155,4,Friday,12,0,0,random_or_none,2,cold,0.282,260,0,1,108.17,0,0,0,0,emergency_spike,5,120,92
12/5/2025 23:00,120,4,Friday,12,0,0,random_or_none,5,windy,0.345,260,0,0,0,0,0,0,0,normal,0,95,81
12/6/2025 0:00,95,5,Saturday,12,1,0,random_or_none,2,cold,0.789,260,0,0,0,0,0,0,0,extreme_weather,2,80,76
12/6/2025 1:00,80,5,Saturday,12,1,0,random_or_none,2,cold,0.976,260,0,0,0,0,0,0,0,extreme_weather,2,69,64
12/6/2025 2:00,69,5,Saturday,12,1,0,random_or_none,2,cold,0.5,260,0,0,0,0,0,0,0,normal,0,66,52
12/6/2025 3:00,66,5,Saturday,12,1,0,random_or_none,1,rainy,0.8,260,0,0,0,0,0,0,0,extreme_weather,2,60,56
12/6/2025 4:00,60,5,Saturday,12,1,0,random_or_none,2,cold,0.543,260,0,0,0,0,0,0,0,normal,0,48,53
12/6/2025 5:00,48,5,Saturday,12,1,0,random_or_none,0,sunny,0.067,260,0,0,0,0,0,0,0,normal,0,171,56
12/6/2025 6:00,171,5,Saturday,12,1,0,random_or_none,5,windy,0.785,260,0,1,237.07,0,0,0,0,emergency_spike,5,128,59
12/6/2025 7:00,128,5,Saturday,12,1,0,random_or_none,4,dusty,0.614,260,0,0,0,0,0,0,0,normal,0,106,83
12/6/2025 8:00,106,5,Saturday,12,1,0,random_or_none,2,cold,0.95,260,0,0,0,0,0,0,0,extreme_weather,2,90,81
12/6/2025 9:00,90,5,Saturday,12,1,0,random_or_none,0,sunny,0.326,260,0,0,0,0,0,0,0,normal,0,89,82
12/6/2025 10:00,89,5,Saturday,12,1,0,random_or_none,2,cold,0.626,260,0,0,0,0,0,0,0,normal,0,121,87
12/6/2025 11:00,121,5,Saturday,12,1,0,random_or_none,2,cold,0.517,260,0,1,75.43,0,0,0,0,emergency_spike,5,112,90
12/6/2025 12:00,112,5,Saturday,12,1,0,random_or_none,2,cold,0.854,260,0,0,0,0,0,0,0,extreme_weather,2,107,107
12/6/2025 13:00,107,5,Saturday,12,1,0,random_or_none,2,cold,0.686,260,0,0,0,0,0,0,0,normal,0,111,112
12/6/2025 14:00,111,5,Saturday,12,1,0,random_or_none,2,cold,0.715,260,0,0,0,0,0,0,0,normal,0,120,117
12/6/2025 15:00,120,5,Saturday,12,1,0,random_or_none,1,rainy,0.991,260,0,0,0,0,0,0,0,extreme_weather,2,117,114
12/6/2025 16:00,117,5,Saturday,12,1,0,random_or_none,2,cold,0.461,260,0,0,0,0,0,0,0,normal,0,113,114
12/6/2025 17:00,113,5,Saturday,12,1,0,random_or_none,0,sunny,0.043,260,0,0,0,0,0,0,0,normal,0,115,111
12/6/2025 18:00,115,5,Saturday,12,1,0,random_or_none,5,windy,0.678,260,0,0,0,0,0,0,0,normal,0,110,105
12/6/2025 19:00,110,5,Saturday,12,1,0,random_or_none,1,rainy,0.761,260,0,0,0,0,0,0,0,extreme_weather,2,107,103
12/6/2025 20:00,107,5,Saturday,12,1,0,random_or_none,2,cold,1,260,0,0,0,0,0,0,0,extreme_weather,2,99,98
12/6/2025 21:00,99,5,Saturday,12,1,0,random_or_none,2,cold,0.553,260,0,0,0,0,0,0,0,normal,0,92,96
12/6/2025 22:00,92,5,Saturday,12,1,0,random_or_none,1,rainy,0.706,260,0,0,0,0,0,0,0,normal,0,81,90
12/6/2025 23:00,81,5,Saturday,12,1,0,random_or_none,5,windy,0.365,260,0,0,0,0,0,0,0,normal,0,76,82
12/7/2025 0:00,76,6,Sunday,12,1,0,random_or_none,5,windy,0.65,260,0,0,0,0,0,0,0,normal,0,64,77
12/7/2025 1:00,64,6,Sunday,12,1,0,random_or_none,2,cold,0.396,260,0,0,0,0,0,0,0,normal,0,52,74
12/7/2025 2:00,52,6,Sunday,12,1,0,random_or_none,2,cold,0.484,260,0,0,0,0,0,0,0,normal,0,56,75
12/7/2025 3:00,56,6,Sunday,12,1,0,random_or_none,1,rainy,0.661,260,0,0,0,0,0,0,0,normal,0,53,71
12/7/2025 4:00,53,6,Sunday,12,1,0,random_or_none,1,rainy,0.856,260,0,0,0,0,0,0,0,extreme_weather,2,56,74
12/7/2025 5:00,56,6,Sunday,12,1,0,random_or_none,5,windy,0.684,260,0,0,0,0,0,0,0,normal,0,59,77
12/7/2025 6:00,59,6,Sunday,12,1,0,random_or_none,1,rainy,0.249,260,0,0,0,0,0,0,0,normal,0,83,82
12/7/2025 7:00,83,6,Sunday,12,1,0,random_or_none,0,sunny,0.061,260,0,1,35.58,0,0,0,0,emergency_spike,5,81,91
12/7/2025 8:00,81,6,Sunday,12,1,0,random_or_none,1,rainy,0.646,260,0,0,0,0,0,0,0,normal,0,82,93
12/7/2025 9:00,82,6,Sunday,12,1,0,random_or_none,0,sunny,0.261,260,0,0,0,0,0,0,0,normal,0,87,98
12/7/2025 10:00,87,6,Sunday,12,1,0,random_or_none,2,cold,0.393,260,0,0,0,0,0,0,0,normal,0,90,111
12/7/2025 11:00,90,6,Sunday,12,1,0,random_or_none,0,sunny,0.172,260,0,0,0,0,0,0,0,normal,0,107,117
12/7/2025 12:00,107,6,Sunday,12,1,0,random_or_none,2,cold,0.596,260,0,0,0,0,0,0,0,normal,0,112,122
12/7/2025 13:00,112,6,Sunday,12,1,0,random_or_none,1,rainy,0.749,260,0,0,0,0,0,0,0,normal,0,117,127
12/7/2025 14:00,117,6,Sunday,12,1,0,random_or_none,2,cold,0.973,260,0,0,0,0,0,0,0,extreme_weather,2,114,126
12/7/2025 15:00,114,6,Sunday,12,1,0,random_or_none,2,cold,0.497,260,0,0,0,0,0,0,0,normal,0,114,128
12/7/2025 16:00,114,6,Sunday,12,1,0,random_or_none,1,rainy,0.709,260,0,0,0,0,0,0,0,normal,0,111,125
12/7/2025 17:00,111,6,Sunday,12,1,0,random_or_none,5,windy,0.65,260,0,0,0,0,0,0,0,normal,0,105,127
12/7/2025 18:00,105,6,Sunday,12,1,0,random_or_none,0,sunny,0.219,260,0,0,0,0,0,0,0,normal,0,103,128
12/7/2025 19:00,103,6,Sunday,12,1,0,random_or_none,1,rainy,0.88,260,0,0,0,0,0,0,0,extreme_weather,2,98,119
12/7/2025 20:00,98,6,Sunday,12,1,0,random_or_none,2,cold,0.593,260,0,0,0,0,0,0,0,normal,0,96,114
12/7/2025 21:00,96,6,Sunday,12,1,0,random_or_none,1,rainy,0.49,260,0,0,0,0,0,0,0,normal,0,90,108
12/7/2025 22:00,90,6,Sunday,12,1,0,random_or_none,3,hot,0.897,260,0,0,0,0,0,0,0,extreme_weather,2,82,104
12/7/2025 23:00,82,6,Sunday,12,1,0,random_or_none,1,rainy,0.805,260,0,0,0,0,0,0,0,extreme_weather,2,77,98
12/8/2025 0:00,77,0,Monday,12,0,0,random_or_none,5,windy,0.484,260,0,0,0,0,0,0,0,normal,0,74,82
12/8/2025 1:00,74,0,Monday,12,0,0,random_or_none,3,hot,0.606,260,0,0,0,0,0,0,0,normal,0,75,81
12/8/2025 2:00,75,0,Monday,12,0,0,random_or_none,2,cold,0.649,260,0,0,0,0,0,0,0,normal,0,71,75
12/8/2025 3:00,71,0,Monday,12,0,0,random_or_none,5,windy,0.735,260,0,0,0,0,0,0,0,normal,0,74,68
12/8/2025 4:00,74,0,Monday,12,0,0,random_or_none,5,windy,0.251,260,0,0,0,0,0,0,0,normal,0,77,77
12/8/2025 5:00,77,0,Monday,12,0,0,random_or_none,5,windy,0.28,260,0,0,0,0,0,0,0,normal,0,82,79
12/8/2025 6:00,82,0,Monday,12,0,0,random_or_none,2,cold,0.686,260,0,0,0,0,0,0,0,normal,0,91,82
12/8/2025 7:00,91,0,Monday,12,0,0,random_or_none,1,rainy,0.55,260,0,0,0,0,0,0,0,normal,0,93,84
12/8/2025 8:00,93,0,Monday,12,0,0,random_or_none,1,rainy,0.96,260,0,0,0,0,0,0,0,extreme_weather,2,98,87
12/8/2025 9:00,98,0,Monday,12,0,0,random_or_none,1,rainy,0.585,260,0,0,0,0,0,0,0,normal,0,111,93
12/8/2025 10:00,111,0,Monday,12,0,0,random_or_none,1,rainy,0.453,260,0,0,0,0,0,0,0,normal,0,117,102
12/8/2025 11:00,117,0,Monday,12,0,0,random_or_none,2,cold,0.806,260,0,0,0,0,0,0,0,extreme_weather,2,122,105
12/8/2025 12:00,122,0,Monday,12,0,0,random_or_none,1,rainy,0.589,260,0,0,0,0,0,0,0,normal,0,127,114
12/8/2025 13:00,127,0,Monday,12,0,0,random_or_none,1,rainy,0.685,260,0,0,0,0,0,0,0,normal,0,126,114
12/8/2025 14:00,126,0,Monday,12,0,0,random_or_none,5,windy,0.721,260,0,0,0,0,0,0,0,normal,0,128,121
12/8/2025 15:00,128,0,Monday,12,0,0,random_or_none,5,windy,0.653,260,0,0,0,0,0,0,0,normal,0,125,121
12/8/2025 16:00,125,0,Monday,12,0,0,random_or_none,1,rainy,0.313,260,0,0,0,0,0,0,0,normal,0,127,121
12/8/2025 17:00,127,0,Monday,12,0,0,random_or_none,0,sunny,0.096,260,0,0,0,0,0,0,0,normal,0,128,122
12/8/2025 18:00,128,0,Monday,12,0,0,random_or_none,1,rainy,0.835,260,0,0,0,0,0,0,0,extreme_weather,2,119,123
12/8/2025 19:00,119,0,Monday,12,0,0,random_or_none,2,cold,0.561,260,0,0,0,0,0,0,0,normal,0,114,121
12/8/2025 20:00,114,0,Monday,12,0,0,random_or_none,0,sunny,0.069,260,0,0,0,0,0,0,0,normal,0,108,118
12/8/2025 21:00,108,0,Monday,12,0,0,random_or_none,2,cold,0.66,260,0,0,0,0,0,0,0,normal,0,104,109
12/8/2025 22:00,104,0,Monday,12,0,0,random_or_none,1,rainy,0.93,260,0,0,0,0,0,0,0,extreme_weather,2,98,99
12/8/2025 23:00,98,0,Monday,12,0,0,random_or_none,1,rainy,0.566,260,0,0,0,0,0,0,0,normal,0,82,98
12/9/2025 0:00,82,1,Tuesday,12,0,0,random_or_none,1,rainy,0.509,260,0,0,0,0,0,0,0,normal,0,81,94
12/9/2025 1:00,81,1,Tuesday,12,0,0,random_or_none,2,cold,0.889,260,0,0,0,0,0,0,0,extreme_weather,2,75,87
12/9/2025 2:00,75,1,Tuesday,12,0,0,random_or_none,2,cold,0.522,260,0,0,0,0,0,0,0,normal,0,68,76
12/9/2025 3:00,68,1,Tuesday,12,0,0,random_or_none,0,sunny,0.026,260,0,0,0,0,0,0,0,normal,0,77,71
12/9/2025 4:00,77,1,Tuesday,12,0,0,random_or_none,1,rainy,0.898,260,0,0,0,0,0,0,0,extreme_weather,2,79,69
12/9/2025 5:00,79,1,Tuesday,12,0,0,random_or_none,1,rainy,0.355,260,0,0,0,0,0,0,0,normal,0,82,73
12/9/2025 6:00,82,1,Tuesday,12,0,0,random_or_none,2,cold,0.793,260,0,0,0,0,0,0,0,extreme_weather,2,84,81
12/9/2025 7:00,84,1,Tuesday,12,0,0,random_or_none,2,cold,0.971,260,0,0,0,0,0,0,0,extreme_weather,2,87,91
12/9/2025 8:00,87,1,Tuesday,12,0,0,random_or_none,2,cold,0.945,260,0,0,0,0,0,0,0,extreme_weather,2,93,98
12/9/2025 9:00,93,1,Tuesday,12,0,0,random_or_none,0,sunny,0.274,260,0,0,0,0,0,0,0,normal,0,102,101
12/9/2025 10:00,102,1,Tuesday,12,0,0,random_or_none,2,cold,0.491,260,0,0,0,0,0,0,0,normal,0,105,101
12/9/2025 11:00,105,1,Tuesday,12,0,0,random_or_none,5,windy,0.813,260,0,0,0,0,0,0,0,extreme_weather,2,114,106
12/9/2025 12:00,114,1,Tuesday,12,0,0,random_or_none,1,rainy,0.846,260,0,0,0,0,0,0,0,extreme_weather,2,114,115
12/9/2025 13:00,114,1,Tuesday,12,0,0,random_or_none,1,rainy,0.283,260,0,0,0,0,0,0,0,normal,0,121,121
12/9/2025 14:00,121,1,Tuesday,12,0,0,random_or_none,1,rainy,0.469,260,0,0,0,0,0,0,0,normal,0,121,118
12/9/2025 15:00,121,1,Tuesday,12,0,0,random_or_none,5,windy,0.712,260,0,0,0,0,0,0,0,normal,0,121,119
12/9/2025 16:00,121,1,Tuesday,12,0,0,random_or_none,2,cold,0.723,260,0,0,0,0,0,0,0,normal,0,122,118
12/9/2025 17:00,122,1,Tuesday,12,0,0,random_or_none,1,rainy,0.772,260,0,0,0,0,0,0,0,extreme_weather,2,123,123
12/9/2025 18:00,123,1,Tuesday,12,0,0,random_or_none,2,cold,0.983,260,0,0,0,0,0,0,0,extreme_weather,2,121,122
12/9/2025 19:00,121,1,Tuesday,12,0,0,random_or_none,1,rainy,0.897,260,0,0,0,0,0,0,0,extreme_weather,2,118,114
12/9/2025 20:00,118,1,Tuesday,12,0,0,random_or_none,1,rainy,0.603,260,0,0,0,0,0,0,0,normal,0,109,112
12/9/2025 21:00,109,1,Tuesday,12,0,0,random_or_none,2,cold,0.599,260,0,0,0,0,0,0,0,normal,0,99,99
12/9/2025 22:00,99,1,Tuesday,12,0,0,random_or_none,3,hot,0.437,260,0,0,0,0,0,0,0,normal,0,98,94
12/9/2025 23:00,98,1,Tuesday,12,0,0,random_or_none,1,rainy,0.937,260,0,0,0,0,0,0,0,extreme_weather,2,94,84
12/10/2025 0:00,94,2,Wednesday,12,0,0,random_or_none,1,rainy,1,260,0,0,0,0,0,0,0,extreme_weather,2,87,76
12/10/2025 1:00,87,2,Wednesday,12,0,0,random_or_none,2,cold,0.961,260,0,0,0,0,0,0,0,extreme_weather,2,76,73
12/10/2025 2:00,76,2,Wednesday,12,0,0,random_or_none,5,windy,0.507,260,0,0,0,0,0,0,0,normal,0,71,74
12/10/2025 3:00,71,2,Wednesday,12,0,0,random_or_none,2,cold,0.971,260,0,0,0,0,0,0,0,extreme_weather,2,69,63
12/10/2025 4:00,69,2,Wednesday,12,0,0,random_or_none,2,cold,0.849,260,0,0,0,0,0,0,0,extreme_weather,2,73,60
12/10/2025 5:00,73,2,Wednesday,12,0,0,random_or_none,5,windy,0.401,260,0,0,0,0,0,0,0,normal,0,81,61
12/10/2025 6:00,81,2,Wednesday,12,0,0,random_or_none,1,rainy,0.777,260,0,0,0,0,0,0,0,extreme_weather,2,91,70
12/10/2025 7:00,91,2,Wednesday,12,0,0,random_or_none,1,rainy,0.777,260,0,0,0,0,0,0,0,extreme_weather,2,98,72
12/10/2025 8:00,98,2,Wednesday,12,0,0,random_or_none,2,cold,0.758,260,0,0,0,0,0,0,0,extreme_weather,2,101,84
12/10/2025 9:00,101,2,Wednesday,12,0,0,random_or_none,1,rainy,0.478,260,0,0,0,0,0,0,0,normal,0,101,89
12/10/2025 10:00,101,2,Wednesday,12,0,0,random_or_none,3,hot,0.463,260,0,0,0,0,0,0,0,normal,0,106,103
12/10/2025 11:00,106,2,Wednesday,12,0,0,random_or_none,2,cold,0.313,260,0,0,0,0,0,0,0,normal,0,115,107
12/10/2025 12:00,115,2,Wednesday,12,0,0,random_or_none,1,rainy,0.336,260,0,0,0,0,0,0,0,normal,0,121,109
12/10/2025 13:00,121,2,Wednesday,12,0,0,random_or_none,2,cold,0.504,260,0,0,0,0,0,0,0,normal,0,118,114
12/10/2025 14:00,118,2,Wednesday,12,0,0,random_or_none,2,cold,0.762,260,0,0,0,0,0,0,0,extreme_weather,2,119,122
12/10/2025 15:00,119,2,Wednesday,12,0,0,random_or_none,0,sunny,0.118,260,0,0,0,0,0,0,0,normal,0,118,126
12/10/2025 16:00,118,2,Wednesday,12,0,0,random_or_none,2,cold,0.774,260,0,0,0,0,0,0,0,extreme_weather,2,123,122
12/10/2025 17:00,123,2,Wednesday,12,0,0,random_or_none,1,rainy,1,260,0,0,0,0,0,0,0,extreme_weather,2,122,127
12/10/2025 18:00,122,2,Wednesday,12,0,0,random_or_none,5,windy,0.264,260,0,0,0,0,0,0,0,normal,0,114,125
12/10/2025 19:00,114,2,Wednesday,12,0,0,random_or_none,1,rainy,0.414,260,0,0,0,0,0,0,0,normal,0,112,114
12/10/2025 20:00,112,2,Wednesday,12,0,0,random_or_none,1,rainy,0.643,260,0,0,0,0,0,0,0,normal,0,99,110
12/10/2025 21:00,99,2,Wednesday,12,0,0,random_or_none,0,sunny,0.21,260,0,0,0,0,0,0,0,normal,0,94,103
12/10/2025 22:00,94,2,Wednesday,12,0,0,random_or_none,1,rainy,0.404,260,0,0,0,0,0,0,0,normal,0,84,97
12/10/2025 23:00,84,2,Wednesday,12,0,0,random_or_none,2,cold,0.475,260,0,0,0,0,0,0,0,normal,0,76,92
12/11/2025 0:00,76,3,Thursday,12,0,0,random_or_none,0,sunny,0.086,260,0,0,0,0,0,0,0,normal,0,73,85
12/11/2025 1:00,73,3,Thursday,12,0,0,random_or_none,1,rainy,0.585,260,0,0,0,0,0,0,0,normal,0,74,84
12/11/2025 2:00,74,3,Thursday,12,0,0,random_or_none,2,cold,0.652,260,0,0,0,0,0,0,0,normal,0,63,82
12/11/2025 3:00,63,3,Thursday,12,0,0,random_or_none,5,windy,0.71,260,0,0,0,0,0,0,0,normal,0,60,79
12/11/2025 4:00,60,3,Thursday,12,0,0,random_or_none,2,cold,0.288,260,0,0,0,0,0,0,0,normal,0,61,80
12/11/2025 5:00,61,3,Thursday,12,0,0,random_or_none,0,sunny,0.288,260,0,0,0,0,0,0,0,normal,0,70,81
12/11/2025 6:00,70,3,Thursday,12,0,0,random_or_none,1,rainy,1,260,0,0,0,0,0,0,0,extreme_weather,2,72,86
12/11/2025 7:00,72,3,Thursday,12,0,0,random_or_none,0,sunny,0.255,260,0,0,0,0,0,0,0,normal,0,84,95
12/11/2025 8:00,84,3,Thursday,12,0,0,random_or_none,2,cold,0.94,260,0,0,0,0,0,0,0,extreme_weather,2,89,99
12/11/2025 9:00,89,3,Thursday,12,0,0,random_or_none,2,cold,0.492,260,0,0,0,0,0,0,0,normal,0,103,112
12/11/2025 10:00,103,3,Thursday,12,0,0,random_or_none,1,rainy,1,260,0,0,0,0,0,0,0,extreme_weather,2,107,115
12/11/2025 11:00,107,3,Thursday,12,0,0,random_or_none,5,windy,0.849,260,0,0,0,0,0,0,0,extreme_weather,2,109,121
12/11/2025 12:00,109,3,Thursday,12,0,0,random_or_none,0,sunny,0.176,260,0,0,0,0,0,0,0,normal,0,114,124
12/11/2025 13:00,114,3,Thursday,12,0,0,random_or_none,2,cold,0.5,260,0,0,0,0,0,0,0,normal,0,122,125
12/11/2025 14:00,122,3,Thursday,12,0,0,random_or_none,2,cold,0.948,260,0,0,0,0,0,0,0,extreme_weather,2,126,133
12/11/2025 15:00,126,3,Thursday,12,0,0,random_or_none,2,cold,0.713,260,0,0,0,0,0,0,0,normal,0,122,131
12/11/2025 16:00,122,3,Thursday,12,0,0,random_or_none,2,cold,0.798,260,0,0,0,0,0,0,0,extreme_weather,2,127,123
12/11/2025 17:00,127,3,Thursday,12,0,0,random_or_none,2,cold,0.985,260,0,0,0,0,0,0,0,extreme_weather,2,125,121
12/11/2025 18:00,125,3,Thursday,12,0,0,random_or_none,4,dusty,0.483,260,0,0,0,0,0,0,0,normal,0,114,127
12/11/2025 19:00,114,3,Thursday,12,0,0,random_or_none,1,rainy,0.699,260,0,0,0,0,0,0,0,normal,0,110,128
12/11/2025 20:00,110,3,Thursday,12,0,0,random_or_none,1,rainy,0.835,260,0,0,0,0,0,0,0,extreme_weather,2,103,124
12/11/2025 21:00,103,3,Thursday,12,0,0,random_or_none,1,rainy,0.74,260,0,0,0,0,0,0,0,normal,0,97,115
12/11/2025 22:00,97,3,Thursday,12,0,0,random_or_none,1,rainy,0.879,260,0,0,0,0,0,0,0,extreme_weather,2,92,110
12/11/2025 23:00,92,3,Thursday,12,0,0,random_or_none,1,rainy,0.816,260,0,0,0,0,0,0,0,extreme_weather,2,85,100
12/12/2025 0:00,85,4,Friday,12,0,0,random_or_none,1,rainy,0.859,260,0,0,0,0,0,0,0,extreme_weather,2,84,84
12/12/2025 1:00,84,4,Friday,12,0,0,random_or_none,1,rainy,0.789,260,0,0,0,0,0,0,0,extreme_weather,2,82,65
12/12/2025 2:00,82,4,Friday,12,0,0,random_or_none,1,rainy,0.954,260,0,0,0,0,0,0,0,extreme_weather,2,79,56
12/12/2025 3:00,79,4,Friday,12,0,0,random_or_none,1,rainy,0.873,260,0,0,0,0,0,0,0,extreme_weather,2,80,54
12/12/2025 4:00,80,4,Friday,12,0,0,random_or_none,1,rainy,0.899,260,0,0,0,0,0,0,0,extreme_weather,2,81,55
12/12/2025 5:00,81,4,Friday,12,0,0,random_or_none,1,rainy,0.808,260,0,0,0,0,0,0,0,extreme_weather,2,86,57
12/12/2025 6:00,86,4,Friday,12,0,0,random_or_none,1,rainy,0.806,260,0,0,0,0,0,0,0,extreme_weather,2,95,66
12/12/2025 7:00,95,4,Friday,12,0,0,random_or_none,1,rainy,0.995,260,0,0,0,0,0,0,0,extreme_weather,2,99,69
12/12/2025 8:00,99,4,Friday,12,0,0,random_or_none,5,windy,0.941,260,0,0,0,0,0,0,0,extreme_weather,2,112,63
12/12/2025 9:00,112,4,Friday,12,0,0,random_or_none,1,rainy,0.983,260,0,0,0,0,0,0,0,extreme_weather,2,115,77
12/12/2025 10:00,115,4,Friday,12,0,0,random_or_none,5,windy,0.876,260,0,0,0,0,0,0,0,extreme_weather,2,121,87
12/12/2025 11:00,121,4,Friday,12,0,0,random_or_none,1,rainy,0.908,260,0,0,0,0,0,0,0,extreme_weather,2,124,95
12/12/2025 12:00,124,4,Friday,12,0,0,random_or_none,5,windy,0.869,260,0,0,0,0,0,0,0,extreme_weather,2,125,104
12/12/2025 13:00,125,4,Friday,12,0,0,random_or_none,1,rainy,0.953,260,0,0,0,0,0,0,0,extreme_weather,2,133,103
12/12/2025 14:00,133,4,Friday,12,0,0,random_or_none,1,rainy,0.892,260,0,0,0,0,0,0,0,extreme_weather,2,131,114
12/12/2025 15:00,131,4,Friday,12,0,0,random_or_none,5,windy,0.764,260,0,0,0,0,0,0,0,extreme_weather,2,123,117
12/12/2025 16:00,123,4,Friday,12,0,0,random_or_none,5,windy,0.9,260,0,0,0,0,0,0,0,extreme_weather,2,121,108
12/12/2025 17:00,121,4,Friday,12,0,0,random_or_none,1,rainy,0.77,260,0,0,0,0,0,0,0,extreme_weather,2,127,106
12/12/2025 18:00,127,4,Friday,12,0,0,random_or_none,1,rainy,0.839,260,0,0,0,0,0,0,0,extreme_weather,2,128,107
12/12/2025 19:00,128,4,Friday,12,0,0,random_or_none,1,rainy,0.838,260,0,0,0,0,0,0,0,extreme_weather,2,124,106
12/12/2025 20:00,124,4,Friday,12,0,0,random_or_none,1,rainy,0.943,260,0,0,0,0,0,0,0,extreme_weather,2,115,107
12/12/2025 21:00,115,4,Friday,12,0,0,random_or_none,1,rainy,0.97,260,0,0,0,0,0,0,0,extreme_weather,2,110,93
12/12/2025 22:00,110,4,Friday,12,0,0,random_or_none,1,rainy,0.877,260,0,0,0,0,0,0,0,extreme_weather,2,100,87
12/12/2025 23:00,100,4,Friday,12,0,0,random_or_none,1,rainy,0.799,260,0,0,0,0,0,0,0,extreme_weather,2,84,74
12/13/2025 0:00,84,5,Saturday,12,1,0,random_or_none,1,rainy,0.905,260,0,0,0,0,0,0,0,extreme_weather,2,65,61
12/13/2025 1:00,65,5,Saturday,12,1,0,random_or_none,5,windy,0.963,260,0,0,0,0,0,0,0,extreme_weather,2,56,63
12/13/2025 2:00,56,5,Saturday,12,1,0,random_or_none,1,rainy,0.829,260,0,0,0,0,0,0,0,extreme_weather,2,54,55
12/13/2025 3:00,54,5,Saturday,12,1,0,random_or_none,5,windy,0.88,260,0,0,0,0,0,0,0,extreme_weather,2,55,55
12/13/2025 4:00,55,5,Saturday,12,1,0,random_or_none,1,rainy,0.822,260,0,0,0,0,0,0,0,extreme_weather,2,57,57
12/13/2025 5:00,57,5,Saturday,12,1,0,random_or_none,5,windy,0.857,260,0,0,0,0,0,0,0,extreme_weather,2,66,61
12/13/2025 6:00,66,5,Saturday,12,1,0,random_or_none,1,rainy,0.852,260,0,0,0,0,0,0,0,extreme_weather,2,69,62
12/13/2025 7:00,69,5,Saturday,12,1,0,random_or_none,5,windy,0.982,260,0,0,0,0,0,0,0,extreme_weather,2,63,68
12/13/2025 8:00,63,5,Saturday,12,1,0,random_or_none,5,windy,0.761,260,0,0,0,0,0,0,0,extreme_weather,2,77,77
12/13/2025 9:00,77,5,Saturday,12,1,0,random_or_none,5,windy,0.938,260,0,0,0,0,0,0,0,extreme_weather,2,87,82
12/13/2025 10:00,87,5,Saturday,12,1,0,random_or_none,5,windy,0.917,260,0,0,0,0,0,0,0,extreme_weather,2,95,85
12/13/2025 11:00,95,5,Saturday,12,1,0,random_or_none,1,rainy,0.922,260,0,0,0,0,0,0,0,extreme_weather,2,104,88
12/13/2025 12:00,104,5,Saturday,12,1,0,random_or_none,1,rainy,0.907,260,0,0,0,0,0,0,0,extreme_weather,2,103,101
12/13/2025 13:00,103,5,Saturday,12,1,0,random_or_none,5,windy,0.946,260,0,0,0,0,0,0,0,extreme_weather,2,114,107
12/13/2025 14:00,114,5,Saturday,12,1,0,random_or_none,1,rainy,0.948,260,0,0,0,0,0,0,0,extreme_weather,2,117,158
12/13/2025 15:00,117,5,Saturday,12,1,0,random_or_none,1,rainy,0.779,260,0,0,0,0,0,0,0,extreme_weather,2,108,134
12/13/2025 16:00,108,5,Saturday,12,1,0,random_or_none,5,windy,0.771,260,0,0,0,0,0,0,0,extreme_weather,2,106,131
12/13/2025 17:00,106,5,Saturday,12,1,0,random_or_none,1,rainy,0.916,260,0,0,0,0,0,0,0,extreme_weather,2,107,125
12/13/2025 18:00,107,5,Saturday,12,1,0,random_or_none,1,rainy,0.758,260,0,0,0,0,0,0,0,extreme_weather,2,106,121
12/13/2025 19:00,106,5,Saturday,12,1,0,random_or_none,1,rainy,0.759,260,0,0,0,0,0,0,0,extreme_weather,2,107,110
12/13/2025 20:00,107,5,Saturday,12,1,0,random_or_none,1,rainy,0.912,260,0,0,0,0,0,0,0,extreme_weather,2,93,106
12/13/2025 21:00,93,5,Saturday,12,1,0,random_or_none,5,windy,0.848,260,0,0,0,0,0,0,0,extreme_weather,2,87,91
12/13/2025 22:00,87,5,Saturday,12,1,0,random_or_none,1,rainy,0.831,260,0,0,0,0,0,0,0,extreme_weather,2,74,87
12/13/2025 23:00,74,5,Saturday,12,1,0,random_or_none,5,windy,0.943,260,0,0,0,0,0,0,0,extreme_weather,2,61,78
12/14/2025 0:00,61,6,Sunday,12,1,0,random_or_none,5,windy,0.903,260,0,0,0,0,0,0,0,extreme_weather,2,63,78
12/14/2025 1:00,63,6,Sunday,12,1,0,random_or_none,1,rainy,0.839,260,0,0,0,0,0,0,0,extreme_weather,2,55,82
12/14/2025 2:00,55,6,Sunday,12,1,0,random_or_none,1,rainy,0.993,260,0,0,0,0,0,0,0,extreme_weather,2,55,80
12/14/2025 3:00,55,6,Sunday,12,1,0,random_or_none,1,rainy,0.961,260,0,0,0,0,0,0,0,extreme_weather,2,57,80
12/14/2025 4:00,57,6,Sunday,12,1,0,random_or_none,1,rainy,0.891,260,0,0,0,0,0,0,0,extreme_weather,2,61,76
12/14/2025 5:00,61,6,Sunday,12,1,0,random_or_none,1,rainy,0.779,260,0,0,0,0,0,0,0,extreme_weather,2,62,80
12/14/2025 6:00,62,6,Sunday,12,1,0,random_or_none,1,rainy,0.754,260,0,0,0,0,0,0,0,extreme_weather,2,68,85
12/14/2025 7:00,68,6,Sunday,12,1,0,random_or_none,1,rainy,0.845,260,0,0,0,0,0,0,0,extreme_weather,2,77,87
12/14/2025 8:00,77,6,Sunday,12,1,0,random_or_none,1,rainy,0.86,260,0,0,0,0,0,0,0,extreme_weather,2,82,90
12/14/2025 9:00,82,6,Sunday,12,1,0,random_or_none,1,rainy,0.793,260,0,0,0,0,0,0,0,extreme_weather,2,85,101
12/14/2025 10:00,85,6,Sunday,12,1,0,random_or_none,1,rainy,0.982,260,0,0,0,0,0,0,0,extreme_weather,2,88,145
12/14/2025 11:00,88,6,Sunday,12,1,0,random_or_none,1,rainy,0.912,260,0,0,0,0,0,0,0,extreme_weather,2,101,140
12/14/2025 12:00,101,6,Sunday,12,1,0,random_or_none,1,rainy,0.94,260,0,0,0,0,0,0,0,extreme_weather,2,107,131
12/14/2025 13:00,107,6,Sunday,12,1,0,random_or_none,5,windy,0.957,260,0,0,0,0,0,0,0,extreme_weather,2,158,140
12/14/2025 14:00,158,6,Sunday,12,1,0,random_or_none,1,rainy,0.854,260,0,1,103.74,0,0,0,0,emergency_spike,5,134,134
12/14/2025 15:00,134,6,Sunday,12,1,0,random_or_none,5,windy,0.935,260,0,0,0,0,0,0,0,extreme_weather,2,131,133
12/14/2025 16:00,131,6,Sunday,12,1,0,random_or_none,1,rainy,0.932,260,0,0,0,0,0,0,0,extreme_weather,2,125,135
12/14/2025 17:00,125,6,Sunday,12,1,0,random_or_none,5,windy,0.954,260,0,0,0,0,0,0,0,extreme_weather,2,121,133
12/14/2025 18:00,121,6,Sunday,12,1,0,random_or_none,1,rainy,0.901,260,0,0,0,0,0,0,0,extreme_weather,2,110,130
12/14/2025 19:00,110,6,Sunday,12,1,0,random_or_none,1,rainy,0.793,260,0,0,0,0,0,0,0,extreme_weather,2,106,129
12/14/2025 20:00,106,6,Sunday,12,1,0,random_or_none,5,windy,0.78,260,0,0,0,0,0,0,0,extreme_weather,2,91,121
12/14/2025 21:00,91,6,Sunday,12,1,0,random_or_none,1,rainy,0.798,260,0,0,0,0,0,0,0,extreme_weather,2,87,118
12/14/2025 22:00,87,6,Sunday,12,1,0,random_or_none,1,rainy,0.986,260,0,0,0,0,0,0,0,extreme_weather,2,78,108
12/14/2025 23:00,78,6,Sunday,12,1,0,random_or_none,1,rainy,0.961,260,0,0,0,0,0,0,0,extreme_weather,2,78,96
12/15/2025 0:00,78,0,Monday,12,0,0,random_or_none,1,rainy,0.943,260,0,0,0,0,0,0,0,extreme_weather,2,82,78
12/15/2025 1:00,82,0,Monday,12,0,0,random_or_none,1,rainy,0.976,260,0,0,0,0,0,0,0,extreme_weather,2,80,72
12/15/2025 2:00,80,0,Monday,12,0,0,random_or_none,1,rainy,0.768,260,0,0,0,0,0,0,0,extreme_weather,2,80,67
12/15/2025 3:00,80,0,Monday,12,0,0,random_or_none,1,rainy,0.776,260,0,0,0,0,0,0,0,extreme_weather,2,76,68
12/15/2025 4:00,76,0,Monday,12,0,0,random_or_none,1,rainy,0.97,260,0,0,0,0,0,0,0,extreme_weather,2,80,65
12/15/2025 5:00,80,0,Monday,12,0,0,random_or_none,5,windy,0.948,260,0,0,0,0,0,0,0,extreme_weather,2,85,75
12/15/2025 6:00,85,0,Monday,12,0,0,random_or_none,1,rainy,0.862,260,0,0,0,0,0,0,0,extreme_weather,2,87,82
12/15/2025 7:00,87,0,Monday,12,0,0,random_or_none,1,rainy,0.947,260,0,0,0,0,0,0,0,extreme_weather,2,90,82
12/15/2025 8:00,90,0,Monday,12,0,0,random_or_none,5,windy,0.957,260,0,0,0,0,0,0,0,extreme_weather,2,101,90
12/15/2025 9:00,101,0,Monday,12,0,0,random_or_none,5,windy,0.977,260,0,0,0,0,0,0,0,extreme_weather,2,145,96
12/15/2025 10:00,145,0,Monday,12,0,0,random_or_none,1,rainy,0.941,260,0,1,70.04,0,0,0,0,emergency_spike,5,140,102
12/15/2025 11:00,140,0,Monday,12,0,0,random_or_none,1,rainy,0.899,260,0,0,0,0,0,0,0,extreme_weather,2,131,101
12/15/2025 12:00,131,0,Monday,12,0,0,random_or_none,1,rainy,0.797,260,0,0,0,0,0,0,0,extreme_weather,2,140,110
12/15/2025 13:00,140,0,Monday,12,0,0,random_or_none,1,rainy,0.776,260,0,0,0,0,0,0,0,extreme_weather,2,134,116
12/15/2025 14:00,134,0,Monday,12,0,0,random_or_none,1,rainy,0.765,260,0,0,0,0,0,0,0,extreme_weather,2,133,119
12/15/2025 15:00,133,0,Monday,12,0,0,random_or_none,1,rainy,0.968,260,0,0,0,0,0,0,0,extreme_weather,2,135,124
12/15/2025 16:00,135,0,Monday,12,0,0,random_or_none,5,windy,0.81,260,0,0,0,0,0,0,0,extreme_weather,2,133,125
12/15/2025 17:00,133,0,Monday,12,0,0,random_or_none,1,rainy,0.771,260,0,0,0,0,0,0,0,extreme_weather,2,130,122
12/15/2025 18:00,130,0,Monday,12,0,0,random_or_none,1,rainy,0.796,260,0,0,0,0,0,0,0,extreme_weather,2,129,118
12/15/2025 19:00,129,0,Monday,12,0,0,random_or_none,5,windy,0.952,260,0,0,0,0,0,0,0,extreme_weather,2,121,123
12/15/2025 20:00,121,0,Monday,12,0,0,random_or_none,1,rainy,0.786,260,0,0,0,0,0,0,0,extreme_weather,2,118,112
12/15/2025 21:00,118,0,Monday,12,0,0,random_or_none,5,windy,0.99,260,0,0,0,0,0,0,0,extreme_weather,2,108,103
12/15/2025 22:00,108,0,Monday,12,0,0,random_or_none,1,rainy,0.854,260,0,0,0,0,0,0,0,extreme_weather,2,96,95
12/15/2025 23:00,96,0,Monday,12,0,0,random_or_none,2,cold,0.652,260,0,0,0,0,0,0,0,normal,0,78,91
12/16/2025 0:00,78,1,Tuesday,12,0,0,random_or_none,0,sunny,0.006,260,0,0,0,0,0,0,0,normal,0,72,89
12/16/2025 1:00,72,1,Tuesday,12,0,0,random_or_none,2,cold,1,260,0,0,0,0,0,0,0,extreme_weather,2,67,78
12/16/2025 2:00,67,1,Tuesday,12,0,0,random_or_none,0,sunny,0.148,260,0,0,0,0,0,0,0,normal,0,68,95
12/16/2025 3:00,68,1,Tuesday,12,0,0,random_or_none,1,rainy,0.549,260,0,0,0,0,0,0,0,normal,0,65,80
12/16/2025 4:00,65,1,Tuesday,12,0,0,random_or_none,0,sunny,0.236,260,0,0,0,0,0,0,0,normal,0,75,132
12/16/2025 5:00,75,1,Tuesday,12,0,0,random_or_none,2,cold,0.947,260,0,0,0,0,0,0,0,extreme_weather,2,82,107
12/16/2025 6:00,82,1,Tuesday,12,0,0,random_or_none,1,rainy,1,260,0,0,0,0,0,0,0,extreme_weather,2,82,88
12/16/2025 7:00,82,1,Tuesday,12,0,0,random_or_none,0,sunny,0.054,260,0,0,0,0,0,0,0,normal,0,90,92
12/16/2025 8:00,90,1,Tuesday,12,0,0,random_or_none,2,cold,0.893,260,0,0,0,0,0,0,0,extreme_weather,2,96,123
12/16/2025 9:00,96,1,Tuesday,12,0,0,random_or_none,1,rainy,1,260,0,0,0,0,0,0,0,extreme_weather,2,102,110
12/16/2025 10:00,102,1,Tuesday,12,0,0,random_or_none,1,rainy,0.559,260,0,0,0,0,0,0,0,normal,0,101,103
12/16/2025 11:00,101,1,Tuesday,12,0,0,random_or_none,1,rainy,0.276,260,0,0,0,0,0,0,0,normal,0,110,105
12/16/2025 12:00,110,1,Tuesday,12,0,0,random_or_none,2,cold,0.474,260,0,0,0,0,0,0,0,normal,0,116,107
12/16/2025 13:00,116,1,Tuesday,12,0,0,random_or_none,1,rainy,0.763,260,0,0,0,0,0,0,0,extreme_weather,2,119,116
12/16/2025 14:00,119,1,Tuesday,12,0,0,random_or_none,2,cold,0.373,260,0,0,0,0,0,0,0,normal,0,124,121
12/16/2025 15:00,124,1,Tuesday,12,0,0,random_or_none,0,sunny,0.104,260,0,0,0,0,0,0,0,normal,0,125,124
12/16/2025 16:00,125,1,Tuesday,12,0,0,random_or_none,2,cold,0.389,260,0,0,0,0,0,0,0,normal,0,122,128
12/16/2025 17:00,122,1,Tuesday,12,0,0,random_or_none,2,cold,0.618,260,0,0,0,0,0,0,0,normal,0,118,127
12/16/2025 18:00,118,1,Tuesday,12,0,0,random_or_none,0,sunny,0.201,260,0,0,0,0,0,0,0,normal,0,123,123
12/16/2025 19:00,123,1,Tuesday,12,0,0,random_or_none,2,cold,1,260,0,0,0,0,0,0,0,extreme_weather,2,112,126
12/16/2025 20:00,112,1,Tuesday,12,0,0,random_or_none,0,sunny,0.126,260,0,0,0,0,0,0,0,normal,0,103,114
12/16/2025 21:00,103,1,Tuesday,12,0,0,random_or_none,0,sunny,0.118,260,0,0,0,0,0,0,0,normal,0,95,102
12/16/2025 22:00,95,1,Tuesday,12,0,0,random_or_none,1,rainy,0.362,260,0,0,0,0,0,0,0,normal,0,91,89
12/16/2025 23:00,91,1,Tuesday,12,0,0,random_or_none,1,rainy,0.803,260,0,0,0,0,0,0,0,extreme_weather,2,89,80
12/17/2025 0:00,89,2,Wednesday,12,0,0,random_or_none,2,cold,0.978,260,0,0,0,0,0,0,0,extreme_weather,2,78,75
12/17/2025 1:00,78,2,Wednesday,12,0,0,random_or_none,2,cold,0.38,260,0,0,0,0,0,0,0,normal,0,95,68
12/17/2025 2:00,95,2,Wednesday,12,0,0,random_or_none,2,cold,0.579,260,0,1,51.06,0,0,0,0,emergency_spike,5,80,55
12/17/2025 3:00,80,2,Wednesday,12,0,0,random_or_none,0,sunny,0.237,260,0,0,0,0,0,0,0,normal,0,132,57
12/17/2025 4:00,132,2,Wednesday,12,0,0,random_or_none,0,sunny,0.114,260,0,1,130.21,0,0,0,0,emergency_spike,5,107,63
12/17/2025 5:00,107,2,Wednesday,12,0,0,random_or_none,4,dusty,0.241,260,0,0,0,0,0,0,0,normal,0,88,57
12/17/2025 6:00,88,2,Wednesday,12,0,0,random_or_none,2,cold,0.532,260,0,0,0,0,0,0,0,normal,0,92,61
12/17/2025 7:00,92,2,Wednesday,12,0,0,random_or_none,2,cold,0.528,260,0,0,0,0,0,0,0,normal,0,123,78
12/17/2025 8:00,123,2,Wednesday,12,0,0,random_or_none,0,sunny,0.067,260,0,1,76,0,0,0,0,emergency_spike,5,110,87
12/17/2025 9:00,110,2,Wednesday,12,0,0,random_or_none,5,windy,0.371,260,0,0,0,0,0,0,0,normal,0,103,87
12/17/2025 10:00,103,2,Wednesday,12,0,0,random_or_none,5,windy,0.185,260,0,0,0,0,0,0,0,normal,0,105,94
12/17/2025 11:00,105,2,Wednesday,12,0,0,random_or_none,2,cold,0.705,260,0,0,0,0,0,0,0,normal,0,107,101
12/17/2025 12:00,107,2,Wednesday,12,0,0,random_or_none,2,cold,0.945,260,0,0,0,0,0,0,0,extreme_weather,2,116,114
12/17/2025 13:00,116,2,Wednesday,12,0,0,random_or_none,1,rainy,0.388,260,0,0,0,0,0,0,0,normal,0,121,116
12/17/2025 14:00,121,2,Wednesday,12,0,0,random_or_none,1,rainy,0.39,260,0,0,0,0,0,0,0,normal,0,124,115
12/17/2025 15:00,124,2,Wednesday,12,0,0,random_or_none,1,rainy,0.328,260,0,0,0,0,0,0,0,normal,0,128,116
12/17/2025 16:00,128,2,Wednesday,12,0,0,random_or_none,4,dusty,0.788,260,0,0,0,0,0,0,0,extreme_weather,2,127,128
12/17/2025 17:00,127,2,Wednesday,12,0,0,random_or_none,2,cold,0.76,260,0,0,0,0,0,0,0,extreme_weather,2,123,124
12/17/2025 18:00,123,2,Wednesday,12,0,0,random_or_none,2,cold,0.477,260,0,0,0,0,0,0,0,normal,0,126,123
12/17/2025 19:00,126,2,Wednesday,12,0,0,random_or_none,1,rainy,0.507,260,0,0,0,0,0,0,0,normal,0,114,121
12/17/2025 20:00,114,2,Wednesday,12,0,0,random_or_none,2,cold,0.865,260,0,0,0,0,0,0,0,extreme_weather,2,102,117
12/17/2025 21:00,102,2,Wednesday,12,0,0,random_or_none,5,windy,0.658,260,0,0,0,0,0,0,0,normal,0,89,104
12/17/2025 22:00,89,2,Wednesday,12,0,0,random_or_none,2,cold,0.371,260,0,0,0,0,0,0,0,normal,0,80,97
12/17/2025 23:00,80,2,Wednesday,12,0,0,random_or_none,0,sunny,0.183,260,0,0,0,0,0,0,0,normal,0,75,86
12/18/2025 0:00,75,3,Thursday,12,0,0,random_or_none,2,cold,0.895,260,0,0,0,0,0,0,0,extreme_weather,2,68,75
12/18/2025 1:00,68,3,Thursday,12,0,0,random_or_none,0,sunny,0.04,260,0,0,0,0,0,0,0,normal,0,55,69
12/18/2025 2:00,55,3,Thursday,12,0,0,random_or_none,2,cold,0.421,260,0,0,0,0,0,0,0,normal,0,57,73
12/18/2025 3:00,57,3,Thursday,12,0,0,random_or_none,0,sunny,0.338,260,0,0,0,0,0,0,0,normal,0,63,79
12/18/2025 4:00,63,3,Thursday,12,0,0,random_or_none,2,cold,0.735,260,0,0,0,0,0,0,0,normal,0,57,76
12/18/2025 5:00,57,3,Thursday,12,0,0,random_or_none,0,sunny,0.092,260,0,0,0,0,0,0,0,normal,0,61,74
12/18/2025 6:00,61,3,Thursday,12,0,0,random_or_none,0,sunny,0.239,260,0,0,0,0,0,0,0,normal,0,78,75
12/18/2025 7:00,78,3,Thursday,12,0,0,random_or_none,2,cold,0.293,260,0,0,0,0,0,0,0,normal,0,87,84
12/18/2025 8:00,87,3,Thursday,12,0,0,random_or_none,2,cold,0.525,260,0,0,0,0,0,0,0,normal,0,87,87
12/18/2025 9:00,87,3,Thursday,12,0,0,random_or_none,2,cold,0.949,260,0,0,0,0,0,0,0,extreme_weather,2,94,97
12/18/2025 10:00,94,3,Thursday,12,0,0,random_or_none,2,cold,0.875,260,0,0,0,0,0,0,0,extreme_weather,2,101,103
12/18/2025 11:00,101,3,Thursday,12,0,0,random_or_none,0,sunny,0.233,260,0,0,0,0,0,0,0,normal,0,114,116
12/18/2025 12:00,114,3,Thursday,12,0,0,random_or_none,0,sunny,0.031,260,0,0,0,0,0,0,0,normal,0,116,115
12/18/2025 13:00,116,3,Thursday,12,0,0,random_or_none,1,rainy,0.648,260,0,0,0,0,0,0,0,normal,0,115,125
12/18/2025 14:00,115,3,Thursday,12,0,0,random_or_none,2,cold,0.257,260,0,0,0,0,0,0,0,normal,0,116,130
12/18/2025 15:00,116,3,Thursday,12,0,0,random_or_none,2,cold,0.959,260,0,0,0,0,0,0,0,extreme_weather,2,128,132
12/18/2025 16:00,128,3,Thursday,12,0,0,random_or_none,5,windy,0.805,260,0,0,0,0,0,0,0,extreme_weather,2,124,130
12/18/2025 17:00,124,3,Thursday,12,0,0,random_or_none,2,cold,0.558,260,0,0,0,0,0,0,0,normal,0,123,130
12/18/2025 18:00,123,3,Thursday,12,0,0,random_or_none,5,windy,0.377,260,0,0,0,0,0,0,0,normal,0,121,129
12/18/2025 19:00,121,3,Thursday,12,0,0,random_or_none,2,cold,0.93,260,0,0,0,0,0,0,0,extreme_weather,2,117,124
12/18/2025 20:00,117,3,Thursday,12,0,0,random_or_none,1,rainy,0.976,260,0,0,0,0,0,0,0,extreme_weather,2,104,115
12/18/2025 21:00,104,3,Thursday,12,0,0,random_or_none,0,sunny,0.022,260,0,0,0,0,0,0,0,normal,0,97,107
12/18/2025 22:00,97,3,Thursday,12,0,0,random_or_none,3,hot,0.385,260,0,0,0,0,0,0,0,normal,0,86,99
12/18/2025 23:00,86,3,Thursday,12,0,0,random_or_none,1,rainy,0.554,260,0,0,0,0,0,0,0,normal,0,75,90
12/19/2025 0:00,75,4,Friday,12,0,0,random_or_none,0,sunny,0.283,260,0,0,0,0,0,0,0,normal,0,69,70
12/19/2025 1:00,69,4,Friday,12,0,0,random_or_none,2,cold,0.953,260,0,0,0,0,0,0,0,extreme_weather,2,73,51
12/19/2025 2:00,73,4,Friday,12,0,0,random_or_none,2,cold,0.808,260,0,0,0,0,0,0,0,extreme_weather,2,79,170
12/19/2025 3:00,79,4,Friday,12,0,0,random_or_none,2,cold,0.655,260,0,0,0,0,0,0,0,normal,0,76,117
12/19/2025 4:00,76,4,Friday,12,0,0,random_or_none,2,cold,0.639,260,0,0,0,0,0,0,0,normal,0,74,89
12/19/2025 5:00,74,4,Friday,12,0,0,random_or_none,0,sunny,0.167,260,0,0,0,0,0,0,0,normal,0,75,82
12/19/2025 6:00,75,4,Friday,12,0,0,random_or_none,1,rainy,1,260,0,0,0,0,0,0,0,extreme_weather,2,84,68
12/19/2025 7:00,84,4,Friday,12,0,0,random_or_none,2,cold,0.381,260,0,0,0,0,0,0,0,normal,0,87,67
12/19/2025 8:00,87,4,Friday,12,0,0,random_or_none,1,rainy,0.885,260,0,0,0,0,0,0,0,extreme_weather,2,97,71
12/19/2025 9:00,97,4,Friday,12,0,0,random_or_none,5,windy,0.49,260,0,0,0,0,0,0,0,normal,0,103,80
12/19/2025 10:00,103,4,Friday,12,0,0,random_or_none,2,cold,0.88,260,0,0,0,0,0,0,0,extreme_weather,2,116,88
12/19/2025 11:00,116,4,Friday,12,0,0,random_or_none,2,cold,0.886,260,0,0,0,0,0,0,0,extreme_weather,2,115,99
12/19/2025 12:00,115,4,Friday,12,0,0,random_or_none,2,cold,0.609,260,0,0,0,0,0,0,0,normal,0,125,104
12/19/2025 13:00,125,4,Friday,12,0,0,random_or_none,1,rainy,0.724,260,0,0,0,0,0,0,0,normal,0,130,110
12/19/2025 14:00,130,4,Friday,12,0,0,random_or_none,1,rainy,0.339,260,0,0,0,0,0,0,0,normal,0,132,109
12/19/2025 15:00,132,4,Friday,12,0,0,random_or_none,0,sunny,0.027,260,0,0,0,0,0,0,0,normal,0,130,110
12/19/2025 16:00,130,4,Friday,12,0,0,random_or_none,5,windy,0.748,260,0,0,0,0,0,0,0,normal,0,130,120
12/19/2025 17:00,130,4,Friday,12,0,0,random_or_none,1,rainy,0.591,260,0,0,0,0,0,0,0,normal,0,129,113
12/19/2025 18:00,129,4,Friday,12,0,0,random_or_none,1,rainy,0.781,260,0,0,0,0,0,0,0,extreme_weather,2,124,112
12/19/2025 19:00,124,4,Friday,12,0,0,random_or_none,1,rainy,0.339,260,0,0,0,0,0,0,0,normal,0,115,102
12/19/2025 20:00,115,4,Friday,12,0,0,random_or_none,1,rainy,0.573,260,0,0,0,0,0,0,0,normal,0,107,96
12/19/2025 21:00,107,4,Friday,12,0,0,random_or_none,1,rainy,0.581,260,0,0,0,0,0,0,0,normal,0,99,88
12/19/2025 22:00,99,4,Friday,12,0,0,random_or_none,2,cold,1,260,0,0,0,0,0,0,0,extreme_weather,2,90,79
12/19/2025 23:00,90,4,Friday,12,0,0,random_or_none,2,cold,0.919,260,0,0,0,0,0,0,0,extreme_weather,2,70,69
12/20/2025 0:00,70,5,Saturday,12,1,0,random_or_none,0,sunny,0.012,260,0,0,0,0,0,0,0,normal,0,51,58
12/20/2025 1:00,51,5,Saturday,12,1,0,random_or_none,0,sunny,0.276,260,0,0,0,0,0,0,0,normal,0,170,65
12/20/2025 2:00,170,5,Saturday,12,1,0,random_or_none,1,rainy,0.851,260,0,1,243.12,0,0,0,0,emergency_spike,5,117,57
12/20/2025 3:00,117,5,Saturday,12,1,0,random_or_none,2,cold,0.607,260,0,0,0,0,0,0,0,normal,0,89,51
12/20/2025 4:00,89,5,Saturday,12,1,0,random_or_none,2,cold,0.718,260,0,0,0,0,0,0,0,normal,0,82,45
12/20/2025 5:00,82,5,Saturday,12,1,0,random_or_none,1,rainy,0.955,260,0,0,0,0,0,0,0,extreme_weather,2,68,52
12/20/2025 6:00,68,5,Saturday,12,1,0,random_or_none,0,sunny,0.065,260,0,0,0,0,0,0,0,normal,0,67,128
12/20/2025 7:00,67,5,Saturday,12,1,0,random_or_none,0,sunny,0.248,260,0,0,0,0,0,0,0,normal,0,71,105
12/20/2025 8:00,71,5,Saturday,12,1,0,random_or_none,0,sunny,0.33,260,0,0,0,0,0,0,0,normal,0,80,94
12/20/2025 9:00,80,5,Saturday,12,1,0,random_or_none,1,rainy,0.438,260,0,0,0,0,0,0,0,normal,0,88,86
12/20/2025 10:00,88,5,Saturday,12,1,0,random_or_none,2,cold,0.429,260,0,0,0,0,0,0,0,normal,0,99,94
12/20/2025 11:00,99,5,Saturday,12,1,0,random_or_none,1,rainy,0.889,260,0,0,0,0,0,0,0,extreme_weather,2,104,99
12/20/2025 12:00,104,5,Saturday,12,1,0,random_or_none,5,windy,0.657,260,0,0,0,0,0,0,0,normal,0,110,141
12/20/2025 13:00,110,5,Saturday,12,1,0,random_or_none,2,cold,0.565,260,0,0,0,0,0,0,0,normal,0,109,127
12/20/2025 14:00,109,5,Saturday,12,1,0,random_or_none,2,cold,0.755,260,0,0,0,0,0,0,0,extreme_weather,2,110,116
12/20/2025 15:00,110,5,Saturday,12,1,0,random_or_none,2,cold,0.894,260,0,0,0,0,0,0,0,extreme_weather,2,120,111
12/20/2025 16:00,120,5,Saturday,12,1,0,random_or_none,1,rainy,0.927,260,0,0,0,0,0,0,0,extreme_weather,2,113,117
12/20/2025 17:00,113,5,Saturday,12,1,0,random_or_none,2,cold,0.829,260,0,0,0,0,0,0,0,extreme_weather,2,112,108
12/20/2025 18:00,112,5,Saturday,12,1,0,random_or_none,5,windy,0.561,260,0,0,0,0,0,0,0,normal,0,102,106
12/20/2025 19:00,102,5,Saturday,12,1,0,random_or_none,2,cold,0.539,260,0,0,0,0,0,0,0,normal,0,96,110
12/20/2025 20:00,96,5,Saturday,12,1,0,random_or_none,1,rainy,0.501,260,0,0,0,0,0,0,0,normal,0,88,105
12/20/2025 21:00,88,5,Saturday,12,1,0,random_or_none,5,windy,0.828,260,0,0,0,0,0,0,0,extreme_weather,2,79,97
12/20/2025 22:00,79,5,Saturday,12,1,0,random_or_none,2,cold,0.395,260,0,0,0,0,0,0,0,normal,0,69,84
12/20/2025 23:00,69,5,Saturday,12,1,0,random_or_none,2,cold,0.351,260,0,0,0,0,0,0,0,normal,0,58,80
12/21/2025 0:00,58,6,Sunday,12,1,0,random_or_none,0,sunny,0.237,260,0,0,0,0,0,0,0,normal,0,65,121
12/21/2025 1:00,65,6,Sunday,12,1,0,random_or_none,2,cold,0.71,260,0,0,0,0,0,0,0,normal,0,57,97
12/21/2025 2:00,57,6,Sunday,12,1,0,random_or_none,5,windy,0.228,260,0,0,0,0,0,0,0,normal,0,51,83
12/21/2025 3:00,51,6,Sunday,12,1,0,random_or_none,2,cold,0.333,260,0,0,0,0,0,0,0,normal,0,45,80
12/21/2025 4:00,45,6,Sunday,12,1,0,random_or_none,2,cold,0.897,260,0,0,0,0,0,0,0,extreme_weather,2,52,78
12/21/2025 5:00,52,6,Sunday,12,1,0,random_or_none,5,windy,0.69,260,0,0,0,0,0,0,0,normal,0,128,83
12/21/2025 6:00,128,6,Sunday,12,1,0,random_or_none,1,rainy,0.904,260,0,1,159.87,0,0,0,0,emergency_spike,5,105,82
12/21/2025 7:00,105,6,Sunday,12,1,0,random_or_none,0,sunny,0.072,260,0,0,0,0,0,0,0,normal,0,94,85
12/21/2025 8:00,94,6,Sunday,12,1,0,random_or_none,2,cold,0.929,260,0,0,0,0,0,0,0,extreme_weather,2,86,86
12/21/2025 9:00,86,6,Sunday,12,1,0,random_or_none,2,cold,0.242,260,0,0,0,0,0,0,0,normal,0,94,97
12/21/2025 10:00,94,6,Sunday,12,1,0,random_or_none,1,rainy,0.613,260,0,0,0,0,0,0,0,normal,0,99,108
12/21/2025 11:00,99,6,Sunday,12,1,0,random_or_none,1,rainy,0.506,260,0,0,0,0,0,0,0,normal,0,141,115
12/21/2025 12:00,141,6,Sunday,12,1,0,random_or_none,5,windy,0.335,260,0,1,95.33,0,0,0,0,emergency_spike,5,127,182
12/21/2025 13:00,127,6,Sunday,12,1,0,random_or_none,0,sunny,0.281,260,0,0,0,0,0,0,0,normal,0,116,160
12/21/2025 14:00,116,6,Sunday,12,1,0,random_or_none,2,cold,0.862,260,0,0,0,0,0,0,0,extreme_weather,2,111,145
12/21/2025 15:00,111,6,Sunday,12,1,0,random_or_none,2,cold,0.521,260,0,0,0,0,0,0,0,normal,0,117,185
12/21/2025 16:00,117,6,Sunday,12,1,0,random_or_none,1,rainy,0.989,260,0,0,0,0,0,0,0,extreme_weather,2,108,260
12/21/2025 17:00,108,6,Sunday,12,1,0,random_or_none,0,sunny,0.182,260,0,0,0,0,0,0,0,normal,0,106,200
12/21/2025 18:00,106,6,Sunday,12,1,0,random_or_none,0,sunny,0.193,260,0,0,0,0,0,0,0,normal,0,110,162
12/21/2025 19:00,110,6,Sunday,12,1,0,random_or_none,1,rainy,0.934,260,0,0,0,0,0,0,0,extreme_weather,2,105,143
12/21/2025 20:00,105,6,Sunday,12,1,0,random_or_none,1,rainy,0.579,260,0,0,0,0,0,0,0,normal,0,97,128
12/21/2025 21:00,97,6,Sunday,12,1,0,random_or_none,1,rainy,1,260,0,0,0,0,0,0,0,extreme_weather,2,84,111
12/21/2025 22:00,84,6,Sunday,12,1,0,random_or_none,1,rainy,0.822,260,0,0,0,0,0,0,0,extreme_weather,2,80,106
12/21/2025 23:00,80,6,Sunday,12,1,0,random_or_none,2,cold,0.984,260,0,0,0,0,0,0,0,extreme_weather,2,121,92
12/22/2025 0:00,121,0,Monday,12,0,0,random_or_none,5,windy,0.485,260,0,1,102.84,0,0,0,0,emergency_spike,5,97,86
12/22/2025 1:00,97,0,Monday,12,0,0,random_or_none,1,rainy,0.79,260,0,0,0,0,0,0,0,extreme_weather,2,83,83
12/22/2025 2:00,83,0,Monday,12,0,0,random_or_none,2,cold,0.393,260,0,0,0,0,0,0,0,normal,0,80,77
12/22/2025 3:00,80,0,Monday,12,0,0,random_or_none,2,cold,0.972,260,0,0,0,0,0,0,0,extreme_weather,2,78,77
12/22/2025 4:00,78,0,Monday,12,0,0,random_or_none,2,cold,0.415,260,0,0,0,0,0,0,0,normal,0,83,75
12/22/2025 5:00,83,0,Monday,12,0,0,random_or_none,2,cold,0.581,260,0,0,0,0,0,0,0,normal,0,82,73
12/22/2025 6:00,82,0,Monday,12,0,0,random_or_none,5,windy,0.311,260,0,0,0,0,0,0,0,normal,0,85,72
12/22/2025 7:00,85,0,Monday,12,0,0,random_or_none,2,cold,0.624,260,0,0,0,0,0,0,0,normal,0,86,83
12/22/2025 8:00,86,0,Monday,12,0,0,random_or_none,2,cold,0.994,260,0,0,0,0,0,0,0,extreme_weather,2,97,90
12/22/2025 9:00,97,0,Monday,12,0,0,random_or_none,2,cold,0.888,260,0,0,0,0,0,0,0,extreme_weather,2,108,100
12/22/2025 10:00,108,0,Monday,12,0,0,random_or_none,2,cold,0.564,260,0,0,0,0,0,0,0,normal,0,115,106
12/22/2025 11:00,115,0,Monday,12,0,0,random_or_none,0,sunny,0.021,260,0,0,0,0,0,0,0,normal,0,182,111
12/22/2025 12:00,182,0,Monday,12,0,0,random_or_none,2,cold,0.4,260,0,1,139.59,0,0,0,0,emergency_spike,5,160,119
12/22/2025 13:00,160,0,Monday,12,0,0,random_or_none,0,sunny,0.218,260,0,0,0,0,0,0,0,normal,0,145,126
12/22/2025 14:00,145,0,Monday,12,0,0,random_or_none,2,cold,0.562,260,0,0,0,0,0,0,0,normal,0,185,133
12/22/2025 15:00,185,0,Monday,12,0,0,random_or_none,1,rainy,0.996,260,0,1,106.04,0,0,0,0,emergency_spike,5,260,139
12/22/2025 16:00,260,0,Monday,12,0,0,random_or_none,5,windy,0.676,260,1,1,217.68,0,0,0,0,capacity_capped,6,200,136
12/22/2025 17:00,200,0,Monday,12,0,0,random_or_none,0,sunny,0.339,260,0,0,0,0,0,0,0,normal,0,162,126
12/22/2025 18:00,162,0,Monday,12,0,0,random_or_none,0,sunny,0.328,260,0,0,0,0,0,0,0,normal,0,143,130
12/22/2025 19:00,143,0,Monday,12,0,0,random_or_none,0,sunny,0.156,260,0,0,0,0,0,0,0,normal,0,128,128
12/22/2025 20:00,128,0,Monday,12,0,0,random_or_none,5,windy,0.554,260,0,0,0,0,0,0,0,normal,0,111,118
12/22/2025 21:00,111,0,Monday,12,0,0,random_or_none,3,hot,0.177,260,0,0,0,0,0,0,0,normal,0,106,111
12/22/2025 22:00,106,0,Monday,12,0,0,random_or_none,2,cold,0.973,260,0,0,0,0,0,0,0,extreme_weather,2,92,105
12/22/2025 23:00,92,0,Monday,12,0,0,random_or_none,5,windy,0.394,260,0,0,0,0,0,0,0,normal,0,86,99
12/23/2025 0:00,86,1,Tuesday,12,0,0,random_or_none,3,hot,0.158,260,0,0,0,0,0,0,0,normal,0,83,88
12/23/2025 1:00,83,1,Tuesday,12,0,0,random_or_none,1,rainy,0.929,260,0,0,0,0,0,0,0,extreme_weather,2,77,73
12/23/2025 2:00,77,1,Tuesday,12,0,0,random_or_none,2,cold,0.897,260,0,0,0,0,0,0,0,extreme_weather,2,77,69
12/23/2025 3:00,77,1,Tuesday,12,0,0,random_or_none,2,cold,0.336,260,0,0,0,0,0,0,0,normal,0,75,66
12/23/2025 4:00,75,1,Tuesday,12,0,0,random_or_none,2,cold,0.645,260,0,0,0,0,0,0,0,normal,0,73,56
12/23/2025 5:00,73,1,Tuesday,12,0,0,random_or_none,1,rainy,0.486,260,0,0,0,0,0,0,0,normal,0,72,109
12/23/2025 6:00,72,1,Tuesday,12,0,0,random_or_none,2,cold,0.873,260,0,0,0,0,0,0,0,extreme_weather,2,83,92
12/23/2025 7:00,83,1,Tuesday,12,0,0,random_or_none,2,cold,0.626,260,0,0,0,0,0,0,0,normal,0,90,92
12/23/2025 8:00,90,1,Tuesday,12,0,0,random_or_none,5,windy,0.552,260,0,0,0,0,0,0,0,normal,0,100,94
12/23/2025 9:00,100,1,Tuesday,12,0,0,random_or_none,2,cold,0.959,260,0,0,0,0,0,0,0,extreme_weather,2,106,94
12/23/2025 10:00,106,1,Tuesday,12,0,0,random_or_none,2,cold,0.566,260,0,0,0,0,0,0,0,normal,0,111,99
12/23/2025 11:00,111,1,Tuesday,12,0,0,random_or_none,2,cold,0.603,260,0,0,0,0,0,0,0,normal,0,119,107
12/23/2025 12:00,119,1,Tuesday,12,0,0,random_or_none,3,hot,0.24,260,0,0,0,0,0,0,0,normal,0,126,111
12/23/2025 13:00,126,1,Tuesday,12,0,0,random_or_none,2,cold,0.767,260,0,0,0,0,0,0,0,extreme_weather,2,133,112
12/23/2025 14:00,133,1,Tuesday,12,0,0,random_or_none,2,cold,0.715,260,0,0,0,0,0,0,0,normal,0,139,116
12/23/2025 15:00,139,1,Tuesday,12,0,0,random_or_none,1,rainy,0.998,260,0,0,0,0,0,0,0,extreme_weather,2,136,121
12/23/2025 16:00,136,1,Tuesday,12,0,0,random_or_none,2,cold,0.777,260,0,0,0,0,0,0,0,extreme_weather,2,126,119
12/23/2025 17:00,126,1,Tuesday,12,0,0,random_or_none,4,dusty,0.696,260,0,0,0,0,0,0,0,normal,0,130,120
12/23/2025 18:00,130,1,Tuesday,12,0,0,random_or_none,0,sunny,0.292,260,0,0,0,0,0,0,0,normal,0,128,125
12/23/2025 19:00,128,1,Tuesday,12,0,0,random_or_none,2,cold,0.922,260,0,0,0,0,0,0,0,extreme_weather,2,118,124
12/23/2025 20:00,118,1,Tuesday,12,0,0,random_or_none,1,rainy,0.602,260,0,0,0,0,0,0,0,normal,0,111,116
12/23/2025 21:00,111,1,Tuesday,12,0,0,random_or_none,2,cold,0.476,260,0,0,0,0,0,0,0,normal,0,105,101
12/23/2025 22:00,105,1,Tuesday,12,0,0,random_or_none,2,cold,0.987,260,0,0,0,0,0,0,0,extreme_weather,2,99,93
12/23/2025 23:00,99,1,Tuesday,12,0,0,random_or_none,2,cold,0.732,260,0,0,0,0,0,0,0,normal,0,88,84
12/24/2025 0:00,88,2,Wednesday,12,0,0,random_or_none,5,windy,0.8,260,0,0,0,0,0,0,0,extreme_weather,2,73,68
12/24/2025 1:00,73,2,Wednesday,12,0,0,random_or_none,1,rainy,0.529,260,0,0,0,0,0,0,0,normal,0,69,66
12/24/2025 2:00,69,2,Wednesday,12,0,0,random_or_none,5,windy,0.85,260,0,0,0,0,0,0,0,extreme_weather,2,66,57
12/24/2025 3:00,66,2,Wednesday,12,0,0,random_or_none,1,rainy,0.921,260,0,0,0,0,0,0,0,extreme_weather,2,56,66
12/24/2025 4:00,56,2,Wednesday,12,0,0,random_or_none,0,sunny,0.32,260,0,0,0,0,0,0,0,normal,0,109,64
12/24/2025 5:00,109,2,Wednesday,12,0,0,random_or_none,3,hot,0.166,260,0,1,105.96,0,0,0,0,emergency_spike,5,92,59
12/24/2025 6:00,92,2,Wednesday,12,0,0,random_or_none,2,cold,0.968,260,0,0,0,0,0,0,0,extreme_weather,2,92,62
12/24/2025 7:00,92,2,Wednesday,12,0,0,random_or_none,5,windy,0.266,260,0,0,0,0,0,0,0,normal,0,94,60
12/24/2025 8:00,94,2,Wednesday,12,0,0,random_or_none,1,rainy,0.95,260,0,0,0,0,0,0,0,extreme_weather,2,94,75
12/24/2025 9:00,94,2,Wednesday,12,0,0,random_or_none,2,cold,0.594,260,0,0,0,0,0,0,0,normal,0,99,85
12/24/2025 10:00,99,2,Wednesday,12,0,0,random_or_none,2,cold,0.477,260,0,0,0,0,0,0,0,normal,0,107,91
12/24/2025 11:00,107,2,Wednesday,12,0,0,random_or_none,2,cold,0.895,260,0,0,0,0,0,0,0,extreme_weather,2,111,95
12/24/2025 12:00,111,2,Wednesday,12,0,0,random_or_none,0,sunny,0.159,260,0,0,0,0,0,0,0,normal,0,112,157
12/24/2025 13:00,112,2,Wednesday,12,0,0,random_or_none,2,cold,0.595,260,0,0,0,0,0,0,0,normal,0,116,141
12/24/2025 14:00,116,2,Wednesday,12,0,0,random_or_none,0,sunny,0.264,260,0,0,0,0,0,0,0,normal,0,121,130
12/24/2025 15:00,121,2,Wednesday,12,0,0,random_or_none,2,cold,0.531,260,0,0,0,0,0,0,0,normal,0,119,118
12/24/2025 16:00,119,2,Wednesday,12,0,0,random_or_none,2,cold,0.785,260,0,0,0,0,0,0,0,extreme_weather,2,120,118
12/24/2025 17:00,120,2,Wednesday,12,0,0,random_or_none,0,sunny,0.296,260,0,0,0,0,0,0,0,normal,0,125,114
12/24/2025 18:00,125,2,Wednesday,12,0,0,random_or_none,2,cold,0.831,260,0,0,0,0,0,0,0,extreme_weather,2,124,112
12/24/2025 19:00,124,2,Wednesday,12,0,0,random_or_none,1,rainy,0.819,260,0,0,0,0,0,0,0,extreme_weather,2,116,109
12/24/2025 20:00,116,2,Wednesday,12,0,0,random_or_none,1,rainy,0.884,260,0,0,0,0,0,0,0,extreme_weather,2,101,103
12/24/2025 21:00,101,2,Wednesday,12,0,0,random_or_none,5,windy,0.508,260,0,0,0,0,0,0,0,normal,0,93,95
12/24/2025 22:00,93,2,Wednesday,12,0,0,random_or_none,0,sunny,0.039,260,0,0,0,0,0,0,0,normal,0,84,89
12/24/2025 23:00,84,2,Wednesday,12,0,0,random_or_none,1,rainy,0.96,260,0,0,0,0,0,0,0,extreme_weather,2,68,81
12/25/2025 0:00,68,3,Thursday,12,0,1,xmas,0,sunny,0.006,260,0,0,0,0,0,0,0,holiday,1,66,77
12/25/2025 1:00,66,3,Thursday,12,0,1,xmas,1,rainy,0.353,260,0,0,0,0,0,0,0,holiday,1,57,73
12/25/2025 2:00,57,3,Thursday,12,0,1,xmas,1,rainy,0.699,260,0,0,0,0,0,0,0,holiday,1,66,78
12/25/2025 3:00,66,3,Thursday,12,0,1,xmas,2,cold,0.53,260,0,0,0,0,0,0,0,holiday,1,64,77
12/25/2025 4:00,64,3,Thursday,12,0,1,xmas,1,rainy,0.595,260,0,0,0,0,0,0,0,holiday,1,59,76
12/25/2025 5:00,59,3,Thursday,12,0,1,xmas,0,sunny,0.263,260,0,0,0,0,0,0,0,holiday,1,62,74
12/25/2025 6:00,62,3,Thursday,12,0,1,xmas,2,cold,0.494,260,0,0,0,0,0,0,0,holiday,1,60,72
12/25/2025 7:00,60,3,Thursday,12,0,1,xmas,2,cold,0.675,260,0,0,0,0,0,0,0,holiday,1,75,87
12/25/2025 8:00,75,3,Thursday,12,0,1,xmas,2,cold,0.608,260,0,0,0,0,0,0,0,holiday,1,85,82
12/25/2025 9:00,85,3,Thursday,12,0,1,xmas,5,windy,0.257,260,0,0,0,0,0,0,0,holiday,1,91,99
12/25/2025 10:00,91,3,Thursday,12,0,1,xmas,2,cold,0.664,260,0,0,0,0,0,0,0,holiday,1,95,106
12/25/2025 11:00,95,3,Thursday,12,0,1,xmas,2,cold,0.927,260,0,0,0,0,0,0,0,extreme_weather,2,157,115
12/25/2025 12:00,157,3,Thursday,12,0,1,xmas,3,hot,0.804,260,0,1,128.13,0,0,0,0,emergency_spike,5,141,116
12/25/2025 13:00,141,3,Thursday,12,0,1,xmas,2,cold,0.794,260,0,0,0,0,0,0,0,extreme_weather,2,130,120
12/25/2025 14:00,130,3,Thursday,12,0,1,xmas,0,sunny,0.092,260,0,0,0,0,0,0,0,holiday,1,118,217
12/25/2025 15:00,118,3,Thursday,12,0,1,xmas,0,sunny,0.346,260,0,0,0,0,0,0,0,holiday,1,118,180
12/25/2025 16:00,118,3,Thursday,12,0,1,xmas,2,cold,0.315,260,0,0,0,0,0,0,0,holiday,1,114,163
12/25/2025 17:00,114,3,Thursday,12,0,1,xmas,2,cold,0.689,260,0,0,0,0,0,0,0,holiday,1,112,147
12/25/2025 18:00,112,3,Thursday,12,0,1,xmas,2,cold,0.425,260,0,0,0,0,0,0,0,holiday,1,109,137
12/25/2025 19:00,109,3,Thursday,12,0,1,xmas,2,cold,0.447,260,0,0,0,0,0,0,0,holiday,1,103,127
12/25/2025 20:00,103,3,Thursday,12,0,1,xmas,2,cold,0.898,260,0,0,0,0,0,0,0,extreme_weather,2,95,113
12/25/2025 21:00,95,3,Thursday,12,0,1,xmas,2,cold,0.707,260,0,0,0,0,0,0,0,holiday,1,89,107
12/25/2025 22:00,89,3,Thursday,12,0,1,xmas,1,rainy,0.661,260,0,0,0,0,0,0,0,holiday,1,81,91
12/25/2025 23:00,81,3,Thursday,12,0,1,xmas,1,rainy,0.47,260,0,0,0,0,0,0,0,holiday,1,77,89
12/26/2025 0:00,77,4,Friday,12,0,0,random_or_none,0,sunny,0.203,260,0,0,0,0,0,0,0,normal,0,73,76
12/26/2025 1:00,73,4,Friday,12,0,0,random_or_none,2,cold,0.888,260,0,0,0,0,0,0,0,extreme_weather,2,78,72
12/26/2025 2:00,78,4,Friday,12,0,0,random_or_none,2,cold,0.879,260,0,0,0,0,0,0,0,extreme_weather,2,77,62
12/26/2025 3:00,77,4,Friday,12,0,0,random_or_none,1,rainy,0.847,260,0,0,0,0,0,0,0,extreme_weather,2,76,132
12/26/2025 4:00,76,4,Friday,12,0,0,random_or_none,2,cold,0.807,260,0,0,0,0,0,0,0,extreme_weather,2,74,99
12/26/2025 5:00,74,4,Friday,12,0,0,random_or_none,2,cold,0.304,260,0,0,0,0,0,0,0,normal,0,72,81
12/26/2025 6:00,72,4,Friday,12,0,0,random_or_none,1,rainy,0.341,260,0,0,0,0,0,0,0,normal,0,87,72
12/26/2025 7:00,87,4,Friday,12,0,0,random_or_none,1,rainy,0.25,260,0,0,0,0,0,0,0,normal,0,82,68
12/26/2025 8:00,82,4,Friday,12,0,0,random_or_none,0,sunny,0.262,260,0,0,0,0,0,0,0,normal,0,99,72
12/26/2025 9:00,99,4,Friday,12,0,0,random_or_none,3,hot,0.694,260,0,0,0,0,0,0,0,normal,0,106,83
12/26/2025 10:00,106,4,Friday,12,0,0,random_or_none,2,cold,0.505,260,0,0,0,0,0,0,0,normal,0,115,94
12/26/2025 11:00,115,4,Friday,12,0,0,random_or_none,5,windy,0.418,260,0,0,0,0,0,0,0,normal,0,116,96
12/26/2025 12:00,116,4,Friday,12,0,0,random_or_none,5,windy,0.898,260,0,0,0,0,0,0,0,extreme_weather,2,120,99
12/26/2025 13:00,120,4,Friday,12,0,0,random_or_none,2,cold,0.776,260,0,0,0,0,0,0,0,extreme_weather,2,217,101
12/26/2025 14:00,217,4,Friday,12,0,0,random_or_none,1,rainy,0.57,260,0,1,202.41,0,0,0,0,emergency_spike,5,180,109
12/26/2025 15:00,180,4,Friday,12,0,0,random_or_none,5,windy,0.663,260,0,0,0,0,0,0,0,normal,0,163,106
12/26/2025 16:00,163,4,Friday,12,0,0,random_or_none,1,rainy,0.375,260,0,0,0,0,0,0,0,normal,0,147,111
12/26/2025 17:00,147,4,Friday,12,0,0,random_or_none,2,cold,0.385,260,0,0,0,0,0,0,0,normal,0,137,118
12/26/2025 18:00,137,4,Friday,12,0,0,random_or_none,2,cold,0.926,260,0,0,0,0,0,0,0,extreme_weather,2,127,140
12/26/2025 19:00,127,4,Friday,12,0,0,random_or_none,1,rainy,0.599,260,0,0,0,0,0,0,0,normal,0,113,126
12/26/2025 20:00,113,4,Friday,12,0,0,random_or_none,5,windy,0.592,260,0,0,0,0,0,0,0,normal,0,107,115
12/26/2025 21:00,107,4,Friday,12,0,0,random_or_none,1,rainy,0.504,260,0,0,0,0,0,0,0,normal,0,91,99
12/26/2025 22:00,91,4,Friday,12,0,0,random_or_none,0,sunny,0.339,260,0,0,0,0,0,0,0,normal,0,89,91
12/26/2025 23:00,89,4,Friday,12,0,0,random_or_none,1,rainy,0.769,260,0,0,0,0,0,0,0,extreme_weather,2,76,81
12/27/2025 0:00,76,5,Saturday,12,1,0,random_or_none,2,cold,0.638,260,0,0,0,0,0,0,0,normal,0,72,76
12/27/2025 1:00,72,5,Saturday,12,1,0,random_or_none,1,rainy,0.883,260,0,0,0,0,0,0,0,extreme_weather,2,62,60
12/27/2025 2:00,62,5,Saturday,12,1,0,random_or_none,2,cold,0.831,260,0,0,0,0,0,0,0,extreme_weather,2,132,60
12/27/2025 3:00,132,5,Saturday,12,1,0,random_or_none,2,cold,0.504,260,0,1,165.45,0,0,0,0,emergency_spike,5,99,60
12/27/2025 4:00,99,5,Saturday,12,1,0,random_or_none,1,rainy,0.424,260,0,0,0,0,0,0,0,normal,0,81,55
12/27/2025 5:00,81,5,Saturday,12,1,0,random_or_none,2,cold,0.958,260,0,0,0,0,0,0,0,extreme_weather,2,72,60
12/27/2025 6:00,72,5,Saturday,12,1,0,random_or_none,0,sunny,0.102,260,0,0,0,0,0,0,0,normal,0,68,59
12/27/2025 7:00,68,5,Saturday,12,1,0,random_or_none,2,cold,0.388,260,0,0,0,0,0,0,0,normal,0,72,66
12/27/2025 8:00,72,5,Saturday,12,1,0,random_or_none,2,cold,0.97,260,0,0,0,0,0,0,0,extreme_weather,2,83,74
12/27/2025 9:00,83,5,Saturday,12,1,0,random_or_none,2,cold,0.978,260,0,0,0,0,0,0,0,extreme_weather,2,94,82
12/27/2025 10:00,94,5,Saturday,12,1,0,random_or_none,5,windy,0.693,260,0,0,0,0,0,0,0,normal,0,96,86
12/27/2025 11:00,96,5,Saturday,12,1,0,random_or_none,2,cold,0.479,260,0,0,0,0,0,0,0,normal,0,99,89
12/27/2025 12:00,99,5,Saturday,12,1,0,random_or_none,2,cold,0.296,260,0,0,0,0,0,0,0,normal,0,101,95
12/27/2025 13:00,101,5,Saturday,12,1,0,random_or_none,0,sunny,0.349,260,0,0,0,0,0,0,0,normal,0,109,98
12/27/2025 14:00,109,5,Saturday,12,1,0,random_or_none,1,rainy,0.598,260,0,0,0,0,0,0,0,normal,0,106,102
12/27/2025 15:00,106,5,Saturday,12,1,0,random_or_none,2,cold,0.865,260,0,0,0,0,0,0,0,extreme_weather,2,111,108
12/27/2025 16:00,111,5,Saturday,12,1,0,random_or_none,0,sunny,0.198,260,0,0,0,0,0,0,0,normal,0,118,100
12/27/2025 17:00,118,5,Saturday,12,1,0,random_or_none,1,rainy,1,260,0,0,0,0,0,0,0,extreme_weather,2,140,104
12/27/2025 18:00,140,5,Saturday,12,1,0,random_or_none,5,windy,0.822,260,0,1,50.71,0,0,0,0,emergency_spike,5,126,98
12/27/2025 19:00,126,5,Saturday,12,1,0,random_or_none,2,cold,0.924,260,0,0,0,0,0,0,0,extreme_weather,2,115,102
12/27/2025 20:00,115,5,Saturday,12,1,0,random_or_none,2,cold,0.934,260,0,0,0,0,0,0,0,extreme_weather,2,99,94
12/27/2025 21:00,99,5,Saturday,12,1,0,random_or_none,1,rainy,0.275,260,0,0,0,0,0,0,0,normal,0,91,88
12/27/2025 22:00,91,5,Saturday,12,1,0,random_or_none,2,cold,0.746,260,0,0,0,0,0,0,0,normal,0,81,138
12/27/2025 23:00,81,5,Saturday,12,1,0,random_or_none,2,cold,0.983,260,0,0,0,0,0,0,0,extreme_weather,2,76,107
12/28/2025 0:00,76,6,Sunday,12,1,0,random_or_none,5,windy,0.579,260,0,0,0,0,0,0,0,normal,0,60,96
12/28/2025 1:00,60,6,Sunday,12,1,0,random_or_none,0,sunny,0.219,260,0,0,0,0,0,0,0,normal,0,60,87
12/28/2025 2:00,60,6,Sunday,12,1,0,random_or_none,4,dusty,0.561,260,0,0,0,0,0,0,0,normal,0,60,82
12/28/2025 3:00,60,6,Sunday,12,1,0,random_or_none,0,sunny,0.279,260,0,0,0,0,0,0,0,normal,0,55,77
12/28/2025 4:00,55,6,Sunday,12,1,0,random_or_none,1,rainy,0.653,260,0,0,0,0,0,0,0,normal,0,60,79
12/28/2025 5:00,60,6,Sunday,12,1,0,random_or_none,0,sunny,0.116,260,0,0,0,0,0,0,0,normal,0,59,81
12/28/2025 6:00,59,6,Sunday,12,1,0,random_or_none,1,rainy,0.248,260,0,0,0,0,0,0,0,normal,0,66,77
12/28/2025 7:00,66,6,Sunday,12,1,0,random_or_none,2,cold,0.683,260,0,0,0,0,0,0,0,normal,0,74,85
12/28/2025 8:00,74,6,Sunday,12,1,0,random_or_none,1,rainy,0.923,260,0,0,0,0,0,0,0,extreme_weather,2,82,90
12/28/2025 9:00,82,6,Sunday,12,1,0,random_or_none,2,cold,0.663,260,0,0,0,0,0,0,0,normal,0,86,101
12/28/2025 10:00,86,6,Sunday,12,1,0,random_or_none,5,windy,0.375,260,0,0,0,0,0,0,0,normal,0,89,100
12/28/2025 11:00,89,6,Sunday,12,1,0,random_or_none,2,cold,0.759,260,0,0,0,0,0,0,0,extreme_weather,2,95,104
12/28/2025 12:00,95,6,Sunday,12,1,0,random_or_none,1,rainy,0.943,260,0,0,0,0,0,0,0,extreme_weather,2,98,109
12/28/2025 13:00,98,6,Sunday,12,1,0,random_or_none,5,windy,0.436,260,0,0,0,0,0,0,0,normal,0,102,115
12/28/2025 14:00,102,6,Sunday,12,1,0,random_or_none,0,sunny,0.092,260,0,0,0,0,0,0,0,normal,0,108,116
12/28/2025 15:00,108,6,Sunday,12,1,0,random_or_none,3,hot,0.747,260,0,0,0,0,0,0,0,normal,0,100,129
12/28/2025 16:00,100,6,Sunday,12,1,0,random_or_none,0,sunny,0.268,260,0,0,0,0,0,0,0,normal,0,104,131
12/28/2025 17:00,104,6,Sunday,12,1,0,random_or_none,1,rainy,0.3,260,0,0,0,0,0,0,0,normal,0,98,134
12/28/2025 18:00,98,6,Sunday,12,1,0,random_or_none,2,cold,0.359,260,0,0,0,0,0,0,0,normal,0,102,135
12/28/2025 19:00,102,6,Sunday,12,1,0,random_or_none,2,cold,0.714,260,0,0,0,0,0,0,0,normal,0,94,121
12/28/2025 20:00,94,6,Sunday,12,1,0,random_or_none,1,rainy,0.473,260,0,0,0,0,0,0,0,normal,0,88,113
12/28/2025 21:00,88,6,Sunday,12,1,0,random_or_none,2,cold,0.995,260,0,0,0,0,0,0,0,extreme_weather,2,138,113
12/28/2025 22:00,138,6,Sunday,12,1,0,random_or_none,2,cold,0.67,260,0,1,120.86,0,0,0,0,emergency_spike,5,107,111
12/28/2025 23:00,107,6,Sunday,12,1,0,random_or_none,1,rainy,0.685,260,0,0,0,0,0,0,0,normal,0,96,93
12/29/2025 0:00,96,0,Monday,12,0,0,random_or_none,1,rainy,0.791,260,0,0,0,0,0,0,0,extreme_weather,2,87,80
12/29/2025 1:00,87,0,Monday,12,0,0,random_or_none,2,cold,0.967,260,0,0,0,0,0,0,0,extreme_weather,2,82,82
12/29/2025 2:00,82,0,Monday,12,0,0,random_or_none,2,cold,0.573,260,0,0,0,0,0,0,0,normal,0,77,67
12/29/2025 3:00,77,0,Monday,12,0,0,random_or_none,4,dusty,0.733,260,0,0,0,0,0,0,0,normal,0,79,65
12/29/2025 4:00,79,0,Monday,12,0,0,random_or_none,2,cold,1,260,0,0,0,0,0,0,0,extreme_weather,2,81,69
12/29/2025 5:00,81,0,Monday,12,0,0,random_or_none,2,cold,0.558,260,0,0,0,0,0,0,0,normal,0,77,75
12/29/2025 6:00,77,0,Monday,12,0,0,random_or_none,0,sunny,0.169,260,0,0,0,0,0,0,0,normal,0,85,85
12/29/2025 7:00,85,0,Monday,12,0,0,random_or_none,2,cold,0.864,260,0,0,0,0,0,0,0,extreme_weather,2,90,87
12/29/2025 8:00,90,0,Monday,12,0,0,random_or_none,5,windy,0.375,260,0,0,0,0,0,0,0,normal,0,101,94
12/29/2025 9:00,101,0,Monday,12,0,0,random_or_none,1,rainy,0.853,260,0,0,0,0,0,0,0,extreme_weather,2,100,90
12/29/2025 10:00,100,0,Monday,12,0,0,random_or_none,0,sunny,0.261,260,0,0,0,0,0,0,0,normal,0,104,105
12/29/2025 11:00,104,0,Monday,12,0,0,random_or_none,0,sunny,0.162,260,0,0,0,0,0,0,0,normal,0,109,110
12/29/2025 12:00,109,0,Monday,12,0,0,random_or_none,5,windy,0.191,260,0,0,0,0,0,0,0,normal,0,115,109
12/29/2025 13:00,115,0,Monday,12,0,0,random_or_none,5,windy,0.409,260,0,0,0,0,0,0,0,normal,0,116,116
12/29/2025 14:00,116,0,Monday,12,0,0,random_or_none,2,cold,0.485,260,0,0,0,0,0,0,0,normal,0,129,128
12/29/2025 15:00,129,0,Monday,12,0,0,random_or_none,1,rainy,0.893,260,0,0,0,0,0,0,0,extreme_weather,2,131,129
12/29/2025 16:00,131,0,Monday,12,0,0,random_or_none,5,windy,0.407,260,0,0,0,0,0,0,0,normal,0,134,126
12/29/2025 17:00,134,0,Monday,12,0,0,random_or_none,2,cold,0.886,260,0,0,0,0,0,0,0,extreme_weather,2,135,120
12/29/2025 18:00,135,0,Monday,12,0,0,random_or_none,2,cold,0.667,260,0,0,0,0,0,0,0,normal,0,121,120
12/29/2025 19:00,121,0,Monday,12,0,0,random_or_none,2,cold,0.334,260,0,0,0,0,0,0,0,normal,0,113,173
12/29/2025 20:00,113,0,Monday,12,0,0,random_or_none,1,rainy,0.437,260,0,0,0,0,0,0,0,normal,0,113,143
12/29/2025 21:00,113,0,Monday,12,0,0,random_or_none,2,cold,0.358,260,0,0,0,0,0,0,0,normal,0,111,122
12/29/2025 22:00,111,0,Monday,12,0,0,random_or_none,2,cold,0.752,260,0,0,0,0,0,0,0,extreme_weather,2,93,108
12/29/2025 23:00,93,0,Monday,12,0,0,random_or_none,1,rainy,0.648,260,0,0,0,0,0,0,0,normal,0,80,93
12/30/2025 0:00,80,1,Tuesday,12,0,0,random_or_none,0,sunny,0.019,260,0,0,0,0,0,0,0,normal,0,82,88
12/30/2025 1:00,82,1,Tuesday,12,0,0,random_or_none,1,rainy,0.372,260,0,0,0,0,0,0,0,normal,0,67,81
12/30/2025 2:00,67,1,Tuesday,12,0,0,random_or_none,2,cold,0.486,260,0,0,0,0,0,0,0,normal,0,65,78
12/30/2025 3:00,65,1,Tuesday,12,0,0,random_or_none,2,cold,0.664,260,0,0,0,0,0,0,0,normal,0,69,127
12/30/2025 4:00,69,1,Tuesday,12,0,0,random_or_none,0,sunny,0.162,260,0,0,0,0,0,0,0,normal,0,75,96
12/30/2025 5:00,75,1,Tuesday,12,0,0,random_or_none,1,rainy,1,260,0,0,0,0,0,0,0,extreme_weather,2,85,92
12/30/2025 6:00,85,1,Tuesday,12,0,0,random_or_none,2,cold,1,260,0,0,0,0,0,0,0,extreme_weather,2,87,83
12/30/2025 7:00,87,1,Tuesday,12,0,0,random_or_none,1,rainy,0.502,260,0,0,0,0,0,0,0,normal,0,94,84
12/30/2025 8:00,94,1,Tuesday,12,0,0,random_or_none,4,dusty,0.922,260,0,0,0,0,0,0,0,extreme_weather,2,90,90
12/30/2025 9:00,90,1,Tuesday,12,0,0,random_or_none,2,cold,0.221,260,0,0,0,0,0,0,0,normal,0,105,92
12/30/2025 10:00,105,1,Tuesday,12,0,0,random_or_none,2,cold,0.934,260,0,0,0,0,0,0,0,extreme_weather,2,110,104
12/30/2025 11:00,110,1,Tuesday,12,0,0,random_or_none,5,windy,0.864,260,0,0,0,0,0,0,0,extreme_weather,2,109,102
12/30/2025 12:00,109,1,Tuesday,12,0,0,random_or_none,2,cold,0.536,260,0,0,0,0,0,0,0,normal,0,116,110
12/30/2025 13:00,116,1,Tuesday,12,0,0,random_or_none,2,cold,0.545,260,0,0,0,0,0,0,0,normal,0,128,123
12/30/2025 14:00,128,1,Tuesday,12,0,0,random_or_none,1,rainy,1,260,0,0,0,0,0,0,0,extreme_weather,2,129,134
12/30/2025 15:00,129,1,Tuesday,12,0,0,random_or_none,2,cold,0.778,260,0,0,0,0,0,0,0,extreme_weather,2,126,124
12/30/2025 16:00,126,1,Tuesday,12,0,0,random_or_none,1,rainy,0.427,260,0,0,0,0,0,0,0,normal,0,120,125
12/30/2025 17:00,120,1,Tuesday,12,0,0,random_or_none,2,cold,0.68,260,0,0,0,0,0,0,0,normal,0,120,122
12/30/2025 18:00,120,1,Tuesday,12,0,0,random_or_none,0,sunny,0.191,260,0,0,0,0,0,0,0,normal,0,173,119
12/30/2025 19:00,173,1,Tuesday,12,0,0,random_or_none,1,rainy,0.999,260,0,1,116.59,0,0,0,0,emergency_spike,5,143,111
12/30/2025 20:00,143,1,Tuesday,12,0,0,random_or_none,1,rainy,0.243,260,0,0,0,0,0,0,0,normal,0,122,110
12/30/2025 21:00,122,1,Tuesday,12,0,0,random_or_none,2,cold,0.464,260,0,0,0,0,0,0,0,normal,0,108,98
12/30/2025 22:00,108,1,Tuesday,12,0,0,random_or_none,2,cold,0.613,260,0,0,0,0,0,0,0,normal,0,93,93
12/30/2025 23:00,93,1,Tuesday,12,0,0,random_or_none,2,cold,0.402,260,0,0,0,0,0,0,0,normal,0,88,88
12/31/2025 0:00,88,2,Wednesday,12,0,0,random_or_none,1,rainy,0.693,260,0,0,0,0,0,0,0,normal,0,81,77
12/31/2025 1:00,81,2,Wednesday,12,0,0,random_or_none,2,cold,0.961,260,0,0,0,0,0,0,0,extreme_weather,2,78,74
12/31/2025 2:00,78,2,Wednesday,12,0,0,random_or_none,1,rainy,0.491,260,0,0,0,0,0,0,0,normal,0,127,70
12/31/2025 3:00,127,2,Wednesday,12,0,0,random_or_none,2,cold,1,260,0,1,111.46,0,0,0,0,emergency_spike,5,96,106
12/31/2025 4:00,96,2,Wednesday,12,0,0,random_or_none,0,sunny,0.342,260,0,0,0,0,0,0,0,normal,0,92,87
12/31/2025 5:00,92,2,Wednesday,12,0,0,random_or_none,1,rainy,0.963,260,0,0,0,0,0,0,0,extreme_weather,2,83,82
12/31/2025 6:00,83,2,Wednesday,12,0,0,random_or_none,2,cold,0.599,260,0,0,0,0,0,0,0,normal,0,84,81
12/31/2025 7:00,84,2,Wednesday,12,0,0,random_or_none,0,sunny,0.093,260,0,0,0,0,0,0,0,normal,0,90,85
12/31/2025 8:00,90,2,Wednesday,12,0,0,random_or_none,1,rainy,0.696,260,0,0,0,0,0,0,0,normal,0,92,163
12/31/2025 9:00,92,2,Wednesday,12,0,0,random_or_none,2,cold,0.383,260,0,0,0,0,0,0,0,normal,0,104,129
12/31/2025 10:00,104,2,Wednesday,12,0,0,random_or_none,2,cold,0.874,260,0,0,0,0,0,0,0,extreme_weather,2,102,122
12/31/2025 11:00,102,2,Wednesday,12,0,0,random_or_none,2,cold,0.481,260,0,0,0,0,0,0,0,normal,0,110,117
12/31/2025 12:00,110,2,Wednesday,12,0,0,random_or_none,2,cold,0.583,260,0,0,0,0,0,0,0,normal,0,123,115
12/31/2025 13:00,123,2,Wednesday,12,0,0,random_or_none,1,rainy,0.96,260,0,0,0,0,0,0,0,extreme_weather,2,134,113
12/31/2025 14:00,134,2,Wednesday,12,0,0,random_or_none,1,rainy,0.772,260,0,0,0,0,0,0,0,extreme_weather,2,124,121
12/31/2025 15:00,124,2,Wednesday,12,0,0,random_or_none,5,windy,0.597,260,0,0,0,0,0,0,0,normal,0,125,125
12/31/2025 16:00,125,2,Wednesday,12,0,0,random_or_none,2,cold,0.63,260,0,0,0,0,0,0,0,normal,0,122,127
12/31/2025 17:00,122,2,Wednesday,12,0,0,random_or_none,3,hot,0.883,260,0,0,0,0,0,0,0,extreme_weather,2,119,126
12/31/2025 18:00,119,2,Wednesday,12,0,0,random_or_none,2,cold,0.837,260,0,0,0,0,0,0,0,extreme_weather,2,111,122
12/31/2025 19:00,111,2,Wednesday,12,0,0,random_or_none,0,sunny,0.273,260,0,0,0,0,0,0,0,normal,0,110,117
12/31/2025 20:00,110,2,Wednesday,12,0,0,random_or_none,1,rainy,0.267,260,0,0,0,0,0,0,0,normal,0,98,116
12/31/2025 21:00,98,2,Wednesday,12,0,0,random_or_none,0,sunny,0.242,260,0,0,0,0,0,0,0,normal,0,93,118
12/31/2025 22:00,93,2,Wednesday,12,0,0,random_or_none,5,windy,0.228,260,0,0,0,0,0,0,0,normal,0,88,106
12/31/2025 23:00,88,2,Wednesday,12,0,0,random_or_none,2,cold,0.844,260,0,0,0,0,0,0,0,extreme_weather,2,77,180
