datetime,patients,day_of_week,day_of_week_name,month,is_weekend,holiday,holiday_name,weather,weather_type,weather_severity,hospital capacity,is_capped,is_emergency,emergency_spike,is_outbreak,outbreak_intensity,is_staff_shortage,staff_shortage_impact,scenario_primary,scenario_code,y_patients_t_plus_1,y_patients_t_plus_24
1/1/2025 0:00,68,2,Wednesday,1,0,1,new_year,1,rainy,0.453,260,0,0,0,0,0,0,0,holiday,1,63,64
1/1/2025 1:00,63,2,Wednesday,1,0,1,new_year,1,rainy,0.65,260,0,0,0,0,0,0,0,holiday,1,57,62
1/1/2025 2:00,57,2,Wednesday,1,0,1,new_year,2,cold,0.88,260,0,0,0,0,0,0,0,extreme_weather,2,63,64
1/1/2025 3:00,63,2,Wednesday,1,0,1,new_year,1,rainy,0.979,260,0,0,0,0,0,0,0,extreme_weather,2,69,59
1/1/2025 4:00,69,2,Wednesday,1,0,1,new_year,1,rainy,0.527,260,0,0,0,0,0,0,0,holiday,1,70,66
1/1/2025 5:00,70,2,Wednesday,1,0,1,new_year,2,cold,0.554,260,0,0,0,0,0,0,0,holiday,1,64,66
1/1/2025 6:00,64,2,Wednesday,1,0,1,new_year,2,cold,1,260,0,0,0,0,0,0,0,extreme_weather,2,73,70
1/1/2025 7:00,73,2,Wednesday,1,0,1,new_year,1,rainy,0.832,260,0,0,0,0,0,0,0,extreme_weather,2,81,71
1/1/2025 8:00,81,2,Wednesday,1,0,1,new_year,2,cold,0.85,260,0,0,0,0,0,0,0,extreme_weather,2,80,79
1/1/2025 9:00,80,2,Wednesday,1,0,1,new_year,2,cold,0.907,260,0,0,0,0,0,0,0,extreme_weather,2,84,84
1/1/2025 10:00,84,2,Wednesday,1,0,1,new_year,1,rainy,0.952,260,0,0,0,0,0,0,0,extreme_weather,2,91,88
1/1/2025 11:00,91,2,Wednesday,1,0,1,new_year,1,rainy,0.567,260,0,0,0,0,0,0,0,holiday,1,93,95
1/1/2025 12:00,93,2,Wednesday,1,0,1,new_year,0,sunny,0.312,260,0,0,0,0,0,0,0,holiday,1,96,100
1/1/2025 13:00,96,2,Wednesday,1,0,1,new_year,2,cold,0.914,260,0,0,0,0,0,0,0,extreme_weather,2,93,106
1/1/2025 14:00,93,2,Wednesday,1,0,1,new_year,0,sunny,0.097,260,0,0,0,0,0,0,0,holiday,1,100,103
1/1/2025 15:00,100,2,Wednesday,1,0,1,new_year,1,rainy,0.806,260,0,0,0,0,0,0,0,extreme_weather,2,96,111
1/1/2025 16:00,96,2,Wednesday,1,0,1,new_year,0,sunny,0.028,260,0,0,0,0,0,0,0,holiday,1,99,108
1/1/2025 17:00,99,2,Wednesday,1,0,1,new_year,2,cold,0.561,260,0,0,0,0,0,0,0,holiday,1,101,111
1/1/2025 18:00,101,2,Wednesday,1,0,1,new_year,2,cold,0.883,260,0,0,0,0,0,0,0,extreme_weather,2,94,108
1/1/2025 19:00,94,2,Wednesday,1,0,1,new_year,0,sunny,0.201,260,0,0,0,0,0,0,0,holiday,1,92,104
1/1/2025 20:00,92,2,Wednesday,1,0,1,new_year,0,sunny,0.105,260,0,0,0,0,0,0,0,holiday,1,86,96
1/1/2025 21:00,86,2,Wednesday,1,0,1,new_year,1,rainy,0.908,260,0,0,0,0,0,0,0,extreme_weather,2,78,90
1/1/2025 22:00,78,2,Wednesday,1,0,1,new_year,1,rainy,0.491,260,0,0,0,0,0,0,0,holiday,1,68,88
1/1/2025 23:00,68,2,Wednesday,1,0,1,new_year,5,windy,0.78,260,0,0,0,0,0,0,0,extreme_weather,2,64,81
1/2/2025 0:00,64,3,Thursday,1,0,0,random_or_none,3,hot,0.577,260,0,0,0,0,0,0,0,normal,0,62,75
1/2/2025 1:00,62,3,Thursday,1,0,0,random_or_none,2,cold,0.651,260,0,0,0,0,0,0,0,normal,0,64,74
1/2/2025 2:00,64,3,Thursday,1,0,0,random_or_none,2,cold,0.514,260,0,0,0,0,0,0,0,normal,0,59,73
1/2/2025 3:00,59,3,Thursday,1,0,0,random_or_none,0,sunny,0.148,260,0,0,0,0,0,0,0,normal,0,66,76
1/2/2025 4:00,66,3,Thursday,1,0,0,random_or_none,1,rainy,0.807,260,0,0,0,0,0,0,0,extreme_weather,2,66,73
1/2/2025 5:00,66,3,Thursday,1,0,0,random_or_none,0,sunny,0.014,260,0,0,0,0,0,0,0,normal,0,70,73
1/2/2025 6:00,70,3,Thursday,1,0,0,random_or_none,2,cold,0.923,260,0,0,0,0,0,0,0,extreme_weather,2,71,75
1/2/2025 7:00,71,3,Thursday,1,0,0,random_or_none,0,sunny,0.163,260,0,0,0,0,0,0,0,normal,0,79,76
1/2/2025 8:00,79,3,Thursday,1,0,0,random_or_none,2,cold,0.799,260,0,0,0,0,0,0,0,extreme_weather,2,84,83
1/2/2025 9:00,84,3,Thursday,1,0,0,random_or_none,2,cold,0.773,260,0,0,0,0,0,0,0,extreme_weather,2,88,91
1/2/2025 10:00,88,3,Thursday,1,0,0,random_or_none,0,sunny,0.131,260,0,0,0,0,0,0,0,normal,0,95,91
1/2/2025 11:00,95,3,Thursday,1,0,0,random_or_none,0,sunny,0.085,260,0,0,0,0,0,0,0,normal,0,100,101
1/2/2025 12:00,100,3,Thursday,1,0,0,random_or_none,2,cold,0.834,260,0,0,0,0,0,0,0,extreme_weather,2,106,102
1/2/2025 13:00,106,3,Thursday,1,0,0,random_or_none,1,rainy,0.74,260,0,0,0,0,0,0,0,normal,0,103,109
1/2/2025 14:00,103,3,Thursday,1,0,0,random_or_none,2,cold,0.589,260,0,0,0,0,0,0,0,normal,0,111,109
1/2/2025 15:00,111,3,Thursday,1,0,0,random_or_none,1,rainy,0.349,260,0,0,0,0,0,0,0,normal,0,108,143
1/2/2025 16:00,108,3,Thursday,1,0,0,random_or_none,1,rainy,0.831,260,0,0,0,0,0,0,0,extreme_weather,2,111,130
1/2/2025 17:00,111,3,Thursday,1,0,0,random_or_none,1,rainy,0.495,260,0,0,0,0,0,0,0,normal,0,108,130
1/2/2025 18:00,108,3,Thursday,1,0,0,random_or_none,2,cold,0.651,260,0,0,0,0,0,0,0,normal,0,104,124
1/2/2025 19:00,104,3,Thursday,1,0,0,random_or_none,1,rainy,0.533,260,0,0,0,0,0,0,0,normal,0,96,121
1/2/2025 20:00,96,3,Thursday,1,0,0,random_or_none,2,cold,0.499,260,0,0,0,0,0,0,0,normal,0,90,108
1/2/2025 21:00,90,3,Thursday,1,0,0,random_or_none,2,cold,0.442,260,0,0,0,0,0,0,0,normal,0,88,103
1/2/2025 22:00,88,3,Thursday,1,0,0,random_or_none,2,cold,0.664,260,0,0,0,0,0,0,0,normal,0,81,92
1/2/2025 23:00,81,3,Thursday,1,0,0,random_or_none,2,cold,0.482,260,0,0,0,0,0,0,0,normal,0,75,85
1/3/2025 0:00,75,4,Friday,1,0,0,random_or_none,1,rainy,0.625,260,0,0,0,0,0,0,0,normal,0,74,67
1/3/2025 1:00,74,4,Friday,1,0,0,random_or_none,2,cold,0.481,260,0,0,0,0,0,0,0,normal,0,73,61
1/3/2025 2:00,73,4,Friday,1,0,0,random_or_none,5,windy,0.863,260,0,0,0,0,0,0,0,extreme_weather,2,76,57
1/3/2025 3:00,76,4,Friday,1,0,0,random_or_none,2,cold,0.756,260,0,0,0,0,0,0,0,extreme_weather,2,73,55
1/3/2025 4:00,73,4,Friday,1,0,0,random_or_none,3,hot,0.816,260,0,0,0,0,0,0,0,extreme_weather,2,73,55
1/3/2025 5:00,73,4,Friday,1,0,0,random_or_none,5,windy,0.245,260,0,0,0,0,0,0,0,normal,0,75,58
1/3/2025 6:00,75,4,Friday,1,0,0,random_or_none,2,cold,0.561,260,0,0,0,0,0,0,0,normal,0,76,105
1/3/2025 7:00,76,4,Friday,1,0,0,random_or_none,2,cold,0.485,260,0,0,0,0,0,0,0,normal,0,83,85
1/3/2025 8:00,83,4,Friday,1,0,0,random_or_none,4,dusty,0.389,260,0,0,0,0,0,0,0,normal,0,91,135
1/3/2025 9:00,91,4,Friday,1,0,0,random_or_none,1,rainy,0.765,260,0,0,0,0,0,0,0,extreme_weather,2,91,103
1/3/2025 10:00,91,4,Friday,1,0,0,random_or_none,0,sunny,0.332,260,0,0,0,0,0,0,0,normal,0,101,89
1/3/2025 11:00,101,4,Friday,1,0,0,random_or_none,2,cold,0.74,260,0,0,0,0,0,0,0,normal,0,102,83
1/3/2025 12:00,102,4,Friday,1,0,0,random_or_none,2,cold,0.926,260,0,0,0,0,0,0,0,extreme_weather,2,109,88
1/3/2025 13:00,109,4,Friday,1,0,0,random_or_none,2,cold,0.935,260,0,0,0,0,0,0,0,extreme_weather,2,109,95
1/3/2025 14:00,109,4,Friday,1,0,0,random_or_none,1,rainy,0.424,260,0,0,0,0,0,0,0,normal,0,143,96
1/3/2025 15:00,143,4,Friday,1,0,0,random_or_none,2,cold,0.788,260,0,1,71.13,0,0,0,0,emergency_spike,5,130,95
1/3/2025 16:00,130,4,Friday,1,0,0,random_or_none,2,cold,0.855,260,0,0,0,0,0,0,0,extreme_weather,2,130,97
1/3/2025 17:00,130,4,Friday,1,0,0,random_or_none,1,rainy,0.873,260,0,0,0,0,0,0,0,extreme_weather,2,124,103
1/3/2025 18:00,124,4,Friday,1,0,0,random_or_none,2,cold,0.352,260,0,0,0,0,0,0,0,normal,0,121,97
1/3/2025 19:00,121,4,Friday,1,0,0,random_or_none,1,rainy,0.998,260,0,0,0,0,0,0,0,extreme_weather,2,108,93
1/3/2025 20:00,108,4,Friday,1,0,0,random_or_none,1,rainy,0.504,260,0,0,0,0,0,0,0,normal,0,103,89
1/3/2025 21:00,103,4,Friday,1,0,0,random_or_none,1,rainy,1,260,0,0,0,0,0,0,0,extreme_weather,2,92,82
1/3/2025 22:00,92,4,Friday,1,0,0,random_or_none,2,cold,0.473,260,0,0,0,0,0,0,0,normal,0,85,73
1/3/2025 23:00,85,4,Friday,1,0,0,random_or_none,5,windy,0.766,260,0,0,0,0,0,0,0,extreme_weather,2,67,64
1/4/2025 0:00,67,5,Saturday,1,1,0,random_or_none,5,windy,0.281,260,0,0,0,0,0,0,0,normal,0,61,56
1/4/2025 1:00,61,5,Saturday,1,1,0,random_or_none,3,hot,0.499,260,0,0,0,0,0,0,0,normal,0,57,54
1/4/2025 2:00,57,5,Saturday,1,1,0,random_or_none,4,dusty,0.553,260,0,0,0,0,0,0,0,normal,0,55,54
1/4/2025 3:00,55,5,Saturday,1,1,0,random_or_none,2,cold,0.583,260,0,0,0,0,0,0,0,normal,0,55,49
1/4/2025 4:00,55,5,Saturday,1,1,0,random_or_none,2,cold,0.776,260,0,0,0,0,0,0,0,extreme_weather,2,58,53
1/4/2025 5:00,58,5,Saturday,1,1,0,random_or_none,5,windy,0.799,260,0,0,0,0,0,0,0,extreme_weather,2,105,53
1/4/2025 6:00,105,5,Saturday,1,1,0,random_or_none,2,cold,0.921,260,0,1,104.39,0,0,0,0,emergency_spike,5,85,55
1/4/2025 7:00,85,5,Saturday,1,1,0,random_or_none,1,rainy,0.281,260,0,0,0,0,0,0,0,normal,0,135,58
1/4/2025 8:00,135,5,Saturday,1,1,0,random_or_none,2,cold,0.933,260,0,1,118.41,0,0,0,0,emergency_spike,5,103,61
1/4/2025 9:00,103,5,Saturday,1,1,0,random_or_none,2,cold,0.271,260,0,0,0,0,0,0,0,normal,0,89,65
1/4/2025 10:00,89,5,Saturday,1,1,0,random_or_none,0,sunny,0.04,260,0,0,0,0,0,0,0,normal,0,83,70
1/4/2025 11:00,83,5,Saturday,1,1,0,random_or_none,0,sunny,0.102,260,0,0,0,0,0,0,0,normal,0,88,84
1/4/2025 12:00,88,5,Saturday,1,1,0,random_or_none,2,cold,0.633,260,0,0,0,0,0,0,0,normal,0,95,86
1/4/2025 13:00,95,5,Saturday,1,1,0,random_or_none,1,rainy,0.818,260,0,0,0,0,0,0,0,extreme_weather,2,96,91
1/4/2025 14:00,96,5,Saturday,1,1,0,random_or_none,5,windy,0.791,260,0,0,0,0,0,0,0,extreme_weather,2,95,98
1/4/2025 15:00,95,5,Saturday,1,1,0,random_or_none,2,cold,0.87,260,0,0,0,0,0,0,0,extreme_weather,2,97,96
1/4/2025 16:00,97,5,Saturday,1,1,0,random_or_none,1,rainy,0.959,260,0,0,0,0,0,0,0,extreme_weather,2,103,94
1/4/2025 17:00,103,5,Saturday,1,1,0,random_or_none,2,cold,1,260,0,0,0,0,0,0,0,extreme_weather,2,97,97
1/4/2025 18:00,97,5,Saturday,1,1,0,random_or_none,2,cold,0.616,260,0,0,0,0,0,0,0,normal,0,93,93
1/4/2025 19:00,93,5,Saturday,1,1,0,random_or_none,0,sunny,0.133,260,0,0,0,0,0,0,0,normal,0,89,88
1/4/2025 20:00,89,5,Saturday,1,1,0,random_or_none,5,windy,0.639,260,0,0,0,0,0,0,0,normal,0,82,81
1/4/2025 21:00,82,5,Saturday,1,1,0,random_or_none,4,dusty,0.449,260,0,0,0,0,0,0,0,normal,0,73,79
1/4/2025 22:00,73,5,Saturday,1,1,0,random_or_none,0,sunny,0.035,260,0,0,0,0,0,0,0,normal,0,64,74
1/4/2025 23:00,64,5,Saturday,1,1,0,random_or_none,0,sunny,0.339,260,0,0,0,0,0,0,0,normal,0,56,64
1/5/2025 0:00,56,6,Sunday,1,1,0,random_or_none,5,windy,0.349,260,0,0,0,0,0,0,0,normal,0,54,72
1/5/2025 1:00,54,6,Sunday,1,1,0,random_or_none,2,cold,0.786,260,0,0,0,0,0,0,0,extreme_weather,2,54,71
1/5/2025 2:00,54,6,Sunday,1,1,0,random_or_none,1,rainy,0.983,260,0,0,0,0,0,0,0,extreme_weather,2,49,68
1/5/2025 3:00,49,6,Sunday,1,1,0,random_or_none,5,windy,0.366,260,0,0,0,0,0,0,0,normal,0,53,69
1/5/2025 4:00,53,6,Sunday,1,1,0,random_or_none,2,cold,1,260,0,0,0,0,0,0,0,extreme_weather,2,53,72
1/5/2025 5:00,53,6,Sunday,1,1,0,random_or_none,2,cold,0.27,260,0,0,0,0,0,0,0,normal,0,55,71
1/5/2025 6:00,55,6,Sunday,1,1,0,random_or_none,2,cold,0.56,260,0,0,0,0,0,0,0,normal,0,58,80
1/5/2025 7:00,58,6,Sunday,1,1,0,random_or_none,2,cold,0.715,260,0,0,0,0,0,0,0,normal,0,61,83
1/5/2025 8:00,61,6,Sunday,1,1,0,random_or_none,1,rainy,0.701,260,0,0,0,0,0,0,0,normal,0,65,89
1/5/2025 9:00,65,6,Sunday,1,1,0,random_or_none,0,sunny,0.163,260,0,0,0,0,0,0,0,normal,0,70,97
1/5/2025 10:00,70,6,Sunday,1,1,0,random_or_none,1,rainy,0.401,260,0,0,0,0,0,0,0,normal,0,84,98
1/5/2025 11:00,84,6,Sunday,1,1,0,random_or_none,5,windy,0.493,260,0,0,0,0,0,0,0,normal,0,86,102
1/5/2025 12:00,86,6,Sunday,1,1,0,random_or_none,3,hot,0.833,260,0,0,0,0,0,0,0,extreme_weather,2,91,107
1/5/2025 13:00,91,6,Sunday,1,1,0,random_or_none,2,cold,0.728,260,0,0,0,0,0,0,0,normal,0,98,112
1/5/2025 14:00,98,6,Sunday,1,1,0,random_or_none,2,cold,0.336,260,0,0,0,0,0,0,0,normal,0,96,110
1/5/2025 15:00,96,6,Sunday,1,1,0,random_or_none,5,windy,0.775,260,0,0,0,0,0,0,0,extreme_weather,2,94,110
1/5/2025 16:00,94,6,Sunday,1,1,0,random_or_none,5,windy,0.323,260,0,0,0,0,0,0,0,normal,0,97,114
1/5/2025 17:00,97,6,Sunday,1,1,0,random_or_none,2,cold,0.882,260,0,0,0,0,0,0,0,extreme_weather,2,93,108
1/5/2025 18:00,93,6,Sunday,1,1,0,random_or_none,2,cold,0.367,260,0,0,0,0,0,0,0,normal,0,88,138
1/5/2025 19:00,88,6,Sunday,1,1,0,random_or_none,2,cold,0.435,260,0,0,0,0,0,0,0,normal,0,81,125
1/5/2025 20:00,81,6,Sunday,1,1,0,random_or_none,2,cold,0.469,260,0,0,0,0,0,0,0,normal,0,79,114
1/5/2025 21:00,79,6,Sunday,1,1,0,random_or_none,2,cold,0.461,260,0,0,0,0,0,0,0,normal,0,74,155
1/5/2025 22:00,74,6,Sunday,1,1,0,random_or_none,4,dusty,0.421,260,0,0,0,0,0,0,0,normal,0,64,119
1/5/2025 23:00,64,6,Sunday,1,1,0,random_or_none,2,cold,0.799,260,0,0,0,0,0,0,0,extreme_weather,2,72,93
1/6/2025 0:00,72,0,Monday,1,0,0,random_or_none,1,rainy,0.645,260,0,0,0,0,0,0,0,normal,0,71,79
1/6/2025 1:00,71,0,Monday,1,0,0,random_or_none,2,cold,0.348,260,0,0,0,0,0,0,0,normal,0,68,76
1/6/2025 2:00,68,0,Monday,1,0,0,random_or_none,2,cold,0.582,260,0,0,0,0,0,0,0,normal,0,69,74
1/6/2025 3:00,69,0,Monday,1,0,0,random_or_none,1,rainy,1,260,0,0,0,0,0,0,0,extreme_weather,2,72,64
1/6/2025 4:00,72,0,Monday,1,0,0,random_or_none,1,rainy,0.778,260,0,0,0,0,0,0,0,extreme_weather,2,71,66
1/6/2025 5:00,71,0,Monday,1,0,0,random_or_none,2,cold,0.377,260,0,0,0,0,0,0,0,normal,0,80,76
1/6/2025 6:00,80,0,Monday,1,0,0,random_or_none,2,cold,0.661,260,0,0,0,0,0,0,0,normal,0,83,77
1/6/2025 7:00,83,0,Monday,1,0,0,random_or_none,1,rainy,0.779,260,0,0,0,0,0,0,0,extreme_weather,2,89,76
1/6/2025 8:00,89,0,Monday,1,0,0,random_or_none,1,rainy,0.959,260,0,0,0,0,0,0,0,extreme_weather,2,97,84
1/6/2025 9:00,97,0,Monday,1,0,0,random_or_none,2,cold,0.569,260,0,0,0,0,0,0,0,normal,0,98,87
1/6/2025 10:00,98,0,Monday,1,0,0,random_or_none,3,hot,0.444,260,0,0,0,0,0,0,0,normal,0,102,91
1/6/2025 11:00,102,0,Monday,1,0,0,random_or_none,2,cold,1,260,0,0,0,0,0,0,0,extreme_weather,2,107,95
1/6/2025 12:00,107,0,Monday,1,0,0,random_or_none,2,cold,0.455,260,0,0,0,0,0,0,0,normal,0,112,96
1/6/2025 13:00,112,0,Monday,1,0,0,random_or_none,3,hot,0.78,260,0,0,0,0,0,0,0,extreme_weather,2,110,103
1/6/2025 14:00,110,0,Monday,1,0,0,random_or_none,0,sunny,0.194,260,0,0,0,0,0,0,0,normal,0,110,108
1/6/2025 15:00,110,0,Monday,1,0,0,random_or_none,5,windy,0.741,260,0,0,0,0,0,0,0,normal,0,114,111
1/6/2025 16:00,114,0,Monday,1,0,0,random_or_none,2,cold,1,260,0,0,0,0,0,0,0,extreme_weather,2,108,113
1/6/2025 17:00,108,0,Monday,1,0,0,random_or_none,0,sunny,0.046,260,0,0,0,0,0,0,0,normal,0,138,116
1/6/2025 18:00,138,0,Monday,1,0,0,random_or_none,5,windy,0.592,260,0,1,60.18,0,0,0,0,emergency_spike,5,125,110
1/6/2025 19:00,125,0,Monday,1,0,0,random_or_none,2,cold,0.315,260,0,0,0,0,0,0,0,normal,0,114,109
1/6/2025 20:00,114,0,Monday,1,0,0,random_or_none,1,rainy,0.595,260,0,0,0,0,0,0,0,normal,0,155,100
1/6/2025 21:00,155,0,Monday,1,0,0,random_or_none,1,rainy,0.538,260,0,1,125.29,0,0,0,0,emergency_spike,5,119,96
1/6/2025 22:00,119,0,Monday,1,0,0,random_or_none,0,sunny,0.149,260,0,0,0,0,0,0,0,normal,0,93,85
1/6/2025 23:00,93,0,Monday,1,0,0,random_or_none,0,sunny,0.113,260,0,0,0,0,0,0,0,normal,0,79,83
1/7/2025 0:00,79,1,Tuesday,1,0,0,random_or_none,2,cold,0.756,260,0,0,0,0,0,0,0,extreme_weather,2,76,72
1/7/2025 1:00,76,1,Tuesday,1,0,0,random_or_none,2,cold,0.644,260,0,0,0,0,0,0,0,normal,0,74,73
1/7/2025 2:00,74,1,Tuesday,1,0,0,random_or_none,2,cold,0.823,260,0,0,0,0,0,0,0,extreme_weather,2,64,64
1/7/2025 3:00,64,1,Tuesday,1,0,0,random_or_none,0,sunny,0.145,260,0,0,0,0,0,0,0,normal,0,66,71
1/7/2025 4:00,66,1,Tuesday,1,0,0,random_or_none,2,cold,0.794,260,0,0,0,0,0,0,0,extreme_weather,2,76,68
1/7/2025 5:00,76,1,Tuesday,1,0,0,random_or_none,5,windy,0.506,260,0,0,0,0,0,0,0,normal,0,77,66
1/7/2025 6:00,77,1,Tuesday,1,0,0,random_or_none,2,cold,0.636,260,0,0,0,0,0,0,0,normal,0,76,66
1/7/2025 7:00,76,1,Tuesday,1,0,0,random_or_none,0,sunny,0.197,260,0,0,0,0,0,0,0,normal,0,84,71
1/7/2025 8:00,84,1,Tuesday,1,0,0,random_or_none,2,cold,0.996,260,0,0,0,0,0,0,0,extreme_weather,2,87,78
1/7/2025 9:00,87,1,Tuesday,1,0,0,random_or_none,2,cold,0.45,260,0,0,0,0,0,0,0,normal,0,91,84
1/7/2025 10:00,91,1,Tuesday,1,0,0,random_or_none,2,cold,0.689,260,0,0,0,0,0,0,0,normal,0,95,89
1/7/2025 11:00,95,1,Tuesday,1,0,0,random_or_none,2,cold,0.434,260,0,0,0,0,0,0,0,normal,0,96,93
1/7/2025 12:00,96,1,Tuesday,1,0,0,random_or_none,5,windy,0.616,260,0,0,0,0,0,0,0,normal,0,103,100
1/7/2025 13:00,103,1,Tuesday,1,0,0,random_or_none,1,rainy,0.759,260,0,0,0,0,0,0,0,extreme_weather,2,108,98
1/7/2025 14:00,108,1,Tuesday,1,0,0,random_or_none,5,windy,0.841,260,0,0,0,0,0,0,0,extreme_weather,2,111,106
1/7/2025 15:00,111,1,Tuesday,1,0,0,random_or_none,1,rainy,0.367,260,0,0,0,0,0,0,0,normal,0,113,111
1/7/2025 16:00,113,1,Tuesday,1,0,0,random_or_none,2,cold,0.654,260,0,0,0,0,0,0,0,normal,0,116,109
1/7/2025 17:00,116,1,Tuesday,1,0,0,random_or_none,2,cold,0.995,260,0,0,0,0,0,0,0,extreme_weather,2,110,103
1/7/2025 18:00,110,1,Tuesday,1,0,0,random_or_none,2,cold,0.773,260,0,0,0,0,0,0,0,extreme_weather,2,109,101
1/7/2025 19:00,109,1,Tuesday,1,0,0,random_or_none,1,rainy,0.564,260,0,0,0,0,0,0,0,normal,0,100,102
1/7/2025 20:00,100,1,Tuesday,1,0,0,random_or_none,2,cold,0.385,260,0,0,0,0,0,0,0,normal,0,96,101
1/7/2025 21:00,96,1,Tuesday,1,0,0,random_or_none,2,cold,0.947,260,0,0,0,0,0,0,0,extreme_weather,2,85,91
1/7/2025 22:00,85,1,Tuesday,1,0,0,random_or_none,0,sunny,0.269,260,0,0,0,0,0,0,0,normal,0,83,91
1/7/2025 23:00,83,1,Tuesday,1,0,0,random_or_none,1,rainy,0.564,260,0,0,0,0,0,0,0,normal,0,72,81
1/8/2025 0:00,72,2,Wednesday,1,0,0,random_or_none,2,cold,0.719,260,0,0,0,0,0,0,0,normal,0,73,75
1/8/2025 1:00,73,2,Wednesday,1,0,0,random_or_none,1,rainy,0.579,260,0,0,0,0,0,0,0,normal,0,64,72
1/8/2025 2:00,64,2,Wednesday,1,0,0,random_or_none,1,rainy,0.62,260,0,0,0,0,0,0,0,normal,0,71,70
1/8/2025 3:00,71,2,Wednesday,1,0,0,random_or_none,2,cold,0.98,260,0,0,0,0,0,0,0,extreme_weather,2,68,69
1/8/2025 4:00,68,2,Wednesday,1,0,0,random_or_none,2,cold,0.543,260,0,0,0,0,0,0,0,normal,0,66,70
1/8/2025 5:00,66,2,Wednesday,1,0,0,random_or_none,0,sunny,0.261,260,0,0,0,0,0,0,0,normal,0,66,84
1/8/2025 6:00,66,2,Wednesday,1,0,0,random_or_none,5,windy,0.207,260,0,0,0,0,0,0,0,normal,0,71,86
1/8/2025 7:00,71,2,Wednesday,1,0,0,random_or_none,5,windy,0.413,260,0,0,0,0,0,0,0,normal,0,78,80
1/8/2025 8:00,78,2,Wednesday,1,0,0,random_or_none,1,rainy,0.334,260,0,0,0,0,0,0,0,normal,0,84,126
1/8/2025 9:00,84,2,Wednesday,1,0,0,random_or_none,5,windy,0.207,260,0,0,0,0,0,0,0,normal,0,89,106
1/8/2025 10:00,89,2,Wednesday,1,0,0,random_or_none,1,rainy,0.656,260,0,0,0,0,0,0,0,normal,0,93,105
1/8/2025 11:00,93,2,Wednesday,1,0,0,random_or_none,1,rainy,1,260,0,0,0,0,0,0,0,extreme_weather,2,100,110
1/8/2025 12:00,100,2,Wednesday,1,0,0,random_or_none,2,cold,0.6,260,0,0,0,0,0,0,0,normal,0,98,104
1/8/2025 13:00,98,2,Wednesday,1,0,0,random_or_none,2,cold,0.325,260,0,0,0,0,0,0,0,normal,0,106,102
1/8/2025 14:00,106,2,Wednesday,1,0,0,random_or_none,2,cold,0.512,260,0,0,0,0,0,0,0,normal,0,111,106
1/8/2025 15:00,111,2,Wednesday,1,0,0,random_or_none,2,cold,0.778,260,0,0,0,0,0,0,0,extreme_weather,2,109,111
1/8/2025 16:00,109,2,Wednesday,1,0,0,random_or_none,2,cold,0.968,260,0,0,0,0,0,0,0,extreme_weather,2,103,110
1/8/2025 17:00,103,2,Wednesday,1,0,0,random_or_none,0,sunny,0.158,260,0,0,0,0,0,0,0,normal,0,101,108
1/8/2025 18:00,101,2,Wednesday,1,0,0,random_or_none,0,sunny,0.344,260,0,0,0,0,0,0,0,normal,0,102,106
1/8/2025 19:00,102,2,Wednesday,1,0,0,random_or_none,5,windy,0.893,260,0,0,0,0,0,0,0,extreme_weather,2,101,107
1/8/2025 20:00,101,2,Wednesday,1,0,0,random_or_none,1,rainy,0.629,260,0,0,0,0,0,0,0,normal,0,91,102
1/8/2025 21:00,91,2,Wednesday,1,0,0,random_or_none,2,cold,0.723,260,0,0,0,0,0,0,0,normal,0,91,95
1/8/2025 22:00,91,2,Wednesday,1,0,0,random_or_none,1,rainy,0.547,260,0,0,0,0,0,0,0,normal,0,81,92
1/8/2025 23:00,81,2,Wednesday,1,0,0,random_or_none,2,cold,0.361,260,0,0,0,0,0,0,0,normal,0,75,88
1/9/2025 0:00,75,3,Thursday,1,0,0,random_or_none,2,cold,0.791,260,0,0,0,0,0,0,0,extreme_weather,2,72,82
1/9/2025 1:00,72,3,Thursday,1,0,0,random_or_none,1,rainy,0.764,260,0,0,0,0,0,0,0,extreme_weather,2,70,76
1/9/2025 2:00,70,3,Thursday,1,0,0,random_or_none,5,windy,0.86,260,0,0,0,0,0,0,0,extreme_weather,2,69,74
1/9/2025 3:00,69,3,Thursday,1,0,0,random_or_none,1,rainy,0.61,260,0,0,0,0,0,0,0,normal,0,70,68
1/9/2025 4:00,70,3,Thursday,1,0,0,random_or_none,0,sunny,0.12,260,0,0,0,0,0,0,0,normal,0,84,70
1/9/2025 5:00,84,3,Thursday,1,0,0,random_or_none,2,cold,0.54,260,0,0,0,0,0,0,0,normal,0,86,76
1/9/2025 6:00,86,3,Thursday,1,0,0,random_or_none,1,rainy,0.87,260,0,0,0,0,0,0,0,extreme_weather,2,80,73
1/9/2025 7:00,80,3,Thursday,1,0,0,random_or_none,1,rainy,0.351,260,0,0,0,0,0,0,0,normal,0,126,69
1/9/2025 8:00,126,3,Thursday,1,0,0,random_or_none,1,rainy,1,260,0,1,90.08,0,0,0,0,emergency_spike,5,106,76
1/9/2025 9:00,106,3,Thursday,1,0,0,random_or_none,1,rainy,0.919,260,0,0,0,0,0,0,0,extreme_weather,2,105,77
1/9/2025 10:00,105,3,Thursday,1,0,0,random_or_none,2,cold,1,260,0,0,0,0,0,0,0,extreme_weather,2,110,87
1/9/2025 11:00,110,3,Thursday,1,0,0,random_or_none,1,rainy,0.668,260,0,0,0,0,0,0,0,normal,0,104,95
1/9/2025 12:00,104,3,Thursday,1,0,0,random_or_none,1,rainy,0.559,260,0,0,0,0,0,0,0,normal,0,102,103
1/9/2025 13:00,102,3,Thursday,1,0,0,random_or_none,2,cold,0.616,260,0,0,0,0,0,0,0,normal,0,106,112
1/9/2025 14:00,106,3,Thursday,1,0,0,random_or_none,5,windy,0.537,260,0,0,0,0,0,0,0,normal,0,111,113
1/9/2025 15:00,111,3,Thursday,1,0,0,random_or_none,1,rainy,0.735,260,0,0,0,0,0,0,0,normal,0,110,114
1/9/2025 16:00,110,3,Thursday,1,0,0,random_or_none,0,sunny,0.286,260,0,0,0,0,0,0,0,normal,0,108,117
1/9/2025 17:00,108,3,Thursday,1,0,0,random_or_none,2,cold,0.538,260,0,0,0,0,0,0,0,normal,0,106,115
1/9/2025 18:00,106,3,Thursday,1,0,0,random_or_none,2,cold,0.454,260,0,0,0,0,0,0,0,normal,0,107,114
1/9/2025 19:00,107,3,Thursday,1,0,0,random_or_none,2,cold,0.959,260,0,0,0,0,0,0,0,extreme_weather,2,102,107
1/9/2025 20:00,102,3,Thursday,1,0,0,random_or_none,5,windy,0.502,260,0,0,0,0,0,0,0,normal,0,95,103
1/9/2025 21:00,95,3,Thursday,1,0,0,random_or_none,2,cold,0.453,260,0,0,0,0,0,0,0,normal,0,92,97
1/9/2025 22:00,92,3,Thursday,1,0,0,random_or_none,1,rainy,0.857,260,0,0,0,0,0,0,0,extreme_weather,2,88,88
1/9/2025 23:00,88,3,Thursday,1,0,0,random_or_none,1,rainy,0.376,260,0,0,0,0,0,0,0,normal,0,82,89
1/10/2025 0:00,82,4,Friday,1,0,0,random_or_none,1,rainy,0.792,260,0,0,0,0,0,0,0,extreme_weather,2,76,70
1/10/2025 1:00,76,4,Friday,1,0,0,random_or_none,2,cold,0.656,260,0,0,0,0,0,0,0,normal,0,74,57
1/10/2025 2:00,74,4,Friday,1,0,0,random_or_none,1,rainy,0.631,260,0,0,0,0,0,0,0,normal,0,68,56
1/10/2025 3:00,68,4,Friday,1,0,0,random_or_none,2,cold,0.862,260,0,0,0,0,0,0,0,extreme_weather,2,70,47
1/10/2025 4:00,70,4,Friday,1,0,0,random_or_none,2,cold,0.814,260,0,0,0,0,0,0,0,extreme_weather,2,76,49
1/10/2025 5:00,76,4,Friday,1,0,0,random_or_none,2,cold,0.75,260,0,0,0,0,0,0,0,normal,0,73,47
1/10/2025 6:00,73,4,Friday,1,0,0,random_or_none,2,cold,0.55,260,0,0,0,0,0,0,0,normal,0,69,49
1/10/2025 7:00,69,4,Friday,1,0,0,random_or_none,1,rainy,0.366,260,0,0,0,0,0,0,0,normal,0,76,64
1/10/2025 8:00,76,4,Friday,1,0,0,random_or_none,0,sunny,0.013,260,0,0,0,0,0,0,0,normal,0,77,65
1/10/2025 9:00,77,4,Friday,1,0,0,random_or_none,2,cold,0.492,260,0,0,0,0,0,0,0,normal,0,87,72
1/10/2025 10:00,87,4,Friday,1,0,0,random_or_none,1,rainy,0.326,260,0,0,0,0,0,0,0,normal,0,95,75
1/10/2025 11:00,95,4,Friday,1,0,0,random_or_none,1,rainy,0.538,260,0,0,0,0,0,0,0,normal,0,103,78
1/10/2025 12:00,103,4,Friday,1,0,0,random_or_none,2,cold,0.673,260,0,0,0,0,0,0,0,normal,0,112,80
1/10/2025 13:00,112,4,Friday,1,0,0,random_or_none,2,cold,0.838,260,0,0,0,0,0,0,0,extreme_weather,2,113,84
1/10/2025 14:00,113,4,Friday,1,0,0,random_or_none,1,rainy,0.694,260,0,0,0,0,0,0,0,normal,0,114,92
1/10/2025 15:00,114,4,Friday,1,0,0,random_or_none,2,cold,0.489,260,0,0,0,0,0,0,0,normal,0,117,95
1/10/2025 16:00,117,4,Friday,1,0,0,random_or_none,2,cold,0.6,260,0,0,0,0,0,0,0,normal,0,115,100
1/10/2025 17:00,115,4,Friday,1,0,0,random_or_none,1,rainy,0.83,260,0,0,0,0,0,0,0,extreme_weather,2,114,92
1/10/2025 18:00,114,4,Friday,1,0,0,random_or_none,1,rainy,0.602,260,0,0,0,0,0,0,0,normal,0,107,95
1/10/2025 19:00,107,4,Friday,1,0,0,random_or_none,0,sunny,0.237,260,0,0,0,0,0,0,0,normal,0,103,96
1/10/2025 20:00,103,4,Friday,1,0,0,random_or_none,2,cold,0.474,260,0,0,0,0,0,0,0,normal,0,97,87
1/10/2025 21:00,97,4,Friday,1,0,0,random_or_none,2,cold,0.593,260,0,0,0,0,0,0,0,normal,0,88,81
1/10/2025 22:00,88,4,Friday,1,0,0,random_or_none,2,cold,0.358,260,0,0,0,0,0,0,0,normal,0,89,71
1/10/2025 23:00,89,4,Friday,1,0,0,random_or_none,2,cold,0.417,260,0,0,0,0,0,0,0,normal,0,70,74
1/11/2025 0:00,70,5,Saturday,1,1,0,random_or_none,2,cold,0.887,260,0,0,0,0,0,0,0,extreme_weather,2,57,63
1/11/2025 1:00,57,5,Saturday,1,1,0,random_or_none,3,hot,0.31,260,0,0,0,0,0,0,0,normal,0,56,54
1/11/2025 2:00,56,5,Saturday,1,1,0,random_or_none,2,cold,0.436,260,0,0,0,0,0,0,0,normal,0,47,59
1/11/2025 3:00,47,5,Saturday,1,1,0,random_or_none,3,hot,0.684,260,0,0,0,0,0,0,0,normal,0,49,52
1/11/2025 4:00,49,5,Saturday,1,1,0,random_or_none,1,rainy,0.477,260,0,0,0,0,0,0,0,normal,0,47,45
1/11/2025 5:00,47,5,Saturday,1,1,0,random_or_none,2,cold,0.505,260,0,0,0,0,0,0,0,normal,0,49,52
1/11/2025 6:00,49,5,Saturday,1,1,0,random_or_none,5,windy,0.328,260,0,0,0,0,0,0,0,normal,0,64,61
1/11/2025 7:00,64,5,Saturday,1,1,0,random_or_none,1,rainy,1,260,0,0,0,0,0,0,0,extreme_weather,2,65,62
1/11/2025 8:00,65,5,Saturday,1,1,0,random_or_none,2,cold,0.606,260,0,0,0,0,0,0,0,normal,0,72,64
1/11/2025 9:00,72,5,Saturday,1,1,0,random_or_none,1,rainy,0.348,260,0,0,0,0,0,0,0,normal,0,75,75
1/11/2025 10:00,75,5,Saturday,1,1,0,random_or_none,1,rainy,0.633,260,0,0,0,0,0,0,0,normal,0,78,82
1/11/2025 11:00,78,5,Saturday,1,1,0,random_or_none,5,windy,0.247,260,0,0,0,0,0,0,0,normal,0,80,82
1/11/2025 12:00,80,5,Saturday,1,1,0,random_or_none,0,sunny,0.291,260,0,0,0,0,0,0,0,normal,0,84,82
1/11/2025 13:00,84,5,Saturday,1,1,0,random_or_none,0,sunny,0.079,260,0,0,0,0,0,0,0,normal,0,92,83
1/11/2025 14:00,92,5,Saturday,1,1,0,random_or_none,1,rainy,0.439,260,0,0,0,0,0,0,0,normal,0,95,85
1/11/2025 15:00,95,5,Saturday,1,1,0,random_or_none,1,rainy,0.706,260,0,0,0,0,0,0,0,normal,0,100,89
1/11/2025 16:00,100,5,Saturday,1,1,0,random_or_none,1,rainy,0.69,260,0,0,0,0,0,0,0,normal,0,92,88
1/11/2025 17:00,92,5,Saturday,1,1,0,random_or_none,0,sunny,0.014,260,0,0,0,0,0,0,0,normal,0,95,93
1/11/2025 18:00,95,5,Saturday,1,1,0,random_or_none,2,cold,1,260,0,0,0,0,0,0,0,extreme_weather,2,96,93
1/11/2025 19:00,96,5,Saturday,1,1,0,random_or_none,1,rainy,0.358,260,0,0,0,0,0,0,0,normal,0,87,93
1/11/2025 20:00,87,5,Saturday,1,1,0,random_or_none,1,rainy,0.478,260,0,0,0,0,0,0,0,normal,0,81,87
1/11/2025 21:00,81,5,Saturday,1,1,0,random_or_none,5,windy,0.269,260,0,0,0,0,0,0,0,normal,0,71,80
1/11/2025 22:00,71,5,Saturday,1,1,0,random_or_none,1,rainy,0.494,260,0,0,0,0,0,0,0,normal,0,74,75
1/11/2025 23:00,74,5,Saturday,1,1,0,random_or_none,2,cold,0.613,260,0,0,0,0,0,0,0,normal,0,63,65
1/12/2025 0:00,63,6,Sunday,1,1,0,random_or_none,2,cold,0.4,260,0,0,0,0,0,0,0,normal,0,54,65
1/12/2025 1:00,54,6,Sunday,1,1,0,random_or_none,0,sunny,0.302,260,0,0,0,0,0,0,0,normal,0,59,62
1/12/2025 2:00,59,6,Sunday,1,1,0,random_or_none,4,dusty,0.877,260,0,0,0,0,0,0,0,extreme_weather,2,52,63
1/12/2025 3:00,52,6,Sunday,1,1,0,random_or_none,2,cold,0.469,260,0,0,0,0,0,0,0,normal,0,45,74
1/12/2025 4:00,45,6,Sunday,1,1,0,random_or_none,0,sunny,0.174,260,0,0,0,0,0,0,0,normal,0,52,65
1/12/2025 5:00,52,6,Sunday,1,1,0,random_or_none,2,cold,0.645,260,0,0,0,0,0,0,0,normal,0,61,65
1/12/2025 6:00,61,6,Sunday,1,1,0,random_or_none,1,rainy,0.975,260,0,0,0,0,0,0,0,extreme_weather,2,62,76
1/12/2025 7:00,62,6,Sunday,1,1,0,random_or_none,2,cold,0.453,260,0,0,0,0,0,0,0,normal,0,64,80
1/12/2025 8:00,64,6,Sunday,1,1,0,random_or_none,2,cold,0.323,260,0,0,0,0,0,0,0,normal,0,75,87
1/12/2025 9:00,75,6,Sunday,1,1,0,random_or_none,1,rainy,0.764,260,0,0,0,0,0,0,0,extreme_weather,2,82,94
1/12/2025 10:00,82,6,Sunday,1,1,0,random_or_none,1,rainy,0.317,260,0,0,0,0,0,0,0,normal,0,82,101
1/12/2025 11:00,82,6,Sunday,1,1,0,random_or_none,2,cold,0.399,260,0,0,0,0,0,0,0,normal,0,82,107
1/12/2025 12:00,82,6,Sunday,1,1,0,random_or_none,2,cold,0.336,260,0,0,0,0,0,0,0,normal,0,83,111
1/12/2025 13:00,83,6,Sunday,1,1,0,random_or_none,0,sunny,0.049,260,0,0,0,0,0,0,0,normal,0,85,112
1/12/2025 14:00,85,6,Sunday,1,1,0,random_or_none,2,cold,0.587,260,0,0,0,0,0,0,0,normal,0,89,113
1/12/2025 15:00,89,6,Sunday,1,1,0,random_or_none,1,rainy,0.676,260,0,0,0,0,0,0,0,normal,0,88,109
1/12/2025 16:00,88,6,Sunday,1,1,0,random_or_none,2,cold,0.465,260,0,0,0,0,0,0,0,normal,0,93,108
1/12/2025 17:00,93,6,Sunday,1,1,0,random_or_none,0,sunny,0.22,260,0,0,0,0,0,0,0,normal,0,93,109
1/12/2025 18:00,93,6,Sunday,1,1,0,random_or_none,2,cold,0.838,260,0,0,0,0,0,0,0,extreme_weather,2,93,107
1/12/2025 19:00,93,6,Sunday,1,1,0,random_or_none,1,rainy,0.728,260,0,0,0,0,0,0,0,normal,0,87,112
1/12/2025 20:00,87,6,Sunday,1,1,0,random_or_none,2,cold,0.853,260,0,0,0,0,0,0,0,extreme_weather,2,80,107
1/12/2025 21:00,80,6,Sunday,1,1,0,random_or_none,1,rainy,0.597,260,0,0,0,0,0,0,0,normal,0,75,94
1/12/2025 22:00,75,6,Sunday,1,1,0,random_or_none,1,rainy,0.76,260,0,0,0,0,0,0,0,extreme_weather,2,65,88
1/12/2025 23:00,65,6,Sunday,1,1,0,random_or_none,1,rainy,0.798,260,0,0,0,0,0,0,0,extreme_weather,2,65,82
1/13/2025 0:00,65,0,Monday,1,0,0,random_or_none,2,cold,0.986,260,0,0,0,0,0,0,0,extreme_weather,2,62,79
1/13/2025 1:00,62,0,Monday,1,0,0,random_or_none,0,sunny,0.238,260,0,0,0,0,0,0,0,normal,0,63,74
1/13/2025 2:00,63,0,Monday,1,0,0,random_or_none,2,cold,0.707,260,0,0,0,0,0,0,0,normal,0,74,69
1/13/2025 3:00,74,0,Monday,1,0,0,random_or_none,3,hot,0.767,260,0,0,0,0,0,0,0,extreme_weather,2,65,66
1/13/2025 4:00,65,0,Monday,1,0,0,random_or_none,5,windy,0.517,260,0,0,0,0,0,0,0,normal,0,65,70
1/13/2025 5:00,65,0,Monday,1,0,0,random_or_none,5,windy,0.366,260,0,0,0,0,0,0,0,normal,0,76,71
1/13/2025 6:00,76,0,Monday,1,0,0,random_or_none,1,rainy,0.976,260,0,0,0,0,0,0,0,extreme_weather,2,80,78
1/13/2025 7:00,80,0,Monday,1,0,0,random_or_none,2,cold,0.928,260,0,0,0,0,0,0,0,extreme_weather,2,87,73
1/13/2025 8:00,87,0,Monday,1,0,0,random_or_none,1,rainy,0.83,260,0,0,0,0,0,0,0,extreme_weather,2,94,75
1/13/2025 9:00,94,0,Monday,1,0,0,random_or_none,2,cold,0.393,260,0,0,0,0,0,0,0,normal,0,101,84
1/13/2025 10:00,101,0,Monday,1,0,0,random_or_none,2,cold,0.913,260,0,0,0,0,0,0,0,extreme_weather,2,107,90
1/13/2025 11:00,107,0,Monday,1,0,0,random_or_none,1,rainy,0.766,260,0,0,0,0,0,0,0,extreme_weather,2,111,104
1/13/2025 12:00,111,0,Monday,1,0,0,random_or_none,4,dusty,0.318,260,0,0,0,0,0,0,0,normal,0,112,104
1/13/2025 13:00,112,0,Monday,1,0,0,random_or_none,1,rainy,0.848,260,0,0,0,0,0,0,0,extreme_weather,2,113,111
1/13/2025 14:00,113,0,Monday,1,0,0,random_or_none,2,cold,0.874,260,0,0,0,0,0,0,0,extreme_weather,2,109,113
1/13/2025 15:00,109,0,Monday,1,0,0,random_or_none,2,cold,0.954,260,0,0,0,0,0,0,0,extreme_weather,2,108,113
1/13/2025 16:00,108,0,Monday,1,0,0,random_or_none,0,sunny,0.013,260,0,0,0,0,0,0,0,normal,0,109,108
1/13/2025 17:00,109,0,Monday,1,0,0,random_or_none,5,windy,0.804,260,0,0,0,0,0,0,0,extreme_weather,2,107,112
1/13/2025 18:00,107,0,Monday,1,0,0,random_or_none,2,cold,0.514,260,0,0,0,0,0,0,0,normal,0,112,110
1/13/2025 19:00,112,0,Monday,1,0,0,random_or_none,1,rainy,0.753,260,0,0,0,0,0,0,0,extreme_weather,2,107,110
1/13/2025 20:00,107,0,Monday,1,0,0,random_or_none,1,rainy,0.54,260,0,0,0,0,0,0,0,normal,0,94,99
1/13/2025 21:00,94,0,Monday,1,0,0,random_or_none,5,windy,0.161,260,0,0,0,0,0,0,0,normal,0,88,98
1/13/2025 22:00,88,0,Monday,1,0,0,random_or_none,2,cold,0.735,260,0,0,0,0,0,0,0,normal,0,82,89
1/13/2025 23:00,82,0,Monday,1,0,0,random_or_none,1,rainy,0.522,260,0,0,0,0,0,0,0,normal,0,79,84
1/14/2025 0:00,79,1,Tuesday,1,0,0,random_or_none,3,hot,0.532,260,0,0,0,0,0,0,0,normal,0,74,101
1/14/2025 1:00,74,1,Tuesday,1,0,0,random_or_none,1,rainy,0.463,260,0,0,0,0,0,0,0,normal,0,69,76
1/14/2025 2:00,69,1,Tuesday,1,0,0,random_or_none,1,rainy,0.463,260,0,0,0,0,0,0,0,normal,0,66,73
1/14/2025 3:00,66,1,Tuesday,1,0,0,random_or_none,2,cold,0.853,260,0,0,0,0,0,0,0,extreme_weather,2,70,73
1/14/2025 4:00,70,1,Tuesday,1,0,0,random_or_none,5,windy,0.668,260,0,0,0,0,0,0,0,normal,0,71,68
1/14/2025 5:00,71,1,Tuesday,1,0,0,random_or_none,2,cold,0.99,260,0,0,0,0,0,0,0,extreme_weather,2,78,68
1/14/2025 6:00,78,1,Tuesday,1,0,0,random_or_none,3,hot,0.449,260,0,0,0,0,0,0,0,normal,0,73,66
1/14/2025 7:00,73,1,Tuesday,1,0,0,random_or_none,0,sunny,0.289,260,0,0,0,0,0,0,0,normal,0,75,76
1/14/2025 8:00,75,1,Tuesday,1,0,0,random_or_none,5,windy,0.597,260,0,0,0,0,0,0,0,normal,0,84,80
1/14/2025 9:00,84,1,Tuesday,1,0,0,random_or_none,2,cold,0.905,260,0,0,0,0,0,0,0,extreme_weather,2,90,86
1/14/2025 10:00,90,1,Tuesday,1,0,0,random_or_none,0,sunny,0.071,260,0,0,0,0,0,0,0,normal,0,104,92
1/14/2025 11:00,104,1,Tuesday,1,0,0,random_or_none,1,rainy,0.852,260,0,0,0,0,0,0,0,extreme_weather,2,104,95
1/14/2025 12:00,104,1,Tuesday,1,0,0,random_or_none,0,sunny,0.156,260,0,0,0,0,0,0,0,normal,0,111,104
1/14/2025 13:00,111,1,Tuesday,1,0,0,random_or_none,1,rainy,0.748,260,0,0,0,0,0,0,0,normal,0,113,108
1/14/2025 14:00,113,1,Tuesday,1,0,0,random_or_none,2,cold,0.391,260,0,0,0,0,0,0,0,normal,0,113,110
1/14/2025 15:00,113,1,Tuesday,1,0,0,random_or_none,5,windy,0.556,260,0,0,0,0,0,0,0,normal,0,108,106
1/14/2025 16:00,108,1,Tuesday,1,0,0,random_or_none,0,sunny,0.345,260,0,0,0,0,0,0,0,normal,0,112,109
1/14/2025 17:00,112,1,Tuesday,1,0,0,random_or_none,2,cold,0.791,260,0,0,0,0,0,0,0,extreme_weather,2,110,104
1/14/2025 18:00,110,1,Tuesday,1,0,0,random_or_none,2,cold,0.936,260,0,0,0,0,0,0,0,extreme_weather,2,110,103
1/14/2025 19:00,110,1,Tuesday,1,0,0,random_or_none,4,dusty,0.856,260,0,0,0,0,0,0,0,extreme_weather,2,99,107
1/14/2025 20:00,99,1,Tuesday,1,0,0,random_or_none,0,sunny,0.042,260,0,0,0,0,0,0,0,normal,0,98,97
1/14/2025 21:00,98,1,Tuesday,1,0,0,random_or_none,4,dusty,0.826,260,0,0,0,0,0,0,0,extreme_weather,2,89,87
1/14/2025 22:00,89,1,Tuesday,1,0,0,random_or_none,4,dusty,0.547,260,0,0,0,0,0,0,0,normal,0,84,106
1/14/2025 23:00,84,1,Tuesday,1,0,0,random_or_none,2,cold,0.569,260,0,0,0,0,0,0,0,normal,0,101,88
1/15/2025 0:00,101,2,Wednesday,1,0,0,random_or_none,0,sunny,0.268,260,0,1,75.17,0,0,0,0,emergency_spike,5,76,80
1/15/2025 1:00,76,2,Wednesday,1,0,0,random_or_none,0,sunny,0.084,260,0,0,0,0,0,0,0,normal,0,73,70
1/15/2025 2:00,73,2,Wednesday,1,0,0,random_or_none,1,rainy,0.658,260,0,0,0,0,0,0,0,normal,0,73,64
1/15/2025 3:00,73,2,Wednesday,1,0,0,random_or_none,1,rainy,0.745,260,0,0,0,0,0,0,0,normal,0,68,60
1/15/2025 4:00,68,2,Wednesday,1,0,0,random_or_none,2,cold,0.98,260,0,0,0,0,0,0,0,extreme_weather,2,68,67
1/15/2025 5:00,68,2,Wednesday,1,0,0,random_or_none,5,windy,0.764,260,0,0,0,0,0,0,0,extreme_weather,2,66,69
1/15/2025 6:00,66,2,Wednesday,1,0,0,random_or_none,0,sunny,0.345,260,0,0,0,0,0,0,0,normal,0,76,78
1/15/2025 7:00,76,2,Wednesday,1,0,0,random_or_none,1,rainy,0.784,260,0,0,0,0,0,0,0,extreme_weather,2,80,76
1/15/2025 8:00,80,2,Wednesday,1,0,0,random_or_none,1,rainy,0.652,260,0,0,0,0,0,0,0,normal,0,86,77
1/15/2025 9:00,86,2,Wednesday,1,0,0,random_or_none,1,rainy,0.818,260,0,0,0,0,0,0,0,extreme_weather,2,92,88
1/15/2025 10:00,92,2,Wednesday,1,0,0,random_or_none,2,cold,0.64,260,0,0,0,0,0,0,0,normal,0,95,89
1/15/2025 11:00,95,2,Wednesday,1,0,0,random_or_none,1,rainy,0.308,260,0,0,0,0,0,0,0,normal,0,104,101
1/15/2025 12:00,104,2,Wednesday,1,0,0,random_or_none,1,rainy,0.549,260,0,0,0,0,0,0,0,normal,0,108,110
1/15/2025 13:00,108,2,Wednesday,1,0,0,random_or_none,2,cold,0.726,260,0,0,0,0,0,0,0,normal,0,110,113
1/15/2025 14:00,110,2,Wednesday,1,0,0,random_or_none,2,cold,0.66,260,0,0,0,0,0,0,0,normal,0,106,117
1/15/2025 15:00,106,2,Wednesday,1,0,0,random_or_none,1,rainy,0.405,260,0,0,0,0,0,0,0,normal,0,109,112
1/15/2025 16:00,109,2,Wednesday,1,0,0,random_or_none,2,cold,0.914,260,0,0,0,0,0,0,0,extreme_weather,2,104,106
1/15/2025 17:00,104,2,Wednesday,1,0,0,random_or_none,5,windy,0.836,260,0,0,0,0,0,0,0,extreme_weather,2,103,105
1/15/2025 18:00,103,2,Wednesday,1,0,0,random_or_none,5,windy,0.447,260,0,0,0,0,0,0,0,normal,0,107,110
1/15/2025 19:00,107,2,Wednesday,1,0,0,random_or_none,1,rainy,0.765,260,0,0,0,0,0,0,0,extreme_weather,2,97,108
1/15/2025 20:00,97,2,Wednesday,1,0,0,random_or_none,0,sunny,0.163,260,0,0,0,0,0,0,0,normal,0,87,101
1/15/2025 21:00,87,2,Wednesday,1,0,0,random_or_none,2,cold,0.399,260,0,0,0,0,0,0,0,normal,0,106,93
1/15/2025 22:00,106,2,Wednesday,1,0,0,random_or_none,0,sunny,0.259,260,0,1,66.79,0,0,0,0,emergency_spike,5,88,88
1/15/2025 23:00,88,2,Wednesday,1,0,0,random_or_none,2,cold,0.382,260,0,0,0,0,0,0,0,normal,0,80,85
1/16/2025 0:00,80,3,Thursday,1,0,0,random_or_none,2,cold,0.755,260,0,0,0,0,0,0,0,extreme_weather,2,70,79
1/16/2025 1:00,70,3,Thursday,1,0,0,random_or_none,5,windy,0.705,260,0,0,0,0,0,0,0,normal,0,64,77
1/16/2025 2:00,64,3,Thursday,1,0,0,random_or_none,5,windy,0.414,260,0,0,0,0,0,0,0,normal,0,60,73
1/16/2025 3:00,60,3,Thursday,1,0,0,random_or_none,0,sunny,0.347,260,0,0,0,0,0,0,0,normal,0,67,72
1/16/2025 4:00,67,3,Thursday,1,0,0,random_or_none,1,rainy,0.882,260,0,0,0,0,0,0,0,extreme_weather,2,69,70
1/16/2025 5:00,69,3,Thursday,1,0,0,random_or_none,2,cold,0.683,260,0,0,0,0,0,0,0,normal,0,78,70
1/16/2025 6:00,78,3,Thursday,1,0,0,random_or_none,2,cold,0.551,260,0,0,0,0,0,0,0,normal,0,76,73
1/16/2025 7:00,76,3,Thursday,1,0,0,random_or_none,1,rainy,0.292,260,0,0,0,0,0,0,0,normal,0,77,71
1/16/2025 8:00,77,3,Thursday,1,0,0,random_or_none,2,cold,0.822,260,0,0,0,0,0,0,0,extreme_weather,2,88,82
1/16/2025 9:00,88,3,Thursday,1,0,0,random_or_none,1,rainy,0.979,260,0,0,0,0,0,0,0,extreme_weather,2,89,85
1/16/2025 10:00,89,3,Thursday,1,0,0,random_or_none,1,rainy,0.486,260,0,0,0,0,0,0,0,normal,0,101,96
1/16/2025 11:00,101,3,Thursday,1,0,0,random_or_none,2,cold,0.988,260,0,0,0,0,0,0,0,extreme_weather,2,110,100
1/16/2025 12:00,110,3,Thursday,1,0,0,random_or_none,5,windy,0.375,260,0,0,0,0,0,0,0,normal,0,113,106
1/16/2025 13:00,113,3,Thursday,1,0,0,random_or_none,1,rainy,0.286,260,0,0,0,0,0,0,0,normal,0,117,109
1/16/2025 14:00,117,3,Thursday,1,0,0,random_or_none,1,rainy,0.815,260,0,0,0,0,0,0,0,extreme_weather,2,112,112
1/16/2025 15:00,112,3,Thursday,1,0,0,random_or_none,2,cold,1,260,0,0,0,0,0,0,0,extreme_weather,2,106,116
1/16/2025 16:00,106,3,Thursday,1,0,0,random_or_none,0,sunny,0.08,260,0,0,0,0,0,0,0,normal,0,105,114
1/16/2025 17:00,105,3,Thursday,1,0,0,random_or_none,2,cold,0.996,260,0,0,0,0,0,0,0,extreme_weather,2,110,106
1/16/2025 18:00,110,3,Thursday,1,0,0,random_or_none,1,rainy,0.753,260,0,0,0,0,0,0,0,extreme_weather,2,108,110
1/16/2025 19:00,108,3,Thursday,1,0,0,random_or_none,2,cold,0.939,260,0,0,0,0,0,0,0,extreme_weather,2,101,107
1/16/2025 20:00,101,3,Thursday,1,0,0,random_or_none,2,cold,0.708,260,0,0,0,0,0,0,0,normal,0,93,101
1/16/2025 21:00,93,3,Thursday,1,0,0,random_or_none,2,cold,0.873,260,0,0,0,0,0,0,0,extreme_weather,2,88,97
1/16/2025 22:00,88,3,Thursday,1,0,0,random_or_none,2,cold,0.811,260,0,0,0,0,0,0,0,extreme_weather,2,85,98
1/16/2025 23:00,85,3,Thursday,1,0,0,random_or_none,1,rainy,0.78,260,0,0,0,0,0,0,0,extreme_weather,2,79,84
1/17/2025 0:00,79,4,Friday,1,0,0,random_or_none,2,cold,0.793,260,0,0,0,0,0,0,0,extreme_weather,2,77,68
1/17/2025 1:00,77,4,Friday,1,0,0,random_or_none,2,cold,0.427,260,0,0,0,0,0,0,0,normal,0,73,62
1/17/2025 2:00,73,4,Friday,1,0,0,random_or_none,5,windy,0.372,260,0,0,0,0,0,0,0,normal,0,72,60
1/17/2025 3:00,72,4,Friday,1,0,0,random_or_none,2,cold,0.811,260,0,0,0,0,0,0,0,extreme_weather,2,70,54
1/17/2025 4:00,70,4,Friday,1,0,0,random_or_none,2,cold,0.41,260,0,0,0,0,0,0,0,normal,0,70,48
1/17/2025 5:00,70,4,Friday,1,0,0,random_or_none,2,cold,0.607,260,0,0,0,0,0,0,0,normal,0,73,51
1/17/2025 6:00,73,4,Friday,1,0,0,random_or_none,2,cold,0.35,260,0,0,0,0,0,0,0,normal,0,71,59
1/17/2025 7:00,71,4,Friday,1,0,0,random_or_none,2,cold,0.627,260,0,0,0,0,0,0,0,normal,0,82,58
1/17/2025 8:00,82,4,Friday,1,0,0,random_or_none,1,rainy,1,260,0,0,0,0,0,0,0,extreme_weather,2,85,64
1/17/2025 9:00,85,4,Friday,1,0,0,random_or_none,2,cold,0.423,260,0,0,0,0,0,0,0,normal,0,96,69
1/17/2025 10:00,96,4,Friday,1,0,0,random_or_none,2,cold,0.542,260,0,0,0,0,0,0,0,normal,0,100,73
1/17/2025 11:00,100,4,Friday,1,0,0,random_or_none,1,rainy,0.762,260,0,0,0,0,0,0,0,extreme_weather,2,106,79
1/17/2025 12:00,106,4,Friday,1,0,0,random_or_none,2,cold,0.623,260,0,0,0,0,0,0,0,normal,0,109,85
1/17/2025 13:00,109,4,Friday,1,0,0,random_or_none,1,rainy,0.956,260,0,0,0,0,0,0,0,extreme_weather,2,112,84
1/17/2025 14:00,112,4,Friday,1,0,0,random_or_none,2,cold,0.757,260,0,0,0,0,0,0,0,extreme_weather,2,116,91
1/17/2025 15:00,116,4,Friday,1,0,0,random_or_none,2,cold,0.846,260,0,0,0,0,0,0,0,extreme_weather,2,114,89
1/17/2025 16:00,114,4,Friday,1,0,0,random_or_none,5,windy,0.394,260,0,0,0,0,0,0,0,normal,0,106,95
1/17/2025 17:00,106,4,Friday,1,0,0,random_or_none,0,sunny,0.07,260,0,0,0,0,0,0,0,normal,0,110,96
1/17/2025 18:00,110,4,Friday,1,0,0,random_or_none,2,cold,0.78,260,0,0,0,0,0,0,0,extreme_weather,2,107,90
1/17/2025 19:00,107,4,Friday,1,0,0,random_or_none,5,windy,0.773,260,0,0,0,0,0,0,0,extreme_weather,2,101,85
1/17/2025 20:00,101,4,Friday,1,0,0,random_or_none,0,sunny,0.278,260,0,0,0,0,0,0,0,normal,0,97,80
1/17/2025 21:00,97,4,Friday,1,0,0,random_or_none,2,cold,0.379,260,0,0,0,0,0,0,0,normal,0,98,74
1/17/2025 22:00,98,4,Friday,1,0,0,random_or_none,1,rainy,0.766,260,0,0,0,0,0,0,0,extreme_weather,2,84,65
1/17/2025 23:00,84,4,Friday,1,0,0,random_or_none,2,cold,0.373,260,0,0,0,0,0,0,0,normal,0,68,55
1/18/2025 0:00,68,5,Saturday,1,1,0,random_or_none,0,sunny,0.208,260,0,0,0,0,0,0,0,normal,0,62,49
1/18/2025 1:00,62,5,Saturday,1,1,0,random_or_none,1,rainy,0.425,260,0,0,0,0,0,0,0,normal,0,60,50
1/18/2025 2:00,60,5,Saturday,1,1,0,random_or_none,1,rainy,0.862,260,0,0,0,0,0,0,0,extreme_weather,2,54,48
1/18/2025 3:00,54,5,Saturday,1,1,0,random_or_none,2,cold,0.479,260,0,0,0,0,0,0,0,normal,0,48,44
1/18/2025 4:00,48,5,Saturday,1,1,0,random_or_none,5,windy,0.316,260,0,0,0,0,0,0,0,normal,0,51,43
1/18/2025 5:00,51,5,Saturday,1,1,0,random_or_none,5,windy,0.263,260,0,0,0,0,0,0,0,normal,0,59,46
1/18/2025 6:00,59,5,Saturday,1,1,0,random_or_none,1,rainy,0.574,260,0,0,0,0,0,0,0,normal,0,58,56
1/18/2025 7:00,58,5,Saturday,1,1,0,random_or_none,2,cold,0.575,260,0,0,0,0,0,0,0,normal,0,64,60
1/18/2025 8:00,64,5,Saturday,1,1,0,random_or_none,2,cold,0.382,260,0,0,0,0,0,0,0,normal,0,69,63
1/18/2025 9:00,69,5,Saturday,1,1,0,random_or_none,5,windy,0.167,260,0,0,0,0,0,0,0,normal,0,73,65
1/18/2025 10:00,73,5,Saturday,1,1,0,random_or_none,2,cold,0.94,260,0,0,0,0,0,0,0,extreme_weather,2,79,65
1/18/2025 11:00,79,5,Saturday,1,1,0,random_or_none,2,cold,0.589,260,0,0,0,0,0,0,0,normal,0,85,75
1/18/2025 12:00,85,5,Saturday,1,1,0,random_or_none,1,rainy,0.448,260,0,0,0,0,0,0,0,normal,0,84,79
1/18/2025 13:00,84,5,Saturday,1,1,0,random_or_none,1,rainy,0.544,260,0,0,0,0,0,0,0,normal,0,91,82
1/18/2025 14:00,91,5,Saturday,1,1,0,random_or_none,2,cold,0.847,260,0,0,0,0,0,0,0,extreme_weather,2,89,90
1/18/2025 15:00,89,5,Saturday,1,1,0,random_or_none,2,cold,0.365,260,0,0,0,0,0,0,0,normal,0,95,95
1/18/2025 16:00,95,5,Saturday,1,1,0,random_or_none,1,rainy,1,260,0,0,0,0,0,0,0,extreme_weather,2,96,99
1/18/2025 17:00,96,5,Saturday,1,1,0,random_or_none,2,cold,0.569,260,0,0,0,0,0,0,0,normal,0,90,92
1/18/2025 18:00,90,5,Saturday,1,1,0,random_or_none,0,sunny,0.322,260,0,0,0,0,0,0,0,normal,0,85,94
1/18/2025 19:00,85,5,Saturday,1,1,0,random_or_none,2,cold,0.344,260,0,0,0,0,0,0,0,normal,0,80,91
1/18/2025 20:00,80,5,Saturday,1,1,0,random_or_none,2,cold,0.734,260,0,0,0,0,0,0,0,normal,0,74,88
1/18/2025 21:00,74,5,Saturday,1,1,0,random_or_none,0,sunny,0.326,260,0,0,0,0,0,0,0,normal,0,65,80
1/18/2025 22:00,65,5,Saturday,1,1,0,random_or_none,2,cold,0.445,260,0,0,0,0,0,0,0,normal,0,55,74
1/18/2025 23:00,55,5,Saturday,1,1,0,random_or_none,0,sunny,0.17,260,0,0,0,0,0,0,0,normal,0,49,69
1/19/2025 0:00,49,6,Sunday,1,1,0,random_or_none,2,cold,0.719,260,0,0,0,0,0,0,0,normal,0,50,77
1/19/2025 1:00,50,6,Sunday,1,1,0,random_or_none,1,rainy,0.419,260,0,0,0,0,0,0,0,normal,0,48,70
1/19/2025 2:00,48,6,Sunday,1,1,0,random_or_none,2,cold,0.258,260,0,0,0,0,0,0,0,normal,0,44,70
1/19/2025 3:00,44,6,Sunday,1,1,0,random_or_none,5,windy,0.521,260,0,0,0,0,0,0,0,normal,0,43,72
1/19/2025 4:00,43,6,Sunday,1,1,0,random_or_none,1,rainy,0.496,260,0,0,0,0,0,0,0,normal,0,46,73
1/19/2025 5:00,46,6,Sunday,1,1,0,random_or_none,5,windy,0.481,260,0,0,0,0,0,0,0,normal,0,56,75
1/19/2025 6:00,56,6,Sunday,1,1,0,random_or_none,1,rainy,0.887,260,0,0,0,0,0,0,0,extreme_weather,2,60,75
1/19/2025 7:00,60,6,Sunday,1,1,0,random_or_none,2,cold,0.86,260,0,0,0,0,0,0,0,extreme_weather,2,63,75
1/19/2025 8:00,63,6,Sunday,1,1,0,random_or_none,2,cold,0.84,260,0,0,0,0,0,0,0,extreme_weather,2,65,84
1/19/2025 9:00,65,6,Sunday,1,1,0,random_or_none,1,rainy,0.635,260,0,0,0,0,0,0,0,normal,0,65,86
1/19/2025 10:00,65,6,Sunday,1,1,0,random_or_none,0,sunny,0.282,260,0,0,0,0,0,0,0,normal,0,75,96
1/19/2025 11:00,75,6,Sunday,1,1,0,random_or_none,2,cold,0.978,260,0,0,0,0,0,0,0,extreme_weather,2,79,99
1/19/2025 12:00,79,6,Sunday,1,1,0,random_or_none,0,sunny,0.18,260,0,0,0,0,0,0,0,normal,0,82,105
1/19/2025 13:00,82,6,Sunday,1,1,0,random_or_none,5,windy,0.459,260,0,0,0,0,0,0,0,normal,0,90,107
1/19/2025 14:00,90,6,Sunday,1,1,0,random_or_none,2,cold,0.797,260,0,0,0,0,0,0,0,extreme_weather,2,95,113
1/19/2025 15:00,95,6,Sunday,1,1,0,random_or_none,2,cold,0.892,260,0,0,0,0,0,0,0,extreme_weather,2,99,112
1/19/2025 16:00,99,6,Sunday,1,1,0,random_or_none,1,rainy,0.759,260,0,0,0,0,0,0,0,extreme_weather,2,92,111
1/19/2025 17:00,92,6,Sunday,1,1,0,random_or_none,2,cold,0.867,260,0,0,0,0,0,0,0,extreme_weather,2,94,140
1/19/2025 18:00,94,6,Sunday,1,1,0,random_or_none,1,rainy,0.678,260,0,0,0,0,0,0,0,normal,0,91,125
1/19/2025 19:00,91,6,Sunday,1,1,0,random_or_none,4,dusty,0.676,260,0,0,0,0,0,0,0,normal,0,88,120
1/19/2025 20:00,88,6,Sunday,1,1,0,random_or_none,0,sunny,0.278,260,0,0,0,0,0,0,0,normal,0,80,108
1/19/2025 21:00,80,6,Sunday,1,1,0,random_or_none,1,rainy,0.501,260,0,0,0,0,0,0,0,normal,0,74,102
1/19/2025 22:00,74,6,Sunday,1,1,0,random_or_none,2,cold,0.958,260,0,0,0,0,0,0,0,extreme_weather,2,69,96
1/19/2025 23:00,69,6,Sunday,1,1,0,random_or_none,1,rainy,0.872,260,0,0,0,0,0,0,0,extreme_weather,2,77,85
1/20/2025 0:00,77,0,Monday,1,0,0,random_or_none,2,cold,0.691,260,0,0,0,0,0,0,0,normal,0,70,76
1/20/2025 1:00,70,0,Monday,1,0,0,random_or_none,0,sunny,0.106,260,0,0,0,0,0,0,0,normal,0,70,73
1/20/2025 2:00,70,0,Monday,1,0,0,random_or_none,0,sunny,0.033,260,0,0,0,0,0,0,0,normal,0,72,70
1/20/2025 3:00,72,0,Monday,1,0,0,random_or_none,1,rainy,0.335,260,0,0,0,0,0,0,0,normal,0,73,70
1/20/2025 4:00,73,0,Monday,1,0,0,random_or_none,5,windy,0.472,260,0,0,0,0,0,0,0,normal,0,75,70
1/20/2025 5:00,75,0,Monday,1,0,0,random_or_none,2,cold,0.723,260,0,0,0,0,0,0,0,normal,0,75,70
1/20/2025 6:00,75,0,Monday,1,0,0,random_or_none,2,cold,0.476,260,0,0,0,0,0,0,0,normal,0,75,72
1/20/2025 7:00,75,0,Monday,1,0,0,random_or_none,2,cold,0.388,260,0,0,0,0,0,0,0,normal,0,84,78
1/20/2025 8:00,84,0,Monday,1,0,0,random_or_none,2,cold,0.482,260,0,0,0,0,0,0,0,normal,0,86,79
1/20/2025 9:00,86,0,Monday,1,0,0,random_or_none,1,rainy,0.339,260,0,0,0,0,0,0,0,normal,0,96,81
1/20/2025 10:00,96,0,Monday,1,0,0,random_or_none,2,cold,0.495,260,0,0,0,0,0,0,0,normal,0,99,81
1/20/2025 11:00,99,0,Monday,1,0,0,random_or_none,1,rainy,0.508,260,0,0,0,0,0,0,0,normal,0,105,85
1/20/2025 12:00,105,0,Monday,1,0,0,random_or_none,2,cold,0.8,260,0,0,0,0,0,0,0,extreme_weather,2,107,89
1/20/2025 13:00,107,0,Monday,1,0,0,random_or_none,1,rainy,0.489,260,0,0,0,0,0,0,0,normal,0,113,90
1/20/2025 14:00,113,0,Monday,1,0,0,random_or_none,2,cold,0.91,260,0,0,0,0,0,0,0,extreme_weather,2,112,93
1/20/2025 15:00,112,0,Monday,1,0,0,random_or_none,1,rainy,0.41,260,0,0,0,0,0,0,0,normal,0,111,98
1/20/2025 16:00,111,0,Monday,1,0,0,random_or_none,5,windy,0.745,260,0,0,0,0,0,0,0,normal,0,140,92
1/20/2025 17:00,140,0,Monday,1,0,0,random_or_none,1,rainy,0.39,260,0,1,59.3,0,0,0,0,emergency_spike,5,125,95
1/20/2025 18:00,125,0,Monday,1,0,0,random_or_none,2,cold,0.616,260,0,0,0,0,0,0,0,normal,0,120,94
1/20/2025 19:00,120,0,Monday,1,0,0,random_or_none,1,rainy,1,260,0,0,0,0,0,0,0,extreme_weather,2,108,86
1/20/2025 20:00,108,0,Monday,1,0,0,random_or_none,2,cold,0.5,260,0,0,0,0,0,0,0,normal,0,102,87
1/20/2025 21:00,102,0,Monday,1,0,0,random_or_none,5,windy,0.725,260,0,0,0,0,0,0,0,normal,0,96,81
1/20/2025 22:00,96,0,Monday,1,0,0,random_or_none,2,cold,0.761,260,0,0,0,0,0,0,0,extreme_weather,2,85,83
1/20/2025 23:00,85,0,Monday,1,0,0,random_or_none,0,sunny,0.341,260,0,0,0,0,0,0,0,normal,0,76,71
1/21/2025 0:00,76,1,Tuesday,1,0,0,random_or_none,2,cold,0.754,260,0,0,0,0,0,0,0,extreme_weather,2,73,57
1/21/2025 1:00,73,1,Tuesday,1,0,0,random_or_none,1,rainy,0.999,260,0,0,0,0,0,0,0,extreme_weather,2,70,59
1/21/2025 2:00,70,1,Tuesday,1,0,0,random_or_none,0,sunny,0.041,260,0,0,0,0,0,0,0,normal,0,70,55
1/21/2025 3:00,70,1,Tuesday,1,0,0,random_or_none,1,rainy,0.342,260,0,0,0,0,0,0,0,normal,0,70,58
1/21/2025 4:00,70,1,Tuesday,1,0,0,random_or_none,2,cold,0.624,260,0,0,0,0,0,0,0,normal,0,70,61
1/21/2025 5:00,70,1,Tuesday,1,0,0,random_or_none,2,cold,0.893,260,0,0,0,0,0,0,0,extreme_weather,2,72,64
1/21/2025 6:00,72,1,Tuesday,1,0,0,random_or_none,2,cold,0.925,260,0,0,0,0,0,0,0,extreme_weather,2,78,58
1/21/2025 7:00,78,1,Tuesday,1,0,0,random_or_none,4,dusty,0.671,260,0,0,0,0,0,0,0,normal,0,79,65
1/21/2025 8:00,79,1,Tuesday,1,0,0,random_or_none,1,rainy,0.373,260,0,0,0,0,0,1,0.151,staff_shortage,4,81,67
1/21/2025 9:00,81,1,Tuesday,1,0,0,random_or_none,0,sunny,0.236,260,0,0,0,0,0,1,0.151,staff_shortage,4,81,63
1/21/2025 10:00,81,1,Tuesday,1,0,0,random_or_none,5,windy,0.152,260,0,0,0,0,0,1,0.151,staff_shortage,4,85,72
1/21/2025 11:00,85,1,Tuesday,1,0,0,random_or_none,2,cold,0.917,260,0,0,0,0,0,1,0.151,extreme_weather,2,89,79
1/21/2025 12:00,89,1,Tuesday,1,0,0,random_or_none,2,cold,0.909,260,0,0,0,0,0,1,0.151,extreme_weather,2,90,79
1/21/2025 13:00,90,1,Tuesday,1,0,0,random_or_none,0,sunny,0.112,260,0,0,0,0,0,1,0.151,staff_shortage,4,93,85
1/21/2025 14:00,93,1,Tuesday,1,0,0,random_or_none,1,rainy,0.397,260,0,0,0,0,0,1,0.151,staff_shortage,4,98,87
1/21/2025 15:00,98,1,Tuesday,1,0,0,random_or_none,2,cold,0.632,260,0,0,0,0,0,1,0.151,staff_shortage,4,92,91
1/21/2025 16:00,92,1,Tuesday,1,0,0,random_or_none,5,windy,0.383,260,0,0,0,0,0,1,0.151,staff_shortage,4,95,96
1/21/2025 17:00,95,1,Tuesday,1,0,0,random_or_none,2,cold,0.899,260,0,0,0,0,0,1,0.151,extreme_weather,2,94,99
1/21/2025 18:00,94,1,Tuesday,1,0,0,random_or_none,2,cold,1,260,0,0,0,0,0,1,0.151,extreme_weather,2,86,95
1/21/2025 19:00,86,1,Tuesday,1,0,0,random_or_none,5,windy,0.263,260,0,0,0,0,0,1,0.151,staff_shortage,4,87,94
1/21/2025 20:00,87,1,Tuesday,1,0,0,random_or_none,2,cold,0.702,260,0,0,0,0,0,1,0.151,staff_shortage,4,81,83
1/21/2025 21:00,81,1,Tuesday,1,0,0,random_or_none,5,windy,0.432,260,0,0,0,0,0,1,0.151,staff_shortage,4,83,84
1/21/2025 22:00,83,1,Tuesday,1,0,0,random_or_none,2,cold,0.501,260,0,0,0,0,0,1,0.151,staff_shortage,4,71,71
1/21/2025 23:00,71,1,Tuesday,1,0,0,random_or_none,2,cold,0.416,260,0,0,0,0,0,1,0.151,staff_shortage,4,57,68
1/22/2025 0:00,57,2,Wednesday,1,0,0,random_or_none,0,sunny,0.145,260,0,0,0,0,0,1,0.151,staff_shortage,4,59,62
1/22/2025 1:00,59,2,Wednesday,1,0,0,random_or_none,1,rainy,0.7,260,0,0,0,0,0,1,0.151,staff_shortage,4,55,66
1/22/2025 2:00,55,2,Wednesday,1,0,0,random_or_none,1,rainy,0.349,260,0,0,0,0,0,1,0.151,staff_shortage,4,58,61
1/22/2025 3:00,58,2,Wednesday,1,0,0,random_or_none,0,sunny,0.138,260,0,0,0,0,0,1,0.151,staff_shortage,4,61,54
1/22/2025 4:00,61,2,Wednesday,1,0,0,random_or_none,2,cold,0.575,260,0,0,0,0,0,1,0.151,staff_shortage,4,64,57
1/22/2025 5:00,64,2,Wednesday,1,0,0,random_or_none,2,cold,0.347,260,0,0,0,0,0,1,0.151,staff_shortage,4,58,58
1/22/2025 6:00,58,2,Wednesday,1,0,0,random_or_none,2,cold,0.584,260,0,0,0,0,0,1,0.151,staff_shortage,4,65,68
1/22/2025 7:00,65,2,Wednesday,1,0,0,random_or_none,2,cold,0.851,260,0,0,0,0,0,1,0.151,extreme_weather,2,67,71
1/22/2025 8:00,67,2,Wednesday,1,0,0,random_or_none,1,rainy,0.501,260,0,0,0,0,0,1,0.151,staff_shortage,4,63,71
1/22/2025 9:00,63,2,Wednesday,1,0,0,random_or_none,2,cold,0.282,260,0,0,0,0,0,1,0.151,staff_shortage,4,72,75
1/22/2025 10:00,72,2,Wednesday,1,0,0,random_or_none,2,cold,1,260,0,0,0,0,0,1,0.151,extreme_weather,2,79,80
1/22/2025 11:00,79,2,Wednesday,1,0,0,random_or_none,2,cold,0.814,260,0,0,0,0,0,1,0.151,extreme_weather,2,79,82
1/22/2025 12:00,79,2,Wednesday,1,0,0,random_or_none,5,windy,0.317,260,0,0,0,0,0,1,0.151,staff_shortage,4,85,91
1/22/2025 13:00,85,2,Wednesday,1,0,0,random_or_none,0,sunny,0.029,260,0,0,0,0,0,1,0.151,staff_shortage,4,87,95
1/22/2025 14:00,87,2,Wednesday,1,0,0,random_or_none,0,sunny,0.026,260,0,0,0,0,0,1,0.151,staff_shortage,4,91,103
1/22/2025 15:00,91,2,Wednesday,1,0,0,random_or_none,0,sunny,0.032,260,0,0,0,0,0,1,0.151,staff_shortage,4,96,99
1/22/2025 16:00,96,2,Wednesday,1,0,0,random_or_none,0,sunny,0.043,260,0,0,0,0,0,1,0.151,staff_shortage,4,99,107
1/22/2025 17:00,99,2,Wednesday,1,0,0,random_or_none,1,rainy,0.854,260,0,0,0,0,0,1,0.151,extreme_weather,2,95,111
1/22/2025 18:00,95,2,Wednesday,1,0,0,random_or_none,1,rainy,0.619,260,0,0,0,0,0,1,0.151,staff_shortage,4,94,106
1/22/2025 19:00,94,2,Wednesday,1,0,0,random_or_none,1,rainy,0.791,260,0,0,0,0,0,1,0.151,extreme_weather,2,83,112
1/22/2025 20:00,83,2,Wednesday,1,0,0,random_or_none,0,sunny,0.168,260,0,0,0,0,0,1,0.151,staff_shortage,4,84,98
1/22/2025 21:00,84,2,Wednesday,1,0,0,random_or_none,1,rainy,0.875,260,0,0,0,0,0,1,0.151,extreme_weather,2,71,84
1/22/2025 22:00,71,2,Wednesday,1,0,0,random_or_none,1,rainy,0.273,260,0,0,0,0,0,1,0.151,staff_shortage,4,68,77
1/22/2025 23:00,68,2,Wednesday,1,0,0,random_or_none,2,cold,0.672,260,0,0,0,0,0,1,0.151,staff_shortage,4,62,78
1/23/2025 0:00,62,3,Thursday,1,0,0,random_or_none,2,cold,0.652,260,0,0,0,0,0,1,0.151,staff_shortage,4,66,71
1/23/2025 1:00,66,3,Thursday,1,0,0,random_or_none,1,rainy,0.574,260,0,0,0,0,0,1,0.151,staff_shortage,4,61,68
1/23/2025 2:00,61,3,Thursday,1,0,0,random_or_none,2,cold,0.422,260,0,0,0,0,0,1,0.151,staff_shortage,4,54,66
1/23/2025 3:00,54,3,Thursday,1,0,0,random_or_none,5,windy,0.861,260,0,0,0,0,0,1,0.151,extreme_weather,2,57,65
1/23/2025 4:00,57,3,Thursday,1,0,0,random_or_none,3,hot,0.461,260,0,0,0,0,0,1,0.151,staff_shortage,4,58,71
1/23/2025 5:00,58,3,Thursday,1,0,0,random_or_none,2,cold,0.549,260,0,0,0,0,0,1,0.151,staff_shortage,4,68,70
1/23/2025 6:00,68,3,Thursday,1,0,0,random_or_none,1,rainy,0.816,260,0,0,0,0,0,1,0.151,extreme_weather,2,71,79
1/23/2025 7:00,71,3,Thursday,1,0,0,random_or_none,0,sunny,0.284,260,0,0,0,0,0,1,0.151,staff_shortage,4,71,82
1/23/2025 8:00,71,3,Thursday,1,0,0,random_or_none,1,rainy,0.346,260,0,0,0,0,0,1,0.151,staff_shortage,4,75,81
1/23/2025 9:00,75,3,Thursday,1,0,0,random_or_none,1,rainy,0.558,260,0,0,0,0,0,1,0.151,staff_shortage,4,80,89
1/23/2025 10:00,80,3,Thursday,1,0,0,random_or_none,2,cold,0.453,260,0,0,0,0,0,1,0.151,staff_shortage,4,82,91
1/23/2025 11:00,82,3,Thursday,1,0,0,random_or_none,5,windy,0.256,260,0,0,0,0,0,1,0.151,staff_shortage,4,91,98
1/23/2025 12:00,91,3,Thursday,1,0,0,random_or_none,1,rainy,0.503,260,0,0,0,0,0,0,0,normal,0,95,103
1/23/2025 13:00,95,3,Thursday,1,0,0,random_or_none,2,cold,0.588,260,0,0,0,0,0,0,0,normal,0,103,110
1/23/2025 14:00,103,3,Thursday,1,0,0,random_or_none,1,rainy,0.784,260,0,0,0,0,0,0,0,extreme_weather,2,99,109
1/23/2025 15:00,99,3,Thursday,1,0,0,random_or_none,0,sunny,0.215,260,0,0,0,0,0,0,0,normal,0,107,108
1/23/2025 16:00,107,3,Thursday,1,0,0,random_or_none,1,rainy,0.908,260,0,0,0,0,0,0,0,extreme_weather,2,111,106
1/23/2025 17:00,111,3,Thursday,1,0,0,random_or_none,2,cold,0.812,260,0,0,0,0,0,0,0,extreme_weather,2,106,110
1/23/2025 18:00,106,3,Thursday,1,0,0,random_or_none,5,windy,0.576,260,0,0,0,0,0,0,0,normal,0,112,105
1/23/2025 19:00,112,3,Thursday,1,0,0,random_or_none,1,rainy,0.727,260,0,0,0,0,0,0,0,normal,0,98,104
1/23/2025 20:00,98,3,Thursday,1,0,0,random_or_none,2,cold,0.31,260,0,0,0,0,0,0,0,normal,0,84,107
1/23/2025 21:00,84,3,Thursday,1,0,0,random_or_none,0,sunny,0.235,260,0,0,0,0,0,0,0,normal,0,77,95
1/23/2025 22:00,77,3,Thursday,1,0,0,random_or_none,2,cold,0.24,260,0,0,0,0,0,0,0,normal,0,78,89
1/23/2025 23:00,78,3,Thursday,1,0,0,random_or_none,5,windy,0.186,260,0,0,0,0,0,0,0,normal,0,71,89
1/24/2025 0:00,71,4,Friday,1,0,0,random_or_none,2,cold,0.387,260,0,0,0,0,0,0,0,normal,0,68,63
1/24/2025 1:00,68,4,Friday,1,0,0,random_or_none,0,sunny,0.276,260,0,0,0,0,0,0,0,normal,0,66,59
1/24/2025 2:00,66,4,Friday,1,0,0,random_or_none,5,windy,0.319,260,0,0,0,0,0,0,0,normal,0,65,54
1/24/2025 3:00,65,4,Friday,1,0,0,random_or_none,2,cold,0.412,260,0,0,0,0,0,0,0,normal,0,71,51
1/24/2025 4:00,71,4,Friday,1,0,0,random_or_none,0,sunny,0.056,260,0,0,0,0,0,0,0,normal,0,70,57
1/24/2025 5:00,70,4,Friday,1,0,0,random_or_none,2,cold,1,260,0,0,0,0,0,0,0,extreme_weather,2,79,53
1/24/2025 6:00,79,4,Friday,1,0,0,random_or_none,1,rainy,0.814,260,0,0,0,0,0,0,0,extreme_weather,2,82,54
1/24/2025 7:00,82,4,Friday,1,0,0,random_or_none,4,dusty,0.507,260,0,0,0,0,0,0,0,normal,0,81,58
1/24/2025 8:00,81,4,Friday,1,0,0,random_or_none,0,sunny,0.189,260,0,0,0,0,0,0,0,normal,0,89,66
1/24/2025 9:00,89,4,Friday,1,0,0,random_or_none,2,cold,0.686,260,0,0,0,0,0,0,0,normal,0,91,65
1/24/2025 10:00,91,4,Friday,1,0,0,random_or_none,2,cold,0.389,260,0,0,0,0,0,0,0,normal,0,98,73
1/24/2025 11:00,98,4,Friday,1,0,0,random_or_none,2,cold,0.825,260,0,0,0,0,0,0,0,extreme_weather,2,103,75
1/24/2025 12:00,103,4,Friday,1,0,0,random_or_none,2,cold,0.859,260,0,0,0,0,0,0,0,extreme_weather,2,110,83
1/24/2025 13:00,110,4,Friday,1,0,0,random_or_none,2,cold,0.535,260,0,0,0,0,0,0,0,normal,0,109,89
1/24/2025 14:00,109,4,Friday,1,0,0,random_or_none,2,cold,0.569,260,0,0,0,0,0,0,0,normal,0,108,96
1/24/2025 15:00,108,4,Friday,1,0,0,random_or_none,5,windy,0.223,260,0,0,0,0,0,0,0,normal,0,106,100
1/24/2025 16:00,106,4,Friday,1,0,0,random_or_none,0,sunny,0.145,260,0,0,0,0,0,0,0,normal,0,110,92
1/24/2025 17:00,110,4,Friday,1,0,0,random_or_none,2,cold,0.737,260,0,0,0,0,0,0,0,normal,0,105,96
1/24/2025 18:00,105,4,Friday,1,0,0,random_or_none,0,sunny,0.2,260,0,0,0,0,0,0,0,normal,0,104,95
1/24/2025 19:00,104,4,Friday,1,0,0,random_or_none,0,sunny,0.012,260,0,0,0,0,0,0,0,normal,0,107,119
1/24/2025 20:00,107,4,Friday,1,0,0,random_or_none,1,rainy,0.805,260,0,0,0,0,0,0,0,extreme_weather,2,95,99
1/24/2025 21:00,95,4,Friday,1,0,0,random_or_none,0,sunny,0.059,260,0,0,0,0,0,0,0,normal,0,89,91
1/24/2025 22:00,89,4,Friday,1,0,0,random_or_none,2,cold,0.244,260,0,0,0,0,0,0,0,normal,0,89,83
1/24/2025 23:00,89,4,Friday,1,0,0,random_or_none,2,cold,0.694,260,0,0,0,0,0,0,0,normal,0,63,70
1/25/2025 0:00,63,5,Saturday,1,1,0,random_or_none,0,sunny,0.03,260,0,0,0,0,0,0,0,normal,0,59,57
1/25/2025 1:00,59,5,Saturday,1,1,0,random_or_none,1,rainy,0.936,260,0,0,0,0,0,0,0,extreme_weather,2,54,56
1/25/2025 2:00,54,5,Saturday,1,1,0,random_or_none,1,rainy,0.842,260,0,0,0,0,0,0,0,extreme_weather,2,51,65
1/25/2025 3:00,51,5,Saturday,1,1,0,random_or_none,4,dusty,0.275,260,0,0,0,0,0,0,0,normal,0,57,61
1/25/2025 4:00,57,5,Saturday,1,1,0,random_or_none,5,windy,0.739,260,0,0,0,0,0,0,0,normal,0,53,56
1/25/2025 5:00,53,5,Saturday,1,1,0,random_or_none,2,cold,0.777,260,0,0,0,0,0,0,0,extreme_weather,2,54,57
1/25/2025 6:00,54,5,Saturday,1,1,0,random_or_none,2,cold,0.595,260,0,0,0,0,0,0,0,normal,0,58,64
1/25/2025 7:00,58,5,Saturday,1,1,0,random_or_none,0,sunny,0.242,260,0,0,0,0,0,0,0,normal,0,66,63
1/25/2025 8:00,66,5,Saturday,1,1,0,random_or_none,1,rainy,0.471,260,0,0,0,0,0,0,0,normal,0,65,67
1/25/2025 9:00,65,5,Saturday,1,1,0,random_or_none,0,sunny,0.3,260,0,0,0,0,0,0,0,normal,0,73,69
1/25/2025 10:00,73,5,Saturday,1,1,0,random_or_none,4,dusty,0.371,260,0,0,0,0,0,0,0,normal,0,75,69
1/25/2025 11:00,75,5,Saturday,1,1,0,random_or_none,2,cold,0.837,260,0,0,0,0,0,0,0,extreme_weather,2,83,76
1/25/2025 12:00,83,5,Saturday,1,1,0,random_or_none,1,rainy,0.992,260,0,0,0,0,0,0,0,extreme_weather,2,89,78
1/25/2025 13:00,89,5,Saturday,1,1,0,random_or_none,2,cold,0.803,260,0,0,0,0,0,0,0,extreme_weather,2,96,85
1/25/2025 14:00,96,5,Saturday,1,1,0,random_or_none,2,cold,0.864,260,0,0,0,0,0,0,0,extreme_weather,2,100,86
1/25/2025 15:00,100,5,Saturday,1,1,0,random_or_none,2,cold,0.248,260,0,0,0,0,0,0,0,normal,0,92,88
1/25/2025 16:00,92,5,Saturday,1,1,0,random_or_none,2,cold,0.405,260,0,0,0,0,0,0,0,normal,0,96,95
1/25/2025 17:00,96,5,Saturday,1,1,0,random_or_none,5,windy,0.331,260,0,0,0,0,0,0,0,normal,0,95,98
1/25/2025 18:00,95,5,Saturday,1,1,0,random_or_none,1,rainy,1,260,0,0,0,0,0,0,0,extreme_weather,2,119,97
1/25/2025 19:00,119,5,Saturday,1,1,0,random_or_none,2,cold,0.837,260,0,1,46.5,0,0,0,0,emergency_spike,5,99,90
1/25/2025 20:00,99,5,Saturday,1,1,0,random_or_none,0,sunny,0.273,260,0,0,0,0,0,0,0,normal,0,91,83
1/25/2025 21:00,91,5,Saturday,1,1,0,random_or_none,2,cold,0.766,260,0,0,0,0,0,0,0,extreme_weather,2,83,76
1/25/2025 22:00,83,5,Saturday,1,1,0,random_or_none,4,dusty,0.712,260,0,0,0,0,0,0,0,normal,0,70,69
1/25/2025 23:00,70,5,Saturday,1,1,0,random_or_none,0,sunny,0.078,260,0,0,0,0,0,0,0,normal,0,57,63
1/26/2025 0:00,57,6,Sunday,1,1,0,random_or_none,0,sunny,0.249,260,0,0,0,0,0,0,0,normal,0,56,72
1/26/2025 1:00,56,6,Sunday,1,1,0,random_or_none,0,sunny,0.161,260,0,0,0,0,0,0,0,normal,0,65,71
1/26/2025 2:00,65,6,Sunday,1,1,0,random_or_none,2,cold,0.684,260,0,0,0,0,0,0,0,normal,0,61,84
1/26/2025 3:00,61,6,Sunday,1,1,0,random_or_none,4,dusty,0.83,260,0,0,0,0,0,0,0,extreme_weather,2,56,71
1/26/2025 4:00,56,6,Sunday,1,1,0,random_or_none,1,rainy,0.529,260,0,0,0,0,0,0,0,normal,0,57,75
1/26/2025 5:00,57,6,Sunday,1,1,0,random_or_none,2,cold,0.506,260,0,0,0,0,0,0,0,normal,0,64,76
1/26/2025 6:00,64,6,Sunday,1,1,0,random_or_none,1,rainy,0.428,260,0,0,0,0,0,0,0,normal,0,63,83
1/26/2025 7:00,63,6,Sunday,1,1,0,random_or_none,0,sunny,0.141,260,0,0,0,0,0,0,0,normal,0,67,86
1/26/2025 8:00,67,6,Sunday,1,1,0,random_or_none,2,cold,0.294,260,0,0,0,0,0,0,0,normal,0,69,120
1/26/2025 9:00,69,6,Sunday,1,1,0,random_or_none,5,windy,0.587,260,0,0,0,0,0,0,0,normal,0,69,112
1/26/2025 10:00,69,6,Sunday,1,1,0,random_or_none,0,sunny,0.12,260,0,0,0,0,0,0,0,normal,0,76,108
1/26/2025 11:00,76,6,Sunday,1,1,0,random_or_none,1,rainy,1,260,0,0,0,0,0,0,0,extreme_weather,2,78,104
1/26/2025 12:00,78,6,Sunday,1,1,0,random_or_none,2,cold,0.777,260,0,0,0,0,0,0,0,extreme_weather,2,85,108
1/26/2025 13:00,85,6,Sunday,1,1,0,random_or_none,5,windy,0.569,260,0,0,0,0,0,0,0,normal,0,86,114
1/26/2025 14:00,86,6,Sunday,1,1,0,random_or_none,0,sunny,0.315,260,0,0,0,0,0,0,0,normal,0,88,112
1/26/2025 15:00,88,6,Sunday,1,1,0,random_or_none,0,sunny,0.147,260,0,0,0,0,0,0,0,normal,0,95,114
1/26/2025 16:00,95,6,Sunday,1,1,0,random_or_none,2,cold,0.709,260,0,0,0,0,0,0,0,normal,0,98,112
1/26/2025 17:00,98,6,Sunday,1,1,0,random_or_none,1,rainy,0.767,260,0,0,0,0,0,0,0,extreme_weather,2,97,116
1/26/2025 18:00,97,6,Sunday,1,1,0,random_or_none,2,cold,0.79,260,0,0,0,0,0,0,0,extreme_weather,2,90,117
1/26/2025 19:00,90,6,Sunday,1,1,0,random_or_none,3,hot,0.424,260,0,0,0,0,0,0,0,normal,0,83,119
1/26/2025 20:00,83,6,Sunday,1,1,0,random_or_none,0,sunny,0.345,260,0,0,0,0,0,0,0,normal,0,76,102
1/26/2025 21:00,76,6,Sunday,1,1,0,random_or_none,2,cold,0.597,260,0,0,0,0,0,0,0,normal,0,69,99
1/26/2025 22:00,69,6,Sunday,1,1,0,random_or_none,2,cold,0.57,260,0,0,0,0,0,0,0,normal,0,63,87
1/26/2025 23:00,63,6,Sunday,1,1,0,random_or_none,5,windy,0.735,260,0,0,0,0,0,0,0,normal,0,72,97
1/27/2025 0:00,72,0,Monday,1,0,0,random_or_none,1,rainy,0.608,260,0,0,0,0,0,0,0,normal,0,71,85
1/27/2025 1:00,71,0,Monday,1,0,0,random_or_none,5,windy,0.863,260,0,0,0,0,0,0,0,extreme_weather,2,84,81
1/27/2025 2:00,84,0,Monday,1,0,0,random_or_none,5,windy,0.548,260,0,1,34.09,0,0,0,0,emergency_spike,5,71,72
1/27/2025 3:00,71,0,Monday,1,0,0,random_or_none,0,sunny,0.109,260,0,0,0,0,0,0,0,normal,0,75,71
1/27/2025 4:00,75,0,Monday,1,0,0,random_or_none,1,rainy,0.455,260,0,0,0,0,0,0,0,normal,0,76,62
1/27/2025 5:00,76,0,Monday,1,0,0,random_or_none,1,rainy,0.684,260,0,0,0,0,0,0,0,normal,0,83,70
1/27/2025 6:00,83,0,Monday,1,0,0,random_or_none,2,cold,1,260,0,0,0,0,0,0,0,extreme_weather,2,86,72
1/27/2025 7:00,86,0,Monday,1,0,0,random_or_none,0,sunny,0.007,260,0,0,0,0,0,0,0,normal,0,120,78
1/27/2025 8:00,120,0,Monday,1,0,0,random_or_none,3,hot,0.319,260,0,1,66.79,0,0,0,0,emergency_spike,5,112,82
1/27/2025 9:00,112,0,Monday,1,0,0,random_or_none,5,windy,0.431,260,0,0,0,0,0,0,0,normal,0,108,84
1/27/2025 10:00,108,0,Monday,1,0,0,random_or_none,5,windy,0.617,260,0,0,0,0,0,0,0,normal,0,104,90
1/27/2025 11:00,104,0,Monday,1,0,0,random_or_none,0,sunny,0.017,260,0,0,0,0,0,0,0,normal,0,108,95
1/27/2025 12:00,108,0,Monday,1,0,0,random_or_none,1,rainy,0.337,260,0,0,0,0,0,0,0,normal,0,114,134
1/27/2025 13:00,114,0,Monday,1,0,0,random_or_none,2,cold,0.531,260,0,0,0,0,0,0,0,normal,0,112,123
1/27/2025 14:00,112,0,Monday,1,0,0,random_or_none,1,rainy,0.823,260,0,0,0,0,0,0,0,extreme_weather,2,114,113
1/27/2025 15:00,114,0,Monday,1,0,0,random_or_none,2,cold,0.863,260,0,0,0,0,0,0,0,extreme_weather,2,112,116
1/27/2025 16:00,112,0,Monday,1,0,0,random_or_none,5,windy,0.774,260,0,0,0,0,0,0,0,extreme_weather,2,116,118
1/27/2025 17:00,116,0,Monday,1,0,0,random_or_none,2,cold,0.748,260,0,0,0,0,0,0,0,normal,0,117,115
1/27/2025 18:00,117,0,Monday,1,0,0,random_or_none,1,rainy,0.39,260,0,0,0,0,0,0,0,normal,0,119,109
1/27/2025 19:00,119,0,Monday,1,0,0,random_or_none,1,rainy,1,260,0,0,0,0,0,0,0,extreme_weather,2,102,106
1/27/2025 20:00,102,0,Monday,1,0,0,random_or_none,5,windy,0.829,260,0,0,0,0,0,0,0,extreme_weather,2,99,94
1/27/2025 21:00,99,0,Monday,1,0,0,random_or_none,2,cold,0.36,260,0,0,0,0,0,0,0,normal,0,87,88
1/27/2025 22:00,87,0,Monday,1,0,0,random_or_none,0,sunny,0.126,260,0,0,0,0,0,0,0,normal,0,97,82
1/27/2025 23:00,97,0,Monday,1,0,0,random_or_none,0,sunny,0.312,260,0,1,38.37,0,0,0,0,emergency_spike,5,85,79
1/28/2025 0:00,85,1,Tuesday,1,0,0,random_or_none,1,rainy,0.597,260,0,0,0,0,0,0,0,normal,0,81,73
1/28/2025 1:00,81,1,Tuesday,1,0,0,random_or_none,2,cold,0.474,260,0,0,0,0,0,0,0,normal,0,72,67
1/28/2025 2:00,72,1,Tuesday,1,0,0,random_or_none,1,rainy,0.972,260,0,0,0,0,0,0,0,extreme_weather,2,71,62
1/28/2025 3:00,71,1,Tuesday,1,0,0,random_or_none,2,cold,0.408,260,0,0,0,0,0,0,0,normal,0,62,61
1/28/2025 4:00,62,1,Tuesday,1,0,0,random_or_none,0,sunny,0.036,260,0,0,0,0,0,0,0,normal,0,70,64
1/28/2025 5:00,70,1,Tuesday,1,0,0,random_or_none,1,rainy,0.806,260,0,0,0,0,0,0,0,extreme_weather,2,72,70
1/28/2025 6:00,72,1,Tuesday,1,0,0,random_or_none,0,sunny,0.308,260,0,0,0,0,0,0,0,normal,0,78,74
1/28/2025 7:00,78,1,Tuesday,1,0,0,random_or_none,1,rainy,0.976,260,0,0,0,0,0,0,0,extreme_weather,2,82,81
1/28/2025 8:00,82,1,Tuesday,1,0,0,random_or_none,1,rainy,0.34,260,0,0,0,0,0,0,0,normal,0,84,85
1/28/2025 9:00,84,1,Tuesday,1,0,0,random_or_none,2,cold,1,260,0,0,0,0,0,0,0,extreme_weather,2,90,87
1/28/2025 10:00,90,1,Tuesday,1,0,0,random_or_none,5,windy,0.614,260,0,0,0,0,0,0,0,normal,0,95,85
1/28/2025 11:00,95,1,Tuesday,1,0,0,random_or_none,1,rainy,0.735,260,0,0,0,0,0,0,0,normal,0,134,91
1/28/2025 12:00,134,1,Tuesday,1,0,0,random_or_none,0,sunny,0.215,260,0,1,90.53,0,0,0,0,emergency_spike,5,123,102
1/28/2025 13:00,123,1,Tuesday,1,0,0,random_or_none,1,rainy,0.445,260,0,0,0,0,0,0,0,normal,0,113,108
1/28/2025 14:00,113,1,Tuesday,1,0,0,random_or_none,2,cold,0.485,260,0,0,0,0,0,0,0,normal,0,116,105
1/28/2025 15:00,116,1,Tuesday,1,0,0,random_or_none,2,cold,0.619,260,0,0,0,0,0,0,0,normal,0,118,104
1/28/2025 16:00,118,1,Tuesday,1,0,0,random_or_none,1,rainy,0.6,260,0,0,0,0,0,0,0,normal,0,115,135
1/28/2025 17:00,115,1,Tuesday,1,0,0,random_or_none,2,cold,0.736,260,0,0,0,0,0,0,0,normal,0,109,124
1/28/2025 18:00,109,1,Tuesday,1,0,0,random_or_none,4,dusty,0.678,260,0,0,0,0,0,0,0,normal,0,106,115
1/28/2025 19:00,106,1,Tuesday,1,0,0,random_or_none,1,rainy,0.596,260,0,0,0,0,0,0,0,normal,0,94,108
1/28/2025 20:00,94,1,Tuesday,1,0,0,random_or_none,0,sunny,0.116,260,0,0,0,0,0,0,0,normal,0,88,101
1/28/2025 21:00,88,1,Tuesday,1,0,0,random_or_none,2,cold,0.554,260,0,0,0,0,0,0,0,normal,0,82,97
1/28/2025 22:00,82,1,Tuesday,1,0,0,random_or_none,2,cold,0.561,260,0,0,0,0,0,0,0,normal,0,79,86
1/28/2025 23:00,79,1,Tuesday,1,0,0,random_or_none,2,cold,0.947,260,0,0,0,0,0,0,0,extreme_weather,2,73,74
1/29/2025 0:00,73,2,Wednesday,1,0,0,random_or_none,5,windy,0.457,260,0,0,0,0,0,0,0,normal,0,67,64
1/29/2025 1:00,67,2,Wednesday,1,0,0,random_or_none,0,sunny,0.075,260,0,0,0,0,0,0,0,normal,0,62,61
1/29/2025 2:00,62,2,Wednesday,1,0,0,random_or_none,2,cold,0.567,260,0,0,0,0,0,0,0,normal,0,61,62
1/29/2025 3:00,61,2,Wednesday,1,0,0,random_or_none,2,cold,0.937,260,0,0,0,0,0,0,0,extreme_weather,2,64,65
1/29/2025 4:00,64,2,Wednesday,1,0,0,random_or_none,1,rainy,0.972,260,0,0,0,0,0,0,0,extreme_weather,2,70,65
1/29/2025 5:00,70,2,Wednesday,1,0,0,random_or_none,1,rainy,1,260,0,0,0,0,0,0,0,extreme_weather,2,74,71
1/29/2025 6:00,74,2,Wednesday,1,0,0,random_or_none,5,windy,0.28,260,0,0,0,0,0,0,0,normal,0,81,75
1/29/2025 7:00,81,2,Wednesday,1,0,0,random_or_none,1,rainy,0.59,260,0,0,0,0,0,0,0,normal,0,85,83
1/29/2025 8:00,85,2,Wednesday,1,0,0,random_or_none,1,rainy,0.791,260,0,0,0,0,0,0,0,extreme_weather,2,87,83
1/29/2025 9:00,87,2,Wednesday,1,0,0,random_or_none,0,sunny,0.048,260,0,0,0,0,0,0,0,normal,0,85,90
1/29/2025 10:00,85,2,Wednesday,1,0,0,random_or_none,0,sunny,0.179,260,0,0,0,0,0,0,0,normal,0,91,89
1/29/2025 11:00,91,2,Wednesday,1,0,0,random_or_none,5,windy,0.565,260,0,0,0,0,0,0,0,normal,0,102,95
1/29/2025 12:00,102,2,Wednesday,1,0,0,random_or_none,2,cold,0.839,260,0,0,0,0,0,0,0,extreme_weather,2,108,99
1/29/2025 13:00,108,2,Wednesday,1,0,0,random_or_none,4,dusty,0.333,260,0,0,0,0,0,0,0,normal,0,105,100
1/29/2025 14:00,105,2,Wednesday,1,0,0,random_or_none,1,rainy,0.882,260,0,0,0,0,0,0,0,extreme_weather,2,104,140
1/29/2025 15:00,104,2,Wednesday,1,0,0,random_or_none,5,windy,0.656,260,0,0,0,0,0,0,0,normal,0,135,125
1/29/2025 16:00,135,2,Wednesday,1,0,0,random_or_none,1,rainy,0.965,260,0,1,57.06,0,0,0,0,emergency_spike,5,124,117
1/29/2025 17:00,124,2,Wednesday,1,0,0,random_or_none,2,cold,0.518,260,0,0,0,0,0,0,0,normal,0,115,110
1/29/2025 18:00,115,2,Wednesday,1,0,0,random_or_none,5,windy,0.26,260,0,0,0,0,0,0,0,normal,0,108,112
1/29/2025 19:00,108,2,Wednesday,1,0,0,random_or_none,1,rainy,0.555,260,0,0,0,0,0,0,0,normal,0,101,101
1/29/2025 20:00,101,2,Wednesday,1,0,0,random_or_none,1,rainy,0.683,260,0,0,0,0,0,0,0,normal,0,97,100
1/29/2025 21:00,97,2,Wednesday,1,0,0,random_or_none,5,windy,0.672,260,0,0,0,0,0,0,0,normal,0,86,94
1/29/2025 22:00,86,2,Wednesday,1,0,0,random_or_none,2,cold,0.549,260,0,0,0,0,0,0,0,normal,0,74,82
1/29/2025 23:00,74,2,Wednesday,1,0,0,random_or_none,2,cold,0.788,260,0,0,0,0,0,0,0,extreme_weather,2,64,78
1/30/2025 0:00,64,3,Thursday,1,0,0,random_or_none,0,sunny,0.155,260,0,0,0,0,0,0,0,normal,0,61,72
1/30/2025 1:00,61,3,Thursday,1,0,0,random_or_none,2,cold,0.752,260,0,0,0,0,0,0,0,extreme_weather,2,62,74
1/30/2025 2:00,62,3,Thursday,1,0,0,random_or_none,5,windy,0.295,260,0,0,0,0,0,0,0,normal,0,65,69
1/30/2025 3:00,65,3,Thursday,1,0,0,random_or_none,4,dusty,0.751,260,0,0,0,0,0,0,0,extreme_weather,2,65,70
1/30/2025 4:00,65,3,Thursday,1,0,0,random_or_none,2,cold,0.449,260,0,0,0,0,0,0,0,normal,0,71,76
1/30/2025 5:00,71,3,Thursday,1,0,0,random_or_none,1,rainy,0.956,260,0,0,0,0,0,0,0,extreme_weather,2,75,77
1/30/2025 6:00,75,3,Thursday,1,0,0,random_or_none,1,rainy,0.913,260,0,0,0,0,0,0,0,extreme_weather,2,83,75
1/30/2025 7:00,83,3,Thursday,1,0,0,random_or_none,1,rainy,0.364,260,0,0,0,0,0,0,0,normal,0,83,79
1/30/2025 8:00,83,3,Thursday,1,0,0,random_or_none,0,sunny,0.182,260,0,0,0,0,0,0,0,normal,0,90,81
1/30/2025 9:00,90,3,Thursday,1,0,0,random_or_none,2,cold,0.595,260,0,0,0,0,0,0,0,normal,0,89,90
1/30/2025 10:00,89,3,Thursday,1,0,0,random_or_none,2,cold,0.563,260,0,0,0,0,0,0,0,normal,0,95,95
1/30/2025 11:00,95,3,Thursday,1,0,0,random_or_none,5,windy,0.637,260,0,0,0,0,0,0,0,normal,0,99,98
1/30/2025 12:00,99,3,Thursday,1,0,0,random_or_none,2,cold,0.477,260,0,0,0,0,0,0,0,normal,0,100,99
1/30/2025 13:00,100,3,Thursday,1,0,0,random_or_none,0,sunny,0.133,260,0,0,0,0,0,0,0,normal,0,140,106
1/30/2025 14:00,140,3,Thursday,1,0,0,random_or_none,2,cold,0.501,260,0,1,78.76,0,0,0,0,emergency_spike,5,125,114
1/30/2025 15:00,125,3,Thursday,1,0,0,random_or_none,1,rainy,0.634,260,0,0,0,0,0,0,0,normal,0,117,106
1/30/2025 16:00,117,3,Thursday,1,0,0,random_or_none,2,cold,0.276,260,0,0,0,0,0,0,0,normal,0,110,108
1/30/2025 17:00,110,3,Thursday,1,0,0,random_or_none,1,rainy,0.463,260,0,0,0,0,0,0,0,normal,0,112,116
1/30/2025 18:00,112,3,Thursday,1,0,0,random_or_none,5,windy,0.777,260,0,0,0,0,0,0,0,extreme_weather,2,101,114
1/30/2025 19:00,101,3,Thursday,1,0,0,random_or_none,5,windy,0.476,260,0,0,0,0,0,0,0,normal,0,100,108
1/30/2025 20:00,100,3,Thursday,1,0,0,random_or_none,2,cold,0.718,260,0,0,0,0,0,0,0,normal,0,94,101
1/30/2025 21:00,94,3,Thursday,1,0,0,random_or_none,2,cold,0.399,260,0,0,0,0,0,0,0,normal,0,82,91
1/30/2025 22:00,82,3,Thursday,1,0,0,random_or_none,0,sunny,0.143,260,0,0,0,0,0,0,0,normal,0,78,90
1/30/2025 23:00,78,3,Thursday,1,0,0,random_or_none,2,cold,0.29,260,0,0,0,0,0,0,0,normal,0,72,82
1/31/2025 0:00,72,4,Friday,1,0,0,random_or_none,2,cold,0.766,260,0,0,0,0,0,0,0,extreme_weather,2,74,74
1/31/2025 1:00,74,4,Friday,1,0,0,random_or_none,2,cold,0.805,260,0,0,0,0,0,0,0,extreme_weather,2,69,69
1/31/2025 2:00,69,4,Friday,1,0,0,random_or_none,0,sunny,0.133,260,0,0,0,0,0,0,0,normal,0,70,57
1/31/2025 3:00,70,4,Friday,1,0,0,random_or_none,2,cold,0.88,260,0,0,0,0,0,0,0,extreme_weather,2,76,51
1/31/2025 4:00,76,4,Friday,1,0,0,random_or_none,2,cold,0.72,260,0,0,0,0,0,0,0,normal,0,77,51
1/31/2025 5:00,77,4,Friday,1,0,0,random_or_none,1,rainy,0.968,260,0,0,0,0,0,0,0,extreme_weather,2,75,59
1/31/2025 6:00,75,4,Friday,1,0,0,random_or_none,2,cold,0.317,260,0,0,0,0,0,0,0,normal,0,79,127
1/31/2025 7:00,79,4,Friday,1,0,0,random_or_none,2,cold,0.865,260,0,0,0,0,0,0,0,extreme_weather,2,81,108
1/31/2025 8:00,81,4,Friday,1,0,0,random_or_none,0,sunny,0.298,260,0,0,0,0,0,0,0,normal,0,90,96
1/31/2025 9:00,90,4,Friday,1,0,0,random_or_none,2,cold,0.387,260,0,0,0,0,0,0,0,normal,0,95,91
1/31/2025 10:00,95,4,Friday,1,0,0,random_or_none,2,cold,0.912,260,0,0,0,0,0,0,0,extreme_weather,2,98,86
1/31/2025 11:00,98,4,Friday,1,0,0,random_or_none,1,rainy,0.43,260,0,0,0,0,0,0,0,normal,0,99,85
1/31/2025 12:00,99,4,Friday,1,0,0,random_or_none,0,sunny,0.125,260,0,0,0,0,0,0,0,normal,0,106,86
1/31/2025 13:00,106,4,Friday,1,0,0,random_or_none,2,cold,0.418,260,0,0,0,0,0,0,0,normal,0,114,90
1/31/2025 14:00,114,4,Friday,1,0,0,random_or_none,1,rainy,0.778,260,0,0,0,0,0,0,0,extreme_weather,2,106,95
1/31/2025 15:00,106,4,Friday,1,0,0,random_or_none,2,cold,0.553,260,0,0,0,0,0,0,0,normal,0,108,99
1/31/2025 16:00,108,4,Friday,1,0,0,random_or_none,1,rainy,0.475,260,0,0,0,0,0,0,0,normal,0,116,100
1/31/2025 17:00,116,4,Friday,1,0,0,random_or_none,1,rainy,0.893,260,0,0,0,0,0,0,0,extreme_weather,2,114,100
1/31/2025 18:00,114,4,Friday,1,0,0,random_or_none,1,rainy,0.308,260,0,0,0,0,0,0,0,normal,0,108,100
1/31/2025 19:00,108,4,Friday,1,0,0,random_or_none,5,windy,0.62,260,0,0,0,0,0,0,0,normal,0,101,103
1/31/2025 20:00,101,4,Friday,1,0,0,random_or_none,0,sunny,0.297,260,0,0,0,0,0,0,0,normal,0,91,94
1/31/2025 21:00,91,4,Friday,1,0,0,random_or_none,5,windy,0.31,260,0,0,0,0,0,0,0,normal,0,90,88
1/31/2025 22:00,90,4,Friday,1,0,0,random_or_none,2,cold,0.951,260,0,0,0,0,0,0,0,extreme_weather,2,82,120
1/31/2025 23:00,82,4,Friday,1,0,0,random_or_none,0,sunny,0.206,260,0,0,0,0,0,0,0,normal,0,74,89
2/1/2025 0:00,74,5,Saturday,2,1,0,random_or_none,2,cold,0.589,260,0,0,0,0,0,0,0,normal,0,69,66
2/1/2025 1:00,69,5,Saturday,2,1,0,random_or_none,4,dusty,0.936,260,0,0,0,0,0,0,0,extreme_weather,2,57,61
2/1/2025 2:00,57,5,Saturday,2,1,0,random_or_none,5,windy,0.255,260,0,0,0,0,0,0,0,normal,0,51,54
2/1/2025 3:00,51,5,Saturday,2,1,0,random_or_none,0,sunny,0.051,260,0,0,0,0,0,0,0,normal,0,51,56
2/1/2025 4:00,51,5,Saturday,2,1,0,random_or_none,0,sunny,0.014,260,0,0,0,0,0,0,0,normal,0,59,64
2/1/2025 5:00,59,5,Saturday,2,1,0,random_or_none,2,cold,0.779,260,0,0,0,0,0,0,0,extreme_weather,2,127,60
2/1/2025 6:00,127,5,Saturday,2,1,0,random_or_none,2,cold,1,260,0,1,125.25,0,0,0,0,emergency_spike,5,108,56
2/1/2025 7:00,108,5,Saturday,2,1,0,random_or_none,1,rainy,0.53,260,0,0,0,0,0,0,0,normal,0,96,62
2/1/2025 8:00,96,5,Saturday,2,1,0,random_or_none,1,rainy,0.558,260,0,0,0,0,0,0,0,normal,0,91,68
2/1/2025 9:00,91,5,Saturday,2,1,0,random_or_none,2,cold,0.963,260,0,0,0,0,0,0,0,extreme_weather,2,86,77
2/1/2025 10:00,86,5,Saturday,2,1,0,random_or_none,0,sunny,0.121,260,0,0,0,0,0,0,0,normal,0,85,85
2/1/2025 11:00,85,5,Saturday,2,1,0,random_or_none,0,sunny,0.154,260,0,0,0,0,0,0,0,normal,0,86,92
2/1/2025 12:00,86,5,Saturday,2,1,0,random_or_none,1,rainy,0.447,260,0,0,0,0,0,0,0,normal,0,90,92
2/1/2025 13:00,90,5,Saturday,2,1,0,random_or_none,1,rainy,0.581,260,0,0,0,0,0,0,0,normal,0,95,92
2/1/2025 14:00,95,5,Saturday,2,1,0,random_or_none,1,rainy,0.672,260,0,0,0,0,0,0,0,normal,0,99,90
2/1/2025 15:00,99,5,Saturday,2,1,0,random_or_none,2,cold,0.664,260,0,0,0,0,0,0,0,normal,0,100,90
2/1/2025 16:00,100,5,Saturday,2,1,0,random_or_none,0,sunny,0.051,260,0,0,0,0,0,0,0,normal,0,100,96
2/1/2025 17:00,100,5,Saturday,2,1,0,random_or_none,2,cold,1,260,0,0,0,0,0,0,0,extreme_weather,2,100,93
2/1/2025 18:00,100,5,Saturday,2,1,0,random_or_none,5,windy,0.766,260,0,0,0,0,0,0,0,extreme_weather,2,103,96
2/1/2025 19:00,103,5,Saturday,2,1,0,random_or_none,1,rainy,0.618,260,0,0,0,0,0,0,0,normal,0,94,91
2/1/2025 20:00,94,5,Saturday,2,1,0,random_or_none,2,cold,0.752,260,0,0,0,0,0,0,0,extreme_weather,2,88,91
2/1/2025 21:00,88,5,Saturday,2,1,0,random_or_none,5,windy,0.842,260,0,0,0,0,0,0,0,extreme_weather,2,120,84
2/1/2025 22:00,120,5,Saturday,2,1,0,random_or_none,2,cold,0.503,260,0,1,79.43,0,0,0,0,emergency_spike,5,89,81
2/1/2025 23:00,89,5,Saturday,2,1,0,random_or_none,0,sunny,0.212,260,0,0,0,0,0,0,0,normal,0,66,72
2/2/2025 0:00,66,6,Sunday,2,1,0,random_or_none,0,sunny,0.21,260,0,0,0,0,0,0,0,normal,0,61,68
2/2/2025 1:00,61,6,Sunday,2,1,0,random_or_none,2,cold,0.83,260,0,0,0,0,0,0,0,extreme_weather,2,54,71
2/2/2025 2:00,54,6,Sunday,2,1,0,random_or_none,2,cold,1,260,0,0,0,0,0,0,0,extreme_weather,2,56,76
2/2/2025 3:00,56,6,Sunday,2,1,0,random_or_none,5,windy,0.472,260,0,0,0,0,0,0,0,normal,0,64,77
2/2/2025 4:00,64,6,Sunday,2,1,0,random_or_none,1,rainy,0.868,260,0,0,0,0,0,0,0,extreme_weather,2,60,77
2/2/2025 5:00,60,6,Sunday,2,1,0,random_or_none,1,rainy,0.579,260,0,0,0,0,0,0,0,normal,0,56,77
2/2/2025 6:00,56,6,Sunday,2,1,0,random_or_none,0,sunny,0.029,260,0,0,0,0,0,0,0,normal,0,62,84
2/2/2025 7:00,62,6,Sunday,2,1,0,random_or_none,2,cold,0.759,260,0,0,0,0,0,0,0,extreme_weather,2,68,84
2/2/2025 8:00,68,6,Sunday,2,1,0,random_or_none,1,rainy,0.531,260,0,0,0,0,0,0,0,normal,0,77,87
2/2/2025 9:00,77,6,Sunday,2,1,0,random_or_none,1,rainy,0.707,260,0,0,0,0,0,0,0,normal,0,85,95
2/2/2025 10:00,85,6,Sunday,2,1,0,random_or_none,1,rainy,0.838,260,0,0,0,0,0,0,0,extreme_weather,2,92,102
2/2/2025 11:00,92,6,Sunday,2,1,0,random_or_none,1,rainy,0.427,260,0,0,0,0,0,0,0,normal,0,92,109
2/2/2025 12:00,92,6,Sunday,2,1,0,random_or_none,3,hot,0.612,260,0,0,0,0,0,0,0,normal,0,92,108
2/2/2025 13:00,92,6,Sunday,2,1,0,random_or_none,0,sunny,0.042,260,0,0,0,0,0,0,0,normal,0,90,114
2/2/2025 14:00,90,6,Sunday,2,1,0,random_or_none,5,windy,0.862,260,0,0,0,0,0,0,0,extreme_weather,2,90,120
2/2/2025 15:00,90,6,Sunday,2,1,0,random_or_none,0,sunny,0.215,260,0,0,0,0,0,0,0,normal,0,96,120
2/2/2025 16:00,96,6,Sunday,2,1,0,random_or_none,2,cold,0.587,260,0,0,0,0,0,0,0,normal,0,93,117
2/2/2025 17:00,93,6,Sunday,2,1,0,random_or_none,1,rainy,0.31,260,0,0,0,0,0,0,0,normal,0,96,117
2/2/2025 18:00,96,6,Sunday,2,1,0,random_or_none,1,rainy,0.919,260,0,0,0,0,0,0,0,extreme_weather,2,91,108
2/2/2025 19:00,91,6,Sunday,2,1,0,random_or_none,4,dusty,0.243,260,0,0,0,0,0,0,0,normal,0,91,113
2/2/2025 20:00,91,6,Sunday,2,1,0,random_or_none,2,cold,0.572,260,0,0,0,0,0,0,0,normal,0,84,114
2/2/2025 21:00,84,6,Sunday,2,1,0,random_or_none,2,cold,0.865,260,0,0,0,0,0,0,0,extreme_weather,2,81,105
2/2/2025 22:00,81,6,Sunday,2,1,0,random_or_none,1,rainy,0.793,260,0,0,0,0,0,0,0,extreme_weather,2,72,96
2/2/2025 23:00,72,6,Sunday,2,1,0,random_or_none,2,cold,0.6,260,0,0,0,0,0,0,0,normal,0,68,93
2/3/2025 0:00,68,0,Monday,2,0,0,random_or_none,2,cold,0.317,260,0,0,0,0,0,0,0,normal,0,71,82
2/3/2025 1:00,71,0,Monday,2,0,0,random_or_none,1,rainy,0.718,260,0,0,0,0,0,0,0,normal,0,76,72
2/3/2025 2:00,76,0,Monday,2,0,0,random_or_none,2,cold,0.991,260,0,0,0,0,0,0,0,extreme_weather,2,77,67
2/3/2025 3:00,77,0,Monday,2,0,0,random_or_none,1,rainy,0.722,260,0,0,0,0,0,0,0,normal,0,77,65
2/3/2025 4:00,77,0,Monday,2,0,0,random_or_none,2,cold,0.624,260,0,0,0,0,0,0,0,normal,0,77,71
2/3/2025 5:00,77,0,Monday,2,0,0,random_or_none,1,rainy,0.574,260,0,0,0,0,0,0,0,normal,0,84,78
2/3/2025 6:00,84,0,Monday,2,0,0,random_or_none,2,cold,0.884,260,0,0,0,0,0,0,0,extreme_weather,2,84,80
2/3/2025 7:00,84,0,Monday,2,0,0,random_or_none,2,cold,0.605,260,0,0,0,0,0,0,0,normal,0,87,89
2/3/2025 8:00,87,0,Monday,2,0,0,random_or_none,5,windy,0.75,260,0,0,0,0,0,0,0,extreme_weather,2,95,89
2/3/2025 9:00,95,0,Monday,2,0,0,random_or_none,5,windy,0.348,260,0,0,0,0,0,0,0,normal,0,102,90
2/3/2025 10:00,102,0,Monday,2,0,0,random_or_none,2,cold,0.813,260,0,0,0,0,0,0,0,extreme_weather,2,109,97
2/3/2025 11:00,109,0,Monday,2,0,0,random_or_none,2,cold,0.658,260,0,0,0,0,0,0,0,normal,0,108,96
2/3/2025 12:00,108,0,Monday,2,0,0,random_or_none,0,sunny,0.067,260,0,0,0,0,0,0,0,normal,0,114,94
2/3/2025 13:00,114,0,Monday,2,0,0,random_or_none,2,cold,0.497,260,0,0,0,0,0,0,0,normal,0,120,106
2/3/2025 14:00,120,0,Monday,2,0,0,random_or_none,2,cold,0.802,260,0,0,0,0,0,0,0,extreme_weather,2,120,114
2/3/2025 15:00,120,0,Monday,2,0,0,random_or_none,2,cold,0.987,260,0,0,0,0,0,0,0,extreme_weather,2,117,108
2/3/2025 16:00,117,0,Monday,2,0,0,random_or_none,2,cold,0.571,260,0,0,0,0,0,0,0,normal,0,117,113
2/3/2025 17:00,117,0,Monday,2,0,0,random_or_none,2,cold,0.85,260,0,0,0,0,0,0,0,extreme_weather,2,108,116
2/3/2025 18:00,108,0,Monday,2,0,0,random_or_none,5,windy,0.246,260,0,0,0,0,0,0,0,normal,0,113,119
2/3/2025 19:00,113,0,Monday,2,0,0,random_or_none,2,cold,0.59,260,0,0,0,0,0,0,0,normal,0,114,120
2/3/2025 20:00,114,0,Monday,2,0,0,random_or_none,1,rainy,0.374,260,0,0,0,0,0,0,0,normal,0,105,113
2/3/2025 21:00,105,0,Monday,2,0,0,random_or_none,2,cold,0.33,260,0,0,0,0,0,0,0,normal,0,96,133
2/3/2025 22:00,96,0,Monday,2,0,0,random_or_none,2,cold,0.438,260,0,0,0,0,0,0,0,normal,0,93,113
2/3/2025 23:00,93,0,Monday,2,0,0,random_or_none,1,rainy,0.648,260,0,0,0,0,0,0,0,normal,0,82,93
2/4/2025 0:00,82,1,Tuesday,2,0,0,random_or_none,2,cold,0.624,260,0,0,0,0,0,0,0,normal,0,72,81
2/4/2025 1:00,72,1,Tuesday,2,0,0,random_or_none,5,windy,0.753,260,0,0,0,0,0,0,0,extreme_weather,2,67,82
2/4/2025 2:00,67,1,Tuesday,2,0,0,random_or_none,0,sunny,0.069,260,0,0,0,0,0,0,0,normal,0,65,80
2/4/2025 3:00,65,1,Tuesday,2,0,0,random_or_none,2,cold,0.536,260,0,0,0,0,0,0,0,normal,0,71,74
2/4/2025 4:00,71,1,Tuesday,2,0,0,random_or_none,1,rainy,0.675,260,0,0,0,0,0,0,0,normal,0,78,74
2/4/2025 5:00,78,1,Tuesday,2,0,0,random_or_none,2,cold,0.299,260,0,0,0,0,0,0,0,normal,0,80,80
2/4/2025 6:00,80,1,Tuesday,2,0,0,random_or_none,2,cold,0.844,260,0,0,0,0,0,0,0,extreme_weather,2,89,81
2/4/2025 7:00,89,1,Tuesday,2,0,0,random_or_none,1,rainy,0.9,260,0,0,0,0,0,0,0,extreme_weather,2,89,91
2/4/2025 8:00,89,1,Tuesday,2,0,0,random_or_none,2,cold,0.801,260,0,0,0,0,0,0,0,extreme_weather,2,90,93
2/4/2025 9:00,90,1,Tuesday,2,0,0,random_or_none,4,dusty,0.413,260,0,0,0,0,0,0,0,normal,0,97,94
2/4/2025 10:00,97,1,Tuesday,2,0,0,random_or_none,1,rainy,0.887,260,0,0,0,0,0,0,0,extreme_weather,2,96,92
2/4/2025 11:00,96,1,Tuesday,2,0,0,random_or_none,0,sunny,0.304,260,0,0,0,0,0,0,0,normal,0,94,101
2/4/2025 12:00,94,1,Tuesday,2,0,0,random_or_none,0,sunny,0.148,260,0,0,0,0,0,0,0,normal,0,106,107
2/4/2025 13:00,106,1,Tuesday,2,0,0,random_or_none,2,cold,0.505,260,0,0,0,0,0,0,0,normal,0,114,108
2/4/2025 14:00,114,1,Tuesday,2,0,0,random_or_none,5,windy,0.604,260,0,0,0,0,0,0,0,normal,0,108,110
2/4/2025 15:00,108,1,Tuesday,2,0,0,random_or_none,0,sunny,0.262,260,0,0,0,0,0,0,0,normal,0,113,112
2/4/2025 16:00,113,1,Tuesday,2,0,0,random_or_none,1,rainy,0.462,260,0,0,0,0,0,0,0,normal,0,116,114
2/4/2025 17:00,116,1,Tuesday,2,0,0,random_or_none,5,windy,0.712,260,0,0,0,0,0,0,0,normal,0,119,119
2/4/2025 18:00,119,1,Tuesday,2,0,0,random_or_none,2,cold,0.412,260,0,0,0,0,0,0,0,normal,0,120,117
2/4/2025 19:00,120,1,Tuesday,2,0,0,random_or_none,1,rainy,1,260,0,0,0,0,0,0,0,extreme_weather,2,113,118
2/4/2025 20:00,113,1,Tuesday,2,0,0,random_or_none,2,cold,0.957,260,0,0,0,0,0,0,0,extreme_weather,2,133,112
2/4/2025 21:00,133,1,Tuesday,2,0,0,random_or_none,2,cold,0.621,260,0,1,70.37,0,0,0,0,emergency_spike,5,113,98
2/4/2025 22:00,113,1,Tuesday,2,0,0,random_or_none,0,sunny,0.302,260,0,0,0,0,0,0,0,normal,0,93,91
2/4/2025 23:00,93,1,Tuesday,2,0,0,random_or_none,1,rainy,0.45,260,0,0,0,0,0,0,0,normal,0,81,90
2/5/2025 0:00,81,2,Wednesday,2,0,0,random_or_none,1,rainy,0.678,260,0,0,0,0,0,0,0,normal,0,82,83
2/5/2025 1:00,82,2,Wednesday,2,0,0,random_or_none,1,rainy,0.999,260,0,0,0,0,0,0,0,extreme_weather,2,80,74
2/5/2025 2:00,80,2,Wednesday,2,0,0,random_or_none,2,cold,0.493,260,0,0,0,0,0,0,0,normal,0,74,71
2/5/2025 3:00,74,2,Wednesday,2,0,0,random_or_none,5,windy,0.252,260,0,0,0,0,0,0,0,normal,0,74,68
2/5/2025 4:00,74,2,Wednesday,2,0,0,random_or_none,1,rainy,0.824,260,0,0,0,0,0,0,0,extreme_weather,2,80,67
2/5/2025 5:00,80,2,Wednesday,2,0,0,random_or_none,5,windy,0.598,260,0,0,0,0,0,0,0,normal,0,81,74
2/5/2025 6:00,81,2,Wednesday,2,0,0,random_or_none,1,rainy,0.483,260,0,0,0,0,0,0,0,normal,0,91,74
2/5/2025 7:00,91,2,Wednesday,2,0,0,random_or_none,1,rainy,0.896,260,0,0,0,0,0,0,0,extreme_weather,2,93,77
2/5/2025 8:00,93,2,Wednesday,2,0,0,random_or_none,1,rainy,0.733,260,0,0,0,0,0,0,0,normal,0,94,85
2/5/2025 9:00,94,2,Wednesday,2,0,0,random_or_none,1,rainy,0.666,260,0,0,0,0,0,0,0,normal,0,92,91
2/5/2025 10:00,92,2,Wednesday,2,0,0,random_or_none,2,cold,0.319,260,0,0,0,0,0,0,0,normal,0,101,103
2/5/2025 11:00,101,2,Wednesday,2,0,0,random_or_none,1,rainy,0.479,260,0,0,0,0,0,0,0,normal,0,107,102
2/5/2025 12:00,107,2,Wednesday,2,0,0,random_or_none,2,cold,0.972,260,0,0,0,0,0,0,0,extreme_weather,2,108,106
2/5/2025 13:00,108,2,Wednesday,2,0,0,random_or_none,2,cold,0.244,260,0,0,0,0,0,0,0,normal,0,110,104
2/5/2025 14:00,110,2,Wednesday,2,0,0,random_or_none,5,windy,0.524,260,0,0,0,0,0,0,0,normal,0,112,110
2/5/2025 15:00,112,2,Wednesday,2,0,0,random_or_none,2,cold,0.785,260,0,0,0,0,0,0,0,extreme_weather,2,114,112
2/5/2025 16:00,114,2,Wednesday,2,0,0,random_or_none,2,cold,0.635,260,0,0,0,0,0,0,0,normal,0,119,116
2/5/2025 17:00,119,2,Wednesday,2,0,0,random_or_none,2,cold,1,260,0,0,0,0,0,0,0,extreme_weather,2,117,114
2/5/2025 18:00,117,2,Wednesday,2,0,0,random_or_none,4,dusty,0.385,260,0,0,0,0,0,0,0,normal,0,118,115
2/5/2025 19:00,118,2,Wednesday,2,0,0,random_or_none,2,cold,0.731,260,0,0,0,0,0,0,0,normal,0,112,110
2/5/2025 20:00,112,2,Wednesday,2,0,0,random_or_none,4,dusty,0.902,260,0,0,0,0,0,0,0,extreme_weather,2,98,99
2/5/2025 21:00,98,2,Wednesday,2,0,0,random_or_none,1,rainy,0.37,260,0,0,0,0,0,0,0,normal,0,91,92
2/5/2025 22:00,91,2,Wednesday,2,0,0,random_or_none,2,cold,0.339,260,0,0,0,0,0,0,0,normal,0,90,90
2/5/2025 23:00,90,2,Wednesday,2,0,0,random_or_none,2,cold,0.883,260,0,0,0,0,0,0,0,extreme_weather,2,83,93
2/6/2025 0:00,83,3,Thursday,2,0,0,random_or_none,2,cold,1,260,0,0,0,0,0,0,0,extreme_weather,2,74,82
2/6/2025 1:00,74,3,Thursday,2,0,0,random_or_none,5,windy,0.337,260,0,0,0,0,0,0,0,normal,0,71,73
2/6/2025 2:00,71,3,Thursday,2,0,0,random_or_none,5,windy,0.404,260,0,0,0,0,0,0,0,normal,0,68,81
2/6/2025 3:00,68,3,Thursday,2,0,0,random_or_none,2,cold,0.396,260,0,0,0,0,0,0,0,normal,0,67,78
2/6/2025 4:00,67,3,Thursday,2,0,0,random_or_none,1,rainy,0.537,260,0,0,0,0,0,0,0,normal,0,74,77
2/6/2025 5:00,74,3,Thursday,2,0,0,random_or_none,5,windy,0.166,260,0,0,0,0,0,0,0,normal,0,74,79
2/6/2025 6:00,74,3,Thursday,2,0,0,random_or_none,5,windy,0.338,260,0,0,0,0,0,0,0,normal,0,77,77
2/6/2025 7:00,77,3,Thursday,2,0,0,random_or_none,1,rainy,0.677,260,0,0,0,0,0,0,0,normal,0,85,83
2/6/2025 8:00,85,3,Thursday,2,0,0,random_or_none,2,cold,0.681,260,0,0,0,0,0,0,0,normal,0,91,90
2/6/2025 9:00,91,3,Thursday,2,0,0,random_or_none,1,rainy,0.682,260,0,0,0,0,0,0,0,normal,0,103,90
2/6/2025 10:00,103,3,Thursday,2,0,0,random_or_none,1,rainy,0.897,260,0,0,0,0,0,0,0,extreme_weather,2,102,96
2/6/2025 11:00,102,3,Thursday,2,0,0,random_or_none,2,cold,0.713,260,0,0,0,0,0,0,0,normal,0,106,105
2/6/2025 12:00,106,3,Thursday,2,0,0,random_or_none,4,dusty,0.814,260,0,0,0,0,0,0,0,extreme_weather,2,104,112
2/6/2025 13:00,104,3,Thursday,2,0,0,random_or_none,2,cold,0.474,260,0,0,0,0,0,0,0,normal,0,110,107
2/6/2025 14:00,110,3,Thursday,2,0,0,random_or_none,2,cold,0.701,260,0,0,0,0,0,0,0,normal,0,112,115
2/6/2025 15:00,112,3,Thursday,2,0,0,random_or_none,2,cold,0.348,260,0,0,0,0,0,0,0,normal,0,116,111
2/6/2025 16:00,116,3,Thursday,2,0,0,random_or_none,2,cold,0.661,260,0,0,0,0,0,0,0,normal,0,114,119
2/6/2025 17:00,114,3,Thursday,2,0,0,random_or_none,5,windy,0.16,260,0,0,0,0,0,0,0,normal,0,115,115
2/6/2025 18:00,115,3,Thursday,2,0,0,random_or_none,1,rainy,1,260,0,0,0,0,0,0,0,extreme_weather,2,110,111
2/6/2025 19:00,110,3,Thursday,2,0,0,random_or_none,5,windy,0.818,260,0,0,0,0,0,0,0,extreme_weather,2,99,103
2/6/2025 20:00,99,3,Thursday,2,0,0,random_or_none,5,windy,0.194,260,0,0,0,0,0,0,0,normal,0,92,101
2/6/2025 21:00,92,3,Thursday,2,0,0,random_or_none,0,sunny,0.027,260,0,0,0,0,0,0,0,normal,0,90,101
2/6/2025 22:00,90,3,Thursday,2,0,0,random_or_none,1,rainy,0.316,260,0,0,0,0,0,0,0,normal,0,93,93
2/6/2025 23:00,93,3,Thursday,2,0,0,random_or_none,1,rainy,1,260,0,0,0,0,0,0,0,extreme_weather,2,82,88
2/7/2025 0:00,82,4,Friday,2,0,0,random_or_none,5,windy,0.725,260,0,0,0,0,0,0,0,normal,0,73,73
2/7/2025 1:00,73,4,Friday,2,0,0,random_or_none,1,rainy,0.402,260,0,0,0,0,0,0,0,normal,0,81,61
2/7/2025 2:00,81,4,Friday,2,0,0,random_or_none,1,rainy,0.806,260,0,0,0,0,0,0,0,extreme_weather,2,78,56
2/7/2025 3:00,78,4,Friday,2,0,0,random_or_none,1,rainy,1,260,0,0,0,0,0,0,0,extreme_weather,2,77,57
2/7/2025 4:00,77,4,Friday,2,0,0,random_or_none,1,rainy,0.909,260,0,0,0,0,0,0,0,extreme_weather,2,79,57
2/7/2025 5:00,79,4,Friday,2,0,0,random_or_none,1,rainy,0.85,260,0,0,0,0,0,0,0,extreme_weather,2,77,64
2/7/2025 6:00,77,4,Friday,2,0,0,random_or_none,0,sunny,0,260,0,0,0,0,0,0,0,normal,0,83,67
2/7/2025 7:00,83,4,Friday,2,0,0,random_or_none,2,cold,0.869,260,0,0,0,0,0,0,0,extreme_weather,2,90,68
2/7/2025 8:00,90,4,Friday,2,0,0,random_or_none,2,cold,0.552,260,0,0,0,0,0,0,0,normal,0,90,80
2/7/2025 9:00,90,4,Friday,2,0,0,random_or_none,1,rainy,0.742,260,0,0,0,0,0,0,0,normal,0,96,83
2/7/2025 10:00,96,4,Friday,2,0,0,random_or_none,1,rainy,0.365,260,0,0,0,0,0,0,0,normal,0,105,83
2/7/2025 11:00,105,4,Friday,2,0,0,random_or_none,2,cold,0.713,260,0,0,0,0,0,0,0,normal,0,112,87
2/7/2025 12:00,112,4,Friday,2,0,0,random_or_none,2,cold,0.516,260,0,0,0,0,0,0,0,normal,0,107,93
2/7/2025 13:00,107,4,Friday,2,0,0,random_or_none,0,sunny,0.033,260,0,0,0,0,0,0,0,normal,0,115,104
2/7/2025 14:00,115,4,Friday,2,0,0,random_or_none,2,cold,0.863,260,0,0,0,0,0,0,0,extreme_weather,2,111,101
2/7/2025 15:00,111,4,Friday,2,0,0,random_or_none,0,sunny,0.152,260,0,0,0,0,0,0,0,normal,0,119,104
2/7/2025 16:00,119,4,Friday,2,0,0,random_or_none,2,cold,0.89,260,0,0,0,0,0,0,0,extreme_weather,2,115,104
2/7/2025 17:00,115,4,Friday,2,0,0,random_or_none,1,rainy,0.322,260,0,0,0,0,0,0,0,normal,0,111,101
2/7/2025 18:00,111,4,Friday,2,0,0,random_or_none,1,rainy,0.566,260,0,0,0,0,0,0,0,normal,0,103,104
2/7/2025 19:00,103,4,Friday,2,0,0,random_or_none,4,dusty,0.765,260,0,0,0,0,0,0,0,extreme_weather,2,101,102
2/7/2025 20:00,101,4,Friday,2,0,0,random_or_none,2,cold,0.642,260,0,0,0,0,0,0,0,normal,0,101,90
2/7/2025 21:00,101,4,Friday,2,0,0,random_or_none,5,windy,0.561,260,0,0,0,0,0,0,0,normal,0,93,85
2/7/2025 22:00,93,4,Friday,2,0,0,random_or_none,2,cold,0.631,260,0,0,0,0,0,0,0,normal,0,88,72
2/7/2025 23:00,88,4,Friday,2,0,0,random_or_none,2,cold,0.713,260,0,0,0,0,0,0,0,normal,0,73,68
2/8/2025 0:00,73,5,Saturday,2,1,0,random_or_none,1,rainy,0.434,260,0,0,0,0,0,0,0,normal,0,61,68
2/8/2025 1:00,61,5,Saturday,2,1,0,random_or_none,2,cold,0.565,260,0,0,0,0,0,0,0,normal,0,56,62
2/8/2025 2:00,56,5,Saturday,2,1,0,random_or_none,2,cold,0.807,260,0,0,0,0,0,0,0,extreme_weather,2,57,53
2/8/2025 3:00,57,5,Saturday,2,1,0,random_or_none,0,sunny,0.218,260,0,0,0,0,0,0,0,normal,0,57,53
2/8/2025 4:00,57,5,Saturday,2,1,0,random_or_none,0,sunny,0.082,260,0,0,0,0,0,0,0,normal,0,64,47
2/8/2025 5:00,64,5,Saturday,2,1,0,random_or_none,2,cold,0.791,260,0,0,0,0,0,0,0,extreme_weather,2,67,61
2/8/2025 6:00,67,5,Saturday,2,1,0,random_or_none,2,cold,0.867,260,0,0,0,0,0,0,0,extreme_weather,2,68,60
2/8/2025 7:00,68,5,Saturday,2,1,0,random_or_none,1,rainy,0.577,260,0,0,0,0,0,0,0,normal,0,80,65
2/8/2025 8:00,80,5,Saturday,2,1,0,random_or_none,1,rainy,0.883,260,0,0,0,0,0,0,0,extreme_weather,2,83,73
2/8/2025 9:00,83,5,Saturday,2,1,0,random_or_none,1,rainy,0.637,260,0,0,0,0,0,0,0,normal,0,83,75
2/8/2025 10:00,83,5,Saturday,2,1,0,random_or_none,2,cold,0.275,260,0,0,0,0,0,0,0,normal,0,87,81
2/8/2025 11:00,87,5,Saturday,2,1,0,random_or_none,0,sunny,0.023,260,0,0,0,0,0,0,0,normal,0,93,86
2/8/2025 12:00,93,5,Saturday,2,1,0,random_or_none,1,rainy,0.984,260,0,0,0,0,0,0,0,extreme_weather,2,104,87
2/8/2025 13:00,104,5,Saturday,2,1,0,random_or_none,2,cold,1,260,0,0,0,0,0,0,0,extreme_weather,2,101,95
2/8/2025 14:00,101,5,Saturday,2,1,0,random_or_none,0,sunny,0.17,260,0,0,0,0,0,0,0,normal,0,104,92
2/8/2025 15:00,104,5,Saturday,2,1,0,random_or_none,4,dusty,0.621,260,0,0,0,0,0,0,0,normal,0,104,101
2/8/2025 16:00,104,5,Saturday,2,1,0,random_or_none,2,cold,0.937,260,0,0,0,0,0,0,0,extreme_weather,2,101,94
2/8/2025 17:00,101,5,Saturday,2,1,0,random_or_none,5,windy,0.417,260,0,0,0,0,0,0,0,normal,0,104,91
2/8/2025 18:00,104,5,Saturday,2,1,0,random_or_none,3,hot,0.933,260,0,0,0,0,0,0,0,extreme_weather,2,102,90
2/8/2025 19:00,102,5,Saturday,2,1,0,random_or_none,2,cold,1,260,0,0,0,0,0,0,0,extreme_weather,2,90,92
2/8/2025 20:00,90,5,Saturday,2,1,0,random_or_none,0,sunny,0.079,260,0,0,0,0,0,0,0,normal,0,85,94
2/8/2025 21:00,85,5,Saturday,2,1,0,random_or_none,5,windy,0.541,260,0,0,0,0,0,0,0,normal,0,72,85
2/8/2025 22:00,72,5,Saturday,2,1,0,random_or_none,0,sunny,0.24,260,0,0,0,0,0,0,0,normal,0,68,82
2/8/2025 23:00,68,5,Saturday,2,1,0,random_or_none,2,cold,0.721,260,0,0,0,0,0,0,0,normal,0,68,73
2/9/2025 0:00,68,6,Sunday,2,1,0,random_or_none,1,rainy,0.767,260,0,0,0,0,0,0,0,extreme_weather,2,62,78
2/9/2025 1:00,62,6,Sunday,2,1,0,random_or_none,0,sunny,0.318,260,0,0,0,0,0,0,0,normal,0,53,72
2/9/2025 2:00,53,6,Sunday,2,1,0,random_or_none,0,sunny,0.27,260,0,0,0,0,0,0,0,normal,0,53,72
2/9/2025 3:00,53,6,Sunday,2,1,0,random_or_none,2,cold,0.708,260,0,0,0,0,0,0,0,normal,0,47,72
2/9/2025 4:00,47,6,Sunday,2,1,0,random_or_none,0,sunny,0.051,260,0,0,0,0,0,0,0,normal,0,61,76
2/9/2025 5:00,61,6,Sunday,2,1,0,random_or_none,4,dusty,0.428,260,0,0,0,0,0,0,0,normal,0,60,77
2/9/2025 6:00,60,6,Sunday,2,1,0,random_or_none,0,sunny,0.223,260,0,0,0,0,0,0,0,normal,0,65,80
2/9/2025 7:00,65,6,Sunday,2,1,0,random_or_none,2,cold,0.368,260,0,0,0,0,0,0,0,normal,0,73,76
2/9/2025 8:00,73,6,Sunday,2,1,0,random_or_none,1,rainy,0.779,260,0,0,0,0,0,0,0,extreme_weather,2,75,80
2/9/2025 9:00,75,6,Sunday,2,1,0,random_or_none,5,windy,0.251,260,0,0,0,0,0,0,0,normal,0,81,91
2/9/2025 10:00,81,6,Sunday,2,1,0,random_or_none,1,rainy,0.747,260,0,0,0,0,0,0,0,normal,0,86,154
2/9/2025 11:00,86,6,Sunday,2,1,0,random_or_none,2,cold,0.652,260,0,0,0,0,0,0,0,normal,0,87,135
2/9/2025 12:00,87,6,Sunday,2,1,0,random_or_none,0,sunny,0.078,260,0,0,0,0,0,0,0,normal,0,95,160
2/9/2025 13:00,95,6,Sunday,2,1,0,random_or_none,2,cold,0.982,260,0,0,0,0,0,0,0,extreme_weather,2,92,138
2/9/2025 14:00,92,6,Sunday,2,1,0,random_or_none,5,windy,0.8,260,0,0,0,0,0,0,0,extreme_weather,2,101,123
2/9/2025 15:00,101,6,Sunday,2,1,0,random_or_none,1,rainy,0.967,260,0,0,0,0,0,0,0,extreme_weather,2,94,160
2/9/2025 16:00,94,6,Sunday,2,1,0,random_or_none,0,sunny,0.2,260,0,0,0,0,0,0,0,normal,0,91,144
2/9/2025 17:00,91,6,Sunday,2,1,0,random_or_none,2,cold,0.351,260,0,0,0,0,0,0,0,normal,0,90,132
2/9/2025 18:00,90,6,Sunday,2,1,0,random_or_none,0,sunny,0.086,260,0,0,0,0,0,0,0,normal,0,92,116
2/9/2025 19:00,92,6,Sunday,2,1,0,random_or_none,2,cold,0.918,260,0,0,0,0,0,0,0,extreme_weather,2,94,110
2/9/2025 20:00,94,6,Sunday,2,1,0,random_or_none,1,rainy,1,260,0,0,0,0,0,0,0,extreme_weather,2,85,109
2/9/2025 21:00,85,6,Sunday,2,1,0,random_or_none,0,sunny,0.241,260,0,0,0,0,0,0,0,normal,0,82,104
2/9/2025 22:00,82,6,Sunday,2,1,0,random_or_none,1,rainy,0.73,260,0,0,0,0,0,0,0,normal,0,73,102
2/9/2025 23:00,73,6,Sunday,2,1,0,random_or_none,0,sunny,0.191,260,0,0,0,0,0,0,0,normal,0,78,91
2/10/2025 0:00,78,0,Monday,2,0,0,random_or_none,2,cold,0.287,260,0,0,0,0,0,0,0,normal,0,72,81
2/10/2025 1:00,72,0,Monday,2,0,0,random_or_none,2,cold,0.54,260,0,0,0,0,0,0,0,normal,0,72,74
2/10/2025 2:00,72,0,Monday,2,0,0,random_or_none,2,cold,0.764,260,0,0,0,0,0,0,0,extreme_weather,2,72,74
2/10/2025 3:00,72,0,Monday,2,0,0,random_or_none,5,windy,0.695,260,0,0,0,0,0,0,0,normal,0,76,75
2/10/2025 4:00,76,0,Monday,2,0,0,random_or_none,1,rainy,0.41,260,0,0,0,0,0,0,0,normal,0,77,77
2/10/2025 5:00,77,0,Monday,2,0,0,random_or_none,0,sunny,0.302,260,0,0,0,0,0,0,0,normal,0,80,79
2/10/2025 6:00,80,0,Monday,2,0,0,random_or_none,2,cold,0.785,260,0,0,0,0,0,0,0,extreme_weather,2,76,83
2/10/2025 7:00,76,0,Monday,2,0,0,random_or_none,2,cold,0.47,260,0,0,0,0,0,0,0,normal,0,80,133
2/10/2025 8:00,80,0,Monday,2,0,0,random_or_none,2,cold,0.776,260,0,0,0,0,0,0,0,extreme_weather,2,91,161
2/10/2025 9:00,91,0,Monday,2,0,0,random_or_none,1,rainy,0.627,260,0,0,0,0,0,0,0,normal,0,154,137
2/10/2025 10:00,154,0,Monday,2,0,0,random_or_none,1,rainy,0.644,260,0,1,123.65,0,0,0,0,emergency_spike,5,135,116
2/10/2025 11:00,135,0,Monday,2,0,0,random_or_none,0,sunny,0.073,260,0,0,0,0,0,0,0,normal,0,160,112
2/10/2025 12:00,160,0,Monday,2,0,0,random_or_none,2,cold,0.484,260,0,1,83.1,0,0,0,0,emergency_spike,5,138,119
2/10/2025 13:00,138,0,Monday,2,0,0,random_or_none,2,cold,0.431,260,0,0,0,0,0,0,0,normal,0,123,121
2/10/2025 14:00,123,0,Monday,2,0,0,random_or_none,2,cold,0.801,260,0,0,0,0,0,0,0,extreme_weather,2,160,121
2/10/2025 15:00,160,0,Monday,2,0,0,random_or_none,5,windy,0.42,260,0,1,94.97,0,0,0,0,emergency_spike,5,144,122
2/10/2025 16:00,144,0,Monday,2,0,0,random_or_none,2,cold,0.996,260,0,0,0,0,0,0,0,extreme_weather,2,132,117
2/10/2025 17:00,132,0,Monday,2,0,0,random_or_none,1,rainy,0.427,260,0,0,0,0,0,0,0,normal,0,116,123
2/10/2025 18:00,116,0,Monday,2,0,0,random_or_none,2,cold,0.389,260,0,0,0,0,0,0,0,normal,0,110,119
2/10/2025 19:00,110,0,Monday,2,0,0,random_or_none,1,rainy,0.379,260,0,0,0,0,0,0,0,normal,0,109,117
2/10/2025 20:00,109,0,Monday,2,0,0,random_or_none,5,windy,0.68,260,0,0,0,0,0,0,0,normal,0,104,106
2/10/2025 21:00,104,0,Monday,2,0,0,random_or_none,1,rainy,0.838,260,0,0,0,0,0,0,0,extreme_weather,2,102,100
2/10/2025 22:00,102,0,Monday,2,0,0,random_or_none,1,rainy,0.858,260,0,0,0,0,0,0,0,extreme_weather,2,91,92
2/10/2025 23:00,91,0,Monday,2,0,0,random_or_none,2,cold,0.363,260,0,0,0,0,0,0,0,normal,0,81,83
2/11/2025 0:00,81,1,Tuesday,2,0,0,random_or_none,5,windy,0.703,260,0,0,0,0,0,0,0,normal,0,74,84
2/11/2025 1:00,74,1,Tuesday,2,0,0,random_or_none,2,cold,0.583,260,0,0,0,0,0,0,0,normal,0,74,76
2/11/2025 2:00,74,1,Tuesday,2,0,0,random_or_none,1,rainy,0.79,260,0,0,0,0,0,0,0,extreme_weather,2,75,75
2/11/2025 3:00,75,1,Tuesday,2,0,0,random_or_none,5,windy,0.235,260,0,0,0,0,0,0,0,normal,0,77,74
2/11/2025 4:00,77,1,Tuesday,2,0,0,random_or_none,2,cold,0.771,260,0,0,0,0,0,0,0,extreme_weather,2,79,75
2/11/2025 5:00,79,1,Tuesday,2,0,0,random_or_none,0,sunny,0.168,260,0,0,0,0,0,0,0,normal,0,83,77
2/11/2025 6:00,83,1,Tuesday,2,0,0,random_or_none,2,cold,0.325,260,0,0,0,0,0,0,0,normal,0,133,80
2/11/2025 7:00,133,1,Tuesday,2,0,0,random_or_none,1,rainy,0.991,260,0,1,108.91,0,0,0,0,emergency_spike,5,161,84
2/11/2025 8:00,161,1,Tuesday,2,0,0,random_or_none,1,rainy,0.826,260,0,1,105.19,0,0,0,0,emergency_spike,5,137,95
2/11/2025 9:00,137,1,Tuesday,2,0,0,random_or_none,5,windy,0.2,260,0,0,0,0,0,0,0,normal,0,116,101
2/11/2025 10:00,116,1,Tuesday,2,0,0,random_or_none,0,sunny,0.119,260,0,0,0,0,0,0,0,normal,0,112,104
2/11/2025 11:00,112,1,Tuesday,2,0,0,random_or_none,1,rainy,0.367,260,0,0,0,0,0,0,0,normal,0,119,109
2/11/2025 12:00,119,1,Tuesday,2,0,0,random_or_none,2,cold,0.95,260,0,0,0,0,0,0,0,extreme_weather,2,121,115
2/11/2025 13:00,121,1,Tuesday,2,0,0,random_or_none,2,cold,0.867,260,0,0,0,0,0,0,0,extreme_weather,2,121,116
2/11/2025 14:00,121,1,Tuesday,2,0,0,random_or_none,2,cold,0.486,260,0,0,0,0,0,0,0,normal,0,122,116
2/11/2025 15:00,122,1,Tuesday,2,0,0,random_or_none,5,windy,0.829,260,0,0,0,0,0,0,0,extreme_weather,2,117,116
2/11/2025 16:00,117,1,Tuesday,2,0,0,random_or_none,2,cold,0.694,260,0,0,0,0,0,0,0,normal,0,123,114
2/11/2025 17:00,123,1,Tuesday,2,0,0,random_or_none,2,cold,1,260,0,0,0,0,0,0,0,extreme_weather,2,119,110
2/11/2025 18:00,119,1,Tuesday,2,0,0,random_or_none,2,cold,0.286,260,0,0,0,0,0,0,0,normal,0,117,110
2/11/2025 19:00,117,1,Tuesday,2,0,0,random_or_none,2,cold,0.967,260,0,0,0,0,0,0,0,extreme_weather,2,106,115
2/11/2025 20:00,106,1,Tuesday,2,0,0,random_or_none,0,sunny,0.036,260,0,0,0,0,0,0,0,normal,0,100,111
2/11/2025 21:00,100,1,Tuesday,2,0,0,random_or_none,5,windy,0.629,260,0,0,0,0,0,0,0,normal,0,92,106
2/11/2025 22:00,92,1,Tuesday,2,0,0,random_or_none,2,cold,0.495,260,0,0,0,0,0,0,0,normal,0,83,96
2/11/2025 23:00,83,1,Tuesday,2,0,0,random_or_none,2,cold,0.43,260,0,0,0,0,0,0,0,normal,0,84,85
2/12/2025 0:00,84,2,Wednesday,2,0,0,random_or_none,2,cold,0.689,260,0,0,0,0,0,0,0,normal,0,76,91
2/12/2025 1:00,76,2,Wednesday,2,0,0,random_or_none,1,rainy,0.384,260,0,0,0,0,0,0,0,normal,0,75,79
2/12/2025 2:00,75,2,Wednesday,2,0,0,random_or_none,1,rainy,0.245,260,0,0,0,0,0,0,0,normal,0,74,71
2/12/2025 3:00,74,2,Wednesday,2,0,0,random_or_none,2,cold,0.6,260,0,0,0,0,0,0,0,normal,0,75,75
2/12/2025 4:00,75,2,Wednesday,2,0,0,random_or_none,1,rainy,0.819,260,0,0,0,0,0,0,0,extreme_weather,2,77,73
2/12/2025 5:00,77,2,Wednesday,2,0,0,random_or_none,5,windy,0.757,260,0,0,0,0,0,0,0,extreme_weather,2,80,71
2/12/2025 6:00,80,2,Wednesday,2,0,0,random_or_none,0,sunny,0.268,260,0,0,0,0,0,0,0,normal,0,84,77
2/12/2025 7:00,84,2,Wednesday,2,0,0,random_or_none,5,windy,0.223,260,0,0,0,0,0,0,0,normal,0,95,86
2/12/2025 8:00,95,2,Wednesday,2,0,0,random_or_none,1,rainy,0.884,260,0,0,0,0,0,0,0,extreme_weather,2,101,86
2/12/2025 9:00,101,2,Wednesday,2,0,0,random_or_none,2,cold,0.5,260,0,0,0,0,0,0,0,normal,0,104,89
2/12/2025 10:00,104,2,Wednesday,2,0,0,random_or_none,2,cold,0.894,260,0,0,0,0,0,0,0,extreme_weather,2,109,92
2/12/2025 11:00,109,2,Wednesday,2,0,0,random_or_none,1,rainy,0.919,260,0,0,0,0,0,0,0,extreme_weather,2,115,96
2/12/2025 12:00,115,2,Wednesday,2,0,0,random_or_none,1,rainy,0.667,260,0,0,0,0,0,0,0,normal,0,116,101
2/12/2025 13:00,116,2,Wednesday,2,0,0,random_or_none,2,cold,0.496,260,0,0,0,0,0,0,0,normal,0,116,100
2/12/2025 14:00,116,2,Wednesday,2,0,0,random_or_none,2,cold,0.407,260,0,0,0,0,0,0,0,normal,0,116,108
2/12/2025 15:00,116,2,Wednesday,2,0,0,random_or_none,5,windy,0.473,260,0,0,0,0,0,0,0,normal,0,114,110
2/12/2025 16:00,114,2,Wednesday,2,0,0,random_or_none,1,rainy,0.578,260,0,0,0,0,0,0,0,normal,0,110,107
2/12/2025 17:00,110,2,Wednesday,2,0,0,random_or_none,5,windy,0.778,260,0,0,0,0,0,0,0,extreme_weather,2,110,110
2/12/2025 18:00,110,2,Wednesday,2,0,0,random_or_none,1,rainy,0.475,260,0,0,0,0,0,0,0,normal,0,115,105
2/12/2025 19:00,115,2,Wednesday,2,0,0,random_or_none,1,rainy,0.838,260,0,0,0,0,0,0,0,extreme_weather,2,111,101
2/12/2025 20:00,111,2,Wednesday,2,0,0,random_or_none,2,cold,0.693,260,0,0,0,0,0,0,0,normal,0,106,101
2/12/2025 21:00,106,2,Wednesday,2,0,0,random_or_none,5,windy,0.757,260,0,0,0,0,0,0,0,extreme_weather,2,96,99
2/12/2025 22:00,96,2,Wednesday,2,0,0,random_or_none,1,rainy,0.606,260,0,0,0,0,0,0,0,normal,0,85,88
2/12/2025 23:00,85,2,Wednesday,2,0,0,random_or_none,0,sunny,0.105,260,0,0,0,0,0,0,0,normal,0,91,118
2/13/2025 0:00,91,3,Thursday,2,0,0,random_or_none,1,rainy,1,260,0,0,0,0,0,0,0,extreme_weather,2,79,95
2/13/2025 1:00,79,3,Thursday,2,0,0,random_or_none,1,rainy,0.766,260,0,0,0,0,0,0,0,extreme_weather,2,71,84
2/13/2025 2:00,71,3,Thursday,2,0,0,random_or_none,0,sunny,0.022,260,0,0,0,0,0,0,0,normal,0,75,81
2/13/2025 3:00,75,3,Thursday,2,0,0,random_or_none,1,rainy,0.999,260,0,0,0,0,0,0,0,extreme_weather,2,73,132
2/13/2025 4:00,73,3,Thursday,2,0,0,random_or_none,2,cold,0.612,260,0,0,0,0,0,0,0,normal,0,71,110
2/13/2025 5:00,71,3,Thursday,2,0,0,random_or_none,1,rainy,0.395,260,0,0,0,0,0,0,0,normal,0,77,91
2/13/2025 6:00,77,3,Thursday,2,0,0,random_or_none,1,rainy,0.929,260,0,0,0,0,0,0,0,extreme_weather,2,86,87
2/13/2025 7:00,86,3,Thursday,2,0,0,random_or_none,2,cold,0.306,260,0,0,0,0,0,0,0,normal,0,86,93
2/13/2025 8:00,86,3,Thursday,2,0,0,random_or_none,0,sunny,0.23,260,0,0,0,0,0,0,0,normal,0,89,88
2/13/2025 9:00,89,3,Thursday,2,0,0,random_or_none,0,sunny,0.301,260,0,0,0,0,0,0,0,normal,0,92,90
2/13/2025 10:00,92,3,Thursday,2,0,0,random_or_none,5,windy,0.848,260,0,0,0,0,0,0,0,extreme_weather,2,96,88
2/13/2025 11:00,96,3,Thursday,2,0,0,random_or_none,0,sunny,0.135,260,0,0,0,0,0,0,0,normal,0,101,96
2/13/2025 12:00,101,3,Thursday,2,0,0,random_or_none,1,rainy,0.281,260,0,0,0,0,0,0,0,normal,0,100,107
2/13/2025 13:00,100,3,Thursday,2,0,0,random_or_none,0,sunny,0.202,260,0,0,0,0,0,0,0,normal,0,108,110
2/13/2025 14:00,108,3,Thursday,2,0,0,random_or_none,2,cold,0.618,260,0,0,0,0,0,0,0,normal,0,110,119
2/13/2025 15:00,110,3,Thursday,2,0,0,random_or_none,5,windy,0.545,260,0,0,0,0,0,0,0,normal,0,107,116
2/13/2025 16:00,107,3,Thursday,2,0,0,random_or_none,5,windy,0.36,260,0,0,0,0,0,0,0,normal,0,110,119
2/13/2025 17:00,110,3,Thursday,2,0,0,random_or_none,2,cold,0.773,260,0,0,0,0,0,0,0,extreme_weather,2,105,118
2/13/2025 18:00,105,3,Thursday,2,0,0,random_or_none,5,windy,0.554,260,0,0,0,0,0,0,0,normal,0,101,120
2/13/2025 19:00,101,3,Thursday,2,0,0,random_or_none,1,rainy,0.277,260,0,0,0,0,0,0,0,normal,0,101,118
2/13/2025 20:00,101,3,Thursday,2,0,0,random_or_none,1,rainy,0.518,260,0,0,0,0,0,0,0,normal,0,99,109
2/13/2025 21:00,99,3,Thursday,2,0,0,random_or_none,5,windy,0.598,260,0,0,0,0,0,0,0,normal,0,88,106
2/13/2025 22:00,88,3,Thursday,2,0,0,random_or_none,5,windy,0.345,260,0,0,0,0,0,0,0,normal,0,118,100
2/13/2025 23:00,118,3,Thursday,2,0,0,random_or_none,1,rainy,0.544,260,0,1,78.39,0,0,0,0,emergency_spike,5,95,94
2/14/2025 0:00,95,4,Friday,2,0,0,random_or_none,2,cold,0.375,260,0,0,0,0,0,0,0,normal,0,84,73
2/14/2025 1:00,84,4,Friday,2,0,0,random_or_none,2,cold,0.847,260,0,0,0,0,0,0,0,extreme_weather,2,81,68
2/14/2025 2:00,81,4,Friday,2,0,0,random_or_none,5,windy,0.644,260,0,0,0,0,0,0,0,normal,0,132,80
2/14/2025 3:00,132,4,Friday,2,0,0,random_or_none,2,cold,0.415,260,0,1,112.55,0,0,0,0,emergency_spike,5,110,82
2/14/2025 4:00,110,4,Friday,2,0,0,random_or_none,4,dusty,0.647,260,0,0,0,0,0,0,0,normal,0,91,75
2/14/2025 5:00,91,4,Friday,2,0,0,random_or_none,2,cold,0.586,260,0,0,0,0,0,0,0,normal,0,87,68
2/14/2025 6:00,87,4,Friday,2,0,0,random_or_none,2,cold,0.76,260,0,0,0,0,0,0,0,extreme_weather,2,93,68
2/14/2025 7:00,93,4,Friday,2,0,0,random_or_none,2,cold,0.619,260,0,0,0,0,0,0,0,normal,0,88,73
2/14/2025 8:00,88,4,Friday,2,0,0,random_or_none,0,sunny,0.323,260,0,0,0,0,0,0,0,normal,0,90,89
2/14/2025 9:00,90,4,Friday,2,0,0,random_or_none,2,cold,0.663,260,0,0,0,0,0,0,0,normal,0,88,92
2/14/2025 10:00,88,4,Friday,2,0,0,random_or_none,5,windy,0.437,260,0,0,0,0,0,0,0,normal,0,96,88
2/14/2025 11:00,96,4,Friday,2,0,0,random_or_none,2,cold,0.652,260,0,0,0,0,0,0,0,normal,0,107,96
2/14/2025 12:00,107,4,Friday,2,0,0,random_or_none,1,rainy,0.763,260,0,0,0,0,0,0,0,extreme_weather,2,110,98
2/14/2025 13:00,110,4,Friday,2,0,0,random_or_none,1,rainy,0.67,260,0,0,0,0,0,0,0,normal,0,119,95
2/14/2025 14:00,119,4,Friday,2,0,0,random_or_none,1,rainy,0.894,260,0,0,0,0,0,0,0,extreme_weather,2,116,89
2/14/2025 15:00,116,4,Friday,2,0,0,random_or_none,2,cold,0.217,260,0,0,0,0,0,0,0,normal,0,119,116
2/14/2025 16:00,119,4,Friday,2,0,0,random_or_none,1,rainy,0.801,260,0,0,0,0,0,0,0,extreme_weather,2,118,108
2/14/2025 17:00,118,4,Friday,2,0,0,random_or_none,1,rainy,0.335,260,0,0,0,0,0,0,0,normal,0,120,98
2/14/2025 18:00,120,4,Friday,2,0,0,random_or_none,2,cold,0.668,260,0,0,0,0,0,0,0,normal,0,118,96
2/14/2025 19:00,118,4,Friday,2,0,0,random_or_none,2,cold,0.87,260,0,0,0,0,0,0,0,extreme_weather,2,109,93
2/14/2025 20:00,109,4,Friday,2,0,0,random_or_none,2,cold,0.311,260,0,0,0,0,0,0,0,normal,0,106,90
2/14/2025 21:00,106,4,Friday,2,0,0,random_or_none,1,rainy,1,260,0,0,0,0,0,0,0,extreme_weather,2,100,87
2/14/2025 22:00,100,4,Friday,2,0,0,random_or_none,1,rainy,0.855,260,0,0,0,0,0,0,0,extreme_weather,2,94,81
2/14/2025 23:00,94,4,Friday,2,0,0,random_or_none,2,cold,0.986,260,0,0,0,0,0,0,0,extreme_weather,2,73,73
2/15/2025 0:00,73,5,Saturday,2,1,0,random_or_none,2,cold,0.399,260,0,0,0,0,0,0,0,normal,0,68,68
2/15/2025 1:00,68,5,Saturday,2,1,0,random_or_none,2,cold,0.67,260,0,0,0,0,0,0,0,normal,0,80,60
2/15/2025 2:00,80,5,Saturday,2,1,0,random_or_none,2,cold,0.57,260,0,1,40.88,0,0,0,0,emergency_spike,5,82,57
2/15/2025 3:00,82,5,Saturday,2,1,0,random_or_none,2,cold,0.671,260,0,1,40.61,0,0,0,0,emergency_spike,5,75,58
2/15/2025 4:00,75,5,Saturday,2,1,0,random_or_none,2,cold,0.363,260,0,0,0,0,0,0,0,normal,0,68,64
2/15/2025 5:00,68,5,Saturday,2,1,0,random_or_none,5,windy,0.509,260,0,0,0,0,0,0,0,normal,0,68,62
2/15/2025 6:00,68,5,Saturday,2,1,0,random_or_none,5,windy,0.759,260,0,0,0,0,0,0,0,extreme_weather,2,73,64
2/15/2025 7:00,73,5,Saturday,2,1,0,random_or_none,5,windy,0.735,260,0,0,0,0,0,0,0,normal,0,89,68
2/15/2025 8:00,89,5,Saturday,2,1,0,random_or_none,1,rainy,1,260,0,0,0,0,0,0,0,extreme_weather,2,92,70
2/15/2025 9:00,92,5,Saturday,2,1,0,random_or_none,1,rainy,0.62,260,0,0,0,0,0,0,0,normal,0,88,70
2/15/2025 10:00,88,5,Saturday,2,1,0,random_or_none,0,sunny,0.266,260,0,0,0,0,0,0,0,normal,0,96,74
2/15/2025 11:00,96,5,Saturday,2,1,0,random_or_none,4,dusty,0.696,260,0,0,0,0,0,0,0,normal,0,98,78
2/15/2025 12:00,98,5,Saturday,2,1,0,random_or_none,2,cold,0.383,260,0,0,0,0,0,0,0,normal,0,95,89
2/15/2025 13:00,95,5,Saturday,2,1,0,random_or_none,2,cold,0.231,260,0,0,0,0,0,0,0,normal,0,89,94
2/15/2025 14:00,89,5,Saturday,2,1,0,random_or_none,2,cold,0.61,260,0,0,0,0,0,0,0,normal,0,116,93
2/15/2025 15:00,116,5,Saturday,2,1,0,random_or_none,0,sunny,0.338,260,0,1,55.01,0,0,0,0,emergency_spike,5,108,102
2/15/2025 16:00,108,5,Saturday,2,1,0,random_or_none,2,cold,0.802,260,0,0,0,0,0,0,0,extreme_weather,2,98,142
2/15/2025 17:00,98,5,Saturday,2,1,0,random_or_none,0,sunny,0.305,260,0,0,0,0,0,0,0,normal,0,96,125
2/15/2025 18:00,96,5,Saturday,2,1,0,random_or_none,5,windy,0.325,260,0,0,0,0,0,0,0,normal,0,93,108
2/15/2025 19:00,93,5,Saturday,2,1,0,random_or_none,2,cold,0.973,260,0,0,0,0,0,0,0,extreme_weather,2,90,102
2/15/2025 20:00,90,5,Saturday,2,1,0,random_or_none,1,rainy,0.306,260,0,0,0,0,0,0,0,normal,0,87,92
2/15/2025 21:00,87,5,Saturday,2,1,0,random_or_none,1,rainy,0.878,260,0,0,0,0,0,0,0,extreme_weather,2,81,84
2/15/2025 22:00,81,5,Saturday,2,1,0,random_or_none,2,cold,0.739,260,0,0,0,0,0,0,0,normal,0,73,76
2/15/2025 23:00,73,5,Saturday,2,1,0,random_or_none,0,sunny,0.258,260,0,0,0,0,0,0,0,normal,0,68,73
2/16/2025 0:00,68,6,Sunday,2,1,0,random_or_none,2,cold,0.795,260,0,0,0,0,0,0,0,extreme_weather,2,60,77
2/16/2025 1:00,60,6,Sunday,2,1,0,random_or_none,2,cold,0.34,260,0,0,0,0,0,0,0,normal,0,57,74
2/16/2025 2:00,57,6,Sunday,2,1,0,random_or_none,5,windy,0.276,260,0,0,0,0,0,0,0,normal,0,58,70
2/16/2025 3:00,58,6,Sunday,2,1,0,random_or_none,1,rainy,0.425,260,0,0,0,0,0,0,0,normal,0,64,76
2/16/2025 4:00,64,6,Sunday,2,1,0,random_or_none,2,cold,0.45,260,0,0,0,0,0,0,0,normal,0,62,80
2/16/2025 5:00,62,6,Sunday,2,1,0,random_or_none,5,windy,0.595,260,0,0,0,0,0,0,0,normal,0,64,80
2/16/2025 6:00,64,6,Sunday,2,1,0,random_or_none,5,windy,0.744,260,0,0,0,0,0,0,0,normal,0,68,87
2/16/2025 7:00,68,6,Sunday,2,1,0,random_or_none,2,cold,0.574,260,0,0,0,0,0,0,0,normal,0,70,91
2/16/2025 8:00,70,6,Sunday,2,1,0,random_or_none,5,windy,0.597,260,0,0,0,0,0,0,0,normal,0,70,97
2/16/2025 9:00,70,6,Sunday,2,1,0,random_or_none,0,sunny,0.105,260,0,0,0,0,0,0,0,normal,0,74,99
2/16/2025 10:00,74,6,Sunday,2,1,0,random_or_none,1,rainy,0.502,260,0,0,0,0,0,0,0,normal,0,78,103
2/16/2025 11:00,78,6,Sunday,2,1,0,random_or_none,3,hot,0.556,260,0,0,0,0,0,0,0,normal,0,89,101
2/16/2025 12:00,89,6,Sunday,2,1,0,random_or_none,1,rainy,0.374,260,0,0,0,0,0,0,0,normal,0,94,105
2/16/2025 13:00,94,6,Sunday,2,1,0,random_or_none,0,sunny,0.174,260,0,0,0,0,0,0,0,normal,0,93,110
2/16/2025 14:00,93,6,Sunday,2,1,0,random_or_none,0,sunny,0.019,260,0,0,0,0,0,0,0,normal,0,102,111
2/16/2025 15:00,102,6,Sunday,2,1,0,random_or_none,1,rainy,0.98,260,0,0,0,0,0,0,0,extreme_weather,2,142,166
2/16/2025 16:00,142,6,Sunday,2,1,0,random_or_none,2,cold,0.627,260,0,1,86.17,0,0,0,0,emergency_spike,5,125,143
2/16/2025 17:00,125,6,Sunday,2,1,0,random_or_none,1,rainy,0.727,260,0,0,0,0,0,0,0,normal,0,108,126
2/16/2025 18:00,108,6,Sunday,2,1,0,random_or_none,0,sunny,0.081,260,0,0,0,0,0,0,0,normal,0,102,128
2/16/2025 19:00,102,6,Sunday,2,1,0,random_or_none,2,cold,0.484,260,0,0,0,0,0,0,0,normal,0,92,117
2/16/2025 20:00,92,6,Sunday,2,1,0,random_or_none,1,rainy,0.309,260,0,0,0,0,0,0,0,normal,0,84,111
2/16/2025 21:00,84,6,Sunday,2,1,0,random_or_none,2,cold,0.572,260,0,0,0,0,0,0,0,normal,0,76,108
2/16/2025 22:00,76,6,Sunday,2,1,0,random_or_none,2,cold,0.457,260,0,0,0,0,0,0,0,normal,0,73,100
2/16/2025 23:00,73,6,Sunday,2,1,0,random_or_none,1,rainy,0.649,260,0,0,0,0,0,0,0,normal,0,77,96
2/17/2025 0:00,77,0,Monday,2,0,0,random_or_none,2,cold,0.437,260,0,0,0,0,0,0,0,normal,0,74,90
2/17/2025 1:00,74,0,Monday,2,0,0,random_or_none,1,rainy,0.446,260,0,0,0,0,0,0,0,normal,0,70,87
2/17/2025 2:00,70,0,Monday,2,0,0,random_or_none,0,sunny,0.076,260,0,0,0,0,0,0,0,normal,0,76,107
2/17/2025 3:00,76,0,Monday,2,0,0,random_or_none,1,rainy,0.935,260,0,0,0,0,0,0,0,extreme_weather,2,80,111
2/17/2025 4:00,80,0,Monday,2,0,0,random_or_none,2,cold,1,260,0,0,0,0,0,0,0,extreme_weather,2,80,93
2/17/2025 5:00,80,0,Monday,2,0,0,random_or_none,2,cold,1,260,0,0,0,0,0,0,0,extreme_weather,2,87,93
2/17/2025 6:00,87,0,Monday,2,0,0,random_or_none,1,rainy,0.637,260,0,0,0,0,0,0,0,normal,0,91,92
2/17/2025 7:00,91,0,Monday,2,0,0,random_or_none,2,cold,0.869,260,0,0,0,0,0,0,0,extreme_weather,2,97,86
2/17/2025 8:00,97,0,Monday,2,0,0,random_or_none,2,cold,0.505,260,0,0,0,0,0,0,0,normal,0,99,94
2/17/2025 9:00,99,0,Monday,2,0,0,random_or_none,2,cold,0.63,260,0,0,0,0,0,0,0,normal,0,103,95
2/17/2025 10:00,103,0,Monday,2,0,0,random_or_none,4,dusty,0.548,260,0,0,0,0,0,0,0,normal,0,101,100
2/17/2025 11:00,101,0,Monday,2,0,0,random_or_none,0,sunny,0.219,260,0,0,0,0,0,0,0,normal,0,105,105
2/17/2025 12:00,105,0,Monday,2,0,0,random_or_none,2,cold,0.728,260,0,0,0,0,0,0,0,normal,0,110,109
2/17/2025 13:00,110,0,Monday,2,0,0,random_or_none,5,windy,0.674,260,0,0,0,0,0,0,0,normal,0,111,115
2/17/2025 14:00,111,0,Monday,2,0,0,random_or_none,1,rainy,0.468,260,0,0,0,0,0,0,0,normal,0,166,119
2/17/2025 15:00,166,0,Monday,2,0,0,random_or_none,1,rainy,0.983,260,0,1,91.5,0,0,0,0,emergency_spike,5,143,118
2/17/2025 16:00,143,0,Monday,2,0,0,random_or_none,1,rainy,0.288,260,0,0,0,0,0,0,0,normal,0,126,119
2/17/2025 17:00,126,0,Monday,2,0,0,random_or_none,5,windy,0.254,260,0,0,0,0,0,0,0,normal,0,128,111
2/17/2025 18:00,128,0,Monday,2,0,0,random_or_none,1,rainy,0.83,260,0,0,0,0,0,0,0,extreme_weather,2,117,110
2/17/2025 19:00,117,0,Monday,2,0,0,random_or_none,5,windy,0.721,260,0,0,0,0,0,0,0,normal,0,111,108
2/17/2025 20:00,111,0,Monday,2,0,0,random_or_none,0,sunny,0.176,260,0,0,0,0,0,0,0,normal,0,108,106
2/17/2025 21:00,108,0,Monday,2,0,0,random_or_none,1,rainy,0.726,260,0,0,0,0,0,0,0,normal,0,100,94
2/17/2025 22:00,100,0,Monday,2,0,0,random_or_none,1,rainy,0.995,260,0,0,0,0,0,0,0,extreme_weather,2,96,83
2/17/2025 23:00,96,0,Monday,2,0,0,random_or_none,5,windy,0.884,260,0,0,0,0,0,0,0,extreme_weather,2,90,82
2/18/2025 0:00,90,1,Tuesday,2,0,0,random_or_none,2,cold,0.876,260,0,0,0,0,0,0,0,extreme_weather,2,87,80
2/18/2025 1:00,87,1,Tuesday,2,0,0,random_or_none,2,cold,0.34,260,0,0,0,0,0,0,0,normal,0,107,76
2/18/2025 2:00,107,1,Tuesday,2,0,0,random_or_none,2,cold,0.496,260,0,1,69.51,0,0,0,0,emergency_spike,5,111,68
2/18/2025 3:00,111,1,Tuesday,2,0,0,random_or_none,1,rainy,0.647,260,0,1,54.97,0,0,0,0,emergency_spike,5,93,70
2/18/2025 4:00,93,1,Tuesday,2,0,0,random_or_none,2,cold,0.927,260,0,0,0,0,0,0,0,extreme_weather,2,93,69
2/18/2025 5:00,93,1,Tuesday,2,0,0,random_or_none,1,rainy,0.902,260,0,0,0,0,0,0,0,extreme_weather,2,92,82
2/18/2025 6:00,92,1,Tuesday,2,0,0,random_or_none,1,rainy,0.707,260,0,0,0,0,0,0,0,normal,0,86,81
2/18/2025 7:00,86,1,Tuesday,2,0,0,random_or_none,5,windy,0.32,260,0,0,0,0,0,0,0,normal,0,94,90
2/18/2025 8:00,94,1,Tuesday,2,0,0,random_or_none,2,cold,0.856,260,0,0,0,0,0,0,0,extreme_weather,2,95,88
2/18/2025 9:00,95,1,Tuesday,2,0,0,random_or_none,2,cold,0.629,260,0,0,0,0,0,0,0,normal,0,100,89
2/18/2025 10:00,100,1,Tuesday,2,0,0,random_or_none,5,windy,0.829,260,0,0,0,0,0,0,0,extreme_weather,2,105,98
2/18/2025 11:00,105,1,Tuesday,2,0,0,random_or_none,3,hot,0.61,260,0,0,0,0,0,0,0,normal,0,109,105
2/18/2025 12:00,109,1,Tuesday,2,0,0,random_or_none,2,cold,0.46,260,0,0,0,0,0,0,0,normal,0,115,106
2/18/2025 13:00,115,1,Tuesday,2,0,0,random_or_none,1,rainy,1,260,0,0,0,0,0,0,0,extreme_weather,2,119,109
2/18/2025 14:00,119,1,Tuesday,2,0,0,random_or_none,2,cold,1,260,0,0,0,0,0,0,0,extreme_weather,2,118,114
2/18/2025 15:00,118,1,Tuesday,2,0,0,random_or_none,4,dusty,0.61,260,0,0,0,0,0,0,0,normal,0,119,114
2/18/2025 16:00,119,1,Tuesday,2,0,0,random_or_none,1,rainy,0.571,260,0,0,0,0,0,0,0,normal,0,111,111
2/18/2025 17:00,111,1,Tuesday,2,0,0,random_or_none,1,rainy,0.949,260,0,0,0,0,0,0,0,extreme_weather,2,110,112
2/18/2025 18:00,110,1,Tuesday,2,0,0,random_or_none,2,cold,0.356,260,0,0,0,0,0,0,0,normal,0,108,112
2/18/2025 19:00,108,1,Tuesday,2,0,0,random_or_none,2,cold,0.696,260,0,0,0,0,0,0,0,normal,0,106,105
2/18/2025 20:00,106,1,Tuesday,2,0,0,random_or_none,2,cold,0.685,260,0,0,0,0,0,0,0,normal,0,94,99
2/18/2025 21:00,94,1,Tuesday,2,0,0,random_or_none,2,cold,0.39,260,0,0,0,0,0,0,0,normal,0,83,98
2/18/2025 22:00,83,1,Tuesday,2,0,0,random_or_none,0,sunny,0.342,260,0,0,0,0,0,0,0,normal,0,82,92
2/18/2025 23:00,82,1,Tuesday,2,0,0,random_or_none,1,rainy,0.345,260,0,0,0,0,0,0,0,normal,0,80,92
2/19/2025 0:00,80,2,Wednesday,2,0,0,random_or_none,5,windy,0.471,260,0,0,0,0,0,0,0,normal,0,76,83
2/19/2025 1:00,76,2,Wednesday,2,0,0,random_or_none,2,cold,0.618,260,0,0,0,0,0,0,0,normal,0,68,69
2/19/2025 2:00,68,2,Wednesday,2,0,0,random_or_none,0,sunny,0.26,260,0,0,0,0,0,0,0,normal,0,70,67
2/19/2025 3:00,70,2,Wednesday,2,0,0,random_or_none,5,windy,0.823,260,0,0,0,0,0,0,0,extreme_weather,2,69,71
2/19/2025 4:00,69,2,Wednesday,2,0,0,random_or_none,2,cold,0.916,260,0,0,0,0,0,0,0,extreme_weather,2,82,75
2/19/2025 5:00,82,2,Wednesday,2,0,0,random_or_none,1,rainy,0.608,260,0,0,0,0,0,0,0,normal,0,81,78
2/19/2025 6:00,81,2,Wednesday,2,0,0,random_or_none,2,cold,0.301,260,0,0,0,0,0,0,0,normal,0,90,79
2/19/2025 7:00,90,2,Wednesday,2,0,0,random_or_none,1,rainy,0.962,260,0,0,0,0,0,0,0,extreme_weather,2,88,127
2/19/2025 8:00,88,2,Wednesday,2,0,0,random_or_none,2,cold,0.691,260,0,0,0,0,0,0,0,normal,0,89,146
2/19/2025 9:00,89,2,Wednesday,2,0,0,random_or_none,5,windy,0.318,260,0,0,0,0,0,0,0,normal,0,98,125
2/19/2025 10:00,98,2,Wednesday,2,0,0,random_or_none,2,cold,0.521,260,0,0,0,0,0,0,0,normal,0,105,113
2/19/2025 11:00,105,2,Wednesday,2,0,0,random_or_none,2,cold,0.471,260,0,0,0,0,0,0,0,normal,0,106,116
2/19/2025 12:00,106,2,Wednesday,2,0,0,random_or_none,2,cold,0.847,260,0,0,0,0,0,0,0,extreme_weather,2,109,109
2/19/2025 13:00,109,2,Wednesday,2,0,0,random_or_none,1,rainy,0.588,260,0,0,0,0,0,0,0,normal,0,114,110
2/19/2025 14:00,114,2,Wednesday,2,0,0,random_or_none,4,dusty,0.814,260,0,0,0,0,0,0,0,extreme_weather,2,114,115
2/19/2025 15:00,114,2,Wednesday,2,0,0,random_or_none,2,cold,0.658,260,0,0,0,0,0,0,0,normal,0,111,111
2/19/2025 16:00,111,2,Wednesday,2,0,0,random_or_none,5,windy,0.418,260,0,0,0,0,0,0,0,normal,0,112,111
2/19/2025 17:00,112,2,Wednesday,2,0,0,random_or_none,0,sunny,0.017,260,0,0,0,0,0,0,0,normal,0,112,111
2/19/2025 18:00,112,2,Wednesday,2,0,0,random_or_none,1,rainy,0.291,260,0,0,0,0,0,0,0,normal,0,105,113
2/19/2025 19:00,105,2,Wednesday,2,0,0,random_or_none,2,cold,0.489,260,0,0,0,0,0,0,0,normal,0,99,110
2/19/2025 20:00,99,2,Wednesday,2,0,0,random_or_none,5,windy,0.354,260,0,0,0,0,0,0,0,normal,0,98,98
2/19/2025 21:00,98,2,Wednesday,2,0,0,random_or_none,2,cold,0.328,260,0,0,0,0,0,0,0,normal,0,92,105
2/19/2025 22:00,92,2,Wednesday,2,0,0,random_or_none,5,windy,0.459,260,0,0,0,0,0,0,0,normal,0,92,121
2/19/2025 23:00,92,2,Wednesday,2,0,0,random_or_none,1,rainy,0.985,260,0,0,0,0,0,0,0,extreme_weather,2,83,102
2/20/2025 0:00,83,3,Thursday,2,0,0,random_or_none,5,windy,0.864,260,0,0,0,0,0,0,0,extreme_weather,2,69,92
2/20/2025 1:00,69,3,Thursday,2,0,0,random_or_none,0,sunny,0.146,260,0,0,0,0,0,0,0,normal,0,67,81
2/20/2025 2:00,67,3,Thursday,2,0,0,random_or_none,2,cold,0.301,260,0,0,0,0,0,0,0,normal,0,71,76
2/20/2025 3:00,71,3,Thursday,2,0,0,random_or_none,1,rainy,1,260,0,0,0,0,0,0,0,extreme_weather,2,75,72
2/20/2025 4:00,75,3,Thursday,2,0,0,random_or_none,2,cold,0.54,260,0,0,0,0,0,0,0,normal,0,78,72
2/20/2025 5:00,78,3,Thursday,2,0,0,random_or_none,5,windy,0.381,260,0,0,0,0,0,0,0,normal,0,79,74
2/20/2025 6:00,79,3,Thursday,2,0,0,random_or_none,3,hot,0.49,260,0,0,0,0,0,0,0,normal,0,127,76
2/20/2025 7:00,127,3,Thursday,2,0,0,random_or_none,1,rainy,0.574,260,0,1,96.71,0,0,0,0,emergency_spike,5,146,77
2/20/2025 8:00,146,3,Thursday,2,0,0,random_or_none,1,rainy,0.712,260,0,1,69.14,0,0,0,0,emergency_spike,5,125,81
2/20/2025 9:00,125,3,Thursday,2,0,0,random_or_none,2,cold,0.739,260,0,0,0,0,0,0,0,normal,0,113,90
2/20/2025 10:00,113,3,Thursday,2,0,0,random_or_none,1,rainy,0.245,260,0,0,0,0,0,0,0,normal,0,116,167
2/20/2025 11:00,116,3,Thursday,2,0,0,random_or_none,2,cold,0.958,260,0,0,0,0,0,0,0,extreme_weather,2,109,141
2/20/2025 12:00,109,3,Thursday,2,0,0,random_or_none,1,rainy,0.378,260,0,0,0,0,0,0,0,normal,0,110,129
2/20/2025 13:00,110,3,Thursday,2,0,0,random_or_none,4,dusty,0.329,260,0,0,0,0,0,0,0,normal,0,115,122
2/20/2025 14:00,115,3,Thursday,2,0,0,random_or_none,2,cold,0.883,260,0,0,0,0,0,0,0,extreme_weather,2,111,118
2/20/2025 15:00,111,3,Thursday,2,0,0,random_or_none,5,windy,0.289,260,0,0,0,0,0,0,0,normal,0,111,117
2/20/2025 16:00,111,3,Thursday,2,0,0,random_or_none,2,cold,0.973,260,0,0,0,0,0,0,0,extreme_weather,2,111,122
2/20/2025 17:00,111,3,Thursday,2,0,0,random_or_none,5,windy,0.386,260,0,0,0,0,0,0,0,normal,0,113,121
2/20/2025 18:00,113,3,Thursday,2,0,0,random_or_none,1,rainy,0.651,260,0,0,0,0,0,0,0,normal,0,110,109
2/20/2025 19:00,110,3,Thursday,2,0,0,random_or_none,1,rainy,0.576,260,0,0,0,0,0,0,0,normal,0,98,112
2/20/2025 20:00,98,3,Thursday,2,0,0,random_or_none,5,windy,0.781,260,0,0,0,0,0,0,0,extreme_weather,2,105,108
2/20/2025 21:00,105,3,Thursday,2,0,0,random_or_none,1,rainy,1,260,0,0,0,0,0,0,0,extreme_weather,2,121,103
2/20/2025 22:00,121,3,Thursday,2,0,0,random_or_none,0,sunny,0.129,260,0,1,66.25,0,0,0,0,emergency_spike,5,102,100
2/20/2025 23:00,102,3,Thursday,2,0,0,random_or_none,1,rainy,0.759,260,0,0,0,0,0,0,0,extreme_weather,2,92,92
2/21/2025 0:00,92,4,Friday,2,0,0,random_or_none,5,windy,0.883,260,0,0,0,0,0,0,0,extreme_weather,2,81,77
2/21/2025 1:00,81,4,Friday,2,0,0,random_or_none,2,cold,0.379,260,0,0,0,0,0,0,0,normal,0,76,63
2/21/2025 2:00,76,4,Friday,2,0,0,random_or_none,2,cold,0.438,260,0,0,0,0,0,0,0,normal,0,72,64
2/21/2025 3:00,72,4,Friday,2,0,0,random_or_none,1,rainy,0.925,260,0,0,0,0,0,0,0,extreme_weather,2,72,63
2/21/2025 4:00,72,4,Friday,2,0,0,random_or_none,2,cold,0.843,260,0,0,0,0,0,0,0,extreme_weather,2,74,55
2/21/2025 5:00,74,4,Friday,2,0,0,random_or_none,1,rainy,0.371,260,0,0,0,0,0,0,0,normal,0,76,59
2/21/2025 6:00,76,4,Friday,2,0,0,random_or_none,0,sunny,0.01,260,0,0,0,0,0,0,0,normal,0,77,62
2/21/2025 7:00,77,4,Friday,2,0,0,random_or_none,2,cold,0.425,260,0,0,0,0,0,0,0,normal,0,81,63
2/21/2025 8:00,81,4,Friday,2,0,0,random_or_none,2,cold,0.781,260,0,0,0,0,0,0,0,extreme_weather,2,90,75
2/21/2025 9:00,90,4,Friday,2,0,0,random_or_none,1,rainy,0.51,260,0,0,0,0,0,0,0,normal,0,167,86
2/21/2025 10:00,167,4,Friday,2,0,0,random_or_none,1,rainy,0.929,260,0,1,134.01,0,0,0,0,emergency_spike,5,141,96
2/21/2025 11:00,141,4,Friday,2,0,0,random_or_none,2,cold,0.666,260,0,0,0,0,0,0,0,normal,0,129,92
2/21/2025 12:00,129,4,Friday,2,0,0,random_or_none,2,cold,0.432,260,0,0,0,0,0,0,0,normal,0,122,89
2/21/2025 13:00,122,4,Friday,2,0,0,random_or_none,1,rainy,0.508,260,0,0,0,0,0,0,0,normal,0,118,93
2/21/2025 14:00,118,4,Friday,2,0,0,random_or_none,1,rainy,0.676,260,0,0,0,0,0,0,0,normal,0,117,96
2/21/2025 15:00,117,4,Friday,2,0,0,random_or_none,2,cold,0.281,260,0,0,0,0,0,0,0,normal,0,122,99
2/21/2025 16:00,122,4,Friday,2,0,0,random_or_none,2,cold,0.822,260,0,0,0,0,0,0,0,extreme_weather,2,121,105
2/21/2025 17:00,121,4,Friday,2,0,0,random_or_none,2,cold,0.596,260,0,0,0,0,0,0,0,normal,0,109,106
2/21/2025 18:00,109,4,Friday,2,0,0,random_or_none,5,windy,0.619,260,0,0,0,0,0,0,0,normal,0,112,108
2/21/2025 19:00,112,4,Friday,2,0,0,random_or_none,2,cold,0.279,260,0,0,0,0,0,0,0,normal,0,108,103
2/21/2025 20:00,108,4,Friday,2,0,0,random_or_none,2,cold,0.367,260,0,0,0,0,0,0,0,normal,0,103,87
2/21/2025 21:00,103,4,Friday,2,0,0,random_or_none,1,rainy,0.329,260,0,0,0,0,0,0,0,normal,0,100,83
2/21/2025 22:00,100,4,Friday,2,0,0,random_or_none,1,rainy,0.54,260,0,0,0,0,0,0,0,normal,0,92,78
2/21/2025 23:00,92,4,Friday,2,0,0,random_or_none,1,rainy,0.473,260,0,0,0,0,0,0,0,normal,0,77,68
2/22/2025 0:00,77,5,Saturday,2,1,0,random_or_none,5,windy,0.304,260,0,0,0,0,0,0,0,normal,0,63,64
2/22/2025 1:00,63,5,Saturday,2,1,0,random_or_none,2,cold,0.57,260,0,0,0,0,0,0,0,normal,0,64,51
2/22/2025 2:00,64,5,Saturday,2,1,0,random_or_none,1,rainy,0.991,260,0,0,0,0,0,0,0,extreme_weather,2,63,53
2/22/2025 3:00,63,5,Saturday,2,1,0,random_or_none,2,cold,0.751,260,0,0,0,0,0,0,0,extreme_weather,2,55,54
2/22/2025 4:00,55,5,Saturday,2,1,0,random_or_none,0,sunny,0.251,260,0,0,0,0,0,0,0,normal,0,59,51
2/22/2025 5:00,59,5,Saturday,2,1,0,random_or_none,1,rainy,0.689,260,0,0,0,0,0,0,0,normal,0,62,60
2/22/2025 6:00,62,5,Saturday,2,1,0,random_or_none,2,cold,0.894,260,0,0,0,0,0,0,0,extreme_weather,2,63,59
2/22/2025 7:00,63,5,Saturday,2,1,0,random_or_none,2,cold,0.466,260,0,0,0,0,0,0,0,normal,0,75,62
2/22/2025 8:00,75,5,Saturday,2,1,0,random_or_none,1,rainy,0.999,260,0,0,0,0,0,0,0,extreme_weather,2,86,67
2/22/2025 9:00,86,5,Saturday,2,1,0,random_or_none,1,rainy,1,260,0,0,0,0,0,0,0,extreme_weather,2,96,76
2/22/2025 10:00,96,5,Saturday,2,1,0,random_or_none,1,rainy,0.975,260,0,0,0,0,0,0,0,extreme_weather,2,92,84
2/22/2025 11:00,92,5,Saturday,2,1,0,random_or_none,2,cold,0.42,260,0,0,0,0,0,0,0,normal,0,89,87
2/22/2025 12:00,89,5,Saturday,2,1,0,random_or_none,5,windy,0.724,260,0,0,0,0,0,0,0,normal,0,93,90
2/22/2025 13:00,93,5,Saturday,2,1,0,random_or_none,0,sunny,0.222,260,0,0,0,0,0,0,0,normal,0,96,90
2/22/2025 14:00,96,5,Saturday,2,1,0,random_or_none,2,cold,0.439,260,0,0,0,0,0,0,0,normal,0,99,97
2/22/2025 15:00,99,5,Saturday,2,1,0,random_or_none,2,cold,0.34,260,0,0,0,0,0,0,0,normal,0,105,102
2/22/2025 16:00,105,5,Saturday,2,1,0,random_or_none,1,rainy,1,260,0,0,0,0,0,0,0,extreme_weather,2,106,102
2/22/2025 17:00,106,5,Saturday,2,1,0,random_or_none,2,cold,0.834,260,0,0,0,0,0,0,0,extreme_weather,2,108,103
2/22/2025 18:00,108,5,Saturday,2,1,0,random_or_none,1,rainy,0.342,260,0,0,0,0,0,0,0,normal,0,103,100
2/22/2025 19:00,103,5,Saturday,2,1,0,random_or_none,2,cold,0.433,260,0,0,0,0,0,0,0,normal,0,87,92
2/22/2025 20:00,87,5,Saturday,2,1,0,random_or_none,0,sunny,0.235,260,0,0,0,0,0,0,0,normal,0,83,90
2/22/2025 21:00,83,5,Saturday,2,1,0,random_or_none,0,sunny,0.083,260,0,0,0,0,0,0,0,normal,0,78,81
2/22/2025 22:00,78,5,Saturday,2,1,0,random_or_none,1,rainy,0.396,260,0,0,0,0,0,0,0,normal,0,68,93
2/22/2025 23:00,68,5,Saturday,2,1,0,random_or_none,1,rainy,0.362,260,0,0,0,0,0,0,0,normal,0,64,76
2/23/2025 0:00,64,6,Sunday,2,1,0,random_or_none,2,cold,0.935,260,0,0,0,0,0,0,0,extreme_weather,2,51,71
2/23/2025 1:00,51,6,Sunday,2,1,0,random_or_none,2,cold,0.312,260,0,0,0,0,0,0,0,normal,0,53,68
2/23/2025 2:00,53,6,Sunday,2,1,0,random_or_none,2,cold,0.856,260,0,0,0,0,0,0,0,extreme_weather,2,54,73
2/23/2025 3:00,54,6,Sunday,2,1,0,random_or_none,1,rainy,0.617,260,0,0,0,0,0,0,0,normal,0,51,70
2/23/2025 4:00,51,6,Sunday,2,1,0,random_or_none,5,windy,0.259,260,0,0,0,0,0,0,0,normal,0,60,74
2/23/2025 5:00,60,6,Sunday,2,1,0,random_or_none,1,rainy,0.929,260,0,0,0,0,0,0,0,extreme_weather,2,59,75
2/23/2025 6:00,59,6,Sunday,2,1,0,random_or_none,5,windy,0.191,260,0,0,0,0,0,0,0,normal,0,62,80
2/23/2025 7:00,62,6,Sunday,2,1,0,random_or_none,2,cold,0.784,260,0,0,0,0,0,0,0,extreme_weather,2,67,88
2/23/2025 8:00,67,6,Sunday,2,1,0,random_or_none,5,windy,0.551,260,0,0,0,0,0,0,0,normal,0,76,96
2/23/2025 9:00,76,6,Sunday,2,1,0,random_or_none,4,dusty,0.896,260,0,0,0,0,0,0,0,extreme_weather,2,84,103
2/23/2025 10:00,84,6,Sunday,2,1,0,random_or_none,2,cold,1,260,0,0,0,0,0,0,0,extreme_weather,2,87,102
2/23/2025 11:00,87,6,Sunday,2,1,0,random_or_none,1,rainy,0.576,260,0,0,0,0,0,0,0,normal,0,90,100
2/23/2025 12:00,90,6,Sunday,2,1,0,random_or_none,5,windy,0.356,260,0,0,0,0,0,0,0,normal,0,90,106
2/23/2025 13:00,90,6,Sunday,2,1,0,random_or_none,5,windy,0.845,260,0,0,0,0,0,0,0,extreme_weather,2,97,106
2/23/2025 14:00,97,6,Sunday,2,1,0,random_or_none,1,rainy,0.95,260,0,0,0,0,0,0,0,extreme_weather,2,102,116
2/23/2025 15:00,102,6,Sunday,2,1,0,random_or_none,1,rainy,0.866,260,0,0,0,0,0,0,0,extreme_weather,2,102,121
2/23/2025 16:00,102,6,Sunday,2,1,0,random_or_none,5,windy,0.721,260,0,0,0,0,0,0,0,normal,0,103,118
2/23/2025 17:00,103,6,Sunday,2,1,0,random_or_none,1,rainy,0.232,260,0,0,0,0,0,0,0,normal,0,100,122
2/23/2025 18:00,100,6,Sunday,2,1,0,random_or_none,1,rainy,0.326,260,0,0,0,0,0,0,0,normal,0,92,123
2/23/2025 19:00,92,6,Sunday,2,1,0,random_or_none,2,cold,0.707,260,0,0,0,0,0,0,0,normal,0,90,113
2/23/2025 20:00,90,6,Sunday,2,1,0,random_or_none,1,rainy,0.919,260,0,0,0,0,0,0,0,extreme_weather,2,81,109
2/23/2025 21:00,81,6,Sunday,2,1,0,random_or_none,2,cold,0.318,260,0,0,0,0,0,0,0,normal,0,93,108
2/23/2025 22:00,93,6,Sunday,2,1,0,random_or_none,2,cold,0.912,260,0,1,45.49,0,0,0,0,emergency_spike,5,76,104
2/23/2025 23:00,76,6,Sunday,2,1,0,random_or_none,2,cold,0.336,260,0,0,0,0,0,0,0,normal,0,71,97
2/24/2025 0:00,71,0,Monday,2,0,0,random_or_none,0,sunny,0.017,260,0,0,0,0,0,0,0,normal,0,68,78
2/24/2025 1:00,68,0,Monday,2,0,0,random_or_none,0,sunny,0.06,260,0,0,0,0,0,0,0,normal,0,73,75
2/24/2025 2:00,73,0,Monday,2,0,0,random_or_none,2,cold,0.71,260,0,0,0,0,0,0,0,normal,0,70,77
2/24/2025 3:00,70,0,Monday,2,0,0,random_or_none,2,cold,0.494,260,0,0,0,0,0,0,0,normal,0,74,77
2/24/2025 4:00,74,0,Monday,2,0,0,random_or_none,2,cold,0.817,260,0,0,0,0,0,0,0,extreme_weather,2,75,75
2/24/2025 5:00,75,0,Monday,2,0,0,random_or_none,0,sunny,0.254,260,0,0,0,0,0,0,0,normal,0,80,76
2/24/2025 6:00,80,0,Monday,2,0,0,random_or_none,2,cold,0.799,260,0,0,0,0,0,0,0,extreme_weather,2,88,119
2/24/2025 7:00,88,0,Monday,2,0,0,random_or_none,2,cold,0.734,260,0,0,0,0,0,0,0,normal,0,96,109
2/24/2025 8:00,96,0,Monday,2,0,0,random_or_none,1,rainy,1,260,0,0,0,0,0,0,0,extreme_weather,2,103,105
2/24/2025 9:00,103,0,Monday,2,0,0,random_or_none,1,rainy,0.689,260,0,0,0,0,0,0,0,normal,0,102,99
2/24/2025 10:00,102,0,Monday,2,0,0,random_or_none,2,cold,0.969,260,0,0,0,0,0,0,0,extreme_weather,2,100,128
2/24/2025 11:00,100,0,Monday,2,0,0,random_or_none,0,sunny,0.248,260,0,0,0,0,0,0,0,normal,0,106,125
2/24/2025 12:00,106,0,Monday,2,0,0,random_or_none,2,cold,0.636,260,0,0,0,0,0,0,0,normal,0,106,119
2/24/2025 13:00,106,0,Monday,2,0,0,random_or_none,0,sunny,0.014,260,0,0,0,0,0,0,0,normal,0,116,113
2/24/2025 14:00,116,0,Monday,2,0,0,random_or_none,2,cold,0.621,260,0,0,0,0,0,0,0,normal,0,121,118
2/24/2025 15:00,121,0,Monday,2,0,0,random_or_none,1,rainy,0.455,260,0,0,0,0,0,0,0,normal,0,118,118
2/24/2025 16:00,118,0,Monday,2,0,0,random_or_none,1,rainy,1,260,0,0,0,0,0,0,0,extreme_weather,2,122,120
2/24/2025 17:00,122,0,Monday,2,0,0,random_or_none,2,cold,0.961,260,0,0,0,0,0,0,0,extreme_weather,2,123,113
2/24/2025 18:00,123,0,Monday,2,0,0,random_or_none,1,rainy,0.443,260,0,0,0,0,0,0,0,normal,0,113,113
2/24/2025 19:00,113,0,Monday,2,0,0,random_or_none,0,sunny,0.223,260,0,0,0,0,0,0,0,normal,0,109,108
2/24/2025 20:00,109,0,Monday,2,0,0,random_or_none,2,cold,0.268,260,0,0,0,0,0,0,0,normal,0,108,98
2/24/2025 21:00,108,0,Monday,2,0,0,random_or_none,2,cold,0.946,260,0,0,0,0,0,0,0,extreme_weather,2,104,98
2/24/2025 22:00,104,0,Monday,2,0,0,random_or_none,3,hot,0.599,260,0,0,0,0,0,0,0,normal,0,97,90
2/24/2025 23:00,97,0,Monday,2,0,0,random_or_none,2,cold,0.493,260,0,0,0,0,0,0,0,normal,0,78,83
2/25/2025 0:00,78,1,Tuesday,2,0,0,random_or_none,0,sunny,0.262,260,0,0,0,0,0,0,0,normal,0,75,77
2/25/2025 1:00,75,1,Tuesday,2,0,0,random_or_none,2,cold,0.949,260,0,0,0,0,0,0,0,extreme_weather,2,77,67
2/25/2025 2:00,77,1,Tuesday,2,0,0,random_or_none,2,cold,0.927,260,0,0,0,0,0,0,0,extreme_weather,2,77,67
2/25/2025 3:00,77,1,Tuesday,2,0,0,random_or_none,2,cold,0.954,260,0,0,0,0,0,0,0,extreme_weather,2,75,69
2/25/2025 4:00,75,1,Tuesday,2,0,0,random_or_none,0,sunny,0.037,260,0,0,0,0,0,0,0,normal,0,76,68
2/25/2025 5:00,76,1,Tuesday,2,0,0,random_or_none,5,windy,0.51,260,0,0,0,0,0,0,0,normal,0,119,66
2/25/2025 6:00,119,1,Tuesday,2,0,0,random_or_none,2,cold,0.743,260,0,1,104.59,0,0,0,0,emergency_spike,5,109,76
2/25/2025 7:00,109,1,Tuesday,2,0,0,random_or_none,3,hot,0.876,260,0,0,0,0,0,0,0,extreme_weather,2,105,78
2/25/2025 8:00,105,1,Tuesday,2,0,0,random_or_none,2,cold,0.968,260,0,0,0,0,0,0,0,extreme_weather,2,99,83
2/25/2025 9:00,99,1,Tuesday,2,0,0,random_or_none,1,rainy,0.696,260,0,0,0,0,0,0,0,normal,0,128,92
2/25/2025 10:00,128,1,Tuesday,2,0,0,random_or_none,2,cold,0.838,260,0,1,64.4,0,0,0,0,emergency_spike,5,125,100
2/25/2025 11:00,125,1,Tuesday,2,0,0,random_or_none,1,rainy,0.987,260,0,0,0,0,0,0,0,extreme_weather,2,119,107
2/25/2025 12:00,119,1,Tuesday,2,0,0,random_or_none,0,sunny,0.258,260,0,0,0,0,0,0,0,normal,0,113,110
2/25/2025 13:00,113,1,Tuesday,2,0,0,random_or_none,2,cold,0.327,260,0,0,0,0,0,0,0,normal,0,118,108
2/25/2025 14:00,118,1,Tuesday,2,0,0,random_or_none,1,rainy,0.551,260,0,0,0,0,0,0,0,normal,0,118,112
2/25/2025 15:00,118,1,Tuesday,2,0,0,random_or_none,2,cold,0.434,260,0,0,0,0,0,0,0,normal,0,120,114
2/25/2025 16:00,120,1,Tuesday,2,0,0,random_or_none,1,rainy,1,260,0,0,0,0,0,0,0,extreme_weather,2,113,112
2/25/2025 17:00,113,1,Tuesday,2,0,0,random_or_none,1,rainy,0.73,260,0,0,0,0,0,0,0,normal,0,113,115
2/25/2025 18:00,113,1,Tuesday,2,0,0,random_or_none,2,cold,0.846,260,0,0,0,0,0,0,0,extreme_weather,2,108,108
2/25/2025 19:00,108,1,Tuesday,2,0,0,random_or_none,2,cold,0.606,260,0,0,0,0,0,0,0,normal,0,98,105
2/25/2025 20:00,98,1,Tuesday,2,0,0,random_or_none,0,sunny,0.18,260,0,0,0,0,0,0,0,normal,0,98,110
2/25/2025 21:00,98,1,Tuesday,2,0,0,random_or_none,5,windy,0.76,260,0,0,0,0,0,0,0,extreme_weather,2,90,99
2/25/2025 22:00,90,1,Tuesday,2,0,0,random_or_none,1,rainy,0.817,260,0,0,0,0,0,0,0,extreme_weather,2,83,96
2/25/2025 23:00,83,1,Tuesday,2,0,0,random_or_none,0,sunny,0.016,260,0,0,0,0,0,0,0,normal,0,77,87
2/26/2025 0:00,77,2,Wednesday,2,0,0,random_or_none,5,windy,0.385,260,0,0,0,0,0,0,0,normal,0,67,82
2/26/2025 1:00,67,2,Wednesday,2,0,0,random_or_none,0,sunny,0.119,260,0,0,0,0,0,0,0,normal,0,67,82
2/26/2025 2:00,67,2,Wednesday,2,0,0,random_or_none,0,sunny,0.074,260,0,0,0,0,0,0,0,normal,0,69,77
2/26/2025 3:00,69,2,Wednesday,2,0,0,random_or_none,1,rainy,0.55,260,0,0,0,0,0,0,0,normal,0,68,80
2/26/2025 4:00,68,2,Wednesday,2,0,0,random_or_none,2,cold,0.761,260,0,0,0,0,0,0,0,extreme_weather,2,66,65
2/26/2025 5:00,66,2,Wednesday,2,0,0,random_or_none,5,windy,0.377,260,0,0,0,0,0,0,0,normal,0,76,71
2/26/2025 6:00,76,2,Wednesday,2,0,0,random_or_none,1,rainy,0.897,260,0,0,0,0,0,0,0,extreme_weather,2,78,78
2/26/2025 7:00,78,2,Wednesday,2,0,0,random_or_none,2,cold,0.465,260,0,0,0,0,0,0,0,normal,0,83,82
2/26/2025 8:00,83,2,Wednesday,2,0,0,random_or_none,2,cold,0.292,260,0,0,0,0,0,0,0,normal,0,92,82
2/26/2025 9:00,92,2,Wednesday,2,0,0,random_or_none,0,sunny,0.189,260,0,0,0,0,0,0,0,normal,0,100,85
2/26/2025 10:00,100,2,Wednesday,2,0,0,random_or_none,5,windy,0.261,260,0,0,0,0,0,0,0,normal,0,107,90
2/26/2025 11:00,107,2,Wednesday,2,0,0,random_or_none,5,windy,0.484,260,0,0,0,0,0,0,0,normal,0,110,96
2/26/2025 12:00,110,2,Wednesday,2,0,0,random_or_none,2,cold,0.574,260,0,0,0,0,0,0,0,normal,0,108,104
2/26/2025 13:00,108,2,Wednesday,2,0,0,random_or_none,2,cold,0.404,260,0,0,0,0,0,0,0,normal,0,112,108
2/26/2025 14:00,112,2,Wednesday,2,0,0,random_or_none,2,cold,0.659,260,0,0,0,0,0,0,0,normal,0,114,109
2/26/2025 15:00,114,2,Wednesday,2,0,0,random_or_none,2,cold,0.694,260,0,0,0,0,0,0,0,normal,0,112,110
2/26/2025 16:00,112,2,Wednesday,2,0,0,random_or_none,0,sunny,0.304,260,0,0,0,0,0,0,0,normal,0,115,116
2/26/2025 17:00,115,2,Wednesday,2,0,0,random_or_none,1,rainy,0.683,260,0,0,0,0,0,0,0,normal,0,108,115
2/26/2025 18:00,108,2,Wednesday,2,0,0,random_or_none,0,sunny,0.041,260,0,0,0,0,0,0,0,normal,0,105,116
2/26/2025 19:00,105,2,Wednesday,2,0,0,random_or_none,1,rainy,0.438,260,0,0,0,0,0,0,0,normal,0,110,114
2/26/2025 20:00,110,2,Wednesday,2,0,0,random_or_none,1,rainy,0.694,260,0,0,0,0,0,0,0,normal,0,99,118
2/26/2025 21:00,99,2,Wednesday,2,0,0,random_or_none,5,windy,0.501,260,0,0,0,0,0,0,0,normal,0,96,106
2/26/2025 22:00,96,2,Wednesday,2,0,0,random_or_none,5,windy,0.443,260,0,0,0,0,0,0,0,normal,0,87,98
2/26/2025 23:00,87,2,Wednesday,2,0,0,random_or_none,2,cold,0.7,260,0,0,0,0,0,0,0,normal,0,82,88
2/27/2025 0:00,82,3,Thursday,2,0,0,random_or_none,2,cold,0.731,260,0,0,0,0,0,0,0,normal,0,82,79
2/27/2025 1:00,82,3,Thursday,2,0,0,random_or_none,1,rainy,0.976,260,0,0,0,0,0,0,0,extreme_weather,2,77,74
2/27/2025 2:00,77,3,Thursday,2,0,0,random_or_none,2,cold,0.768,260,0,0,0,0,0,0,0,extreme_weather,2,80,70
2/27/2025 3:00,80,3,Thursday,2,0,0,random_or_none,2,cold,0.92,260,0,0,0,0,0,0,0,extreme_weather,2,65,71
2/27/2025 4:00,65,3,Thursday,2,0,0,random_or_none,2,cold,0.319,260,0,0,0,0,0,0,0,normal,0,71,71
2/27/2025 5:00,71,3,Thursday,2,0,0,random_or_none,5,windy,0.727,260,0,0,0,0,0,0,0,normal,0,78,79
2/27/2025 6:00,78,3,Thursday,2,0,0,random_or_none,1,rainy,1,260,0,0,0,0,0,0,0,extreme_weather,2,82,72
2/27/2025 7:00,82,3,Thursday,2,0,0,random_or_none,2,cold,1,260,0,0,0,0,0,0,0,extreme_weather,2,82,75
2/27/2025 8:00,82,3,Thursday,2,0,0,random_or_none,5,windy,0.881,260,0,0,0,0,0,0,0,extreme_weather,2,85,84
2/27/2025 9:00,85,3,Thursday,2,0,0,random_or_none,2,cold,0.698,260,0,0,0,0,0,0,0,normal,0,90,90
2/27/2025 10:00,90,3,Thursday,2,0,0,random_or_none,2,cold,0.408,260,0,0,0,0,0,0,0,normal,0,96,98
2/27/2025 11:00,96,3,Thursday,2,0,0,random_or_none,1,rainy,0.92,260,0,0,0,0,0,0,0,extreme_weather,2,104,102
2/27/2025 12:00,104,3,Thursday,2,0,0,random_or_none,0,sunny,0.043,260,0,0,0,0,0,0,0,normal,0,108,105
2/27/2025 13:00,108,3,Thursday,2,0,0,random_or_none,2,cold,0.897,260,0,0,0,0,0,0,0,extreme_weather,2,109,109
2/27/2025 14:00,109,3,Thursday,2,0,0,random_or_none,2,cold,0.507,260,0,0,0,0,0,0,0,normal,0,110,115
2/27/2025 15:00,110,3,Thursday,2,0,0,random_or_none,5,windy,0.547,260,0,0,0,0,0,0,0,normal,0,116,118
2/27/2025 16:00,116,3,Thursday,2,0,0,random_or_none,2,cold,0.659,260,0,0,0,0,0,0,0,normal,0,115,111
2/27/2025 17:00,115,3,Thursday,2,0,0,random_or_none,5,windy,0.858,260,0,0,0,0,0,0,0,extreme_weather,2,116,106
2/27/2025 18:00,116,3,Thursday,2,0,0,random_or_none,5,windy,0.688,260,0,0,0,0,0,0,0,normal,0,114,100
2/27/2025 19:00,114,3,Thursday,2,0,0,random_or_none,2,cold,0.844,260,0,0,0,0,0,0,0,extreme_weather,2,118,108
2/27/2025 20:00,118,3,Thursday,2,0,0,random_or_none,2,cold,0.915,260,0,0,0,0,0,0,0,extreme_weather,2,106,109
2/27/2025 21:00,106,3,Thursday,2,0,0,random_or_none,5,windy,0.807,260,0,0,0,0,0,0,0,extreme_weather,2,98,106
2/27/2025 22:00,98,3,Thursday,2,0,0,random_or_none,2,cold,0.969,260,0,0,0,0,0,0,0,extreme_weather,2,88,99
2/27/2025 23:00,88,3,Thursday,2,0,0,random_or_none,2,cold,0.955,260,0,0,0,0,0,0,0,extreme_weather,2,79,90
2/28/2025 0:00,79,4,Friday,2,0,0,random_or_none,2,cold,0.6,260,0,0,0,0,0,0,0,normal,0,74,74
2/28/2025 1:00,74,4,Friday,2,0,0,random_or_none,1,rainy,0.598,260,0,0,0,0,0,0,0,normal,0,70,66
2/28/2025 2:00,70,4,Friday,2,0,0,random_or_none,5,windy,0.811,260,0,0,0,0,0,0,0,extreme_weather,2,71,61
2/28/2025 3:00,71,4,Friday,2,0,0,random_or_none,5,windy,0.81,260,0,0,0,0,0,0,0,extreme_weather,2,71,64
2/28/2025 4:00,71,4,Friday,2,0,0,random_or_none,1,rainy,0.448,260,0,0,0,0,0,0,0,normal,0,79,59
2/28/2025 5:00,79,4,Friday,2,0,0,random_or_none,2,cold,0.949,260,0,0,0,0,0,0,0,extreme_weather,2,72,59
2/28/2025 6:00,72,4,Friday,2,0,0,random_or_none,0,sunny,0.106,260,0,0,0,0,0,0,0,normal,0,75,72
2/28/2025 7:00,75,4,Friday,2,0,0,random_or_none,0,sunny,0.091,260,0,0,0,0,0,0,0,normal,0,84,75
2/28/2025 8:00,84,4,Friday,2,0,0,random_or_none,2,cold,0.909,260,0,0,0,0,0,0,0,extreme_weather,2,90,69
2/28/2025 9:00,90,4,Friday,2,0,0,random_or_none,2,cold,0.489,260,0,0,0,0,0,0,0,normal,0,98,68
2/28/2025 10:00,98,4,Friday,2,0,0,random_or_none,5,windy,0.853,260,0,0,0,0,0,0,0,extreme_weather,2,102,69
2/28/2025 11:00,102,4,Friday,2,0,0,random_or_none,2,cold,0.822,260,0,0,0,0,0,0,0,extreme_weather,2,105,73
2/28/2025 12:00,105,4,Friday,2,0,0,random_or_none,2,cold,0.594,260,0,0,0,0,0,0,0,normal,0,109,83
2/28/2025 13:00,109,4,Friday,2,0,0,random_or_none,5,windy,0.491,260,0,0,0,0,0,0,0,normal,0,115,90
2/28/2025 14:00,115,4,Friday,2,0,0,random_or_none,1,rainy,0.543,260,0,0,0,0,0,0,0,normal,0,118,82
2/28/2025 15:00,118,4,Friday,2,0,0,random_or_none,2,cold,0.768,260,0,0,0,0,0,0,0,extreme_weather,2,111,106
2/28/2025 16:00,111,4,Friday,2,0,0,random_or_none,5,windy,0.804,260,0,0,0,0,0,0,0,extreme_weather,2,106,95
2/28/2025 17:00,106,4,Friday,2,0,0,random_or_none,5,windy,0.861,260,0,0,0,0,0,0,0,extreme_weather,2,100,88
2/28/2025 18:00,100,4,Friday,2,0,0,random_or_none,2,cold,0.398,260,0,0,0,0,0,0,0,normal,0,108,90
2/28/2025 19:00,108,4,Friday,2,0,0,random_or_none,1,rainy,0.727,260,0,0,0,0,0,0,0,normal,0,109,85
2/28/2025 20:00,109,4,Friday,2,0,0,random_or_none,2,cold,0.401,260,0,0,0,0,0,0,0,normal,0,106,81
2/28/2025 21:00,106,4,Friday,2,0,0,random_or_none,2,cold,0.521,260,0,0,0,0,0,0,0,normal,0,99,72
2/28/2025 22:00,99,4,Friday,2,0,0,random_or_none,2,cold,0.485,260,0,0,0,0,0,0,0,normal,0,90,69
2/28/2025 23:00,90,4,Friday,2,0,0,random_or_none,5,windy,0.466,260,0,0,0,0,0,0,0,normal,0,74,97
3/1/2025 0:00,74,5,Saturday,3,1,0,random_or_none,0,sunny,0.099,260,0,0,0,0,0,0,0,normal,0,66,74
3/1/2025 1:00,66,5,Saturday,3,1,0,random_or_none,1,rainy,0.204,260,0,0,0,0,0,0,0,normal,0,61,62
3/1/2025 2:00,61,5,Saturday,3,1,0,random_or_none,1,rainy,0.398,260,0,0,0,0,0,0,0,normal,0,64,59
3/1/2025 3:00,64,5,Saturday,3,1,0,random_or_none,2,cold,0.725,260,0,0,0,0,0,0,0,normal,0,59,52
3/1/2025 4:00,59,5,Saturday,3,1,0,random_or_none,0,sunny,0.223,260,0,0,0,0,0,0,0,normal,0,59,60
3/1/2025 5:00,59,5,Saturday,3,1,0,random_or_none,5,windy,0.329,260,0,0,0,0,0,0,0,normal,0,72,59
3/1/2025 6:00,72,5,Saturday,3,1,0,random_or_none,1,rainy,0.87,260,0,0,0,0,0,0,0,extreme_weather,2,75,55
3/1/2025 7:00,75,5,Saturday,3,1,0,random_or_none,1,rainy,0.372,260,0,0,0,0,0,0,0,normal,0,69,62
3/1/2025 8:00,69,5,Saturday,3,1,0,random_or_none,0,sunny,0.009,260,0,0,0,0,0,1,0.156,staff_shortage,4,68,62
3/1/2025 9:00,68,5,Saturday,3,1,0,random_or_none,5,windy,0.691,260,0,0,0,0,0,1,0.156,staff_shortage,4,69,63
3/1/2025 10:00,69,5,Saturday,3,1,0,random_or_none,1,rainy,0.756,260,0,0,0,0,0,1,0.156,extreme_weather,2,73,64
3/1/2025 11:00,73,5,Saturday,3,1,0,random_or_none,1,rainy,0.165,260,0,0,0,0,0,1,0.156,staff_shortage,4,83,72
3/1/2025 12:00,83,5,Saturday,3,1,0,random_or_none,1,rainy,0.92,260,0,0,0,0,0,1,0.156,extreme_weather,2,90,76
3/1/2025 13:00,90,5,Saturday,3,1,0,random_or_none,2,cold,0.535,260,0,0,0,0,0,1,0.156,staff_shortage,4,82,75
3/1/2025 14:00,82,5,Saturday,3,1,0,random_or_none,1,rainy,0.406,260,0,0,0,0,0,1,0.156,staff_shortage,4,106,80
3/1/2025 15:00,106,5,Saturday,3,1,0,random_or_none,0,sunny,0.063,260,0,1,52.91,0,0,1,0.156,emergency_spike,5,95,80
3/1/2025 16:00,95,5,Saturday,3,1,0,random_or_none,1,rainy,0.223,260,0,0,0,0,0,1,0.156,staff_shortage,4,88,86
3/1/2025 17:00,88,5,Saturday,3,1,0,random_or_none,0,sunny,0.269,260,0,0,0,0,0,1,0.156,staff_shortage,4,90,85
3/1/2025 18:00,90,5,Saturday,3,1,0,random_or_none,4,dusty,0.709,260,0,0,0,0,0,1,0.156,staff_shortage,4,85,81
3/1/2025 19:00,85,5,Saturday,3,1,0,random_or_none,5,windy,0.433,260,0,0,0,0,0,1,0.156,staff_shortage,4,81,86
3/1/2025 20:00,81,5,Saturday,3,1,0,random_or_none,2,cold,0.293,260,0,0,0,0,0,1,0.156,staff_shortage,4,72,80
3/1/2025 21:00,72,5,Saturday,3,1,0,random_or_none,0,sunny,0.209,260,0,0,0,0,0,1,0.156,staff_shortage,4,69,76
3/1/2025 22:00,69,5,Saturday,3,1,0,random_or_none,1,rainy,0.554,260,0,0,0,0,0,1,0.156,staff_shortage,4,97,67
3/1/2025 23:00,97,5,Saturday,3,1,0,random_or_none,1,rainy,0.202,260,0,1,68.72,0,0,1,0.156,emergency_spike,5,74,108
3/2/2025 0:00,74,6,Sunday,3,1,0,random_or_none,4,dusty,0.214,260,0,0,0,0,0,1,0.156,staff_shortage,4,62,89
3/2/2025 1:00,62,6,Sunday,3,1,0,random_or_none,5,windy,0.701,260,0,0,0,0,0,1,0.156,staff_shortage,4,59,74
3/2/2025 2:00,59,6,Sunday,3,1,0,random_or_none,1,rainy,0.827,260,0,0,0,0,0,1,0.156,extreme_weather,2,52,65
3/2/2025 3:00,52,6,Sunday,3,1,0,random_or_none,1,rainy,0.285,260,0,0,0,0,0,1,0.156,staff_shortage,4,60,66
3/2/2025 4:00,60,6,Sunday,3,1,0,random_or_none,4,dusty,0.921,260,0,0,0,0,0,1,0.156,extreme_weather,2,59,69
3/2/2025 5:00,59,6,Sunday,3,1,0,random_or_none,3,hot,0.647,260,0,0,0,0,0,1,0.156,staff_shortage,4,55,65
3/2/2025 6:00,55,6,Sunday,3,1,0,random_or_none,0,sunny,0.021,260,0,0,0,0,0,1,0.156,staff_shortage,4,62,73
3/2/2025 7:00,62,6,Sunday,3,1,0,random_or_none,5,windy,1,260,0,0,0,0,0,1,0.156,extreme_weather,2,62,76
3/2/2025 8:00,62,6,Sunday,3,1,0,random_or_none,2,cold,0.311,260,0,0,0,0,0,1,0.156,staff_shortage,4,63,75
3/2/2025 9:00,63,6,Sunday,3,1,0,random_or_none,0,sunny,0.244,260,0,0,0,0,0,1,0.156,staff_shortage,4,64,80
3/2/2025 10:00,64,6,Sunday,3,1,0,random_or_none,5,windy,1,260,0,0,0,0,0,1,0.156,extreme_weather,2,72,82
3/2/2025 11:00,72,6,Sunday,3,1,0,random_or_none,2,cold,0.809,260,0,0,0,0,0,1,0.156,extreme_weather,2,76,89
3/2/2025 12:00,76,6,Sunday,3,1,0,random_or_none,3,hot,0.716,260,0,0,0,0,0,1,0.156,staff_shortage,4,75,100
3/2/2025 13:00,75,6,Sunday,3,1,0,random_or_none,0,sunny,0.336,260,0,0,0,0,0,1,0.156,staff_shortage,4,80,96
3/2/2025 14:00,80,6,Sunday,3,1,0,random_or_none,4,dusty,0.3,260,0,0,0,0,0,1,0.156,staff_shortage,4,80,142
3/2/2025 15:00,80,6,Sunday,3,1,0,random_or_none,0,sunny,0.061,260,0,0,0,0,0,1,0.156,staff_shortage,4,86,119
3/2/2025 16:00,86,6,Sunday,3,1,0,random_or_none,5,windy,0.606,260,0,0,0,0,0,1,0.156,staff_shortage,4,85,113
3/2/2025 17:00,85,6,Sunday,3,1,0,random_or_none,1,rainy,0.864,260,0,0,0,0,0,1,0.156,extreme_weather,2,81,110
3/2/2025 18:00,81,6,Sunday,3,1,0,random_or_none,1,rainy,0.249,260,0,0,0,0,0,1,0.156,staff_shortage,4,86,108
3/2/2025 19:00,86,6,Sunday,3,1,0,random_or_none,1,rainy,0.821,260,0,0,0,0,0,1,0.156,extreme_weather,2,80,101
3/2/2025 20:00,80,6,Sunday,3,1,0,random_or_none,3,hot,0.25,260,0,0,0,0,0,1,0.156,staff_shortage,4,76,91
3/2/2025 21:00,76,6,Sunday,3,1,0,random_or_none,5,windy,0.837,260,0,0,0,0,0,1,0.156,extreme_weather,2,67,83
3/2/2025 22:00,67,6,Sunday,3,1,0,random_or_none,0,sunny,0.286,260,0,0,0,0,0,1,0.156,staff_shortage,4,108,75
3/2/2025 23:00,108,6,Sunday,3,1,0,random_or_none,3,hot,0.924,260,0,1,101.5,0,0,1,0.156,emergency_spike,5,89,77
3/3/2025 0:00,89,0,Monday,3,0,0,random_or_none,5,windy,0.655,260,0,0,0,0,0,1,0.156,staff_shortage,4,74,70
3/3/2025 1:00,74,0,Monday,3,0,0,random_or_none,0,sunny,0.175,260,0,0,0,0,0,1,0.156,staff_shortage,4,65,60
3/3/2025 2:00,65,0,Monday,3,0,0,random_or_none,0,sunny,0.259,260,0,0,0,0,0,1,0.156,staff_shortage,4,66,53
3/3/2025 3:00,66,0,Monday,3,0,0,random_or_none,1,rainy,0.747,260,0,0,0,0,0,1,0.156,staff_shortage,4,69,54
3/3/2025 4:00,69,0,Monday,3,0,0,random_or_none,4,dusty,0.842,260,0,0,0,0,0,1,0.156,extreme_weather,2,65,57
3/3/2025 5:00,65,0,Monday,3,0,0,random_or_none,2,cold,0.117,260,0,0,0,0,0,1,0.156,staff_shortage,4,73,60
3/3/2025 6:00,73,0,Monday,3,0,0,random_or_none,5,windy,0.729,260,0,0,0,0,0,1,0.156,staff_shortage,4,76,64
3/3/2025 7:00,76,0,Monday,3,0,0,random_or_none,5,windy,0.773,260,0,0,0,0,0,1,0.156,extreme_weather,2,75,65
3/3/2025 8:00,75,0,Monday,3,0,0,random_or_none,2,cold,0.405,260,0,0,0,0,0,1,0.156,staff_shortage,4,80,68
3/3/2025 9:00,80,0,Monday,3,0,0,random_or_none,1,rainy,0.185,260,0,0,0,0,0,1,0.156,staff_shortage,4,82,72
3/3/2025 10:00,82,0,Monday,3,0,0,random_or_none,0,sunny,0.321,260,0,0,0,0,0,1,0.156,staff_shortage,4,89,76
3/3/2025 11:00,89,0,Monday,3,0,0,random_or_none,0,sunny,0.308,260,0,0,0,0,0,1,0.156,staff_shortage,4,100,80
3/3/2025 12:00,100,0,Monday,3,0,0,random_or_none,3,hot,0.331,260,0,0,0,0,0,1,0.156,staff_shortage,4,96,85
3/3/2025 13:00,96,0,Monday,3,0,0,random_or_none,0,sunny,0.115,260,0,0,0,0,0,1,0.156,staff_shortage,4,142,87
3/3/2025 14:00,142,0,Monday,3,0,0,random_or_none,5,windy,0.264,260,0,1,84.92,0,0,1,0.156,emergency_spike,5,119,98
3/3/2025 15:00,119,0,Monday,3,0,0,random_or_none,0,sunny,0.166,260,0,0,0,0,0,1,0.156,staff_shortage,4,113,97
3/3/2025 16:00,113,0,Monday,3,0,0,random_or_none,2,cold,0.716,260,0,0,0,0,0,1,0.156,staff_shortage,4,110,95
3/3/2025 17:00,110,0,Monday,3,0,0,random_or_none,1,rainy,0.501,260,0,0,0,0,0,1,0.156,staff_shortage,4,108,98
3/3/2025 18:00,108,0,Monday,3,0,0,random_or_none,1,rainy,0.25,260,0,0,0,0,0,1,0.156,staff_shortage,4,101,93
3/3/2025 19:00,101,0,Monday,3,0,0,random_or_none,2,cold,0.62,260,0,0,0,0,0,1,0.156,staff_shortage,4,91,86
3/3/2025 20:00,91,0,Monday,3,0,0,random_or_none,0,sunny,0.281,260,0,0,0,0,0,1,0.156,staff_shortage,4,83,87
3/3/2025 21:00,83,0,Monday,3,0,0,random_or_none,0,sunny,0.02,260,0,0,0,0,0,1,0.156,staff_shortage,4,75,87
3/3/2025 22:00,75,0,Monday,3,0,0,random_or_none,2,cold,0.401,260,0,0,0,0,0,1,0.156,staff_shortage,4,77,82
3/3/2025 23:00,77,0,Monday,3,0,0,random_or_none,5,windy,0.713,260,0,0,0,0,0,1,0.156,staff_shortage,4,70,79
3/4/2025 0:00,70,1,Tuesday,3,0,0,random_or_none,1,rainy,0.646,260,0,0,0,0,0,1,0.156,staff_shortage,4,60,75
3/4/2025 1:00,60,1,Tuesday,3,0,0,random_or_none,0,sunny,0.181,260,0,0,0,0,0,1,0.156,staff_shortage,4,53,73
3/4/2025 2:00,53,1,Tuesday,3,0,0,random_or_none,0,sunny,0.004,260,0,0,0,0,0,1,0.156,staff_shortage,4,54,66
3/4/2025 3:00,54,1,Tuesday,3,0,0,random_or_none,4,dusty,0.294,260,0,0,0,0,0,1,0.156,staff_shortage,4,57,67
3/4/2025 4:00,57,1,Tuesday,3,0,0,random_or_none,0,sunny,0.168,260,0,0,0,0,0,1,0.156,staff_shortage,4,60,69
3/4/2025 5:00,60,1,Tuesday,3,0,0,random_or_none,0,sunny,0.045,260,0,0,0,0,0,1,0.156,staff_shortage,4,64,63
3/4/2025 6:00,64,1,Tuesday,3,0,0,random_or_none,1,rainy,0.671,260,0,0,0,0,0,1,0.156,staff_shortage,4,65,60
3/4/2025 7:00,65,1,Tuesday,3,0,0,random_or_none,0,sunny,0.164,260,0,0,0,0,0,1,0.156,staff_shortage,4,68,66
3/4/2025 8:00,68,1,Tuesday,3,0,0,random_or_none,0,sunny,0.34,260,0,0,0,0,0,1,0.156,staff_shortage,4,72,69
3/4/2025 9:00,72,1,Tuesday,3,0,0,random_or_none,0,sunny,0.287,260,0,0,0,0,0,1,0.156,staff_shortage,4,76,73
3/4/2025 10:00,76,1,Tuesday,3,0,0,random_or_none,0,sunny,0.12,260,0,0,0,0,0,1,0.156,staff_shortage,4,80,77
3/4/2025 11:00,80,1,Tuesday,3,0,0,random_or_none,0,sunny,0.066,260,0,0,0,0,0,1,0.156,staff_shortage,4,85,86
3/4/2025 12:00,85,1,Tuesday,3,0,0,random_or_none,5,windy,0.62,260,0,0,0,0,0,1,0.156,staff_shortage,4,87,91
3/4/2025 13:00,87,1,Tuesday,3,0,0,random_or_none,0,sunny,0.115,260,0,0,0,0,0,1,0.156,staff_shortage,4,98,95
3/4/2025 14:00,98,1,Tuesday,3,0,0,random_or_none,2,cold,0.783,260,0,0,0,0,0,1,0.156,extreme_weather,2,97,93
3/4/2025 15:00,97,1,Tuesday,3,0,0,random_or_none,5,windy,0.571,260,0,0,0,0,0,1,0.156,staff_shortage,4,95,97
3/4/2025 16:00,95,1,Tuesday,3,0,0,random_or_none,5,windy,0.892,260,0,0,0,0,0,1,0.156,extreme_weather,2,98,93
3/4/2025 17:00,98,1,Tuesday,3,0,0,random_or_none,0,sunny,0.003,260,0,0,0,0,0,1,0.156,staff_shortage,4,93,96
3/4/2025 18:00,93,1,Tuesday,3,0,0,random_or_none,1,rainy,0.264,260,0,0,0,0,0,1,0.156,staff_shortage,4,86,92
3/4/2025 19:00,86,1,Tuesday,3,0,0,random_or_none,0,sunny,0.341,260,0,0,0,0,0,1,0.156,staff_shortage,4,87,95
3/4/2025 20:00,87,1,Tuesday,3,0,0,random_or_none,0,sunny,0.077,260,0,0,0,0,0,1,0.156,staff_shortage,4,87,86
3/4/2025 21:00,87,1,Tuesday,3,0,0,random_or_none,0,sunny,0.069,260,0,0,0,0,0,1,0.156,staff_shortage,4,82,82
3/4/2025 22:00,82,1,Tuesday,3,0,0,random_or_none,0,sunny,0.035,260,0,0,0,0,0,1,0.156,staff_shortage,4,79,81
3/4/2025 23:00,79,1,Tuesday,3,0,0,random_or_none,2,cold,0.354,260,0,0,0,0,0,1,0.156,staff_shortage,4,75,80
3/5/2025 0:00,75,2,Wednesday,3,0,0,random_or_none,1,rainy,0.446,260,0,0,0,0,0,1,0.156,staff_shortage,4,73,75
3/5/2025 1:00,73,2,Wednesday,3,0,0,random_or_none,5,windy,0.711,260,0,0,0,0,0,1,0.156,staff_shortage,4,66,66
3/5/2025 2:00,66,2,Wednesday,3,0,0,random_or_none,0,sunny,0.309,260,0,0,0,0,0,1,0.156,staff_shortage,4,67,66
3/5/2025 3:00,67,2,Wednesday,3,0,0,random_or_none,5,windy,0.481,260,0,0,0,0,0,1,0.156,staff_shortage,4,69,59
3/5/2025 4:00,69,2,Wednesday,3,0,0,random_or_none,4,dusty,0.772,260,0,0,0,0,0,1,0.156,extreme_weather,2,63,69
3/5/2025 5:00,63,2,Wednesday,3,0,0,random_or_none,0,sunny,0.087,260,0,0,0,0,0,1,0.156,staff_shortage,4,60,74
3/5/2025 6:00,60,2,Wednesday,3,0,0,random_or_none,0,sunny,0.044,260,0,0,0,0,0,1,0.156,staff_shortage,4,66,102
3/5/2025 7:00,66,2,Wednesday,3,0,0,random_or_none,5,windy,0.868,260,0,0,0,0,0,1,0.156,extreme_weather,2,69,88
3/5/2025 8:00,69,2,Wednesday,3,0,0,random_or_none,0,sunny,0.136,260,0,0,0,0,0,1,0.156,staff_shortage,4,73,82
3/5/2025 9:00,73,2,Wednesday,3,0,0,random_or_none,1,rainy,0.293,260,0,0,0,0,0,1,0.156,staff_shortage,4,77,76
3/5/2025 10:00,77,2,Wednesday,3,0,0,random_or_none,1,rainy,0.537,260,0,0,0,0,0,1,0.156,staff_shortage,4,86,83
3/5/2025 11:00,86,2,Wednesday,3,0,0,random_or_none,5,windy,0.858,260,0,0,0,0,0,1,0.156,extreme_weather,2,91,88
3/5/2025 12:00,91,2,Wednesday,3,0,0,random_or_none,2,cold,0.439,260,0,0,0,0,0,1,0.156,staff_shortage,4,95,92
3/5/2025 13:00,95,2,Wednesday,3,0,0,random_or_none,0,sunny,0.055,260,0,0,0,0,0,1,0.156,staff_shortage,4,93,94
3/5/2025 14:00,93,2,Wednesday,3,0,0,random_or_none,0,sunny,0.03,260,0,0,0,0,0,1,0.156,staff_shortage,4,97,96
3/5/2025 15:00,97,2,Wednesday,3,0,0,random_or_none,0,sunny,0.014,260,0,0,0,0,0,1,0.156,staff_shortage,4,93,102
3/5/2025 16:00,93,2,Wednesday,3,0,0,random_or_none,0,sunny,0.158,260,0,0,0,0,0,1,0.156,staff_shortage,4,96,98
3/5/2025 17:00,96,2,Wednesday,3,0,0,random_or_none,0,sunny,0.009,260,0,0,0,0,0,1,0.156,staff_shortage,4,92,95
3/5/2025 18:00,92,2,Wednesday,3,0,0,random_or_none,0,sunny,0.027,260,0,0,0,0,0,1,0.156,staff_shortage,4,95,99
3/5/2025 19:00,95,2,Wednesday,3,0,0,random_or_none,1,rainy,0.213,260,0,0,0,0,0,1,0.156,staff_shortage,4,86,99
3/5/2025 20:00,86,2,Wednesday,3,0,0,random_or_none,0,sunny,0.042,260,0,0,0,0,0,1,0.156,staff_shortage,4,82,92
3/5/2025 21:00,82,2,Wednesday,3,0,0,random_or_none,5,windy,0.462,260,0,0,0,0,0,1,0.156,staff_shortage,4,81,86
3/5/2025 22:00,81,2,Wednesday,3,0,0,random_or_none,2,cold,0.243,260,0,0,0,0,0,1,0.156,staff_shortage,4,80,81
3/5/2025 23:00,80,2,Wednesday,3,0,0,random_or_none,5,windy,0.633,260,0,0,0,0,0,1,0.156,staff_shortage,4,75,82
3/6/2025 0:00,75,3,Thursday,3,0,0,random_or_none,0,sunny,0.121,260,0,0,0,0,0,1,0.156,staff_shortage,4,66,95
3/6/2025 1:00,66,3,Thursday,3,0,0,random_or_none,5,windy,0.274,260,0,0,0,0,0,1,0.156,staff_shortage,4,66,77
3/6/2025 2:00,66,3,Thursday,3,0,0,random_or_none,4,dusty,0.849,260,0,0,0,0,0,1,0.156,extreme_weather,2,59,77
3/6/2025 3:00,59,3,Thursday,3,0,0,random_or_none,0,sunny,0.205,260,0,0,0,0,0,1,0.156,staff_shortage,4,69,77
3/6/2025 4:00,69,3,Thursday,3,0,0,random_or_none,1,rainy,0.802,260,0,0,0,0,0,1,0.156,extreme_weather,2,74,77
3/6/2025 5:00,74,3,Thursday,3,0,0,random_or_none,1,rainy,0.904,260,0,0,0,0,0,1,0.156,extreme_weather,2,102,77
3/6/2025 6:00,102,3,Thursday,3,0,0,random_or_none,1,rainy,0.832,260,0,1,56.4,0,0,1,0.156,emergency_spike,5,88,80
3/6/2025 7:00,88,3,Thursday,3,0,0,random_or_none,5,windy,0.641,260,0,0,0,0,0,1,0.156,staff_shortage,4,82,82
3/6/2025 8:00,82,3,Thursday,3,0,0,random_or_none,0,sunny,0.149,260,0,0,0,0,0,1,0.156,staff_shortage,4,76,92
3/6/2025 9:00,76,3,Thursday,3,0,0,random_or_none,0,sunny,0.205,260,0,0,0,0,0,1,0.156,staff_shortage,4,83,95
3/6/2025 10:00,83,3,Thursday,3,0,0,random_or_none,0,sunny,0.049,260,0,0,0,0,0,1,0.156,staff_shortage,4,88,101
3/6/2025 11:00,88,3,Thursday,3,0,0,random_or_none,5,windy,0.943,260,0,0,0,0,0,1,0.156,extreme_weather,2,92,103
3/6/2025 12:00,92,3,Thursday,3,0,0,random_or_none,1,rainy,0.909,260,0,0,0,0,0,1,0.156,extreme_weather,2,94,106
3/6/2025 13:00,94,3,Thursday,3,0,0,random_or_none,0,sunny,0.337,260,0,0,0,0,0,1,0.156,staff_shortage,4,96,109
3/6/2025 14:00,96,3,Thursday,3,0,0,random_or_none,0,sunny,0.06,260,0,0,0,0,0,1,0.156,staff_shortage,4,102,111
3/6/2025 15:00,102,3,Thursday,3,0,0,random_or_none,5,windy,0.24,260,0,0,0,0,0,1,0.156,staff_shortage,4,98,139
3/6/2025 16:00,98,3,Thursday,3,0,0,random_or_none,1,rainy,0.315,260,0,0,0,0,0,1,0.156,staff_shortage,4,95,133
3/6/2025 17:00,95,3,Thursday,3,0,0,random_or_none,0,sunny,0.004,260,0,0,0,0,0,1,0.156,staff_shortage,4,99,123
3/6/2025 18:00,99,3,Thursday,3,0,0,random_or_none,4,dusty,0.493,260,0,0,0,0,0,1,0.156,staff_shortage,4,99,126
3/6/2025 19:00,99,3,Thursday,3,0,0,random_or_none,5,windy,0.582,260,0,0,0,0,0,1,0.156,staff_shortage,4,92,125
3/6/2025 20:00,92,3,Thursday,3,0,0,random_or_none,2,cold,0.332,260,0,0,0,0,0,1,0.156,staff_shortage,4,86,115
3/6/2025 21:00,86,3,Thursday,3,0,0,random_or_none,1,rainy,0.398,260,0,0,0,0,0,1,0.156,staff_shortage,4,81,132
3/6/2025 22:00,81,3,Thursday,3,0,0,random_or_none,5,windy,0.564,260,0,0,0,0,0,0,0,normal,0,82,114
3/6/2025 23:00,82,3,Thursday,3,0,0,random_or_none,5,windy,0.418,260,0,0,0,0,0,0,0,normal,0,95,95
3/7/2025 0:00,95,4,Friday,3,0,0,random_or_none,1,rainy,0.52,260,0,1,41.27,0,0,0,0,emergency_spike,5,77,79
3/7/2025 1:00,77,4,Friday,3,0,0,random_or_none,0,sunny,0.295,260,0,0,0,0,0,0,0,normal,0,77,69
3/7/2025 2:00,77,4,Friday,3,0,0,random_or_none,1,rainy,0.809,260,0,0,0,0,0,0,0,extreme_weather,2,77,63
3/7/2025 3:00,77,4,Friday,3,0,0,random_or_none,5,windy,0.563,260,0,0,0,0,0,0,0,normal,0,77,58
3/7/2025 4:00,77,4,Friday,3,0,0,random_or_none,5,windy,0.342,260,0,0,0,0,0,0,0,normal,0,77,59
3/7/2025 5:00,77,4,Friday,3,0,0,random_or_none,2,cold,0.503,260,0,0,0,0,0,0,0,normal,0,80,59
3/7/2025 6:00,80,4,Friday,3,0,0,random_or_none,0,sunny,0.254,260,0,0,0,0,0,0,0,normal,0,82,68
3/7/2025 7:00,82,4,Friday,3,0,0,random_or_none,5,windy,0.328,260,0,0,0,0,0,0,0,normal,0,92,72
3/7/2025 8:00,92,4,Friday,3,0,0,random_or_none,1,rainy,0.774,260,0,0,0,0,0,0,0,extreme_weather,2,95,69
3/7/2025 9:00,95,4,Friday,3,0,0,random_or_none,0,sunny,0.009,260,0,0,0,0,0,0,0,normal,0,101,67
3/7/2025 10:00,101,4,Friday,3,0,0,random_or_none,5,windy,0.581,260,0,0,0,0,0,0,0,normal,0,103,75
3/7/2025 11:00,103,4,Friday,3,0,0,random_or_none,0,sunny,0.248,260,0,0,0,0,0,0,0,normal,0,106,81
3/7/2025 12:00,106,4,Friday,3,0,0,random_or_none,5,windy,0.594,260,0,0,0,0,0,0,0,normal,0,109,86
3/7/2025 13:00,109,4,Friday,3,0,0,random_or_none,1,rainy,0.527,260,0,0,0,0,0,0,0,normal,0,111,91
3/7/2025 14:00,111,4,Friday,3,0,0,random_or_none,0,sunny,0.293,260,0,0,0,0,0,0,0,normal,0,139,92
3/7/2025 15:00,139,4,Friday,3,0,0,random_or_none,5,windy,0.393,260,0,1,52.26,0,0,0,0,emergency_spike,5,133,92
3/7/2025 16:00,133,4,Friday,3,0,0,random_or_none,1,rainy,0.292,260,0,0,0,0,0,0,0,normal,0,123,95
3/7/2025 17:00,123,4,Friday,3,0,0,random_or_none,1,rainy,0.188,260,0,0,0,0,0,0,0,normal,0,126,96
3/7/2025 18:00,126,4,Friday,3,0,0,random_or_none,1,rainy,0.68,260,0,0,0,0,0,0,0,normal,0,125,106
3/7/2025 19:00,125,4,Friday,3,0,0,random_or_none,1,rainy,0.629,260,0,0,0,0,0,0,0,normal,0,115,97
3/7/2025 20:00,115,4,Friday,3,0,0,random_or_none,0,sunny,0.071,260,0,0,0,0,0,0,0,normal,0,132,93
3/7/2025 21:00,132,4,Friday,3,0,0,random_or_none,0,sunny,0.01,260,0,1,65.93,0,0,0,0,emergency_spike,5,114,163
3/7/2025 22:00,114,4,Friday,3,0,0,random_or_none,5,windy,0.343,260,0,0,0,0,0,0,0,normal,0,95,118
3/7/2025 23:00,95,4,Friday,3,0,0,random_or_none,5,windy,0.284,260,0,0,0,0,0,0,0,normal,0,79,90
3/8/2025 0:00,79,5,Saturday,3,1,0,random_or_none,0,sunny,0.219,260,0,0,0,0,0,0,0,normal,0,69,72
3/8/2025 1:00,69,5,Saturday,3,1,0,random_or_none,1,rainy,0.336,260,0,0,0,0,0,0,0,normal,0,63,64
3/8/2025 2:00,63,5,Saturday,3,1,0,random_or_none,0,sunny,0.005,260,0,0,0,0,0,0,0,normal,0,58,60
3/8/2025 3:00,58,5,Saturday,3,1,0,random_or_none,0,sunny,0.23,260,0,0,0,0,0,0,0,normal,0,59,54
3/8/2025 4:00,59,5,Saturday,3,1,0,random_or_none,5,windy,0.322,260,0,0,0,0,0,0,0,normal,0,59,51
3/8/2025 5:00,59,5,Saturday,3,1,0,random_or_none,3,hot,0.72,260,0,0,0,0,0,0,0,normal,0,68,56
3/8/2025 6:00,68,5,Saturday,3,1,0,random_or_none,4,dusty,0.627,260,0,0,0,0,0,0,0,normal,0,72,59
3/8/2025 7:00,72,5,Saturday,3,1,0,random_or_none,5,windy,0.584,260,0,0,0,0,0,0,0,normal,0,69,65
3/8/2025 8:00,69,5,Saturday,3,1,0,random_or_none,0,sunny,0.061,260,0,0,0,0,0,0,0,normal,0,67,74
3/8/2025 9:00,67,5,Saturday,3,1,0,random_or_none,5,windy,0.252,260,0,0,0,0,0,0,0,normal,0,75,82
3/8/2025 10:00,75,5,Saturday,3,1,0,random_or_none,1,rainy,0.559,260,0,0,0,0,0,0,0,normal,0,81,78
3/8/2025 11:00,81,5,Saturday,3,1,0,random_or_none,0,sunny,0.007,260,0,0,0,0,0,0,0,normal,0,86,89
3/8/2025 12:00,86,5,Saturday,3,1,0,random_or_none,0,sunny,0.083,260,0,0,0,0,0,0,0,normal,0,91,95
3/8/2025 13:00,91,5,Saturday,3,1,0,random_or_none,0,sunny,0.175,260,0,0,0,0,0,0,0,normal,0,92,99
3/8/2025 14:00,92,5,Saturday,3,1,0,random_or_none,0,sunny,0.225,260,0,0,0,0,0,0,0,normal,0,92,99
3/8/2025 15:00,92,5,Saturday,3,1,0,random_or_none,1,rainy,0.852,260,0,0,0,0,0,0,0,extreme_weather,2,95,95
3/8/2025 16:00,95,5,Saturday,3,1,0,random_or_none,0,sunny,0.275,260,0,0,0,0,0,0,0,normal,0,96,92
3/8/2025 17:00,96,5,Saturday,3,1,0,random_or_none,2,cold,0.663,260,0,0,0,0,0,0,0,normal,0,106,97
3/8/2025 18:00,106,5,Saturday,3,1,0,random_or_none,5,windy,0.478,260,0,0,0,0,0,0,0,normal,0,97,95
3/8/2025 19:00,97,5,Saturday,3,1,0,random_or_none,2,cold,0.622,260,0,0,0,0,0,0,0,normal,0,93,89
3/8/2025 20:00,93,5,Saturday,3,1,0,random_or_none,2,cold,0.491,260,0,0,0,0,0,0,0,normal,0,163,94
3/8/2025 21:00,163,5,Saturday,3,1,0,random_or_none,1,rainy,0.913,260,0,1,159.65,0,0,0,0,emergency_spike,5,118,90
3/8/2025 22:00,118,5,Saturday,3,1,0,random_or_none,4,dusty,0.294,260,0,0,0,0,0,0,0,normal,0,90,78
3/8/2025 23:00,90,5,Saturday,3,1,0,random_or_none,0,sunny,0.178,260,0,0,0,0,0,0,0,normal,0,72,71
3/9/2025 0:00,72,6,Sunday,3,1,0,random_or_none,1,rainy,0.281,260,0,0,0,0,0,0,0,normal,0,64,77
3/9/2025 1:00,64,6,Sunday,3,1,0,random_or_none,0,sunny,0.202,260,0,0,0,0,0,0,0,normal,0,60,80
3/9/2025 2:00,60,6,Sunday,3,1,0,random_or_none,0,sunny,0.302,260,0,0,0,0,0,0,0,normal,0,54,75
3/9/2025 3:00,54,6,Sunday,3,1,0,random_or_none,0,sunny,0.165,260,0,0,0,0,0,0,0,normal,0,51,74
3/9/2025 4:00,51,6,Sunday,3,1,0,random_or_none,5,windy,0.541,260,0,0,0,0,0,0,0,normal,0,56,71
3/9/2025 5:00,56,6,Sunday,3,1,0,random_or_none,1,rainy,0.217,260,0,0,0,0,0,0,0,normal,0,59,76
3/9/2025 6:00,59,6,Sunday,3,1,0,random_or_none,0,sunny,0.188,260,0,0,0,0,0,0,0,normal,0,65,84
3/9/2025 7:00,65,6,Sunday,3,1,0,random_or_none,0,sunny,0.099,260,0,0,0,0,0,0,0,normal,0,74,85
3/9/2025 8:00,74,6,Sunday,3,1,0,random_or_none,1,rainy,0.417,260,0,0,0,0,0,0,0,normal,0,82,88
3/9/2025 9:00,82,6,Sunday,3,1,0,random_or_none,0,sunny,0.302,260,0,0,0,0,0,0,0,normal,0,78,92
3/9/2025 10:00,78,6,Sunday,3,1,0,random_or_none,0,sunny,0.142,260,0,0,0,0,0,0,0,normal,0,89,94
3/9/2025 11:00,89,6,Sunday,3,1,0,random_or_none,1,rainy,0.396,260,0,0,0,0,0,0,0,normal,0,95,95
3/9/2025 12:00,95,6,Sunday,3,1,0,random_or_none,0,sunny,0.31,260,0,0,0,0,0,0,0,normal,0,99,101
3/9/2025 13:00,99,6,Sunday,3,1,0,random_or_none,0,sunny,0.267,260,0,0,0,0,0,0,0,normal,0,99,114
3/9/2025 14:00,99,6,Sunday,3,1,0,random_or_none,5,windy,0.799,260,0,0,0,0,0,0,0,extreme_weather,2,95,112
3/9/2025 15:00,95,6,Sunday,3,1,0,random_or_none,0,sunny,0.135,260,0,0,0,0,0,0,0,normal,0,92,121
3/9/2025 16:00,92,6,Sunday,3,1,0,random_or_none,0,sunny,0.167,260,0,0,0,0,0,0,0,normal,0,97,122
3/9/2025 17:00,97,6,Sunday,3,1,0,random_or_none,0,sunny,0.233,260,0,0,0,0,0,0,0,normal,0,95,112
3/9/2025 18:00,95,6,Sunday,3,1,0,random_or_none,5,windy,0.923,260,0,0,0,0,0,0,0,extreme_weather,2,89,113
3/9/2025 19:00,89,6,Sunday,3,1,0,random_or_none,0,sunny,0.041,260,0,0,0,0,0,0,0,normal,0,94,115
3/9/2025 20:00,94,6,Sunday,3,1,0,random_or_none,5,windy,0.559,260,0,0,0,0,0,0,0,normal,0,90,106
3/9/2025 21:00,90,6,Sunday,3,1,0,random_or_none,2,cold,0.224,260,0,0,0,0,0,0,0,normal,0,78,108
3/9/2025 22:00,78,6,Sunday,3,1,0,random_or_none,5,windy,0.629,260,0,0,0,0,0,0,0,normal,0,71,101
3/9/2025 23:00,71,6,Sunday,3,1,0,random_or_none,5,windy,0.98,260,0,0,0,0,0,0,0,extreme_weather,2,77,95
3/10/2025 0:00,77,0,Monday,3,0,0,random_or_none,1,rainy,0.788,260,0,0,0,0,0,0,0,extreme_weather,2,80,83
3/10/2025 1:00,80,0,Monday,3,0,0,random_or_none,5,windy,0.725,260,0,0,0,0,0,0,0,normal,0,75,77
3/10/2025 2:00,75,0,Monday,3,0,0,random_or_none,1,rainy,0.227,260,0,0,0,0,0,0,0,normal,0,74,79
3/10/2025 3:00,74,0,Monday,3,0,0,random_or_none,0,sunny,0.151,260,0,0,0,0,0,0,0,normal,0,71,68
3/10/2025 4:00,71,0,Monday,3,0,0,random_or_none,0,sunny,0.047,260,0,0,0,0,0,0,0,normal,0,76,73
3/10/2025 5:00,76,0,Monday,3,0,0,random_or_none,1,rainy,0.32,260,0,0,0,0,0,0,0,normal,0,84,80
3/10/2025 6:00,84,0,Monday,3,0,0,random_or_none,5,windy,0.826,260,0,0,0,0,0,0,0,extreme_weather,2,85,79
3/10/2025 7:00,85,0,Monday,3,0,0,random_or_none,4,dusty,0.282,260,0,0,0,0,0,0,0,normal,0,88,83
3/10/2025 8:00,88,0,Monday,3,0,0,random_or_none,0,sunny,0.03,260,0,0,0,0,0,0,0,normal,0,92,95
3/10/2025 9:00,92,0,Monday,3,0,0,random_or_none,0,sunny,0.17,260,0,0,0,0,0,0,0,normal,0,94,99
3/10/2025 10:00,94,0,Monday,3,0,0,random_or_none,0,sunny,0.093,260,0,0,0,0,0,0,0,normal,0,95,102
3/10/2025 11:00,95,0,Monday,3,0,0,random_or_none,0,sunny,0.074,260,0,0,0,0,0,0,0,normal,0,101,110
3/10/2025 12:00,101,0,Monday,3,0,0,random_or_none,0,sunny,0.182,260,0,0,0,0,0,0,0,normal,0,114,113
3/10/2025 13:00,114,0,Monday,3,0,0,random_or_none,5,windy,0.687,260,0,0,0,0,0,0,0,normal,0,112,114
3/10/2025 14:00,112,0,Monday,3,0,0,random_or_none,0,sunny,0.11,260,0,0,0,0,0,0,0,normal,0,121,114
3/10/2025 15:00,121,0,Monday,3,0,0,random_or_none,5,windy,1,260,0,0,0,0,0,0,0,extreme_weather,2,122,112
3/10/2025 16:00,122,0,Monday,3,0,0,random_or_none,0,sunny,0.305,260,0,0,0,0,0,0,0,normal,0,112,109
3/10/2025 17:00,112,0,Monday,3,0,0,random_or_none,0,sunny,0.043,260,0,0,0,0,0,0,0,normal,0,113,116
3/10/2025 18:00,113,0,Monday,3,0,0,random_or_none,4,dusty,0.764,260,0,0,0,0,0,0,0,extreme_weather,2,115,168
3/10/2025 19:00,115,0,Monday,3,0,0,random_or_none,2,cold,0.486,260,0,0,0,0,0,0,0,normal,0,106,144
3/10/2025 20:00,106,0,Monday,3,0,0,random_or_none,0,sunny,0.223,260,0,0,0,0,0,0,0,normal,0,108,126
3/10/2025 21:00,108,0,Monday,3,0,0,random_or_none,2,cold,0.827,260,0,0,0,0,0,0,0,extreme_weather,2,101,105
3/10/2025 22:00,101,0,Monday,3,0,0,random_or_none,5,windy,0.424,260,0,0,0,0,0,0,0,normal,0,95,96
3/10/2025 23:00,95,0,Monday,3,0,0,random_or_none,4,dusty,0.906,260,0,0,0,0,0,0,0,extreme_weather,2,83,81
3/11/2025 0:00,83,1,Tuesday,3,0,0,random_or_none,5,windy,0.735,260,0,0,0,0,0,0,0,normal,0,77,77
3/11/2025 1:00,77,1,Tuesday,3,0,0,random_or_none,2,cold,0.757,260,0,0,0,0,0,0,0,extreme_weather,2,79,62
3/11/2025 2:00,79,1,Tuesday,3,0,0,random_or_none,5,windy,0.274,260,0,0,0,0,0,0,0,normal,0,68,66
3/11/2025 3:00,68,1,Tuesday,3,0,0,random_or_none,3,hot,0.523,260,0,0,0,0,0,0,0,normal,0,73,56
3/11/2025 4:00,73,1,Tuesday,3,0,0,random_or_none,4,dusty,0.562,260,0,0,0,0,0,0,0,normal,0,80,61
3/11/2025 5:00,80,1,Tuesday,3,0,0,random_or_none,4,dusty,0.725,260,0,0,0,0,0,0,0,normal,0,79,65
3/11/2025 6:00,79,1,Tuesday,3,0,0,random_or_none,3,hot,0.173,260,0,0,0,0,0,0,0,normal,0,83,70
3/11/2025 7:00,83,1,Tuesday,3,0,0,random_or_none,0,sunny,0.252,260,0,0,0,0,0,0,0,normal,0,95,64
3/11/2025 8:00,95,1,Tuesday,3,0,0,random_or_none,4,dusty,0.703,260,0,0,0,0,0,0,0,normal,0,99,74
3/11/2025 9:00,99,1,Tuesday,3,0,0,random_or_none,1,rainy,0.786,260,0,0,0,0,0,0,0,extreme_weather,2,102,78
3/11/2025 10:00,102,1,Tuesday,3,0,0,random_or_none,0,sunny,0.202,260,0,0,0,0,0,0,0,normal,0,110,83
3/11/2025 11:00,110,1,Tuesday,3,0,0,random_or_none,4,dusty,0.757,260,0,0,0,0,0,0,0,extreme_weather,2,113,80
3/11/2025 12:00,113,1,Tuesday,3,0,0,random_or_none,5,windy,0.885,260,0,0,0,0,0,0,0,extreme_weather,2,114,78
3/11/2025 13:00,114,1,Tuesday,3,0,0,random_or_none,0,sunny,0.039,260,0,0,0,0,0,0,0,normal,0,114,87
3/11/2025 14:00,114,1,Tuesday,3,0,0,random_or_none,1,rainy,0.301,260,0,0,0,0,0,0,0,normal,0,112,94
3/11/2025 15:00,112,1,Tuesday,3,0,0,random_or_none,0,sunny,0.133,260,0,0,0,0,0,0,0,normal,0,109,100
3/11/2025 16:00,109,1,Tuesday,3,0,0,random_or_none,0,sunny,0.207,260,0,0,0,0,0,0,0,normal,0,116,103
3/11/2025 17:00,116,1,Tuesday,3,0,0,random_or_none,5,windy,0.892,260,0,0,0,0,0,0,0,extreme_weather,2,168,100
3/11/2025 18:00,168,1,Tuesday,3,0,0,random_or_none,5,windy,0.654,260,0,1,121.53,0,0,0,0,emergency_spike,5,144,103
3/11/2025 19:00,144,1,Tuesday,3,0,0,random_or_none,0,sunny,0.077,260,0,0,0,0,0,0,0,normal,0,126,97
3/11/2025 20:00,126,1,Tuesday,3,0,0,random_or_none,0,sunny,0.099,260,0,0,0,0,0,0,0,normal,0,105,86
3/11/2025 21:00,105,1,Tuesday,3,0,0,random_or_none,0,sunny,0.112,260,0,0,0,0,0,0,0,normal,0,96,83
3/11/2025 22:00,96,1,Tuesday,3,0,0,random_or_none,5,windy,0.49,260,0,0,0,0,0,0,0,normal,0,81,83
3/11/2025 23:00,81,1,Tuesday,3,0,0,random_or_none,0,sunny,0.338,260,0,0,0,0,0,1,0.127,staff_shortage,4,77,81
3/12/2025 0:00,77,2,Wednesday,3,0,0,random_or_none,2,cold,0.215,260,0,0,0,0,0,1,0.127,staff_shortage,4,62,73
3/12/2025 1:00,62,2,Wednesday,3,0,0,random_or_none,0,sunny,0.258,260,0,0,0,0,0,1,0.127,staff_shortage,4,66,68
3/12/2025 2:00,66,2,Wednesday,3,0,0,random_or_none,5,windy,0.915,260,0,0,0,0,0,1,0.127,extreme_weather,2,56,71
3/12/2025 3:00,56,2,Wednesday,3,0,0,random_or_none,0,sunny,0.008,260,0,0,0,0,0,1,0.127,staff_shortage,4,61,71
3/12/2025 4:00,61,2,Wednesday,3,0,0,random_or_none,1,rainy,0.529,260,0,0,0,0,0,1,0.127,staff_shortage,4,65,68
3/12/2025 5:00,65,2,Wednesday,3,0,0,random_or_none,5,windy,0.504,260,0,0,0,0,0,1,0.127,staff_shortage,4,70,68
3/12/2025 6:00,70,2,Wednesday,3,0,0,random_or_none,1,rainy,0.228,260,0,0,0,0,0,1,0.127,staff_shortage,4,64,68
3/12/2025 7:00,64,2,Wednesday,3,0,0,random_or_none,0,sunny,0.327,260,0,0,0,0,0,1,0.127,staff_shortage,4,74,67
3/12/2025 8:00,74,2,Wednesday,3,0,0,random_or_none,5,windy,0.677,260,0,0,0,0,0,1,0.127,staff_shortage,4,78,68
3/12/2025 9:00,78,2,Wednesday,3,0,0,random_or_none,2,cold,0.247,260,0,0,0,0,0,1,0.127,staff_shortage,4,83,80
3/12/2025 10:00,83,2,Wednesday,3,0,0,random_or_none,0,sunny,0.3,260,0,0,0,0,0,1,0.127,staff_shortage,4,80,88
3/12/2025 11:00,80,2,Wednesday,3,0,0,random_or_none,0,sunny,0.344,260,0,0,0,0,0,1,0.127,staff_shortage,4,78,89
3/12/2025 12:00,78,2,Wednesday,3,0,0,random_or_none,0,sunny,0.02,260,0,0,0,0,0,1,0.127,staff_shortage,4,87,90
3/12/2025 13:00,87,2,Wednesday,3,0,0,random_or_none,0,sunny,0.18,260,0,0,0,0,0,1,0.127,staff_shortage,4,94,102
3/12/2025 14:00,94,2,Wednesday,3,0,0,random_or_none,1,rainy,0.269,260,0,0,0,0,0,1,0.127,staff_shortage,4,100,98
3/12/2025 15:00,100,2,Wednesday,3,0,0,random_or_none,1,rainy,0.392,260,0,0,0,0,0,1,0.127,staff_shortage,4,103,91
3/12/2025 16:00,103,2,Wednesday,3,0,0,random_or_none,0,sunny,0.261,260,0,0,0,0,0,1,0.127,staff_shortage,4,100,93
3/12/2025 17:00,100,2,Wednesday,3,0,0,random_or_none,0,sunny,0.162,260,0,0,0,0,0,1,0.127,staff_shortage,4,103,93
3/12/2025 18:00,103,2,Wednesday,3,0,0,random_or_none,1,rainy,0.656,260,0,0,0,0,0,1,0.127,staff_shortage,4,97,96
3/12/2025 19:00,97,2,Wednesday,3,0,0,random_or_none,0,sunny,0.224,260,0,0,0,0,0,1,0.127,staff_shortage,4,86,93
3/12/2025 20:00,86,2,Wednesday,3,0,0,random_or_none,0,sunny,0.205,260,0,0,0,0,0,1,0.127,staff_shortage,4,83,97
3/12/2025 21:00,83,2,Wednesday,3,0,0,random_or_none,0,sunny,0.208,260,0,0,0,0,0,1,0.127,staff_shortage,4,83,85
3/12/2025 22:00,83,2,Wednesday,3,0,0,random_or_none,3,hot,0.712,260,0,0,0,0,0,1,0.127,staff_shortage,4,81,84
3/12/2025 23:00,81,2,Wednesday,3,0,0,random_or_none,5,windy,0.9,260,0,0,0,0,0,1,0.127,extreme_weather,2,73,74
3/13/2025 0:00,73,3,Thursday,3,0,0,random_or_none,5,windy,0.577,260,0,0,0,0,0,1,0.127,staff_shortage,4,68,71
3/13/2025 1:00,68,3,Thursday,3,0,0,random_or_none,2,cold,0.504,260,0,0,0,0,0,1,0.127,staff_shortage,4,71,69
3/13/2025 2:00,71,3,Thursday,3,0,0,random_or_none,5,windy,0.786,260,0,0,0,0,0,1,0.127,extreme_weather,2,71,67
3/13/2025 3:00,71,3,Thursday,3,0,0,random_or_none,5,windy,0.249,260,0,0,0,0,0,1,0.127,staff_shortage,4,68,72
3/13/2025 4:00,68,3,Thursday,3,0,0,random_or_none,0,sunny,0.201,260,0,0,0,0,0,1,0.127,staff_shortage,4,68,70
3/13/2025 5:00,68,3,Thursday,3,0,0,random_or_none,5,windy,0.276,260,0,0,0,0,0,1,0.127,staff_shortage,4,68,65
3/13/2025 6:00,68,3,Thursday,3,0,0,random_or_none,3,hot,0.287,260,0,0,0,0,0,1,0.127,staff_shortage,4,67,72
3/13/2025 7:00,67,3,Thursday,3,0,0,random_or_none,0,sunny,0.331,260,0,0,0,0,0,1,0.127,staff_shortage,4,68,72
3/13/2025 8:00,68,3,Thursday,3,0,0,random_or_none,0,sunny,0.187,260,0,0,0,0,0,1,0.127,staff_shortage,4,80,78
3/13/2025 9:00,80,3,Thursday,3,0,0,random_or_none,4,dusty,0.948,260,0,0,0,0,0,1,0.127,extreme_weather,2,88,83
3/13/2025 10:00,88,3,Thursday,3,0,0,random_or_none,1,rainy,0.7,260,0,0,0,0,0,1,0.127,staff_shortage,4,89,87
3/13/2025 11:00,89,3,Thursday,3,0,0,random_or_none,0,sunny,0.3,260,0,0,0,0,0,1,0.127,staff_shortage,4,90,85
3/13/2025 12:00,90,3,Thursday,3,0,0,random_or_none,0,sunny,0.193,260,0,0,0,0,0,1,0.127,staff_shortage,4,102,97
3/13/2025 13:00,102,3,Thursday,3,0,0,random_or_none,1,rainy,0.59,260,0,0,0,0,0,1,0.127,staff_shortage,4,98,95
3/13/2025 14:00,98,3,Thursday,3,0,0,random_or_none,5,windy,0.368,260,0,0,0,0,0,1,0.127,staff_shortage,4,91,97
3/13/2025 15:00,91,3,Thursday,3,0,0,random_or_none,0,sunny,0.071,260,0,0,0,0,0,1,0.127,staff_shortage,4,93,114
3/13/2025 16:00,93,3,Thursday,3,0,0,random_or_none,0,sunny,0.222,260,0,0,0,0,0,1,0.127,staff_shortage,4,93,112
3/13/2025 17:00,93,3,Thursday,3,0,0,random_or_none,5,windy,0.6,260,0,0,0,0,0,1,0.127,staff_shortage,4,96,116
3/13/2025 18:00,96,3,Thursday,3,0,0,random_or_none,0,sunny,0.276,260,0,0,0,0,0,1,0.127,staff_shortage,4,93,122
3/13/2025 19:00,93,3,Thursday,3,0,0,random_or_none,0,sunny,0.186,260,0,0,0,0,0,1,0.127,staff_shortage,4,97,115
3/13/2025 20:00,97,3,Thursday,3,0,0,random_or_none,1,rainy,0.413,260,0,0,0,0,0,1,0.127,staff_shortage,4,85,113
3/13/2025 21:00,85,3,Thursday,3,0,0,random_or_none,0,sunny,0.279,260,0,0,0,0,0,1,0.127,staff_shortage,4,84,105
3/13/2025 22:00,84,3,Thursday,3,0,0,random_or_none,0,sunny,0.343,260,0,0,0,0,0,1,0.127,staff_shortage,4,74,101
3/13/2025 23:00,74,3,Thursday,3,0,0,random_or_none,0,sunny,0.184,260,0,0,0,0,0,1,0.127,staff_shortage,4,71,87
3/14/2025 0:00,71,4,Friday,3,0,0,random_or_none,1,rainy,0.795,260,0,0,0,0,0,1,0.127,extreme_weather,2,69,66
3/14/2025 1:00,69,4,Friday,3,0,0,random_or_none,0,sunny,0.095,260,0,0,0,0,0,1,0.127,staff_shortage,4,67,71
3/14/2025 2:00,67,4,Friday,3,0,0,random_or_none,0,sunny,0.111,260,0,0,0,0,0,1,0.127,staff_shortage,4,72,67
3/14/2025 3:00,72,4,Friday,3,0,0,random_or_none,5,windy,0.847,260,0,0,0,0,0,1,0.127,extreme_weather,2,70,59
3/14/2025 4:00,70,4,Friday,3,0,0,random_or_none,1,rainy,0.624,260,0,0,0,0,0,1,0.127,staff_shortage,4,65,56
3/14/2025 5:00,65,4,Friday,3,0,0,random_or_none,5,windy,0.364,260,0,0,0,0,0,1,0.127,staff_shortage,4,72,60
3/14/2025 6:00,72,4,Friday,3,0,0,random_or_none,4,dusty,0.679,260,0,0,0,0,0,1,0.127,staff_shortage,4,72,69
3/14/2025 7:00,72,4,Friday,3,0,0,random_or_none,1,rainy,0.516,260,0,0,0,0,0,1,0.127,staff_shortage,4,78,68
3/14/2025 8:00,78,4,Friday,3,0,0,random_or_none,0,sunny,0.164,260,0,0,0,0,0,1,0.127,staff_shortage,4,83,69
3/14/2025 9:00,83,4,Friday,3,0,0,random_or_none,5,windy,0.916,260,0,0,0,0,0,1,0.127,extreme_weather,2,87,86
3/14/2025 10:00,87,4,Friday,3,0,0,random_or_none,0,sunny,0.107,260,0,0,0,0,0,1,0.127,staff_shortage,4,85,87
3/14/2025 11:00,85,4,Friday,3,0,0,random_or_none,0,sunny,0.084,260,0,0,0,0,0,1,0.127,staff_shortage,4,97,89
3/14/2025 12:00,97,4,Friday,3,0,0,random_or_none,1,rainy,0.218,260,0,0,0,0,0,1,0.127,staff_shortage,4,95,99
3/14/2025 13:00,95,4,Friday,3,0,0,random_or_none,0,sunny,0.332,260,0,0,0,0,0,1,0.127,staff_shortage,4,97,95
3/14/2025 14:00,97,4,Friday,3,0,0,random_or_none,4,dusty,0.302,260,0,0,0,0,0,1,0.127,staff_shortage,4,114,94
3/14/2025 15:00,114,4,Friday,3,0,0,random_or_none,1,rainy,0.25,260,0,1,39.97,0,0,1,0.127,emergency_spike,5,112,103
3/14/2025 16:00,112,4,Friday,3,0,0,random_or_none,2,cold,0.105,260,0,0,0,0,0,0,0,normal,0,116,145
3/14/2025 17:00,116,4,Friday,3,0,0,random_or_none,3,hot,0.679,260,0,0,0,0,0,0,0,normal,0,122,167
3/14/2025 18:00,122,4,Friday,3,0,0,random_or_none,3,hot,0.906,260,0,0,0,0,0,0,0,extreme_weather,2,115,130
3/14/2025 19:00,115,4,Friday,3,0,0,random_or_none,0,sunny,0.326,260,0,0,0,0,0,0,0,normal,0,113,108
3/14/2025 20:00,113,4,Friday,3,0,0,random_or_none,4,dusty,0.331,260,0,0,0,0,0,0,0,normal,0,105,93
3/14/2025 21:00,105,4,Friday,3,0,0,random_or_none,0,sunny,0.173,260,0,0,0,0,0,0,0,normal,0,101,88
3/14/2025 22:00,101,4,Friday,3,0,0,random_or_none,3,hot,0.42,260,0,0,0,0,0,0,0,normal,0,87,79
3/14/2025 23:00,87,4,Friday,3,0,0,random_or_none,2,cold,0.318,260,0,0,0,0,0,0,0,normal,0,66,75
3/15/2025 0:00,66,5,Saturday,3,1,0,random_or_none,0,sunny,0.001,260,0,0,0,0,0,0,0,normal,0,71,67
3/15/2025 1:00,71,5,Saturday,3,1,0,random_or_none,4,dusty,0.919,260,0,0,0,0,0,0,0,extreme_weather,2,67,63
3/15/2025 2:00,67,5,Saturday,3,1,0,random_or_none,2,cold,0.802,260,0,0,0,0,0,0,0,extreme_weather,2,59,56
3/15/2025 3:00,59,5,Saturday,3,1,0,random_or_none,0,sunny,0.161,260,0,0,0,0,0,0,0,normal,0,56,54
3/15/2025 4:00,56,5,Saturday,3,1,0,random_or_none,0,sunny,0.122,260,0,0,0,0,0,0,0,normal,0,60,60
3/15/2025 5:00,60,5,Saturday,3,1,0,random_or_none,1,rainy,0.308,260,0,0,0,0,0,0,0,normal,0,69,58
3/15/2025 6:00,69,5,Saturday,3,1,0,random_or_none,2,cold,0.408,260,0,0,0,0,0,0,0,normal,0,68,61
3/15/2025 7:00,68,5,Saturday,3,1,0,random_or_none,0,sunny,0.165,260,0,0,0,0,0,0,0,normal,0,69,68
3/15/2025 8:00,69,5,Saturday,3,1,0,random_or_none,0,sunny,0.312,260,0,0,0,0,0,0,0,normal,0,86,66
3/15/2025 9:00,86,5,Saturday,3,1,0,random_or_none,5,windy,0.544,260,0,0,0,0,0,0,0,normal,0,87,68
3/15/2025 10:00,87,5,Saturday,3,1,0,random_or_none,0,sunny,0.309,260,0,0,0,0,0,0,0,normal,0,89,73
3/15/2025 11:00,89,5,Saturday,3,1,0,random_or_none,0,sunny,0.147,260,0,0,0,0,0,0,0,normal,0,99,84
3/15/2025 12:00,99,5,Saturday,3,1,0,random_or_none,0,sunny,0.233,260,0,0,0,0,0,0,0,normal,0,95,91
3/15/2025 13:00,95,5,Saturday,3,1,0,random_or_none,0,sunny,0.171,260,0,0,0,0,0,0,0,normal,0,94,90
3/15/2025 14:00,94,5,Saturday,3,1,0,random_or_none,5,windy,0.371,260,0,0,0,0,0,0,0,normal,0,103,91
3/15/2025 15:00,103,5,Saturday,3,1,0,random_or_none,5,windy,0.832,260,0,0,0,0,0,0,0,extreme_weather,2,145,99
3/15/2025 16:00,145,5,Saturday,3,1,0,random_or_none,5,windy,0.329,260,0,1,81.35,0,0,0,0,emergency_spike,5,167,100
3/15/2025 17:00,167,5,Saturday,3,1,0,random_or_none,1,rainy,0.628,260,0,1,82.82,0,0,0,0,emergency_spike,5,130,101
3/15/2025 18:00,130,5,Saturday,3,1,0,random_or_none,0,sunny,0.029,260,0,0,0,0,0,0,0,normal,0,108,101
3/15/2025 19:00,108,5,Saturday,3,1,0,random_or_none,0,sunny,0.098,260,0,0,0,0,0,0,0,normal,0,93,103
3/15/2025 20:00,93,5,Saturday,3,1,0,random_or_none,0,sunny,0.245,260,0,0,0,0,0,0,0,normal,0,88,91
3/15/2025 21:00,88,5,Saturday,3,1,0,random_or_none,5,windy,0.35,260,0,0,0,0,0,0,0,normal,0,79,85
3/15/2025 22:00,79,5,Saturday,3,1,0,random_or_none,0,sunny,0.299,260,0,0,0,0,0,0,0,normal,0,75,79
3/15/2025 23:00,75,5,Saturday,3,1,0,random_or_none,1,rainy,0.369,260,0,0,0,0,0,0,0,normal,0,67,68
3/16/2025 0:00,67,6,Sunday,3,1,0,random_or_none,0,sunny,0.006,260,0,0,0,0,0,0,0,normal,0,63,65
3/16/2025 1:00,63,6,Sunday,3,1,0,random_or_none,1,rainy,0.71,260,0,0,0,0,0,0,0,normal,0,56,67
3/16/2025 2:00,56,6,Sunday,3,1,0,random_or_none,0,sunny,0.149,260,0,0,0,0,0,0,0,normal,0,54,65
3/16/2025 3:00,54,6,Sunday,3,1,0,random_or_none,0,sunny,0.127,260,0,0,0,0,0,0,0,normal,0,60,71
3/16/2025 4:00,60,6,Sunday,3,1,0,random_or_none,5,windy,0.475,260,0,0,0,0,0,0,0,normal,0,58,75
3/16/2025 5:00,58,6,Sunday,3,1,0,random_or_none,0,sunny,0.1,260,0,0,0,0,0,0,0,normal,0,61,75
3/16/2025 6:00,61,6,Sunday,3,1,0,random_or_none,5,windy,0.548,260,0,0,0,0,0,0,0,normal,0,68,82
3/16/2025 7:00,68,6,Sunday,3,1,0,random_or_none,5,windy,0.789,260,0,0,0,0,0,0,0,extreme_weather,2,66,82
3/16/2025 8:00,66,6,Sunday,3,1,0,random_or_none,0,sunny,0.284,260,0,0,0,0,0,0,0,normal,0,68,122
3/16/2025 9:00,68,6,Sunday,3,1,0,random_or_none,0,sunny,0.097,260,0,0,0,0,0,0,0,normal,0,73,108
3/16/2025 10:00,73,6,Sunday,3,1,0,random_or_none,0,sunny,0.037,260,0,0,0,0,0,0,0,normal,0,84,109
3/16/2025 11:00,84,6,Sunday,3,1,0,random_or_none,3,hot,0.857,260,0,0,0,0,0,0,0,extreme_weather,2,91,107
3/16/2025 12:00,91,6,Sunday,3,1,0,random_or_none,0,sunny,0.156,260,0,0,0,0,0,0,0,normal,0,90,112
3/16/2025 13:00,90,6,Sunday,3,1,0,random_or_none,0,sunny,0.166,260,0,0,0,0,0,0,0,normal,0,91,119
3/16/2025 14:00,91,6,Sunday,3,1,0,random_or_none,1,rainy,0.273,260,0,0,0,0,0,0,0,normal,0,99,116
3/16/2025 15:00,99,6,Sunday,3,1,0,random_or_none,2,cold,0.67,260,0,0,0,0,0,0,0,normal,0,100,117
3/16/2025 16:00,100,6,Sunday,3,1,0,random_or_none,1,rainy,0.428,260,0,0,0,0,0,0,0,normal,0,101,117
3/16/2025 17:00,101,6,Sunday,3,1,0,random_or_none,1,rainy,0.536,260,0,0,0,0,0,0,0,normal,0,101,125
3/16/2025 18:00,101,6,Sunday,3,1,0,random_or_none,4,dusty,0.793,260,0,0,0,0,0,0,0,extreme_weather,2,103,117
3/16/2025 19:00,103,6,Sunday,3,1,0,random_or_none,0,sunny,0.335,260,0,0,0,0,0,0,0,normal,0,91,129
3/16/2025 20:00,91,6,Sunday,3,1,0,random_or_none,3,hot,0.302,260,0,0,0,0,0,0,0,normal,0,85,159
3/16/2025 21:00,85,6,Sunday,3,1,0,random_or_none,1,rainy,0.21,260,0,0,0,0,0,0,0,normal,0,79,131
3/16/2025 22:00,79,6,Sunday,3,1,0,random_or_none,1,rainy,0.6,260,0,0,0,0,0,0,0,normal,0,68,115
3/16/2025 23:00,68,6,Sunday,3,1,0,random_or_none,0,sunny,0.2,260,0,0,0,0,0,0,0,normal,0,65,93
3/17/2025 0:00,65,0,Monday,3,0,0,random_or_none,0,sunny,0.325,260,0,0,0,0,0,0,0,normal,0,67,94
3/17/2025 1:00,67,0,Monday,3,0,0,random_or_none,0,sunny,0.298,260,0,0,0,0,0,0,0,normal,0,65,95
3/17/2025 2:00,65,0,Monday,3,0,0,random_or_none,0,sunny,0.042,260,0,0,0,0,0,0,0,normal,0,71,96
3/17/2025 3:00,71,0,Monday,3,0,0,random_or_none,5,windy,0.934,260,0,0,0,0,0,0,0,extreme_weather,2,75,98
3/17/2025 4:00,75,0,Monday,3,0,0,random_or_none,2,cold,0.139,260,0,0,0,0,0,0,0,normal,0,75,92
3/17/2025 5:00,75,0,Monday,3,0,0,random_or_none,0,sunny,0.227,260,0,0,0,0,0,0,0,normal,0,82,105
3/17/2025 6:00,82,0,Monday,3,0,0,random_or_none,3,hot,0.41,260,0,0,0,0,0,0,0,normal,0,82,114
3/17/2025 7:00,82,0,Monday,3,0,0,random_or_none,0,sunny,0.314,260,0,0,0,0,0,0,0,normal,0,122,110
3/17/2025 8:00,122,0,Monday,3,0,0,random_or_none,3,hot,0.651,260,0,1,71.73,0,0,0,0,emergency_spike,5,108,117
3/17/2025 9:00,108,0,Monday,3,0,0,random_or_none,0,sunny,0.005,260,0,0,0,0,0,0,0,normal,0,109,121
3/17/2025 10:00,109,0,Monday,3,0,0,random_or_none,2,cold,0.804,260,0,0,0,0,0,0,0,extreme_weather,2,107,127
3/17/2025 11:00,107,0,Monday,3,0,0,random_or_none,4,dusty,0.393,260,0,0,0,0,0,0,0,normal,0,112,136
3/17/2025 12:00,112,0,Monday,3,0,0,random_or_none,5,windy,0.399,260,0,0,0,0,0,0,0,normal,0,119,138
3/17/2025 13:00,119,0,Monday,3,0,0,random_or_none,2,cold,0.397,260,0,0,0,0,0,0,0,normal,0,116,140
3/17/2025 14:00,116,0,Monday,3,0,0,random_or_none,5,windy,0.54,260,0,0,0,0,0,0,0,normal,0,117,147
3/17/2025 15:00,117,0,Monday,3,0,0,random_or_none,2,cold,0.232,260,0,0,0,0,0,0,0,normal,0,117,145
3/17/2025 16:00,117,0,Monday,3,0,0,random_or_none,4,dusty,0.335,260,0,0,0,0,0,0,0,normal,0,125,145
3/17/2025 17:00,125,0,Monday,3,0,0,random_or_none,2,cold,0.616,260,0,0,0,0,0,0,0,normal,0,117,147
3/17/2025 18:00,117,0,Monday,3,0,0,random_or_none,0,sunny,0.149,260,0,0,0,0,0,0,0,normal,0,129,151
3/17/2025 19:00,129,0,Monday,3,0,0,random_or_none,5,windy,0.378,260,0,1,37.53,0,0,0,0,emergency_spike,5,159,148
3/17/2025 20:00,159,0,Monday,3,0,0,random_or_none,1,rainy,0.238,260,0,1,85.22,0,0,0,0,emergency_spike,5,131,141
3/17/2025 21:00,131,0,Monday,3,0,0,random_or_none,5,windy,0.495,260,0,0,0,0,0,0,0,normal,0,115,131
3/17/2025 22:00,115,0,Monday,3,0,0,random_or_none,5,windy,0.286,260,0,0,0,0,0,0,0,normal,0,93,117
3/17/2025 23:00,93,0,Monday,3,0,0,random_or_none,0,sunny,0.049,260,0,0,0,0,0,0,0,normal,0,94,110
3/18/2025 0:00,94,1,Tuesday,3,0,0,random_or_none,2,cold,0.712,260,0,0,0,1,0.29,0,0,outbreak_period,3,95,102
3/18/2025 1:00,95,1,Tuesday,3,0,0,random_or_none,1,rainy,0.364,260,0,0,0,1,0.29,0,0,outbreak_period,3,96,101
3/18/2025 2:00,96,1,Tuesday,3,0,0,random_or_none,0,sunny,0.016,260,0,0,0,1,0.29,0,0,outbreak_period,3,98,97
3/18/2025 3:00,98,1,Tuesday,3,0,0,random_or_none,1,rainy,0.151,260,0,0,0,1,0.29,0,0,outbreak_period,3,92,93
3/18/2025 4:00,92,1,Tuesday,3,0,0,random_or_none,0,sunny,0.135,260,0,0,0,1,0.29,0,0,outbreak_period,3,105,91
3/18/2025 5:00,105,1,Tuesday,3,0,0,random_or_none,5,windy,0.787,260,0,0,0,1,0.29,0,0,outbreak_period,3,114,93
3/18/2025 6:00,114,1,Tuesday,3,0,0,random_or_none,1,rainy,0.943,260,0,0,0,1,0.29,0,0,outbreak_period,3,110,130
3/18/2025 7:00,110,1,Tuesday,3,0,0,random_or_none,0,sunny,0.117,260,0,0,0,1,0.29,0,0,outbreak_period,3,117,125
3/18/2025 8:00,117,1,Tuesday,3,0,0,random_or_none,4,dusty,0.264,260,0,0,0,1,0.29,0,0,outbreak_period,3,121,121
3/18/2025 9:00,121,1,Tuesday,3,0,0,random_or_none,0,sunny,0.063,260,0,0,0,1,0.29,0,0,outbreak_period,3,127,122
3/18/2025 10:00,127,1,Tuesday,3,0,0,random_or_none,2,cold,0.615,260,0,0,0,1,0.29,0,0,outbreak_period,3,136,126
3/18/2025 11:00,136,1,Tuesday,3,0,0,random_or_none,0,sunny,0.175,260,0,0,0,1,0.29,0,0,outbreak_period,3,138,137
3/18/2025 12:00,138,1,Tuesday,3,0,0,random_or_none,0,sunny,0.317,260,0,0,0,1,0.29,0,0,outbreak_period,3,140,138
3/18/2025 13:00,140,1,Tuesday,3,0,0,random_or_none,3,hot,0.772,260,0,0,0,1,0.29,0,0,outbreak_period,3,147,146
3/18/2025 14:00,147,1,Tuesday,3,0,0,random_or_none,0,sunny,0.156,260,0,0,0,1,0.29,0,0,outbreak_period,3,145,155
3/18/2025 15:00,145,1,Tuesday,3,0,0,random_or_none,0,sunny,0.15,260,0,0,0,1,0.29,0,0,outbreak_period,3,145,157
3/18/2025 16:00,145,1,Tuesday,3,0,0,random_or_none,0,sunny,0.113,260,0,0,0,1,0.29,0,0,outbreak_period,3,147,149
3/18/2025 17:00,147,1,Tuesday,3,0,0,random_or_none,1,rainy,0.535,260,0,0,0,1,0.29,0,0,outbreak_period,3,151,146
3/18/2025 18:00,151,1,Tuesday,3,0,0,random_or_none,5,windy,0.691,260,0,0,0,1,0.29,0,0,outbreak_period,3,148,143
3/18/2025 19:00,148,1,Tuesday,3,0,0,random_or_none,1,rainy,0.581,260,0,0,0,1,0.29,0,0,outbreak_period,3,141,142
3/18/2025 20:00,141,1,Tuesday,3,0,0,random_or_none,1,rainy,0.334,260,0,0,0,1,0.29,0,0,outbreak_period,3,131,176
3/18/2025 21:00,131,1,Tuesday,3,0,0,random_or_none,5,windy,0.83,260,0,0,0,1,0.29,0,0,outbreak_period,3,117,155
3/18/2025 22:00,117,1,Tuesday,3,0,0,random_or_none,0,sunny,0.071,260,0,0,0,1,0.29,0,0,outbreak_period,3,110,134
3/18/2025 23:00,110,1,Tuesday,3,0,0,random_or_none,0,sunny,0.039,260,0,0,0,1,0.29,0,0,outbreak_period,3,102,117
3/19/2025 0:00,102,2,Wednesday,3,0,0,random_or_none,0,sunny,0.297,260,0,0,0,1,0.29,0,0,outbreak_period,3,101,107
3/19/2025 1:00,101,2,Wednesday,3,0,0,random_or_none,2,cold,0.514,260,0,0,0,1,0.29,0,0,outbreak_period,3,97,99
3/19/2025 2:00,97,2,Wednesday,3,0,0,random_or_none,1,rainy,0.319,260,0,0,0,1,0.29,0,0,outbreak_period,3,93,96
3/19/2025 3:00,93,2,Wednesday,3,0,0,random_or_none,5,windy,0.381,260,0,0,0,1,0.29,0,0,outbreak_period,3,91,121
3/19/2025 4:00,91,2,Wednesday,3,0,0,random_or_none,1,rainy,0.193,260,0,0,0,1,0.29,0,0,outbreak_period,3,93,109
3/19/2025 5:00,93,2,Wednesday,3,0,0,random_or_none,1,rainy,0.277,260,0,0,0,1,0.29,0,0,outbreak_period,3,130,106
3/19/2025 6:00,130,2,Wednesday,3,0,0,random_or_none,0,sunny,0.086,260,0,1,87.06,1,0.29,0,0,emergency_spike,5,125,106
3/19/2025 7:00,125,2,Wednesday,3,0,0,random_or_none,1,rainy,0.262,260,0,0,0,1,0.29,0,0,outbreak_period,3,121,108
3/19/2025 8:00,121,2,Wednesday,3,0,0,random_or_none,4,dusty,0.553,260,0,0,0,1,0.29,0,0,outbreak_period,3,122,115
3/19/2025 9:00,122,2,Wednesday,3,0,0,random_or_none,0,sunny,0.039,260,0,0,0,1,0.29,0,0,outbreak_period,3,126,120
3/19/2025 10:00,126,2,Wednesday,3,0,0,random_or_none,5,windy,0.67,260,0,0,0,1,0.29,0,0,outbreak_period,3,137,137
3/19/2025 11:00,137,2,Wednesday,3,0,0,random_or_none,4,dusty,0.541,260,0,0,0,1,0.29,0,0,outbreak_period,3,138,135
3/19/2025 12:00,138,2,Wednesday,3,0,0,random_or_none,0,sunny,0.2,260,0,0,0,1,0.29,0,0,outbreak_period,3,146,141
3/19/2025 13:00,146,2,Wednesday,3,0,0,random_or_none,0,sunny,0.032,260,0,0,0,1,0.29,0,0,outbreak_period,3,155,143
3/19/2025 14:00,155,2,Wednesday,3,0,0,random_or_none,4,dusty,0.757,260,0,0,0,1,0.29,0,0,outbreak_period,3,157,151
3/19/2025 15:00,157,2,Wednesday,3,0,0,random_or_none,2,cold,0.832,260,0,0,0,1,0.29,0,0,outbreak_period,3,149,151
3/19/2025 16:00,149,2,Wednesday,3,0,0,random_or_none,0,sunny,0.242,260,0,0,0,1,0.29,0,0,outbreak_period,3,146,151
3/19/2025 17:00,146,2,Wednesday,3,0,0,random_or_none,1,rainy,0.194,260,0,0,0,1,0.29,0,0,outbreak_period,3,143,155
3/19/2025 18:00,143,2,Wednesday,3,0,0,random_or_none,1,rainy,0.366,260,0,0,0,1,0.29,0,0,outbreak_period,3,142,145
3/19/2025 19:00,142,2,Wednesday,3,0,0,random_or_none,0,sunny,0.084,260,0,0,0,1,0.29,0,0,outbreak_period,3,176,144
3/19/2025 20:00,176,2,Wednesday,3,0,0,random_or_none,0,sunny,0.074,260,0,1,91.77,1,0.29,0,0,emergency_spike,5,155,133
3/19/2025 21:00,155,2,Wednesday,3,0,0,random_or_none,4,dusty,0.38,260,0,0,0,1,0.29,0,0,outbreak_period,3,134,124
3/19/2025 22:00,134,2,Wednesday,3,0,0,random_or_none,1,rainy,0.186,260,0,0,0,1,0.29,0,0,outbreak_period,3,117,116
3/19/2025 23:00,117,2,Wednesday,3,0,0,random_or_none,0,sunny,0.108,260,0,0,0,1,0.29,0,0,outbreak_period,3,107,111
3/20/2025 0:00,107,3,Thursday,3,0,0,random_or_none,5,windy,0.969,260,0,0,0,1,0.29,0,0,outbreak_period,3,99,104
3/20/2025 1:00,99,3,Thursday,3,0,0,random_or_none,0,sunny,0.236,260,0,0,0,1,0.29,0,0,outbreak_period,3,96,101
3/20/2025 2:00,96,3,Thursday,3,0,0,random_or_none,2,cold,0.478,260,0,0,0,1,0.29,0,0,outbreak_period,3,121,94
3/20/2025 3:00,121,3,Thursday,3,0,0,random_or_none,5,windy,0.645,260,0,1,58.41,1,0.29,0,0,emergency_spike,5,109,96
3/20/2025 4:00,109,3,Thursday,3,0,0,random_or_none,5,windy,0.322,260,0,0,0,1,0.29,0,0,outbreak_period,3,106,99
3/20/2025 5:00,106,3,Thursday,3,0,0,random_or_none,5,windy,0.378,260,0,0,0,1,0.29,0,0,outbreak_period,3,106,97
3/20/2025 6:00,106,3,Thursday,3,0,0,random_or_none,1,rainy,0.944,260,0,0,0,1,0.29,0,0,outbreak_period,3,108,107
3/20/2025 7:00,108,3,Thursday,3,0,0,random_or_none,1,rainy,0.255,260,0,0,0,1,0.29,0,0,outbreak_period,3,115,112
3/20/2025 8:00,115,3,Thursday,3,0,0,random_or_none,5,windy,0.909,260,0,0,0,1,0.29,0,0,outbreak_period,3,120,115
3/20/2025 9:00,120,3,Thursday,3,0,0,random_or_none,3,hot,0.636,260,0,0,0,1,0.29,0,0,outbreak_period,3,137,120
3/20/2025 10:00,137,3,Thursday,3,0,0,random_or_none,1,rainy,0.946,260,0,0,0,1,0.29,0,0,outbreak_period,3,135,117
3/20/2025 11:00,135,3,Thursday,3,0,0,random_or_none,0,sunny,0.304,260,0,0,0,1,0.29,0,0,outbreak_period,3,141,128
3/20/2025 12:00,141,3,Thursday,3,0,0,random_or_none,2,cold,0.474,260,0,0,0,1,0.29,0,0,outbreak_period,3,143,143
3/20/2025 13:00,143,3,Thursday,3,0,0,random_or_none,0,sunny,0.202,260,0,0,0,1,0.29,0,0,outbreak_period,3,151,149
3/20/2025 14:00,151,3,Thursday,3,0,0,random_or_none,0,sunny,0.249,260,0,0,0,1,0.29,0,0,outbreak_period,3,151,155
3/20/2025 15:00,151,3,Thursday,3,0,0,random_or_none,5,windy,0.624,260,0,0,0,1,0.29,0,0,outbreak_period,3,151,147
3/20/2025 16:00,151,3,Thursday,3,0,0,random_or_none,3,hot,0.541,260,0,0,0,1,0.29,0,0,outbreak_period,3,155,228
3/20/2025 17:00,155,3,Thursday,3,0,0,random_or_none,5,windy,0.755,260,0,0,0,1,0.29,0,0,outbreak_period,3,145,189
3/20/2025 18:00,145,3,Thursday,3,0,0,random_or_none,5,windy,0.444,260,0,0,0,1,0.29,0,0,outbreak_period,3,144,173
3/20/2025 19:00,144,3,Thursday,3,0,0,random_or_none,3,hot,0.184,260,0,0,0,1,0.29,0,0,outbreak_period,3,133,217
3/20/2025 20:00,133,3,Thursday,3,0,0,random_or_none,0,sunny,0.277,260,0,0,0,1,0.29,0,0,outbreak_period,3,124,174
3/20/2025 21:00,124,3,Thursday,3,0,0,random_or_none,0,sunny,0.132,260,0,0,0,1,0.29,0,0,outbreak_period,3,116,147
3/20/2025 22:00,116,3,Thursday,3,0,0,random_or_none,2,cold,0.267,260,0,0,0,1,0.29,0,0,outbreak_period,3,111,133
3/20/2025 23:00,111,3,Thursday,3,0,0,random_or_none,1,rainy,0.578,260,0,0,0,1,0.29,0,0,outbreak_period,3,104,122
3/21/2025 0:00,104,4,Friday,3,0,0,random_or_none,0,sunny,0.063,260,0,0,0,1,0.29,0,0,outbreak_period,3,101,104
3/21/2025 1:00,101,4,Friday,3,0,0,random_or_none,1,rainy,0.471,260,0,0,0,1,0.29,0,0,outbreak_period,3,94,88
3/21/2025 2:00,94,4,Friday,3,0,0,random_or_none,0,sunny,0.212,260,0,0,0,1,0.29,0,0,outbreak_period,3,96,85
3/21/2025 3:00,96,4,Friday,3,0,0,random_or_none,1,rainy,0.586,260,0,0,0,1,0.29,0,0,outbreak_period,3,99,80
3/21/2025 4:00,99,4,Friday,3,0,0,random_or_none,0,sunny,0.075,260,0,0,0,1,0.29,0,0,outbreak_period,3,97,82
3/21/2025 5:00,97,4,Friday,3,0,0,random_or_none,0,sunny,0.283,260,0,0,0,1,0.29,0,0,outbreak_period,3,107,127
3/21/2025 6:00,107,4,Friday,3,0,0,random_or_none,3,hot,0.321,260,0,0,0,1,0.29,0,0,outbreak_period,3,112,101
3/21/2025 7:00,112,4,Friday,3,0,0,random_or_none,1,rainy,0.352,260,0,0,0,1,0.29,0,0,outbreak_period,3,115,101
3/21/2025 8:00,115,4,Friday,3,0,0,random_or_none,0,sunny,0.096,260,0,0,0,1,0.29,0,0,outbreak_period,3,120,99
3/21/2025 9:00,120,4,Friday,3,0,0,random_or_none,1,rainy,0.321,260,0,0,0,1,0.29,0,0,outbreak_period,3,117,105
3/21/2025 10:00,117,4,Friday,3,0,0,random_or_none,0,sunny,0.019,260,0,0,0,1,0.29,0,0,outbreak_period,3,128,111
3/21/2025 11:00,128,4,Friday,3,0,0,random_or_none,0,sunny,0.07,260,0,0,0,1,0.29,0,0,outbreak_period,3,143,117
3/21/2025 12:00,143,4,Friday,3,0,0,random_or_none,1,rainy,0.578,260,0,0,0,1,0.29,0,0,outbreak_period,3,149,123
3/21/2025 13:00,149,4,Friday,3,0,0,random_or_none,4,dusty,0.628,260,0,0,0,1,0.29,0,0,outbreak_period,3,155,136
3/21/2025 14:00,155,4,Friday,3,0,0,random_or_none,1,rainy,0.865,260,0,0,0,1,0.29,0,0,outbreak_period,3,147,135
3/21/2025 15:00,147,4,Friday,3,0,0,random_or_none,0,sunny,0.232,260,0,0,0,1,0.29,0,0,outbreak_period,3,228,138
3/21/2025 16:00,228,4,Friday,3,0,0,random_or_none,5,windy,0.892,260,0,1,161.7,1,0.29,0,0,emergency_spike,5,189,146
3/21/2025 17:00,189,4,Friday,3,0,0,random_or_none,0,sunny,0.277,260,0,0,0,1,0.29,0,0,outbreak_period,3,173,147
3/21/2025 18:00,173,4,Friday,3,0,0,random_or_none,0,sunny,0.253,260,0,0,0,1,0.29,0,0,outbreak_period,3,217,139
3/21/2025 19:00,217,4,Friday,3,0,0,random_or_none,5,windy,0.737,260,0,1,130.51,1,0.29,0,0,emergency_spike,5,174,133
3/21/2025 20:00,174,4,Friday,3,0,0,random_or_none,0,sunny,0.244,260,0,0,0,1,0.29,0,0,outbreak_period,3,147,130
3/21/2025 21:00,147,4,Friday,3,0,0,random_or_none,0,sunny,0.067,260,0,0,0,1,0.29,0,0,outbreak_period,3,133,125
3/21/2025 22:00,133,4,Friday,3,0,0,random_or_none,4,dusty,0.478,260,0,0,0,1,0.29,0,0,outbreak_period,3,122,114
3/21/2025 23:00,122,4,Friday,3,0,0,random_or_none,2,cold,0.194,260,0,0,0,1,0.29,0,0,outbreak_period,3,104,97
3/22/2025 0:00,104,5,Saturday,3,1,0,random_or_none,3,hot,0.481,260,0,0,0,1,0.29,0,0,outbreak_period,3,88,89
3/22/2025 1:00,88,5,Saturday,3,1,0,random_or_none,3,hot,0.419,260,0,0,0,1,0.29,0,0,outbreak_period,3,85,84
3/22/2025 2:00,85,5,Saturday,3,1,0,random_or_none,1,rainy,0.448,260,0,0,0,1,0.29,0,0,outbreak_period,3,80,76
3/22/2025 3:00,80,5,Saturday,3,1,0,random_or_none,0,sunny,0.231,260,0,0,0,1,0.29,0,0,outbreak_period,3,82,71
3/22/2025 4:00,82,5,Saturday,3,1,0,random_or_none,5,windy,0.82,260,0,0,0,1,0.29,0,0,outbreak_period,3,127,71
3/22/2025 5:00,127,5,Saturday,3,1,0,random_or_none,2,cold,0.167,260,0,1,101.71,1,0.29,0,0,emergency_spike,5,101,73
3/22/2025 6:00,101,5,Saturday,3,1,0,random_or_none,0,sunny,0.262,260,0,0,0,1,0.29,0,0,outbreak_period,3,101,80
3/22/2025 7:00,101,5,Saturday,3,1,0,random_or_none,1,rainy,0.795,260,0,0,0,1,0.29,0,0,outbreak_period,3,99,86
3/22/2025 8:00,99,5,Saturday,3,1,0,random_or_none,2,cold,0.259,260,0,0,0,1,0.29,0,0,outbreak_period,3,105,95
3/22/2025 9:00,105,5,Saturday,3,1,0,random_or_none,2,cold,0.813,260,0,0,0,1,0.29,0,0,outbreak_period,3,111,97
3/22/2025 10:00,111,5,Saturday,3,1,0,random_or_none,5,windy,0.639,260,0,0,0,1,0.29,0,0,outbreak_period,3,117,100
3/22/2025 11:00,117,5,Saturday,3,1,0,random_or_none,4,dusty,0.787,260,0,0,0,1,0.29,0,0,outbreak_period,3,123,116
3/22/2025 12:00,123,5,Saturday,3,1,0,random_or_none,0,sunny,0.231,260,0,0,0,1,0.29,0,0,outbreak_period,3,136,112
3/22/2025 13:00,136,5,Saturday,3,1,0,random_or_none,5,windy,0.294,260,0,1,33.99,1,0.29,0,0,emergency_spike,5,135,118
3/22/2025 14:00,135,5,Saturday,3,1,0,random_or_none,5,windy,0.882,260,0,0,0,1,0.29,0,0,outbreak_period,3,138,119
3/22/2025 15:00,138,5,Saturday,3,1,0,random_or_none,1,rainy,0.494,260,0,0,0,1,0.29,0,0,outbreak_period,3,146,119
3/22/2025 16:00,146,5,Saturday,3,1,0,random_or_none,1,rainy,0.643,260,0,0,0,1,0.29,0,0,outbreak_period,3,147,118
3/22/2025 17:00,147,5,Saturday,3,1,0,random_or_none,1,rainy,0.902,260,0,0,0,1,0.29,0,0,outbreak_period,3,139,127
3/22/2025 18:00,139,5,Saturday,3,1,0,random_or_none,5,windy,0.534,260,0,0,0,1,0.29,0,0,outbreak_period,3,133,132
3/22/2025 19:00,133,5,Saturday,3,1,0,random_or_none,0,sunny,0.041,260,0,0,0,1,0.29,0,0,outbreak_period,3,130,130
3/22/2025 20:00,130,5,Saturday,3,1,0,random_or_none,1,rainy,0.76,260,0,0,0,1,0.29,0,0,outbreak_period,3,125,122
3/22/2025 21:00,125,5,Saturday,3,1,0,random_or_none,0,sunny,0.033,260,0,1,25.97,1,0.29,0,0,emergency_spike,5,114,112
3/22/2025 22:00,114,5,Saturday,3,1,0,random_or_none,5,windy,0.377,260,0,0,0,1,0.29,0,0,outbreak_period,3,97,93
3/22/2025 23:00,97,5,Saturday,3,1,0,random_or_none,0,sunny,0.257,260,0,0,0,1,0.29,0,0,outbreak_period,3,89,92
3/23/2025 0:00,89,6,Sunday,3,1,0,random_or_none,5,windy,0.802,260,0,0,0,1,0.29,0,0,outbreak_period,3,84,97
3/23/2025 1:00,84,6,Sunday,3,1,0,random_or_none,2,cold,0.645,260,0,0,0,1,0.29,0,0,outbreak_period,3,76,98
3/23/2025 2:00,76,6,Sunday,3,1,0,random_or_none,0,sunny,0.091,260,0,0,0,1,0.29,0,0,outbreak_period,3,71,95
3/23/2025 3:00,71,6,Sunday,3,1,0,random_or_none,0,sunny,0.345,260,0,0,0,1,0.29,0,0,outbreak_period,3,71,95
3/23/2025 4:00,71,6,Sunday,3,1,0,random_or_none,0,sunny,0.325,260,0,0,0,1,0.29,0,0,outbreak_period,3,73,94
3/23/2025 5:00,73,6,Sunday,3,1,0,random_or_none,0,sunny,0.027,260,0,0,0,1,0.29,0,0,outbreak_period,3,80,96
3/23/2025 6:00,80,6,Sunday,3,1,0,random_or_none,4,dusty,0.356,260,0,0,0,1,0.29,0,0,outbreak_period,3,86,108
3/23/2025 7:00,86,6,Sunday,3,1,0,random_or_none,1,rainy,0.651,260,0,0,0,1,0.29,0,0,outbreak_period,3,95,111
3/23/2025 8:00,95,6,Sunday,3,1,0,random_or_none,1,rainy,0.862,260,0,0,0,1,0.29,0,0,outbreak_period,3,97,125
3/23/2025 9:00,97,6,Sunday,3,1,0,random_or_none,0,sunny,0.316,260,0,0,0,1,0.29,0,0,outbreak_period,3,100,126
3/23/2025 10:00,100,6,Sunday,3,1,0,random_or_none,5,windy,0.853,260,0,0,0,1,0.29,0,0,outbreak_period,3,116,135
3/23/2025 11:00,116,6,Sunday,3,1,0,random_or_none,1,rainy,0.154,260,0,0,0,1,0.29,0,0,outbreak_period,3,112,137
3/23/2025 12:00,112,6,Sunday,3,1,0,random_or_none,0,sunny,0.043,260,0,0,0,1,0.29,0,0,outbreak_period,3,118,140
3/23/2025 13:00,118,6,Sunday,3,1,0,random_or_none,5,windy,0.399,260,0,0,0,1,0.29,0,0,outbreak_period,3,119,148
3/23/2025 14:00,119,6,Sunday,3,1,0,random_or_none,0,sunny,0.048,260,0,0,0,1,0.29,0,0,outbreak_period,3,119,145
3/23/2025 15:00,119,6,Sunday,3,1,0,random_or_none,0,sunny,0.07,260,0,0,0,1,0.29,0,0,outbreak_period,3,118,148
3/23/2025 16:00,118,6,Sunday,3,1,0,random_or_none,5,windy,0.736,260,0,0,0,1,0.29,0,0,outbreak_period,3,127,156
3/23/2025 17:00,127,6,Sunday,3,1,0,random_or_none,4,dusty,0.388,260,0,0,0,1,0.29,0,0,outbreak_period,3,132,157
3/23/2025 18:00,132,6,Sunday,3,1,0,random_or_none,2,cold,0.638,260,0,0,0,1,0.29,0,0,outbreak_period,3,130,157
3/23/2025 19:00,130,6,Sunday,3,1,0,random_or_none,1,rainy,0.283,260,0,0,0,1,0.29,0,0,outbreak_period,3,122,161
3/23/2025 20:00,122,6,Sunday,3,1,0,random_or_none,5,windy,0.57,260,0,0,0,1,0.29,0,0,outbreak_period,3,112,148
3/23/2025 21:00,112,6,Sunday,3,1,0,random_or_none,0,sunny,0.134,260,0,0,0,1,0.29,0,0,outbreak_period,3,93,131
3/23/2025 22:00,93,6,Sunday,3,1,0,random_or_none,0,sunny,0.314,260,0,0,0,1,0.29,0,0,outbreak_period,3,92,122
3/23/2025 23:00,92,6,Sunday,3,1,0,random_or_none,4,dusty,0.39,260,0,0,0,1,0.29,0,0,outbreak_period,3,97,120
3/24/2025 0:00,97,0,Monday,3,0,0,random_or_none,5,windy,0.953,260,0,0,0,1,0.29,0,0,outbreak_period,3,98,112
3/24/2025 1:00,98,0,Monday,3,0,0,random_or_none,2,cold,0.422,260,0,0,0,1,0.29,0,0,outbreak_period,3,95,110
3/24/2025 2:00,95,0,Monday,3,0,0,random_or_none,0,sunny,0.075,260,0,0,0,1,0.29,0,0,outbreak_period,3,95,100
3/24/2025 3:00,95,0,Monday,3,0,0,random_or_none,0,sunny,0.241,260,0,0,0,1,0.29,0,0,outbreak_period,3,94,94
3/24/2025 4:00,94,0,Monday,3,0,0,random_or_none,0,sunny,0.199,260,0,0,0,1,0.29,0,0,outbreak_period,3,96,88
3/24/2025 5:00,96,0,Monday,3,0,0,random_or_none,0,sunny,0.074,260,0,0,0,1,0.29,0,0,outbreak_period,3,108,95
3/24/2025 6:00,108,0,Monday,3,0,0,random_or_none,1,rainy,0.723,260,0,0,0,1,0.29,0,0,outbreak_period,3,111,98
3/24/2025 7:00,111,0,Monday,3,0,0,random_or_none,1,rainy,0.667,260,0,0,0,1,0.29,0,0,outbreak_period,3,125,104
3/24/2025 8:00,125,0,Monday,3,0,0,random_or_none,1,rainy,0.801,260,0,0,0,1,0.29,0,0,outbreak_period,3,126,110
3/24/2025 9:00,126,0,Monday,3,0,0,random_or_none,0,sunny,0.096,260,0,0,0,1,0.29,0,0,outbreak_period,3,135,127
3/24/2025 10:00,135,0,Monday,3,0,0,random_or_none,1,rainy,0.631,260,0,0,0,1,0.29,0,0,outbreak_period,3,137,123
3/24/2025 11:00,137,0,Monday,3,0,0,random_or_none,0,sunny,0.274,260,0,0,0,1,0.29,0,0,outbreak_period,3,140,129
3/24/2025 12:00,140,0,Monday,3,0,0,random_or_none,0,sunny,0.162,260,0,0,0,1,0.29,0,0,outbreak_period,3,148,139
3/24/2025 13:00,148,0,Monday,3,0,0,random_or_none,1,rainy,0.572,260,0,0,0,1,0.29,0,0,outbreak_period,3,145,143
3/24/2025 14:00,145,0,Monday,3,0,0,random_or_none,0,sunny,0.164,260,0,0,0,1,0.29,0,0,outbreak_period,3,148,139
3/24/2025 15:00,148,0,Monday,3,0,0,random_or_none,0,sunny,0.121,260,0,0,0,1,0.29,0,0,outbreak_period,3,156,142
3/24/2025 16:00,156,0,Monday,3,0,0,random_or_none,5,windy,0.575,260,0,0,0,1,0.29,0,0,outbreak_period,3,157,140
3/24/2025 17:00,157,0,Monday,3,0,0,random_or_none,5,windy,0.967,260,0,0,0,1,0.29,0,0,outbreak_period,3,157,148
3/24/2025 18:00,157,0,Monday,3,0,0,random_or_none,0,sunny,0.078,260,0,0,0,1,0.29,0,0,outbreak_period,3,161,154
3/24/2025 19:00,161,0,Monday,3,0,0,random_or_none,2,cold,0.643,260,0,0,0,1,0.29,0,0,outbreak_period,3,148,147
3/24/2025 20:00,148,0,Monday,3,0,0,random_or_none,0,sunny,0.253,260,0,0,0,1,0.29,0,0,outbreak_period,3,131,138
3/24/2025 21:00,131,0,Monday,3,0,0,random_or_none,0,sunny,0.241,260,0,0,0,1,0.29,0,0,outbreak_period,3,122,133
3/24/2025 22:00,122,0,Monday,3,0,0,random_or_none,2,cold,0.132,260,0,0,0,1,0.29,0,0,outbreak_period,3,120,124
3/24/2025 23:00,120,0,Monday,3,0,0,random_or_none,5,windy,0.832,260,0,0,0,1,0.29,0,0,outbreak_period,3,112,113
3/25/2025 0:00,112,1,Tuesday,3,0,0,random_or_none,4,dusty,0.638,260,0,0,0,1,0.29,0,0,outbreak_period,3,110,102
3/25/2025 1:00,110,1,Tuesday,3,0,0,random_or_none,1,rainy,0.83,260,0,0,0,1,0.29,0,0,outbreak_period,3,100,90
3/25/2025 2:00,100,1,Tuesday,3,0,0,random_or_none,5,windy,0.753,260,0,0,0,1,0.29,0,0,outbreak_period,3,94,97
3/25/2025 3:00,94,1,Tuesday,3,0,0,random_or_none,0,sunny,0.27,260,0,0,0,1,0.29,0,0,outbreak_period,3,88,88
3/25/2025 4:00,88,1,Tuesday,3,0,0,random_or_none,0,sunny,0.268,260,0,0,0,1,0.29,0,0,outbreak_period,3,95,86
3/25/2025 5:00,95,1,Tuesday,3,0,0,random_or_none,0,sunny,0.226,260,0,0,0,1,0.29,0,0,outbreak_period,3,98,86
3/25/2025 6:00,98,1,Tuesday,3,0,0,random_or_none,5,windy,0.306,260,0,0,0,1,0.29,0,0,outbreak_period,3,104,119
3/25/2025 7:00,104,1,Tuesday,3,0,0,random_or_none,1,rainy,0.54,260,0,0,0,1,0.29,0,0,outbreak_period,3,110,133
3/25/2025 8:00,110,1,Tuesday,3,0,0,random_or_none,2,cold,0.671,260,0,0,0,1,0.29,0,0,outbreak_period,3,127,127
3/25/2025 9:00,127,1,Tuesday,3,0,0,random_or_none,5,windy,0.776,260,0,0,0,1,0.29,0,0,outbreak_period,3,123,118
3/25/2025 10:00,123,1,Tuesday,3,0,0,random_or_none,0,sunny,0.321,260,0,0,0,1,0.29,0,0,outbreak_period,3,129,126
3/25/2025 11:00,129,1,Tuesday,3,0,0,random_or_none,0,sunny,0.14,260,0,0,0,1,0.29,0,0,outbreak_period,3,139,135
3/25/2025 12:00,139,1,Tuesday,3,0,0,random_or_none,1,rainy,0.699,260,0,0,0,1,0.29,0,0,outbreak_period,3,143,140
3/25/2025 13:00,143,1,Tuesday,3,0,0,random_or_none,1,rainy,0.236,260,0,0,0,1,0.29,0,0,outbreak_period,3,139,140
3/25/2025 14:00,139,1,Tuesday,3,0,0,random_or_none,0,sunny,0.161,260,0,0,0,1,0.29,0,0,outbreak_period,3,142,147
3/25/2025 15:00,142,1,Tuesday,3,0,0,random_or_none,0,sunny,0.041,260,0,0,0,1,0.29,0,0,outbreak_period,3,140,145
3/25/2025 16:00,140,1,Tuesday,3,0,0,random_or_none,0,sunny,0.074,260,0,0,0,1,0.29,0,0,outbreak_period,3,148,151
3/25/2025 17:00,148,1,Tuesday,3,0,0,random_or_none,1,rainy,0.446,260,0,0,0,1,0.29,0,0,outbreak_period,3,154,145
3/25/2025 18:00,154,1,Tuesday,3,0,0,random_or_none,1,rainy,0.892,260,0,0,0,1,0.29,0,0,outbreak_period,3,147,152
3/25/2025 19:00,147,1,Tuesday,3,0,0,random_or_none,0,sunny,0.213,260,0,0,0,1,0.29,0,0,outbreak_period,3,138,147
3/25/2025 20:00,138,1,Tuesday,3,0,0,random_or_none,0,sunny,0.017,260,0,0,0,1,0.29,0,0,outbreak_period,3,133,147
3/25/2025 21:00,133,1,Tuesday,3,0,0,random_or_none,2,cold,0.531,260,0,0,0,1,0.29,0,0,outbreak_period,3,124,141
3/25/2025 22:00,124,1,Tuesday,3,0,0,random_or_none,1,rainy,0.37,260,0,0,0,1,0.29,0,0,outbreak_period,3,113,133
3/25/2025 23:00,113,1,Tuesday,3,0,0,random_or_none,1,rainy,0.326,260,0,0,0,1,0.29,0,0,outbreak_period,3,102,121
3/26/2025 0:00,102,2,Wednesday,3,0,0,random_or_none,5,windy,0.588,260,0,0,0,1,0.29,0,0,outbreak_period,3,90,112
3/26/2025 1:00,90,2,Wednesday,3,0,0,random_or_none,0,sunny,0.001,260,0,0,0,1,0.29,0,0,outbreak_period,3,97,103
3/26/2025 2:00,97,2,Wednesday,3,0,0,random_or_none,4,dusty,0.667,260,0,0,0,1,0.29,0,0,outbreak_period,3,88,94
3/26/2025 3:00,88,2,Wednesday,3,0,0,random_or_none,0,sunny,0.239,260,0,0,0,1,0.29,0,0,outbreak_period,3,86,90
3/26/2025 4:00,86,2,Wednesday,3,0,0,random_or_none,0,sunny,0.159,260,0,0,0,1,0.29,0,0,outbreak_period,3,86,81
3/26/2025 5:00,86,2,Wednesday,3,0,0,random_or_none,0,sunny,0.341,260,0,0,0,1,0.29,0,0,outbreak_period,3,119,95
3/26/2025 6:00,119,2,Wednesday,3,0,0,random_or_none,0,sunny,0.266,260,0,1,61.03,1,0.29,0,0,emergency_spike,5,133,99
3/26/2025 7:00,133,2,Wednesday,3,0,0,random_or_none,2,cold,0.454,260,0,1,37.42,1,0.29,0,0,emergency_spike,5,127,100
3/26/2025 8:00,127,2,Wednesday,3,0,0,random_or_none,5,windy,0.441,260,0,0,0,1,0.29,0,0,outbreak_period,3,118,115
3/26/2025 9:00,118,2,Wednesday,3,0,0,random_or_none,0,sunny,0.281,260,0,0,0,1,0.29,0,0,outbreak_period,3,126,116
3/26/2025 10:00,126,2,Wednesday,3,0,0,random_or_none,1,rainy,0.431,260,0,0,0,1,0.29,0,0,outbreak_period,3,135,126
3/26/2025 11:00,135,2,Wednesday,3,0,0,random_or_none,1,rainy,0.812,260,0,0,0,1,0.29,0,0,outbreak_period,3,140,130
3/26/2025 12:00,140,2,Wednesday,3,0,0,random_or_none,0,sunny,0.181,260,0,0,0,1,0.29,0,0,outbreak_period,3,140,135
3/26/2025 13:00,140,2,Wednesday,3,0,0,random_or_none,1,rainy,0.366,260,0,0,0,1,0.29,0,0,outbreak_period,3,147,144
3/26/2025 14:00,147,2,Wednesday,3,0,0,random_or_none,5,windy,0.352,260,0,0,0,1,0.29,0,0,outbreak_period,3,145,145
3/26/2025 15:00,145,2,Wednesday,3,0,0,random_or_none,0,sunny,0.202,260,0,0,0,1,0.29,0,0,outbreak_period,3,151,152
3/26/2025 16:00,151,2,Wednesday,3,0,0,random_or_none,1,rainy,0.315,260,0,0,0,1,0.29,0,0,outbreak_period,3,145,152
3/26/2025 17:00,145,2,Wednesday,3,0,0,random_or_none,0,sunny,0.096,260,0,0,0,1,0.29,0,0,outbreak_period,3,152,157
3/26/2025 18:00,152,2,Wednesday,3,0,0,random_or_none,1,rainy,0.88,260,0,0,0,1,0.29,0,0,outbreak_period,3,147,222
3/26/2025 19:00,147,2,Wednesday,3,0,0,random_or_none,4,dusty,0.462,260,0,0,0,1,0.29,0,0,outbreak_period,3,147,193
3/26/2025 20:00,147,2,Wednesday,3,0,0,random_or_none,1,rainy,0.906,260,0,0,0,1,0.29,0,0,outbreak_period,3,141,165
3/26/2025 21:00,141,2,Wednesday,3,0,0,random_or_none,5,windy,0.838,260,0,0,0,1,0.29,0,0,outbreak_period,3,133,150
3/26/2025 22:00,133,2,Wednesday,3,0,0,random_or_none,1,rainy,0.784,260,0,0,0,1,0.29,0,0,outbreak_period,3,121,130
3/26/2025 23:00,121,2,Wednesday,3,0,0,random_or_none,4,dusty,0.31,260,0,0,0,1,0.29,0,0,outbreak_period,3,112,119
3/27/2025 0:00,112,3,Thursday,3,0,0,random_or_none,1,rainy,0.382,260,0,0,0,1,0.29,0,0,outbreak_period,3,103,108
3/27/2025 1:00,103,3,Thursday,3,0,0,random_or_none,0,sunny,0.103,260,0,0,0,1,0.29,0,0,outbreak_period,3,94,108
3/27/2025 2:00,94,3,Thursday,3,0,0,random_or_none,0,sunny,0.289,260,0,0,0,1,0.29,0,0,outbreak_period,3,90,101
3/27/2025 3:00,90,3,Thursday,3,0,0,random_or_none,0,sunny,0.292,260,0,0,0,1,0.29,0,0,outbreak_period,3,81,119
3/27/2025 4:00,81,3,Thursday,3,0,0,random_or_none,0,sunny,0.308,260,0,0,0,1,0.29,0,0,outbreak_period,3,95,113
3/27/2025 5:00,95,3,Thursday,3,0,0,random_or_none,1,rainy,0.913,260,0,0,0,1,0.29,0,0,outbreak_period,3,99,105
3/27/2025 6:00,99,3,Thursday,3,0,0,random_or_none,0,sunny,0.257,260,0,0,0,1,0.29,0,0,outbreak_period,3,100,107
3/27/2025 7:00,100,3,Thursday,3,0,0,random_or_none,0,sunny,0.327,260,0,0,0,1,0.29,0,0,outbreak_period,3,115,108
3/27/2025 8:00,115,3,Thursday,3,0,0,random_or_none,5,windy,0.53,260,0,0,0,1,0.29,0,0,outbreak_period,3,116,116
3/27/2025 9:00,116,3,Thursday,3,0,0,random_or_none,1,rainy,0.289,260,0,0,0,1,0.29,0,0,outbreak_period,3,126,119
3/27/2025 10:00,126,3,Thursday,3,0,0,random_or_none,2,cold,0.703,260,0,0,0,1,0.29,0,0,outbreak_period,3,130,118
3/27/2025 11:00,130,3,Thursday,3,0,0,random_or_none,1,rainy,0.31,260,0,0,0,1,0.29,0,0,outbreak_period,3,135,127
3/27/2025 12:00,135,3,Thursday,3,0,0,random_or_none,0,sunny,0.324,260,0,0,0,1,0.29,0,0,outbreak_period,3,144,187
3/27/2025 13:00,144,3,Thursday,3,0,0,random_or_none,2,cold,0.172,260,0,0,0,1,0.29,0,0,outbreak_period,3,145,170
3/27/2025 14:00,145,3,Thursday,3,0,0,random_or_none,5,windy,0.646,260,0,0,0,1,0.29,0,0,outbreak_period,3,152,179
3/27/2025 15:00,152,3,Thursday,3,0,0,random_or_none,3,hot,0.519,260,0,0,0,1,0.29,0,0,outbreak_period,3,152,164
3/27/2025 16:00,152,3,Thursday,3,0,0,random_or_none,0,sunny,0.268,260,0,0,0,1,0.29,0,0,outbreak_period,3,157,157
3/27/2025 17:00,157,3,Thursday,3,0,0,random_or_none,5,windy,0.673,260,0,0,0,1,0.29,0,0,outbreak_period,3,222,156
3/27/2025 18:00,222,3,Thursday,3,0,0,random_or_none,2,cold,0.758,260,0,1,143.98,1,0.29,0,0,emergency_spike,5,193,156
3/27/2025 19:00,193,3,Thursday,3,0,0,random_or_none,1,rainy,0.76,260,0,0,0,1,0.29,0,0,outbreak_period,3,165,149
3/27/2025 20:00,165,3,Thursday,3,0,0,random_or_none,2,cold,0.163,260,0,0,0,1,0.29,0,0,outbreak_period,3,150,142
3/27/2025 21:00,150,3,Thursday,3,0,0,random_or_none,1,rainy,0.808,260,0,0,0,1,0.29,0,0,outbreak_period,3,130,133
3/27/2025 22:00,130,3,Thursday,3,0,0,random_or_none,5,windy,0.86,260,0,0,0,1,0.29,0,0,outbreak_period,3,119,122
3/27/2025 23:00,119,3,Thursday,3,0,0,random_or_none,5,windy,0.643,260,0,0,0,1,0.29,0,0,outbreak_period,3,108,123
3/28/2025 0:00,108,4,Friday,3,0,0,random_or_none,0,sunny,0.313,260,0,0,0,1,0.29,0,0,outbreak_period,3,108,99
3/28/2025 1:00,108,4,Friday,3,0,0,random_or_none,5,windy,0.983,260,0,0,0,1,0.29,0,0,outbreak_period,3,101,88
3/28/2025 2:00,101,4,Friday,3,0,0,random_or_none,0,sunny,0.023,260,0,0,0,1,0.29,0,0,outbreak_period,3,119,85
3/28/2025 3:00,119,4,Friday,3,0,0,random_or_none,0,sunny,0.036,260,0,1,60.4,1,0.29,0,0,emergency_spike,5,113,82
3/28/2025 4:00,113,4,Friday,3,0,0,random_or_none,1,rainy,0.891,260,0,0,0,1,0.29,0,0,outbreak_period,3,105,75
3/28/2025 5:00,105,4,Friday,3,0,0,random_or_none,0,sunny,0.297,260,0,0,0,1,0.29,0,0,outbreak_period,3,107,79
3/28/2025 6:00,107,4,Friday,3,0,0,random_or_none,5,windy,0.595,260,0,0,0,1,0.29,0,0,outbreak_period,3,108,77
3/28/2025 7:00,108,4,Friday,3,0,0,random_or_none,0,sunny,0.261,260,0,0,0,1,0.29,0,0,outbreak_period,3,116,80
3/28/2025 8:00,116,4,Friday,3,0,0,random_or_none,1,rainy,0.71,260,0,0,0,1,0.29,0,0,outbreak_period,3,119,92
3/28/2025 9:00,119,4,Friday,3,0,0,random_or_none,0,sunny,0.206,260,0,0,0,1,0.29,0,0,outbreak_period,3,118,105
3/28/2025 10:00,118,4,Friday,3,0,0,random_or_none,0,sunny,0.135,260,0,0,0,1,0.29,0,0,outbreak_period,3,127,113
3/28/2025 11:00,127,4,Friday,3,0,0,random_or_none,0,sunny,0.099,260,0,0,0,1,0.29,0,0,outbreak_period,3,187,119
3/28/2025 12:00,187,4,Friday,3,0,0,random_or_none,1,rainy,0.614,260,0,1,110.75,1,0.29,0,0,emergency_spike,5,170,120
3/28/2025 13:00,170,4,Friday,3,0,0,random_or_none,4,dusty,0.466,260,0,0,0,1,0.29,0,0,outbreak_period,3,179,127
3/28/2025 14:00,179,4,Friday,3,0,0,random_or_none,2,cold,0.444,260,0,1,50.88,1,0.29,0,0,emergency_spike,5,164,133
3/28/2025 15:00,164,4,Friday,3,0,0,random_or_none,0,sunny,0.316,260,0,0,0,1,0.29,0,0,outbreak_period,3,157,131
3/28/2025 16:00,157,4,Friday,3,0,0,random_or_none,1,rainy,0.29,260,0,0,0,1,0.29,0,0,outbreak_period,3,156,133
3/28/2025 17:00,156,4,Friday,3,0,0,random_or_none,1,rainy,0.837,260,0,0,0,1,0.29,0,0,outbreak_period,3,156,127
3/28/2025 18:00,156,4,Friday,3,0,0,random_or_none,5,windy,0.786,260,0,0,0,1,0.29,0,0,outbreak_period,3,149,128
3/28/2025 19:00,149,4,Friday,3,0,0,random_or_none,3,hot,0.635,260,0,0,0,1,0.29,0,0,outbreak_period,3,142,123
3/28/2025 20:00,142,4,Friday,3,0,0,random_or_none,5,windy,0.646,260,0,0,0,1,0.29,0,0,outbreak_period,3,133,163
3/28/2025 21:00,133,4,Friday,3,0,0,random_or_none,1,rainy,0.618,260,0,0,0,1,0.29,0,0,outbreak_period,3,122,139
3/28/2025 22:00,122,4,Friday,3,0,0,random_or_none,0,sunny,0.01,260,0,0,0,1,0.29,0,0,outbreak_period,3,123,119
3/28/2025 23:00,123,4,Friday,3,0,0,random_or_none,1,rainy,0.693,260,0,0,0,1,0.29,0,0,outbreak_period,3,99,106
3/29/2025 0:00,99,5,Saturday,3,1,0,random_or_none,0,sunny,0.27,260,0,0,0,1,0.29,0,0,outbreak_period,3,88,96
3/29/2025 1:00,88,5,Saturday,3,1,0,random_or_none,2,cold,0.646,260,0,0,0,1,0.29,0,0,outbreak_period,3,85,89
3/29/2025 2:00,85,5,Saturday,3,1,0,random_or_none,3,hot,0.888,260,0,0,0,1,0.29,0,0,outbreak_period,3,82,75
3/29/2025 3:00,82,5,Saturday,3,1,0,random_or_none,5,windy,0.569,260,0,0,0,1,0.29,0,0,outbreak_period,3,75,70
3/29/2025 4:00,75,5,Saturday,3,1,0,random_or_none,0,sunny,0.061,260,0,0,0,1,0.29,0,0,outbreak_period,3,79,77
3/29/2025 5:00,79,5,Saturday,3,1,0,random_or_none,5,windy,0.637,260,0,0,0,1,0.29,0,0,outbreak_period,3,77,75
3/29/2025 6:00,77,5,Saturday,3,1,0,random_or_none,5,windy,0.443,260,0,0,0,1,0.29,0,0,outbreak_period,3,80,77
3/29/2025 7:00,80,5,Saturday,3,1,0,random_or_none,0,sunny,0.008,260,0,0,0,1,0.29,0,0,outbreak_period,3,92,86
3/29/2025 8:00,92,5,Saturday,3,1,0,random_or_none,0,sunny,0.012,260,0,0,0,1,0.29,0,0,outbreak_period,3,105,96
3/29/2025 9:00,105,5,Saturday,3,1,0,random_or_none,1,rainy,0.842,260,0,0,0,1,0.29,0,0,outbreak_period,3,113,96
3/29/2025 10:00,113,5,Saturday,3,1,0,random_or_none,5,windy,0.991,260,0,0,0,1,0.29,0,0,outbreak_period,3,119,174
3/29/2025 11:00,119,5,Saturday,3,1,0,random_or_none,2,cold,0.476,260,0,0,0,1,0.29,0,0,outbreak_period,3,120,144
3/29/2025 12:00,120,5,Saturday,3,1,0,random_or_none,2,cold,0.74,260,0,0,0,1,0.29,0,0,outbreak_period,3,127,140
3/29/2025 13:00,127,5,Saturday,3,1,0,random_or_none,2,cold,0.527,260,0,0,0,1,0.29,0,0,outbreak_period,3,133,124
3/29/2025 14:00,133,5,Saturday,3,1,0,random_or_none,1,rainy,0.231,260,0,0,0,1,0.29,0,0,outbreak_period,3,131,124
3/29/2025 15:00,131,5,Saturday,3,1,0,random_or_none,0,sunny,0.287,260,0,0,0,1,0.29,0,0,outbreak_period,3,133,123
3/29/2025 16:00,133,5,Saturday,3,1,0,random_or_none,2,cold,0.393,260,0,0,0,1,0.29,0,0,outbreak_period,3,127,124
3/29/2025 17:00,127,5,Saturday,3,1,0,random_or_none,0,sunny,0.187,260,0,0,0,1,0.29,0,0,outbreak_period,3,128,124
3/29/2025 18:00,128,5,Saturday,3,1,0,random_or_none,1,rainy,0.639,260,0,0,0,1,0.29,0,0,outbreak_period,3,123,124
3/29/2025 19:00,123,5,Saturday,3,1,0,random_or_none,2,cold,0.537,260,0,0,0,1,0.29,0,0,outbreak_period,3,163,117
3/29/2025 20:00,163,5,Saturday,3,1,0,random_or_none,3,hot,0.673,260,0,1,88.88,1,0.29,0,0,emergency_spike,5,139,119
3/29/2025 21:00,139,5,Saturday,3,1,0,random_or_none,0,sunny,0.071,260,0,0,0,1,0.29,0,0,outbreak_period,3,119,113
3/29/2025 22:00,119,5,Saturday,3,1,0,random_or_none,0,sunny,0.265,260,0,0,0,1,0.29,0,0,outbreak_period,3,106,105
3/29/2025 23:00,106,5,Saturday,3,1,0,random_or_none,2,cold,0.523,260,0,0,0,1,0.29,0,0,outbreak_period,3,96,96
3/30/2025 0:00,96,6,Sunday,3,1,0,random_or_none,2,cold,0.706,260,0,0,0,1,0.29,0,0,outbreak_period,3,89,122
3/30/2025 1:00,89,6,Sunday,3,1,0,random_or_none,5,windy,0.986,260,0,0,0,1,0.29,0,0,outbreak_period,3,75,104
3/30/2025 2:00,75,6,Sunday,3,1,0,random_or_none,0,sunny,0.253,260,0,0,0,1,0.29,0,0,outbreak_period,3,70,100
3/30/2025 3:00,70,6,Sunday,3,1,0,random_or_none,0,sunny,0.167,260,0,0,0,1,0.29,0,0,outbreak_period,3,77,88
3/30/2025 4:00,77,6,Sunday,3,1,0,random_or_none,2,cold,0.271,260,0,0,0,1,0.29,0,0,outbreak_period,3,75,84
3/30/2025 5:00,75,6,Sunday,3,1,0,random_or_none,0,sunny,0.213,260,0,0,0,1,0.29,0,0,outbreak_period,3,77,87
3/30/2025 6:00,77,6,Sunday,3,1,0,random_or_none,5,windy,0.262,260,0,0,0,1,0.29,0,0,outbreak_period,3,86,96
3/30/2025 7:00,86,6,Sunday,3,1,0,random_or_none,5,windy,0.624,260,0,0,0,1,0.29,0,0,outbreak_period,3,96,113
3/30/2025 8:00,96,6,Sunday,3,1,0,random_or_none,5,windy,0.913,260,0,0,0,1,0.29,0,0,outbreak_period,3,96,116
3/30/2025 9:00,96,6,Sunday,3,1,0,random_or_none,0,sunny,0.004,260,0,0,0,1,0.29,0,0,outbreak_period,3,174,120
3/30/2025 10:00,174,6,Sunday,3,1,0,random_or_none,5,windy,0.859,260,0,1,146.91,1,0.29,0,0,emergency_spike,5,144,119
3/30/2025 11:00,144,6,Sunday,3,1,0,random_or_none,0,sunny,0.02,260,0,0,0,1,0.29,0,0,outbreak_period,3,140,126
3/30/2025 12:00,140,6,Sunday,3,1,0,random_or_none,0,sunny,0.11,260,0,0,0,1,0.29,0,0,outbreak_period,3,124,131
3/30/2025 13:00,124,6,Sunday,3,1,0,random_or_none,0,sunny,0.139,260,0,0,0,1,0.29,0,0,outbreak_period,3,124,139
3/30/2025 14:00,124,6,Sunday,3,1,0,random_or_none,5,windy,0.351,260,0,0,0,1,0.29,0,0,outbreak_period,3,123,157
3/30/2025 15:00,123,6,Sunday,3,1,0,random_or_none,2,cold,0.744,260,0,0,0,1,0.29,0,0,outbreak_period,3,124,152
3/30/2025 16:00,124,6,Sunday,3,1,0,random_or_none,0,sunny,0.128,260,0,0,0,1,0.29,0,0,outbreak_period,3,124,147
3/30/2025 17:00,124,6,Sunday,3,1,0,random_or_none,2,cold,0.339,260,0,0,0,1,0.29,0,0,outbreak_period,3,124,146
3/30/2025 18:00,124,6,Sunday,3,1,0,random_or_none,0,sunny,0.121,260,0,0,0,1,0.29,0,0,outbreak_period,3,117,141
3/30/2025 19:00,117,6,Sunday,3,1,0,random_or_none,0,sunny,0.319,260,0,0,0,1,0.29,0,0,outbreak_period,3,119,127
3/30/2025 20:00,119,6,Sunday,3,1,0,random_or_none,1,rainy,0.394,260,0,0,0,1,0.29,0,0,outbreak_period,3,113,121
3/30/2025 21:00,113,6,Sunday,3,1,0,random_or_none,5,windy,0.25,260,0,0,0,1,0.29,0,0,outbreak_period,3,105,103
3/30/2025 22:00,105,6,Sunday,3,1,0,random_or_none,5,windy,0.917,260,0,0,0,1,0.29,0,0,outbreak_period,3,96,121
3/30/2025 23:00,96,6,Sunday,3,1,0,random_or_none,0,sunny,0.338,260,0,0,0,1,0.29,0,0,outbreak_period,3,122,100
3/31/2025 0:00,122,0,Monday,3,0,1,random_or_none,2,cold,0.388,260,0,1,69.88,1,0.29,0,0,emergency_spike,5,104,96
3/31/2025 1:00,104,0,Monday,3,0,1,random_or_none,0,sunny,0.231,260,0,0,0,1,0.29,0,0,outbreak_period,3,100,85
3/31/2025 2:00,100,0,Monday,3,0,1,random_or_none,5,windy,0.3,260,0,0,0,1,0.29,0,0,outbreak_period,3,88,72
3/31/2025 3:00,88,0,Monday,3,0,1,random_or_none,0,sunny,0.29,260,0,0,0,1,0.29,0,0,outbreak_period,3,84,75
3/31/2025 4:00,84,0,Monday,3,0,1,random_or_none,5,windy,0.365,260,0,0,0,1,0.29,0,0,outbreak_period,3,87,75
3/31/2025 5:00,87,0,Monday,3,0,1,random_or_none,5,windy,0.972,260,0,0,0,1,0.29,0,0,outbreak_period,3,96,76
3/31/2025 6:00,96,0,Monday,3,0,1,random_or_none,1,rainy,0.912,260,0,0,0,1,0.29,0,0,outbreak_period,3,113,77
3/31/2025 7:00,113,0,Monday,3,0,1,random_or_none,1,rainy,0.489,260,0,0,0,1,0.29,0,0,outbreak_period,3,116,78
3/31/2025 8:00,116,0,Monday,3,0,1,random_or_none,5,windy,0.491,260,0,0,0,1,0.29,0,0,outbreak_period,3,120,80
3/31/2025 9:00,120,0,Monday,3,0,1,random_or_none,4,dusty,0.411,260,0,0,0,1,0.29,0,0,outbreak_period,3,119,86
3/31/2025 10:00,119,0,Monday,3,0,1,random_or_none,0,sunny,0.35,260,0,0,0,1,0.29,0,0,outbreak_period,3,126,94
3/31/2025 11:00,126,0,Monday,3,0,1,random_or_none,0,sunny,0.096,260,0,0,0,1,0.29,0,0,outbreak_period,3,131,96
3/31/2025 12:00,131,0,Monday,3,0,1,random_or_none,0,sunny,0.229,260,0,0,0,1,0.29,0,0,outbreak_period,3,139,108
3/31/2025 13:00,139,0,Monday,3,0,1,random_or_none,5,windy,0.912,260,0,0,0,1,0.29,0,0,outbreak_period,3,157,109
3/31/2025 14:00,157,0,Monday,3,0,1,random_or_none,0,sunny,0.003,260,0,1,48.53,1,0.29,0,0,emergency_spike,5,152,121
3/31/2025 15:00,152,0,Monday,3,0,1,random_or_none,1,rainy,0.614,260,0,0,0,1,0.29,0,0,outbreak_period,3,147,119
3/31/2025 16:00,147,0,Monday,3,0,1,random_or_none,2,cold,0.514,260,0,0,0,1,0.29,0,0,outbreak_period,3,146,121
3/31/2025 17:00,146,0,Monday,3,0,1,random_or_none,5,windy,0.444,260,0,0,0,1,0.29,0,0,outbreak_period,3,141,113
3/31/2025 18:00,141,0,Monday,3,0,1,random_or_none,0,sunny,0.305,260,0,0,0,1,0.29,0,0,outbreak_period,3,127,114
3/31/2025 19:00,127,0,Monday,3,0,1,random_or_none,0,sunny,0.177,260,0,0,0,0,0,0,0,holiday,1,121,116
3/31/2025 20:00,121,0,Monday,3,0,1,random_or_none,0,sunny,0.194,260,0,0,0,0,0,0,0,holiday,1,103,116
3/31/2025 21:00,103,0,Monday,3,0,1,random_or_none,3,hot,0.163,260,0,0,0,0,0,0,0,holiday,1,121,108
3/31/2025 22:00,121,0,Monday,3,0,1,random_or_none,2,cold,0.505,260,0,1,53.7,0,0,0,0,emergency_spike,5,100,100
3/31/2025 23:00,100,0,Monday,3,0,1,random_or_none,0,sunny,0.027,260,0,0,0,0,0,0,0,holiday,1,96,89
4/1/2025 0:00,96,1,Tuesday,4,0,0,random_or_none,1,rainy,0.813,260,0,0,0,0,0,0,0,extreme_weather,2,85,88
4/1/2025 1:00,85,1,Tuesday,4,0,0,random_or_none,0,sunny,0.009,260,0,0,0,0,0,0,0,normal,0,72,82
4/1/2025 2:00,72,1,Tuesday,4,0,0,random_or_none,0,sunny,0.341,260,0,0,0,0,0,0,0,normal,0,75,81
4/1/2025 3:00,75,1,Tuesday,4,0,0,random_or_none,0,sunny,0.011,260,0,0,0,0,0,0,0,normal,0,75,78
4/1/2025 4:00,75,1,Tuesday,4,0,0,random_or_none,0,sunny,0.053,260,0,0,0,0,0,0,0,normal,0,76,75
4/1/2025 5:00,76,1,Tuesday,4,0,0,random_or_none,0,sunny,0.251,260,0,0,0,0,0,0,0,normal,0,77,80
4/1/2025 6:00,77,1,Tuesday,4,0,0,random_or_none,5,windy,0.829,260,0,0,0,0,0,0,0,extreme_weather,2,78,86
4/1/2025 7:00,78,1,Tuesday,4,0,0,random_or_none,0,sunny,0.267,260,0,0,0,0,0,0,0,normal,0,80,88
4/1/2025 8:00,80,1,Tuesday,4,0,0,random_or_none,4,dusty,0.919,260,0,0,0,0,0,0,0,extreme_weather,2,86,90
4/1/2025 9:00,86,1,Tuesday,4,0,0,random_or_none,5,windy,0.804,260,0,0,0,0,0,0,0,extreme_weather,2,94,97
4/1/2025 10:00,94,1,Tuesday,4,0,0,random_or_none,2,cold,0.699,260,0,0,0,0,0,0,0,normal,0,96,102
4/1/2025 11:00,96,1,Tuesday,4,0,0,random_or_none,0,sunny,0.068,260,0,0,0,0,0,0,0,normal,0,108,95
4/1/2025 12:00,108,1,Tuesday,4,0,0,random_or_none,4,dusty,0.447,260,0,0,0,0,0,0,0,normal,0,109,103
4/1/2025 13:00,109,1,Tuesday,4,0,0,random_or_none,0,sunny,0.34,260,0,0,0,0,0,0,0,normal,0,121,109
4/1/2025 14:00,121,1,Tuesday,4,0,0,random_or_none,1,rainy,0.916,260,0,0,0,0,0,0,0,extreme_weather,2,119,110
4/1/2025 15:00,119,1,Tuesday,4,0,0,random_or_none,0,sunny,0.127,260,0,0,0,0,0,0,0,normal,0,121,115
4/1/2025 16:00,121,1,Tuesday,4,0,0,random_or_none,0,sunny,0.275,260,0,0,0,0,0,0,0,normal,0,113,116
4/1/2025 17:00,113,1,Tuesday,4,0,0,random_or_none,4,dusty,0.384,260,0,0,0,0,0,0,0,normal,0,114,118
4/1/2025 18:00,114,1,Tuesday,4,0,0,random_or_none,5,windy,0.76,260,0,0,0,0,0,0,0,extreme_weather,2,116,112
4/1/2025 19:00,116,1,Tuesday,4,0,0,random_or_none,1,rainy,0.554,260,0,0,0,0,0,0,0,normal,0,116,115
4/1/2025 20:00,116,1,Tuesday,4,0,0,random_or_none,1,rainy,0.855,260,0,0,0,0,0,0,0,extreme_weather,2,108,106
4/1/2025 21:00,108,1,Tuesday,4,0,0,random_or_none,0,sunny,0.147,260,0,0,0,0,0,0,0,normal,0,100,92
4/1/2025 22:00,100,1,Tuesday,4,0,0,random_or_none,5,windy,0.562,260,0,0,0,0,0,0,0,normal,0,89,83
4/1/2025 23:00,89,1,Tuesday,4,0,0,random_or_none,0,sunny,0.026,260,0,0,0,0,0,0,0,normal,0,88,76
4/2/2025 0:00,88,2,Wednesday,4,0,0,random_or_none,1,rainy,0.46,260,0,0,0,0,0,0,0,normal,0,82,68
4/2/2025 1:00,82,2,Wednesday,4,0,0,random_or_none,0,sunny,0.103,260,0,0,0,0,0,0,0,normal,0,81,71
4/2/2025 2:00,81,2,Wednesday,4,0,0,random_or_none,2,cold,0.352,260,0,0,0,0,0,0,0,normal,0,78,67
4/2/2025 3:00,78,2,Wednesday,4,0,0,random_or_none,0,sunny,0.322,260,0,0,0,0,0,0,0,normal,0,75,73
4/2/2025 4:00,75,2,Wednesday,4,0,0,random_or_none,4,dusty,0.673,260,0,0,0,0,0,0,0,normal,0,80,71
4/2/2025 5:00,80,2,Wednesday,4,0,0,random_or_none,5,windy,0.822,260,0,0,0,0,0,0,0,extreme_weather,2,86,68
4/2/2025 6:00,86,2,Wednesday,4,0,0,random_or_none,2,cold,0.482,260,0,0,0,0,0,0,0,normal,0,88,78
4/2/2025 7:00,88,2,Wednesday,4,0,0,random_or_none,5,windy,0.572,260,0,0,0,0,0,0,0,normal,0,90,83
4/2/2025 8:00,90,2,Wednesday,4,0,0,random_or_none,5,windy,0.487,260,0,0,0,0,0,0,0,normal,0,97,82
4/2/2025 9:00,97,2,Wednesday,4,0,0,random_or_none,1,rainy,0.57,260,0,0,0,0,0,0,0,normal,0,102,84
4/2/2025 10:00,102,2,Wednesday,4,0,0,random_or_none,4,dusty,0.414,260,0,0,0,0,0,0,0,normal,0,95,100
4/2/2025 11:00,95,2,Wednesday,4,0,0,random_or_none,0,sunny,0.331,260,0,0,0,0,0,0,0,normal,0,103,104
4/2/2025 12:00,103,2,Wednesday,4,0,0,random_or_none,5,windy,0.551,260,0,0,0,0,0,0,0,normal,0,109,108
4/2/2025 13:00,109,2,Wednesday,4,0,0,random_or_none,0,sunny,0.101,260,0,0,0,0,0,0,0,normal,0,110,108
4/2/2025 14:00,110,2,Wednesday,4,0,0,random_or_none,0,sunny,0.059,260,0,0,0,0,0,0,0,normal,0,115,111
4/2/2025 15:00,115,2,Wednesday,4,0,0,random_or_none,0,sunny,0.081,260,0,0,0,0,0,0,0,normal,0,116,118
4/2/2025 16:00,116,2,Wednesday,4,0,0,random_or_none,0,sunny,0.193,260,0,0,0,0,0,0,0,normal,0,118,122
4/2/2025 17:00,118,2,Wednesday,4,0,0,random_or_none,0,sunny,0.312,260,0,0,0,0,0,0,0,normal,0,112,116
4/2/2025 18:00,112,2,Wednesday,4,0,0,random_or_none,0,sunny,0.171,260,0,0,0,0,0,0,0,normal,0,115,110
4/2/2025 19:00,115,2,Wednesday,4,0,0,random_or_none,4,dusty,0.52,260,0,0,0,0,0,0,0,normal,0,106,109
4/2/2025 20:00,106,2,Wednesday,4,0,0,random_or_none,0,sunny,0.159,260,0,0,0,0,0,0,0,normal,0,92,105
4/2/2025 21:00,92,2,Wednesday,4,0,0,random_or_none,0,sunny,0.311,260,0,0,0,0,0,0,0,normal,0,83,103
4/2/2025 22:00,83,2,Wednesday,4,0,0,random_or_none,0,sunny,0.048,260,0,0,0,0,0,0,0,normal,0,76,103
4/2/2025 23:00,76,2,Wednesday,4,0,0,random_or_none,2,cold,0.658,260,0,0,0,0,0,0,0,normal,0,68,98
4/3/2025 0:00,68,3,Thursday,4,0,0,random_or_none,0,sunny,0.055,260,0,0,0,0,0,0,0,normal,0,71,84
4/3/2025 1:00,71,3,Thursday,4,0,0,random_or_none,5,windy,0.324,260,0,0,0,0,0,0,0,normal,0,67,82
4/3/2025 2:00,67,3,Thursday,4,0,0,random_or_none,0,sunny,0.035,260,0,0,0,0,0,0,0,normal,0,73,79
4/3/2025 3:00,73,3,Thursday,4,0,0,random_or_none,1,rainy,0.82,260,0,0,0,0,0,0,0,extreme_weather,2,71,78
4/3/2025 4:00,71,3,Thursday,4,0,0,random_or_none,4,dusty,0.67,260,0,0,0,0,0,0,0,normal,0,68,86
4/3/2025 5:00,68,3,Thursday,4,0,0,random_or_none,0,sunny,0.068,260,0,0,0,0,0,0,0,normal,0,78,85
4/3/2025 6:00,78,3,Thursday,4,0,0,random_or_none,1,rainy,0.3,260,0,0,0,0,0,0,0,normal,0,83,110
4/3/2025 7:00,83,3,Thursday,4,0,0,random_or_none,0,sunny,0.181,260,0,0,0,0,0,0,0,normal,0,82,102
4/3/2025 8:00,82,3,Thursday,4,0,0,random_or_none,0,sunny,0.152,260,0,0,0,0,0,0,0,normal,0,84,104
4/3/2025 9:00,84,3,Thursday,4,0,0,random_or_none,0,sunny,0.241,260,0,0,0,0,0,0,0,normal,0,100,106
4/3/2025 10:00,100,3,Thursday,4,0,0,random_or_none,5,windy,0.411,260,0,0,0,0,0,0,0,normal,0,104,108
4/3/2025 11:00,104,3,Thursday,4,0,0,random_or_none,2,cold,0.756,260,0,0,0,0,0,0,0,extreme_weather,2,108,110
4/3/2025 12:00,108,3,Thursday,4,0,0,random_or_none,1,rainy,0.654,260,0,0,0,0,0,0,0,normal,0,108,114
4/3/2025 13:00,108,3,Thursday,4,0,0,random_or_none,0,sunny,0.337,260,0,0,0,0,0,0,0,normal,0,111,118
4/3/2025 14:00,111,3,Thursday,4,0,0,random_or_none,5,windy,0.559,260,0,0,0,0,0,0,0,normal,0,118,119
4/3/2025 15:00,118,3,Thursday,4,0,0,random_or_none,4,dusty,0.695,260,0,0,0,0,0,0,0,normal,0,122,123
4/3/2025 16:00,122,3,Thursday,4,0,0,random_or_none,1,rainy,0.252,260,0,0,0,0,0,0,0,normal,0,116,120
4/3/2025 17:00,116,3,Thursday,4,0,0,random_or_none,5,windy,0.718,260,0,0,0,0,0,0,0,normal,0,110,118
4/3/2025 18:00,110,3,Thursday,4,0,0,random_or_none,0,sunny,0.298,260,0,0,0,0,0,0,0,normal,0,109,120
4/3/2025 19:00,109,3,Thursday,4,0,0,random_or_none,5,windy,0.589,260,0,0,0,0,0,0,0,normal,0,105,117
4/3/2025 20:00,105,3,Thursday,4,0,0,random_or_none,0,sunny,0.019,260,0,0,0,0,0,0,0,normal,0,103,109
4/3/2025 21:00,103,3,Thursday,4,0,0,random_or_none,0,sunny,0.157,260,0,0,0,0,0,0,0,normal,0,103,111
4/3/2025 22:00,103,3,Thursday,4,0,0,random_or_none,2,cold,0.502,260,0,0,0,0,0,0,0,normal,0,98,99
4/3/2025 23:00,98,3,Thursday,4,0,0,random_or_none,5,windy,0.351,260,0,0,0,0,0,0,0,normal,0,84,83
4/4/2025 0:00,84,4,Friday,4,0,0,random_or_none,0,sunny,0.133,260,0,0,0,0,0,0,0,normal,0,82,69
4/4/2025 1:00,82,4,Friday,4,0,0,random_or_none,5,windy,0.253,260,0,0,0,0,0,0,0,normal,0,79,67
4/4/2025 2:00,79,4,Friday,4,0,0,random_or_none,1,rainy,0.938,260,0,0,0,0,0,0,0,extreme_weather,2,78,65
4/4/2025 3:00,78,4,Friday,4,0,0,random_or_none,0,sunny,0.056,260,0,0,0,0,0,0,0,normal,0,86,59
4/4/2025 4:00,86,4,Friday,4,0,0,random_or_none,1,rainy,0.592,260,0,0,0,0,0,0,0,normal,0,85,59
4/4/2025 5:00,85,4,Friday,4,0,0,random_or_none,5,windy,0.645,260,0,0,0,0,0,0,0,normal,0,110,62
4/4/2025 6:00,110,4,Friday,4,0,0,random_or_none,0,sunny,0.099,260,0,1,61.51,0,0,0,0,emergency_spike,5,102,72
4/4/2025 7:00,102,4,Friday,4,0,0,random_or_none,5,windy,0.848,260,0,0,0,0,0,0,0,extreme_weather,2,104,78
4/4/2025 8:00,104,4,Friday,4,0,0,random_or_none,2,cold,0.757,260,0,0,0,0,0,0,0,extreme_weather,2,106,81
4/4/2025 9:00,106,4,Friday,4,0,0,random_or_none,5,windy,0.751,260,0,0,0,0,0,0,0,extreme_weather,2,108,86
4/4/2025 10:00,108,4,Friday,4,0,0,random_or_none,1,rainy,0.885,260,0,0,0,0,0,0,0,extreme_weather,2,110,89
4/4/2025 11:00,110,4,Friday,4,0,0,random_or_none,2,cold,0.744,260,0,0,0,0,0,0,0,normal,0,114,92
4/4/2025 12:00,114,4,Friday,4,0,0,random_or_none,1,rainy,0.745,260,0,0,0,0,0,0,0,normal,0,118,97
4/4/2025 13:00,118,4,Friday,4,0,0,random_or_none,3,hot,0.611,260,0,0,0,0,0,0,0,normal,0,119,93
4/4/2025 14:00,119,4,Friday,4,0,0,random_or_none,1,rainy,0.328,260,0,0,0,0,0,0,0,normal,0,123,97
4/4/2025 15:00,123,4,Friday,4,0,0,random_or_none,5,windy,0.618,260,0,0,0,0,0,0,0,normal,0,120,102
4/4/2025 16:00,120,4,Friday,4,0,0,random_or_none,5,windy,0.99,260,0,0,0,0,0,0,0,extreme_weather,2,118,105
4/4/2025 17:00,118,4,Friday,4,0,0,random_or_none,0,sunny,0.27,260,0,0,0,0,0,0,0,normal,0,120,99
4/4/2025 18:00,120,4,Friday,4,0,0,random_or_none,1,rainy,0.237,260,0,0,0,0,0,0,0,normal,0,117,98
4/4/2025 19:00,117,4,Friday,4,0,0,random_or_none,0,sunny,0.196,260,0,0,0,0,0,0,0,normal,0,109,103
4/4/2025 20:00,109,4,Friday,4,0,0,random_or_none,4,dusty,0.645,260,0,0,0,0,0,0,0,normal,0,111,95
4/4/2025 21:00,111,4,Friday,4,0,0,random_or_none,1,rainy,0.822,260,0,0,0,0,0,0,0,extreme_weather,2,99,91
4/4/2025 22:00,99,4,Friday,4,0,0,random_or_none,0,sunny,0.173,260,0,0,0,0,0,0,0,normal,0,83,77
4/4/2025 23:00,83,4,Friday,4,0,0,random_or_none,0,sunny,0.241,260,0,0,0,0,0,0,0,normal,0,69,69
4/5/2025 0:00,69,5,Saturday,4,1,0,random_or_none,2,cold,0.301,260,0,0,0,0,0,0,0,normal,0,67,66
4/5/2025 1:00,67,5,Saturday,4,1,0,random_or_none,1,rainy,0.918,260,0,0,0,0,0,0,0,extreme_weather,2,65,71
4/5/2025 2:00,65,5,Saturday,4,1,0,random_or_none,1,rainy,0.536,260,0,0,0,0,0,0,0,normal,0,59,61
4/5/2025 3:00,59,5,Saturday,4,1,0,random_or_none,4,dusty,0.519,260,0,0,0,0,0,0,0,normal,0,59,58
4/5/2025 4:00,59,5,Saturday,4,1,0,random_or_none,0,sunny,0.005,260,0,0,0,0,0,0,0,normal,0,62,58
4/5/2025 5:00,62,5,Saturday,4,1,0,random_or_none,2,cold,0.185,260,0,0,0,0,0,0,0,normal,0,72,62
4/5/2025 6:00,72,5,Saturday,4,1,0,random_or_none,1,rainy,0.651,260,0,0,0,0,0,0,0,normal,0,78,61
4/5/2025 7:00,78,5,Saturday,4,1,0,random_or_none,1,rainy,0.157,260,0,0,0,0,0,0,0,normal,0,81,70
4/5/2025 8:00,81,5,Saturday,4,1,0,random_or_none,3,hot,0.726,260,0,0,0,0,0,0,0,normal,0,86,70
4/5/2025 9:00,86,5,Saturday,4,1,0,random_or_none,2,cold,0.523,260,0,0,0,0,0,0,0,normal,0,89,76
4/5/2025 10:00,89,5,Saturday,4,1,0,random_or_none,0,sunny,0.24,260,0,0,0,0,0,0,0,normal,0,92,84
4/5/2025 11:00,92,5,Saturday,4,1,0,random_or_none,5,windy,0.575,260,0,0,0,0,0,0,0,normal,0,97,81
4/5/2025 12:00,97,5,Saturday,4,1,0,random_or_none,5,windy,1,260,0,0,0,0,0,0,0,extreme_weather,2,93,90
4/5/2025 13:00,93,5,Saturday,4,1,0,random_or_none,0,sunny,0.063,260,0,0,0,0,0,0,0,normal,0,97,96
4/5/2025 14:00,97,5,Saturday,4,1,0,random_or_none,3,hot,0.154,260,0,0,0,0,0,0,0,normal,0,102,95
4/5/2025 15:00,102,5,Saturday,4,1,0,random_or_none,1,rainy,0.226,260,0,0,0,0,0,0,0,normal,0,105,99
4/5/2025 16:00,105,5,Saturday,4,1,0,random_or_none,1,rainy,0.203,260,0,0,0,0,0,0,0,normal,0,99,103
4/5/2025 17:00,99,5,Saturday,4,1,0,random_or_none,0,sunny,0.067,260,0,0,0,0,0,0,0,normal,0,98,106
4/5/2025 18:00,98,5,Saturday,4,1,0,random_or_none,4,dusty,0.52,260,0,0,0,0,0,0,0,normal,0,103,99
4/5/2025 19:00,103,5,Saturday,4,1,0,random_or_none,4,dusty,0.621,260,0,0,0,0,0,0,0,normal,0,95,94
4/5/2025 20:00,95,5,Saturday,4,1,0,random_or_none,0,sunny,0.207,260,0,0,0,0,0,0,0,normal,0,91,92
4/5/2025 21:00,91,5,Saturday,4,1,0,random_or_none,1,rainy,0.251,260,0,0,0,0,0,0,0,normal,0,77,88
4/5/2025 22:00,77,5,Saturday,4,1,0,random_or_none,5,windy,0.545,260,0,0,0,0,0,0,0,normal,0,69,77
4/5/2025 23:00,69,5,Saturday,4,1,0,random_or_none,5,windy,0.753,260,0,0,0,0,0,0,0,extreme_weather,2,66,65
4/6/2025 0:00,66,6,Sunday,4,1,0,random_or_none,0,sunny,0.081,260,0,0,0,0,0,0,0,normal,0,71,70
4/6/2025 1:00,71,6,Sunday,4,1,0,random_or_none,0,sunny,0.166,260,0,1,29.33,0,0,0,0,emergency_spike,5,61,68
4/6/2025 2:00,61,6,Sunday,4,1,0,random_or_none,3,hot,0.26,260,0,0,0,0,0,0,0,normal,0,58,72
4/6/2025 3:00,58,6,Sunday,4,1,0,random_or_none,0,sunny,0.266,260,0,0,0,0,0,0,0,normal,0,58,73
4/6/2025 4:00,58,6,Sunday,4,1,0,random_or_none,1,rainy,0.769,260,0,0,0,0,0,0,0,extreme_weather,2,62,79
4/6/2025 5:00,62,6,Sunday,4,1,0,random_or_none,0,sunny,0.027,260,0,0,0,0,0,0,0,normal,0,61,80
4/6/2025 6:00,61,6,Sunday,4,1,0,random_or_none,0,sunny,0.058,260,0,0,0,0,0,0,0,normal,0,70,88
4/6/2025 7:00,70,6,Sunday,4,1,0,random_or_none,1,rainy,0.503,260,0,0,0,0,0,0,0,normal,0,70,91
4/6/2025 8:00,70,6,Sunday,4,1,0,random_or_none,0,sunny,0.042,260,0,0,0,0,0,0,0,normal,0,76,119
4/6/2025 9:00,76,6,Sunday,4,1,0,random_or_none,2,cold,0.742,260,0,0,0,0,0,0,0,normal,0,84,115
4/6/2025 10:00,84,6,Sunday,4,1,0,random_or_none,0,sunny,0.148,260,0,0,0,0,0,0,0,normal,0,81,116
4/6/2025 11:00,81,6,Sunday,4,1,0,random_or_none,0,sunny,0.131,260,0,0,0,0,0,0,0,normal,0,90,110
4/6/2025 12:00,90,6,Sunday,4,1,0,random_or_none,3,hot,0.307,260,0,0,0,0,0,0,0,normal,0,96,115
4/6/2025 13:00,96,6,Sunday,4,1,0,random_or_none,0,sunny,0.319,260,0,0,0,0,0,0,0,normal,0,95,119
4/6/2025 14:00,95,6,Sunday,4,1,0,random_or_none,1,rainy,0.16,260,0,0,0,0,0,0,0,normal,0,99,118
4/6/2025 15:00,99,6,Sunday,4,1,0,random_or_none,1,rainy,0.947,260,0,0,0,0,0,0,0,extreme_weather,2,103,117
4/6/2025 16:00,103,6,Sunday,4,1,0,random_or_none,0,sunny,0.02,260,0,0,0,0,0,0,0,normal,0,106,113
4/6/2025 17:00,106,6,Sunday,4,1,0,random_or_none,1,rainy,0.636,260,0,0,0,0,0,0,0,normal,0,99,115
4/6/2025 18:00,99,6,Sunday,4,1,0,random_or_none,0,sunny,0.262,260,0,0,0,0,0,0,0,normal,0,94,109
4/6/2025 19:00,94,6,Sunday,4,1,0,random_or_none,0,sunny,0.215,260,0,0,0,0,0,0,0,normal,0,92,107
4/6/2025 20:00,92,6,Sunday,4,1,0,random_or_none,5,windy,0.418,260,0,0,0,0,0,0,0,normal,0,88,100
4/6/2025 21:00,88,6,Sunday,4,1,0,random_or_none,1,rainy,0.718,260,0,0,0,0,0,0,0,normal,0,77,101
4/6/2025 22:00,77,6,Sunday,4,1,0,random_or_none,2,cold,0.308,260,0,0,0,0,0,0,0,normal,0,65,99
4/6/2025 23:00,65,6,Sunday,4,1,0,random_or_none,0,sunny,0.235,260,0,0,0,0,0,0,0,normal,0,70,92
4/7/2025 0:00,70,0,Monday,4,0,0,random_or_none,2,cold,0.227,260,0,0,0,0,0,0,0,normal,0,68,87
4/7/2025 1:00,68,0,Monday,4,0,0,random_or_none,0,sunny,0.233,260,0,0,0,0,0,0,0,normal,0,72,81
4/7/2025 2:00,72,0,Monday,4,0,0,random_or_none,5,windy,0.265,260,0,0,0,0,0,0,0,normal,0,73,78
4/7/2025 3:00,73,0,Monday,4,0,0,random_or_none,0,sunny,0.016,260,0,0,0,0,0,0,0,normal,0,79,72
4/7/2025 4:00,79,0,Monday,4,0,0,random_or_none,5,windy,0.57,260,0,0,0,0,0,0,0,normal,0,80,131
4/7/2025 5:00,80,0,Monday,4,0,0,random_or_none,1,rainy,0.244,260,0,0,0,0,0,0,0,normal,0,88,116
4/7/2025 6:00,88,0,Monday,4,0,0,random_or_none,2,cold,0.165,260,0,0,0,0,0,0,0,normal,0,91,100
4/7/2025 7:00,91,0,Monday,4,0,0,random_or_none,0,sunny,0.03,260,0,0,0,0,0,0,0,normal,0,119,94
4/7/2025 8:00,119,0,Monday,4,0,0,random_or_none,5,windy,0.232,260,0,1,71.06,0,0,0,0,emergency_spike,5,115,102
4/7/2025 9:00,115,0,Monday,4,0,0,random_or_none,4,dusty,0.431,260,0,0,0,0,0,0,0,normal,0,116,104
4/7/2025 10:00,116,0,Monday,4,0,0,random_or_none,4,dusty,0.848,260,0,0,0,0,0,0,0,extreme_weather,2,110,98
4/7/2025 11:00,110,0,Monday,4,0,0,random_or_none,0,sunny,0.1,260,0,0,0,0,0,0,0,normal,0,115,102
4/7/2025 12:00,115,0,Monday,4,0,0,random_or_none,1,rainy,0.481,260,0,0,0,0,0,0,0,normal,0,119,105
4/7/2025 13:00,119,0,Monday,4,0,0,random_or_none,3,hot,0.357,260,0,0,0,0,0,0,0,normal,0,118,137
4/7/2025 14:00,118,0,Monday,4,0,0,random_or_none,0,sunny,0.124,260,0,0,0,0,0,0,0,normal,0,117,127
4/7/2025 15:00,117,0,Monday,4,0,0,random_or_none,2,cold,0.615,260,0,0,0,0,0,0,0,normal,0,113,124
4/7/2025 16:00,113,0,Monday,4,0,0,random_or_none,4,dusty,0.639,260,0,0,0,0,0,0,0,normal,0,115,126
4/7/2025 17:00,115,0,Monday,4,0,0,random_or_none,1,rainy,0.667,260,0,0,0,0,0,0,0,normal,0,109,118
4/7/2025 18:00,109,0,Monday,4,0,0,random_or_none,0,sunny,0.12,260,0,0,0,0,0,0,0,normal,0,107,115
4/7/2025 19:00,107,0,Monday,4,0,0,random_or_none,0,sunny,0.18,260,0,0,0,0,0,0,0,normal,0,100,116
4/7/2025 20:00,100,0,Monday,4,0,0,random_or_none,0,sunny,0.091,260,0,0,0,0,0,0,0,normal,0,101,108
4/7/2025 21:00,101,0,Monday,4,0,0,random_or_none,1,rainy,0.524,260,0,0,0,0,0,0,0,normal,0,99,105
4/7/2025 22:00,99,0,Monday,4,0,0,random_or_none,1,rainy,0.677,260,0,0,0,0,0,0,0,normal,0,92,95
4/7/2025 23:00,92,0,Monday,4,0,0,random_or_none,0,sunny,0.315,260,0,0,0,0,0,0,0,normal,0,87,91
4/8/2025 0:00,87,1,Tuesday,4,0,0,random_or_none,1,rainy,0.419,260,0,0,0,0,0,0,0,normal,0,81,81
4/8/2025 1:00,81,1,Tuesday,4,0,0,random_or_none,0,sunny,0.191,260,0,0,0,0,0,0,0,normal,0,78,83
4/8/2025 2:00,78,1,Tuesday,4,0,0,random_or_none,1,rainy,0.643,260,0,0,0,0,0,0,0,normal,0,72,75
4/8/2025 3:00,72,1,Tuesday,4,0,0,random_or_none,1,rainy,0.345,260,0,0,0,0,0,0,0,normal,0,131,73
4/8/2025 4:00,131,1,Tuesday,4,0,0,random_or_none,5,windy,0.602,260,0,1,124.6,0,0,0,0,emergency_spike,5,116,76
4/8/2025 5:00,116,1,Tuesday,4,0,0,random_or_none,4,dusty,0.281,260,0,0,0,0,0,0,0,normal,0,100,78
4/8/2025 6:00,100,1,Tuesday,4,0,0,random_or_none,0,sunny,0.202,260,0,0,0,0,0,0,0,normal,0,94,74
4/8/2025 7:00,94,1,Tuesday,4,0,0,random_or_none,0,sunny,0.209,260,0,0,0,0,0,0,0,normal,0,102,82
4/8/2025 8:00,102,1,Tuesday,4,0,0,random_or_none,1,rainy,0.911,260,0,0,0,0,0,0,0,extreme_weather,2,104,86
4/8/2025 9:00,104,1,Tuesday,4,0,0,random_or_none,5,windy,0.249,260,0,0,0,0,0,0,0,normal,0,98,89
4/8/2025 10:00,98,1,Tuesday,4,0,0,random_or_none,0,sunny,0.121,260,0,0,0,0,0,0,0,normal,0,102,96
4/8/2025 11:00,102,1,Tuesday,4,0,0,random_or_none,0,sunny,0.06,260,0,0,0,0,0,0,0,normal,0,105,100
4/8/2025 12:00,105,1,Tuesday,4,0,0,random_or_none,0,sunny,0.3,260,0,0,0,0,0,0,0,normal,0,137,104
4/8/2025 13:00,137,1,Tuesday,4,0,0,random_or_none,1,rainy,0.77,260,0,1,56.47,0,0,0,0,emergency_spike,5,127,113
4/8/2025 14:00,127,1,Tuesday,4,0,0,random_or_none,0,sunny,0.192,260,0,0,0,0,0,0,0,normal,0,124,112
4/8/2025 15:00,124,1,Tuesday,4,0,0,random_or_none,0,sunny,0.162,260,0,0,0,0,0,0,0,normal,0,126,113
4/8/2025 16:00,126,1,Tuesday,4,0,0,random_or_none,4,dusty,0.491,260,0,0,0,0,0,0,0,normal,0,118,117
4/8/2025 17:00,118,1,Tuesday,4,0,0,random_or_none,0,sunny,0.099,260,0,0,0,0,0,0,0,normal,0,115,122
4/8/2025 18:00,115,1,Tuesday,4,0,0,random_or_none,2,cold,0.548,260,0,0,0,0,0,0,0,normal,0,116,127
4/8/2025 19:00,116,1,Tuesday,4,0,0,random_or_none,3,hot,0.172,260,0,0,0,0,0,0,0,normal,0,108,144
4/8/2025 20:00,108,1,Tuesday,4,0,0,random_or_none,0,sunny,0.082,260,0,0,0,0,0,0,0,normal,0,105,124
4/8/2025 21:00,105,1,Tuesday,4,0,0,random_or_none,1,rainy,0.469,260,0,0,0,0,0,0,0,normal,0,95,113
4/8/2025 22:00,95,1,Tuesday,4,0,0,random_or_none,0,sunny,0.175,260,0,0,0,0,0,0,0,normal,0,91,102
4/8/2025 23:00,91,1,Tuesday,4,0,0,random_or_none,1,rainy,0.294,260,0,0,0,0,0,0,0,normal,0,81,87
4/9/2025 0:00,81,2,Wednesday,4,0,0,random_or_none,0,sunny,0.236,260,0,0,0,0,0,0,0,normal,0,83,77
4/9/2025 1:00,83,2,Wednesday,4,0,0,random_or_none,0,sunny,0.139,260,0,0,0,0,0,0,0,normal,0,75,73
4/9/2025 2:00,75,2,Wednesday,4,0,0,random_or_none,0,sunny,0.282,260,0,0,0,0,0,0,0,normal,0,73,75
4/9/2025 3:00,73,2,Wednesday,4,0,0,random_or_none,1,rainy,0.796,260,0,0,0,0,0,0,0,extreme_weather,2,76,75
4/9/2025 4:00,76,2,Wednesday,4,0,0,random_or_none,0,sunny,0.177,260,0,0,0,0,0,0,0,normal,0,78,73
4/9/2025 5:00,78,2,Wednesday,4,0,0,random_or_none,5,windy,0.522,260,0,0,0,0,0,0,0,normal,0,74,68
4/9/2025 6:00,74,2,Wednesday,4,0,0,random_or_none,5,windy,0.368,260,0,0,0,0,0,0,0,normal,0,82,75
4/9/2025 7:00,82,2,Wednesday,4,0,0,random_or_none,5,windy,0.93,260,0,0,0,0,0,0,0,extreme_weather,2,86,86
4/9/2025 8:00,86,2,Wednesday,4,0,0,random_or_none,0,sunny,0.148,260,0,0,0,0,0,0,0,normal,0,89,89
4/9/2025 9:00,89,2,Wednesday,4,0,0,random_or_none,0,sunny,0.332,260,0,0,0,0,0,0,0,normal,0,96,90
4/9/2025 10:00,96,2,Wednesday,4,0,0,random_or_none,0,sunny,0.18,260,0,0,0,0,0,0,0,normal,0,100,99
4/9/2025 11:00,100,2,Wednesday,4,0,0,random_or_none,1,rainy,0.182,260,0,0,0,0,0,0,0,normal,0,104,109
4/9/2025 12:00,104,2,Wednesday,4,0,0,random_or_none,1,rainy,0.19,260,0,0,0,0,0,0,0,normal,0,113,113
4/9/2025 13:00,113,2,Wednesday,4,0,0,random_or_none,5,windy,0.777,260,0,0,0,0,0,0,0,extreme_weather,2,112,118
4/9/2025 14:00,112,2,Wednesday,4,0,0,random_or_none,0,sunny,0.146,260,0,0,0,0,0,0,0,normal,0,113,116
4/9/2025 15:00,113,2,Wednesday,4,0,0,random_or_none,0,sunny,0.256,260,0,0,0,0,0,0,0,normal,0,117,116
4/9/2025 16:00,117,2,Wednesday,4,0,0,random_or_none,1,rainy,0.29,260,0,0,0,0,0,0,0,normal,0,122,114
4/9/2025 17:00,122,2,Wednesday,4,0,0,random_or_none,1,rainy,0.864,260,0,0,0,0,0,0,0,extreme_weather,2,127,116
4/9/2025 18:00,127,2,Wednesday,4,0,0,random_or_none,1,rainy,0.644,260,0,0,0,0,0,0,0,normal,0,144,114
4/9/2025 19:00,144,2,Wednesday,4,0,0,random_or_none,2,cold,0.527,260,0,1,62.96,0,0,0,0,emergency_spike,5,124,120
4/9/2025 20:00,124,2,Wednesday,4,0,0,random_or_none,0,sunny,0.213,260,0,0,0,0,0,0,0,normal,0,113,109
4/9/2025 21:00,113,2,Wednesday,4,0,0,random_or_none,1,rainy,0.73,260,0,0,0,0,0,0,0,normal,0,102,110
4/9/2025 22:00,102,2,Wednesday,4,0,0,random_or_none,5,windy,0.467,260,0,0,0,0,0,0,0,normal,0,87,96
4/9/2025 23:00,87,2,Wednesday,4,0,0,random_or_none,5,windy,0.351,260,0,0,0,0,0,0,0,normal,0,77,90
4/10/2025 0:00,77,3,Thursday,4,0,0,random_or_none,5,windy,0.728,260,0,0,0,0,0,0,0,normal,0,73,129
4/10/2025 1:00,73,3,Thursday,4,0,0,random_or_none,5,windy,0.294,260,0,0,0,0,0,0,0,normal,0,75,100
4/10/2025 2:00,75,3,Thursday,4,0,0,random_or_none,4,dusty,0.406,260,0,0,0,0,0,0,0,normal,0,75,106
4/10/2025 3:00,75,3,Thursday,4,0,0,random_or_none,0,sunny,0.14,260,0,0,0,0,0,0,0,normal,0,73,87
4/10/2025 4:00,73,3,Thursday,4,0,0,random_or_none,0,sunny,0.002,260,0,0,0,0,0,0,0,normal,0,68,77
4/10/2025 5:00,68,3,Thursday,4,0,0,random_or_none,0,sunny,0.162,260,0,0,0,0,0,0,0,normal,0,75,75
4/10/2025 6:00,75,3,Thursday,4,0,0,random_or_none,5,windy,0.295,260,0,0,0,0,0,0,0,normal,0,86,83
4/10/2025 7:00,86,3,Thursday,4,0,0,random_or_none,5,windy,0.703,260,0,0,0,0,0,0,0,normal,0,89,84
4/10/2025 8:00,89,3,Thursday,4,0,0,random_or_none,1,rainy,0.583,260,0,0,0,0,0,0,0,normal,0,90,91
4/10/2025 9:00,90,3,Thursday,4,0,0,random_or_none,0,sunny,0.288,260,0,0,0,0,0,0,0,normal,0,99,100
4/10/2025 10:00,99,3,Thursday,4,0,0,random_or_none,2,cold,0.474,260,0,0,0,0,0,0,0,normal,0,109,97
4/10/2025 11:00,109,3,Thursday,4,0,0,random_or_none,1,rainy,0.679,260,0,0,0,0,0,0,0,normal,0,113,101
4/10/2025 12:00,113,3,Thursday,4,0,0,random_or_none,0,sunny,0.17,260,0,0,0,0,0,0,0,normal,0,118,105
4/10/2025 13:00,118,3,Thursday,4,0,0,random_or_none,1,rainy,0.393,260,0,0,0,0,0,0,0,normal,0,116,108
4/10/2025 14:00,116,3,Thursday,4,0,0,random_or_none,1,rainy,0.524,260,0,0,0,0,0,0,0,normal,0,116,120
4/10/2025 15:00,116,3,Thursday,4,0,0,random_or_none,1,rainy,0.482,260,0,0,0,0,0,0,0,normal,0,114,119
4/10/2025 16:00,114,3,Thursday,4,0,0,random_or_none,5,windy,0.487,260,0,0,0,0,0,0,0,normal,0,116,125
4/10/2025 17:00,116,3,Thursday,4,0,0,random_or_none,0,sunny,0.332,260,0,0,0,0,0,0,0,normal,0,114,116
4/10/2025 18:00,114,3,Thursday,4,0,0,random_or_none,1,rainy,0.319,260,0,0,0,0,0,0,0,normal,0,120,120
4/10/2025 19:00,120,3,Thursday,4,0,0,random_or_none,5,windy,1,260,0,0,0,0,0,0,0,extreme_weather,2,109,116
4/10/2025 20:00,109,3,Thursday,4,0,0,random_or_none,0,sunny,0.076,260,0,0,0,0,0,0,0,normal,0,110,109
4/10/2025 21:00,110,3,Thursday,4,0,0,random_or_none,5,windy,0.767,260,0,0,0,0,0,0,0,extreme_weather,2,96,105
4/10/2025 22:00,96,3,Thursday,4,0,0,random_or_none,5,windy,0.63,260,0,0,0,0,0,0,0,normal,0,90,102
4/10/2025 23:00,90,3,Thursday,4,0,0,random_or_none,0,sunny,0.324,260,0,0,0,0,0,0,0,normal,0,129,91
4/11/2025 0:00,129,4,Friday,4,0,0,random_or_none,2,cold,0.4,260,0,1,98.47,0,0,0,0,emergency_spike,5,100,74
4/11/2025 1:00,100,4,Friday,4,0,0,random_or_none,5,windy,0.332,260,0,0,0,0,0,0,0,normal,0,106,68
4/11/2025 2:00,106,4,Friday,4,0,0,random_or_none,1,rainy,0.301,260,0,1,44.5,0,0,0,0,emergency_spike,5,87,59
4/11/2025 3:00,87,4,Friday,4,0,0,random_or_none,0,sunny,0.2,260,0,0,0,0,0,0,0,normal,0,77,63
4/11/2025 4:00,77,4,Friday,4,0,0,random_or_none,0,sunny,0.213,260,0,0,0,0,0,0,0,normal,0,75,66
4/11/2025 5:00,75,4,Friday,4,0,0,random_or_none,4,dusty,0.217,260,0,0,0,0,0,0,0,normal,0,83,59
4/11/2025 6:00,83,4,Friday,4,0,0,random_or_none,5,windy,0.543,260,0,0,0,0,0,0,0,normal,0,84,61
4/11/2025 7:00,84,4,Friday,4,0,0,random_or_none,5,windy,0.427,260,0,0,0,0,0,0,0,normal,0,91,70
4/11/2025 8:00,91,4,Friday,4,0,0,random_or_none,0,sunny,0.046,260,0,0,0,0,0,0,0,normal,0,100,81
4/11/2025 9:00,100,4,Friday,4,0,0,random_or_none,1,rainy,0.697,260,0,0,0,0,0,0,0,normal,0,97,81
4/11/2025 10:00,97,4,Friday,4,0,0,random_or_none,0,sunny,0.062,260,0,0,0,0,0,0,0,normal,0,101,83
4/11/2025 11:00,101,4,Friday,4,0,0,random_or_none,2,cold,0.754,260,0,0,0,0,0,0,0,extreme_weather,2,105,88
4/11/2025 12:00,105,4,Friday,4,0,0,random_or_none,0,sunny,0.253,260,0,0,0,0,0,0,0,normal,0,108,86
4/11/2025 13:00,108,4,Friday,4,0,0,random_or_none,1,rainy,0.566,260,0,0,0,0,0,0,0,normal,0,120,89
4/11/2025 14:00,120,4,Friday,4,0,0,random_or_none,1,rainy,0.776,260,0,0,0,0,0,0,0,extreme_weather,2,119,102
4/11/2025 15:00,119,4,Friday,4,0,0,random_or_none,5,windy,0.754,260,0,0,0,0,0,0,0,extreme_weather,2,125,106
4/11/2025 16:00,125,4,Friday,4,0,0,random_or_none,1,rainy,0.812,260,0,0,0,0,0,0,0,extreme_weather,2,116,113
4/11/2025 17:00,116,4,Friday,4,0,0,random_or_none,5,windy,0.27,260,0,0,0,0,0,0,0,normal,0,120,113
4/11/2025 18:00,120,4,Friday,4,0,0,random_or_none,5,windy,0.609,260,0,0,0,0,0,0,0,normal,0,116,108
4/11/2025 19:00,116,4,Friday,4,0,0,random_or_none,1,rainy,0.783,260,0,0,0,0,0,0,0,extreme_weather,2,109,105
4/11/2025 20:00,109,4,Friday,4,0,0,random_or_none,0,sunny,0.23,260,0,0,0,0,0,0,0,normal,0,105,101
4/11/2025 21:00,105,4,Friday,4,0,0,random_or_none,0,sunny,0.116,260,0,0,0,0,0,0,0,normal,0,102,86
4/11/2025 22:00,102,4,Friday,4,0,0,random_or_none,1,rainy,0.717,260,0,0,0,0,0,0,0,normal,0,91,83
4/11/2025 23:00,91,4,Friday,4,0,0,random_or_none,5,windy,0.493,260,0,0,0,0,0,0,0,normal,0,74,77
4/12/2025 0:00,74,5,Saturday,4,1,0,random_or_none,0,sunny,0.013,260,0,0,0,0,0,0,0,normal,0,68,74
4/12/2025 1:00,68,5,Saturday,4,1,0,random_or_none,2,cold,0.523,260,0,0,0,0,0,0,0,normal,0,59,99
4/12/2025 2:00,59,5,Saturday,4,1,0,random_or_none,0,sunny,0.251,260,0,0,0,0,0,0,0,normal,0,63,80
4/12/2025 3:00,63,5,Saturday,4,1,0,random_or_none,5,windy,0.396,260,0,0,0,0,0,0,0,normal,0,66,68
4/12/2025 4:00,66,5,Saturday,4,1,0,random_or_none,5,windy,0.87,260,0,0,0,0,0,0,0,extreme_weather,2,59,63
4/12/2025 5:00,59,5,Saturday,4,1,0,random_or_none,0,sunny,0.004,260,0,0,0,0,0,0,0,normal,0,61,63
4/12/2025 6:00,61,5,Saturday,4,1,0,random_or_none,1,rainy,0.846,260,0,0,0,0,0,0,0,extreme_weather,2,70,62
4/12/2025 7:00,70,5,Saturday,4,1,0,random_or_none,3,hot,0.665,260,0,0,0,0,0,0,0,normal,0,81,64
4/12/2025 8:00,81,5,Saturday,4,1,0,random_or_none,1,rainy,0.569,260,0,0,0,0,0,0,0,normal,0,81,66
4/12/2025 9:00,81,5,Saturday,4,1,0,random_or_none,2,cold,0.462,260,0,0,0,0,0,0,0,normal,0,83,75
4/12/2025 10:00,83,5,Saturday,4,1,0,random_or_none,0,sunny,0.234,260,0,0,0,0,0,0,0,normal,0,88,79
4/12/2025 11:00,88,5,Saturday,4,1,0,random_or_none,0,sunny,0.213,260,0,0,0,0,0,0,0,normal,0,86,84
4/12/2025 12:00,86,5,Saturday,4,1,0,random_or_none,0,sunny,0.069,260,0,0,0,0,0,0,0,normal,0,89,92
4/12/2025 13:00,89,5,Saturday,4,1,0,random_or_none,0,sunny,0.261,260,0,0,0,0,0,0,0,normal,0,102,97
4/12/2025 14:00,102,5,Saturday,4,1,0,random_or_none,5,windy,0.948,260,0,0,0,0,0,0,0,extreme_weather,2,106,95
4/12/2025 15:00,106,5,Saturday,4,1,0,random_or_none,4,dusty,0.581,260,0,0,0,0,0,0,0,normal,0,113,104
4/12/2025 16:00,113,5,Saturday,4,1,0,random_or_none,3,hot,0.827,260,0,0,0,0,0,0,0,extreme_weather,2,113,104
4/12/2025 17:00,113,5,Saturday,4,1,0,random_or_none,1,rainy,0.568,260,0,0,0,0,0,0,0,normal,0,108,97
4/12/2025 18:00,108,5,Saturday,4,1,0,random_or_none,5,windy,0.431,260,0,0,0,0,0,0,0,normal,0,105,95
4/12/2025 19:00,105,5,Saturday,4,1,0,random_or_none,0,sunny,0.343,260,0,0,0,0,0,0,0,normal,0,101,95
4/12/2025 20:00,101,5,Saturday,4,1,0,random_or_none,0,sunny,0.26,260,0,0,0,0,0,0,0,normal,0,86,92
4/12/2025 21:00,86,5,Saturday,4,1,0,random_or_none,0,sunny,0.106,260,0,0,0,0,0,0,0,normal,0,83,116
4/12/2025 22:00,83,5,Saturday,4,1,0,random_or_none,0,sunny,0.267,260,0,0,0,0,0,0,0,normal,0,77,100
4/12/2025 23:00,77,5,Saturday,4,1,0,random_or_none,0,sunny,0.277,260,0,0,0,0,0,0,0,normal,0,74,81
4/13/2025 0:00,74,6,Sunday,4,1,0,random_or_none,1,rainy,0.504,260,0,0,0,0,0,0,0,normal,0,99,71
4/13/2025 1:00,99,6,Sunday,4,1,0,random_or_none,1,rainy,0.39,260,0,1,64.91,0,0,0,0,emergency_spike,5,80,73
4/13/2025 2:00,80,6,Sunday,4,1,0,random_or_none,4,dusty,0.74,260,0,0,0,0,0,0,0,normal,0,68,82
4/13/2025 3:00,68,6,Sunday,4,1,0,random_or_none,5,windy,0.866,260,0,0,0,0,0,0,0,extreme_weather,2,63,77
4/13/2025 4:00,63,6,Sunday,4,1,0,random_or_none,1,rainy,0.367,260,0,0,0,0,0,0,0,normal,0,63,73
4/13/2025 5:00,63,6,Sunday,4,1,0,random_or_none,0,sunny,0.226,260,0,0,0,0,0,0,0,normal,0,62,76
4/13/2025 6:00,62,6,Sunday,4,1,0,random_or_none,1,rainy,0.423,260,0,0,0,0,0,0,0,normal,0,64,79
4/13/2025 7:00,64,6,Sunday,4,1,0,random_or_none,0,sunny,0.265,260,0,0,0,0,0,0,0,normal,0,66,84
4/13/2025 8:00,66,6,Sunday,4,1,0,random_or_none,0,sunny,0.313,260,0,0,0,0,0,0,0,normal,0,75,95
4/13/2025 9:00,75,6,Sunday,4,1,0,random_or_none,5,windy,0.714,260,0,0,0,0,0,0,0,normal,0,79,104
4/13/2025 10:00,79,6,Sunday,4,1,0,random_or_none,0,sunny,0.24,260,0,0,0,0,0,0,0,normal,0,84,108
4/13/2025 11:00,84,6,Sunday,4,1,0,random_or_none,0,sunny,0.108,260,0,0,0,0,0,0,0,normal,0,92,106
4/13/2025 12:00,92,6,Sunday,4,1,0,random_or_none,5,windy,0.622,260,0,0,0,0,0,0,0,normal,0,97,103
4/13/2025 13:00,97,6,Sunday,4,1,0,random_or_none,0,sunny,0.067,260,0,0,0,0,0,0,0,normal,0,95,104
4/13/2025 14:00,95,6,Sunday,4,1,0,random_or_none,0,sunny,0.055,260,0,0,0,0,0,0,0,normal,0,104,122
4/13/2025 15:00,104,6,Sunday,4,1,0,random_or_none,1,rainy,0.626,260,0,0,0,0,0,0,0,normal,0,104,123
4/13/2025 16:00,104,6,Sunday,4,1,0,random_or_none,5,windy,0.398,260,0,0,0,0,0,0,0,normal,0,97,124
4/13/2025 17:00,97,6,Sunday,4,1,0,random_or_none,0,sunny,0.254,260,0,0,0,0,0,0,0,normal,0,95,119
4/13/2025 18:00,95,6,Sunday,4,1,0,random_or_none,0,sunny,0.108,260,0,0,0,0,0,0,0,normal,0,95,118
4/13/2025 19:00,95,6,Sunday,4,1,0,random_or_none,4,dusty,0.241,260,0,0,0,0,0,0,0,normal,0,92,120
4/13/2025 20:00,92,6,Sunday,4,1,0,random_or_none,5,windy,0.351,260,0,0,0,0,0,0,0,normal,0,116,115
4/13/2025 21:00,116,6,Sunday,4,1,0,random_or_none,5,windy,0.475,260,0,1,69.36,0,0,0,0,emergency_spike,5,100,107
4/13/2025 22:00,100,6,Sunday,4,1,0,random_or_none,1,rainy,0.596,260,0,0,0,0,0,0,0,normal,0,81,92
4/13/2025 23:00,81,6,Sunday,4,1,0,random_or_none,1,rainy,0.369,260,0,0,0,0,0,0,0,normal,0,71,93
4/14/2025 0:00,71,0,Monday,4,0,0,random_or_none,0,sunny,0.253,260,0,0,0,0,0,0,0,normal,0,73,86
4/14/2025 1:00,73,0,Monday,4,0,0,random_or_none,4,dusty,0.786,260,0,0,0,0,0,0,0,extreme_weather,2,82,78
4/14/2025 2:00,82,0,Monday,4,0,0,random_or_none,4,dusty,0.73,260,0,0,0,0,0,0,0,normal,0,77,80
4/14/2025 3:00,77,0,Monday,4,0,0,random_or_none,0,sunny,0.02,260,0,0,0,0,0,0,0,normal,0,73,72
4/14/2025 4:00,73,0,Monday,4,0,0,random_or_none,1,rainy,0.5,260,0,0,0,0,0,0,0,normal,0,76,74
4/14/2025 5:00,76,0,Monday,4,0,0,random_or_none,0,sunny,0.342,260,0,0,0,0,0,0,0,normal,0,79,79
4/14/2025 6:00,79,0,Monday,4,0,0,random_or_none,2,cold,0.755,260,0,0,0,0,0,0,0,extreme_weather,2,84,83
4/14/2025 7:00,84,0,Monday,4,0,0,random_or_none,1,rainy,0.412,260,0,0,0,0,0,0,0,normal,0,95,81
4/14/2025 8:00,95,0,Monday,4,0,0,random_or_none,5,windy,0.699,260,0,0,0,0,0,0,0,normal,0,104,91
4/14/2025 9:00,104,0,Monday,4,0,0,random_or_none,2,cold,0.624,260,0,0,0,0,0,0,0,normal,0,108,97
4/14/2025 10:00,108,0,Monday,4,0,0,random_or_none,4,dusty,0.471,260,0,0,0,0,0,0,0,normal,0,106,99
4/14/2025 11:00,106,0,Monday,4,0,0,random_or_none,0,sunny,0.08,260,0,0,0,0,0,0,0,normal,0,103,106
4/14/2025 12:00,103,0,Monday,4,0,0,random_or_none,0,sunny,0.34,260,0,0,0,0,0,0,0,normal,0,104,106
4/14/2025 13:00,104,0,Monday,4,0,0,random_or_none,0,sunny,0.225,260,0,0,0,0,0,0,0,normal,0,122,111
4/14/2025 14:00,122,0,Monday,4,0,0,random_or_none,2,cold,0.699,260,0,0,0,0,0,0,0,normal,0,123,121
4/14/2025 15:00,123,0,Monday,4,0,0,random_or_none,0,sunny,0.198,260,0,0,0,0,0,0,0,normal,0,124,117
4/14/2025 16:00,124,0,Monday,4,0,0,random_or_none,4,dusty,0.855,260,0,0,0,0,0,0,0,extreme_weather,2,119,123
4/14/2025 17:00,119,0,Monday,4,0,0,random_or_none,0,sunny,0.023,260,0,0,0,0,0,0,0,normal,0,118,125
4/14/2025 18:00,118,0,Monday,4,0,0,random_or_none,0,sunny,0.195,260,0,0,0,0,0,0,0,normal,0,120,122
4/14/2025 19:00,120,0,Monday,4,0,0,random_or_none,2,cold,0.53,260,0,0,0,0,0,0,0,normal,0,115,113
4/14/2025 20:00,115,0,Monday,4,0,0,random_or_none,5,windy,0.35,260,0,0,0,0,0,0,0,normal,0,107,174
4/14/2025 21:00,107,0,Monday,4,0,0,random_or_none,2,cold,0.846,260,0,0,0,0,0,0,0,extreme_weather,2,92,130
4/14/2025 22:00,92,0,Monday,4,0,0,random_or_none,0,sunny,0.064,260,0,0,0,0,0,0,0,normal,0,93,108
4/14/2025 23:00,93,0,Monday,4,0,0,random_or_none,5,windy,1,260,0,0,0,0,0,0,0,extreme_weather,2,86,97
4/15/2025 0:00,86,1,Tuesday,4,0,0,random_or_none,0,sunny,0.218,260,0,0,0,0,0,0,0,normal,0,78,83
4/15/2025 1:00,78,1,Tuesday,4,0,0,random_or_none,0,sunny,0.299,260,0,0,0,0,0,0,0,normal,0,80,80
4/15/2025 2:00,80,1,Tuesday,4,0,0,random_or_none,5,windy,0.665,260,0,0,0,0,0,0,0,normal,0,72,79
4/15/2025 3:00,72,1,Tuesday,4,0,0,random_or_none,2,cold,0.636,260,0,0,0,0,0,0,0,normal,0,74,78
4/15/2025 4:00,74,1,Tuesday,4,0,0,random_or_none,0,sunny,0.052,260,0,0,0,0,0,0,0,normal,0,79,102
4/15/2025 5:00,79,1,Tuesday,4,0,0,random_or_none,4,dusty,0.23,260,0,0,0,0,0,0,0,normal,0,83,92
4/15/2025 6:00,83,1,Tuesday,4,0,0,random_or_none,0,sunny,0.024,260,0,0,0,0,0,0,0,normal,0,81,88
4/15/2025 7:00,81,1,Tuesday,4,0,0,random_or_none,0,sunny,0.057,260,0,0,0,0,0,0,0,normal,0,91,89
4/15/2025 8:00,91,1,Tuesday,4,0,0,random_or_none,0,sunny,0.322,260,0,0,0,0,0,0,0,normal,0,97,99
4/15/2025 9:00,97,1,Tuesday,4,0,0,random_or_none,4,dusty,0.292,260,0,0,0,0,0,0,0,normal,0,99,92
4/15/2025 10:00,99,1,Tuesday,4,0,0,random_or_none,0,sunny,0.304,260,0,0,0,0,0,0,0,normal,0,106,100
4/15/2025 11:00,106,1,Tuesday,4,0,0,random_or_none,1,rainy,0.309,260,0,0,0,0,0,0,0,normal,0,106,101
4/15/2025 12:00,106,1,Tuesday,4,0,0,random_or_none,1,rainy,0.25,260,0,0,0,0,0,0,0,normal,0,111,107
4/15/2025 13:00,111,1,Tuesday,4,0,0,random_or_none,1,rainy,0.28,260,0,0,0,0,0,0,0,normal,0,121,111
4/15/2025 14:00,121,1,Tuesday,4,0,0,random_or_none,4,dusty,0.755,260,0,0,0,0,0,0,0,extreme_weather,2,117,112
4/15/2025 15:00,117,1,Tuesday,4,0,0,random_or_none,0,sunny,0.032,260,0,0,0,0,0,0,0,normal,0,123,122
4/15/2025 16:00,123,1,Tuesday,4,0,0,random_or_none,1,rainy,0.557,260,0,0,0,0,0,0,0,normal,0,125,119
4/15/2025 17:00,125,1,Tuesday,4,0,0,random_or_none,1,rainy,0.919,260,0,0,0,0,0,0,0,extreme_weather,2,122,118
4/15/2025 18:00,122,1,Tuesday,4,0,0,random_or_none,0,sunny,0.108,260,0,0,0,0,0,0,0,normal,0,113,119
4/15/2025 19:00,113,1,Tuesday,4,0,0,random_or_none,0,sunny,0.245,260,0,0,0,0,0,0,0,normal,0,174,116
4/15/2025 20:00,174,1,Tuesday,4,0,0,random_or_none,2,cold,0.757,260,0,1,142.14,0,0,0,0,emergency_spike,5,130,110
4/15/2025 21:00,130,1,Tuesday,4,0,0,random_or_none,0,sunny,0.297,260,0,0,0,0,0,0,0,normal,0,108,110
4/15/2025 22:00,108,1,Tuesday,4,0,0,random_or_none,0,sunny,0.182,260,0,0,0,0,0,0,0,normal,0,97,101
4/15/2025 23:00,97,1,Tuesday,4,0,0,random_or_none,1,rainy,0.318,260,0,0,0,0,0,0,0,normal,0,83,89
4/16/2025 0:00,83,2,Wednesday,4,0,0,random_or_none,0,sunny,0.216,260,0,0,0,0,0,0,0,normal,0,80,81
4/16/2025 1:00,80,2,Wednesday,4,0,0,random_or_none,1,rainy,0.271,260,0,0,0,0,0,0,0,normal,0,79,71
4/16/2025 2:00,79,2,Wednesday,4,0,0,random_or_none,5,windy,0.566,260,0,0,0,0,0,0,0,normal,0,78,73
4/16/2025 3:00,78,2,Wednesday,4,0,0,random_or_none,1,rainy,0.449,260,0,0,0,0,0,0,0,normal,0,102,71
4/16/2025 4:00,102,2,Wednesday,4,0,0,random_or_none,5,windy,0.224,260,0,1,58.72,0,0,0,0,emergency_spike,5,92,68
4/16/2025 5:00,92,2,Wednesday,4,0,0,random_or_none,1,rainy,0.582,260,0,0,0,0,0,0,0,normal,0,88,80
4/16/2025 6:00,88,2,Wednesday,4,0,0,random_or_none,5,windy,0.337,260,0,0,0,0,0,0,0,normal,0,89,84
4/16/2025 7:00,89,2,Wednesday,4,0,0,random_or_none,0,sunny,0.339,260,0,0,0,0,0,0,0,normal,0,99,81
4/16/2025 8:00,99,2,Wednesday,4,0,0,random_or_none,1,rainy,0.869,260,0,0,0,0,0,0,0,extreme_weather,2,92,85
4/16/2025 9:00,92,2,Wednesday,4,0,0,random_or_none,0,sunny,0.167,260,0,0,0,0,0,0,0,normal,0,100,88
4/16/2025 10:00,100,2,Wednesday,4,0,0,random_or_none,0,sunny,0.113,260,0,0,0,0,0,0,0,normal,0,101,100
4/16/2025 11:00,101,2,Wednesday,4,0,0,random_or_none,0,sunny,0.172,260,0,0,0,0,0,0,0,normal,0,107,107
4/16/2025 12:00,107,2,Wednesday,4,0,0,random_or_none,1,rainy,0.251,260,0,0,0,0,0,0,0,normal,0,111,116
4/16/2025 13:00,111,2,Wednesday,4,0,0,random_or_none,5,windy,0.829,260,0,0,0,0,0,0,0,extreme_weather,2,112,112
4/16/2025 14:00,112,2,Wednesday,4,0,0,random_or_none,5,windy,0.412,260,0,0,0,0,0,0,0,normal,0,122,113
4/16/2025 15:00,122,2,Wednesday,4,0,0,random_or_none,1,rainy,0.623,260,0,0,0,0,0,0,0,normal,0,119,114
4/16/2025 16:00,119,2,Wednesday,4,0,0,random_or_none,3,hot,0.363,260,0,0,0,0,0,0,0,normal,0,118,115
4/16/2025 17:00,118,2,Wednesday,4,0,0,random_or_none,0,sunny,0.258,260,0,0,0,0,0,0,0,normal,0,119,121
4/16/2025 18:00,119,2,Wednesday,4,0,0,random_or_none,5,windy,0.863,260,0,0,0,0,0,0,0,extreme_weather,2,116,124
4/16/2025 19:00,116,2,Wednesday,4,0,0,random_or_none,5,windy,0.85,260,0,0,0,0,0,0,0,extreme_weather,2,110,117
4/16/2025 20:00,110,2,Wednesday,4,0,0,random_or_none,0,sunny,0.168,260,0,0,0,0,0,0,0,normal,0,110,112
4/16/2025 21:00,110,2,Wednesday,4,0,0,random_or_none,3,hot,0.475,260,0,0,0,0,0,0,0,normal,0,101,107
4/16/2025 22:00,101,2,Wednesday,4,0,0,random_or_none,1,rainy,0.36,260,0,0,0,0,0,0,0,normal,0,89,101
4/16/2025 23:00,89,2,Wednesday,4,0,0,random_or_none,1,rainy,0.42,260,0,0,0,0,0,0,0,normal,0,81,92
4/17/2025 0:00,81,3,Thursday,4,0,0,random_or_none,0,sunny,0.119,260,0,0,0,0,0,0,0,normal,0,71,89
4/17/2025 1:00,71,3,Thursday,4,0,0,random_or_none,0,sunny,0.3,260,0,0,0,0,0,0,0,normal,0,73,86
4/17/2025 2:00,73,3,Thursday,4,0,0,random_or_none,0,sunny,0.274,260,0,0,0,0,0,0,0,normal,0,71,77
4/17/2025 3:00,71,3,Thursday,4,0,0,random_or_none,0,sunny,0.341,260,0,0,0,0,0,0,0,normal,0,68,70
4/17/2025 4:00,68,3,Thursday,4,0,0,random_or_none,0,sunny,0.249,260,0,0,0,0,0,0,0,normal,0,80,73
4/17/2025 5:00,80,3,Thursday,4,0,0,random_or_none,1,rainy,0.902,260,0,0,0,0,0,0,0,extreme_weather,2,84,81
4/17/2025 6:00,84,3,Thursday,4,0,0,random_or_none,3,hot,0.296,260,0,0,0,0,0,0,0,normal,0,81,89
4/17/2025 7:00,81,3,Thursday,4,0,0,random_or_none,0,sunny,0.238,260,0,0,0,0,0,0,0,normal,0,85,85
4/17/2025 8:00,85,3,Thursday,4,0,0,random_or_none,0,sunny,0.261,260,0,0,0,0,0,0,0,normal,0,88,91
4/17/2025 9:00,88,3,Thursday,4,0,0,random_or_none,1,rainy,0.188,260,0,0,0,0,0,0,0,normal,0,100,92
4/17/2025 10:00,100,3,Thursday,4,0,0,random_or_none,1,rainy,0.705,260,0,0,0,0,0,0,0,normal,0,107,135
4/17/2025 11:00,107,3,Thursday,4,0,0,random_or_none,5,windy,0.762,260,0,0,0,0,0,0,0,extreme_weather,2,116,122
4/17/2025 12:00,116,3,Thursday,4,0,0,random_or_none,4,dusty,0.737,260,0,0,0,0,0,0,0,normal,0,112,118
4/17/2025 13:00,112,3,Thursday,4,0,0,random_or_none,0,sunny,0.017,260,0,0,0,0,0,0,0,normal,0,113,142
4/17/2025 14:00,113,3,Thursday,4,0,0,random_or_none,1,rainy,0.462,260,0,0,0,0,0,0,0,normal,0,114,139
4/17/2025 15:00,114,3,Thursday,4,0,0,random_or_none,0,sunny,0.253,260,0,0,0,0,0,0,0,normal,0,115,133
4/17/2025 16:00,115,3,Thursday,4,0,0,random_or_none,0,sunny,0.248,260,0,0,0,0,0,0,0,normal,0,121,178
4/17/2025 17:00,121,3,Thursday,4,0,0,random_or_none,1,rainy,0.203,260,0,0,0,0,0,0,0,normal,0,124,151
4/17/2025 18:00,124,3,Thursday,4,0,0,random_or_none,0,sunny,0.168,260,0,0,0,0,0,0,0,normal,0,117,138
4/17/2025 19:00,117,3,Thursday,4,0,0,random_or_none,3,hot,0.463,260,0,0,0,0,0,0,0,normal,0,112,122
4/17/2025 20:00,112,3,Thursday,4,0,0,random_or_none,1,rainy,0.623,260,0,0,0,0,0,0,0,normal,0,107,138
4/17/2025 21:00,107,3,Thursday,4,0,0,random_or_none,4,dusty,0.305,260,0,0,0,0,0,0,0,normal,0,101,118
4/17/2025 22:00,101,3,Thursday,4,0,0,random_or_none,5,windy,0.707,260,0,0,0,0,0,0,0,normal,0,92,106
4/17/2025 23:00,92,3,Thursday,4,0,0,random_or_none,0,sunny,0.223,260,0,0,0,0,0,0,0,normal,0,89,98
4/18/2025 0:00,89,4,Friday,4,0,0,random_or_none,1,rainy,0.767,260,0,0,0,0,0,0,0,extreme_weather,2,86,82
4/18/2025 1:00,86,4,Friday,4,0,0,random_or_none,2,cold,0.506,260,0,0,0,0,0,0,0,normal,0,77,69
4/18/2025 2:00,77,4,Friday,4,0,0,random_or_none,0,sunny,0.308,260,0,0,0,0,0,0,0,normal,0,70,66
4/18/2025 3:00,70,4,Friday,4,0,0,random_or_none,4,dusty,0.231,260,0,0,0,0,0,0,0,normal,0,73,65
4/18/2025 4:00,73,4,Friday,4,0,0,random_or_none,0,sunny,0.219,260,0,0,0,0,0,0,0,normal,0,81,61
4/18/2025 5:00,81,4,Friday,4,0,0,random_or_none,2,cold,0.465,260,0,0,0,0,0,0,0,normal,0,89,63
4/18/2025 6:00,89,4,Friday,4,0,0,random_or_none,1,rainy,0.221,260,0,0,0,0,0,0,0,normal,0,85,59
4/18/2025 7:00,85,4,Friday,4,0,0,random_or_none,0,sunny,0.297,260,0,0,0,0,0,0,0,normal,0,91,63
4/18/2025 8:00,91,4,Friday,4,0,0,random_or_none,5,windy,0.53,260,0,0,0,0,0,0,0,normal,0,92,74
4/18/2025 9:00,92,4,Friday,4,0,0,random_or_none,5,windy,0.943,260,0,0,0,0,0,0,0,extreme_weather,2,135,76
4/18/2025 10:00,135,4,Friday,4,0,0,random_or_none,5,windy,0.424,260,0,1,90.61,0,0,0,0,emergency_spike,5,122,83
4/18/2025 11:00,122,4,Friday,4,0,0,random_or_none,0,sunny,0.152,260,0,0,0,0,0,0,0,normal,0,118,86
4/18/2025 12:00,118,4,Friday,4,0,0,random_or_none,3,hot,0.811,260,0,0,0,0,0,0,0,extreme_weather,2,142,94
4/18/2025 13:00,142,4,Friday,4,0,0,random_or_none,5,windy,0.92,260,0,1,55.73,0,0,0,0,emergency_spike,5,139,114
4/18/2025 14:00,139,4,Friday,4,0,0,random_or_none,2,cold,0.582,260,0,0,0,0,0,0,0,normal,0,133,110
4/18/2025 15:00,133,4,Friday,4,0,0,random_or_none,0,sunny,0.203,260,0,0,0,0,0,0,0,normal,0,178,103
4/18/2025 16:00,178,4,Friday,4,0,0,random_or_none,5,windy,0.883,260,0,1,116.97,0,0,0,0,emergency_spike,5,151,107
4/18/2025 17:00,151,4,Friday,4,0,0,random_or_none,2,cold,0.128,260,0,0,0,0,0,0,0,normal,0,138,103
4/18/2025 18:00,138,4,Friday,4,0,0,random_or_none,2,cold,0.658,260,0,0,0,0,0,0,0,normal,0,122,106
4/18/2025 19:00,122,4,Friday,4,0,0,random_or_none,0,sunny,0.221,260,0,0,0,0,0,0,0,normal,0,138,104
4/18/2025 20:00,138,4,Friday,4,0,0,random_or_none,0,sunny,0.144,260,0,1,53.25,0,0,0,0,emergency_spike,5,118,94
4/18/2025 21:00,118,4,Friday,4,0,0,random_or_none,5,windy,0.561,260,0,0,0,0,0,0,0,normal,0,106,88
4/18/2025 22:00,106,4,Friday,4,0,0,random_or_none,5,windy,0.513,260,0,0,0,0,0,0,0,normal,0,98,87
4/18/2025 23:00,98,4,Friday,4,0,0,random_or_none,1,rainy,0.841,260,0,0,0,0,0,0,0,extreme_weather,2,82,78
4/19/2025 0:00,82,5,Saturday,4,1,0,random_or_none,5,windy,0.843,260,0,0,0,0,0,0,0,extreme_weather,2,69,73
4/19/2025 1:00,69,5,Saturday,4,1,0,random_or_none,0,sunny,0.188,260,0,0,0,0,0,0,0,normal,0,66,62
4/19/2025 2:00,66,5,Saturday,4,1,0,random_or_none,3,hot,0.403,260,0,0,0,0,0,0,0,normal,0,65,71
4/19/2025 3:00,65,5,Saturday,4,1,0,random_or_none,1,rainy,0.647,260,0,0,0,0,0,0,0,normal,0,61,66
4/19/2025 4:00,61,5,Saturday,4,1,0,random_or_none,5,windy,0.437,260,0,0,0,0,0,0,0,normal,0,63,66
4/19/2025 5:00,63,5,Saturday,4,1,0,random_or_none,0,sunny,0.056,260,0,0,0,0,0,0,0,normal,0,59,67
4/19/2025 6:00,59,5,Saturday,4,1,0,random_or_none,0,sunny,0.066,260,0,0,0,0,0,0,0,normal,0,63,61
4/19/2025 7:00,63,5,Saturday,4,1,0,random_or_none,0,sunny,0.196,260,0,0,0,0,0,0,0,normal,0,74,66
4/19/2025 8:00,74,5,Saturday,4,1,0,random_or_none,5,windy,0.266,260,0,0,0,0,0,0,0,normal,0,76,69
4/19/2025 9:00,76,5,Saturday,4,1,0,random_or_none,2,cold,0.209,260,0,0,0,0,0,0,0,normal,0,83,83
4/19/2025 10:00,83,5,Saturday,4,1,0,random_or_none,0,sunny,0.047,260,0,0,0,0,0,0,0,normal,0,86,88
4/19/2025 11:00,86,5,Saturday,4,1,0,random_or_none,2,cold,0.699,260,0,0,0,0,0,0,0,normal,0,94,91
4/19/2025 12:00,94,5,Saturday,4,1,0,random_or_none,3,hot,0.409,260,0,0,0,0,0,0,0,normal,0,114,94
4/19/2025 13:00,114,5,Saturday,4,1,0,random_or_none,0,sunny,0.347,260,0,1,46.39,0,0,0,0,emergency_spike,5,110,179
4/19/2025 14:00,110,5,Saturday,4,1,0,random_or_none,5,windy,0.452,260,0,0,0,0,0,0,0,normal,0,103,143
4/19/2025 15:00,103,5,Saturday,4,1,0,random_or_none,0,sunny,0.338,260,0,0,0,0,0,0,0,normal,0,107,120
4/19/2025 16:00,107,5,Saturday,4,1,0,random_or_none,1,rainy,0.501,260,0,0,0,0,0,0,0,normal,0,103,113
4/19/2025 17:00,103,5,Saturday,4,1,0,random_or_none,0,sunny,0.181,260,0,0,0,0,0,0,0,normal,0,106,108
4/19/2025 18:00,106,5,Saturday,4,1,0,random_or_none,1,rainy,0.872,260,0,0,0,0,0,0,0,extreme_weather,2,104,104
4/19/2025 19:00,104,5,Saturday,4,1,0,random_or_none,0,sunny,0.281,260,0,0,0,0,0,0,0,normal,0,94,98
4/19/2025 20:00,94,5,Saturday,4,1,0,random_or_none,0,sunny,0.324,260,0,0,0,0,0,0,0,normal,0,88,91
4/19/2025 21:00,88,5,Saturday,4,1,0,random_or_none,5,windy,0.524,260,0,0,0,0,0,0,0,normal,0,87,85
4/19/2025 22:00,87,5,Saturday,4,1,0,random_or_none,5,windy,0.644,260,0,0,0,0,0,0,0,normal,0,78,76
4/19/2025 23:00,78,5,Saturday,4,1,0,random_or_none,1,rainy,0.234,260,0,0,0,0,0,0,0,normal,0,73,69
4/20/2025 0:00,73,6,Sunday,4,1,0,random_or_none,0,sunny,0.122,260,0,0,0,0,0,0,0,normal,0,62,77
4/20/2025 1:00,62,6,Sunday,4,1,0,random_or_none,0,sunny,0.094,260,0,0,0,0,0,0,0,normal,0,71,73
4/20/2025 2:00,71,6,Sunday,4,1,0,random_or_none,1,rainy,0.5,260,0,0,0,0,0,0,0,normal,0,66,77
4/20/2025 3:00,66,6,Sunday,4,1,0,random_or_none,0,sunny,0.157,260,0,0,0,0,0,0,0,normal,0,66,76
4/20/2025 4:00,66,6,Sunday,4,1,0,random_or_none,2,cold,0.457,260,0,0,0,0,0,0,0,normal,0,67,79
4/20/2025 5:00,67,6,Sunday,4,1,0,random_or_none,4,dusty,0.407,260,0,0,0,0,0,0,0,normal,0,61,84
4/20/2025 6:00,61,6,Sunday,4,1,0,random_or_none,2,cold,0.121,260,0,0,0,0,0,0,0,normal,0,66,81
4/20/2025 7:00,66,6,Sunday,4,1,0,random_or_none,0,sunny,0.139,260,0,0,0,0,0,0,0,normal,0,69,91
4/20/2025 8:00,69,6,Sunday,4,1,0,random_or_none,0,sunny,0.244,260,0,0,0,0,0,0,0,normal,0,83,97
4/20/2025 9:00,83,6,Sunday,4,1,0,random_or_none,1,rainy,0.476,260,0,0,0,0,0,0,0,normal,0,88,98
4/20/2025 10:00,88,6,Sunday,4,1,0,random_or_none,3,hot,0.619,260,0,0,0,0,0,0,0,normal,0,91,107
4/20/2025 11:00,91,6,Sunday,4,1,0,random_or_none,5,windy,0.718,260,0,0,0,0,0,0,0,normal,0,94,105
4/20/2025 12:00,94,6,Sunday,4,1,0,random_or_none,0,sunny,0.145,260,0,0,0,0,0,0,0,normal,0,179,108
4/20/2025 13:00,179,6,Sunday,4,1,0,random_or_none,5,windy,1,260,0,1,159.94,0,0,0,0,emergency_spike,5,143,113
4/20/2025 14:00,143,6,Sunday,4,1,0,random_or_none,5,windy,0.458,260,0,0,0,0,0,0,0,normal,0,120,112
4/20/2025 15:00,120,6,Sunday,4,1,0,random_or_none,2,cold,0.386,260,0,0,0,0,0,0,0,normal,0,113,120
4/20/2025 16:00,113,6,Sunday,4,1,0,random_or_none,2,cold,0.237,260,0,0,0,0,0,0,0,normal,0,108,122
4/20/2025 17:00,108,6,Sunday,4,1,0,random_or_none,0,sunny,0.032,260,0,0,0,0,0,0,0,normal,0,104,124
4/20/2025 18:00,104,6,Sunday,4,1,0,random_or_none,0,sunny,0.123,260,0,0,0,0,0,0,0,normal,0,98,117
4/20/2025 19:00,98,6,Sunday,4,1,0,random_or_none,0,sunny,0.09,260,0,0,0,0,0,0,0,normal,0,91,112
4/20/2025 20:00,91,6,Sunday,4,1,0,random_or_none,0,sunny,0.195,260,0,0,0,0,0,0,0,normal,0,85,105
4/20/2025 21:00,85,6,Sunday,4,1,0,random_or_none,3,hot,0.16,260,0,0,0,0,0,0,0,normal,0,76,102
4/20/2025 22:00,76,6,Sunday,4,1,0,random_or_none,0,sunny,0.28,260,0,0,0,0,0,0,0,normal,0,69,125
4/20/2025 23:00,69,6,Sunday,4,1,0,random_or_none,0,sunny,0.223,260,0,0,0,0,0,0,0,normal,0,77,105
4/21/2025 0:00,77,0,Monday,4,0,0,random_or_none,1,rainy,0.931,260,0,0,0,0,0,0,0,extreme_weather,2,73,97
4/21/2025 1:00,73,0,Monday,4,0,0,random_or_none,0,sunny,0.062,260,0,0,0,0,0,0,0,normal,0,77,88
4/21/2025 2:00,77,0,Monday,4,0,0,random_or_none,2,cold,0.679,260,0,0,0,0,0,0,0,normal,0,76,83
4/21/2025 3:00,76,0,Monday,4,0,0,random_or_none,5,windy,0.99,260,0,0,0,0,0,0,0,extreme_weather,2,79,81
4/21/2025 4:00,79,0,Monday,4,0,0,random_or_none,0,sunny,0.327,260,0,0,0,0,0,0,0,normal,0,84,77
4/21/2025 5:00,84,0,Monday,4,0,0,random_or_none,1,rainy,0.284,260,0,0,0,0,0,0,0,normal,0,81,79
4/21/2025 6:00,81,0,Monday,4,0,0,random_or_none,0,sunny,0.054,260,0,0,0,0,0,0,0,normal,0,91,79
4/21/2025 7:00,91,0,Monday,4,0,0,random_or_none,5,windy,0.902,260,0,0,0,0,0,0,0,extreme_weather,2,97,78
4/21/2025 8:00,97,0,Monday,4,0,0,random_or_none,5,windy,0.274,260,0,0,0,0,0,0,0,normal,0,98,84
4/21/2025 9:00,98,0,Monday,4,0,0,random_or_none,5,windy,0.237,260,0,0,0,0,0,0,0,normal,0,107,87
4/21/2025 10:00,107,0,Monday,4,0,0,random_or_none,1,rainy,0.825,260,0,0,0,0,0,0,0,extreme_weather,2,105,97
4/21/2025 11:00,105,0,Monday,4,0,0,random_or_none,2,cold,0.168,260,0,0,0,0,0,0,0,normal,0,108,104
4/21/2025 12:00,108,0,Monday,4,0,0,random_or_none,4,dusty,0.622,260,0,0,0,0,0,0,0,normal,0,113,110
4/21/2025 13:00,113,0,Monday,4,0,0,random_or_none,5,windy,0.425,260,0,0,0,0,0,0,0,normal,0,112,115
4/21/2025 14:00,112,0,Monday,4,0,0,random_or_none,0,sunny,0.219,260,0,0,0,0,0,0,0,normal,0,120,126
4/21/2025 15:00,120,0,Monday,4,0,0,random_or_none,1,rainy,0.407,260,0,0,0,0,0,0,0,normal,0,122,123
4/21/2025 16:00,122,0,Monday,4,0,0,random_or_none,1,rainy,0.548,260,0,0,0,0,0,0,0,normal,0,124,120
4/21/2025 17:00,124,0,Monday,4,0,0,random_or_none,0,sunny,0.291,260,0,0,0,0,0,0,0,normal,0,117,119
4/21/2025 18:00,117,0,Monday,4,0,0,random_or_none,0,sunny,0.312,260,0,0,0,0,0,0,0,normal,0,112,109
4/21/2025 19:00,112,0,Monday,4,0,0,random_or_none,0,sunny,0.017,260,0,0,0,0,0,0,0,normal,0,105,136
4/21/2025 20:00,105,0,Monday,4,0,0,random_or_none,3,hot,0.458,260,0,0,0,0,0,0,0,normal,0,102,115
4/21/2025 21:00,102,0,Monday,4,0,0,random_or_none,5,windy,0.576,260,0,0,0,0,0,0,0,normal,0,125,106
4/21/2025 22:00,125,0,Monday,4,0,0,random_or_none,1,rainy,0.695,260,0,1,59.42,0,0,0,0,emergency_spike,5,105,96
4/21/2025 23:00,105,0,Monday,4,0,0,random_or_none,0,sunny,0.112,260,0,0,0,0,0,0,0,normal,0,97,92
4/22/2025 0:00,97,1,Tuesday,4,0,0,random_or_none,1,rainy,0.607,260,0,0,0,0,0,0,0,normal,0,88,84
4/22/2025 1:00,88,1,Tuesday,4,0,0,random_or_none,4,dusty,0.287,260,0,0,0,0,0,0,0,normal,0,83,111
4/22/2025 2:00,83,1,Tuesday,4,0,0,random_or_none,4,dusty,0.695,260,0,0,0,0,0,0,0,normal,0,81,93
4/22/2025 3:00,81,1,Tuesday,4,0,0,random_or_none,1,rainy,0.333,260,0,0,0,0,0,0,0,normal,0,77,81
4/22/2025 4:00,77,1,Tuesday,4,0,0,random_or_none,1,rainy,0.275,260,0,0,0,0,0,0,0,normal,0,79,86
4/22/2025 5:00,79,1,Tuesday,4,0,0,random_or_none,4,dusty,0.71,260,0,0,0,0,0,0,0,normal,0,79,81
4/22/2025 6:00,79,1,Tuesday,4,0,0,random_or_none,4,dusty,0.432,260,0,0,0,0,0,0,0,normal,0,78,78
4/22/2025 7:00,78,1,Tuesday,4,0,0,random_or_none,1,rainy,0.158,260,0,0,0,0,0,0,0,normal,0,84,85
4/22/2025 8:00,84,1,Tuesday,4,0,0,random_or_none,0,sunny,0.295,260,0,0,0,0,0,0,0,normal,0,87,94
4/22/2025 9:00,87,1,Tuesday,4,0,0,random_or_none,0,sunny,0.242,260,0,0,0,0,0,0,0,normal,0,97,94
4/22/2025 10:00,97,1,Tuesday,4,0,0,random_or_none,5,windy,0.366,260,0,0,0,0,0,0,0,normal,0,104,104
4/22/2025 11:00,104,1,Tuesday,4,0,0,random_or_none,5,windy,0.304,260,0,0,0,0,0,0,0,normal,0,110,112
4/22/2025 12:00,110,1,Tuesday,4,0,0,random_or_none,5,windy,0.988,260,0,0,0,0,0,0,0,extreme_weather,2,115,118
4/22/2025 13:00,115,1,Tuesday,4,0,0,random_or_none,2,cold,0.296,260,0,0,0,0,0,0,0,normal,0,126,117
4/22/2025 14:00,126,1,Tuesday,4,0,0,random_or_none,1,rainy,0.858,260,0,0,0,0,0,0,0,extreme_weather,2,123,116
4/22/2025 15:00,123,1,Tuesday,4,0,0,random_or_none,0,sunny,0.181,260,0,0,0,0,0,0,0,normal,0,120,117
4/22/2025 16:00,120,1,Tuesday,4,0,0,random_or_none,1,rainy,0.239,260,0,0,0,0,0,0,0,normal,0,119,119
4/22/2025 17:00,119,1,Tuesday,4,0,0,random_or_none,5,windy,0.294,260,0,0,0,0,0,0,0,normal,0,109,119
4/22/2025 18:00,109,1,Tuesday,4,0,0,random_or_none,5,windy,0.608,260,0,0,0,0,0,0,0,normal,0,136,110
4/22/2025 19:00,136,1,Tuesday,4,0,0,random_or_none,5,windy,0.748,260,0,1,54.95,0,0,0,0,emergency_spike,5,115,115
4/22/2025 20:00,115,1,Tuesday,4,0,0,random_or_none,2,cold,0.288,260,0,0,0,0,0,0,0,normal,0,106,106
4/22/2025 21:00,106,1,Tuesday,4,0,0,random_or_none,0,sunny,0.133,260,0,0,0,0,0,0,0,normal,0,96,109
4/22/2025 22:00,96,1,Tuesday,4,0,0,random_or_none,1,rainy,0.33,260,0,0,0,0,0,0,0,normal,0,92,101
4/22/2025 23:00,92,1,Tuesday,4,0,0,random_or_none,0,sunny,0.154,260,0,0,0,0,0,0,0,normal,0,84,102
4/23/2025 0:00,84,2,Wednesday,4,0,0,random_or_none,5,windy,0.432,260,0,0,0,0,0,0,0,normal,0,111,89
4/23/2025 1:00,111,2,Wednesday,4,0,0,random_or_none,0,sunny,0.181,260,0,1,73.14,0,0,0,0,emergency_spike,5,93,88
4/23/2025 2:00,93,2,Wednesday,4,0,0,random_or_none,5,windy,0.445,260,0,0,0,0,0,0,0,normal,0,81,105
4/23/2025 3:00,81,2,Wednesday,4,0,0,random_or_none,0,sunny,0.02,260,0,0,0,0,0,0,0,normal,0,86,95
4/23/2025 4:00,86,2,Wednesday,4,0,0,random_or_none,1,rainy,0.836,260,0,0,0,0,0,0,0,extreme_weather,2,81,83
4/23/2025 5:00,81,2,Wednesday,4,0,0,random_or_none,0,sunny,0.288,260,0,0,0,0,0,0,0,normal,0,78,70
4/23/2025 6:00,78,2,Wednesday,4,0,0,random_or_none,1,rainy,0.459,260,0,0,0,0,0,0,0,normal,0,85,72
4/23/2025 7:00,85,2,Wednesday,4,0,0,random_or_none,0,sunny,0.172,260,0,0,0,0,0,0,0,normal,0,94,78
4/23/2025 8:00,94,2,Wednesday,4,0,0,random_or_none,3,hot,0.659,260,0,0,0,0,0,0,0,normal,0,94,87
4/23/2025 9:00,94,2,Wednesday,4,0,0,random_or_none,2,cold,0.268,260,0,0,0,0,0,0,0,normal,0,104,94
4/23/2025 10:00,104,2,Wednesday,4,0,0,random_or_none,5,windy,0.961,260,0,0,0,0,0,0,0,extreme_weather,2,112,102
4/23/2025 11:00,112,2,Wednesday,4,0,0,random_or_none,1,rainy,0.39,260,0,0,0,0,0,0,0,normal,0,118,111
4/23/2025 12:00,118,2,Wednesday,4,0,0,random_or_none,1,rainy,0.854,260,0,0,0,0,0,0,0,extreme_weather,2,117,113
4/23/2025 13:00,117,2,Wednesday,4,0,0,random_or_none,5,windy,0.397,260,0,0,0,0,0,0,0,normal,0,116,111
4/23/2025 14:00,116,2,Wednesday,4,0,0,random_or_none,1,rainy,0.512,260,0,0,0,0,0,0,0,normal,0,117,149
4/23/2025 15:00,117,2,Wednesday,4,0,0,random_or_none,5,windy,0.353,260,0,0,0,0,0,0,0,normal,0,119,130
4/23/2025 16:00,119,2,Wednesday,4,0,0,random_or_none,5,windy,0.721,260,0,0,0,0,0,0,0,normal,0,119,123
4/23/2025 17:00,119,2,Wednesday,4,0,0,random_or_none,1,rainy,0.84,260,0,0,0,0,0,0,0,extreme_weather,2,110,124
4/23/2025 18:00,110,2,Wednesday,4,0,0,random_or_none,0,sunny,0.107,260,0,0,0,0,0,0,0,normal,0,115,114
4/23/2025 19:00,115,2,Wednesday,4,0,0,random_or_none,1,rainy,0.874,260,0,0,0,0,0,0,0,extreme_weather,2,106,122
4/23/2025 20:00,106,2,Wednesday,4,0,0,random_or_none,2,cold,0.409,260,0,0,0,0,0,0,0,normal,0,109,105
4/23/2025 21:00,109,2,Wednesday,4,0,0,random_or_none,5,windy,0.946,260,0,0,0,0,0,0,0,extreme_weather,2,101,100
4/23/2025 22:00,101,2,Wednesday,4,0,0,random_or_none,0,sunny,0.072,260,0,0,0,0,0,0,0,normal,0,102,91
4/23/2025 23:00,102,2,Wednesday,4,0,0,random_or_none,5,windy,0.841,260,0,0,0,0,0,0,0,extreme_weather,2,89,94
4/24/2025 0:00,89,3,Thursday,4,0,0,random_or_none,2,cold,0.213,260,0,0,0,0,0,0,0,normal,0,88,146
4/24/2025 1:00,88,3,Thursday,4,0,0,random_or_none,5,windy,0.626,260,0,0,0,0,0,0,0,normal,0,105,115
4/24/2025 2:00,105,3,Thursday,4,0,0,random_or_none,1,rainy,0.652,260,0,1,46,0,0,0,0,emergency_spike,5,95,98
4/24/2025 3:00,95,3,Thursday,4,0,0,random_or_none,4,dusty,0.852,260,0,0,0,0,0,0,0,extreme_weather,2,83,88
4/24/2025 4:00,83,3,Thursday,4,0,0,random_or_none,0,sunny,0.326,260,0,0,0,0,0,0,0,normal,0,70,85
4/24/2025 5:00,70,3,Thursday,4,0,0,random_or_none,0,sunny,0.023,260,0,0,0,0,0,0,0,normal,0,72,82
4/24/2025 6:00,72,3,Thursday,4,0,0,random_or_none,0,sunny,0.317,260,0,0,0,0,0,0,0,normal,0,78,92
4/24/2025 7:00,78,3,Thursday,4,0,0,random_or_none,0,sunny,0.281,260,0,0,0,0,0,0,0,normal,0,87,87
4/24/2025 8:00,87,3,Thursday,4,0,0,random_or_none,2,cold,0.222,260,0,0,0,0,0,0,0,normal,0,94,89
4/24/2025 9:00,94,3,Thursday,4,0,0,random_or_none,1,rainy,0.653,260,0,0,0,0,0,0,0,normal,0,102,91
4/24/2025 10:00,102,3,Thursday,4,0,0,random_or_none,0,sunny,0.297,260,0,0,0,0,0,0,0,normal,0,111,92
4/24/2025 11:00,111,3,Thursday,4,0,0,random_or_none,4,dusty,0.273,260,0,0,0,0,0,0,0,normal,0,113,99
4/24/2025 12:00,113,3,Thursday,4,0,0,random_or_none,2,cold,0.455,260,0,0,0,0,0,0,0,normal,0,111,114
4/24/2025 13:00,111,3,Thursday,4,0,0,random_or_none,3,hot,0.44,260,0,0,0,0,0,0,0,normal,0,149,110
4/24/2025 14:00,149,3,Thursday,4,0,0,random_or_none,1,rainy,0.508,260,0,1,76.91,0,0,0,0,emergency_spike,5,130,117
4/24/2025 15:00,130,3,Thursday,4,0,0,random_or_none,0,sunny,0.03,260,0,0,0,0,0,0,0,normal,0,123,115
4/24/2025 16:00,123,3,Thursday,4,0,0,random_or_none,0,sunny,0.218,260,0,0,0,0,0,0,0,normal,0,124,120
4/24/2025 17:00,124,3,Thursday,4,0,0,random_or_none,4,dusty,0.92,260,0,0,0,0,0,0,0,extreme_weather,2,114,115
4/24/2025 18:00,114,3,Thursday,4,0,0,random_or_none,5,windy,0.499,260,0,0,0,0,0,0,0,normal,0,122,116
4/24/2025 19:00,122,3,Thursday,4,0,0,random_or_none,1,rainy,0.647,260,0,0,0,0,0,0,0,normal,0,105,109
4/24/2025 20:00,105,3,Thursday,4,0,0,random_or_none,3,hot,0.442,260,0,0,0,0,0,0,0,normal,0,100,105
4/24/2025 21:00,100,3,Thursday,4,0,0,random_or_none,4,dusty,0.218,260,0,0,0,0,0,0,0,normal,0,91,104
4/24/2025 22:00,91,3,Thursday,4,0,0,random_or_none,0,sunny,0.227,260,0,0,0,0,0,0,0,normal,0,94,97
4/24/2025 23:00,94,3,Thursday,4,0,0,random_or_none,0,sunny,0.095,260,0,0,0,0,0,0,0,normal,0,146,92
4/25/2025 0:00,146,4,Friday,4,0,0,random_or_none,5,windy,0.728,260,0,1,129.8,0,0,0,0,emergency_spike,5,115,76
4/25/2025 1:00,115,4,Friday,4,0,0,random_or_none,1,rainy,0.392,260,0,0,0,0,0,0,0,normal,0,98,68
4/25/2025 2:00,98,4,Friday,4,0,0,random_or_none,1,rainy,0.461,260,0,0,0,0,0,0,0,normal,0,88,66
4/25/2025 3:00,88,4,Friday,4,0,0,random_or_none,0,sunny,0.179,260,0,0,0,0,0,0,0,normal,0,85,71
4/25/2025 4:00,85,4,Friday,4,0,0,random_or_none,1,rainy,0.716,260,0,0,0,0,0,0,0,normal,0,82,68
4/25/2025 5:00,82,4,Friday,4,0,0,random_or_none,0,sunny,0.099,260,0,0,0,0,0,0,0,normal,0,92,69
4/25/2025 6:00,92,4,Friday,4,0,0,random_or_none,1,rainy,0.687,260,0,0,0,0,0,0,0,normal,0,87,72
4/25/2025 7:00,87,4,Friday,4,0,0,random_or_none,2,cold,0.117,260,0,0,0,0,0,0,0,normal,0,89,76
4/25/2025 8:00,89,4,Friday,4,0,0,random_or_none,5,windy,0.4,260,0,0,0,0,0,0,0,normal,0,91,78
4/25/2025 9:00,91,4,Friday,4,0,0,random_or_none,0,sunny,0.026,260,0,0,0,0,0,0,0,normal,0,92,82
4/25/2025 10:00,92,4,Friday,4,0,0,random_or_none,5,windy,0.547,260,0,0,0,0,0,0,0,normal,0,99,84
4/25/2025 11:00,99,4,Friday,4,0,0,random_or_none,3,hot,0.655,260,0,0,0,0,0,0,0,normal,0,114,93
4/25/2025 12:00,114,4,Friday,4,0,0,random_or_none,5,windy,0.665,260,0,0,0,0,0,0,0,normal,0,110,127
4/25/2025 13:00,110,4,Friday,4,0,0,random_or_none,0,sunny,0.251,260,0,0,0,0,0,0,0,normal,0,117,118
4/25/2025 14:00,117,4,Friday,4,0,0,random_or_none,1,rainy,0.698,260,0,0,0,0,0,0,0,normal,0,115,108
4/25/2025 15:00,115,4,Friday,4,0,0,random_or_none,5,windy,0.426,260,0,0,0,0,0,0,0,normal,0,120,108
4/25/2025 16:00,120,4,Friday,4,0,0,random_or_none,1,rainy,0.715,260,0,0,0,0,0,0,0,normal,0,115,105
4/25/2025 17:00,115,4,Friday,4,0,0,random_or_none,2,cold,0.432,260,0,0,0,0,0,0,0,normal,0,116,97
4/25/2025 18:00,116,4,Friday,4,0,0,random_or_none,0,sunny,0.341,260,0,0,0,0,0,0,0,normal,0,109,94
4/25/2025 19:00,109,4,Friday,4,0,0,random_or_none,0,sunny,0.043,260,0,0,0,0,0,0,0,normal,0,105,90
4/25/2025 20:00,105,4,Friday,4,0,0,random_or_none,0,sunny,0.297,260,0,0,0,0,0,0,0,normal,0,104,89
4/25/2025 21:00,104,4,Friday,4,0,0,random_or_none,2,cold,0.323,260,0,0,0,0,0,0,0,normal,0,97,87
4/25/2025 22:00,97,4,Friday,4,0,0,random_or_none,5,windy,0.389,260,0,0,0,0,0,0,0,normal,0,92,83
4/25/2025 23:00,92,4,Friday,4,0,0,random_or_none,2,cold,0.613,260,0,0,0,0,0,0,0,normal,0,76,78
4/26/2025 0:00,76,5,Saturday,4,1,0,random_or_none,0,sunny,0.022,260,0,0,0,0,0,0,0,normal,0,68,69
4/26/2025 1:00,68,5,Saturday,4,1,0,random_or_none,5,windy,0.59,260,0,0,0,0,0,0,0,normal,0,66,70
4/26/2025 2:00,66,5,Saturday,4,1,0,random_or_none,1,rainy,0.932,260,0,0,0,0,0,0,0,extreme_weather,2,71,63
4/26/2025 3:00,71,5,Saturday,4,1,0,random_or_none,4,dusty,0.724,260,0,0,0,0,0,0,0,normal,0,68,54
4/26/2025 4:00,68,5,Saturday,4,1,0,random_or_none,4,dusty,0.627,260,0,0,0,0,0,0,0,normal,0,69,55
4/26/2025 5:00,69,5,Saturday,4,1,0,random_or_none,2,cold,0.378,260,0,0,0,0,0,0,0,normal,0,72,63
4/26/2025 6:00,72,5,Saturday,4,1,0,random_or_none,1,rainy,0.587,260,0,0,0,0,0,0,0,normal,0,76,66
4/26/2025 7:00,76,5,Saturday,4,1,0,random_or_none,5,windy,0.595,260,0,0,0,0,0,0,0,normal,0,78,72
4/26/2025 8:00,78,5,Saturday,4,1,0,random_or_none,5,windy,0.949,260,0,0,0,0,0,0,0,extreme_weather,2,82,98
4/26/2025 9:00,82,5,Saturday,4,1,0,random_or_none,5,windy,0.584,260,0,0,0,0,0,0,0,normal,0,84,91
4/26/2025 10:00,84,5,Saturday,4,1,0,random_or_none,5,windy,0.573,260,0,0,0,0,0,0,0,normal,0,93,92
4/26/2025 11:00,93,5,Saturday,4,1,0,random_or_none,2,cold,0.779,260,0,0,0,0,0,0,0,extreme_weather,2,127,99
4/26/2025 12:00,127,5,Saturday,4,1,0,random_or_none,4,dusty,0.363,260,0,1,66.82,0,0,0,0,emergency_spike,5,118,97
4/26/2025 13:00,118,5,Saturday,4,1,0,random_or_none,1,rainy,0.277,260,0,0,0,0,0,0,0,normal,0,108,101
4/26/2025 14:00,108,5,Saturday,4,1,0,random_or_none,2,cold,0.308,260,0,0,0,0,0,0,0,normal,0,108,96
4/26/2025 15:00,108,5,Saturday,4,1,0,random_or_none,1,rainy,0.831,260,0,0,0,0,0,0,0,extreme_weather,2,105,102
4/26/2025 16:00,105,5,Saturday,4,1,0,random_or_none,5,windy,0.476,260,0,0,0,0,0,0,0,normal,0,97,103
4/26/2025 17:00,97,5,Saturday,4,1,0,random_or_none,0,sunny,0.182,260,0,0,0,0,0,0,0,normal,0,94,98
4/26/2025 18:00,94,5,Saturday,4,1,0,random_or_none,0,sunny,0.172,260,0,0,0,0,0,0,0,normal,0,90,113
4/26/2025 19:00,90,5,Saturday,4,1,0,random_or_none,0,sunny,0.216,260,0,0,0,0,0,0,0,normal,0,89,105
4/26/2025 20:00,89,5,Saturday,4,1,0,random_or_none,1,rainy,0.574,260,0,0,0,0,0,0,0,normal,0,87,96
4/26/2025 21:00,87,5,Saturday,4,1,0,random_or_none,0,sunny,0.198,260,0,0,0,0,0,0,0,normal,0,83,94
4/26/2025 22:00,83,5,Saturday,4,1,0,random_or_none,0,sunny,0.13,260,0,0,0,0,0,0,0,normal,0,78,81
4/26/2025 23:00,78,5,Saturday,4,1,0,random_or_none,4,dusty,0.877,260,0,0,0,0,0,0,0,extreme_weather,2,69,71
4/27/2025 0:00,69,6,Sunday,4,1,0,random_or_none,4,dusty,0.557,260,0,0,0,0,0,0,0,normal,0,70,70
4/27/2025 1:00,70,6,Sunday,4,1,0,random_or_none,5,windy,0.973,260,0,0,0,0,0,0,0,extreme_weather,2,63,73
4/27/2025 2:00,63,6,Sunday,4,1,0,random_or_none,1,rainy,0.879,260,0,0,0,0,0,0,0,extreme_weather,2,54,76
4/27/2025 3:00,54,6,Sunday,4,1,0,random_or_none,0,sunny,0.197,260,0,0,0,0,0,0,0,normal,0,55,72
4/27/2025 4:00,55,6,Sunday,4,1,0,random_or_none,0,sunny,0.308,260,0,0,0,0,0,0,0,normal,0,63,73
4/27/2025 5:00,63,6,Sunday,4,1,0,random_or_none,1,rainy,0.52,260,0,0,0,0,0,0,0,normal,0,66,78
4/27/2025 6:00,66,6,Sunday,4,1,0,random_or_none,4,dusty,0.746,260,0,0,0,0,0,0,0,normal,0,72,89
4/27/2025 7:00,72,6,Sunday,4,1,0,random_or_none,5,windy,0.77,260,0,0,0,0,0,0,0,extreme_weather,2,98,85
4/27/2025 8:00,98,6,Sunday,4,1,0,random_or_none,1,rainy,0.329,260,0,1,55.85,0,0,0,0,emergency_spike,5,91,96
4/27/2025 9:00,91,6,Sunday,4,1,0,random_or_none,5,windy,0.966,260,0,0,0,0,0,0,0,extreme_weather,2,92,100
4/27/2025 10:00,92,6,Sunday,4,1,0,random_or_none,2,cold,0.25,260,0,0,0,0,0,0,0,normal,0,99,101
4/27/2025 11:00,99,6,Sunday,4,1,0,random_or_none,5,windy,0.428,260,0,0,0,0,0,0,0,normal,0,97,108
4/27/2025 12:00,97,6,Sunday,4,1,0,random_or_none,1,rainy,0.553,260,0,0,0,0,0,0,0,normal,0,101,144
4/27/2025 13:00,101,6,Sunday,4,1,0,random_or_none,2,cold,0.324,260,0,0,0,0,0,0,0,normal,0,96,129
4/27/2025 14:00,96,6,Sunday,4,1,0,random_or_none,0,sunny,0.01,260,0,0,0,0,0,0,0,normal,0,102,122
4/27/2025 15:00,102,6,Sunday,4,1,0,random_or_none,5,windy,0.989,260,0,0,0,0,0,0,0,extreme_weather,2,103,127
4/27/2025 16:00,103,6,Sunday,4,1,0,random_or_none,0,sunny,0.155,260,0,0,0,0,0,0,0,normal,0,98,125
4/27/2025 17:00,98,6,Sunday,4,1,0,random_or_none,0,sunny,0.212,260,0,0,0,0,0,0,0,normal,0,113,125
4/27/2025 18:00,113,6,Sunday,4,1,0,random_or_none,1,rainy,0.408,260,0,1,34.56,0,0,0,0,emergency_spike,5,105,120
4/27/2025 19:00,105,6,Sunday,4,1,0,random_or_none,0,sunny,0.291,260,0,0,0,0,0,0,0,normal,0,96,119
4/27/2025 20:00,96,6,Sunday,4,1,0,random_or_none,0,sunny,0.152,260,0,0,0,0,0,0,0,normal,0,94,116
4/27/2025 21:00,94,6,Sunday,4,1,0,random_or_none,5,windy,0.715,260,0,0,0,0,0,0,0,normal,0,81,110
4/27/2025 22:00,81,6,Sunday,4,1,0,random_or_none,0,sunny,0.179,260,0,0,0,0,0,0,0,normal,0,71,108
4/27/2025 23:00,71,6,Sunday,4,1,0,random_or_none,4,dusty,0.305,260,0,0,0,0,0,0,0,normal,0,70,95
4/28/2025 0:00,70,0,Monday,4,0,0,random_or_none,0,sunny,0.25,260,0,0,0,0,0,0,0,normal,0,73,84
4/28/2025 1:00,73,0,Monday,4,0,0,random_or_none,0,sunny,0.12,260,0,0,0,0,0,0,0,normal,0,76,85
4/28/2025 2:00,76,0,Monday,4,0,0,random_or_none,1,rainy,0.2,260,0,0,0,0,0,0,0,normal,0,72,80
4/28/2025 3:00,72,0,Monday,4,0,0,random_or_none,1,rainy,0.222,260,0,0,0,0,0,0,0,normal,0,73,81
4/28/2025 4:00,73,0,Monday,4,0,0,random_or_none,0,sunny,0.267,260,0,0,0,0,0,0,0,normal,0,78,77
4/28/2025 5:00,78,0,Monday,4,0,0,random_or_none,5,windy,0.282,260,0,0,0,0,0,0,0,normal,0,89,77
4/28/2025 6:00,89,0,Monday,4,0,0,random_or_none,1,rainy,0.184,260,0,0,0,0,0,0,0,normal,0,85,86
4/28/2025 7:00,85,0,Monday,4,0,0,random_or_none,0,sunny,0.112,260,0,0,0,0,0,0,0,normal,0,96,84
4/28/2025 8:00,96,0,Monday,4,0,0,random_or_none,5,windy,0.548,260,0,0,0,0,0,0,0,normal,0,100,90
4/28/2025 9:00,100,0,Monday,4,0,0,random_or_none,1,rainy,0.204,260,0,0,0,0,0,0,0,normal,0,101,92
4/28/2025 10:00,101,0,Monday,4,0,0,random_or_none,0,sunny,0.08,260,0,0,0,0,0,0,0,normal,0,108,100
4/28/2025 11:00,108,0,Monday,4,0,0,random_or_none,2,cold,0.482,260,0,0,0,0,0,0,0,normal,0,144,101
4/28/2025 12:00,144,0,Monday,4,0,0,random_or_none,1,rainy,0.272,260,0,1,73.05,0,0,0,0,emergency_spike,5,129,97
4/28/2025 13:00,129,0,Monday,4,0,0,random_or_none,0,sunny,0.136,260,0,0,0,0,0,0,0,normal,0,122,110
4/28/2025 14:00,122,0,Monday,4,0,0,random_or_none,5,windy,0.412,260,0,0,0,0,0,0,0,normal,0,127,114
4/28/2025 15:00,127,0,Monday,4,0,0,random_or_none,1,rainy,0.506,260,0,0,0,0,0,0,0,normal,0,125,113
4/28/2025 16:00,125,0,Monday,4,0,0,random_or_none,5,windy,0.798,260,0,0,0,0,0,0,0,extreme_weather,2,125,120
4/28/2025 17:00,125,0,Monday,4,0,0,random_or_none,4,dusty,0.354,260,0,0,0,0,0,0,0,normal,0,120,119
4/28/2025 18:00,120,0,Monday,4,0,0,random_or_none,5,windy,0.493,260,0,0,0,0,0,0,0,normal,0,119,112
4/28/2025 19:00,119,0,Monday,4,0,0,random_or_none,1,rainy,0.668,260,0,0,0,0,0,0,0,normal,0,116,117
4/28/2025 20:00,116,0,Monday,4,0,0,random_or_none,2,cold,0.733,260,0,0,0,0,0,0,0,normal,0,110,111
4/28/2025 21:00,110,0,Monday,4,0,0,random_or_none,2,cold,0.745,260,0,0,0,0,0,0,0,normal,0,108,99
4/28/2025 22:00,108,0,Monday,4,0,0,random_or_none,4,dusty,0.491,260,0,0,0,0,0,0,0,normal,0,95,92
4/28/2025 23:00,95,0,Monday,4,0,0,random_or_none,0,sunny,0.172,260,0,0,0,0,0,0,0,normal,0,84,85
4/29/2025 0:00,84,1,Tuesday,4,0,0,random_or_none,0,sunny,0.345,260,0,0,0,0,0,0,0,normal,0,85,77
4/29/2025 1:00,85,1,Tuesday,4,0,0,random_or_none,2,cold,0.74,260,0,0,0,0,0,0,0,normal,0,80,75
4/29/2025 2:00,80,1,Tuesday,4,0,0,random_or_none,2,cold,0.81,260,0,0,0,0,0,0,0,extreme_weather,2,81,74
4/29/2025 3:00,81,1,Tuesday,4,0,0,random_or_none,1,rainy,0.278,260,0,0,0,0,0,0,0,normal,0,77,70
4/29/2025 4:00,77,1,Tuesday,4,0,0,random_or_none,0,sunny,0.067,260,0,0,0,0,0,0,0,normal,0,77,69
4/29/2025 5:00,77,1,Tuesday,4,0,0,random_or_none,1,rainy,0.168,260,0,0,0,0,0,0,0,normal,0,86,72
4/29/2025 6:00,86,1,Tuesday,4,0,0,random_or_none,2,cold,0.327,260,0,0,0,0,0,0,0,normal,0,84,107
4/29/2025 7:00,84,1,Tuesday,4,0,0,random_or_none,2,cold,0.253,260,0,0,0,0,0,0,0,normal,0,90,94
4/29/2025 8:00,90,1,Tuesday,4,0,0,random_or_none,5,windy,0.714,260,0,0,0,0,0,0,0,normal,0,92,88
4/29/2025 9:00,92,1,Tuesday,4,0,0,random_or_none,0,sunny,0.082,260,0,0,0,0,0,0,0,normal,0,100,93
4/29/2025 10:00,100,1,Tuesday,4,0,0,random_or_none,1,rainy,0.596,260,0,0,0,0,0,0,0,normal,0,101,103
4/29/2025 11:00,101,1,Tuesday,4,0,0,random_or_none,5,windy,0.321,260,0,0,0,0,0,0,0,normal,0,97,112
4/29/2025 12:00,97,1,Tuesday,4,0,0,random_or_none,0,sunny,0.174,260,0,0,0,0,0,0,0,normal,0,110,112
4/29/2025 13:00,110,1,Tuesday,4,0,0,random_or_none,1,rainy,0.185,260,0,0,0,0,0,0,0,normal,0,114,116
4/29/2025 14:00,114,1,Tuesday,4,0,0,random_or_none,5,windy,0.439,260,0,0,0,0,0,0,0,normal,0,113,143
4/29/2025 15:00,113,1,Tuesday,4,0,0,random_or_none,0,sunny,0.305,260,0,0,0,0,0,0,0,normal,0,120,137
4/29/2025 16:00,120,1,Tuesday,4,0,0,random_or_none,1,rainy,0.152,260,0,0,0,0,0,0,0,normal,0,119,174
4/29/2025 17:00,119,1,Tuesday,4,0,0,random_or_none,1,rainy,0.912,260,0,0,0,0,0,0,0,extreme_weather,2,112,148
4/29/2025 18:00,112,1,Tuesday,4,0,0,random_or_none,0,sunny,0.297,260,0,0,0,0,0,0,0,normal,0,117,131
4/29/2025 19:00,117,1,Tuesday,4,0,0,random_or_none,1,rainy,0.528,260,0,0,0,0,0,0,0,normal,0,111,119
4/29/2025 20:00,111,1,Tuesday,4,0,0,random_or_none,5,windy,0.534,260,0,0,0,0,0,0,0,normal,0,99,119
4/29/2025 21:00,99,1,Tuesday,4,0,0,random_or_none,0,sunny,0.141,260,0,0,0,0,0,0,0,normal,0,92,105
4/29/2025 22:00,92,1,Tuesday,4,0,0,random_or_none,0,sunny,0.102,260,0,0,0,0,0,0,0,normal,0,85,97
4/29/2025 23:00,85,1,Tuesday,4,0,0,random_or_none,1,rainy,0.438,260,0,0,0,0,0,0,0,normal,0,77,95
4/30/2025 0:00,77,2,Wednesday,4,0,0,random_or_none,5,windy,0.897,260,0,0,0,0,0,0,0,extreme_weather,2,75,78
4/30/2025 1:00,75,2,Wednesday,4,0,0,random_or_none,2,cold,0.223,260,0,0,0,0,0,0,0,normal,0,74,72
4/30/2025 2:00,74,2,Wednesday,4,0,0,random_or_none,1,rainy,0.838,260,0,0,0,0,0,0,0,extreme_weather,2,70,116
4/30/2025 3:00,70,2,Wednesday,4,0,0,random_or_none,2,cold,0.22,260,0,0,0,0,0,0,0,normal,0,69,91
4/30/2025 4:00,69,2,Wednesday,4,0,0,random_or_none,0,sunny,0.286,260,0,0,0,0,0,0,0,normal,0,72,85
4/30/2025 5:00,72,2,Wednesday,4,0,0,random_or_none,1,rainy,0.24,260,0,0,0,0,0,0,0,normal,0,107,78
4/30/2025 6:00,107,2,Wednesday,4,0,0,random_or_none,0,sunny,0.036,260,0,1,74.64,0,0,0,0,emergency_spike,5,94,70
4/30/2025 7:00,94,2,Wednesday,4,0,0,random_or_none,0,sunny,0.248,260,0,0,0,0,0,0,0,normal,0,88,64
4/30/2025 8:00,88,2,Wednesday,4,0,0,random_or_none,0,sunny,0.256,260,0,0,0,0,0,0,0,normal,0,93,72
4/30/2025 9:00,93,2,Wednesday,4,0,0,random_or_none,5,windy,0.552,260,0,0,0,0,0,0,0,normal,0,103,80
4/30/2025 10:00,103,2,Wednesday,4,0,0,random_or_none,5,windy,0.964,260,0,0,0,0,0,0,0,extreme_weather,2,112,91
4/30/2025 11:00,112,2,Wednesday,4,0,0,random_or_none,5,windy,0.826,260,0,0,0,0,0,0,0,extreme_weather,2,112,85
4/30/2025 12:00,112,2,Wednesday,4,0,0,random_or_none,5,windy,0.663,260,0,0,0,0,0,0,0,normal,0,116,131
4/30/2025 13:00,116,2,Wednesday,4,0,0,random_or_none,0,sunny,0.073,260,0,0,0,0,0,0,0,normal,0,143,121
4/30/2025 14:00,143,2,Wednesday,4,0,0,random_or_none,4,dusty,0.343,260,0,1,51.83,0,0,0,0,emergency_spike,5,137,112
4/30/2025 15:00,137,2,Wednesday,4,0,0,random_or_none,5,windy,0.296,260,0,0,0,0,0,0,0,normal,0,174,107
4/30/2025 16:00,174,2,Wednesday,4,0,0,random_or_none,4,dusty,0.696,260,0,1,98.87,0,0,0,0,emergency_spike,5,148,111
4/30/2025 17:00,148,2,Wednesday,4,0,0,random_or_none,0,sunny,0.217,260,0,0,0,0,0,0,0,normal,0,131,106
4/30/2025 18:00,131,2,Wednesday,4,0,0,random_or_none,5,windy,0.713,260,0,0,0,0,0,0,0,normal,0,119,100
4/30/2025 19:00,119,2,Wednesday,4,0,0,random_or_none,0,sunny,0.166,260,0,0,0,0,0,0,0,normal,0,119,100
4/30/2025 20:00,119,2,Wednesday,4,0,0,random_or_none,5,windy,0.82,260,0,0,0,0,0,0,0,extreme_weather,2,105,93
4/30/2025 21:00,105,2,Wednesday,4,0,0,random_or_none,5,windy,0.984,260,0,0,0,0,0,0,0,extreme_weather,2,97,92
4/30/2025 22:00,97,2,Wednesday,4,0,0,random_or_none,5,windy,0.29,260,0,0,0,0,0,0,0,normal,0,95,81
4/30/2025 23:00,95,2,Wednesday,4,0,0,random_or_none,5,windy,0.308,260,0,0,0,0,0,0,0,normal,0,78,76
5/1/2025 0:00,78,3,Thursday,5,0,1,labor_day,3,hot,0.525,260,0,0,0,0,0,0,0,holiday,1,72,74
5/1/2025 1:00,72,3,Thursday,5,0,1,labor_day,3,hot,0.641,260,0,0,0,0,0,0,0,holiday,1,116,71
5/1/2025 2:00,116,3,Thursday,5,0,1,labor_day,4,dusty,0.796,260,0,1,95.47,0,0,0,0,emergency_spike,5,91,72
5/1/2025 3:00,91,3,Thursday,5,0,1,labor_day,0,sunny,0.198,260,0,0,0,0,0,0,0,holiday,1,85,74
5/1/2025 4:00,85,3,Thursday,5,0,1,labor_day,3,hot,0.729,260,0,0,0,0,0,0,0,holiday,1,78,67
5/1/2025 5:00,78,3,Thursday,5,0,1,labor_day,0,sunny,0.158,260,0,0,0,0,0,0,0,holiday,1,70,67
5/1/2025 6:00,70,3,Thursday,5,0,1,labor_day,0,sunny,0.21,260,0,0,0,0,0,0,0,holiday,1,64,74
5/1/2025 7:00,64,3,Thursday,5,0,1,labor_day,0,sunny,0.169,260,0,0,0,0,0,0,0,holiday,1,72,83
5/1/2025 8:00,72,3,Thursday,5,0,1,labor_day,0,sunny,0.261,260,0,0,0,0,0,0,0,holiday,1,80,89
5/1/2025 9:00,80,3,Thursday,5,0,1,labor_day,0,sunny,0.078,260,0,0,0,0,0,0,0,holiday,1,91,90
5/1/2025 10:00,91,3,Thursday,5,0,1,labor_day,3,hot,0.545,260,0,0,0,0,0,0,0,holiday,1,85,98
5/1/2025 11:00,85,3,Thursday,5,0,1,labor_day,0,sunny,0.058,260,0,0,0,0,0,0,0,holiday,1,131,103
5/1/2025 12:00,131,3,Thursday,5,0,1,labor_day,2,cold,0.554,260,0,1,80.03,0,0,0,0,emergency_spike,5,121,111
5/1/2025 13:00,121,3,Thursday,5,0,1,labor_day,4,dusty,0.979,260,0,0,0,0,0,0,0,extreme_weather,2,112,118
5/1/2025 14:00,112,3,Thursday,5,0,1,labor_day,0,sunny,0.012,260,0,0,0,0,0,0,0,holiday,1,107,117
5/1/2025 15:00,107,3,Thursday,5,0,1,labor_day,0,sunny,0.307,260,0,0,0,0,0,0,0,holiday,1,111,123
5/1/2025 16:00,111,3,Thursday,5,0,1,labor_day,3,hot,0.556,260,0,0,0,0,0,0,0,holiday,1,106,122
5/1/2025 17:00,106,3,Thursday,5,0,1,labor_day,0,sunny,0.03,260,0,0,0,0,0,0,0,holiday,1,100,125
5/1/2025 18:00,100,3,Thursday,5,0,1,labor_day,0,sunny,0.231,260,0,0,0,0,0,0,0,holiday,1,100,121
5/1/2025 19:00,100,3,Thursday,5,0,1,labor_day,2,cold,0.592,260,0,0,0,0,0,0,0,holiday,1,93,111
5/1/2025 20:00,93,3,Thursday,5,0,1,labor_day,0,sunny,0.014,260,0,0,0,0,0,0,0,holiday,1,92,106
5/1/2025 21:00,92,3,Thursday,5,0,1,labor_day,0,sunny,0.13,260,0,0,0,0,0,0,0,holiday,1,81,106
5/1/2025 22:00,81,3,Thursday,5,0,1,labor_day,0,sunny,0.184,260,0,0,0,0,0,0,0,holiday,1,76,97
5/1/2025 23:00,76,3,Thursday,5,0,1,labor_day,5,windy,0.39,260,0,0,0,0,0,0,0,holiday,1,74,83
5/2/2025 0:00,74,4,Friday,5,0,0,random_or_none,3,hot,0.321,260,0,0,0,0,0,0,0,normal,0,71,71
5/2/2025 1:00,71,4,Friday,5,0,0,random_or_none,0,sunny,0.194,260,0,0,0,0,0,0,0,normal,0,72,67
5/2/2025 2:00,72,4,Friday,5,0,0,random_or_none,5,windy,0.203,260,0,0,0,0,0,0,0,normal,0,74,64
5/2/2025 3:00,74,4,Friday,5,0,0,random_or_none,4,dusty,0.757,260,0,0,0,0,0,0,0,extreme_weather,2,67,56
5/2/2025 4:00,67,4,Friday,5,0,0,random_or_none,0,sunny,0.219,260,0,0,0,0,0,0,0,normal,0,67,60
5/2/2025 5:00,67,4,Friday,5,0,0,random_or_none,5,windy,0.455,260,0,0,0,0,0,0,0,normal,0,74,60
5/2/2025 6:00,74,4,Friday,5,0,0,random_or_none,0,sunny,0.112,260,0,0,0,0,0,0,0,normal,0,83,54
5/2/2025 7:00,83,4,Friday,5,0,0,random_or_none,0,sunny,0.157,260,0,0,0,0,0,0,0,normal,0,89,65
5/2/2025 8:00,89,4,Friday,5,0,0,random_or_none,0,sunny,0.318,260,0,0,0,0,0,0,0,normal,0,90,66
5/2/2025 9:00,90,4,Friday,5,0,0,random_or_none,0,sunny,0.305,260,0,0,0,0,0,0,0,normal,0,98,69
5/2/2025 10:00,98,4,Friday,5,0,0,random_or_none,0,sunny,0.182,260,0,0,0,0,0,0,0,normal,0,103,77
5/2/2025 11:00,103,4,Friday,5,0,0,random_or_none,0,sunny,0.197,260,0,0,0,0,0,0,0,normal,0,111,82
5/2/2025 12:00,111,4,Friday,5,0,0,random_or_none,4,dusty,0.836,260,0,0,0,0,0,0,0,extreme_weather,2,118,86
5/2/2025 13:00,118,4,Friday,5,0,0,random_or_none,2,cold,0.356,260,0,0,0,0,0,0,0,normal,0,117,92
5/2/2025 14:00,117,4,Friday,5,0,0,random_or_none,3,hot,0.885,260,0,0,0,0,0,0,0,extreme_weather,2,123,98
5/2/2025 15:00,123,4,Friday,5,0,0,random_or_none,4,dusty,0.968,260,0,0,0,0,0,0,0,extreme_weather,2,122,105
5/2/2025 16:00,122,4,Friday,5,0,0,random_or_none,4,dusty,0.817,260,0,0,0,0,0,0,0,extreme_weather,2,125,127
5/2/2025 17:00,125,4,Friday,5,0,0,random_or_none,2,cold,0.5,260,0,0,0,0,0,0,0,normal,0,121,115
5/2/2025 18:00,121,4,Friday,5,0,0,random_or_none,0,sunny,0.22,260,0,0,0,0,0,0,0,normal,0,111,99
5/2/2025 19:00,111,4,Friday,5,0,0,random_or_none,0,sunny,0.324,260,0,0,0,0,0,0,0,normal,0,106,93
5/2/2025 20:00,106,4,Friday,5,0,0,random_or_none,0,sunny,0.067,260,0,0,0,0,0,0,0,normal,0,106,90
5/2/2025 21:00,106,4,Friday,5,0,0,random_or_none,4,dusty,0.549,260,0,0,0,0,0,0,0,normal,0,97,82
5/2/2025 22:00,97,4,Friday,5,0,0,random_or_none,0,sunny,0.215,260,0,0,0,0,0,0,0,normal,0,83,80
5/2/2025 23:00,83,4,Friday,5,0,0,random_or_none,0,sunny,0.24,260,0,0,0,0,0,0,0,normal,0,71,77
5/3/2025 0:00,71,5,Saturday,5,1,0,random_or_none,3,hot,0.314,260,0,0,0,0,0,0,0,normal,0,67,75
5/3/2025 1:00,67,5,Saturday,5,1,0,random_or_none,4,dusty,0.506,260,0,0,0,0,0,0,0,normal,0,64,64
5/3/2025 2:00,64,5,Saturday,5,1,0,random_or_none,3,hot,0.42,260,0,0,0,0,0,0,0,normal,0,56,90
5/3/2025 3:00,56,5,Saturday,5,1,0,random_or_none,0,sunny,0.251,260,0,0,0,0,0,0,0,normal,0,60,74
5/3/2025 4:00,60,5,Saturday,5,1,0,random_or_none,3,hot,0.423,260,0,0,0,0,0,0,0,normal,0,60,66
5/3/2025 5:00,60,5,Saturday,5,1,0,random_or_none,0,sunny,0.193,260,0,0,0,0,0,0,0,normal,0,54,62
5/3/2025 6:00,54,5,Saturday,5,1,0,random_or_none,0,sunny,0.284,260,0,0,0,0,0,0,0,normal,0,65,68
5/3/2025 7:00,65,5,Saturday,5,1,0,random_or_none,3,hot,0.807,260,0,0,0,0,0,0,0,extreme_weather,2,66,70
5/3/2025 8:00,66,5,Saturday,5,1,0,random_or_none,0,sunny,0.093,260,0,0,0,0,0,0,0,normal,0,69,77
5/3/2025 9:00,69,5,Saturday,5,1,0,random_or_none,0,sunny,0.153,260,0,0,0,0,0,0,0,normal,0,77,77
5/3/2025 10:00,77,5,Saturday,5,1,0,random_or_none,0,sunny,0.043,260,0,0,0,0,0,0,0,normal,0,82,79
5/3/2025 11:00,82,5,Saturday,5,1,0,random_or_none,0,sunny,0.038,260,0,0,0,0,0,0,0,normal,0,86,84
5/3/2025 12:00,86,5,Saturday,5,1,0,random_or_none,0,sunny,0.034,260,0,0,0,0,0,0,0,normal,0,92,89
5/3/2025 13:00,92,5,Saturday,5,1,0,random_or_none,3,hot,0.198,260,0,0,0,0,0,0,0,normal,0,98,91
5/3/2025 14:00,98,5,Saturday,5,1,0,random_or_none,2,cold,0.64,260,0,0,0,0,0,0,0,normal,0,105,94
5/3/2025 15:00,105,5,Saturday,5,1,0,random_or_none,3,hot,0.751,260,0,0,0,0,0,0,0,extreme_weather,2,127,94
5/3/2025 16:00,127,5,Saturday,5,1,0,random_or_none,0,sunny,0.083,260,0,1,57.52,0,0,0,0,emergency_spike,5,115,97
5/3/2025 17:00,115,5,Saturday,5,1,0,random_or_none,1,rainy,0.457,260,0,0,0,0,0,0,0,normal,0,99,100
5/3/2025 18:00,99,5,Saturday,5,1,0,random_or_none,0,sunny,0.056,260,0,0,0,0,0,0,0,normal,0,93,102
5/3/2025 19:00,93,5,Saturday,5,1,0,random_or_none,4,dusty,0.38,260,0,0,0,0,0,0,0,normal,0,90,134
5/3/2025 20:00,90,5,Saturday,5,1,0,random_or_none,0,sunny,0.213,260,0,0,0,0,0,0,0,normal,0,82,111
5/3/2025 21:00,82,5,Saturday,5,1,0,random_or_none,0,sunny,0.235,260,0,0,0,0,0,0,0,normal,0,80,104
5/3/2025 22:00,80,5,Saturday,5,1,0,random_or_none,5,windy,0.787,260,0,0,0,0,0,0,0,extreme_weather,2,77,88
5/3/2025 23:00,77,5,Saturday,5,1,0,random_or_none,0,sunny,0.155,260,0,0,0,0,0,0,0,normal,0,75,80
5/4/2025 0:00,75,6,Sunday,5,1,0,random_or_none,5,windy,0.788,260,0,0,0,0,0,0,0,extreme_weather,2,64,78
5/4/2025 1:00,64,6,Sunday,5,1,0,random_or_none,0,sunny,0.236,260,0,0,0,0,0,0,0,normal,0,90,81
5/4/2025 2:00,90,6,Sunday,5,1,0,random_or_none,5,windy,0.407,260,0,1,72.28,0,0,0,0,emergency_spike,5,74,75
5/4/2025 3:00,74,6,Sunday,5,1,0,random_or_none,0,sunny,0.051,260,0,0,0,0,0,0,0,normal,0,66,80
5/4/2025 4:00,66,6,Sunday,5,1,0,random_or_none,5,windy,0.662,260,0,0,0,0,0,0,0,normal,0,62,76
5/4/2025 5:00,62,6,Sunday,5,1,0,random_or_none,0,sunny,0.096,260,0,0,0,0,0,0,0,normal,0,68,84
5/4/2025 6:00,68,6,Sunday,5,1,0,random_or_none,5,windy,0.435,260,0,0,0,0,0,0,0,normal,0,70,84
5/4/2025 7:00,70,6,Sunday,5,1,0,random_or_none,3,hot,0.666,260,0,0,0,0,0,0,0,normal,0,77,89
5/4/2025 8:00,77,6,Sunday,5,1,0,random_or_none,4,dusty,0.352,260,0,0,0,0,0,0,0,normal,0,77,91
5/4/2025 9:00,77,6,Sunday,5,1,0,random_or_none,0,sunny,0.148,260,0,0,0,0,0,0,0,normal,0,79,92
5/4/2025 10:00,79,6,Sunday,5,1,0,random_or_none,0,sunny,0.094,260,0,0,0,0,0,0,0,normal,0,84,96
5/4/2025 11:00,84,6,Sunday,5,1,0,random_or_none,0,sunny,0.205,260,0,0,0,0,0,0,0,normal,0,89,103
5/4/2025 12:00,89,6,Sunday,5,1,0,random_or_none,3,hot,0.307,260,0,0,0,0,0,0,0,normal,0,91,102
5/4/2025 13:00,91,6,Sunday,5,1,0,random_or_none,0,sunny,0.247,260,0,0,0,0,0,0,0,normal,0,94,112
5/4/2025 14:00,94,6,Sunday,5,1,0,random_or_none,3,hot,0.592,260,0,0,0,0,0,0,0,normal,0,94,113
5/4/2025 15:00,94,6,Sunday,5,1,0,random_or_none,0,sunny,0.05,260,0,0,0,0,0,0,0,normal,0,97,122
5/4/2025 16:00,97,6,Sunday,5,1,0,random_or_none,5,windy,0.29,260,0,0,0,0,0,0,0,normal,0,100,121
5/4/2025 17:00,100,6,Sunday,5,1,0,random_or_none,5,windy,0.616,260,0,0,0,0,0,0,0,normal,0,102,117
5/4/2025 18:00,102,6,Sunday,5,1,0,random_or_none,4,dusty,1,260,0,0,0,0,0,0,0,extreme_weather,2,134,117
5/4/2025 19:00,134,6,Sunday,5,1,0,random_or_none,0,sunny,0.059,260,0,1,78.23,0,0,0,0,emergency_spike,5,111,120
5/4/2025 20:00,111,6,Sunday,5,1,0,random_or_none,3,hot,0.212,260,0,0,0,0,0,0,0,normal,0,104,111
5/4/2025 21:00,104,6,Sunday,5,1,0,random_or_none,3,hot,0.773,260,0,0,0,0,0,0,0,extreme_weather,2,88,106
5/4/2025 22:00,88,6,Sunday,5,1,0,random_or_none,0,sunny,0.063,260,0,0,0,0,0,0,0,normal,0,80,96
5/4/2025 23:00,80,6,Sunday,5,1,0,random_or_none,0,sunny,0.06,260,0,0,0,0,0,0,0,normal,0,78,86
5/5/2025 0:00,78,0,Monday,5,0,0,random_or_none,5,windy,0.526,260,0,0,0,0,0,0,0,normal,0,81,80
5/5/2025 1:00,81,0,Monday,5,0,0,random_or_none,3,hot,0.827,260,0,0,0,0,0,0,0,extreme_weather,2,75,74
5/5/2025 2:00,75,0,Monday,5,0,0,random_or_none,3,hot,0.444,260,0,0,0,0,0,0,0,normal,0,80,75
5/5/2025 3:00,80,0,Monday,5,0,0,random_or_none,4,dusty,0.809,260,0,0,0,0,0,0,0,extreme_weather,2,76,69
5/5/2025 4:00,76,0,Monday,5,0,0,random_or_none,0,sunny,0.344,260,0,0,0,0,0,0,0,normal,0,84,68
5/5/2025 5:00,84,0,Monday,5,0,0,random_or_none,3,hot,0.753,260,0,0,0,0,0,0,0,extreme_weather,2,84,73
5/5/2025 6:00,84,0,Monday,5,0,0,random_or_none,4,dusty,0.987,260,0,0,0,0,0,0,0,extreme_weather,2,89,85
5/5/2025 7:00,89,0,Monday,5,0,0,random_or_none,3,hot,0.82,260,0,0,0,0,0,0,0,extreme_weather,2,91,92
5/5/2025 8:00,91,0,Monday,5,0,0,random_or_none,0,sunny,0.328,260,0,0,0,0,0,0,0,normal,0,92,93
5/5/2025 9:00,92,0,Monday,5,0,0,random_or_none,0,sunny,0.026,260,0,0,0,0,0,0,0,normal,0,96,100
5/5/2025 10:00,96,0,Monday,5,0,0,random_or_none,5,windy,0.237,260,0,0,0,0,0,0,0,normal,0,103,97
5/5/2025 11:00,103,0,Monday,5,0,0,random_or_none,0,sunny,0.171,260,0,0,0,0,0,0,0,normal,0,102,95
5/5/2025 12:00,102,0,Monday,5,0,0,random_or_none,0,sunny,0.271,260,0,0,0,0,0,0,0,normal,0,112,100
5/5/2025 13:00,112,0,Monday,5,0,0,random_or_none,4,dusty,0.474,260,0,0,0,0,0,0,0,normal,0,113,108
5/5/2025 14:00,113,0,Monday,5,0,0,random_or_none,0,sunny,0.315,260,0,0,0,0,0,0,0,normal,0,122,110
5/5/2025 15:00,122,0,Monday,5,0,0,random_or_none,4,dusty,0.559,260,0,0,0,0,0,0,0,normal,0,121,107
5/5/2025 16:00,121,0,Monday,5,0,0,random_or_none,1,rainy,0.346,260,0,0,0,0,0,0,0,normal,0,117,109
5/5/2025 17:00,117,0,Monday,5,0,0,random_or_none,0,sunny,0.123,260,0,0,0,0,0,0,0,normal,0,117,110
5/5/2025 18:00,117,0,Monday,5,0,0,random_or_none,5,windy,0.804,260,0,0,0,0,0,0,0,extreme_weather,2,120,110
5/5/2025 19:00,120,0,Monday,5,0,0,random_or_none,3,hot,0.182,260,0,0,0,0,0,0,0,normal,0,111,101
5/5/2025 20:00,111,0,Monday,5,0,0,random_or_none,5,windy,0.201,260,0,0,0,0,0,0,0,normal,0,106,102
5/5/2025 21:00,106,0,Monday,5,0,0,random_or_none,0,sunny,0.035,260,0,0,0,0,0,0,0,normal,0,96,95
5/5/2025 22:00,96,0,Monday,5,0,0,random_or_none,3,hot,0.198,260,0,0,0,0,0,0,0,normal,0,86,97
5/5/2025 23:00,86,0,Monday,5,0,0,random_or_none,0,sunny,0.117,260,0,0,0,0,0,0,0,normal,0,80,88
5/6/2025 0:00,80,1,Tuesday,5,0,0,random_or_none,0,sunny,0.114,260,0,0,0,0,0,0,0,normal,0,74,68
5/6/2025 1:00,74,1,Tuesday,5,0,0,random_or_none,5,windy,0.719,260,0,0,0,0,0,0,0,normal,0,75,72
5/6/2025 2:00,75,1,Tuesday,5,0,0,random_or_none,3,hot,0.683,260,0,0,0,0,0,0,0,normal,0,69,70
5/6/2025 3:00,69,1,Tuesday,5,0,0,random_or_none,2,cold,0.215,260,0,0,0,0,0,0,0,normal,0,68,70
5/6/2025 4:00,68,1,Tuesday,5,0,0,random_or_none,0,sunny,0.25,260,0,0,0,0,0,0,0,normal,0,73,71
5/6/2025 5:00,73,1,Tuesday,5,0,0,random_or_none,4,dusty,0.49,260,0,0,0,0,0,0,0,normal,0,85,78
5/6/2025 6:00,85,1,Tuesday,5,0,0,random_or_none,0,sunny,0.015,260,0,1,27.84,0,0,0,0,emergency_spike,5,92,83
5/6/2025 7:00,92,1,Tuesday,5,0,0,random_or_none,4,dusty,0.976,260,0,0,0,0,0,0,0,extreme_weather,2,93,86
5/6/2025 8:00,93,1,Tuesday,5,0,0,random_or_none,2,cold,0.258,260,0,0,0,0,0,0,0,normal,0,100,92
5/6/2025 9:00,100,1,Tuesday,5,0,0,random_or_none,4,dusty,0.873,260,0,0,0,0,0,0,0,extreme_weather,2,97,95
5/6/2025 10:00,97,1,Tuesday,5,0,0,random_or_none,0,sunny,0.235,260,0,0,0,0,0,0,0,normal,0,95,101
5/6/2025 11:00,95,1,Tuesday,5,0,0,random_or_none,0,sunny,0.255,260,0,0,0,0,0,0,0,normal,0,100,101
5/6/2025 12:00,100,1,Tuesday,5,0,0,random_or_none,3,hot,0.915,260,0,0,0,0,0,0,0,extreme_weather,2,108,107
5/6/2025 13:00,108,1,Tuesday,5,0,0,random_or_none,4,dusty,0.773,260,0,0,0,0,0,0,0,extreme_weather,2,110,112
5/6/2025 14:00,110,1,Tuesday,5,0,0,random_or_none,4,dusty,0.865,260,0,0,0,0,0,0,0,extreme_weather,2,107,114
5/6/2025 15:00,107,1,Tuesday,5,0,0,random_or_none,0,sunny,0.008,260,0,0,0,0,0,0,0,normal,0,109,116
5/6/2025 16:00,109,1,Tuesday,5,0,0,random_or_none,0,sunny,0.178,260,0,0,0,0,0,0,0,normal,0,110,116
5/6/2025 17:00,110,1,Tuesday,5,0,0,random_or_none,1,rainy,0.39,260,0,0,0,0,0,0,0,normal,0,110,109
5/6/2025 18:00,110,1,Tuesday,5,0,0,random_or_none,0,sunny,0.052,260,0,0,0,0,0,0,0,normal,0,101,107
5/6/2025 19:00,101,1,Tuesday,5,0,0,random_or_none,0,sunny,0.317,260,0,0,0,0,0,0,0,normal,0,102,106
5/6/2025 20:00,102,1,Tuesday,5,0,0,random_or_none,4,dusty,0.691,260,0,0,0,0,0,0,0,normal,0,95,101
5/6/2025 21:00,95,1,Tuesday,5,0,0,random_or_none,0,sunny,0.218,260,0,0,0,0,0,0,0,normal,0,97,93
5/6/2025 22:00,97,1,Tuesday,5,0,0,random_or_none,3,hot,0.77,260,0,0,0,0,0,0,0,extreme_weather,2,88,89
5/6/2025 23:00,88,1,Tuesday,5,0,0,random_or_none,0,sunny,0.145,260,0,0,0,0,0,0,0,normal,0,68,83
5/7/2025 0:00,68,2,Wednesday,5,0,0,random_or_none,0,sunny,0.13,260,0,0,0,0,0,0,0,normal,0,72,79
5/7/2025 1:00,72,2,Wednesday,5,0,0,random_or_none,1,rainy,0.467,260,0,0,0,0,0,0,0,normal,0,70,78
5/7/2025 2:00,70,2,Wednesday,5,0,0,random_or_none,0,sunny,0.082,260,0,0,0,0,0,0,0,normal,0,70,76
5/7/2025 3:00,70,2,Wednesday,5,0,0,random_or_none,3,hot,0.625,260,0,0,0,0,0,0,0,normal,0,71,65
5/7/2025 4:00,71,2,Wednesday,5,0,0,random_or_none,0,sunny,0.029,260,0,0,0,0,0,0,0,normal,0,78,74
5/7/2025 5:00,78,2,Wednesday,5,0,0,random_or_none,5,windy,0.851,260,0,0,0,0,0,0,0,extreme_weather,2,83,73
5/7/2025 6:00,83,2,Wednesday,5,0,0,random_or_none,4,dusty,0.372,260,0,0,0,0,0,0,0,normal,0,86,76
5/7/2025 7:00,86,2,Wednesday,5,0,0,random_or_none,5,windy,0.659,260,0,0,0,0,0,0,0,normal,0,92,83
5/7/2025 8:00,92,2,Wednesday,5,0,0,random_or_none,4,dusty,0.763,260,0,0,0,0,0,0,0,extreme_weather,2,95,88
5/7/2025 9:00,95,2,Wednesday,5,0,0,random_or_none,2,cold,0.162,260,0,0,0,0,0,0,0,normal,0,101,90
5/7/2025 10:00,101,2,Wednesday,5,0,0,random_or_none,0,sunny,0.323,260,0,0,0,0,0,0,0,normal,0,101,94
5/7/2025 11:00,101,2,Wednesday,5,0,0,random_or_none,3,hot,0.364,260,0,0,0,0,0,0,0,normal,0,107,107
5/7/2025 12:00,107,2,Wednesday,5,0,0,random_or_none,5,windy,0.204,260,0,0,0,0,0,0,0,normal,0,112,109
5/7/2025 13:00,112,2,Wednesday,5,0,0,random_or_none,5,windy,0.268,260,0,0,0,0,0,0,0,normal,0,114,114
5/7/2025 14:00,114,2,Wednesday,5,0,0,random_or_none,3,hot,0.547,260,0,0,0,0,0,0,0,normal,0,116,113
5/7/2025 15:00,116,2,Wednesday,5,0,0,random_or_none,0,sunny,0.057,260,0,0,0,0,0,0,0,normal,0,116,113
5/7/2025 16:00,116,2,Wednesday,5,0,0,random_or_none,3,hot,0.911,260,0,0,0,0,0,0,0,extreme_weather,2,109,106
5/7/2025 17:00,109,2,Wednesday,5,0,0,random_or_none,0,sunny,0.326,260,0,0,0,0,0,0,0,normal,0,107,115
5/7/2025 18:00,107,2,Wednesday,5,0,0,random_or_none,5,windy,0.65,260,0,0,0,0,0,0,0,normal,0,106,115
5/7/2025 19:00,106,2,Wednesday,5,0,0,random_or_none,0,sunny,0.021,260,0,0,0,0,0,0,0,normal,0,101,109
5/7/2025 20:00,101,2,Wednesday,5,0,0,random_or_none,0,sunny,0.349,260,0,0,0,0,0,0,0,normal,0,93,104
5/7/2025 21:00,93,2,Wednesday,5,0,0,random_or_none,0,sunny,0.112,260,0,0,0,0,0,0,0,normal,0,89,95
5/7/2025 22:00,89,2,Wednesday,5,0,0,random_or_none,3,hot,0.478,260,0,0,0,0,0,0,0,normal,0,83,101
5/7/2025 23:00,83,2,Wednesday,5,0,0,random_or_none,4,dusty,0.583,260,0,0,0,0,0,0,0,normal,0,79,96
5/8/2025 0:00,79,3,Thursday,5,0,0,random_or_none,3,hot,0.441,260,0,0,0,0,0,0,0,normal,0,78,84
5/8/2025 1:00,78,3,Thursday,5,0,0,random_or_none,5,windy,0.753,260,0,0,0,0,0,0,0,extreme_weather,2,76,83
5/8/2025 2:00,76,3,Thursday,5,0,0,random_or_none,5,windy,0.498,260,0,0,0,0,0,0,0,normal,0,65,110
5/8/2025 3:00,65,3,Thursday,5,0,0,random_or_none,0,sunny,0.286,260,0,0,0,0,0,0,0,normal,0,74,95
5/8/2025 4:00,74,3,Thursday,5,0,0,random_or_none,4,dusty,0.888,260,0,0,0,0,0,0,0,extreme_weather,2,73,89
5/8/2025 5:00,73,3,Thursday,5,0,0,random_or_none,5,windy,0.273,260,0,0,0,0,0,0,0,normal,0,76,90
5/8/2025 6:00,76,3,Thursday,5,0,0,random_or_none,0,sunny,0.306,260,0,0,0,0,0,0,0,normal,0,83,90
5/8/2025 7:00,83,3,Thursday,5,0,0,random_or_none,3,hot,0.546,260,0,0,0,0,0,0,0,normal,0,88,88
5/8/2025 8:00,88,3,Thursday,5,0,0,random_or_none,0,sunny,0.063,260,0,0,0,0,0,0,0,normal,0,90,88
5/8/2025 9:00,90,3,Thursday,5,0,0,random_or_none,0,sunny,0.215,260,0,0,0,0,0,0,0,normal,0,94,98
5/8/2025 10:00,94,3,Thursday,5,0,0,random_or_none,0,sunny,0.27,260,0,0,0,0,0,0,0,normal,0,107,99
5/8/2025 11:00,107,3,Thursday,5,0,0,random_or_none,4,dusty,1,260,0,0,0,0,0,0,0,extreme_weather,2,109,98
5/8/2025 12:00,109,3,Thursday,5,0,0,random_or_none,0,sunny,0.185,260,0,0,0,0,0,0,0,normal,0,114,169
5/8/2025 13:00,114,3,Thursday,5,0,0,random_or_none,4,dusty,0.804,260,0,0,0,0,0,0,0,extreme_weather,2,113,137
5/8/2025 14:00,113,3,Thursday,5,0,0,random_or_none,3,hot,0.382,260,0,0,0,0,0,0,0,normal,0,113,119
5/8/2025 15:00,113,3,Thursday,5,0,0,random_or_none,0,sunny,0.206,260,0,0,0,0,0,0,0,normal,0,106,119
5/8/2025 16:00,106,3,Thursday,5,0,0,random_or_none,0,sunny,0.29,260,0,0,0,0,0,0,0,normal,0,115,120
5/8/2025 17:00,115,3,Thursday,5,0,0,random_or_none,3,hot,0.888,260,0,0,0,0,0,0,0,extreme_weather,2,115,121
5/8/2025 18:00,115,3,Thursday,5,0,0,random_or_none,0,sunny,0.093,260,0,0,0,0,0,0,0,normal,0,109,128
5/8/2025 19:00,109,3,Thursday,5,0,0,random_or_none,3,hot,0.614,260,0,0,0,0,0,0,0,normal,0,104,119
5/8/2025 20:00,104,3,Thursday,5,0,0,random_or_none,0,sunny,0.08,260,0,0,0,0,0,0,0,normal,0,95,111
5/8/2025 21:00,95,3,Thursday,5,0,0,random_or_none,0,sunny,0.017,260,0,0,0,0,0,0,0,normal,0,101,106
5/8/2025 22:00,101,3,Thursday,5,0,0,random_or_none,4,dusty,0.786,260,0,0,0,0,0,0,0,extreme_weather,2,96,116
5/8/2025 23:00,96,3,Thursday,5,0,0,random_or_none,4,dusty,0.943,260,0,0,0,0,0,0,0,extreme_weather,2,84,98
5/9/2025 0:00,84,4,Friday,5,0,0,random_or_none,3,hot,0.547,260,0,0,0,0,0,0,0,normal,0,83,77
5/9/2025 1:00,83,4,Friday,5,0,0,random_or_none,4,dusty,1,260,0,0,0,0,0,0,0,extreme_weather,2,110,64
5/9/2025 2:00,110,4,Friday,5,0,0,random_or_none,4,dusty,0.481,260,0,1,69.87,0,0,0,0,emergency_spike,5,95,60
5/9/2025 3:00,95,4,Friday,5,0,0,random_or_none,3,hot,0.23,260,0,0,0,0,0,0,0,normal,0,89,57
5/9/2025 4:00,89,4,Friday,5,0,0,random_or_none,4,dusty,0.421,260,0,0,0,0,0,0,0,normal,0,90,62
5/9/2025 5:00,90,4,Friday,5,0,0,random_or_none,4,dusty,0.636,260,0,0,0,0,0,0,0,normal,0,90,64
5/9/2025 6:00,90,4,Friday,5,0,0,random_or_none,2,cold,0.619,260,0,0,0,0,0,0,0,normal,0,88,62
5/9/2025 7:00,88,4,Friday,5,0,0,random_or_none,0,sunny,0.328,260,0,0,0,0,0,0,0,normal,0,88,65
5/9/2025 8:00,88,4,Friday,5,0,0,random_or_none,0,sunny,0.27,260,0,0,0,0,0,0,0,normal,0,98,70
5/9/2025 9:00,98,4,Friday,5,0,0,random_or_none,4,dusty,0.578,260,0,0,0,0,0,0,0,normal,0,99,79
5/9/2025 10:00,99,4,Friday,5,0,0,random_or_none,3,hot,0.559,260,0,0,0,0,0,0,0,normal,0,98,82
5/9/2025 11:00,98,4,Friday,5,0,0,random_or_none,0,sunny,0.032,260,0,0,0,0,0,0,0,normal,0,169,85
5/9/2025 12:00,169,4,Friday,5,0,0,random_or_none,4,dusty,0.697,260,0,1,131.44,0,0,0,0,emergency_spike,5,137,97
5/9/2025 13:00,137,4,Friday,5,0,0,random_or_none,0,sunny,0.022,260,0,0,0,0,0,0,0,normal,0,119,99
5/9/2025 14:00,119,4,Friday,5,0,0,random_or_none,0,sunny,0.285,260,0,0,0,0,0,0,0,normal,0,119,95
5/9/2025 15:00,119,4,Friday,5,0,0,random_or_none,3,hot,0.174,260,0,0,0,0,0,0,0,normal,0,120,102
5/9/2025 16:00,120,4,Friday,5,0,0,random_or_none,4,dusty,0.695,260,0,0,0,0,0,0,0,normal,0,121,106
5/9/2025 17:00,121,4,Friday,5,0,0,random_or_none,3,hot,0.537,260,0,0,0,0,0,0,0,normal,0,128,102
5/9/2025 18:00,128,4,Friday,5,0,0,random_or_none,4,dusty,1,260,0,0,0,0,0,0,0,extreme_weather,2,119,100
5/9/2025 19:00,119,4,Friday,5,0,0,random_or_none,3,hot,0.516,260,0,0,0,0,0,0,0,normal,0,111,93
5/9/2025 20:00,111,4,Friday,5,0,0,random_or_none,0,sunny,0.315,260,0,0,0,0,0,0,0,normal,0,106,92
5/9/2025 21:00,106,4,Friday,5,0,0,random_or_none,0,sunny,0.233,260,0,0,0,0,0,0,0,normal,0,116,89
5/9/2025 22:00,116,4,Friday,5,0,0,random_or_none,0,sunny,0.262,260,0,1,49.58,0,0,0,0,emergency_spike,5,98,75
5/9/2025 23:00,98,4,Friday,5,0,0,random_or_none,0,sunny,0.182,260,0,0,0,0,0,0,0,normal,0,77,69
5/10/2025 0:00,77,5,Saturday,5,1,0,random_or_none,3,hot,0.529,260,0,0,0,0,0,0,0,normal,0,64,63
5/10/2025 1:00,64,5,Saturday,5,1,0,random_or_none,0,sunny,0.284,260,0,0,0,0,0,0,0,normal,0,60,55
5/10/2025 2:00,60,5,Saturday,5,1,0,random_or_none,3,hot,0.347,260,0,0,0,0,0,0,0,normal,0,57,59
5/10/2025 3:00,57,5,Saturday,5,1,0,random_or_none,0,sunny,0.329,260,0,0,0,0,0,0,0,normal,0,62,67
5/10/2025 4:00,62,5,Saturday,5,1,0,random_or_none,2,cold,0.622,260,0,0,0,0,0,0,0,normal,0,64,60
5/10/2025 5:00,64,5,Saturday,5,1,0,random_or_none,5,windy,0.886,260,0,0,0,0,0,0,0,extreme_weather,2,62,61
5/10/2025 6:00,62,5,Saturday,5,1,0,random_or_none,0,sunny,0.174,260,0,0,0,0,0,0,0,normal,0,65,68
5/10/2025 7:00,65,5,Saturday,5,1,0,random_or_none,0,sunny,0.065,260,0,0,0,0,0,0,0,normal,0,70,72
5/10/2025 8:00,70,5,Saturday,5,1,0,random_or_none,0,sunny,0.184,260,0,0,0,0,0,0,0,normal,0,79,70
5/10/2025 9:00,79,5,Saturday,5,1,0,random_or_none,2,cold,0.676,260,0,0,0,0,0,0,0,normal,0,82,70
5/10/2025 10:00,82,5,Saturday,5,1,0,random_or_none,0,sunny,0.202,260,0,0,0,0,0,0,0,normal,0,85,81
5/10/2025 11:00,85,5,Saturday,5,1,0,random_or_none,0,sunny,0.266,260,0,0,0,0,0,0,0,normal,0,97,86
5/10/2025 12:00,97,5,Saturday,5,1,0,random_or_none,1,rainy,0.214,260,0,0,0,0,0,0,0,normal,0,99,92
5/10/2025 13:00,99,5,Saturday,5,1,0,random_or_none,3,hot,0.875,260,0,0,0,0,0,0,0,extreme_weather,2,95,100
5/10/2025 14:00,95,5,Saturday,5,1,0,random_or_none,0,sunny,0.141,260,0,0,0,0,0,0,0,normal,0,102,124
5/10/2025 15:00,102,5,Saturday,5,1,0,random_or_none,0,sunny,0.117,260,0,0,0,0,0,0,0,normal,0,106,113
5/10/2025 16:00,106,5,Saturday,5,1,0,random_or_none,0,sunny,0.033,260,0,0,0,0,0,0,0,normal,0,102,104
5/10/2025 17:00,102,5,Saturday,5,1,0,random_or_none,0,sunny,0.283,260,0,0,0,0,0,0,0,normal,0,100,103
5/10/2025 18:00,100,5,Saturday,5,1,0,random_or_none,0,sunny,0.056,260,0,0,0,0,0,0,0,normal,0,93,96
5/10/2025 19:00,93,5,Saturday,5,1,0,random_or_none,0,sunny,0.065,260,0,0,0,0,0,0,0,normal,0,92,93
5/10/2025 20:00,92,5,Saturday,5,1,0,random_or_none,4,dusty,0.45,260,0,0,0,0,0,0,0,normal,0,89,89
5/10/2025 21:00,89,5,Saturday,5,1,0,random_or_none,4,dusty,0.969,260,0,0,0,0,0,0,0,extreme_weather,2,75,84
5/10/2025 22:00,75,5,Saturday,5,1,0,random_or_none,0,sunny,0.238,260,0,0,0,0,0,0,0,normal,0,69,80
5/10/2025 23:00,69,5,Saturday,5,1,0,random_or_none,5,windy,0.519,260,0,0,0,0,0,0,0,normal,0,63,71
5/11/2025 0:00,63,6,Sunday,5,1,0,random_or_none,0,sunny,0.215,260,0,0,0,0,0,0,0,normal,0,55,75
5/11/2025 1:00,55,6,Sunday,5,1,0,random_or_none,0,sunny,0.341,260,0,0,0,0,0,0,0,normal,0,59,82
5/11/2025 2:00,59,6,Sunday,5,1,0,random_or_none,3,hot,0.365,260,0,0,0,0,0,0,0,normal,0,67,83
5/11/2025 3:00,67,6,Sunday,5,1,0,random_or_none,0,sunny,0.212,260,0,1,33.27,0,0,0,0,emergency_spike,5,60,120
5/11/2025 4:00,60,6,Sunday,5,1,0,random_or_none,3,hot,0.747,260,0,0,0,0,0,0,0,normal,0,61,105
5/11/2025 5:00,61,6,Sunday,5,1,0,random_or_none,3,hot,0.924,260,0,0,0,0,0,0,0,extreme_weather,2,68,102
5/11/2025 6:00,68,6,Sunday,5,1,0,random_or_none,4,dusty,0.461,260,0,0,0,0,0,0,0,normal,0,72,89
5/11/2025 7:00,72,6,Sunday,5,1,0,random_or_none,1,rainy,0.371,260,0,0,0,0,0,0,0,normal,0,70,85
5/11/2025 8:00,70,6,Sunday,5,1,0,random_or_none,0,sunny,0.074,260,0,0,0,0,0,0,0,normal,0,70,85
5/11/2025 9:00,70,6,Sunday,5,1,0,random_or_none,0,sunny,0.156,260,0,0,0,0,0,0,0,normal,0,81,91
5/11/2025 10:00,81,6,Sunday,5,1,0,random_or_none,3,hot,0.249,260,0,0,0,0,0,0,0,normal,0,86,98
5/11/2025 11:00,86,6,Sunday,5,1,0,random_or_none,3,hot,0.37,260,0,0,0,0,0,0,0,normal,0,92,104
5/11/2025 12:00,92,6,Sunday,5,1,0,random_or_none,5,windy,0.259,260,0,0,0,0,0,0,0,normal,0,100,111
5/11/2025 13:00,100,6,Sunday,5,1,0,random_or_none,1,rainy,0.344,260,0,0,0,0,0,0,0,normal,0,124,110
5/11/2025 14:00,124,6,Sunday,5,1,0,random_or_none,0,sunny,0.017,260,0,1,46.47,0,0,0,0,emergency_spike,5,113,111
5/11/2025 15:00,113,6,Sunday,5,1,0,random_or_none,0,sunny,0.161,260,0,0,0,0,0,0,0,normal,0,104,117
5/11/2025 16:00,104,6,Sunday,5,1,0,random_or_none,0,sunny,0.308,260,0,0,0,0,0,0,0,normal,0,103,117
5/11/2025 17:00,103,6,Sunday,5,1,0,random_or_none,0,sunny,0.275,260,0,0,0,0,0,0,0,normal,0,96,167
5/11/2025 18:00,96,6,Sunday,5,1,0,random_or_none,3,hot,0.428,260,0,0,0,0,0,0,0,normal,0,93,152
5/11/2025 19:00,93,6,Sunday,5,1,0,random_or_none,0,sunny,0.167,260,0,0,0,0,0,0,0,normal,0,89,134
5/11/2025 20:00,89,6,Sunday,5,1,0,random_or_none,0,sunny,0.077,260,0,0,0,0,0,0,0,normal,0,84,121
5/11/2025 21:00,84,6,Sunday,5,1,0,random_or_none,3,hot,0.325,260,0,0,0,0,0,0,0,normal,0,80,107
5/11/2025 22:00,80,6,Sunday,5,1,0,random_or_none,3,hot,0.897,260,0,0,0,0,0,0,0,extreme_weather,2,71,123
5/11/2025 23:00,71,6,Sunday,5,1,0,random_or_none,4,dusty,0.553,260,0,0,0,0,0,0,0,normal,0,75,102
5/12/2025 0:00,75,0,Monday,5,0,0,random_or_none,4,dusty,0.35,260,0,0,0,0,0,0,0,normal,0,82,96
5/12/2025 1:00,82,0,Monday,5,0,0,random_or_none,4,dusty,0.919,260,0,0,0,0,0,0,0,extreme_weather,2,83,88
5/12/2025 2:00,83,0,Monday,5,0,0,random_or_none,3,hot,0.789,260,0,0,0,0,0,0,0,extreme_weather,2,120,74
5/12/2025 3:00,120,0,Monday,5,0,0,random_or_none,3,hot,0.269,260,0,1,83.23,0,0,0,0,emergency_spike,5,105,66
5/12/2025 4:00,105,0,Monday,5,0,0,random_or_none,4,dusty,0.616,260,0,0,0,0,0,0,0,normal,0,102,70
5/12/2025 5:00,102,0,Monday,5,0,0,random_or_none,4,dusty,0.673,260,0,0,0,0,0,0,0,normal,0,89,76
5/12/2025 6:00,89,0,Monday,5,0,0,random_or_none,0,sunny,0.141,260,0,0,0,0,0,0,0,normal,0,85,77
5/12/2025 7:00,85,0,Monday,5,0,0,random_or_none,0,sunny,0.165,260,0,0,0,0,0,0,0,normal,0,85,81
5/12/2025 8:00,85,0,Monday,5,0,0,random_or_none,0,sunny,0.016,260,0,0,0,0,0,0,0,normal,0,91,95
5/12/2025 9:00,91,0,Monday,5,0,0,random_or_none,0,sunny,0.08,260,0,0,0,0,0,0,0,normal,0,98,96
5/12/2025 10:00,98,0,Monday,5,0,0,random_or_none,0,sunny,0.027,260,0,0,0,0,0,0,0,normal,0,104,95
5/12/2025 11:00,104,0,Monday,5,0,0,random_or_none,0,sunny,0.163,260,0,0,0,0,0,0,0,normal,0,111,102
5/12/2025 12:00,111,0,Monday,5,0,0,random_or_none,4,dusty,0.475,260,0,0,0,0,0,0,0,normal,0,110,108
5/12/2025 13:00,110,0,Monday,5,0,0,random_or_none,0,sunny,0.13,260,0,0,0,0,0,0,0,normal,0,111,103
5/12/2025 14:00,111,0,Monday,5,0,0,random_or_none,0,sunny,0.206,260,0,0,0,0,0,0,0,normal,0,117,116
5/12/2025 15:00,117,0,Monday,5,0,0,random_or_none,0,sunny,0.073,260,0,0,0,0,0,0,0,normal,0,117,120
5/12/2025 16:00,117,0,Monday,5,0,0,random_or_none,0,sunny,0.042,260,0,0,0,0,0,0,0,normal,0,167,123
5/12/2025 17:00,167,0,Monday,5,0,0,random_or_none,3,hot,0.759,260,0,1,112.8,0,0,0,0,emergency_spike,5,152,119
5/12/2025 18:00,152,0,Monday,5,0,0,random_or_none,3,hot,0.676,260,0,0,0,0,0,0,0,normal,0,134,110
5/12/2025 19:00,134,0,Monday,5,0,0,random_or_none,5,windy,0.312,260,0,0,0,0,0,0,0,normal,0,121,109
5/12/2025 20:00,121,0,Monday,5,0,0,random_or_none,0,sunny,0.031,260,0,0,0,0,0,0,0,normal,0,107,103
5/12/2025 21:00,107,0,Monday,5,0,0,random_or_none,0,sunny,0.122,260,0,0,0,0,0,0,0,normal,0,123,98
5/12/2025 22:00,123,0,Monday,5,0,0,random_or_none,3,hot,0.707,260,0,1,47.77,0,0,0,0,emergency_spike,5,102,88
5/12/2025 23:00,102,0,Monday,5,0,0,random_or_none,0,sunny,0.06,260,0,0,0,0,0,0,0,normal,0,96,81
5/13/2025 0:00,96,1,Tuesday,5,0,0,random_or_none,4,dusty,0.829,260,0,0,0,0,0,0,0,extreme_weather,2,88,81
5/13/2025 1:00,88,1,Tuesday,5,0,0,random_or_none,3,hot,0.331,260,0,0,0,0,0,0,0,normal,0,74,78
5/13/2025 2:00,74,1,Tuesday,5,0,0,random_or_none,0,sunny,0.319,260,0,0,0,0,0,0,0,normal,0,66,79
5/13/2025 3:00,66,1,Tuesday,5,0,0,random_or_none,0,sunny,0.24,260,0,0,0,0,0,0,0,normal,0,70,72
5/13/2025 4:00,70,1,Tuesday,5,0,0,random_or_none,0,sunny,0.315,260,0,0,0,0,0,0,0,normal,0,76,71
5/13/2025 5:00,76,1,Tuesday,5,0,0,random_or_none,3,hot,0.698,260,0,0,0,0,0,0,0,normal,0,77,71
5/13/2025 6:00,77,1,Tuesday,5,0,0,random_or_none,0,sunny,0.268,260,0,0,0,0,0,0,0,normal,0,81,105
5/13/2025 7:00,81,1,Tuesday,5,0,0,random_or_none,0,sunny,0.284,260,0,0,0,0,0,0,0,normal,0,95,97
5/13/2025 8:00,95,1,Tuesday,5,0,0,random_or_none,3,hot,0.594,260,0,0,0,0,0,0,0,normal,0,96,93
5/13/2025 9:00,96,1,Tuesday,5,0,0,random_or_none,5,windy,0.838,260,0,0,0,0,0,0,0,extreme_weather,2,95,94
5/13/2025 10:00,95,1,Tuesday,5,0,0,random_or_none,5,windy,0.268,260,0,0,0,0,0,0,0,normal,0,102,90
5/13/2025 11:00,102,1,Tuesday,5,0,0,random_or_none,1,rainy,0.49,260,0,0,0,0,0,0,0,normal,0,108,96
5/13/2025 12:00,108,1,Tuesday,5,0,0,random_or_none,4,dusty,0.498,260,0,0,0,0,0,0,0,normal,0,103,99
5/13/2025 13:00,103,1,Tuesday,5,0,0,random_or_none,0,sunny,0.142,260,0,0,0,0,0,0,0,normal,0,116,98
5/13/2025 14:00,116,1,Tuesday,5,0,0,random_or_none,3,hot,0.892,260,0,0,0,0,0,0,0,extreme_weather,2,120,110
5/13/2025 15:00,120,1,Tuesday,5,0,0,random_or_none,5,windy,0.322,260,0,0,0,0,0,0,0,normal,0,123,119
5/13/2025 16:00,123,1,Tuesday,5,0,0,random_or_none,1,rainy,0.241,260,0,0,0,0,0,0,0,normal,0,119,111
5/13/2025 17:00,119,1,Tuesday,5,0,0,random_or_none,4,dusty,0.429,260,0,0,0,0,0,0,0,normal,0,110,110
5/13/2025 18:00,110,1,Tuesday,5,0,0,random_or_none,0,sunny,0.044,260,0,0,0,0,0,0,0,normal,0,109,106
5/13/2025 19:00,109,1,Tuesday,5,0,0,random_or_none,5,windy,0.331,260,0,0,0,0,0,0,0,normal,0,103,102
5/13/2025 20:00,103,1,Tuesday,5,0,0,random_or_none,0,sunny,0.188,260,0,0,0,0,0,0,0,normal,0,98,107
5/13/2025 21:00,98,1,Tuesday,5,0,0,random_or_none,0,sunny,0.15,260,0,0,0,0,0,0,0,normal,0,88,107
5/13/2025 22:00,88,1,Tuesday,5,0,0,random_or_none,0,sunny,0.281,260,0,0,0,0,0,0,0,normal,0,81,101
5/13/2025 23:00,81,1,Tuesday,5,0,0,random_or_none,3,hot,0.207,260,0,0,0,0,0,0,0,normal,0,81,94
5/14/2025 0:00,81,2,Wednesday,5,0,0,random_or_none,3,hot,0.74,260,0,0,0,0,0,0,0,normal,0,78,89
5/14/2025 1:00,78,2,Wednesday,5,0,0,random_or_none,5,windy,0.172,260,0,0,0,0,0,0,0,normal,0,79,83
5/14/2025 2:00,79,2,Wednesday,5,0,0,random_or_none,4,dusty,0.935,260,0,0,0,0,0,0,0,extreme_weather,2,72,71
5/14/2025 3:00,72,2,Wednesday,5,0,0,random_or_none,0,sunny,0.26,260,0,0,0,0,0,0,0,normal,0,71,77
5/14/2025 4:00,71,2,Wednesday,5,0,0,random_or_none,0,sunny,0.241,260,0,0,0,0,0,0,0,normal,0,71,108
5/14/2025 5:00,71,2,Wednesday,5,0,0,random_or_none,5,windy,0.636,260,0,0,0,0,0,0,0,normal,0,105,97
5/14/2025 6:00,105,2,Wednesday,5,0,0,random_or_none,3,hot,0.925,260,0,1,60.88,0,0,0,0,emergency_spike,5,97,94
5/14/2025 7:00,97,2,Wednesday,5,0,0,random_or_none,0,sunny,0.32,260,0,0,0,0,0,0,0,normal,0,93,94
5/14/2025 8:00,93,2,Wednesday,5,0,0,random_or_none,4,dusty,0.458,260,0,0,0,0,0,0,0,normal,0,94,96
5/14/2025 9:00,94,2,Wednesday,5,0,0,random_or_none,3,hot,0.543,260,0,0,0,0,0,0,0,normal,0,90,99
5/14/2025 10:00,90,2,Wednesday,5,0,0,random_or_none,0,sunny,0.062,260,0,0,0,0,0,0,0,normal,0,96,98
5/14/2025 11:00,96,2,Wednesday,5,0,0,random_or_none,0,sunny,0.164,260,0,0,0,0,0,0,0,normal,0,99,98
5/14/2025 12:00,99,2,Wednesday,5,0,0,random_or_none,3,hot,0.185,260,0,0,0,0,0,0,0,normal,0,98,98
5/14/2025 13:00,98,2,Wednesday,5,0,0,random_or_none,0,sunny,0.223,260,0,0,0,0,0,0,0,normal,0,110,101
5/14/2025 14:00,110,2,Wednesday,5,0,0,random_or_none,4,dusty,0.479,260,0,0,0,0,0,0,0,normal,0,119,106
5/14/2025 15:00,119,2,Wednesday,5,0,0,random_or_none,4,dusty,0.782,260,0,0,0,0,0,0,0,extreme_weather,2,111,110
5/14/2025 16:00,111,2,Wednesday,5,0,0,random_or_none,0,sunny,0.109,260,0,0,0,0,0,0,0,normal,0,110,118
5/14/2025 17:00,110,2,Wednesday,5,0,0,random_or_none,3,hot,0.182,260,0,0,0,0,0,0,0,normal,0,106,114
5/14/2025 18:00,106,2,Wednesday,5,0,0,random_or_none,0,sunny,0.084,260,0,0,0,0,0,0,0,normal,0,102,107
5/14/2025 19:00,102,2,Wednesday,5,0,0,random_or_none,0,sunny,0.35,260,0,0,0,0,0,0,0,normal,0,107,102
5/14/2025 20:00,107,2,Wednesday,5,0,0,random_or_none,4,dusty,1,260,0,0,0,0,0,0,0,extreme_weather,2,107,97
5/14/2025 21:00,107,2,Wednesday,5,0,0,random_or_none,4,dusty,1,260,0,0,0,0,0,0,0,extreme_weather,2,101,94
5/14/2025 22:00,101,2,Wednesday,5,0,0,random_or_none,3,hot,0.862,260,0,0,0,0,0,0,0,extreme_weather,2,94,86
5/14/2025 23:00,94,2,Wednesday,5,0,0,random_or_none,4,dusty,1,260,0,0,0,0,0,0,0,extreme_weather,2,89,128
5/15/2025 0:00,89,3,Thursday,5,0,0,random_or_none,3,hot,0.854,260,0,0,0,0,0,0,0,extreme_weather,2,83,102
5/15/2025 1:00,83,3,Thursday,5,0,0,random_or_none,0,sunny,0.227,260,0,0,0,0,0,0,0,normal,0,71,87
5/15/2025 2:00,71,3,Thursday,5,0,0,random_or_none,0,sunny,0.236,260,0,0,0,0,0,0,0,normal,0,77,79
5/15/2025 3:00,77,3,Thursday,5,0,0,random_or_none,4,dusty,0.738,260,0,0,0,0,0,0,0,normal,0,108,71
5/15/2025 4:00,108,3,Thursday,5,0,0,random_or_none,0,sunny,0.104,260,0,1,77.27,0,0,0,0,emergency_spike,5,97,68
5/15/2025 5:00,97,3,Thursday,5,0,0,random_or_none,4,dusty,0.948,260,0,0,0,0,0,0,0,extreme_weather,2,94,69
5/15/2025 6:00,94,3,Thursday,5,0,0,random_or_none,1,rainy,0.351,260,0,0,0,0,0,0,0,normal,0,94,72
5/15/2025 7:00,94,3,Thursday,5,0,0,random_or_none,1,rainy,0.655,260,0,0,0,0,0,0,0,normal,0,96,86
5/15/2025 8:00,96,3,Thursday,5,0,0,random_or_none,1,rainy,0.449,260,0,0,0,0,0,0,0,normal,0,99,99
5/15/2025 9:00,99,3,Thursday,5,0,0,random_or_none,4,dusty,0.846,260,0,0,0,0,0,0,0,extreme_weather,2,98,99
5/15/2025 10:00,98,3,Thursday,5,0,0,random_or_none,0,sunny,0.067,260,0,0,0,0,0,0,0,normal,0,98,103
5/15/2025 11:00,98,3,Thursday,5,0,0,random_or_none,3,hot,0.396,260,0,0,0,0,0,0,0,normal,0,98,102
5/15/2025 12:00,98,3,Thursday,5,0,0,random_or_none,5,windy,0.535,260,0,0,0,0,0,0,0,normal,0,101,104
5/15/2025 13:00,101,3,Thursday,5,0,0,random_or_none,0,sunny,0.079,260,0,0,0,0,0,0,0,normal,0,106,108
5/15/2025 14:00,106,3,Thursday,5,0,0,random_or_none,0,sunny,0.244,260,0,0,0,0,0,0,0,normal,0,110,110
5/15/2025 15:00,110,3,Thursday,5,0,0,random_or_none,4,dusty,0.442,260,0,0,0,0,0,0,0,normal,0,118,110
5/15/2025 16:00,118,3,Thursday,5,0,0,random_or_none,4,dusty,0.548,260,0,0,0,0,0,0,0,normal,0,114,111
5/15/2025 17:00,114,3,Thursday,5,0,0,random_or_none,0,sunny,0.076,260,0,0,0,0,0,0,0,normal,0,107,106
5/15/2025 18:00,107,3,Thursday,5,0,0,random_or_none,5,windy,0.296,260,0,0,0,0,0,0,0,normal,0,102,141
5/15/2025 19:00,102,3,Thursday,5,0,0,random_or_none,0,sunny,0.255,260,0,0,0,0,0,0,0,normal,0,97,132
5/15/2025 20:00,97,3,Thursday,5,0,0,random_or_none,4,dusty,0.424,260,0,0,0,0,0,0,0,normal,0,94,113
5/15/2025 21:00,94,3,Thursday,5,0,0,random_or_none,0,sunny,0.017,260,0,0,0,0,0,0,0,normal,0,86,113
5/15/2025 22:00,86,3,Thursday,5,0,0,random_or_none,0,sunny,0.032,260,0,0,0,0,0,0,0,normal,0,128,96
5/15/2025 23:00,128,3,Thursday,5,0,0,random_or_none,3,hot,0.95,260,0,1,92.65,0,0,0,0,emergency_spike,5,102,93
5/16/2025 0:00,102,4,Friday,5,0,0,random_or_none,0,sunny,0.027,260,0,0,0,0,0,0,0,normal,0,87,85
5/16/2025 1:00,87,4,Friday,5,0,0,random_or_none,3,hot,0.919,260,0,0,0,0,0,0,0,extreme_weather,2,79,68
5/16/2025 2:00,79,4,Friday,5,0,0,random_or_none,0,sunny,0.336,260,0,0,0,0,0,0,0,normal,0,71,64
5/16/2025 3:00,71,4,Friday,5,0,0,random_or_none,3,hot,0.157,260,0,0,0,0,0,0,0,normal,0,68,66
5/16/2025 4:00,68,4,Friday,5,0,0,random_or_none,0,sunny,0.009,260,0,0,0,0,0,0,0,normal,0,69,60
5/16/2025 5:00,69,4,Friday,5,0,0,random_or_none,0,sunny,0.192,260,0,0,0,0,0,0,0,normal,0,72,64
5/16/2025 6:00,72,4,Friday,5,0,0,random_or_none,3,hot,0.16,260,0,0,0,0,0,0,0,normal,0,86,64
5/16/2025 7:00,86,4,Friday,5,0,0,random_or_none,3,hot,0.733,260,0,0,0,0,0,0,0,normal,0,99,72
5/16/2025 8:00,99,4,Friday,5,0,0,random_or_none,3,hot,0.918,260,0,0,0,0,0,0,0,extreme_weather,2,99,75
5/16/2025 9:00,99,4,Friday,5,0,0,random_or_none,4,dusty,0.635,260,0,0,0,0,0,0,0,normal,0,103,84
5/16/2025 10:00,103,4,Friday,5,0,0,random_or_none,5,windy,0.207,260,0,0,0,0,0,0,0,normal,0,102,85
5/16/2025 11:00,102,4,Friday,5,0,0,random_or_none,3,hot,0.61,260,0,0,0,0,0,0,0,normal,0,104,143
5/16/2025 12:00,104,4,Friday,5,0,0,random_or_none,0,sunny,0.081,260,0,0,0,0,0,0,0,normal,0,108,124
5/16/2025 13:00,108,4,Friday,5,0,0,random_or_none,0,sunny,0.349,260,0,0,0,0,0,0,0,normal,0,110,110
5/16/2025 14:00,110,4,Friday,5,0,0,random_or_none,5,windy,0.268,260,0,0,0,0,0,0,0,normal,0,110,106
5/16/2025 15:00,110,4,Friday,5,0,0,random_or_none,0,sunny,0.096,260,0,0,0,0,0,0,0,normal,0,111,110
5/16/2025 16:00,111,4,Friday,5,0,0,random_or_none,0,sunny,0.089,260,0,0,0,0,0,0,0,normal,0,106,110
5/16/2025 17:00,106,4,Friday,5,0,0,random_or_none,0,sunny,0.188,260,0,0,0,0,0,0,0,normal,0,141,107
5/16/2025 18:00,141,4,Friday,5,0,0,random_or_none,0,sunny,0.128,260,0,1,73.76,0,0,0,0,emergency_spike,5,132,104
5/16/2025 19:00,132,4,Friday,5,0,0,random_or_none,0,sunny,0.338,260,0,0,0,0,0,0,0,normal,0,113,98
5/16/2025 20:00,113,4,Friday,5,0,0,random_or_none,3,hot,0.227,260,0,0,0,0,0,0,0,normal,0,113,93
5/16/2025 21:00,113,4,Friday,5,0,0,random_or_none,1,rainy,0.905,260,0,0,0,0,0,0,0,extreme_weather,2,96,92
5/16/2025 22:00,96,4,Friday,5,0,0,random_or_none,0,sunny,0.31,260,0,0,0,0,0,0,0,normal,0,93,88
5/16/2025 23:00,93,4,Friday,5,0,0,random_or_none,5,windy,0.722,260,0,0,0,0,0,0,0,normal,0,85,81
5/17/2025 0:00,85,5,Saturday,5,1,0,random_or_none,4,dusty,0.446,260,0,0,0,0,0,0,0,normal,0,68,69
5/17/2025 1:00,68,5,Saturday,5,1,0,random_or_none,0,sunny,0.119,260,0,0,0,0,0,0,0,normal,0,64,64
5/17/2025 2:00,64,5,Saturday,5,1,0,random_or_none,0,sunny,0.193,260,0,0,0,0,0,0,0,normal,0,66,55
5/17/2025 3:00,66,5,Saturday,5,1,0,random_or_none,3,hot,0.76,260,0,0,0,0,0,0,0,extreme_weather,2,60,48
5/17/2025 4:00,60,5,Saturday,5,1,0,random_or_none,0,sunny,0.074,260,0,0,0,0,0,0,0,normal,0,64,57
5/17/2025 5:00,64,5,Saturday,5,1,0,random_or_none,0,sunny,0.085,260,0,0,0,0,0,0,0,normal,0,64,57
5/17/2025 6:00,64,5,Saturday,5,1,0,random_or_none,0,sunny,0.185,260,0,0,0,0,0,0,0,normal,0,72,54
5/17/2025 7:00,72,5,Saturday,5,1,0,random_or_none,3,hot,0.684,260,0,0,0,0,0,0,0,normal,0,75,60
5/17/2025 8:00,75,5,Saturday,5,1,0,random_or_none,5,windy,0.252,260,0,0,0,0,0,0,0,normal,0,84,63
5/17/2025 9:00,84,5,Saturday,5,1,0,random_or_none,4,dusty,0.39,260,0,0,0,0,0,0,0,normal,0,85,73
5/17/2025 10:00,85,5,Saturday,5,1,0,random_or_none,4,dusty,0.711,260,0,0,0,0,0,0,0,normal,0,143,99
5/17/2025 11:00,143,5,Saturday,5,1,0,random_or_none,4,dusty,0.492,260,0,1,120.67,0,0,0,0,emergency_spike,5,124,97
5/17/2025 12:00,124,5,Saturday,5,1,0,random_or_none,2,cold,0.537,260,0,0,0,0,0,0,0,normal,0,110,97
5/17/2025 13:00,110,5,Saturday,5,1,0,random_or_none,3,hot,0.651,260,0,0,0,0,0,0,0,normal,0,106,95
5/17/2025 14:00,106,5,Saturday,5,1,0,random_or_none,3,hot,0.451,260,0,0,0,0,0,0,0,normal,0,110,98
5/17/2025 15:00,110,5,Saturday,5,1,0,random_or_none,3,hot,0.63,260,0,0,0,0,0,0,0,normal,0,110,99
5/17/2025 16:00,110,5,Saturday,5,1,0,random_or_none,4,dusty,1,260,0,0,0,0,0,0,0,extreme_weather,2,107,90
5/17/2025 17:00,107,5,Saturday,5,1,0,random_or_none,0,sunny,0.134,260,0,0,0,0,0,0,0,normal,0,104,93
5/17/2025 18:00,104,5,Saturday,5,1,0,random_or_none,0,sunny,0.116,260,0,0,0,0,0,0,0,normal,0,98,96
5/17/2025 19:00,98,5,Saturday,5,1,0,random_or_none,0,sunny,0.217,260,0,0,0,0,0,0,0,normal,0,93,115
5/17/2025 20:00,93,5,Saturday,5,1,0,random_or_none,0,sunny,0.061,260,0,0,0,0,0,0,0,normal,0,92,100
5/17/2025 21:00,92,5,Saturday,5,1,0,random_or_none,5,windy,0.371,260,0,0,0,0,0,0,0,normal,0,88,92
5/17/2025 22:00,88,5,Saturday,5,1,0,random_or_none,1,rainy,0.473,260,0,0,0,0,0,0,0,normal,0,81,89
5/17/2025 23:00,81,5,Saturday,5,1,0,random_or_none,4,dusty,1,260,0,0,0,0,0,0,0,extreme_weather,2,69,73
5/18/2025 0:00,69,6,Sunday,5,1,1,random_or_none,0,sunny,0.267,260,0,0,0,0,0,0,0,holiday,1,64,71
5/18/2025 1:00,64,6,Sunday,5,1,1,random_or_none,4,dusty,0.624,260,0,0,0,0,0,0,0,holiday,1,55,72
5/18/2025 2:00,55,6,Sunday,5,1,1,random_or_none,3,hot,0.326,260,0,0,0,0,0,0,0,holiday,1,48,73
5/18/2025 3:00,48,6,Sunday,5,1,1,random_or_none,0,sunny,0.333,260,0,0,0,0,0,0,0,holiday,1,57,72
5/18/2025 4:00,57,6,Sunday,5,1,1,random_or_none,5,windy,0.718,260,0,0,0,0,0,0,0,holiday,1,57,77
5/18/2025 5:00,57,6,Sunday,5,1,1,random_or_none,5,windy,0.87,260,0,0,0,0,0,0,0,extreme_weather,2,54,77
5/18/2025 6:00,54,6,Sunday,5,1,1,random_or_none,0,sunny,0.05,260,0,0,0,0,0,0,0,holiday,1,60,82
5/18/2025 7:00,60,6,Sunday,5,1,1,random_or_none,3,hot,0.829,260,0,0,0,0,0,0,0,extreme_weather,2,63,83
5/18/2025 8:00,63,6,Sunday,5,1,1,random_or_none,3,hot,0.437,260,0,0,0,0,0,0,0,holiday,1,73,93
5/18/2025 9:00,73,6,Sunday,5,1,1,random_or_none,4,dusty,0.594,260,0,0,0,0,0,0,0,holiday,1,99,93
5/18/2025 10:00,99,6,Sunday,5,1,1,random_or_none,0,sunny,0.29,260,0,1,63.38,0,0,0,0,emergency_spike,5,97,139
5/18/2025 11:00,97,6,Sunday,5,1,1,random_or_none,4,dusty,0.388,260,0,0,0,0,0,0,0,holiday,1,97,138
5/18/2025 12:00,97,6,Sunday,5,1,1,random_or_none,3,hot,0.934,260,0,0,0,0,0,0,0,extreme_weather,2,95,132
5/18/2025 13:00,95,6,Sunday,5,1,1,random_or_none,0,sunny,0.19,260,0,0,0,0,0,0,0,holiday,1,98,129
5/18/2025 14:00,98,6,Sunday,5,1,1,random_or_none,4,dusty,0.559,260,0,0,0,0,0,0,0,holiday,1,99,122
5/18/2025 15:00,99,6,Sunday,5,1,1,random_or_none,1,rainy,0.533,260,0,0,0,0,0,0,0,holiday,1,90,121
5/18/2025 16:00,90,6,Sunday,5,1,1,random_or_none,0,sunny,0.298,260,0,0,0,0,0,0,0,holiday,1,93,110
5/18/2025 17:00,93,6,Sunday,5,1,1,random_or_none,0,sunny,0.019,260,0,0,0,0,0,0,0,holiday,1,96,111
5/18/2025 18:00,96,6,Sunday,5,1,1,random_or_none,4,dusty,0.639,260,0,0,0,0,0,0,0,holiday,1,115,114
5/18/2025 19:00,115,6,Sunday,5,1,1,random_or_none,1,rainy,0.834,260,0,1,48.28,0,0,0,0,emergency_spike,5,100,113
5/18/2025 20:00,100,6,Sunday,5,1,1,random_or_none,3,hot,0.64,260,0,0,0,0,0,0,0,holiday,1,92,115
5/18/2025 21:00,92,6,Sunday,5,1,1,random_or_none,5,windy,0.391,260,0,0,0,0,0,0,0,holiday,1,89,105
5/18/2025 22:00,89,6,Sunday,5,1,1,random_or_none,4,dusty,0.975,260,0,0,0,0,0,0,0,extreme_weather,2,73,98
5/18/2025 23:00,73,6,Sunday,5,1,1,random_or_none,3,hot,0.19,260,0,0,0,0,0,0,0,holiday,1,71,96
5/19/2025 0:00,71,0,Monday,5,0,0,random_or_none,3,hot,0.366,260,0,0,0,0,0,0,0,normal,0,72,83
5/19/2025 1:00,72,0,Monday,5,0,0,random_or_none,0,sunny,0.02,260,0,0,0,0,0,0,0,normal,0,73,80
5/19/2025 2:00,73,0,Monday,5,0,0,random_or_none,5,windy,0.695,260,0,0,0,0,0,0,0,normal,0,72,64
5/19/2025 3:00,72,0,Monday,5,0,0,random_or_none,0,sunny,0.007,260,0,0,0,0,0,0,0,normal,0,77,62
5/19/2025 4:00,77,0,Monday,5,0,0,random_or_none,4,dusty,0.713,260,0,0,0,0,0,0,0,normal,0,77,64
5/19/2025 5:00,77,0,Monday,5,0,0,random_or_none,0,sunny,0.245,260,0,0,0,0,0,0,0,normal,0,82,67
5/19/2025 6:00,82,0,Monday,5,0,0,random_or_none,4,dusty,0.507,260,0,0,0,0,0,0,0,normal,0,83,74
5/19/2025 7:00,83,0,Monday,5,0,0,random_or_none,0,sunny,0.071,260,0,0,0,0,0,0,0,normal,0,93,78
5/19/2025 8:00,93,0,Monday,5,0,0,random_or_none,1,rainy,0.913,260,0,0,0,0,0,0,0,extreme_weather,2,93,83
5/19/2025 9:00,93,0,Monday,5,0,0,random_or_none,0,sunny,0.336,260,0,0,0,0,0,0,0,normal,0,139,91
5/19/2025 10:00,139,0,Monday,5,0,0,random_or_none,3,hot,0.213,260,0,1,84.52,0,0,0,0,emergency_spike,5,138,90
5/19/2025 11:00,138,0,Monday,5,0,0,random_or_none,0,sunny,0.211,260,0,1,33.1,0,0,0,0,emergency_spike,5,132,100
5/19/2025 12:00,132,0,Monday,5,0,0,random_or_none,4,dusty,0.505,260,0,0,0,0,0,0,0,normal,0,129,99
5/19/2025 13:00,129,0,Monday,5,0,0,random_or_none,3,hot,0.426,260,0,0,0,0,0,0,0,normal,0,122,107
5/19/2025 14:00,122,0,Monday,5,0,0,random_or_none,0,sunny,0.026,260,0,0,0,0,0,0,0,normal,0,121,116
5/19/2025 15:00,121,0,Monday,5,0,0,random_or_none,0,sunny,0.336,260,0,0,0,0,0,0,0,normal,0,110,118
5/19/2025 16:00,110,0,Monday,5,0,0,random_or_none,0,sunny,0.049,260,0,0,0,0,0,0,0,normal,0,111,121
5/19/2025 17:00,111,0,Monday,5,0,0,random_or_none,0,sunny,0.096,260,0,0,0,0,0,0,0,normal,0,114,113
5/19/2025 18:00,114,0,Monday,5,0,0,random_or_none,0,sunny,0.072,260,0,0,0,0,0,0,0,normal,0,113,114
5/19/2025 19:00,113,0,Monday,5,0,0,random_or_none,0,sunny,0.05,260,0,0,0,0,0,0,0,normal,0,115,110
5/19/2025 20:00,115,0,Monday,5,0,0,random_or_none,4,dusty,0.776,260,0,0,0,0,0,0,0,extreme_weather,2,105,108
5/19/2025 21:00,105,0,Monday,5,0,0,random_or_none,0,sunny,0.172,260,0,0,0,0,0,0,0,normal,0,98,107
5/19/2025 22:00,98,0,Monday,5,0,0,random_or_none,3,hot,0.296,260,0,0,0,0,0,0,0,normal,0,96,93
5/19/2025 23:00,96,0,Monday,5,0,0,random_or_none,0,sunny,0.2,260,0,0,0,0,0,0,0,normal,0,83,137
5/20/2025 0:00,83,1,Tuesday,5,0,0,random_or_none,5,windy,0.738,260,0,0,0,0,0,0,0,normal,0,80,99
5/20/2025 1:00,80,1,Tuesday,5,0,0,random_or_none,5,windy,0.324,260,0,0,0,0,0,0,0,normal,0,64,83
5/20/2025 2:00,64,1,Tuesday,5,0,0,random_or_none,0,sunny,0.04,260,0,0,0,0,0,0,0,normal,0,62,70
5/20/2025 3:00,62,1,Tuesday,5,0,0,random_or_none,0,sunny,0.118,260,0,0,0,0,0,0,0,normal,0,64,70
5/20/2025 4:00,64,1,Tuesday,5,0,0,random_or_none,0,sunny,0.259,260,0,0,0,0,0,0,0,normal,0,67,64
5/20/2025 5:00,67,1,Tuesday,5,0,0,random_or_none,3,hot,0.472,260,0,0,0,0,0,0,0,normal,0,74,66
5/20/2025 6:00,74,1,Tuesday,5,0,0,random_or_none,0,sunny,0.167,260,0,0,0,0,0,0,0,normal,0,78,69
5/20/2025 7:00,78,1,Tuesday,5,0,0,random_or_none,5,windy,0.539,260,0,0,0,0,0,0,0,normal,0,83,72
5/20/2025 8:00,83,1,Tuesday,5,0,0,random_or_none,5,windy,0.162,260,0,0,0,0,0,0,0,normal,0,91,77
5/20/2025 9:00,91,1,Tuesday,5,0,0,random_or_none,3,hot,0.287,260,0,0,0,0,0,0,0,normal,0,90,84
5/20/2025 10:00,90,1,Tuesday,5,0,0,random_or_none,0,sunny,0.236,260,0,0,0,0,0,0,0,normal,0,100,90
5/20/2025 11:00,100,1,Tuesday,5,0,0,random_or_none,0,sunny,0.272,260,0,0,0,0,0,0,0,normal,0,99,97
5/20/2025 12:00,99,1,Tuesday,5,0,0,random_or_none,0,sunny,0.037,260,0,0,0,0,0,0,0,normal,0,107,92
5/20/2025 13:00,107,1,Tuesday,5,0,0,random_or_none,3,hot,0.766,260,0,0,0,0,0,0,0,extreme_weather,2,116,95
5/20/2025 14:00,116,1,Tuesday,5,0,0,random_or_none,2,cold,0.204,260,0,0,0,0,0,0,0,normal,0,118,103
5/20/2025 15:00,118,1,Tuesday,5,0,0,random_or_none,1,rainy,0.596,260,0,0,0,0,0,0,0,normal,0,121,108
5/20/2025 16:00,121,1,Tuesday,5,0,0,random_or_none,4,dusty,0.52,260,0,0,0,0,0,0,0,normal,0,113,106
5/20/2025 17:00,113,1,Tuesday,5,0,0,random_or_none,1,rainy,0.251,260,0,0,0,0,0,0,0,normal,0,114,103
5/20/2025 18:00,114,1,Tuesday,5,0,0,random_or_none,5,windy,0.749,260,0,0,0,0,0,0,0,normal,0,110,104
5/20/2025 19:00,110,1,Tuesday,5,0,0,random_or_none,5,windy,0.475,260,0,0,0,0,0,0,0,normal,0,108,99
5/20/2025 20:00,108,1,Tuesday,5,0,0,random_or_none,4,dusty,0.583,260,0,0,0,0,0,0,0,normal,0,107,98
5/20/2025 21:00,107,1,Tuesday,5,0,0,random_or_none,5,windy,0.607,260,0,0,0,0,0,0,0,normal,0,93,94
5/20/2025 22:00,93,1,Tuesday,5,0,0,random_or_none,0,sunny,0.029,260,0,0,0,0,0,0,0,normal,0,137,89
5/20/2025 23:00,137,1,Tuesday,5,0,0,random_or_none,1,rainy,0.751,260,0,1,108.6,0,0,0,0,emergency_spike,5,99,82
5/21/2025 0:00,99,2,Wednesday,5,0,1,random_or_none,0,sunny,0.323,260,0,0,0,0,0,0,0,holiday,1,83,73
5/21/2025 1:00,83,2,Wednesday,5,0,1,random_or_none,3,hot,0.581,260,0,0,0,0,0,0,0,holiday,1,70,69
5/21/2025 2:00,70,2,Wednesday,5,0,1,random_or_none,0,sunny,0.327,260,0,0,0,0,0,0,0,holiday,1,70,65
5/21/2025 3:00,70,2,Wednesday,5,0,1,random_or_none,3,hot,0.726,260,0,0,0,0,0,0,0,holiday,1,64,76
5/21/2025 4:00,64,2,Wednesday,5,0,1,random_or_none,3,hot,0.638,260,0,0,0,0,0,0,0,holiday,1,66,77
5/21/2025 5:00,66,2,Wednesday,5,0,1,random_or_none,3,hot,0.499,260,0,0,0,0,0,0,0,holiday,1,69,71
5/21/2025 6:00,69,2,Wednesday,5,0,1,random_or_none,5,windy,0.778,260,0,0,0,0,0,0,0,extreme_weather,2,72,80
5/21/2025 7:00,72,2,Wednesday,5,0,1,random_or_none,2,cold,0.129,260,0,0,0,0,0,0,0,holiday,1,77,86
5/21/2025 8:00,77,2,Wednesday,5,0,1,random_or_none,0,sunny,0.184,260,0,0,0,0,0,0,0,holiday,1,84,89
5/21/2025 9:00,84,2,Wednesday,5,0,1,random_or_none,0,sunny,0.018,260,0,0,0,0,0,0,0,holiday,1,90,92
5/21/2025 10:00,90,2,Wednesday,5,0,1,random_or_none,0,sunny,0.313,260,0,0,0,0,0,0,0,holiday,1,97,95
5/21/2025 11:00,97,2,Wednesday,5,0,1,random_or_none,3,hot,0.698,260,0,0,0,0,0,0,0,holiday,1,92,109
5/21/2025 12:00,92,2,Wednesday,5,0,1,random_or_none,0,sunny,0.044,260,0,0,0,0,0,0,0,holiday,1,95,137
5/21/2025 13:00,95,2,Wednesday,5,0,1,random_or_none,0,sunny,0.131,260,0,0,0,0,0,0,0,holiday,1,103,128
5/21/2025 14:00,103,2,Wednesday,5,0,1,random_or_none,1,rainy,0.465,260,0,0,0,0,0,0,0,holiday,1,108,121
5/21/2025 15:00,108,2,Wednesday,5,0,1,random_or_none,5,windy,0.371,260,0,0,0,0,0,0,0,holiday,1,106,123
5/21/2025 16:00,106,2,Wednesday,5,0,1,random_or_none,3,hot,0.256,260,0,0,0,0,0,0,0,holiday,1,103,122
5/21/2025 17:00,103,2,Wednesday,5,0,1,random_or_none,0,sunny,0.303,260,0,0,0,0,0,0,0,holiday,1,104,116
5/21/2025 18:00,104,2,Wednesday,5,0,1,random_or_none,0,sunny,0.336,260,0,0,0,0,0,0,0,holiday,1,99,123
5/21/2025 19:00,99,2,Wednesday,5,0,1,random_or_none,0,sunny,0.028,260,0,0,0,0,0,0,0,holiday,1,98,115
5/21/2025 20:00,98,2,Wednesday,5,0,1,random_or_none,0,sunny,0.187,260,0,0,0,0,0,0,0,holiday,1,94,104
5/21/2025 21:00,94,2,Wednesday,5,0,1,random_or_none,1,rainy,0.425,260,0,0,0,0,0,0,0,holiday,1,89,101
5/21/2025 22:00,89,2,Wednesday,5,0,1,random_or_none,3,hot,0.473,260,0,0,0,0,0,0,0,holiday,1,82,99
5/21/2025 23:00,82,2,Wednesday,5,0,1,random_or_none,3,hot,0.775,260,0,0,0,0,0,0,0,extreme_weather,2,73,87
5/22/2025 0:00,73,3,Thursday,5,0,0,random_or_none,0,sunny,0.347,260,0,0,0,0,0,0,0,normal,0,69,81
5/22/2025 1:00,69,3,Thursday,5,0,0,random_or_none,0,sunny,0.333,260,0,0,0,0,0,0,0,normal,0,65,69
5/22/2025 2:00,65,3,Thursday,5,0,0,random_or_none,0,sunny,0.135,260,0,0,0,0,0,0,0,normal,0,76,67
5/22/2025 3:00,76,3,Thursday,5,0,0,random_or_none,4,dusty,0.873,260,0,0,0,0,0,0,0,extreme_weather,2,77,73
5/22/2025 4:00,77,3,Thursday,5,0,0,random_or_none,0,sunny,0.107,260,0,0,0,0,0,0,0,normal,0,71,66
5/22/2025 5:00,71,3,Thursday,5,0,0,random_or_none,5,windy,0.206,260,0,0,0,0,0,0,0,normal,0,80,66
5/22/2025 6:00,80,3,Thursday,5,0,0,random_or_none,1,rainy,0.629,260,0,0,0,0,0,0,0,normal,0,86,75
5/22/2025 7:00,86,3,Thursday,5,0,0,random_or_none,0,sunny,0.083,260,0,0,0,0,0,0,0,normal,0,89,81
5/22/2025 8:00,89,3,Thursday,5,0,0,random_or_none,0,sunny,0.127,260,0,0,0,0,0,0,0,normal,0,92,89
5/22/2025 9:00,92,3,Thursday,5,0,0,random_or_none,0,sunny,0.29,260,0,0,0,0,0,0,0,normal,0,95,87
5/22/2025 10:00,95,3,Thursday,5,0,0,random_or_none,0,sunny,0.061,260,0,0,0,0,0,0,0,normal,0,109,96
5/22/2025 11:00,109,3,Thursday,5,0,0,random_or_none,4,dusty,0.978,260,0,0,0,0,0,0,0,extreme_weather,2,137,104
5/22/2025 12:00,137,3,Thursday,5,0,0,random_or_none,0,sunny,0.111,260,0,1,61.66,0,0,0,0,emergency_spike,5,128,105
5/22/2025 13:00,128,3,Thursday,5,0,0,random_or_none,5,windy,0.752,260,0,0,0,0,0,0,0,extreme_weather,2,121,105
5/22/2025 14:00,121,3,Thursday,5,0,0,random_or_none,4,dusty,0.432,260,0,0,0,0,0,0,0,normal,0,123,115
5/22/2025 15:00,123,3,Thursday,5,0,0,random_or_none,2,cold,0.622,260,0,0,0,0,0,0,0,normal,0,122,115
5/22/2025 16:00,122,3,Thursday,5,0,0,random_or_none,3,hot,0.634,260,0,0,0,0,0,0,0,normal,0,116,119
5/22/2025 17:00,116,3,Thursday,5,0,0,random_or_none,0,sunny,0.082,260,0,0,0,0,0,0,0,normal,0,123,119
5/22/2025 18:00,123,3,Thursday,5,0,0,random_or_none,3,hot,0.764,260,0,0,0,0,0,0,0,extreme_weather,2,115,117
5/22/2025 19:00,115,3,Thursday,5,0,0,random_or_none,3,hot,0.88,260,0,0,0,0,0,0,0,extreme_weather,2,104,118
5/22/2025 20:00,104,3,Thursday,5,0,0,random_or_none,0,sunny,0.334,260,0,0,0,0,0,0,0,normal,0,101,109
5/22/2025 21:00,101,3,Thursday,5,0,0,random_or_none,4,dusty,0.696,260,0,0,0,0,0,0,0,normal,0,99,109
5/22/2025 22:00,99,3,Thursday,5,0,0,random_or_none,0,sunny,0.247,260,0,0,0,0,0,0,0,normal,0,87,95
5/22/2025 23:00,87,3,Thursday,5,0,0,random_or_none,0,sunny,0.221,260,0,0,0,0,0,0,0,normal,0,81,90
5/23/2025 0:00,81,4,Friday,5,0,0,random_or_none,0,sunny,0.127,260,0,0,0,0,0,0,0,normal,0,69,75
5/23/2025 1:00,69,4,Friday,5,0,0,random_or_none,0,sunny,0.176,260,0,0,0,0,0,0,0,normal,0,67,65
5/23/2025 2:00,67,4,Friday,5,0,0,random_or_none,3,hot,0.245,260,0,0,0,0,0,0,0,normal,0,73,65
5/23/2025 3:00,73,4,Friday,5,0,0,random_or_none,0,sunny,0.326,260,0,1,31.21,0,0,0,0,emergency_spike,5,66,63
5/23/2025 4:00,66,4,Friday,5,0,0,random_or_none,0,sunny,0.107,260,0,0,0,0,0,0,0,normal,0,66,62
5/23/2025 5:00,66,4,Friday,5,0,0,random_or_none,0,sunny,0.083,260,0,0,0,0,0,0,0,normal,0,75,68
5/23/2025 6:00,75,4,Friday,5,0,0,random_or_none,5,windy,0.893,260,0,0,0,0,0,0,0,extreme_weather,2,81,88
5/23/2025 7:00,81,4,Friday,5,0,0,random_or_none,0,sunny,0.113,260,0,0,0,0,0,0,0,normal,0,89,87
5/23/2025 8:00,89,4,Friday,5,0,0,random_or_none,3,hot,0.657,260,0,0,0,0,0,0,0,normal,0,87,78
5/23/2025 9:00,87,4,Friday,5,0,0,random_or_none,0,sunny,0.1,260,0,0,0,0,0,0,0,normal,0,96,84
5/23/2025 10:00,96,4,Friday,5,0,0,random_or_none,3,hot,0.459,260,0,0,0,0,0,0,0,normal,0,104,79
5/23/2025 11:00,104,4,Friday,5,0,0,random_or_none,1,rainy,0.702,260,0,0,0,0,0,0,0,normal,0,105,96
5/23/2025 12:00,105,4,Friday,5,0,0,random_or_none,0,sunny,0.315,260,0,0,0,0,0,0,0,normal,0,105,97
5/23/2025 13:00,105,4,Friday,5,0,0,random_or_none,0,sunny,0.261,260,0,0,0,0,0,0,0,normal,0,115,98
5/23/2025 14:00,115,4,Friday,5,0,0,random_or_none,5,windy,0.889,260,0,0,0,0,0,0,0,extreme_weather,2,115,100
5/23/2025 15:00,115,4,Friday,5,0,0,random_or_none,1,rainy,0.206,260,0,0,0,0,0,0,0,normal,0,119,100
5/23/2025 16:00,119,4,Friday,5,0,0,random_or_none,5,windy,0.681,260,0,0,0,0,0,0,0,normal,0,119,101
5/23/2025 17:00,119,4,Friday,5,0,0,random_or_none,5,windy,0.245,260,0,0,0,0,0,0,0,normal,0,117,95
5/23/2025 18:00,117,4,Friday,5,0,0,random_or_none,5,windy,0.634,260,0,0,0,0,0,0,0,normal,0,118,90
5/23/2025 19:00,118,4,Friday,5,0,0,random_or_none,4,dusty,0.992,260,0,0,0,0,0,0,0,extreme_weather,2,109,92
5/23/2025 20:00,109,4,Friday,5,0,0,random_or_none,3,hot,0.313,260,0,0,0,0,0,0,0,normal,0,109,98
5/23/2025 21:00,109,4,Friday,5,0,0,random_or_none,4,dusty,0.659,260,0,0,0,0,0,0,0,normal,0,95,86
5/23/2025 22:00,95,4,Friday,5,0,0,random_or_none,0,sunny,0.063,260,0,0,0,0,0,0,0,normal,0,90,78
5/23/2025 23:00,90,4,Friday,5,0,0,random_or_none,2,cold,0.522,260,0,0,0,0,0,0,0,normal,0,75,65
5/24/2025 0:00,75,5,Saturday,5,1,0,random_or_none,0,sunny,0.054,260,0,0,0,0,0,0,0,normal,0,65,58
5/24/2025 1:00,65,5,Saturday,5,1,0,random_or_none,0,sunny,0.286,260,0,0,0,0,0,0,0,normal,0,65,51
5/24/2025 2:00,65,5,Saturday,5,1,0,random_or_none,4,dusty,0.635,260,0,0,0,0,0,0,0,normal,0,63,46
5/24/2025 3:00,63,5,Saturday,5,1,0,random_or_none,5,windy,0.689,260,0,0,0,0,0,0,0,normal,0,62,42
5/24/2025 4:00,62,5,Saturday,5,1,0,random_or_none,3,hot,0.29,260,0,0,0,0,0,0,0,normal,0,68,55
5/24/2025 5:00,68,5,Saturday,5,1,0,random_or_none,4,dusty,0.498,260,0,0,0,0,0,0,0,normal,0,88,92
5/24/2025 6:00,88,5,Saturday,5,1,0,random_or_none,0,sunny,0.293,260,0,1,40.99,0,0,0,0,emergency_spike,5,87,70
5/24/2025 7:00,87,5,Saturday,5,1,0,random_or_none,5,windy,0.311,260,0,0,0,0,0,0,0,normal,0,78,63
5/24/2025 8:00,78,5,Saturday,5,1,0,random_or_none,0,sunny,0.035,260,0,0,0,0,0,0,0,normal,0,84,62
5/24/2025 9:00,84,5,Saturday,5,1,0,random_or_none,0,sunny,0.106,260,0,0,0,0,0,0,0,normal,0,79,63
5/24/2025 10:00,79,5,Saturday,5,1,0,random_or_none,0,sunny,0.314,260,0,0,0,0,0,0,0,normal,0,96,69
5/24/2025 11:00,96,5,Saturday,5,1,0,random_or_none,4,dusty,0.973,260,0,0,0,0,0,0,0,extreme_weather,2,97,70
5/24/2025 12:00,97,5,Saturday,5,1,0,random_or_none,1,rainy,0.363,260,0,0,0,0,0,0,0,normal,0,98,83
5/24/2025 13:00,98,5,Saturday,5,1,0,random_or_none,4,dusty,0.644,260,0,0,0,0,0,0,0,normal,0,100,85
5/24/2025 14:00,100,5,Saturday,5,1,0,random_or_none,0,sunny,0.007,260,0,0,0,0,0,0,0,normal,0,100,89
5/24/2025 15:00,100,5,Saturday,5,1,0,random_or_none,1,rainy,0.548,260,0,0,0,0,0,0,0,normal,0,101,96
5/24/2025 16:00,101,5,Saturday,5,1,0,random_or_none,0,sunny,0.313,260,0,0,0,0,0,0,0,normal,0,95,100
5/24/2025 17:00,95,5,Saturday,5,1,0,random_or_none,0,sunny,0.2,260,0,0,0,0,0,0,0,normal,0,90,93
5/24/2025 18:00,90,5,Saturday,5,1,0,random_or_none,0,sunny,0.116,260,0,0,0,0,0,0,0,normal,0,92,90
5/24/2025 19:00,92,5,Saturday,5,1,0,random_or_none,1,rainy,0.725,260,0,0,0,0,0,0,0,normal,0,98,87
5/24/2025 20:00,98,5,Saturday,5,1,0,random_or_none,4,dusty,0.884,260,0,0,0,0,0,0,0,extreme_weather,2,86,79
5/24/2025 21:00,86,5,Saturday,5,1,0,random_or_none,0,sunny,0.01,260,0,0,0,0,0,0,0,normal,0,78,80
5/24/2025 22:00,78,5,Saturday,5,1,0,random_or_none,2,cold,0.201,260,0,0,0,0,0,0,0,normal,0,65,71
5/24/2025 23:00,65,5,Saturday,5,1,0,random_or_none,0,sunny,0.066,260,0,0,0,0,0,0,0,normal,0,58,63
5/25/2025 0:00,58,6,Sunday,5,1,1,random_or_none,0,sunny,0.266,260,0,0,0,0,0,0,0,holiday,1,51,67
5/25/2025 1:00,51,6,Sunday,5,1,1,random_or_none,3,hot,0.553,260,0,0,0,0,0,0,0,holiday,1,46,66
5/25/2025 2:00,46,6,Sunday,5,1,1,random_or_none,0,sunny,0.239,260,0,0,0,0,0,0,0,holiday,1,42,70
5/25/2025 3:00,42,6,Sunday,5,1,1,random_or_none,3,hot,0.436,260,0,0,0,0,0,0,0,holiday,1,55,67
5/25/2025 4:00,55,6,Sunday,5,1,1,random_or_none,3,hot,0.889,260,0,0,0,0,0,0,0,extreme_weather,2,92,71
5/25/2025 5:00,92,6,Sunday,5,1,1,random_or_none,5,windy,0.18,260,0,1,90.42,0,0,0,0,emergency_spike,5,70,81
5/25/2025 6:00,70,6,Sunday,5,1,1,random_or_none,0,sunny,0.136,260,0,0,0,0,0,0,0,holiday,1,63,157
5/25/2025 7:00,63,6,Sunday,5,1,1,random_or_none,0,sunny,0.161,260,0,0,0,0,0,0,0,holiday,1,62,121
5/25/2025 8:00,62,6,Sunday,5,1,1,random_or_none,5,windy,0.866,260,0,0,0,0,0,0,0,extreme_weather,2,63,110
5/25/2025 9:00,63,6,Sunday,5,1,1,random_or_none,0,sunny,0.273,260,0,0,0,0,0,0,0,holiday,1,69,105
5/25/2025 10:00,69,6,Sunday,5,1,1,random_or_none,0,sunny,0.324,260,0,0,0,0,0,0,0,holiday,1,70,111
5/25/2025 11:00,70,6,Sunday,5,1,1,random_or_none,0,sunny,0.07,260,0,0,0,0,0,0,0,holiday,1,83,113
5/25/2025 12:00,83,6,Sunday,5,1,1,random_or_none,5,windy,0.534,260,0,0,0,0,0,0,0,holiday,1,85,113
5/25/2025 13:00,85,6,Sunday,5,1,1,random_or_none,3,hot,0.944,260,0,0,0,0,0,0,0,extreme_weather,2,89,117
5/25/2025 14:00,89,6,Sunday,5,1,1,random_or_none,4,dusty,0.716,260,0,0,0,0,0,0,0,holiday,1,96,111
5/25/2025 15:00,96,6,Sunday,5,1,1,random_or_none,4,dusty,0.36,260,0,0,0,0,0,0,0,holiday,1,100,115
5/25/2025 16:00,100,6,Sunday,5,1,1,random_or_none,1,rainy,0.918,260,0,0,0,0,0,0,0,extreme_weather,2,93,107
5/25/2025 17:00,93,6,Sunday,5,1,1,random_or_none,0,sunny,0.27,260,0,0,0,0,0,0,0,holiday,1,90,109
5/25/2025 18:00,90,6,Sunday,5,1,1,random_or_none,0,sunny,0.134,260,0,0,0,0,0,0,0,holiday,1,87,115
5/25/2025 19:00,87,6,Sunday,5,1,1,random_or_none,3,hot,0.176,260,0,0,0,0,0,0,0,holiday,1,79,113
5/25/2025 20:00,79,6,Sunday,5,1,1,random_or_none,0,sunny,0.26,260,0,0,0,0,0,0,0,holiday,1,80,111
5/25/2025 21:00,80,6,Sunday,5,1,1,random_or_none,1,rainy,0.747,260,0,0,0,0,0,0,0,holiday,1,71,107
5/25/2025 22:00,71,6,Sunday,5,1,1,random_or_none,0,sunny,0.067,260,0,0,0,0,0,0,0,holiday,1,63,101
5/25/2025 23:00,63,6,Sunday,5,1,1,random_or_none,0,sunny,0.228,260,0,0,0,0,0,0,0,holiday,1,67,88
5/26/2025 0:00,67,0,Monday,5,0,0,random_or_none,0,sunny,0.182,260,0,0,0,0,0,0,0,normal,0,66,81
5/26/2025 1:00,66,0,Monday,5,0,0,random_or_none,0,sunny,0.008,260,0,0,0,0,0,0,0,normal,0,70,71
5/26/2025 2:00,70,0,Monday,5,0,0,random_or_none,0,sunny,0.184,260,0,0,0,0,0,0,0,normal,0,67,70
5/26/2025 3:00,67,0,Monday,5,0,0,random_or_none,0,sunny,0.047,260,0,0,0,0,0,0,0,normal,0,71,79
5/26/2025 4:00,71,0,Monday,5,0,0,random_or_none,0,sunny,0.006,260,0,0,0,0,0,0,0,normal,0,81,74
5/26/2025 5:00,81,0,Monday,5,0,0,random_or_none,2,cold,0.362,260,0,0,0,0,0,0,0,normal,0,157,74
5/26/2025 6:00,157,0,Monday,5,0,0,random_or_none,4,dusty,0.968,260,0,1,157.35,0,0,0,0,emergency_spike,5,121,76
5/26/2025 7:00,121,0,Monday,5,0,0,random_or_none,0,sunny,0.273,260,0,0,0,0,0,0,0,normal,0,110,78
5/26/2025 8:00,110,0,Monday,5,0,0,random_or_none,5,windy,0.732,260,0,0,0,0,0,0,0,normal,0,105,91
5/26/2025 9:00,105,0,Monday,5,0,0,random_or_none,0,sunny,0.327,260,0,0,0,0,0,0,0,normal,0,111,94
5/26/2025 10:00,111,0,Monday,5,0,0,random_or_none,3,hot,0.46,260,0,0,0,0,0,0,0,normal,0,113,94
5/26/2025 11:00,113,0,Monday,5,0,0,random_or_none,0,sunny,0.026,260,0,0,0,0,0,0,0,normal,0,113,98
5/26/2025 12:00,113,0,Monday,5,0,0,random_or_none,0,sunny,0.049,260,0,0,0,0,0,0,0,normal,0,117,105
5/26/2025 13:00,117,0,Monday,5,0,0,random_or_none,3,hot,0.533,260,0,0,0,0,0,0,0,normal,0,111,104
5/26/2025 14:00,111,0,Monday,5,0,0,random_or_none,0,sunny,0.058,260,0,0,0,0,0,0,0,normal,0,115,103
5/26/2025 15:00,115,0,Monday,5,0,0,random_or_none,0,sunny,0.149,260,0,0,0,0,0,0,0,normal,0,107,125
5/26/2025 16:00,107,0,Monday,5,0,0,random_or_none,0,sunny,0.045,260,0,0,0,0,0,0,0,normal,0,109,129
5/26/2025 17:00,109,0,Monday,5,0,0,random_or_none,0,sunny,0.112,260,0,0,0,0,0,0,0,normal,0,115,119
5/26/2025 18:00,115,0,Monday,5,0,0,random_or_none,0,sunny,0.308,260,0,0,0,0,0,0,0,normal,0,113,115
5/26/2025 19:00,113,0,Monday,5,0,0,random_or_none,5,windy,0.174,260,0,0,0,0,0,0,0,normal,0,111,110
5/26/2025 20:00,111,0,Monday,5,0,0,random_or_none,0,sunny,0.127,260,0,0,0,0,0,0,0,normal,0,107,132
5/26/2025 21:00,107,0,Monday,5,0,0,random_or_none,4,dusty,0.652,260,0,0,0,0,0,0,0,normal,0,101,119
5/26/2025 22:00,101,0,Monday,5,0,0,random_or_none,3,hot,0.447,260,0,0,0,0,0,0,0,normal,0,88,103
5/26/2025 23:00,88,0,Monday,5,0,0,random_or_none,0,sunny,0.295,260,0,0,0,0,0,0,0,normal,0,81,101
5/27/2025 0:00,81,1,Tuesday,5,0,0,random_or_none,0,sunny,0.295,260,0,0,0,0,0,0,0,normal,0,71,91
5/27/2025 1:00,71,1,Tuesday,5,0,0,random_or_none,0,sunny,0.015,260,0,0,0,0,0,0,0,normal,0,70,88
5/27/2025 2:00,70,1,Tuesday,5,0,0,random_or_none,0,sunny,0.274,260,0,0,0,0,0,0,0,normal,0,79,77
5/27/2025 3:00,79,1,Tuesday,5,0,0,random_or_none,4,dusty,0.594,260,0,0,0,0,0,0,0,normal,0,74,74
5/27/2025 4:00,74,1,Tuesday,5,0,0,random_or_none,0,sunny,0.33,260,0,0,0,0,0,0,0,normal,0,74,78
5/27/2025 5:00,74,1,Tuesday,5,0,0,random_or_none,0,sunny,0.034,260,0,0,0,0,0,0,0,normal,0,76,76
5/27/2025 6:00,76,1,Tuesday,5,0,0,random_or_none,0,sunny,0.038,260,0,0,0,0,0,0,0,normal,0,78,87
5/27/2025 7:00,78,1,Tuesday,5,0,0,random_or_none,0,sunny,0.021,260,0,0,0,0,0,0,0,normal,0,91,80
5/27/2025 8:00,91,1,Tuesday,5,0,0,random_or_none,3,hot,0.477,260,0,0,0,0,0,0,0,normal,0,94,90
5/27/2025 9:00,94,1,Tuesday,5,0,0,random_or_none,0,sunny,0.339,260,0,0,0,0,0,0,0,normal,0,94,86
5/27/2025 10:00,94,1,Tuesday,5,0,0,random_or_none,0,sunny,0.339,260,0,0,0,0,0,0,0,normal,0,98,94
5/27/2025 11:00,98,1,Tuesday,5,0,0,random_or_none,0,sunny,0.04,260,0,0,0,0,0,0,0,normal,0,105,102
5/27/2025 12:00,105,1,Tuesday,5,0,0,random_or_none,0,sunny,0.152,260,0,0,0,0,0,0,0,normal,0,104,111
5/27/2025 13:00,104,1,Tuesday,5,0,0,random_or_none,0,sunny,0.246,260,0,0,0,0,0,0,0,normal,0,103,104
5/27/2025 14:00,103,1,Tuesday,5,0,0,random_or_none,3,hot,0.314,260,0,0,0,0,0,0,0,normal,0,125,115
5/27/2025 15:00,125,1,Tuesday,5,0,0,random_or_none,4,dusty,0.924,260,0,0,0,0,0,0,0,extreme_weather,2,129,119
5/27/2025 16:00,129,1,Tuesday,5,0,0,random_or_none,4,dusty,1,260,0,0,0,0,0,0,0,extreme_weather,2,119,124
5/27/2025 17:00,119,1,Tuesday,5,0,0,random_or_none,0,sunny,0.124,260,0,0,0,0,0,0,0,normal,0,115,118
5/27/2025 18:00,115,1,Tuesday,5,0,0,random_or_none,0,sunny,0.048,260,0,0,0,0,0,0,0,normal,0,110,109
5/27/2025 19:00,110,1,Tuesday,5,0,0,random_or_none,0,sunny,0.145,260,0,0,0,0,0,0,0,normal,0,132,109
5/27/2025 20:00,132,1,Tuesday,5,0,0,random_or_none,1,rainy,0.651,260,0,1,43.05,0,0,0,0,emergency_spike,5,119,111
5/27/2025 21:00,119,1,Tuesday,5,0,0,random_or_none,3,hot,0.524,260,0,0,0,0,0,0,0,normal,0,103,106
5/27/2025 22:00,103,1,Tuesday,5,0,0,random_or_none,0,sunny,0.262,260,0,0,0,0,0,0,0,normal,0,101,100
5/27/2025 23:00,101,1,Tuesday,5,0,0,random_or_none,3,hot,0.806,260,0,0,0,0,0,0,0,extreme_weather,2,91,90
5/28/2025 0:00,91,2,Wednesday,5,0,0,random_or_none,4,dusty,0.885,260,0,0,0,0,0,0,0,extreme_weather,2,88,83
5/28/2025 1:00,88,2,Wednesday,5,0,0,random_or_none,4,dusty,0.513,260,0,0,0,0,0,0,0,normal,0,77,77
5/28/2025 2:00,77,2,Wednesday,5,0,0,random_or_none,3,hot,0.18,260,0,0,0,0,0,0,0,normal,0,74,72
5/28/2025 3:00,74,2,Wednesday,5,0,0,random_or_none,3,hot,0.88,260,0,0,0,0,0,0,0,extreme_weather,2,78,73
5/28/2025 4:00,78,2,Wednesday,5,0,0,random_or_none,3,hot,0.544,260,0,0,0,0,0,0,0,normal,0,76,77
5/28/2025 5:00,76,2,Wednesday,5,0,0,random_or_none,0,sunny,0.042,260,0,0,0,0,0,0,0,normal,0,87,78
5/28/2025 6:00,87,2,Wednesday,5,0,0,random_or_none,3,hot,0.75,260,0,0,0,0,0,0,0,normal,0,80,77
5/28/2025 7:00,80,2,Wednesday,5,0,0,random_or_none,0,sunny,0.17,260,0,0,0,0,0,0,0,normal,0,90,79
5/28/2025 8:00,90,2,Wednesday,5,0,0,random_or_none,3,hot,0.607,260,0,0,0,0,0,0,0,normal,0,86,86
5/28/2025 9:00,86,2,Wednesday,5,0,0,random_or_none,0,sunny,0.074,260,0,0,0,0,0,0,0,normal,0,94,89
5/28/2025 10:00,94,2,Wednesday,5,0,0,random_or_none,3,hot,0.623,260,0,0,0,0,0,0,0,normal,0,102,96
5/28/2025 11:00,102,2,Wednesday,5,0,0,random_or_none,3,hot,0.796,260,0,0,0,0,0,0,0,extreme_weather,2,111,102
5/28/2025 12:00,111,2,Wednesday,5,0,0,random_or_none,5,windy,0.348,260,0,0,0,0,0,0,0,normal,0,104,102
5/28/2025 13:00,104,2,Wednesday,5,0,0,random_or_none,0,sunny,0.075,260,0,0,0,0,0,0,0,normal,0,115,109
5/28/2025 14:00,115,2,Wednesday,5,0,0,random_or_none,3,hot,0.873,260,0,0,0,0,0,0,0,extreme_weather,2,119,109
5/28/2025 15:00,119,2,Wednesday,5,0,0,random_or_none,5,windy,0.646,260,0,0,0,0,0,0,0,normal,0,124,119
5/28/2025 16:00,124,2,Wednesday,5,0,0,random_or_none,3,hot,0.678,260,0,0,0,0,0,0,0,normal,0,118,158
5/28/2025 17:00,118,2,Wednesday,5,0,0,random_or_none,3,hot,0.929,260,0,0,0,0,0,0,0,extreme_weather,2,109,141
5/28/2025 18:00,109,2,Wednesday,5,0,0,random_or_none,0,sunny,0.246,260,0,0,0,0,0,0,0,normal,0,109,131
5/28/2025 19:00,109,2,Wednesday,5,0,0,random_or_none,2,cold,0.539,260,0,0,0,0,0,0,0,normal,0,111,118
5/28/2025 20:00,111,2,Wednesday,5,0,0,random_or_none,5,windy,0.213,260,0,0,0,0,0,0,0,normal,0,106,106
5/28/2025 21:00,106,2,Wednesday,5,0,0,random_or_none,3,hot,0.62,260,0,0,0,0,0,0,0,normal,0,100,100
5/28/2025 22:00,100,2,Wednesday,5,0,0,random_or_none,3,hot,0.174,260,0,0,0,0,0,0,0,normal,0,90,92
5/28/2025 23:00,90,2,Wednesday,5,0,0,random_or_none,0,sunny,0.091,260,0,0,0,0,0,0,0,normal,0,83,82
5/29/2025 0:00,83,3,Thursday,5,0,0,random_or_none,0,sunny,0.042,260,0,0,0,0,0,0,0,normal,0,77,75
5/29/2025 1:00,77,3,Thursday,5,0,0,random_or_none,4,dusty,0.572,260,0,0,0,0,0,0,0,normal,0,72,76
5/29/2025 2:00,72,3,Thursday,5,0,0,random_or_none,0,sunny,0.326,260,0,0,0,0,0,0,0,normal,0,73,73
5/29/2025 3:00,73,3,Thursday,5,0,0,random_or_none,3,hot,0.485,260,0,0,0,0,0,0,0,normal,0,77,73
5/29/2025 4:00,77,3,Thursday,5,0,0,random_or_none,3,hot,0.813,260,0,0,0,0,0,0,0,extreme_weather,2,78,78
5/29/2025 5:00,78,3,Thursday,5,0,0,random_or_none,0,sunny,0.141,260,0,0,0,0,0,0,0,normal,0,77,76
5/29/2025 6:00,77,3,Thursday,5,0,0,random_or_none,3,hot,0.897,260,0,0,0,0,0,0,0,extreme_weather,2,79,85
5/29/2025 7:00,79,3,Thursday,5,0,0,random_or_none,0,sunny,0.058,260,0,0,0,0,0,0,0,normal,0,86,90
5/29/2025 8:00,86,3,Thursday,5,0,0,random_or_none,3,hot,0.554,260,0,0,0,0,0,0,0,normal,0,89,90
5/29/2025 9:00,89,3,Thursday,5,0,0,random_or_none,2,cold,0.798,260,0,0,0,0,0,0,0,extreme_weather,2,96,104
5/29/2025 10:00,96,3,Thursday,5,0,0,random_or_none,3,hot,0.364,260,0,0,0,0,0,0,0,normal,0,102,109
5/29/2025 11:00,102,3,Thursday,5,0,0,random_or_none,5,windy,0.216,260,0,0,0,0,0,0,0,normal,0,102,110
5/29/2025 12:00,102,3,Thursday,5,0,0,random_or_none,0,sunny,0.15,260,0,0,0,0,0,0,0,normal,0,109,111
5/29/2025 13:00,109,3,Thursday,5,0,0,random_or_none,3,hot,0.689,260,0,0,0,0,0,0,0,normal,0,109,114
5/29/2025 14:00,109,3,Thursday,5,0,0,random_or_none,3,hot,0.329,260,0,0,0,0,0,0,0,normal,0,119,119
5/29/2025 15:00,119,3,Thursday,5,0,0,random_or_none,3,hot,0.788,260,0,0,0,0,0,0,0,extreme_weather,2,158,125
5/29/2025 16:00,158,3,Thursday,5,0,0,random_or_none,4,dusty,0.593,260,0,1,92.71,0,0,0,0,emergency_spike,5,141,125
5/29/2025 17:00,141,3,Thursday,5,0,0,random_or_none,5,windy,0.432,260,0,0,0,0,0,0,0,normal,0,131,128
5/29/2025 18:00,131,3,Thursday,5,0,0,random_or_none,4,dusty,1,260,0,0,0,0,0,0,0,extreme_weather,2,118,121
5/29/2025 19:00,118,3,Thursday,5,0,0,random_or_none,0,sunny,0.054,260,0,0,0,0,0,0,0,normal,0,106,119
5/29/2025 20:00,106,3,Thursday,5,0,0,random_or_none,0,sunny,0.056,260,0,0,0,0,0,0,0,normal,0,100,117
5/29/2025 21:00,100,3,Thursday,5,0,0,random_or_none,3,hot,0.37,260,0,0,0,0,0,0,0,normal,0,92,117
5/29/2025 22:00,92,3,Thursday,5,0,0,random_or_none,0,sunny,0.339,260,0,0,0,0,0,0,0,normal,0,82,107
5/29/2025 23:00,82,3,Thursday,5,0,0,random_or_none,0,sunny,0.244,260,0,0,0,0,0,0,0,normal,0,75,97
5/30/2025 0:00,75,4,Friday,5,0,0,random_or_none,0,sunny,0.153,260,0,0,0,0,0,0,0,normal,0,76,87
5/30/2025 1:00,76,4,Friday,5,0,0,random_or_none,2,cold,0.495,260,0,0,0,0,0,0,0,normal,0,73,99
5/30/2025 2:00,73,4,Friday,5,0,0,random_or_none,0,sunny,0.008,260,0,0,0,0,0,0,0,normal,0,73,86
5/30/2025 3:00,73,4,Friday,5,0,0,random_or_none,2,cold,0.185,260,0,0,0,0,0,0,0,normal,0,78,76
5/30/2025 4:00,78,4,Friday,5,0,0,random_or_none,2,cold,0.286,260,0,0,0,0,0,0,0,normal,0,76,69
5/30/2025 5:00,76,4,Friday,5,0,0,random_or_none,0,sunny,0.287,260,0,0,0,0,0,0,0,normal,0,85,70
5/30/2025 6:00,85,4,Friday,5,0,0,random_or_none,3,hot,0.895,260,0,0,0,0,0,0,0,extreme_weather,2,90,69
5/30/2025 7:00,90,4,Friday,5,0,0,random_or_none,3,hot,0.864,260,0,0,0,0,0,0,0,extreme_weather,2,90,76
5/30/2025 8:00,90,4,Friday,5,0,0,random_or_none,3,hot,0.94,260,0,0,0,0,0,0,0,extreme_weather,2,104,78
5/30/2025 9:00,104,4,Friday,5,0,0,random_or_none,3,hot,0.923,260,0,0,0,0,0,0,0,extreme_weather,2,109,85
5/30/2025 10:00,109,4,Friday,5,0,0,random_or_none,3,hot,0.939,260,0,0,0,0,0,0,0,extreme_weather,2,110,94
5/30/2025 11:00,110,4,Friday,5,0,0,random_or_none,3,hot,0.948,260,0,0,0,0,0,0,0,extreme_weather,2,111,172
5/30/2025 12:00,111,4,Friday,5,0,0,random_or_none,3,hot,0.903,260,0,0,0,0,0,0,0,extreme_weather,2,114,144
5/30/2025 13:00,114,4,Friday,5,0,0,random_or_none,3,hot,0.908,260,0,0,0,0,0,0,0,extreme_weather,2,119,132
5/30/2025 14:00,119,4,Friday,5,0,0,random_or_none,3,hot,0.967,260,0,0,0,0,0,0,0,extreme_weather,2,125,123
5/30/2025 15:00,125,4,Friday,5,0,0,random_or_none,3,hot,0.821,260,0,0,0,0,0,0,0,extreme_weather,2,125,117
5/30/2025 16:00,125,4,Friday,5,0,0,random_or_none,3,hot,0.879,260,0,0,0,0,0,0,0,extreme_weather,2,128,107
5/30/2025 17:00,128,4,Friday,5,0,0,random_or_none,3,hot,0.983,260,0,0,0,0,0,0,0,extreme_weather,2,121,100
5/30/2025 18:00,121,4,Friday,5,0,0,random_or_none,3,hot,0.91,260,0,0,0,0,0,0,0,extreme_weather,2,119,101
5/30/2025 19:00,119,4,Friday,5,0,0,random_or_none,3,hot,0.918,260,0,0,0,0,0,0,0,extreme_weather,2,117,101
5/30/2025 20:00,117,4,Friday,5,0,0,random_or_none,3,hot,0.827,260,0,0,0,0,0,0,0,extreme_weather,2,117,102
5/30/2025 21:00,117,4,Friday,5,0,0,random_or_none,3,hot,0.986,260,0,0,0,0,0,0,0,extreme_weather,2,107,99
5/30/2025 22:00,107,4,Friday,5,0,0,random_or_none,3,hot,0.895,260,0,0,0,0,0,0,0,extreme_weather,2,97,89
5/30/2025 23:00,97,4,Friday,5,0,0,random_or_none,3,hot,0.911,260,0,0,0,0,0,0,0,extreme_weather,2,87,75
5/31/2025 0:00,87,5,Saturday,5,1,0,random_or_none,3,hot,0.995,260,0,0,0,0,0,0,0,extreme_weather,2,99,69
5/31/2025 1:00,99,5,Saturday,5,1,0,random_or_none,3,hot,0.876,260,0,1,44.75,0,0,0,0,emergency_spike,5,86,62
5/31/2025 2:00,86,5,Saturday,5,1,0,random_or_none,3,hot,0.961,260,0,0,0,0,0,0,0,extreme_weather,2,76,63
5/31/2025 3:00,76,5,Saturday,5,1,0,random_or_none,3,hot,1,260,0,0,0,0,0,0,0,extreme_weather,2,69,53
5/31/2025 4:00,69,5,Saturday,5,1,0,random_or_none,3,hot,0.972,260,0,0,0,0,0,0,0,extreme_weather,2,70,61
5/31/2025 5:00,70,5,Saturday,5,1,0,random_or_none,3,hot,0.832,260,0,0,0,0,0,0,0,extreme_weather,2,69,58
5/31/2025 6:00,69,5,Saturday,5,1,0,random_or_none,3,hot,0.973,260,0,0,0,0,0,0,0,extreme_weather,2,76,63
5/31/2025 7:00,76,5,Saturday,5,1,0,random_or_none,3,hot,0.991,260,0,0,0,0,0,0,0,extreme_weather,2,78,65
5/31/2025 8:00,78,5,Saturday,5,1,0,random_or_none,3,hot,0.901,260,0,0,0,0,0,0,0,extreme_weather,2,85,68
5/31/2025 9:00,85,5,Saturday,5,1,0,random_or_none,3,hot,0.876,260,0,0,0,0,0,0,0,extreme_weather,2,94,72
5/31/2025 10:00,94,5,Saturday,5,1,0,random_or_none,3,hot,0.867,260,0,0,0,0,0,0,0,extreme_weather,2,172,81
5/31/2025 11:00,172,5,Saturday,5,1,0,random_or_none,3,hot,0.985,260,0,1,158.99,0,0,0,0,emergency_spike,5,144,87
5/31/2025 12:00,144,5,Saturday,5,1,0,random_or_none,3,hot,0.824,260,0,0,0,0,0,0,0,extreme_weather,2,132,93
5/31/2025 13:00,132,5,Saturday,5,1,0,random_or_none,3,hot,0.896,260,0,0,0,0,0,0,0,extreme_weather,2,123,100
5/31/2025 14:00,123,5,Saturday,5,1,0,random_or_none,3,hot,0.863,260,0,0,0,0,0,0,0,extreme_weather,2,117,102
5/31/2025 15:00,117,5,Saturday,5,1,0,random_or_none,3,hot,0.818,260,0,0,0,0,0,0,0,extreme_weather,2,107,106
5/31/2025 16:00,107,5,Saturday,5,1,0,random_or_none,3,hot,0.85,260,0,0,0,0,0,0,0,extreme_weather,2,100,102
5/31/2025 17:00,100,5,Saturday,5,1,0,random_or_none,3,hot,0.907,260,0,0,0,0,0,0,0,extreme_weather,2,101,103
5/31/2025 18:00,101,5,Saturday,5,1,0,random_or_none,3,hot,0.896,260,0,0,0,0,0,0,0,extreme_weather,2,101,105
5/31/2025 19:00,101,5,Saturday,5,1,0,random_or_none,3,hot,0.976,260,0,0,0,0,0,0,0,extreme_weather,2,102,102
5/31/2025 20:00,102,5,Saturday,5,1,0,random_or_none,3,hot,0.986,260,0,0,0,0,0,0,0,extreme_weather,2,99,94
5/31/2025 21:00,99,5,Saturday,5,1,0,random_or_none,3,hot,0.885,260,0,0,0,0,0,0,0,extreme_weather,2,89,85
5/31/2025 22:00,89,5,Saturday,5,1,0,random_or_none,3,hot,0.841,260,0,0,0,0,0,0,0,extreme_weather,2,75,80
5/31/2025 23:00,75,5,Saturday,5,1,0,random_or_none,3,hot,0.939,260,0,0,0,0,0,0,0,extreme_weather,2,69,78
6/1/2025 0:00,69,6,Sunday,6,1,0,random_or_none,3,hot,0.892,260,0,0,0,0,0,0,0,extreme_weather,2,62,78
6/1/2025 1:00,62,6,Sunday,6,1,0,random_or_none,3,hot,0.835,260,0,0,0,0,0,0,0,extreme_weather,2,63,77
6/1/2025 2:00,63,6,Sunday,6,1,0,random_or_none,3,hot,0.865,260,0,0,0,0,0,0,0,extreme_weather,2,53,78
6/1/2025 3:00,53,6,Sunday,6,1,0,random_or_none,3,hot,0.989,260,0,0,0,0,0,0,0,extreme_weather,2,61,84
6/1/2025 4:00,61,6,Sunday,6,1,0,random_or_none,3,hot,0.893,260,0,0,0,0,0,0,0,extreme_weather,2,58,83
6/1/2025 5:00,58,6,Sunday,6,1,0,random_or_none,3,hot,0.839,260,0,0,0,0,0,0,0,extreme_weather,2,63,87
6/1/2025 6:00,63,6,Sunday,6,1,0,random_or_none,3,hot,0.907,260,0,0,0,0,0,0,0,extreme_weather,2,65,159
6/1/2025 7:00,65,6,Sunday,6,1,0,random_or_none,3,hot,0.997,260,0,0,0,0,0,0,0,extreme_weather,2,68,136
6/1/2025 8:00,68,6,Sunday,6,1,0,random_or_none,3,hot,0.841,260,0,0,0,0,0,0,0,extreme_weather,2,72,144
6/1/2025 9:00,72,6,Sunday,6,1,0,random_or_none,3,hot,0.838,260,0,0,0,0,0,0,0,extreme_weather,2,81,144
6/1/2025 10:00,81,6,Sunday,6,1,0,random_or_none,3,hot,0.964,260,0,0,0,0,0,0,0,extreme_weather,2,87,140
6/1/2025 11:00,87,6,Sunday,6,1,0,random_or_none,3,hot,0.813,260,0,0,0,0,0,0,0,extreme_weather,2,93,143
6/1/2025 12:00,93,6,Sunday,6,1,0,random_or_none,3,hot,0.851,260,0,0,0,0,0,0,0,extreme_weather,2,100,150
6/1/2025 13:00,100,6,Sunday,6,1,0,random_or_none,3,hot,0.865,260,0,0,0,0,0,0,0,extreme_weather,2,102,155
6/1/2025 14:00,102,6,Sunday,6,1,0,random_or_none,3,hot,0.979,260,0,0,0,0,0,0,0,extreme_weather,2,106,158
6/1/2025 15:00,106,6,Sunday,6,1,0,random_or_none,3,hot,0.94,260,0,0,0,0,0,0,0,extreme_weather,2,102,166
6/1/2025 16:00,102,6,Sunday,6,1,0,random_or_none,3,hot,0.975,260,0,0,0,0,0,0,0,extreme_weather,2,103,171
6/1/2025 17:00,103,6,Sunday,6,1,0,random_or_none,3,hot,0.998,260,0,0,0,0,0,0,0,extreme_weather,2,105,168
6/1/2025 18:00,105,6,Sunday,6,1,0,random_or_none,3,hot,0.872,260,0,0,0,0,0,0,0,extreme_weather,2,102,164
6/1/2025 19:00,102,6,Sunday,6,1,0,random_or_none,3,hot,0.938,260,0,0,0,0,0,0,0,extreme_weather,2,94,205
6/1/2025 20:00,94,6,Sunday,6,1,0,random_or_none,3,hot,0.957,260,0,0,0,0,0,0,0,extreme_weather,2,85,180
6/1/2025 21:00,85,6,Sunday,6,1,0,random_or_none,3,hot,0.864,260,0,0,0,0,0,0,0,extreme_weather,2,80,158
6/1/2025 22:00,80,6,Sunday,6,1,0,random_or_none,3,hot,0.992,260,0,0,0,0,0,0,0,extreme_weather,2,78,192
6/1/2025 23:00,78,6,Sunday,6,1,0,random_or_none,3,hot,0.916,260,0,0,0,0,0,0,0,extreme_weather,2,78,160
6/2/2025 0:00,78,0,Monday,6,0,0,random_or_none,3,hot,0.977,260,0,0,0,0,0,0,0,extreme_weather,2,77,135
6/2/2025 1:00,77,0,Monday,6,0,0,random_or_none,3,hot,0.941,260,0,0,0,0,0,0,0,extreme_weather,2,78,122
6/2/2025 2:00,78,0,Monday,6,0,0,random_or_none,3,hot,0.936,260,0,0,0,0,0,0,0,extreme_weather,2,84,114
6/2/2025 3:00,84,0,Monday,6,0,0,random_or_none,3,hot,0.908,260,0,0,0,0,0,0,0,extreme_weather,2,83,109
6/2/2025 4:00,83,0,Monday,6,0,0,random_or_none,3,hot,0.841,260,0,0,0,0,0,0,0,extreme_weather,2,87,104
6/2/2025 5:00,87,0,Monday,6,0,0,random_or_none,3,hot,0.958,260,0,0,0,0,0,0,0,extreme_weather,2,159,103
6/2/2025 6:00,159,0,Monday,6,0,0,random_or_none,3,hot,0.91,260,0,1,150.9,0,0,0,0,emergency_spike,5,136,108
6/2/2025 7:00,136,0,Monday,6,0,0,random_or_none,3,hot,0.973,260,0,0,0,0,0,0,0,extreme_weather,2,144,115
6/2/2025 8:00,144,0,Monday,6,0,0,random_or_none,3,hot,0.829,260,0,1,53.83,0,0,0,0,emergency_spike,5,144,123
6/2/2025 9:00,144,0,Monday,6,0,0,random_or_none,3,hot,0.904,260,0,0,0,1,0.329,0,0,outbreak_period,3,140,127
6/2/2025 10:00,140,0,Monday,6,0,0,random_or_none,3,hot,0.806,260,0,0,0,1,0.329,0,0,outbreak_period,3,143,135
6/2/2025 11:00,143,0,Monday,6,0,0,random_or_none,3,hot,0.943,260,0,0,0,1,0.329,0,0,outbreak_period,3,150,138
6/2/2025 12:00,150,0,Monday,6,0,0,random_or_none,3,hot,0.838,260,0,0,0,1,0.329,0,0,outbreak_period,3,155,144
6/2/2025 13:00,155,0,Monday,6,0,0,random_or_none,3,hot,0.864,260,0,0,0,1,0.329,0,0,outbreak_period,3,158,152
6/2/2025 14:00,158,0,Monday,6,0,0,random_or_none,3,hot,0.951,260,0,0,0,1,0.329,0,0,outbreak_period,3,166,157
6/2/2025 15:00,166,0,Monday,6,0,0,random_or_none,3,hot,0.863,260,0,0,0,1,0.329,0,0,outbreak_period,3,171,160
6/2/2025 16:00,171,0,Monday,6,0,0,random_or_none,3,hot,0.935,260,0,0,0,1,0.329,0,0,outbreak_period,3,168,164
6/2/2025 17:00,168,0,Monday,6,0,0,random_or_none,3,hot,0.95,260,0,0,0,1,0.329,0,0,outbreak_period,3,164,158
6/2/2025 18:00,164,0,Monday,6,0,0,random_or_none,3,hot,0.856,260,0,0,0,1,0.329,0,0,outbreak_period,3,205,156
6/2/2025 19:00,205,0,Monday,6,0,0,random_or_none,3,hot,0.981,260,0,1,108.31,1,0.329,0,0,emergency_spike,5,180,154
6/2/2025 20:00,180,0,Monday,6,0,0,random_or_none,3,hot,0.854,260,0,0,0,1,0.329,0,0,outbreak_period,3,158,211
6/2/2025 21:00,158,0,Monday,6,0,0,random_or_none,3,hot,0.942,260,0,0,0,1,0.329,0,0,outbreak_period,3,192,179
6/2/2025 22:00,192,0,Monday,6,0,0,random_or_none,3,hot,0.997,260,0,1,111.17,1,0.329,0,0,emergency_spike,5,160,146
6/2/2025 23:00,160,0,Monday,6,0,0,random_or_none,3,hot,0.854,260,0,0,0,1,0.329,0,0,outbreak_period,3,135,131
6/3/2025 0:00,135,1,Tuesday,6,0,0,random_or_none,3,hot,0.873,260,0,0,0,1,0.329,0,0,outbreak_period,3,122,116
6/3/2025 1:00,122,1,Tuesday,6,0,0,random_or_none,3,hot,0.876,260,0,0,0,1,0.329,0,0,outbreak_period,3,114,108
6/3/2025 2:00,114,1,Tuesday,6,0,0,random_or_none,3,hot,0.878,260,0,0,0,1,0.329,0,0,outbreak_period,3,109,104
6/3/2025 3:00,109,1,Tuesday,6,0,0,random_or_none,3,hot,0.98,260,0,0,0,1,0.329,0,0,outbreak_period,3,104,102
6/3/2025 4:00,104,1,Tuesday,6,0,0,random_or_none,3,hot,0.932,260,0,0,0,1,0.329,0,0,outbreak_period,3,103,128
6/3/2025 5:00,103,1,Tuesday,6,0,0,random_or_none,3,hot,0.836,260,0,0,0,1,0.329,0,0,outbreak_period,3,108,119
6/3/2025 6:00,108,1,Tuesday,6,0,0,random_or_none,3,hot,0.875,260,0,0,0,1,0.329,0,0,outbreak_period,3,115,111
6/3/2025 7:00,115,1,Tuesday,6,0,0,random_or_none,3,hot,0.94,260,0,0,0,1,0.329,0,0,outbreak_period,3,123,117
6/3/2025 8:00,123,1,Tuesday,6,0,0,random_or_none,3,hot,0.904,260,0,0,0,1,0.329,0,0,outbreak_period,3,127,126
6/3/2025 9:00,127,1,Tuesday,6,0,0,random_or_none,3,hot,0.971,260,0,0,0,1,0.329,0,0,outbreak_period,3,135,127
6/3/2025 10:00,135,1,Tuesday,6,0,0,random_or_none,3,hot,0.987,260,0,0,0,1,0.329,0,0,outbreak_period,3,138,131
6/3/2025 11:00,138,1,Tuesday,6,0,0,random_or_none,3,hot,0.824,260,0,0,0,1,0.329,0,0,outbreak_period,3,144,139
6/3/2025 12:00,144,1,Tuesday,6,0,0,random_or_none,3,hot,0.95,260,0,0,0,1,0.329,0,0,outbreak_period,3,152,146
6/3/2025 13:00,152,1,Tuesday,6,0,0,random_or_none,3,hot,0.959,260,0,0,0,1,0.329,0,0,outbreak_period,3,157,150
6/3/2025 14:00,157,1,Tuesday,6,0,0,random_or_none,3,hot,0.943,260,0,0,0,1,0.329,0,0,outbreak_period,3,160,154
6/3/2025 15:00,160,1,Tuesday,6,0,0,random_or_none,3,hot,0.896,260,0,0,0,1,0.329,0,0,outbreak_period,3,164,150
6/3/2025 16:00,164,1,Tuesday,6,0,0,random_or_none,3,hot,0.941,260,0,0,0,1,0.329,0,0,outbreak_period,3,158,156
6/3/2025 17:00,158,1,Tuesday,6,0,0,random_or_none,3,hot,0.821,260,0,0,0,1,0.329,0,0,outbreak_period,3,156,155
6/3/2025 18:00,156,1,Tuesday,6,0,0,random_or_none,3,hot,0.809,260,0,0,0,1,0.329,0,0,outbreak_period,3,154,161
6/3/2025 19:00,154,1,Tuesday,6,0,0,random_or_none,3,hot,0.974,260,0,0,0,1,0.329,0,0,outbreak_period,3,211,158
6/3/2025 20:00,211,1,Tuesday,6,0,0,random_or_none,3,hot,0.988,260,0,1,135.89,1,0.329,0,0,emergency_spike,5,179,149
6/3/2025 21:00,179,1,Tuesday,6,0,0,random_or_none,3,hot,0.811,260,0,0,0,1,0.329,0,0,outbreak_period,3,146,143
6/3/2025 22:00,146,1,Tuesday,6,0,0,random_or_none,3,hot,0.973,260,0,0,0,1,0.329,0,0,outbreak_period,3,131,131
6/3/2025 23:00,131,1,Tuesday,6,0,0,random_or_none,3,hot,0.977,260,0,0,0,1,0.329,0,0,outbreak_period,3,116,128
6/4/2025 0:00,116,2,Wednesday,6,0,0,random_or_none,3,hot,0.93,260,0,0,0,1,0.329,0,0,outbreak_period,3,108,115
6/4/2025 1:00,108,2,Wednesday,6,0,0,random_or_none,3,hot,0.818,260,0,0,0,1,0.329,0,0,outbreak_period,3,104,109
6/4/2025 2:00,104,2,Wednesday,6,0,0,random_or_none,3,hot,0.908,260,0,0,0,1,0.329,0,0,outbreak_period,3,102,104
6/4/2025 3:00,102,2,Wednesday,6,0,0,random_or_none,3,hot,0.989,260,0,0,0,1,0.329,0,0,outbreak_period,3,128,102
6/4/2025 4:00,128,2,Wednesday,6,0,0,random_or_none,3,hot,0.874,260,0,1,69.7,1,0.329,0,0,emergency_spike,5,119,99
6/4/2025 5:00,119,2,Wednesday,6,0,0,random_or_none,3,hot,0.863,260,0,0,0,1,0.329,0,0,outbreak_period,3,111,103
6/4/2025 6:00,111,2,Wednesday,6,0,0,random_or_none,3,hot,0.989,260,0,0,0,1,0.329,0,0,outbreak_period,3,117,107
6/4/2025 7:00,117,2,Wednesday,6,0,0,random_or_none,3,hot,0.892,260,0,0,0,1,0.329,0,0,outbreak_period,3,126,108
6/4/2025 8:00,126,2,Wednesday,6,0,0,random_or_none,3,hot,0.801,260,0,0,0,1,0.329,0,0,outbreak_period,3,127,113
6/4/2025 9:00,127,2,Wednesday,6,0,0,random_or_none,3,hot,0.915,260,0,0,0,1,0.329,0,0,outbreak_period,3,131,132
6/4/2025 10:00,131,2,Wednesday,6,0,0,random_or_none,3,hot,0.929,260,0,0,0,1,0.329,0,0,outbreak_period,3,139,131
6/4/2025 11:00,139,2,Wednesday,6,0,0,random_or_none,3,hot,0.971,260,0,0,0,1,0.329,0,0,outbreak_period,3,146,132
6/4/2025 12:00,146,2,Wednesday,6,0,0,random_or_none,3,hot,0.894,260,0,0,0,1,0.329,0,0,outbreak_period,3,150,138
6/4/2025 13:00,150,2,Wednesday,6,0,0,random_or_none,3,hot,0.985,260,0,0,0,1,0.329,0,0,outbreak_period,3,154,153
6/4/2025 14:00,154,2,Wednesday,6,0,0,random_or_none,3,hot,0.908,260,0,0,0,1,0.329,0,0,outbreak_period,3,150,158
6/4/2025 15:00,150,2,Wednesday,6,0,0,random_or_none,3,hot,0.831,260,0,0,0,1,0.329,0,0,outbreak_period,3,156,149
6/4/2025 16:00,156,2,Wednesday,6,0,0,random_or_none,3,hot,0.937,260,0,0,0,1,0.329,0,0,outbreak_period,3,155,149
6/4/2025 17:00,155,2,Wednesday,6,0,0,random_or_none,3,hot,0.872,260,0,0,0,1,0.329,0,0,outbreak_period,3,161,148
6/4/2025 18:00,161,2,Wednesday,6,0,0,random_or_none,3,hot,0.984,260,0,0,0,1,0.329,0,0,outbreak_period,3,158,152
6/4/2025 19:00,158,2,Wednesday,6,0,0,random_or_none,3,hot,0.949,260,0,0,0,1,0.329,0,0,outbreak_period,3,149,145
6/4/2025 20:00,149,2,Wednesday,6,0,0,random_or_none,3,hot,0.944,260,0,0,0,1,0.329,0,0,outbreak_period,3,143,137
6/4/2025 21:00,143,2,Wednesday,6,0,0,random_or_none,3,hot,0.835,260,0,0,0,1,0.329,0,0,outbreak_period,3,131,132
6/4/2025 22:00,131,2,Wednesday,6,0,0,random_or_none,3,hot,0.982,260,0,0,0,1,0.329,0,0,outbreak_period,3,128,112
6/4/2025 23:00,128,2,Wednesday,6,0,0,random_or_none,3,hot,0.811,260,0,0,0,1,0.329,0,0,outbreak_period,3,115,98
6/5/2025 0:00,115,3,Thursday,6,0,0,random_or_none,3,hot,0.879,260,0,0,0,1,0.329,0,0,outbreak_period,3,109,92
6/5/2025 1:00,109,3,Thursday,6,0,0,random_or_none,3,hot,0.913,260,0,0,0,1,0.329,0,0,outbreak_period,3,104,87
6/5/2025 2:00,104,3,Thursday,6,0,0,random_or_none,3,hot,0.987,260,0,0,0,1,0.329,0,0,outbreak_period,3,102,84
6/5/2025 3:00,102,3,Thursday,6,0,0,random_or_none,3,hot,0.806,260,0,0,0,1,0.329,0,0,outbreak_period,3,99,109
6/5/2025 4:00,99,3,Thursday,6,0,0,random_or_none,3,hot,0.99,260,0,0,0,1,0.329,0,0,outbreak_period,3,103,123
6/5/2025 5:00,103,3,Thursday,6,0,0,random_or_none,3,hot,0.937,260,0,0,0,1,0.329,0,0,outbreak_period,3,107,110
6/5/2025 6:00,107,3,Thursday,6,0,0,random_or_none,4,dusty,0.845,260,0,0,0,1,0.329,0,0,outbreak_period,3,108,106
6/5/2025 7:00,108,3,Thursday,6,0,0,random_or_none,3,hot,0.475,260,0,0,0,1,0.329,0,0,outbreak_period,3,113,103
6/5/2025 8:00,113,3,Thursday,6,0,0,random_or_none,1,rainy,0.402,260,0,0,0,1,0.329,0,0,outbreak_period,3,132,110
6/5/2025 9:00,132,3,Thursday,6,0,0,random_or_none,4,dusty,1,260,0,0,0,1,0.329,0,0,outbreak_period,3,131,121
6/5/2025 10:00,131,3,Thursday,6,0,0,random_or_none,0,sunny,0.315,260,0,0,0,1,0.329,0,0,outbreak_period,3,132,121
6/5/2025 11:00,132,3,Thursday,6,0,0,random_or_none,1,rainy,0.158,260,0,0,0,1,0.329,0,0,outbreak_period,3,138,154
6/5/2025 12:00,138,3,Thursday,6,0,0,random_or_none,4,dusty,0.782,260,0,0,0,1,0.329,0,0,outbreak_period,3,153,150
6/5/2025 13:00,153,3,Thursday,6,0,0,random_or_none,1,rainy,0.875,260,0,0,0,1,0.329,0,0,outbreak_period,3,158,146
6/5/2025 14:00,158,3,Thursday,6,0,0,random_or_none,4,dusty,0.853,260,0,0,0,1,0.329,0,0,outbreak_period,3,149,146
6/5/2025 15:00,149,3,Thursday,6,0,0,random_or_none,0,sunny,0.015,260,0,0,0,1,0.329,0,0,outbreak_period,3,149,149
6/5/2025 16:00,149,3,Thursday,6,0,0,random_or_none,0,sunny,0.155,260,0,0,0,1,0.329,0,0,outbreak_period,3,148,153
6/5/2025 17:00,148,3,Thursday,6,0,0,random_or_none,0,sunny,0.124,260,0,0,0,1,0.329,0,0,outbreak_period,3,152,155
6/5/2025 18:00,152,3,Thursday,6,0,0,random_or_none,4,dusty,0.87,260,0,0,0,1,0.329,0,0,outbreak_period,3,145,145
6/5/2025 19:00,145,3,Thursday,6,0,0,random_or_none,2,cold,0.316,260,0,0,0,1,0.329,0,0,outbreak_period,3,137,138
6/5/2025 20:00,137,3,Thursday,6,0,0,random_or_none,0,sunny,0.106,260,0,0,0,1,0.329,0,0,outbreak_period,3,132,130
6/5/2025 21:00,132,3,Thursday,6,0,0,random_or_none,0,sunny,0.097,260,0,0,0,1,0.329,0,0,outbreak_period,3,112,133
6/5/2025 22:00,112,3,Thursday,6,0,0,random_or_none,0,sunny,0.075,260,0,0,0,1,0.329,0,0,outbreak_period,3,98,117
6/5/2025 23:00,98,3,Thursday,6,0,0,random_or_none,0,sunny,0.025,260,0,0,0,1,0.329,0,0,outbreak_period,3,92,120
6/6/2025 0:00,92,4,Friday,6,0,0,random_or_none,3,hot,0.225,260,0,0,0,1,0.329,0,0,outbreak_period,3,87,98
6/6/2025 1:00,87,4,Friday,6,0,0,random_or_none,3,hot,0.289,260,0,0,0,1,0.329,0,0,outbreak_period,3,84,93
6/6/2025 2:00,84,4,Friday,6,0,0,random_or_none,0,sunny,0.263,260,0,0,0,1,0.329,0,0,outbreak_period,3,109,83
6/6/2025 3:00,109,4,Friday,6,0,0,random_or_none,0,sunny,0.136,260,0,1,60.08,1,0.329,0,0,emergency_spike,5,123,82
6/6/2025 4:00,123,4,Friday,6,0,0,random_or_none,3,hot,0.902,260,0,1,50.01,1,0.329,0,0,emergency_spike,5,110,75
6/6/2025 5:00,110,4,Friday,6,0,0,random_or_none,5,windy,0.561,260,0,0,0,1,0.329,0,0,outbreak_period,3,106,74
6/6/2025 6:00,106,4,Friday,6,0,0,random_or_none,0,sunny,0.154,260,0,0,0,1,0.329,0,0,outbreak_period,3,103,80
6/6/2025 7:00,103,4,Friday,6,0,0,random_or_none,2,cold,0.476,260,0,0,0,1,0.329,0,0,outbreak_period,3,110,88
6/6/2025 8:00,110,4,Friday,6,0,0,random_or_none,0,sunny,0.311,260,0,0,0,1,0.329,0,0,outbreak_period,3,121,91
6/6/2025 9:00,121,4,Friday,6,0,0,random_or_none,0,sunny,0.245,260,0,0,0,1,0.329,0,0,outbreak_period,3,121,134
6/6/2025 10:00,121,4,Friday,6,0,0,random_or_none,5,windy,0.165,260,0,0,0,1,0.329,0,0,outbreak_period,3,154,118
6/6/2025 11:00,154,4,Friday,6,0,0,random_or_none,5,windy,0.401,260,0,1,50.39,1,0.329,0,0,emergency_spike,5,150,117
6/6/2025 12:00,150,4,Friday,6,0,0,random_or_none,0,sunny,0.004,260,0,0,0,1,0.329,0,0,outbreak_period,3,146,123
6/6/2025 13:00,146,4,Friday,6,0,0,random_or_none,0,sunny,0.137,260,0,0,0,1,0.329,0,0,outbreak_period,3,146,128
6/6/2025 14:00,146,4,Friday,6,0,0,random_or_none,3,hot,0.354,260,0,0,0,1,0.329,0,0,outbreak_period,3,149,135
6/6/2025 15:00,149,4,Friday,6,0,0,random_or_none,3,hot,0.773,260,0,0,0,1,0.329,0,0,outbreak_period,3,153,127
6/6/2025 16:00,153,4,Friday,6,0,0,random_or_none,0,sunny,0.116,260,0,0,0,1,0.329,0,0,outbreak_period,3,155,127
6/6/2025 17:00,155,4,Friday,6,0,0,random_or_none,3,hot,0.665,260,0,0,0,1,0.329,0,0,outbreak_period,3,145,129
6/6/2025 18:00,145,4,Friday,6,0,0,random_or_none,5,windy,0.185,260,0,0,0,1,0.329,0,0,outbreak_period,3,138,132
6/6/2025 19:00,138,4,Friday,6,0,0,random_or_none,3,hot,0.481,260,0,0,0,1,0.329,0,0,outbreak_period,3,130,129
6/6/2025 20:00,130,4,Friday,6,0,0,random_or_none,0,sunny,0.31,260,0,0,0,1,0.329,0,0,outbreak_period,3,133,126
6/6/2025 21:00,133,4,Friday,6,0,0,random_or_none,4,dusty,0.713,260,0,0,0,1,0.329,0,0,outbreak_period,3,117,108
6/6/2025 22:00,117,4,Friday,6,0,0,random_or_none,0,sunny,0.341,260,0,0,0,1,0.329,0,0,outbreak_period,3,120,94
6/6/2025 23:00,120,4,Friday,6,0,0,random_or_none,3,hot,0.782,260,0,0,0,1,0.329,0,0,outbreak_period,3,98,90
6/7/2025 0:00,98,5,Saturday,6,1,0,random_or_none,0,sunny,0.198,260,0,0,0,1,0.329,0,0,outbreak_period,3,93,74
6/7/2025 1:00,93,5,Saturday,6,1,0,random_or_none,4,dusty,0.543,260,0,0,0,1,0.329,0,0,outbreak_period,3,83,74
6/7/2025 2:00,83,5,Saturday,6,1,0,random_or_none,5,windy,0.464,260,0,0,0,1,0.329,0,0,outbreak_period,3,82,67
6/7/2025 3:00,82,5,Saturday,6,1,0,random_or_none,4,dusty,0.646,260,0,0,0,1,0.329,0,0,outbreak_period,3,75,69
6/7/2025 4:00,75,5,Saturday,6,1,0,random_or_none,0,sunny,0.344,260,0,0,0,1,0.329,0,0,outbreak_period,3,74,66
6/7/2025 5:00,74,5,Saturday,6,1,0,random_or_none,5,windy,0.236,260,0,0,0,1,0.329,0,0,outbreak_period,3,80,66
6/7/2025 6:00,80,5,Saturday,6,1,0,random_or_none,5,windy,0.319,260,0,0,0,1,0.329,0,0,outbreak_period,3,88,74
6/7/2025 7:00,88,5,Saturday,6,1,0,random_or_none,4,dusty,0.473,260,0,0,0,1,0.329,0,0,outbreak_period,3,91,79
6/7/2025 8:00,91,5,Saturday,6,1,0,random_or_none,3,hot,0.204,260,0,0,0,1,0.329,0,0,outbreak_period,3,134,89
6/7/2025 9:00,134,5,Saturday,6,1,0,random_or_none,3,hot,0.541,260,0,1,77.18,1,0.329,0,0,emergency_spike,5,118,99
6/7/2025 10:00,118,5,Saturday,6,1,0,random_or_none,0,sunny,0.037,260,0,0,0,1,0.329,0,0,outbreak_period,3,117,114
6/7/2025 11:00,117,5,Saturday,6,1,0,random_or_none,0,sunny,0.193,260,0,0,0,1,0.329,0,0,outbreak_period,3,123,121
6/7/2025 12:00,123,5,Saturday,6,1,0,random_or_none,5,windy,0.577,260,0,0,0,1,0.329,0,0,outbreak_period,3,128,164
6/7/2025 13:00,128,5,Saturday,6,1,0,random_or_none,4,dusty,0.614,260,0,0,0,1,0.329,0,0,outbreak_period,3,135,165
6/7/2025 14:00,135,5,Saturday,6,1,0,random_or_none,4,dusty,0.967,260,0,0,0,1,0.329,0,0,outbreak_period,3,127,149
6/7/2025 15:00,127,5,Saturday,6,1,0,random_or_none,5,windy,0.2,260,0,0,0,1,0.329,0,0,outbreak_period,3,127,134
6/7/2025 16:00,127,5,Saturday,6,1,0,random_or_none,3,hot,0.274,260,0,0,0,1,0.329,0,0,outbreak_period,3,129,148
6/7/2025 17:00,129,5,Saturday,6,1,0,random_or_none,3,hot,0.415,260,0,0,0,1,0.329,0,0,outbreak_period,3,132,145
6/7/2025 18:00,132,5,Saturday,6,1,0,random_or_none,5,windy,0.643,260,0,0,0,1,0.329,0,0,outbreak_period,3,129,134
6/7/2025 19:00,129,5,Saturday,6,1,0,random_or_none,3,hot,0.151,260,0,0,0,1,0.329,0,0,outbreak_period,3,126,124
6/7/2025 20:00,126,5,Saturday,6,1,0,random_or_none,0,sunny,0.103,260,0,0,0,1,0.329,0,0,outbreak_period,3,108,121
6/7/2025 21:00,108,5,Saturday,6,1,0,random_or_none,0,sunny,0.331,260,0,0,0,1,0.329,0,0,outbreak_period,3,94,102
6/7/2025 22:00,94,5,Saturday,6,1,0,random_or_none,0,sunny,0.098,260,0,0,0,1,0.329,0,0,outbreak_period,3,90,93
6/7/2025 23:00,90,5,Saturday,6,1,0,random_or_none,1,rainy,0.838,260,0,0,0,1,0.329,0,0,outbreak_period,3,74,83
6/8/2025 0:00,74,6,Sunday,6,1,0,random_or_none,0,sunny,0.341,260,0,0,0,1,0.329,0,0,outbreak_period,3,74,91
6/8/2025 1:00,74,6,Sunday,6,1,0,random_or_none,4,dusty,0.865,260,0,0,0,1,0.329,0,0,outbreak_period,3,67,87
6/8/2025 2:00,67,6,Sunday,6,1,0,random_or_none,0,sunny,0.222,260,0,0,0,1,0.329,0,0,outbreak_period,3,69,88
6/8/2025 3:00,69,6,Sunday,6,1,0,random_or_none,0,sunny,0.298,260,0,0,0,1,0.329,0,0,outbreak_period,3,66,91
6/8/2025 4:00,66,6,Sunday,6,1,0,random_or_none,0,sunny,0.126,260,0,0,0,1,0.329,0,0,outbreak_period,3,66,97
6/8/2025 5:00,66,6,Sunday,6,1,0,random_or_none,0,sunny,0.068,260,0,0,0,1,0.329,0,0,outbreak_period,3,74,105
6/8/2025 6:00,74,6,Sunday,6,1,0,random_or_none,4,dusty,0.69,260,0,0,0,1,0.329,0,0,outbreak_period,3,79,100
6/8/2025 7:00,79,6,Sunday,6,1,0,random_or_none,0,sunny,0.345,260,0,0,0,1,0.329,0,0,outbreak_period,3,89,105
6/8/2025 8:00,89,6,Sunday,6,1,0,random_or_none,4,dusty,0.836,260,0,0,0,1,0.329,0,0,outbreak_period,3,99,109
6/8/2025 9:00,99,6,Sunday,6,1,0,random_or_none,3,hot,0.639,260,0,0,0,1,0.329,0,0,outbreak_period,3,114,118
6/8/2025 10:00,114,6,Sunday,6,1,0,random_or_none,4,dusty,0.861,260,0,0,0,1,0.329,0,0,outbreak_period,3,121,127
6/8/2025 11:00,121,6,Sunday,6,1,0,random_or_none,5,windy,0.884,260,0,0,0,1,0.329,0,0,outbreak_period,3,164,128
6/8/2025 12:00,164,6,Sunday,6,1,0,random_or_none,0,sunny,0.303,260,0,1,116.97,1,0.329,0,0,emergency_spike,5,165,210
6/8/2025 13:00,165,6,Sunday,6,1,0,random_or_none,0,sunny,0.33,260,0,1,55.83,1,0.329,0,0,emergency_spike,5,149,183
6/8/2025 14:00,149,6,Sunday,6,1,0,random_or_none,1,rainy,0.583,260,0,0,0,1,0.329,0,0,outbreak_period,3,134,170
6/8/2025 15:00,134,6,Sunday,6,1,0,random_or_none,0,sunny,0.028,260,0,0,0,1,0.329,0,0,outbreak_period,3,148,156
6/8/2025 16:00,148,6,Sunday,6,1,0,random_or_none,1,rainy,0.486,260,0,1,42.78,1,0.329,0,0,emergency_spike,5,145,158
6/8/2025 17:00,145,6,Sunday,6,1,0,random_or_none,1,rainy,0.484,260,0,0,0,1,0.329,0,0,outbreak_period,3,134,153
6/8/2025 18:00,134,6,Sunday,6,1,0,random_or_none,0,sunny,0.334,260,0,0,0,1,0.329,0,0,outbreak_period,3,124,157
6/8/2025 19:00,124,6,Sunday,6,1,0,random_or_none,0,sunny,0.054,260,0,0,0,1,0.329,0,0,outbreak_period,3,121,155
6/8/2025 20:00,121,6,Sunday,6,1,0,random_or_none,4,dusty,0.531,260,0,0,0,1,0.329,0,0,outbreak_period,3,102,139
6/8/2025 21:00,102,6,Sunday,6,1,0,random_or_none,0,sunny,0.013,260,0,0,0,1,0.329,0,0,outbreak_period,3,93,133
6/8/2025 22:00,93,6,Sunday,6,1,0,random_or_none,0,sunny,0.069,260,0,0,0,1,0.329,0,0,outbreak_period,3,83,160
6/8/2025 23:00,83,6,Sunday,6,1,0,random_or_none,3,hot,0.425,260,0,0,0,1,0.329,0,0,outbreak_period,3,91,137
6/9/2025 0:00,91,0,Monday,6,0,0,random_or_none,3,hot,0.284,260,0,0,0,1,0.329,0,0,outbreak_period,3,87,120
6/9/2025 1:00,87,0,Monday,6,0,0,random_or_none,0,sunny,0.292,260,0,0,0,1,0.329,0,0,outbreak_period,3,88,111
6/9/2025 2:00,88,0,Monday,6,0,0,random_or_none,1,rainy,0.355,260,0,0,0,1,0.329,0,0,outbreak_period,3,91,104
6/9/2025 3:00,91,0,Monday,6,0,0,random_or_none,4,dusty,1,260,0,0,0,1,0.329,0,0,outbreak_period,3,97,95
6/9/2025 4:00,97,0,Monday,6,0,0,random_or_none,4,dusty,0.403,260,0,0,0,1,0.329,0,0,outbreak_period,3,105,98
6/9/2025 5:00,105,0,Monday,6,0,0,random_or_none,4,dusty,1,260,0,0,0,1,0.329,0,0,outbreak_period,3,100,99
6/9/2025 6:00,100,0,Monday,6,0,0,random_or_none,0,sunny,0.218,260,0,0,0,1,0.329,0,0,outbreak_period,3,105,103
6/9/2025 7:00,105,0,Monday,6,0,0,random_or_none,5,windy,0.683,260,0,0,0,1,0.329,0,0,outbreak_period,3,109,106
6/9/2025 8:00,109,0,Monday,6,0,0,random_or_none,3,hot,0.454,260,0,0,0,1,0.329,0,0,outbreak_period,3,118,105
6/9/2025 9:00,118,0,Monday,6,0,0,random_or_none,5,windy,0.69,260,0,0,0,1,0.329,0,0,outbreak_period,3,127,117
6/9/2025 10:00,127,0,Monday,6,0,0,random_or_none,0,sunny,0.161,260,0,0,0,1,0.329,0,0,outbreak_period,3,128,123
6/9/2025 11:00,128,0,Monday,6,0,0,random_or_none,0,sunny,0.083,260,0,0,0,1,0.329,0,0,outbreak_period,3,210,128
6/9/2025 12:00,210,0,Monday,6,0,0,random_or_none,1,rainy,0.909,260,0,1,138.07,1,0.329,0,0,emergency_spike,5,183,129
6/9/2025 13:00,183,0,Monday,6,0,0,random_or_none,0,sunny,0.234,260,0,0,0,1,0.329,0,0,outbreak_period,3,170,141
6/9/2025 14:00,170,0,Monday,6,0,0,random_or_none,0,sunny,0.343,260,0,0,0,1,0.329,0,0,outbreak_period,3,156,149
6/9/2025 15:00,156,0,Monday,6,0,0,random_or_none,0,sunny,0.241,260,0,0,0,1,0.329,0,0,outbreak_period,3,158,157
6/9/2025 16:00,158,0,Monday,6,0,0,random_or_none,3,hot,0.787,260,0,0,0,1,0.329,0,0,outbreak_period,3,153,163
6/9/2025 17:00,153,0,Monday,6,0,0,random_or_none,2,cold,0.641,260,0,0,0,1,0.329,0,0,outbreak_period,3,157,167
6/9/2025 18:00,157,0,Monday,6,0,0,random_or_none,1,rainy,0.418,260,0,0,0,1,0.329,0,0,outbreak_period,3,155,165
6/9/2025 19:00,155,0,Monday,6,0,0,random_or_none,3,hot,0.943,260,0,0,0,1,0.329,0,0,outbreak_period,3,139,159
6/9/2025 20:00,139,0,Monday,6,0,0,random_or_none,0,sunny,0.255,260,0,0,0,1,0.329,0,0,outbreak_period,3,133,187
6/9/2025 21:00,133,0,Monday,6,0,0,random_or_none,0,sunny,0.317,260,0,0,0,1,0.329,0,0,outbreak_period,3,160,163
6/9/2025 22:00,160,0,Monday,6,0,0,random_or_none,0,sunny,0.1,260,0,1,80.07,1,0.329,0,0,emergency_spike,5,137,144
6/9/2025 23:00,137,0,Monday,6,0,0,random_or_none,5,windy,0.614,260,0,0,0,1,0.329,0,0,outbreak_period,3,120,123
6/10/2025 0:00,120,1,Tuesday,6,0,0,random_or_none,3,hot,0.802,260,0,0,0,1,0.329,0,0,outbreak_period,3,111,104
6/10/2025 1:00,111,1,Tuesday,6,0,0,random_or_none,4,dusty,0.586,260,0,0,0,1,0.329,0,0,outbreak_period,3,104,89
6/10/2025 2:00,104,1,Tuesday,6,0,0,random_or_none,0,sunny,0.039,260,0,0,0,1,0.329,0,0,outbreak_period,3,95,86
6/10/2025 3:00,95,1,Tuesday,6,0,0,random_or_none,0,sunny,0.084,260,0,0,0,1,0.329,0,0,outbreak_period,3,98,90
6/10/2025 4:00,98,1,Tuesday,6,0,0,random_or_none,3,hot,0.245,260,0,0,0,1,0.329,0,0,outbreak_period,3,99,86
6/10/2025 5:00,99,1,Tuesday,6,0,0,random_or_none,0,sunny,0.234,260,0,0,0,1,0.329,0,0,outbreak_period,3,103,84
6/10/2025 6:00,103,1,Tuesday,6,0,0,random_or_none,3,hot,0.306,260,0,0,0,1,0.329,0,0,outbreak_period,3,106,86
6/10/2025 7:00,106,1,Tuesday,6,0,0,random_or_none,0,sunny,0.272,260,0,0,0,1,0.329,0,0,outbreak_period,3,105,95
6/10/2025 8:00,105,1,Tuesday,6,0,0,random_or_none,0,sunny,0.283,260,0,0,0,1,0.329,0,0,outbreak_period,3,117,108
6/10/2025 9:00,117,1,Tuesday,6,0,0,random_or_none,3,hot,0.233,260,0,0,0,1,0.329,0,0,outbreak_period,3,123,114
6/10/2025 10:00,123,1,Tuesday,6,0,0,random_or_none,5,windy,0.172,260,0,0,0,1,0.329,0,0,outbreak_period,3,128,125
6/10/2025 11:00,128,1,Tuesday,6,0,0,random_or_none,3,hot,0.435,260,0,0,0,1,0.329,0,0,outbreak_period,3,129,138
6/10/2025 12:00,129,1,Tuesday,6,0,0,random_or_none,1,rainy,0.214,260,0,0,0,1,0.329,0,0,outbreak_period,3,141,140
6/10/2025 13:00,141,1,Tuesday,6,0,0,random_or_none,3,hot,0.405,260,0,0,0,1,0.329,0,0,outbreak_period,3,149,155
6/10/2025 14:00,149,1,Tuesday,6,0,0,random_or_none,5,windy,0.643,260,0,0,0,1,0.329,0,0,outbreak_period,3,157,151
6/10/2025 15:00,157,1,Tuesday,6,0,0,random_or_none,3,hot,0.519,260,0,0,0,1,0.329,0,0,outbreak_period,3,163,149
6/10/2025 16:00,163,1,Tuesday,6,0,0,random_or_none,4,dusty,0.992,260,0,0,0,1,0.329,0,0,outbreak_period,3,167,148
6/10/2025 17:00,167,1,Tuesday,6,0,0,random_or_none,5,windy,0.85,260,0,0,0,1,0.329,0,0,outbreak_period,3,165,155
6/10/2025 18:00,165,1,Tuesday,6,0,0,random_or_none,4,dusty,0.609,260,0,0,0,1,0.329,0,0,outbreak_period,3,159,167
6/10/2025 19:00,159,1,Tuesday,6,0,0,random_or_none,3,hot,0.256,260,0,0,0,1,0.329,0,0,outbreak_period,3,187,153
6/10/2025 20:00,187,1,Tuesday,6,0,0,random_or_none,4,dusty,0.584,260,0,1,69.84,1,0.329,0,0,emergency_spike,5,163,139
6/10/2025 21:00,163,1,Tuesday,6,0,0,random_or_none,1,rainy,0.653,260,0,0,0,1,0.329,0,0,outbreak_period,3,144,134
6/10/2025 22:00,144,1,Tuesday,6,0,0,random_or_none,0,sunny,0.154,260,0,0,0,1,0.329,0,0,outbreak_period,3,123,125
6/10/2025 23:00,123,1,Tuesday,6,0,0,random_or_none,0,sunny,0.182,260,0,0,0,1,0.329,0,0,outbreak_period,3,104,100
6/11/2025 0:00,104,2,Wednesday,6,0,0,random_or_none,0,sunny,0.322,260,0,0,0,1,0.329,0,0,outbreak_period,3,89,93
6/11/2025 1:00,89,2,Wednesday,6,0,0,random_or_none,0,sunny,0.065,260,0,0,0,1,0.329,0,0,outbreak_period,3,86,79
6/11/2025 2:00,86,2,Wednesday,6,0,0,random_or_none,5,windy,0.296,260,0,0,0,1,0.329,0,0,outbreak_period,3,90,74
6/11/2025 3:00,90,2,Wednesday,6,0,0,random_or_none,3,hot,0.783,260,0,0,0,1,0.329,0,0,outbreak_period,3,86,75
6/11/2025 4:00,86,2,Wednesday,6,0,0,random_or_none,0,sunny,0.139,260,0,0,0,1,0.329,0,0,outbreak_period,3,84,69
6/11/2025 5:00,84,2,Wednesday,6,0,0,random_or_none,0,sunny,0.012,260,0,0,0,1,0.329,0,0,outbreak_period,3,86,72
6/11/2025 6:00,86,2,Wednesday,6,0,0,random_or_none,0,sunny,0.121,260,0,0,0,1,0.329,0,0,outbreak_period,3,95,76
6/11/2025 7:00,95,2,Wednesday,6,0,0,random_or_none,5,windy,0.17,260,0,0,0,1,0.329,0,0,outbreak_period,3,108,77
6/11/2025 8:00,108,2,Wednesday,6,0,0,random_or_none,3,hot,0.655,260,0,0,0,1,0.329,0,0,outbreak_period,3,114,87
6/11/2025 9:00,114,2,Wednesday,6,0,0,random_or_none,0,sunny,0.215,260,0,0,0,1,0.329,0,0,outbreak_period,3,125,89
6/11/2025 10:00,125,2,Wednesday,6,0,0,random_or_none,5,windy,0.662,260,0,0,0,1,0.329,0,0,outbreak_period,3,138,93
6/11/2025 11:00,138,2,Wednesday,6,0,0,random_or_none,4,dusty,0.895,260,0,0,0,1,0.329,0,0,outbreak_period,3,140,100
6/11/2025 12:00,140,2,Wednesday,6,0,0,random_or_none,5,windy,0.603,260,0,0,0,1,0.329,0,0,outbreak_period,3,155,102
6/11/2025 13:00,155,2,Wednesday,6,0,0,random_or_none,4,dusty,0.988,260,0,0,0,1,0.329,0,0,outbreak_period,3,151,105
6/11/2025 14:00,151,2,Wednesday,6,0,0,random_or_none,0,sunny,0.045,260,0,0,0,1,0.329,0,0,outbreak_period,3,149,104
6/11/2025 15:00,149,2,Wednesday,6,0,0,random_or_none,0,sunny,0.139,260,0,0,0,1,0.329,0,0,outbreak_period,3,148,103
6/11/2025 16:00,148,2,Wednesday,6,0,0,random_or_none,3,hot,0.517,260,0,0,0,1,0.329,0,0,outbreak_period,3,155,107
6/11/2025 17:00,155,2,Wednesday,6,0,0,random_or_none,1,rainy,0.762,260,0,0,0,1,0.329,0,0,outbreak_period,3,167,110
6/11/2025 18:00,167,2,Wednesday,6,0,0,random_or_none,5,windy,0.3,260,0,1,33.7,1,0.329,0,0,emergency_spike,5,153,106
6/11/2025 19:00,153,2,Wednesday,6,0,0,random_or_none,0,sunny,0.296,260,0,0,0,1,0.329,0,0,outbreak_period,3,139,100
6/11/2025 20:00,139,2,Wednesday,6,0,0,random_or_none,3,hot,0.864,260,0,0,0,1,0.329,0,0,outbreak_period,3,134,97
6/11/2025 21:00,134,2,Wednesday,6,0,0,random_or_none,4,dusty,1,260,0,0,0,1,0.329,0,0,outbreak_period,3,125,95
6/11/2025 22:00,125,2,Wednesday,6,0,0,random_or_none,3,hot,0.888,260,0,0,0,1,0.329,0,0,outbreak_period,3,100,98
6/11/2025 23:00,100,2,Wednesday,6,0,0,random_or_none,0,sunny,0.07,260,0,0,0,0,0,0,0,normal,0,93,85
6/12/2025 0:00,93,3,Thursday,6,0,0,random_or_none,0,sunny,0.051,260,0,0,0,0,0,0,0,normal,0,79,78
6/12/2025 1:00,79,3,Thursday,6,0,0,random_or_none,2,cold,0.206,260,0,0,0,0,0,0,0,normal,0,74,73
6/12/2025 2:00,74,3,Thursday,6,0,0,random_or_none,4,dusty,0.279,260,0,0,0,0,0,0,0,normal,0,75,71
6/12/2025 3:00,75,3,Thursday,6,0,0,random_or_none,3,hot,0.686,260,0,0,0,0,0,0,0,normal,0,69,73
6/12/2025 4:00,69,3,Thursday,6,0,0,random_or_none,0,sunny,0.285,260,0,0,0,0,0,0,0,normal,0,72,73
6/12/2025 5:00,72,3,Thursday,6,0,0,random_or_none,4,dusty,0.524,260,0,0,0,0,0,0,0,normal,0,76,63
6/12/2025 6:00,76,3,Thursday,6,0,0,random_or_none,5,windy,0.895,260,0,0,0,0,0,0,0,extreme_weather,2,77,69
6/12/2025 7:00,77,3,Thursday,6,0,0,random_or_none,0,sunny,0.292,260,0,0,0,0,0,0,0,normal,0,87,76
6/12/2025 8:00,87,3,Thursday,6,0,0,random_or_none,4,dusty,0.935,260,0,0,0,0,0,0,0,extreme_weather,2,89,76
6/12/2025 9:00,89,3,Thursday,6,0,0,random_or_none,0,sunny,0.278,260,0,0,0,0,0,0,0,normal,0,93,84
6/12/2025 10:00,93,3,Thursday,6,0,0,random_or_none,5,windy,0.155,260,0,0,0,0,0,0,0,normal,0,100,84
6/12/2025 11:00,100,3,Thursday,6,0,0,random_or_none,0,sunny,0.043,260,0,0,0,0,0,0,0,normal,0,102,94
6/12/2025 12:00,102,3,Thursday,6,0,0,random_or_none,0,sunny,0.311,260,0,0,0,0,0,0,0,normal,0,105,98
6/12/2025 13:00,105,3,Thursday,6,0,0,random_or_none,3,hot,0.557,260,0,0,0,0,0,0,0,normal,0,104,103
6/12/2025 14:00,104,3,Thursday,6,0,0,random_or_none,0,sunny,0.2,260,0,0,0,0,0,0,0,normal,0,103,105
6/12/2025 15:00,103,3,Thursday,6,0,0,random_or_none,0,sunny,0.097,260,0,0,0,0,0,0,0,normal,0,107,107
6/12/2025 16:00,107,3,Thursday,6,0,0,random_or_none,0,sunny,0.088,260,0,0,0,0,0,0,0,normal,0,110,111
6/12/2025 17:00,110,3,Thursday,6,0,0,random_or_none,0,sunny,0.03,260,0,0,0,0,0,0,0,normal,0,106,106
6/12/2025 18:00,106,3,Thursday,6,0,0,random_or_none,0,sunny,0.027,260,0,0,0,0,0,0,0,normal,0,100,108
6/12/2025 19:00,100,3,Thursday,6,0,0,random_or_none,0,sunny,0.199,260,0,0,0,0,0,0,0,normal,0,97,111
6/12/2025 20:00,97,3,Thursday,6,0,0,random_or_none,3,hot,0.451,260,0,0,0,0,0,0,0,normal,0,95,103
6/12/2025 21:00,95,3,Thursday,6,0,0,random_or_none,3,hot,0.794,260,0,0,0,0,0,0,0,extreme_weather,2,98,98
6/12/2025 22:00,98,3,Thursday,6,0,0,random_or_none,4,dusty,0.861,260,0,0,0,0,0,0,0,extreme_weather,2,85,88
6/12/2025 23:00,85,3,Thursday,6,0,0,random_or_none,0,sunny,0.303,260,0,0,0,0,0,0,0,normal,0,78,84
6/13/2025 0:00,78,4,Friday,6,0,0,random_or_none,0,sunny,0.232,260,0,0,0,0,0,0,0,normal,0,73,75
6/13/2025 1:00,73,4,Friday,6,0,0,random_or_none,0,sunny,0.251,260,0,0,0,0,0,0,0,normal,0,71,65
6/13/2025 2:00,71,4,Friday,6,0,0,random_or_none,3,hot,0.52,260,0,0,0,0,0,0,0,normal,0,73,56
6/13/2025 3:00,73,4,Friday,6,0,0,random_or_none,1,rainy,0.53,260,0,0,0,0,0,0,0,normal,0,73,49
6/13/2025 4:00,73,4,Friday,6,0,0,random_or_none,0,sunny,0.313,260,0,0,0,0,0,0,0,normal,0,63,52
6/13/2025 5:00,63,4,Friday,6,0,0,random_or_none,0,sunny,0.153,260,0,0,0,0,0,0,0,normal,0,69,51
6/13/2025 6:00,69,4,Friday,6,0,0,random_or_none,4,dusty,0.646,260,0,0,0,0,0,0,0,normal,0,76,57
6/13/2025 7:00,76,4,Friday,6,0,0,random_or_none,3,hot,0.486,260,0,0,0,0,0,0,0,normal,0,76,57
6/13/2025 8:00,76,4,Friday,6,0,0,random_or_none,3,hot,0.316,260,0,0,0,0,0,0,0,normal,0,84,72
6/13/2025 9:00,84,4,Friday,6,0,0,random_or_none,4,dusty,0.493,260,0,0,0,0,0,0,0,normal,0,84,79
6/13/2025 10:00,84,4,Friday,6,0,0,random_or_none,0,sunny,0.108,260,0,0,0,0,0,0,0,normal,0,94,82
6/13/2025 11:00,94,4,Friday,6,0,0,random_or_none,3,hot,0.418,260,0,0,0,0,0,0,0,normal,0,98,85
6/13/2025 12:00,98,4,Friday,6,0,0,random_or_none,0,sunny,0.055,260,0,0,0,0,0,0,0,normal,0,103,86
6/13/2025 13:00,103,4,Friday,6,0,0,random_or_none,0,sunny,0.283,260,0,0,0,0,0,0,0,normal,0,105,86
6/13/2025 14:00,105,4,Friday,6,0,0,random_or_none,0,sunny,0.224,260,0,0,0,0,0,0,0,normal,0,107,90
6/13/2025 15:00,107,4,Friday,6,0,0,random_or_none,0,sunny,0.049,260,0,0,0,0,0,0,0,normal,0,111,99
6/13/2025 16:00,111,4,Friday,6,0,0,random_or_none,3,hot,0.395,260,0,0,0,0,0,0,0,normal,0,106,107
6/13/2025 17:00,106,4,Friday,6,0,0,random_or_none,0,sunny,0.157,260,0,0,0,0,0,0,0,normal,0,108,111
6/13/2025 18:00,108,4,Friday,6,0,0,random_or_none,0,sunny,0.329,260,0,0,0,0,0,0,0,normal,0,111,102
6/13/2025 19:00,111,4,Friday,6,0,0,random_or_none,0,sunny,0.347,260,0,0,0,0,0,0,0,normal,0,103,91
6/13/2025 20:00,103,4,Friday,6,0,0,random_or_none,0,sunny,0.008,260,0,0,0,0,0,0,0,normal,0,98,82
6/13/2025 21:00,98,4,Friday,6,0,0,random_or_none,0,sunny,0.206,260,0,0,0,0,0,0,0,normal,0,88,82
6/13/2025 22:00,88,4,Friday,6,0,0,random_or_none,0,sunny,0.149,260,0,0,0,0,0,0,0,normal,0,84,75
6/13/2025 23:00,84,4,Friday,6,0,0,random_or_none,5,windy,0.574,260,0,0,0,0,0,0,0,normal,0,75,64
6/14/2025 0:00,75,5,Saturday,6,1,0,random_or_none,3,hot,0.454,260,0,0,0,0,0,0,0,normal,0,65,58
6/14/2025 1:00,65,5,Saturday,6,1,0,random_or_none,3,hot,0.156,260,0,0,0,0,0,0,0,normal,0,56,56
6/14/2025 2:00,56,5,Saturday,6,1,0,random_or_none,0,sunny,0.185,260,0,0,0,0,0,0,0,normal,0,49,49
6/14/2025 3:00,49,5,Saturday,6,1,0,random_or_none,0,sunny,0.027,260,0,0,0,0,0,0,0,normal,0,52,49
6/14/2025 4:00,52,5,Saturday,6,1,0,random_or_none,0,sunny,0.184,260,0,0,0,0,0,0,0,normal,0,51,52
6/14/2025 5:00,51,5,Saturday,6,1,0,random_or_none,3,hot,0.429,260,0,0,0,0,0,0,0,normal,0,57,54
6/14/2025 6:00,57,5,Saturday,6,1,0,random_or_none,3,hot,0.348,260,0,0,0,0,0,0,0,normal,0,57,56
6/14/2025 7:00,57,5,Saturday,6,1,0,random_or_none,1,rainy,0.384,260,0,0,0,0,0,0,0,normal,0,72,60
6/14/2025 8:00,72,5,Saturday,6,1,0,random_or_none,4,dusty,0.958,260,0,0,0,0,0,0,0,extreme_weather,2,79,64
6/14/2025 9:00,79,5,Saturday,6,1,0,random_or_none,3,hot,0.346,260,0,0,0,0,0,0,0,normal,0,82,106
6/14/2025 10:00,82,5,Saturday,6,1,0,random_or_none,5,windy,0.859,260,0,0,0,0,0,0,0,extreme_weather,2,85,94
6/14/2025 11:00,85,5,Saturday,6,1,0,random_or_none,3,hot,0.366,260,0,0,0,0,0,0,0,normal,0,86,90
6/14/2025 12:00,86,5,Saturday,6,1,0,random_or_none,0,sunny,0.266,260,0,0,0,0,0,0,0,normal,0,86,85
6/14/2025 13:00,86,5,Saturday,6,1,0,random_or_none,0,sunny,0.208,260,0,0,0,0,0,0,0,normal,0,90,84
6/14/2025 14:00,90,5,Saturday,6,1,0,random_or_none,0,sunny,0.253,260,0,0,0,0,0,0,0,normal,0,99,91
6/14/2025 15:00,99,5,Saturday,6,1,0,random_or_none,5,windy,0.632,260,0,0,0,0,0,0,0,normal,0,107,92
6/14/2025 16:00,107,5,Saturday,6,1,0,random_or_none,3,hot,0.897,260,0,0,0,0,0,0,0,extreme_weather,2,111,87
6/14/2025 17:00,111,5,Saturday,6,1,0,random_or_none,2,cold,0.67,260,0,0,0,0,0,0,0,normal,0,102,82
6/14/2025 18:00,102,5,Saturday,6,1,0,random_or_none,0,sunny,0.061,260,0,0,0,0,0,0,0,normal,0,91,84
6/14/2025 19:00,91,5,Saturday,6,1,0,random_or_none,0,sunny,0.298,260,0,0,0,0,0,0,0,normal,0,82,90
6/14/2025 20:00,82,5,Saturday,6,1,0,random_or_none,0,sunny,0.248,260,0,0,0,0,0,0,0,normal,0,82,87
6/14/2025 21:00,82,5,Saturday,6,1,0,random_or_none,0,sunny,0.272,260,0,0,0,0,0,0,0,normal,0,75,78
6/14/2025 22:00,75,5,Saturday,6,1,0,random_or_none,0,sunny,0.106,260,0,0,0,0,0,0,0,normal,0,64,76
6/14/2025 23:00,64,5,Saturday,6,1,0,random_or_none,0,sunny,0.253,260,0,0,0,0,0,0,0,normal,0,58,83
6/15/2025 0:00,58,6,Sunday,6,1,0,random_or_none,0,sunny,0.01,260,0,0,0,0,0,0,0,normal,0,56,76
6/15/2025 1:00,56,6,Sunday,6,1,0,random_or_none,4,dusty,0.533,260,0,0,0,0,0,0,0,normal,0,49,72
6/15/2025 2:00,49,6,Sunday,6,1,0,random_or_none,0,sunny,0.125,260,0,0,0,0,0,0,0,normal,0,49,73
6/15/2025 3:00,49,6,Sunday,6,1,0,random_or_none,0,sunny,0.237,260,0,0,0,0,0,0,0,normal,0,52,67
6/15/2025 4:00,52,6,Sunday,6,1,0,random_or_none,0,sunny,0.329,260,0,0,0,0,0,0,0,normal,0,54,64
6/15/2025 5:00,54,6,Sunday,6,1,0,random_or_none,0,sunny,0.024,260,0,0,0,0,0,0,0,normal,0,56,72
6/15/2025 6:00,56,6,Sunday,6,1,0,random_or_none,3,hot,0.301,260,0,0,0,0,0,0,0,normal,0,60,82
6/15/2025 7:00,60,6,Sunday,6,1,0,random_or_none,0,sunny,0.327,260,0,0,0,0,0,0,0,normal,0,64,83
6/15/2025 8:00,64,6,Sunday,6,1,0,random_or_none,0,sunny,0.072,260,0,0,0,0,0,0,0,normal,0,106,86
6/15/2025 9:00,106,6,Sunday,6,1,0,random_or_none,1,rainy,0.743,260,0,1,64.94,0,0,0,0,emergency_spike,5,94,89
6/15/2025 10:00,94,6,Sunday,6,1,0,random_or_none,0,sunny,0.102,260,0,0,0,0,0,0,0,normal,0,90,102
6/15/2025 11:00,90,6,Sunday,6,1,0,random_or_none,0,sunny,0.232,260,0,0,0,0,0,0,0,normal,0,85,102
6/15/2025 12:00,85,6,Sunday,6,1,0,random_or_none,0,sunny,0.26,260,0,0,0,0,0,0,0,normal,0,84,104
6/15/2025 13:00,84,6,Sunday,6,1,0,random_or_none,3,hot,0.172,260,0,0,0,0,0,0,0,normal,0,91,111
6/15/2025 14:00,91,6,Sunday,6,1,0,random_or_none,5,windy,0.862,260,0,0,0,0,0,0,0,extreme_weather,2,92,121
6/15/2025 15:00,92,6,Sunday,6,1,0,random_or_none,5,windy,0.436,260,0,0,0,0,0,0,0,normal,0,87,119
6/15/2025 16:00,87,6,Sunday,6,1,0,random_or_none,0,sunny,0.31,260,0,0,0,0,0,0,0,normal,0,82,122
6/15/2025 17:00,82,6,Sunday,6,1,0,random_or_none,0,sunny,0.1,260,0,0,0,0,0,0,0,normal,0,84,110
6/15/2025 18:00,84,6,Sunday,6,1,0,random_or_none,0,sunny,0.013,260,0,0,0,0,0,0,0,normal,0,90,106
6/15/2025 19:00,90,6,Sunday,6,1,0,random_or_none,3,hot,0.783,260,0,0,0,0,0,0,0,extreme_weather,2,87,109
6/15/2025 20:00,87,6,Sunday,6,1,0,random_or_none,0,sunny,0.057,260,0,0,0,0,0,0,0,normal,0,78,114
6/15/2025 21:00,78,6,Sunday,6,1,0,random_or_none,0,sunny,0.157,260,0,0,0,0,0,0,0,normal,0,76,109
6/15/2025 22:00,76,6,Sunday,6,1,0,random_or_none,5,windy,0.842,260,0,0,0,0,0,0,0,extreme_weather,2,83,104
6/15/2025 23:00,83,6,Sunday,6,1,0,random_or_none,0,sunny,0.278,260,0,1,28.14,0,0,0,0,emergency_spike,5,76,93
6/16/2025 0:00,76,0,Monday,6,0,0,random_or_none,0,sunny,0.201,260,0,0,0,0,0,0,0,normal,0,72,87
6/16/2025 1:00,72,0,Monday,6,0,0,random_or_none,0,sunny,0.069,260,0,0,0,0,0,0,0,normal,0,73,81
6/16/2025 2:00,73,0,Monday,6,0,0,random_or_none,0,sunny,0.257,260,0,0,0,0,0,0,0,normal,0,67,75
6/16/2025 3:00,67,0,Monday,6,0,0,random_or_none,0,sunny,0.286,260,0,0,0,0,0,0,0,normal,0,64,67
6/16/2025 4:00,64,0,Monday,6,0,0,random_or_none,0,sunny,0.272,260,0,0,0,0,0,0,0,normal,0,72,105
6/16/2025 5:00,72,0,Monday,6,0,0,random_or_none,0,sunny,0.262,260,0,0,0,0,0,0,0,normal,0,82,91
6/16/2025 6:00,82,0,Monday,6,0,0,random_or_none,3,hot,0.318,260,0,0,0,0,0,0,0,normal,0,83,87
6/16/2025 7:00,83,0,Monday,6,0,0,random_or_none,4,dusty,0.706,260,0,0,0,0,0,0,0,normal,0,86,79
6/16/2025 8:00,86,0,Monday,6,0,0,random_or_none,0,sunny,0.076,260,0,0,0,0,0,0,0,normal,0,89,80
6/16/2025 9:00,89,0,Monday,6,0,0,random_or_none,0,sunny,0.104,260,0,0,0,0,0,0,0,normal,0,102,85
6/16/2025 10:00,102,0,Monday,6,0,0,random_or_none,2,cold,0.536,260,0,0,0,0,0,0,0,normal,0,102,91
6/16/2025 11:00,102,0,Monday,6,0,0,random_or_none,0,sunny,0.251,260,0,0,0,0,0,0,0,normal,0,104,96
6/16/2025 12:00,104,0,Monday,6,0,0,random_or_none,3,hot,0.256,260,0,0,0,0,0,0,0,normal,0,111,100
6/16/2025 13:00,111,0,Monday,6,0,0,random_or_none,5,windy,0.46,260,0,0,0,0,0,0,0,normal,0,121,101
6/16/2025 14:00,121,0,Monday,6,0,0,random_or_none,3,hot,0.587,260,0,0,0,0,0,0,0,normal,0,119,102
6/16/2025 15:00,119,0,Monday,6,0,0,random_or_none,3,hot,0.659,260,0,0,0,0,0,0,0,normal,0,122,107
6/16/2025 16:00,122,0,Monday,6,0,0,random_or_none,5,windy,0.46,260,0,0,0,0,0,0,0,normal,0,110,111
6/16/2025 17:00,110,0,Monday,6,0,0,random_or_none,0,sunny,0.092,260,0,0,0,0,0,0,0,normal,0,106,105
6/16/2025 18:00,106,0,Monday,6,0,0,random_or_none,3,hot,0.332,260,0,0,0,0,0,0,0,normal,0,109,111
6/16/2025 19:00,109,0,Monday,6,0,0,random_or_none,3,hot,0.269,260,0,0,0,0,0,0,0,normal,0,114,111
6/16/2025 20:00,114,0,Monday,6,0,0,random_or_none,1,rainy,0.294,260,0,0,0,0,0,0,0,normal,0,109,105
6/16/2025 21:00,109,0,Monday,6,0,0,random_or_none,4,dusty,0.567,260,0,0,0,0,0,0,0,normal,0,104,96
6/16/2025 22:00,104,0,Monday,6,0,0,random_or_none,4,dusty,1,260,0,0,0,0,0,0,0,extreme_weather,2,93,86
6/16/2025 23:00,93,0,Monday,6,0,0,random_or_none,0,sunny,0.201,260,0,0,0,0,0,0,0,normal,0,87,81
6/17/2025 0:00,87,1,Tuesday,6,0,0,random_or_none,4,dusty,0.337,260,0,0,0,0,0,0,0,normal,0,81,75
6/17/2025 1:00,81,1,Tuesday,6,0,0,random_or_none,3,hot,0.339,260,0,0,0,0,0,0,0,normal,0,75,79
6/17/2025 2:00,75,1,Tuesday,6,0,0,random_or_none,4,dusty,0.7,260,0,0,0,0,0,0,0,normal,0,67,72
6/17/2025 3:00,67,1,Tuesday,6,0,0,random_or_none,5,windy,0.491,260,0,0,0,0,0,0,0,normal,0,105,66
6/17/2025 4:00,105,1,Tuesday,6,0,0,random_or_none,5,windy,0.369,260,0,1,79.77,0,0,0,0,emergency_spike,5,91,66
6/17/2025 5:00,91,1,Tuesday,6,0,0,random_or_none,0,sunny,0.34,260,0,0,0,0,0,0,0,normal,0,87,72
6/17/2025 6:00,87,1,Tuesday,6,0,0,random_or_none,4,dusty,0.431,260,0,0,0,0,0,0,0,normal,0,79,122
6/17/2025 7:00,79,1,Tuesday,6,0,0,random_or_none,0,sunny,0.05,260,0,0,0,0,0,0,0,normal,0,80,108
6/17/2025 8:00,80,1,Tuesday,6,0,0,random_or_none,0,sunny,0.089,260,0,0,0,0,0,0,0,normal,0,85,98
6/17/2025 9:00,85,1,Tuesday,6,0,0,random_or_none,0,sunny,0.101,260,0,0,0,0,0,0,0,normal,0,91,100
6/17/2025 10:00,91,1,Tuesday,6,0,0,random_or_none,0,sunny,0.132,260,0,0,0,0,0,0,0,normal,0,96,102
6/17/2025 11:00,96,1,Tuesday,6,0,0,random_or_none,3,hot,0.83,260,0,0,0,0,0,0,0,extreme_weather,2,100,109
6/17/2025 12:00,100,1,Tuesday,6,0,0,random_or_none,0,sunny,0.258,260,0,0,0,0,0,0,0,normal,0,101,103
6/17/2025 13:00,101,1,Tuesday,6,0,0,random_or_none,0,sunny,0.106,260,0,0,0,0,0,0,0,normal,0,102,106
6/17/2025 14:00,102,1,Tuesday,6,0,0,random_or_none,5,windy,0.379,260,0,0,0,0,0,0,0,normal,0,107,107
6/17/2025 15:00,107,1,Tuesday,6,0,0,random_or_none,1,rainy,0.159,260,0,0,0,0,0,0,0,normal,0,111,110
6/17/2025 16:00,111,1,Tuesday,6,0,0,random_or_none,4,dusty,0.314,260,0,0,0,0,0,0,0,normal,0,105,105
6/17/2025 17:00,105,1,Tuesday,6,0,0,random_or_none,0,sunny,0.268,260,0,0,0,0,0,0,0,normal,0,111,105
6/17/2025 18:00,111,1,Tuesday,6,0,0,random_or_none,4,dusty,0.625,260,0,0,0,0,0,0,0,normal,0,111,102
6/17/2025 19:00,111,1,Tuesday,6,0,0,random_or_none,3,hot,0.278,260,0,0,0,0,0,0,0,normal,0,105,107
6/17/2025 20:00,105,1,Tuesday,6,0,0,random_or_none,4,dusty,0.601,260,0,0,0,0,0,0,0,normal,0,96,106
6/17/2025 21:00,96,1,Tuesday,6,0,0,random_or_none,0,sunny,0.319,260,0,0,0,0,0,0,0,normal,0,86,95
6/17/2025 22:00,86,1,Tuesday,6,0,0,random_or_none,0,sunny,0.028,260,0,0,0,0,0,0,0,normal,0,81,117
6/17/2025 23:00,81,1,Tuesday,6,0,0,random_or_none,3,hot,0.172,260,0,0,0,0,0,0,0,normal,0,75,97
6/18/2025 0:00,75,2,Wednesday,6,0,0,random_or_none,4,dusty,0.457,260,0,0,0,0,0,0,0,normal,0,79,86
6/18/2025 1:00,79,2,Wednesday,6,0,0,random_or_none,1,rainy,0.478,260,0,0,0,0,0,0,0,normal,0,72,75
6/18/2025 2:00,72,2,Wednesday,6,0,0,random_or_none,3,hot,0.403,260,0,0,0,0,0,0,0,normal,0,66,65
6/18/2025 3:00,66,2,Wednesday,6,0,0,random_or_none,0,sunny,0.234,260,0,0,0,0,0,0,0,normal,0,66,65
6/18/2025 4:00,66,2,Wednesday,6,0,0,random_or_none,3,hot,0.288,260,0,0,0,0,0,0,0,normal,0,72,69
6/18/2025 5:00,72,2,Wednesday,6,0,0,random_or_none,0,sunny,0.151,260,0,0,0,0,0,0,0,normal,0,122,69
6/18/2025 6:00,122,2,Wednesday,6,0,0,random_or_none,3,hot,0.649,260,0,1,102.84,0,0,0,0,emergency_spike,5,108,77
6/18/2025 7:00,108,2,Wednesday,6,0,0,random_or_none,4,dusty,0.498,260,0,0,0,0,0,0,0,normal,0,98,79
6/18/2025 8:00,98,2,Wednesday,6,0,0,random_or_none,0,sunny,0.201,260,0,0,0,0,0,0,0,normal,0,100,82
6/18/2025 9:00,100,2,Wednesday,6,0,0,random_or_none,0,sunny,0.225,260,0,0,0,0,0,0,0,normal,0,102,87
6/18/2025 10:00,102,2,Wednesday,6,0,0,random_or_none,0,sunny,0.332,260,0,0,0,0,0,0,0,normal,0,109,96
6/18/2025 11:00,109,2,Wednesday,6,0,0,random_or_none,3,hot,0.879,260,0,0,0,0,0,0,0,extreme_weather,2,103,99
6/18/2025 12:00,103,2,Wednesday,6,0,0,random_or_none,0,sunny,0.054,260,0,0,0,0,0,0,0,normal,0,106,102
6/18/2025 13:00,106,2,Wednesday,6,0,0,random_or_none,0,sunny,0.313,260,0,0,0,0,0,0,0,normal,0,107,105
6/18/2025 14:00,107,2,Wednesday,6,0,0,random_or_none,3,hot,0.575,260,0,0,0,0,0,0,0,normal,0,110,108
6/18/2025 15:00,110,2,Wednesday,6,0,0,random_or_none,2,cold,0.663,260,0,0,0,0,0,0,0,normal,0,105,117
6/18/2025 16:00,105,2,Wednesday,6,0,0,random_or_none,4,dusty,0.34,260,0,0,0,0,0,0,0,normal,0,105,117
6/18/2025 17:00,105,2,Wednesday,6,0,0,random_or_none,0,sunny,0.184,260,0,0,0,0,0,0,0,normal,0,102,111
6/18/2025 18:00,102,2,Wednesday,6,0,0,random_or_none,0,sunny,0.115,260,0,0,0,0,0,0,0,normal,0,107,110
6/18/2025 19:00,107,2,Wednesday,6,0,0,random_or_none,1,rainy,0.469,260,0,0,0,0,0,0,0,normal,0,106,107
6/18/2025 20:00,106,2,Wednesday,6,0,0,random_or_none,4,dusty,0.805,260,0,0,0,0,0,0,0,extreme_weather,2,95,102
6/18/2025 21:00,95,2,Wednesday,6,0,0,random_or_none,0,sunny,0.326,260,0,0,0,0,0,0,0,normal,0,117,98
6/18/2025 22:00,117,2,Wednesday,6,0,0,random_or_none,0,sunny,0.068,260,0,1,62.86,0,0,0,0,emergency_spike,5,97,99
6/18/2025 23:00,97,2,Wednesday,6,0,0,random_or_none,0,sunny,0.076,260,0,0,0,0,0,0,0,normal,0,86,89
6/19/2025 0:00,86,3,Thursday,6,0,0,random_or_none,0,sunny,0.17,260,0,0,0,0,0,0,0,normal,0,75,78
6/19/2025 1:00,75,3,Thursday,6,0,0,random_or_none,4,dusty,0.405,260,0,0,0,0,0,0,0,normal,0,65,72
6/19/2025 2:00,65,3,Thursday,6,0,0,random_or_none,0,sunny,0.266,260,0,0,0,0,0,0,0,normal,0,65,69
6/19/2025 3:00,65,3,Thursday,6,0,0,random_or_none,3,hot,0.571,260,0,0,0,0,0,0,0,normal,0,69,71
6/19/2025 4:00,69,3,Thursday,6,0,0,random_or_none,3,hot,0.309,260,0,0,0,0,0,0,0,normal,0,69,74
6/19/2025 5:00,69,3,Thursday,6,0,0,random_or_none,0,sunny,0.143,260,0,0,0,0,0,0,0,normal,0,77,79
6/19/2025 6:00,77,3,Thursday,6,0,0,random_or_none,4,dusty,0.789,260,0,0,0,0,0,0,0,extreme_weather,2,79,79
6/19/2025 7:00,79,3,Thursday,6,0,0,random_or_none,0,sunny,0.19,260,0,0,0,0,0,0,0,normal,0,82,80
6/19/2025 8:00,82,3,Thursday,6,0,0,random_or_none,0,sunny,0.113,260,0,0,0,0,0,0,0,normal,0,87,87
6/19/2025 9:00,87,3,Thursday,6,0,0,random_or_none,5,windy,0.824,260,0,0,0,0,0,0,0,extreme_weather,2,96,96
6/19/2025 10:00,96,3,Thursday,6,0,0,random_or_none,0,sunny,0.124,260,0,0,0,0,0,0,0,normal,0,99,97
6/19/2025 11:00,99,3,Thursday,6,0,0,random_or_none,3,hot,0.678,260,0,0,0,0,0,0,0,normal,0,102,99
6/19/2025 12:00,102,3,Thursday,6,0,0,random_or_none,3,hot,0.198,260,0,0,0,0,0,0,0,normal,0,105,104
6/19/2025 13:00,105,3,Thursday,6,0,0,random_or_none,3,hot,0.499,260,0,0,0,0,0,0,0,normal,0,108,105
6/19/2025 14:00,108,3,Thursday,6,0,0,random_or_none,0,sunny,0.295,260,0,0,0,0,0,0,0,normal,0,117,115
6/19/2025 15:00,117,3,Thursday,6,0,0,random_or_none,3,hot,0.458,260,0,0,0,0,0,0,0,normal,0,117,113
6/19/2025 16:00,117,3,Thursday,6,0,0,random_or_none,1,rainy,0.322,260,0,0,0,0,0,0,0,normal,0,111,114
6/19/2025 17:00,111,3,Thursday,6,0,0,random_or_none,0,sunny,0.04,260,0,0,0,0,0,0,0,normal,0,110,134
6/19/2025 18:00,110,3,Thursday,6,0,0,random_or_none,3,hot,0.799,260,0,0,0,0,0,0,0,extreme_weather,2,107,122
6/19/2025 19:00,107,3,Thursday,6,0,0,random_or_none,0,sunny,0.152,260,0,0,0,0,0,0,0,normal,0,102,113
6/19/2025 20:00,102,3,Thursday,6,0,0,random_or_none,4,dusty,0.262,260,0,0,0,0,0,0,0,normal,0,98,105
6/19/2025 21:00,98,3,Thursday,6,0,0,random_or_none,5,windy,0.688,260,0,0,0,0,0,0,0,normal,0,99,97
6/19/2025 22:00,99,3,Thursday,6,0,0,random_or_none,4,dusty,0.997,260,0,0,0,0,0,0,0,extreme_weather,2,89,93
6/19/2025 23:00,89,3,Thursday,6,0,0,random_or_none,3,hot,0.835,260,0,0,0,0,0,0,0,extreme_weather,2,78,86
6/20/2025 0:00,78,4,Friday,6,0,0,random_or_none,0,sunny,0.328,260,0,0,0,0,0,0,0,normal,0,72,76
6/20/2025 1:00,72,4,Friday,6,0,0,random_or_none,5,windy,0.52,260,0,0,0,0,0,0,0,normal,0,69,68
6/20/2025 2:00,69,4,Friday,6,0,0,random_or_none,0,sunny,0.264,260,0,0,0,0,0,0,0,normal,0,71,59
6/20/2025 3:00,71,4,Friday,6,0,0,random_or_none,3,hot,0.897,260,0,0,0,0,0,0,0,extreme_weather,2,74,54
6/20/2025 4:00,74,4,Friday,6,0,0,random_or_none,5,windy,0.76,260,0,0,0,0,0,0,0,extreme_weather,2,79,56
6/20/2025 5:00,79,4,Friday,6,0,0,random_or_none,3,hot,0.915,260,0,0,0,0,0,0,0,extreme_weather,2,79,55
6/20/2025 6:00,79,4,Friday,6,0,0,random_or_none,1,rainy,0.706,260,0,0,0,0,0,0,0,normal,0,80,53
6/20/2025 7:00,80,4,Friday,6,0,0,random_or_none,3,hot,0.348,260,0,0,0,0,0,0,0,normal,0,87,61
6/20/2025 8:00,87,4,Friday,6,0,0,random_or_none,0,sunny,0.174,260,0,0,0,0,0,0,0,normal,0,96,61
6/20/2025 9:00,96,4,Friday,6,0,0,random_or_none,4,dusty,0.833,260,0,0,0,0,0,0,0,extreme_weather,2,97,64
6/20/2025 10:00,97,4,Friday,6,0,0,random_or_none,5,windy,0.55,260,0,0,0,0,0,0,0,normal,0,99,82
6/20/2025 11:00,99,4,Friday,6,0,0,random_or_none,5,windy,0.254,260,0,0,0,0,0,0,0,normal,0,104,94
6/20/2025 12:00,104,4,Friday,6,0,0,random_or_none,0,sunny,0.178,260,0,0,0,0,0,0,0,normal,0,105,91
6/20/2025 13:00,105,4,Friday,6,0,0,random_or_none,0,sunny,0.095,260,0,0,0,0,0,0,0,normal,0,115,94
6/20/2025 14:00,115,4,Friday,6,0,0,random_or_none,3,hot,0.761,260,0,0,0,0,0,0,0,extreme_weather,2,113,92
6/20/2025 15:00,113,4,Friday,6,0,0,random_or_none,3,hot,0.506,260,0,0,0,0,0,0,0,normal,0,114,94
6/20/2025 16:00,114,4,Friday,6,0,0,random_or_none,0,sunny,0.216,260,0,0,0,0,0,0,0,normal,0,134,96
6/20/2025 17:00,134,4,Friday,6,0,0,random_or_none,4,dusty,0.74,260,0,1,38.91,0,0,0,0,emergency_spike,5,122,98
6/20/2025 18:00,122,4,Friday,6,0,0,random_or_none,4,dusty,0.696,260,0,0,0,0,0,0,0,normal,0,113,103
6/20/2025 19:00,113,4,Friday,6,0,0,random_or_none,5,windy,0.363,260,0,0,0,0,0,0,0,normal,0,105,104
6/20/2025 20:00,105,4,Friday,6,0,0,random_or_none,1,rainy,0.305,260,0,0,0,0,0,0,0,normal,0,97,92
6/20/2025 21:00,97,4,Friday,6,0,0,random_or_none,0,sunny,0.085,260,0,0,0,0,0,0,0,normal,0,93,89
6/20/2025 22:00,93,4,Friday,6,0,0,random_or_none,3,hot,0.654,260,0,0,0,0,0,0,0,normal,0,86,80
6/20/2025 23:00,86,4,Friday,6,0,0,random_or_none,3,hot,0.948,260,0,0,0,0,0,0,0,extreme_weather,2,76,75
6/21/2025 0:00,76,5,Saturday,6,1,0,random_or_none,3,hot,0.172,260,0,0,0,0,0,0,0,normal,0,68,63
6/21/2025 1:00,68,5,Saturday,6,1,0,random_or_none,3,hot,0.562,260,0,0,0,0,0,0,0,normal,0,59,54
6/21/2025 2:00,59,5,Saturday,6,1,0,random_or_none,0,sunny,0.338,260,0,0,0,0,0,0,0,normal,0,54,52
6/21/2025 3:00,54,5,Saturday,6,1,0,random_or_none,0,sunny,0.336,260,0,0,0,0,0,0,0,normal,0,56,68
6/21/2025 4:00,56,5,Saturday,6,1,0,random_or_none,0,sunny,0.194,260,0,0,0,0,0,0,0,normal,0,55,65
6/21/2025 5:00,55,5,Saturday,6,1,0,random_or_none,0,sunny,0.292,260,0,0,0,0,0,0,0,normal,0,53,57
6/21/2025 6:00,53,5,Saturday,6,1,0,random_or_none,0,sunny,0.078,260,0,0,0,0,0,0,0,normal,0,61,57
6/21/2025 7:00,61,5,Saturday,6,1,0,random_or_none,5,windy,0.753,260,0,0,0,0,0,0,0,extreme_weather,2,61,62
6/21/2025 8:00,61,5,Saturday,6,1,0,random_or_none,0,sunny,0.285,260,0,0,0,0,0,0,0,normal,0,64,69
6/21/2025 9:00,64,5,Saturday,6,1,0,random_or_none,0,sunny,0.299,260,0,0,0,0,0,0,0,normal,0,82,72
6/21/2025 10:00,82,5,Saturday,6,1,0,random_or_none,3,hot,0.483,260,0,0,0,0,0,0,0,normal,0,94,117
6/21/2025 11:00,94,5,Saturday,6,1,0,random_or_none,0,sunny,0.13,260,0,1,23.28,0,0,0,0,emergency_spike,5,91,103
6/21/2025 12:00,91,5,Saturday,6,1,0,random_or_none,0,sunny,0.121,260,0,0,0,0,0,0,0,normal,0,94,104
6/21/2025 13:00,94,5,Saturday,6,1,0,random_or_none,5,windy,0.734,260,0,0,0,0,0,0,0,normal,0,92,97
6/21/2025 14:00,92,5,Saturday,6,1,0,random_or_none,0,sunny,0.319,260,0,0,0,0,0,0,0,normal,0,94,99
6/21/2025 15:00,94,5,Saturday,6,1,0,random_or_none,0,sunny,0.198,260,0,0,0,0,0,0,0,normal,0,96,98
6/21/2025 16:00,96,5,Saturday,6,1,0,random_or_none,2,cold,0.599,260,0,0,0,0,0,0,0,normal,0,98,98
6/21/2025 17:00,98,5,Saturday,6,1,0,random_or_none,0,sunny,0.266,260,0,0,0,0,0,0,0,normal,0,103,99
6/21/2025 18:00,103,5,Saturday,6,1,0,random_or_none,1,rainy,0.673,260,0,0,0,0,0,0,0,normal,0,104,89
6/21/2025 19:00,104,5,Saturday,6,1,0,random_or_none,4,dusty,0.368,260,0,0,0,0,0,0,0,normal,0,92,85
6/21/2025 20:00,92,5,Saturday,6,1,0,random_or_none,0,sunny,0.241,260,0,0,0,0,0,0,0,normal,0,89,83
6/21/2025 21:00,89,5,Saturday,6,1,0,random_or_none,1,rainy,0.352,260,0,0,0,0,0,0,0,normal,0,80,83
6/21/2025 22:00,80,5,Saturday,6,1,0,random_or_none,1,rainy,0.465,260,0,0,0,0,0,0,0,normal,0,75,76
6/21/2025 23:00,75,5,Saturday,6,1,0,random_or_none,5,windy,0.451,260,0,0,0,0,0,0,0,normal,0,63,70
6/22/2025 0:00,63,6,Sunday,6,1,0,random_or_none,0,sunny,0.329,260,0,0,0,0,0,0,0,normal,0,54,71
6/22/2025 1:00,54,6,Sunday,6,1,0,random_or_none,0,sunny,0.12,260,0,0,0,0,0,0,0,normal,0,52,85
6/22/2025 2:00,52,6,Sunday,6,1,0,random_or_none,5,windy,0.253,260,0,0,0,0,0,0,0,normal,0,68,81
6/22/2025 3:00,68,6,Sunday,6,1,0,random_or_none,5,windy,0.244,260,0,1,43.02,0,0,0,0,emergency_spike,5,65,78
6/22/2025 4:00,65,6,Sunday,6,1,0,random_or_none,1,rainy,0.668,260,0,0,0,0,0,0,0,normal,0,57,67
6/22/2025 5:00,57,6,Sunday,6,1,0,random_or_none,0,sunny,0.315,260,0,0,0,0,0,0,0,normal,0,57,72
6/22/2025 6:00,57,6,Sunday,6,1,0,random_or_none,0,sunny,0.275,260,0,0,0,0,0,0,0,normal,0,62,73
6/22/2025 7:00,62,6,Sunday,6,1,0,random_or_none,0,sunny,0.297,260,0,0,0,0,0,0,0,normal,0,69,81
6/22/2025 8:00,69,6,Sunday,6,1,0,random_or_none,3,hot,0.4,260,0,0,0,0,0,0,0,normal,0,72,85
6/22/2025 9:00,72,6,Sunday,6,1,0,random_or_none,0,sunny,0.122,260,0,0,0,0,0,0,0,normal,0,117,87
6/22/2025 10:00,117,6,Sunday,6,1,0,random_or_none,4,dusty,0.986,260,0,1,75.23,0,0,0,0,emergency_spike,5,103,93
6/22/2025 11:00,103,6,Sunday,6,1,0,random_or_none,0,sunny,0.304,260,0,0,0,0,0,0,0,normal,0,104,101
6/22/2025 12:00,104,6,Sunday,6,1,0,random_or_none,4,dusty,0.544,260,0,0,0,0,0,0,0,normal,0,97,107
6/22/2025 13:00,97,6,Sunday,6,1,0,random_or_none,0,sunny,0.095,260,0,0,0,0,0,0,0,normal,0,99,106
6/22/2025 14:00,99,6,Sunday,6,1,0,random_or_none,4,dusty,0.796,260,0,0,0,0,0,0,0,extreme_weather,2,98,106
6/22/2025 15:00,98,6,Sunday,6,1,0,random_or_none,0,sunny,0.234,260,0,0,0,0,0,0,0,normal,0,98,107
6/22/2025 16:00,98,6,Sunday,6,1,0,random_or_none,5,windy,0.255,260,0,0,0,0,0,0,0,normal,0,99,110
6/22/2025 17:00,99,6,Sunday,6,1,0,random_or_none,3,hot,0.541,260,0,0,0,0,0,0,0,normal,0,89,110
6/22/2025 18:00,89,6,Sunday,6,1,0,random_or_none,0,sunny,0.019,260,0,0,0,0,0,0,0,normal,0,85,146
6/22/2025 19:00,85,6,Sunday,6,1,0,random_or_none,0,sunny,0.21,260,0,0,0,0,0,0,0,normal,0,83,122
6/22/2025 20:00,83,6,Sunday,6,1,0,random_or_none,3,hot,0.365,260,0,0,0,0,0,0,0,normal,0,83,114
6/22/2025 21:00,83,6,Sunday,6,1,0,random_or_none,4,dusty,0.604,260,0,0,0,0,0,0,0,normal,0,76,107
6/22/2025 22:00,76,6,Sunday,6,1,0,random_or_none,5,windy,0.372,260,0,0,0,0,0,0,0,normal,0,70,102
6/22/2025 23:00,70,6,Sunday,6,1,0,random_or_none,3,hot,0.712,260,0,0,0,0,0,0,0,normal,0,71,89
6/23/2025 0:00,71,0,Monday,6,0,0,random_or_none,3,hot,0.358,260,0,0,0,0,0,0,0,normal,0,85,78
6/23/2025 1:00,85,0,Monday,6,0,0,random_or_none,0,sunny,0.179,260,0,1,37.6,0,0,0,0,emergency_spike,5,81,76
6/23/2025 2:00,81,0,Monday,6,0,0,random_or_none,3,hot,0.487,260,0,0,0,0,0,0,0,normal,0,78,72
6/23/2025 3:00,78,0,Monday,6,0,0,random_or_none,5,windy,0.541,260,0,0,0,0,0,0,0,normal,0,67,74
6/23/2025 4:00,67,0,Monday,6,0,0,random_or_none,0,sunny,0.328,260,0,0,0,0,0,0,0,normal,0,72,77
6/23/2025 5:00,72,0,Monday,6,0,0,random_or_none,5,windy,0.568,260,0,0,0,0,0,0,0,normal,0,73,76
6/23/2025 6:00,73,0,Monday,6,0,0,random_or_none,0,sunny,0.19,260,0,0,0,0,0,0,0,normal,0,81,78
6/23/2025 7:00,81,0,Monday,6,0,0,random_or_none,0,sunny,0.239,260,0,0,0,0,0,0,0,normal,0,85,78
6/23/2025 8:00,85,0,Monday,6,0,0,random_or_none,0,sunny,0.242,260,0,0,0,0,0,0,0,normal,0,87,76
6/23/2025 9:00,87,0,Monday,6,0,0,random_or_none,0,sunny,0.079,260,0,0,0,0,0,0,0,normal,0,93,85
6/23/2025 10:00,93,0,Monday,6,0,0,random_or_none,4,dusty,0.364,260,0,0,0,0,0,0,0,normal,0,101,93
6/23/2025 11:00,101,0,Monday,6,0,0,random_or_none,0,sunny,0.098,260,0,0,0,0,0,0,0,normal,0,107,97
6/23/2025 12:00,107,0,Monday,6,0,0,random_or_none,0,sunny,0.168,260,0,0,0,0,0,0,0,normal,0,106,106
6/23/2025 13:00,106,0,Monday,6,0,0,random_or_none,0,sunny,0.326,260,0,0,0,0,0,0,0,normal,0,106,154
6/23/2025 14:00,106,0,Monday,6,0,0,random_or_none,0,sunny,0.285,260,0,0,0,0,0,0,0,normal,0,107,139
6/23/2025 15:00,107,0,Monday,6,0,0,random_or_none,0,sunny,0.278,260,0,0,0,0,0,0,0,normal,0,110,121
6/23/2025 16:00,110,0,Monday,6,0,0,random_or_none,5,windy,0.189,260,0,0,0,0,0,0,0,normal,0,110,112
6/23/2025 17:00,110,0,Monday,6,0,0,random_or_none,0,sunny,0.017,260,0,0,0,0,0,0,0,normal,0,146,111
6/23/2025 18:00,146,0,Monday,6,0,0,random_or_none,0,sunny,0.08,260,0,1,76.79,0,0,0,0,emergency_spike,5,122,112
6/23/2025 19:00,122,0,Monday,6,0,0,random_or_none,0,sunny,0.033,260,0,0,0,0,0,0,0,normal,0,114,113
6/23/2025 20:00,114,0,Monday,6,0,0,random_or_none,3,hot,0.681,260,0,0,0,0,0,0,0,normal,0,107,104
6/23/2025 21:00,107,0,Monday,6,0,0,random_or_none,0,sunny,0.258,260,0,0,0,0,0,0,0,normal,0,102,99
6/23/2025 22:00,102,0,Monday,6,0,0,random_or_none,3,hot,0.645,260,0,0,0,0,0,0,0,normal,0,89,86
6/23/2025 23:00,89,0,Monday,6,0,0,random_or_none,3,hot,0.447,260,0,0,0,0,0,0,0,normal,0,78,78
6/24/2025 0:00,78,1,Tuesday,6,0,0,random_or_none,1,rainy,0.447,260,0,0,0,0,0,0,0,normal,0,76,71
6/24/2025 1:00,76,1,Tuesday,6,0,0,random_or_none,3,hot,0.753,260,0,0,0,0,0,0,0,extreme_weather,2,72,66
6/24/2025 2:00,72,1,Tuesday,6,0,0,random_or_none,3,hot,0.239,260,0,0,0,0,0,0,0,normal,0,74,65
6/24/2025 3:00,74,1,Tuesday,6,0,0,random_or_none,4,dusty,0.678,260,0,0,0,0,0,0,0,normal,0,77,69
6/24/2025 4:00,77,1,Tuesday,6,0,0,random_or_none,3,hot,0.655,260,0,0,0,0,0,0,0,normal,0,76,75
6/24/2025 5:00,76,1,Tuesday,6,0,0,random_or_none,0,sunny,0.213,260,0,0,0,0,0,0,0,normal,0,78,77
6/24/2025 6:00,78,1,Tuesday,6,0,0,random_or_none,5,windy,0.497,260,0,0,0,0,0,0,0,normal,0,78,75
6/24/2025 7:00,78,1,Tuesday,6,0,0,random_or_none,1,rainy,0.36,260,0,0,0,0,0,0,0,normal,0,76,82
6/24/2025 8:00,76,1,Tuesday,6,0,0,random_or_none,0,sunny,0.093,260,0,0,0,0,0,0,0,normal,0,85,84
6/24/2025 9:00,85,1,Tuesday,6,0,0,random_or_none,0,sunny,0.348,260,0,0,0,0,0,0,0,normal,0,93,89
6/24/2025 10:00,93,1,Tuesday,6,0,0,random_or_none,0,sunny,0.064,260,0,0,0,0,0,0,0,normal,0,97,88
6/24/2025 11:00,97,1,Tuesday,6,0,0,random_or_none,0,sunny,0.152,260,0,0,0,0,0,0,0,normal,0,106,99
6/24/2025 12:00,106,1,Tuesday,6,0,0,random_or_none,4,dusty,0.775,260,0,0,0,0,0,0,0,extreme_weather,2,154,105
6/24/2025 13:00,154,1,Tuesday,6,0,0,random_or_none,1,rainy,0.419,260,0,1,99.31,0,0,0,0,emergency_spike,5,139,109
6/24/2025 14:00,139,1,Tuesday,6,0,0,random_or_none,4,dusty,0.85,260,0,0,0,0,0,0,0,extreme_weather,2,121,119
6/24/2025 15:00,121,1,Tuesday,6,0,0,random_or_none,0,sunny,0.037,260,0,0,0,0,0,0,0,normal,0,112,111
6/24/2025 16:00,112,1,Tuesday,6,0,0,random_or_none,0,sunny,0.11,260,0,0,0,0,0,0,0,normal,0,111,110
6/24/2025 17:00,111,1,Tuesday,6,0,0,random_or_none,0,sunny,0.288,260,0,0,0,0,0,0,0,normal,0,112,109
6/24/2025 18:00,112,1,Tuesday,6,0,0,random_or_none,3,hot,0.676,260,0,0,0,0,0,0,0,normal,0,113,113
6/24/2025 19:00,113,1,Tuesday,6,0,0,random_or_none,4,dusty,0.973,260,0,0,0,0,0,0,0,extreme_weather,2,104,108
6/24/2025 20:00,104,1,Tuesday,6,0,0,random_or_none,0,sunny,0.044,260,0,0,0,0,0,0,0,normal,0,99,107
6/24/2025 21:00,99,1,Tuesday,6,0,0,random_or_none,3,hot,0.78,260,0,0,0,0,0,0,0,extreme_weather,2,86,98
6/24/2025 22:00,86,1,Tuesday,6,0,0,random_or_none,0,sunny,0.3,260,0,0,0,0,0,0,0,normal,0,78,88
6/24/2025 23:00,78,1,Tuesday,6,0,0,random_or_none,0,sunny,0.303,260,0,0,0,0,0,0,0,normal,0,71,84
6/25/2025 0:00,71,2,Wednesday,6,0,0,random_or_none,0,sunny,0.149,260,0,0,0,0,0,0,0,normal,0,66,77
6/25/2025 1:00,66,2,Wednesday,6,0,0,random_or_none,3,hot,0.231,260,0,0,0,0,0,0,0,normal,0,65,76
6/25/2025 2:00,65,2,Wednesday,6,0,0,random_or_none,0,sunny,0.099,260,0,0,0,0,0,0,0,normal,0,69,67
6/25/2025 3:00,69,2,Wednesday,6,0,0,random_or_none,3,hot,0.47,260,0,0,0,0,0,0,0,normal,0,75,73
6/25/2025 4:00,75,2,Wednesday,6,0,0,random_or_none,1,rainy,0.786,260,0,0,0,0,0,0,0,extreme_weather,2,77,78
6/25/2025 5:00,77,2,Wednesday,6,0,0,random_or_none,0,sunny,0.154,260,0,0,0,0,0,0,0,normal,0,75,81
6/25/2025 6:00,75,2,Wednesday,6,0,0,random_or_none,0,sunny,0.252,260,0,0,0,0,0,0,0,normal,0,82,86
6/25/2025 7:00,82,2,Wednesday,6,0,0,random_or_none,4,dusty,0.296,260,0,0,0,0,0,0,0,normal,0,84,83
6/25/2025 8:00,84,2,Wednesday,6,0,0,random_or_none,0,sunny,0.306,260,0,0,0,0,0,0,0,normal,0,89,88
6/25/2025 9:00,89,2,Wednesday,6,0,0,random_or_none,3,hot,0.384,260,0,0,0,0,0,0,0,normal,0,88,94
6/25/2025 10:00,88,2,Wednesday,6,0,0,random_or_none,0,sunny,0.117,260,0,0,0,0,0,0,0,normal,0,99,92
6/25/2025 11:00,99,2,Wednesday,6,0,0,random_or_none,3,hot,0.436,260,0,0,0,0,0,0,0,normal,0,105,99
6/25/2025 12:00,105,2,Wednesday,6,0,0,random_or_none,0,sunny,0.133,260,0,0,0,0,0,0,0,normal,0,109,101
6/25/2025 13:00,109,2,Wednesday,6,0,0,random_or_none,3,hot,0.821,260,0,0,0,0,0,0,0,extreme_weather,2,119,99
6/25/2025 14:00,119,2,Wednesday,6,0,0,random_or_none,3,hot,0.295,260,0,1,39.31,0,0,0,0,emergency_spike,5,111,105
6/25/2025 15:00,111,2,Wednesday,6,0,0,random_or_none,3,hot,0.478,260,0,0,0,0,0,0,0,normal,0,110,122
6/25/2025 16:00,110,2,Wednesday,6,0,0,random_or_none,0,sunny,0.062,260,0,0,0,0,0,0,0,normal,0,109,150
6/25/2025 17:00,109,2,Wednesday,6,0,0,random_or_none,5,windy,0.662,260,0,0,0,0,0,0,0,normal,0,113,134
6/25/2025 18:00,113,2,Wednesday,6,0,0,random_or_none,5,windy,0.618,260,0,0,0,0,0,0,0,normal,0,108,117
6/25/2025 19:00,108,2,Wednesday,6,0,0,random_or_none,5,windy,0.401,260,0,0,0,0,0,0,0,normal,0,107,120
6/25/2025 20:00,107,2,Wednesday,6,0,0,random_or_none,3,hot,0.39,260,0,0,0,0,0,0,0,normal,0,98,112
6/25/2025 21:00,98,2,Wednesday,6,0,0,random_or_none,0,sunny,0.066,260,0,0,0,0,0,0,0,normal,0,88,104
6/25/2025 22:00,88,2,Wednesday,6,0,0,random_or_none,0,sunny,0.172,260,0,0,0,0,0,0,0,normal,0,84,117
6/25/2025 23:00,84,2,Wednesday,6,0,0,random_or_none,0,sunny,0.047,260,0,0,0,0,0,0,0,normal,0,77,100
6/26/2025 0:00,77,3,Thursday,6,0,0,random_or_none,5,windy,0.347,260,0,0,0,0,0,0,0,normal,0,76,91
6/26/2025 1:00,76,3,Thursday,6,0,0,random_or_none,4,dusty,0.47,260,0,0,0,0,0,0,0,normal,0,67,86
6/26/2025 2:00,67,3,Thursday,6,0,0,random_or_none,0,sunny,0.144,260,0,0,0,0,0,0,0,normal,0,73,81
6/26/2025 3:00,73,3,Thursday,6,0,0,random_or_none,4,dusty,0.994,260,0,0,0,0,0,0,0,extreme_weather,2,78,77
6/26/2025 4:00,78,3,Thursday,6,0,0,random_or_none,1,rainy,0.886,260,0,0,0,0,0,0,0,extreme_weather,2,81,73
6/26/2025 5:00,81,3,Thursday,6,0,0,random_or_none,5,windy,0.854,260,0,0,0,0,0,0,0,extreme_weather,2,86,78
6/26/2025 6:00,86,3,Thursday,6,0,0,random_or_none,4,dusty,1,260,0,0,0,0,0,0,0,extreme_weather,2,83,75
6/26/2025 7:00,83,3,Thursday,6,0,0,random_or_none,5,windy,0.396,260,0,0,0,0,0,0,0,normal,0,88,73
6/26/2025 8:00,88,3,Thursday,6,0,0,random_or_none,3,hot,0.827,260,0,0,0,0,0,0,0,extreme_weather,2,94,79
6/26/2025 9:00,94,3,Thursday,6,0,0,random_or_none,3,hot,0.49,260,0,0,0,0,0,0,0,normal,0,92,107
6/26/2025 10:00,92,3,Thursday,6,0,0,random_or_none,3,hot,0.246,260,0,0,0,0,0,0,0,normal,0,99,107
6/26/2025 11:00,99,3,Thursday,6,0,0,random_or_none,0,sunny,0.252,260,0,0,0,0,0,0,0,normal,0,101,102
6/26/2025 12:00,101,3,Thursday,6,0,0,random_or_none,0,sunny,0.331,260,0,0,0,0,0,0,0,normal,0,99,106
6/26/2025 13:00,99,3,Thursday,6,0,0,random_or_none,3,hot,0.314,260,0,0,0,0,0,0,0,normal,0,105,129
6/26/2025 14:00,105,3,Thursday,6,0,0,random_or_none,3,hot,0.437,260,0,0,0,0,0,0,0,normal,0,122,121
6/26/2025 15:00,122,3,Thursday,6,0,0,random_or_none,0,sunny,0.166,260,0,1,40.83,0,0,0,0,emergency_spike,5,150,171
6/26/2025 16:00,150,3,Thursday,6,0,0,random_or_none,0,sunny,0.003,260,0,1,70.48,0,0,0,0,emergency_spike,5,134,144
6/26/2025 17:00,134,3,Thursday,6,0,0,random_or_none,3,hot,0.66,260,0,0,0,0,0,0,0,normal,0,117,123
6/26/2025 18:00,117,3,Thursday,6,0,0,random_or_none,0,sunny,0.191,260,0,0,0,0,0,0,0,normal,0,120,117
6/26/2025 19:00,120,3,Thursday,6,0,0,random_or_none,1,rainy,0.889,260,0,0,0,0,0,0,0,extreme_weather,2,112,110
6/26/2025 20:00,112,3,Thursday,6,0,0,random_or_none,5,windy,0.797,260,0,0,0,0,0,0,0,extreme_weather,2,104,107
6/26/2025 21:00,104,3,Thursday,6,0,0,random_or_none,3,hot,0.51,260,0,0,0,0,0,0,0,normal,0,117,101
6/26/2025 22:00,117,3,Thursday,6,0,0,random_or_none,0,sunny,0.098,260,0,1,66.1,0,0,0,0,emergency_spike,5,100,99
6/26/2025 23:00,100,3,Thursday,6,0,0,random_or_none,4,dusty,0.357,260,0,0,0,0,0,0,0,normal,0,91,84
6/27/2025 0:00,91,4,Friday,6,0,0,random_or_none,2,cold,0.28,260,0,0,0,0,0,0,0,normal,0,86,73
6/27/2025 1:00,86,4,Friday,6,0,0,random_or_none,4,dusty,0.625,260,0,0,0,0,0,0,0,normal,0,81,56
6/27/2025 2:00,81,4,Friday,6,0,0,random_or_none,0,sunny,0.097,260,0,0,0,0,0,0,0,normal,0,77,54
6/27/2025 3:00,77,4,Friday,6,0,0,random_or_none,3,hot,0.271,260,0,0,0,0,0,0,0,normal,0,73,50
6/27/2025 4:00,73,4,Friday,6,0,0,random_or_none,0,sunny,0.327,260,0,0,0,0,0,0,0,normal,0,78,52
6/27/2025 5:00,78,4,Friday,6,0,0,random_or_none,2,cold,0.731,260,0,0,0,0,0,0,0,normal,0,75,53
6/27/2025 6:00,75,4,Friday,6,0,0,random_or_none,0,sunny,0.005,260,0,0,0,0,0,0,0,normal,0,73,53
6/27/2025 7:00,73,4,Friday,6,0,0,random_or_none,0,sunny,0.035,260,0,0,0,0,0,0,0,normal,0,79,56
6/27/2025 8:00,79,4,Friday,6,0,0,random_or_none,3,hot,0.178,260,0,0,0,0,0,0,0,normal,0,107,58
6/27/2025 9:00,107,4,Friday,6,0,0,random_or_none,0,sunny,0.018,260,0,1,51.14,0,0,0,0,emergency_spike,5,107,67
6/27/2025 10:00,107,4,Friday,6,0,0,random_or_none,0,sunny,0.228,260,0,0,0,0,0,0,0,normal,0,102,77
6/27/2025 11:00,102,4,Friday,6,0,0,random_or_none,0,sunny,0.117,260,0,0,0,0,0,0,0,normal,0,106,85
6/27/2025 12:00,106,4,Friday,6,0,0,random_or_none,0,sunny,0.281,260,0,0,0,0,0,0,0,normal,0,129,86
6/27/2025 13:00,129,4,Friday,6,0,0,random_or_none,0,sunny,0.19,260,0,1,47.84,0,0,0,0,emergency_spike,5,121,95
6/27/2025 14:00,121,4,Friday,6,0,0,random_or_none,3,hot,0.4,260,0,0,0,0,0,0,0,normal,0,171,103
6/27/2025 15:00,171,4,Friday,6,0,0,random_or_none,1,rainy,0.6,260,0,1,111.9,0,0,0,0,emergency_spike,5,144,95
6/27/2025 16:00,144,4,Friday,6,0,0,random_or_none,0,sunny,0.162,260,0,0,0,0,0,0,0,normal,0,123,116
6/27/2025 17:00,123,4,Friday,6,0,0,random_or_none,0,sunny,0.033,260,0,0,0,0,0,0,0,normal,0,117,110
6/27/2025 18:00,117,4,Friday,6,0,0,random_or_none,5,windy,0.575,260,0,0,0,0,0,0,0,normal,0,110,100
6/27/2025 19:00,110,4,Friday,6,0,0,random_or_none,0,sunny,0.05,260,0,0,0,0,0,0,0,normal,0,107,96
6/27/2025 20:00,107,4,Friday,6,0,0,random_or_none,4,dusty,0.571,260,0,0,0,0,0,0,0,normal,0,101,87
6/27/2025 21:00,101,4,Friday,6,0,0,random_or_none,0,sunny,0.174,260,0,0,0,0,0,0,0,normal,0,99,80
6/27/2025 22:00,99,4,Friday,6,0,0,random_or_none,3,hot,0.944,260,0,0,0,0,0,0,0,extreme_weather,2,84,75
6/27/2025 23:00,84,4,Friday,6,0,0,random_or_none,0,sunny,0.142,260,0,0,0,0,0,0,0,normal,0,73,64
6/28/2025 0:00,73,5,Saturday,6,1,0,random_or_none,0,sunny,0.079,260,0,0,0,0,0,0,0,normal,0,56,55
6/28/2025 1:00,56,5,Saturday,6,1,0,random_or_none,0,sunny,0.126,260,0,0,0,0,0,0,0,normal,0,54,55
6/28/2025 2:00,54,5,Saturday,6,1,0,random_or_none,0,sunny,0.05,260,0,0,0,0,0,0,0,normal,0,50,56
6/28/2025 3:00,50,5,Saturday,6,1,0,random_or_none,0,sunny,0.334,260,0,0,0,0,0,0,0,normal,0,52,61
6/28/2025 4:00,52,5,Saturday,6,1,0,random_or_none,3,hot,0.164,260,0,0,0,0,0,0,0,normal,0,53,66
6/28/2025 5:00,53,5,Saturday,6,1,0,random_or_none,5,windy,0.812,260,0,0,0,0,0,0,0,extreme_weather,2,53,56
6/28/2025 6:00,53,5,Saturday,6,1,0,random_or_none,0,sunny,0.236,260,0,0,0,0,0,0,0,normal,0,56,60
6/28/2025 7:00,56,5,Saturday,6,1,0,random_or_none,0,sunny,0.046,260,0,0,0,0,0,0,0,normal,0,58,104
6/28/2025 8:00,58,5,Saturday,6,1,0,random_or_none,3,hot,0.632,260,0,0,0,0,0,0,0,normal,0,67,93
6/28/2025 9:00,67,5,Saturday,6,1,0,random_or_none,4,dusty,0.505,260,0,0,0,0,0,0,0,normal,0,77,89
6/28/2025 10:00,77,5,Saturday,6,1,0,random_or_none,3,hot,0.431,260,0,0,0,0,0,0,0,normal,0,85,89
6/28/2025 11:00,85,5,Saturday,6,1,0,random_or_none,3,hot,0.406,260,0,0,0,0,0,0,0,normal,0,86,91
6/28/2025 12:00,86,5,Saturday,6,1,0,random_or_none,3,hot,0.823,260,0,0,0,0,0,0,0,extreme_weather,2,95,96
6/28/2025 13:00,95,5,Saturday,6,1,0,random_or_none,2,cold,0.627,260,0,0,0,0,0,0,0,normal,0,103,92
6/28/2025 14:00,103,5,Saturday,6,1,0,random_or_none,4,dusty,0.952,260,0,0,0,0,0,0,0,extreme_weather,2,95,101
6/28/2025 15:00,95,5,Saturday,6,1,0,random_or_none,3,hot,0.487,260,0,0,0,0,0,0,0,normal,0,116,91
6/28/2025 16:00,116,5,Saturday,6,1,0,random_or_none,0,sunny,0.021,260,0,1,50.16,0,0,0,0,emergency_spike,5,110,93
6/28/2025 17:00,110,5,Saturday,6,1,0,random_or_none,3,hot,0.335,260,0,0,0,0,0,0,0,normal,0,100,88
6/28/2025 18:00,100,5,Saturday,6,1,0,random_or_none,3,hot,0.221,260,0,0,0,0,0,0,0,normal,0,96,85
6/28/2025 19:00,96,5,Saturday,6,1,0,random_or_none,3,hot,0.604,260,0,0,0,0,0,0,0,normal,0,87,89
6/28/2025 20:00,87,5,Saturday,6,1,0,random_or_none,0,sunny,0.018,260,0,0,0,0,0,0,0,normal,0,80,87
6/28/2025 21:00,80,5,Saturday,6,1,0,random_or_none,5,windy,0.82,260,0,0,0,0,0,0,0,extreme_weather,2,75,85
6/28/2025 22:00,75,5,Saturday,6,1,0,random_or_none,0,sunny,0.337,260,0,0,0,0,0,0,0,normal,0,64,74
6/28/2025 23:00,64,5,Saturday,6,1,0,random_or_none,2,cold,0.309,260,0,0,0,0,0,0,0,normal,0,55,64
6/29/2025 0:00,55,6,Sunday,6,1,0,random_or_none,0,sunny,0.157,260,0,0,0,0,0,0,0,normal,0,55,59
6/29/2025 1:00,55,6,Sunday,6,1,0,random_or_none,3,hot,0.572,260,0,0,0,0,0,0,0,normal,0,56,57
6/29/2025 2:00,56,6,Sunday,6,1,0,random_or_none,0,sunny,0.052,260,0,0,0,0,0,0,0,normal,0,61,60
6/29/2025 3:00,61,6,Sunday,6,1,0,random_or_none,0,sunny,0.254,260,0,0,0,0,0,0,0,normal,0,66,77
6/29/2025 4:00,66,6,Sunday,6,1,0,random_or_none,4,dusty,0.954,260,0,0,0,0,0,0,0,extreme_weather,2,56,78
6/29/2025 5:00,56,6,Sunday,6,1,0,random_or_none,0,sunny,0.007,260,0,0,0,0,0,0,0,normal,0,60,73
6/29/2025 6:00,60,6,Sunday,6,1,0,random_or_none,0,sunny,0.278,260,0,0,0,0,0,0,0,normal,0,104,74
6/29/2025 7:00,104,6,Sunday,6,1,0,random_or_none,3,hot,0.64,260,0,1,87.57,0,0,0,0,emergency_spike,5,93,77
6/29/2025 8:00,93,6,Sunday,6,1,0,random_or_none,4,dusty,0.69,260,0,0,0,0,0,0,0,normal,0,89,76
6/29/2025 9:00,89,6,Sunday,6,1,0,random_or_none,3,hot,0.835,260,0,0,0,0,0,0,0,extreme_weather,2,89,86
6/29/2025 10:00,89,6,Sunday,6,1,0,random_or_none,3,hot,0.743,260,0,0,0,0,0,0,0,normal,0,91,94
6/29/2025 11:00,91,6,Sunday,6,1,0,random_or_none,0,sunny,0.16,260,0,0,0,0,0,0,0,normal,0,96,90
6/29/2025 12:00,96,6,Sunday,6,1,0,random_or_none,4,dusty,1,260,0,0,0,0,0,0,0,extreme_weather,2,92,96
6/29/2025 13:00,92,6,Sunday,6,1,0,random_or_none,0,sunny,0.278,260,0,0,0,0,0,0,0,normal,0,101,102
6/29/2025 14:00,101,6,Sunday,6,1,0,random_or_none,3,hot,0.824,260,0,0,0,0,0,0,0,extreme_weather,2,91,103
6/29/2025 15:00,91,6,Sunday,6,1,0,random_or_none,0,sunny,0.35,260,0,0,0,0,0,0,0,normal,0,93,105
6/29/2025 16:00,93,6,Sunday,6,1,0,random_or_none,0,sunny,0.008,260,0,0,0,0,0,0,0,normal,0,88,104
6/29/2025 17:00,88,6,Sunday,6,1,0,random_or_none,0,sunny,0.077,260,0,0,0,0,0,0,0,normal,0,85,105
6/29/2025 18:00,85,6,Sunday,6,1,0,random_or_none,5,windy,0.692,260,0,0,0,0,0,0,0,normal,0,89,96
6/29/2025 19:00,89,6,Sunday,6,1,0,random_or_none,3,hot,0.218,260,0,0,0,0,0,0,0,normal,0,87,94
6/29/2025 20:00,87,6,Sunday,6,1,0,random_or_none,3,hot,0.667,260,0,0,0,0,0,0,0,normal,0,85,91
6/29/2025 21:00,85,6,Sunday,6,1,0,random_or_none,3,hot,0.794,260,0,0,0,0,0,0,0,extreme_weather,2,74,91
6/29/2025 22:00,74,6,Sunday,6,1,0,random_or_none,0,sunny,0.223,260,0,0,0,0,0,0,0,normal,0,64,89
6/29/2025 23:00,64,6,Sunday,6,1,0,random_or_none,0,sunny,0.267,260,0,0,0,0,0,0,0,normal,0,59,83
6/30/2025 0:00,59,0,Monday,6,0,1,random_or_none,0,sunny,0.156,260,0,0,0,0,0,0,0,holiday,1,57,75
6/30/2025 1:00,57,0,Monday,6,0,1,random_or_none,0,sunny,0.312,260,0,0,0,0,0,0,0,holiday,1,60,68
6/30/2025 2:00,60,0,Monday,6,0,1,random_or_none,0,sunny,0.155,260,0,0,0,0,0,0,0,holiday,1,77,76
6/30/2025 3:00,77,0,Monday,6,0,1,random_or_none,0,sunny,0.225,260,0,1,35.45,0,0,0,0,emergency_spike,5,78,73
6/30/2025 4:00,78,0,Monday,6,0,1,random_or_none,4,dusty,1,260,0,0,0,0,0,0,0,extreme_weather,2,73,68
6/30/2025 5:00,73,0,Monday,6,0,1,random_or_none,0,sunny,0.323,260,0,0,0,0,0,0,0,holiday,1,74,69
6/30/2025 6:00,74,0,Monday,6,0,1,random_or_none,0,sunny,0.336,260,0,0,0,0,0,0,0,holiday,1,77,72
6/30/2025 7:00,77,0,Monday,6,0,1,random_or_none,5,windy,0.523,260,0,0,0,0,0,0,0,holiday,1,76,79
6/30/2025 8:00,76,0,Monday,6,0,1,random_or_none,5,windy,0.501,260,0,0,0,0,0,0,0,holiday,1,86,93
6/30/2025 9:00,86,0,Monday,6,0,1,random_or_none,0,sunny,0.056,260,0,0,0,0,0,0,0,holiday,1,94,100
6/30/2025 10:00,94,0,Monday,6,0,1,random_or_none,0,sunny,0.159,260,0,1,29.73,0,0,0,0,emergency_spike,5,90,95
6/30/2025 11:00,90,0,Monday,6,0,1,random_or_none,3,hot,0.262,260,0,0,0,0,0,0,0,holiday,1,96,101
6/30/2025 12:00,96,0,Monday,6,0,1,random_or_none,0,sunny,0.041,260,0,0,0,0,0,0,0,holiday,1,102,103
6/30/2025 13:00,102,0,Monday,6,0,1,random_or_none,3,hot,0.412,260,0,0,0,0,0,0,0,holiday,1,103,111
6/30/2025 14:00,103,0,Monday,6,0,1,random_or_none,0,sunny,0.303,260,0,0,0,0,0,0,0,holiday,1,105,110
6/30/2025 15:00,105,0,Monday,6,0,1,random_or_none,3,hot,0.325,260,0,0,0,0,0,0,0,holiday,1,104,107
6/30/2025 16:00,104,0,Monday,6,0,1,random_or_none,0,sunny,0.019,260,0,0,0,0,0,0,0,holiday,1,105,111
6/30/2025 17:00,105,0,Monday,6,0,1,random_or_none,0,sunny,0.031,260,0,0,0,0,0,0,0,holiday,1,96,111
6/30/2025 18:00,96,0,Monday,6,0,1,random_or_none,5,windy,0.3,260,0,0,0,0,0,0,0,holiday,1,94,107
6/30/2025 19:00,94,0,Monday,6,0,1,random_or_none,3,hot,0.205,260,0,0,0,0,0,0,0,holiday,1,91,102
6/30/2025 20:00,91,0,Monday,6,0,1,random_or_none,0,sunny,0.317,260,0,0,0,0,0,0,0,holiday,1,91,96
6/30/2025 21:00,91,0,Monday,6,0,1,random_or_none,4,dusty,0.625,260,0,0,0,0,0,0,0,holiday,1,89,99
6/30/2025 22:00,89,0,Monday,6,0,1,random_or_none,4,dusty,0.944,260,0,0,0,0,0,0,0,extreme_weather,2,83,97
6/30/2025 23:00,83,0,Monday,6,0,1,random_or_none,5,windy,0.641,260,0,0,0,0,0,0,0,holiday,1,75,107
7/1/2025 0:00,75,1,Tuesday,7,0,0,random_or_none,1,rainy,0.485,260,0,0,0,0,0,0,0,normal,0,68,92
7/1/2025 1:00,68,1,Tuesday,7,0,0,random_or_none,1,rainy,0.236,260,0,0,0,0,0,0,0,normal,0,76,83
7/1/2025 2:00,76,1,Tuesday,7,0,0,random_or_none,3,hot,0.651,260,0,0,0,0,0,0,0,normal,0,73,80
7/1/2025 3:00,73,1,Tuesday,7,0,0,random_or_none,3,hot,0.965,260,0,0,0,0,0,0,0,extreme_weather,2,68,76
7/1/2025 4:00,68,1,Tuesday,7,0,0,random_or_none,1,rainy,0.216,260,0,0,0,0,0,0,0,normal,0,69,70
7/1/2025 5:00,69,1,Tuesday,7,0,0,random_or_none,3,hot,0.433,260,0,0,0,0,0,0,0,normal,0,72,66
7/1/2025 6:00,72,1,Tuesday,7,0,0,random_or_none,0,sunny,0.064,260,0,0,0,0,0,0,0,normal,0,79,65
7/1/2025 7:00,79,1,Tuesday,7,0,0,random_or_none,3,hot,1,260,0,0,0,0,0,0,0,extreme_weather,2,93,104
7/1/2025 8:00,93,1,Tuesday,7,0,0,random_or_none,4,dusty,1,260,0,0,0,0,0,0,0,extreme_weather,2,100,96
7/1/2025 9:00,100,1,Tuesday,7,0,0,random_or_none,4,dusty,0.974,260,0,0,0,0,0,0,0,extreme_weather,2,95,93
7/1/2025 10:00,95,1,Tuesday,7,0,0,random_or_none,0,sunny,0.296,260,0,0,0,0,0,0,0,normal,0,101,99
7/1/2025 11:00,101,1,Tuesday,7,0,0,random_or_none,3,hot,0.387,260,0,0,0,0,0,0,0,normal,0,103,99
7/1/2025 12:00,103,1,Tuesday,7,0,0,random_or_none,3,hot,0.72,260,0,0,0,0,0,0,0,normal,0,111,105
7/1/2025 13:00,111,1,Tuesday,7,0,0,random_or_none,2,cold,0.83,260,0,0,0,0,0,0,0,extreme_weather,2,110,113
7/1/2025 14:00,110,1,Tuesday,7,0,0,random_or_none,3,hot,0.499,260,0,0,0,0,0,0,0,normal,0,107,118
7/1/2025 15:00,107,1,Tuesday,7,0,0,random_or_none,4,dusty,0.803,260,0,0,0,0,0,0,0,extreme_weather,2,111,113
7/1/2025 16:00,111,1,Tuesday,7,0,0,random_or_none,3,hot,0.886,260,0,0,0,0,0,0,0,extreme_weather,2,111,113
7/1/2025 17:00,111,1,Tuesday,7,0,0,random_or_none,3,hot,0.881,260,0,0,0,0,0,0,0,extreme_weather,2,107,110
7/1/2025 18:00,107,1,Tuesday,7,0,0,random_or_none,0,sunny,0.28,260,0,0,0,0,0,0,0,normal,0,102,104
7/1/2025 19:00,102,1,Tuesday,7,0,0,random_or_none,0,sunny,0.214,260,0,0,0,0,0,0,0,normal,0,96,99
7/1/2025 20:00,96,1,Tuesday,7,0,0,random_or_none,0,sunny,0.028,260,0,0,0,0,0,0,0,normal,0,99,96
7/1/2025 21:00,99,1,Tuesday,7,0,0,random_or_none,3,hot,0.546,260,0,0,0,0,0,0,0,normal,0,97,97
7/1/2025 22:00,97,1,Tuesday,7,0,0,random_or_none,3,hot,1,260,0,0,0,0,0,0,0,extreme_weather,2,107,94
7/1/2025 23:00,107,1,Tuesday,7,0,0,random_or_none,0,sunny,0.147,260,0,1,50.05,0,0,0,0,emergency_spike,5,92,83
7/2/2025 0:00,92,2,Wednesday,7,0,0,random_or_none,3,hot,0.921,260,0,0,0,0,0,0,0,extreme_weather,2,83,103
7/2/2025 1:00,83,2,Wednesday,7,0,0,random_or_none,3,hot,0.958,260,0,0,0,0,0,0,0,extreme_weather,2,80,94
7/2/2025 2:00,80,2,Wednesday,7,0,0,random_or_none,4,dusty,0.421,260,0,0,0,0,0,0,0,normal,0,76,84
7/2/2025 3:00,76,2,Wednesday,7,0,0,random_or_none,3,hot,0.882,260,0,0,0,0,0,0,0,extreme_weather,2,70,69
7/2/2025 4:00,70,2,Wednesday,7,0,0,random_or_none,4,dusty,0.451,260,0,0,0,0,0,0,0,normal,0,66,64
7/2/2025 5:00,66,2,Wednesday,7,0,0,random_or_none,3,hot,0.321,260,0,0,0,0,0,0,0,normal,0,65,70
7/2/2025 6:00,65,2,Wednesday,7,0,0,random_or_none,3,hot,0.808,260,0,0,0,0,0,0,0,extreme_weather,2,104,83
7/2/2025 7:00,104,2,Wednesday,7,0,0,random_or_none,3,hot,0.901,260,0,1,77.35,0,0,0,0,emergency_spike,5,96,78
7/2/2025 8:00,96,2,Wednesday,7,0,0,random_or_none,5,windy,0.76,260,0,0,0,0,0,0,0,extreme_weather,2,93,83
7/2/2025 9:00,93,2,Wednesday,7,0,0,random_or_none,3,hot,1,260,0,0,0,0,0,0,0,extreme_weather,2,99,90
7/2/2025 10:00,99,2,Wednesday,7,0,0,random_or_none,3,hot,0.982,260,0,0,0,0,0,0,0,extreme_weather,2,99,95
7/2/2025 11:00,99,2,Wednesday,7,0,0,random_or_none,1,rainy,0.434,260,0,0,0,0,0,0,0,normal,0,105,93
7/2/2025 12:00,105,2,Wednesday,7,0,0,random_or_none,1,rainy,0.942,260,0,0,0,0,0,0,0,extreme_weather,2,113,98
7/2/2025 13:00,113,2,Wednesday,7,0,0,random_or_none,3,hot,1,260,0,0,0,0,0,0,0,extreme_weather,2,118,104
7/2/2025 14:00,118,2,Wednesday,7,0,0,random_or_none,4,dusty,1,260,0,0,0,0,0,0,0,extreme_weather,2,113,111
7/2/2025 15:00,113,2,Wednesday,7,0,0,random_or_none,3,hot,0.4,260,0,0,0,0,0,0,0,normal,0,113,106
7/2/2025 16:00,113,2,Wednesday,7,0,0,random_or_none,3,hot,0.803,260,0,0,0,0,0,0,0,extreme_weather,2,110,111
7/2/2025 17:00,110,2,Wednesday,7,0,0,random_or_none,4,dusty,0.707,260,0,0,0,0,0,0,0,normal,0,104,110
7/2/2025 18:00,104,2,Wednesday,7,0,0,random_or_none,3,hot,0.646,260,0,0,0,0,0,0,0,normal,0,99,108
7/2/2025 19:00,99,2,Wednesday,7,0,0,random_or_none,0,sunny,0.292,260,0,0,0,0,0,0,0,normal,0,96,100
7/2/2025 20:00,96,2,Wednesday,7,0,0,random_or_none,3,hot,0.84,260,0,0,0,0,0,0,0,extreme_weather,2,97,97
7/2/2025 21:00,97,2,Wednesday,7,0,0,random_or_none,4,dusty,0.724,260,0,0,0,0,0,0,0,normal,0,94,96
7/2/2025 22:00,94,2,Wednesday,7,0,0,random_or_none,3,hot,1,260,0,0,0,0,0,0,0,extreme_weather,2,83,94
7/2/2025 23:00,83,2,Wednesday,7,0,0,random_or_none,3,hot,0.37,260,0,0,0,0,0,0,0,normal,0,103,88
7/3/2025 0:00,103,3,Thursday,7,0,0,random_or_none,4,dusty,0.745,260,0,1,56.64,0,0,0,0,emergency_spike,5,94,127
7/3/2025 1:00,94,3,Thursday,7,0,0,random_or_none,3,hot,0.896,260,0,0,0,0,0,0,0,extreme_weather,2,84,95
7/3/2025 2:00,84,3,Thursday,7,0,0,random_or_none,3,hot,1,260,0,0,0,0,0,0,0,extreme_weather,2,69,84
7/3/2025 3:00,69,3,Thursday,7,0,0,random_or_none,0,sunny,0.134,260,0,0,0,0,0,0,0,normal,0,64,78
7/3/2025 4:00,64,3,Thursday,7,0,0,random_or_none,3,hot,0.64,260,0,0,0,0,0,0,0,normal,0,70,77
7/3/2025 5:00,70,3,Thursday,7,0,0,random_or_none,3,hot,0.764,260,0,0,0,0,0,0,0,extreme_weather,2,83,79
7/3/2025 6:00,83,3,Thursday,7,0,0,random_or_none,1,rainy,0.895,260,0,0,0,0,0,0,0,extreme_weather,2,78,76
7/3/2025 7:00,78,3,Thursday,7,0,0,random_or_none,3,hot,0.311,260,0,0,0,0,0,0,0,normal,0,83,83
7/3/2025 8:00,83,3,Thursday,7,0,0,random_or_none,3,hot,0.377,260,0,0,0,0,0,0,0,normal,0,90,83
7/3/2025 9:00,90,3,Thursday,7,0,0,random_or_none,3,hot,1,260,0,0,0,0,0,0,0,extreme_weather,2,95,83
7/3/2025 10:00,95,3,Thursday,7,0,0,random_or_none,3,hot,0.918,260,0,0,0,0,0,0,0,extreme_weather,2,93,89
7/3/2025 11:00,93,3,Thursday,7,0,0,random_or_none,0,sunny,0.078,260,0,0,0,0,0,0,0,normal,0,98,100
7/3/2025 12:00,98,3,Thursday,7,0,0,random_or_none,0,sunny,0.102,260,0,0,0,0,0,0,0,normal,0,104,109
7/3/2025 13:00,104,3,Thursday,7,0,0,random_or_none,3,hot,0.711,260,0,0,0,0,0,0,0,normal,0,111,119
7/3/2025 14:00,111,3,Thursday,7,0,0,random_or_none,3,hot,0.944,260,0,0,0,0,0,0,0,extreme_weather,2,106,111
7/3/2025 15:00,106,3,Thursday,7,0,0,random_or_none,0,sunny,0.267,260,0,0,0,0,0,0,0,normal,0,111,111
7/3/2025 16:00,111,3,Thursday,7,0,0,random_or_none,1,rainy,0.709,260,0,0,0,0,0,0,0,normal,0,110,106
7/3/2025 17:00,110,3,Thursday,7,0,0,random_or_none,4,dusty,0.76,260,0,0,0,0,0,0,0,extreme_weather,2,108,99
7/3/2025 18:00,108,3,Thursday,7,0,0,random_or_none,3,hot,0.255,260,0,0,0,0,0,0,0,normal,0,100,98
7/3/2025 19:00,100,3,Thursday,7,0,0,random_or_none,3,hot,0.888,260,0,0,0,0,0,0,0,extreme_weather,2,97,103
7/3/2025 20:00,97,3,Thursday,7,0,0,random_or_none,4,dusty,0.969,260,0,0,0,0,0,0,0,extreme_weather,2,96,101
7/3/2025 21:00,96,3,Thursday,7,0,0,random_or_none,3,hot,0.992,260,0,0,0,0,0,0,0,extreme_weather,2,94,102
7/3/2025 22:00,94,3,Thursday,7,0,0,random_or_none,4,dusty,1,260,0,0,0,0,0,0,0,extreme_weather,2,88,91
7/3/2025 23:00,88,3,Thursday,7,0,0,random_or_none,3,hot,0.776,260,0,0,0,0,0,0,0,extreme_weather,2,127,79
7/4/2025 0:00,127,4,Friday,7,0,0,random_or_none,3,hot,0.692,260,0,1,106.17,0,0,0,0,emergency_spike,5,95,67
7/4/2025 1:00,95,4,Friday,7,0,0,random_or_none,0,sunny,0.007,260,0,0,0,0,0,0,0,normal,0,84,61
7/4/2025 2:00,84,4,Friday,7,0,0,random_or_none,3,hot,0.983,260,0,0,0,0,0,0,0,extreme_weather,2,78,61
7/4/2025 3:00,78,4,Friday,7,0,0,random_or_none,0,sunny,0.013,260,0,0,0,0,0,0,0,normal,0,77,54
7/4/2025 4:00,77,4,Friday,7,0,0,random_or_none,3,hot,0.628,260,0,0,0,0,0,0,0,normal,0,79,59
7/4/2025 5:00,79,4,Friday,7,0,0,random_or_none,3,hot,0.852,260,0,0,0,0,0,0,0,extreme_weather,2,76,62
7/4/2025 6:00,76,4,Friday,7,0,0,random_or_none,3,hot,0.791,260,0,0,0,0,0,0,0,extreme_weather,2,83,57
7/4/2025 7:00,83,4,Friday,7,0,0,random_or_none,0,sunny,0.272,260,0,0,0,0,0,0,0,normal,0,83,62
7/4/2025 8:00,83,4,Friday,7,0,0,random_or_none,3,hot,0.354,260,0,0,0,0,0,0,0,normal,0,83,58
7/4/2025 9:00,83,4,Friday,7,0,0,random_or_none,3,hot,0.406,260,0,0,0,0,0,0,0,normal,0,89,76
7/4/2025 10:00,89,4,Friday,7,0,0,random_or_none,4,dusty,0.824,260,0,0,0,0,0,0,0,extreme_weather,2,100,89
7/4/2025 11:00,100,4,Friday,7,0,0,random_or_none,4,dusty,1,260,0,0,0,0,0,0,0,extreme_weather,2,109,89
7/4/2025 12:00,109,4,Friday,7,0,0,random_or_none,3,hot,0.74,260,0,0,0,0,0,0,0,normal,0,119,90
7/4/2025 13:00,119,4,Friday,7,0,0,random_or_none,4,dusty,0.921,260,0,0,0,0,0,0,0,extreme_weather,2,111,121
7/4/2025 14:00,111,4,Friday,7,0,0,random_or_none,0,sunny,0.322,260,0,0,0,0,0,0,0,normal,0,111,109
7/4/2025 15:00,111,4,Friday,7,0,0,random_or_none,3,hot,1,260,0,0,0,0,0,0,0,extreme_weather,2,106,101
7/4/2025 16:00,106,4,Friday,7,0,0,random_or_none,0,sunny,0.018,260,0,0,0,0,0,0,0,normal,0,99,99
7/4/2025 17:00,99,4,Friday,7,0,0,random_or_none,0,sunny,0.328,260,0,0,0,0,0,0,0,normal,0,98,105
7/4/2025 18:00,98,4,Friday,7,0,0,random_or_none,0,sunny,0.082,260,0,0,0,0,0,0,0,normal,0,103,93
7/4/2025 19:00,103,4,Friday,7,0,0,random_or_none,3,hot,0.373,260,0,0,0,0,0,0,0,normal,0,101,90
7/4/2025 20:00,101,4,Friday,7,0,0,random_or_none,5,windy,0.603,260,0,0,0,0,0,0,0,normal,0,102,85
7/4/2025 21:00,102,4,Friday,7,0,0,random_or_none,3,hot,1,260,0,0,0,0,0,0,0,extreme_weather,2,91,76
7/4/2025 22:00,91,4,Friday,7,0,0,random_or_none,5,windy,0.732,260,0,0,0,0,0,0,0,normal,0,79,71
7/4/2025 23:00,79,4,Friday,7,0,0,random_or_none,3,hot,0.367,260,0,0,0,0,0,0,0,normal,0,67,73
7/5/2025 0:00,67,5,Saturday,7,1,0,random_or_none,0,sunny,0.249,260,0,0,0,0,0,0,0,normal,0,61,60
7/5/2025 1:00,61,5,Saturday,7,1,0,random_or_none,0,sunny,0.302,260,0,0,0,0,0,0,0,normal,0,61,57
7/5/2025 2:00,61,5,Saturday,7,1,0,random_or_none,4,dusty,0.572,260,0,0,0,0,0,0,0,normal,0,54,53
7/5/2025 3:00,54,5,Saturday,7,1,0,random_or_none,3,hot,0.86,260,0,0,0,0,0,0,0,extreme_weather,2,59,49
7/5/2025 4:00,59,5,Saturday,7,1,0,random_or_none,3,hot,0.837,260,0,0,0,0,0,0,0,extreme_weather,2,62,45
7/5/2025 5:00,62,5,Saturday,7,1,0,random_or_none,3,hot,1,260,0,0,0,0,0,0,0,extreme_weather,2,57,53
7/5/2025 6:00,57,5,Saturday,7,1,0,random_or_none,0,sunny,0.148,260,0,0,0,0,0,0,0,normal,0,62,60
7/5/2025 7:00,62,5,Saturday,7,1,0,random_or_none,0,sunny,0.04,260,0,0,0,0,0,0,0,normal,0,58,60
7/5/2025 8:00,58,5,Saturday,7,1,0,random_or_none,0,sunny,0.202,260,0,0,0,0,0,0,0,normal,0,76,67
7/5/2025 9:00,76,5,Saturday,7,1,0,random_or_none,4,dusty,0.968,260,0,0,0,0,0,0,0,extreme_weather,2,89,69
7/5/2025 10:00,89,5,Saturday,7,1,0,random_or_none,4,dusty,0.525,260,0,0,0,0,0,0,0,normal,0,89,78
7/5/2025 11:00,89,5,Saturday,7,1,0,random_or_none,4,dusty,0.41,260,0,0,0,0,0,0,0,normal,0,90,88
7/5/2025 12:00,90,5,Saturday,7,1,0,random_or_none,3,hot,0.642,260,0,0,0,0,0,0,0,normal,0,121,89
7/5/2025 13:00,121,5,Saturday,7,1,0,random_or_none,3,hot,0.755,260,0,1,61.96,0,0,0,0,emergency_spike,5,109,88
7/5/2025 14:00,109,5,Saturday,7,1,0,random_or_none,2,cold,0.4,260,0,0,0,0,0,0,0,normal,0,101,88
7/5/2025 15:00,101,5,Saturday,7,1,0,random_or_none,3,hot,0.264,260,0,0,0,0,0,0,0,normal,0,99,89
7/5/2025 16:00,99,5,Saturday,7,1,0,random_or_none,3,hot,0.649,260,0,0,0,0,0,0,0,normal,0,105,93
7/5/2025 17:00,105,5,Saturday,7,1,0,random_or_none,4,dusty,0.963,260,0,0,0,0,0,0,0,extreme_weather,2,93,96
7/5/2025 18:00,93,5,Saturday,7,1,0,random_or_none,4,dusty,0.611,260,0,0,0,0,0,0,0,normal,0,90,95
7/5/2025 19:00,90,5,Saturday,7,1,0,random_or_none,3,hot,0.708,260,0,0,0,0,0,0,0,normal,0,85,93
7/5/2025 20:00,85,5,Saturday,7,1,0,random_or_none,3,hot,0.639,260,0,0,0,0,0,0,0,normal,0,76,86
7/5/2025 21:00,76,5,Saturday,7,1,0,random_or_none,0,sunny,0.258,260,0,0,0,0,0,0,0,normal,0,71,80
7/5/2025 22:00,71,5,Saturday,7,1,0,random_or_none,0,sunny,0.055,260,0,0,0,0,0,0,0,normal,0,73,71
7/5/2025 23:00,73,5,Saturday,7,1,0,random_or_none,3,hot,0.831,260,0,0,0,0,0,0,0,extreme_weather,2,60,65
7/6/2025 0:00,60,6,Sunday,7,1,0,random_or_none,0,sunny,0.104,260,0,0,0,0,0,0,0,normal,0,57,64
7/6/2025 1:00,57,6,Sunday,7,1,0,random_or_none,4,dusty,0.857,260,0,0,0,0,0,0,0,extreme_weather,2,53,70
7/6/2025 2:00,53,6,Sunday,7,1,0,random_or_none,4,dusty,0.615,260,0,0,0,0,0,0,0,normal,0,49,65
7/6/2025 3:00,49,6,Sunday,7,1,0,random_or_none,0,sunny,0.218,260,0,0,0,0,0,0,0,normal,0,45,68
7/6/2025 4:00,45,6,Sunday,7,1,0,random_or_none,3,hot,0.612,260,0,0,0,0,0,0,0,normal,0,53,73
7/6/2025 5:00,53,6,Sunday,7,1,0,random_or_none,3,hot,0.701,260,0,0,0,0,0,0,0,normal,0,60,74
7/6/2025 6:00,60,6,Sunday,7,1,0,random_or_none,4,dusty,0.459,260,0,0,0,0,0,0,0,normal,0,60,80
7/6/2025 7:00,60,6,Sunday,7,1,0,random_or_none,4,dusty,0.386,260,0,0,0,0,0,0,0,normal,0,67,77
7/6/2025 8:00,67,6,Sunday,7,1,0,random_or_none,3,hot,0.671,260,0,0,0,0,0,0,0,normal,0,69,85
7/6/2025 9:00,69,6,Sunday,7,1,0,random_or_none,3,hot,0.821,260,0,0,0,0,0,0,0,extreme_weather,2,78,92
7/6/2025 10:00,78,6,Sunday,7,1,0,random_or_none,3,hot,0.519,260,0,0,0,0,0,0,0,normal,0,88,93
7/6/2025 11:00,88,6,Sunday,7,1,0,random_or_none,3,hot,0.327,260,0,0,0,0,0,0,0,normal,0,89,96
7/6/2025 12:00,89,6,Sunday,7,1,0,random_or_none,0,sunny,0.116,260,0,0,0,0,0,0,0,normal,0,88,108
7/6/2025 13:00,88,6,Sunday,7,1,0,random_or_none,0,sunny,0.346,260,0,0,0,0,0,0,0,normal,0,88,112
7/6/2025 14:00,88,6,Sunday,7,1,0,random_or_none,4,dusty,0.767,260,0,0,0,0,0,0,0,extreme_weather,2,89,112
7/6/2025 15:00,89,6,Sunday,7,1,0,random_or_none,4,dusty,0.581,260,0,0,0,0,0,0,0,normal,0,93,168
7/6/2025 16:00,93,6,Sunday,7,1,0,random_or_none,4,dusty,0.565,260,0,0,0,0,0,0,0,normal,0,96,146
7/6/2025 17:00,96,6,Sunday,7,1,0,random_or_none,0,sunny,0.046,260,0,0,0,0,0,0,0,normal,0,95,128
7/6/2025 18:00,95,6,Sunday,7,1,0,random_or_none,3,hot,0.813,260,0,0,0,0,0,0,0,extreme_weather,2,93,138
7/6/2025 19:00,93,6,Sunday,7,1,0,random_or_none,1,rainy,0.366,260,0,0,0,0,0,0,0,normal,0,86,137
7/6/2025 20:00,86,6,Sunday,7,1,0,random_or_none,3,hot,0.78,260,0,0,0,0,0,0,0,extreme_weather,2,80,136
7/6/2025 21:00,80,6,Sunday,7,1,0,random_or_none,4,dusty,0.721,260,0,0,0,0,0,0,0,normal,0,71,131
7/6/2025 22:00,71,6,Sunday,7,1,0,random_or_none,3,hot,1,260,0,0,0,0,0,0,0,extreme_weather,2,65,117
7/6/2025 23:00,65,6,Sunday,7,1,0,random_or_none,3,hot,0.305,260,0,0,0,0,0,0,0,normal,0,64,113
7/7/2025 0:00,64,0,Monday,7,0,0,random_or_none,4,dusty,0.465,260,0,0,0,0,0,0,0,normal,0,70,99
7/7/2025 1:00,70,0,Monday,7,0,0,random_or_none,4,dusty,0.717,260,0,0,0,0,0,0,0,normal,0,65,86
7/7/2025 2:00,65,0,Monday,7,0,0,random_or_none,0,sunny,0.035,260,0,0,0,0,0,0,0,normal,0,68,83
7/7/2025 3:00,68,0,Monday,7,0,0,random_or_none,3,hot,1,260,0,0,0,0,0,0,0,extreme_weather,2,73,85
7/7/2025 4:00,73,0,Monday,7,0,0,random_or_none,4,dusty,0.782,260,0,0,0,0,0,0,0,extreme_weather,2,74,95
7/7/2025 5:00,74,0,Monday,7,0,0,random_or_none,3,hot,0.765,260,0,0,0,0,0,0,0,extreme_weather,2,80,95
7/7/2025 6:00,80,0,Monday,7,0,0,random_or_none,3,hot,0.343,260,0,0,0,0,0,0,0,normal,0,77,104
7/7/2025 7:00,77,0,Monday,7,0,0,random_or_none,3,hot,0.369,260,0,0,0,0,0,0,0,normal,0,85,105
7/7/2025 8:00,85,0,Monday,7,0,0,random_or_none,3,hot,0.568,260,0,0,0,0,0,0,0,normal,0,92,117
7/7/2025 9:00,92,0,Monday,7,0,0,random_or_none,3,hot,0.883,260,0,0,0,0,0,0,0,extreme_weather,2,93,121
7/7/2025 10:00,93,0,Monday,7,0,0,random_or_none,3,hot,0.79,260,0,0,0,0,0,0,0,extreme_weather,2,96,192
7/7/2025 11:00,96,0,Monday,7,0,0,random_or_none,0,sunny,0.091,260,0,0,0,0,0,0,0,normal,0,108,168
7/7/2025 12:00,108,0,Monday,7,0,0,random_or_none,3,hot,0.842,260,0,0,0,0,0,0,0,extreme_weather,2,112,160
7/7/2025 13:00,112,0,Monday,7,0,0,random_or_none,3,hot,0.999,260,0,0,0,0,0,0,0,extreme_weather,2,112,148
7/7/2025 14:00,112,0,Monday,7,0,0,random_or_none,0,sunny,0.189,260,0,0,0,0,0,0,0,normal,0,168,146
7/7/2025 15:00,168,0,Monday,7,0,0,random_or_none,3,hot,0.94,260,0,1,102.43,0,0,0,0,emergency_spike,5,146,153
7/7/2025 16:00,146,0,Monday,7,0,0,random_or_none,3,hot,0.854,260,0,0,0,0,0,0,0,extreme_weather,2,128,150
7/7/2025 17:00,128,0,Monday,7,0,0,random_or_none,1,rainy,0.494,260,0,0,0,0,0,0,0,normal,0,138,149
7/7/2025 18:00,138,0,Monday,7,0,0,random_or_none,4,dusty,0.982,260,0,0,0,1,0.325,0,0,outbreak_period,3,137,153
7/7/2025 19:00,137,0,Monday,7,0,0,random_or_none,3,hot,0.374,260,0,0,0,1,0.325,0,0,outbreak_period,3,136,155
7/7/2025 20:00,136,0,Monday,7,0,0,random_or_none,4,dusty,0.599,260,0,0,0,1,0.325,0,0,outbreak_period,3,131,142
7/7/2025 21:00,131,0,Monday,7,0,0,random_or_none,4,dusty,0.881,260,0,0,0,1,0.325,0,0,outbreak_period,3,117,133
7/7/2025 22:00,117,0,Monday,7,0,0,random_or_none,3,hot,0.498,260,0,0,0,1,0.325,0,0,outbreak_period,3,113,118
7/7/2025 23:00,113,0,Monday,7,0,0,random_or_none,4,dusty,0.66,260,0,0,0,1,0.325,0,0,outbreak_period,3,99,111
7/8/2025 0:00,99,1,Tuesday,7,0,0,random_or_none,0,sunny,0.112,260,0,0,0,1,0.325,0,0,outbreak_period,3,86,97
7/8/2025 1:00,86,1,Tuesday,7,0,0,random_or_none,0,sunny,0.06,260,0,0,0,1,0.325,0,0,outbreak_period,3,83,90
7/8/2025 2:00,83,1,Tuesday,7,0,0,random_or_none,3,hot,0.363,260,0,0,0,1,0.325,0,0,outbreak_period,3,85,85
7/8/2025 3:00,85,1,Tuesday,7,0,0,random_or_none,3,hot,1,260,0,0,0,1,0.325,0,0,outbreak_period,3,95,84
7/8/2025 4:00,95,1,Tuesday,7,0,0,random_or_none,3,hot,0.759,260,0,0,0,1,0.325,0,0,outbreak_period,3,95,80
7/8/2025 5:00,95,1,Tuesday,7,0,0,random_or_none,3,hot,0.518,260,0,0,0,1,0.325,0,0,outbreak_period,3,104,80
7/8/2025 6:00,104,1,Tuesday,7,0,0,random_or_none,0,sunny,0.061,260,0,1,27.39,1,0.325,0,0,emergency_spike,5,105,87
7/8/2025 7:00,105,1,Tuesday,7,0,0,random_or_none,3,hot,0.811,260,0,0,0,1,0.325,0,0,outbreak_period,3,117,90
7/8/2025 8:00,117,1,Tuesday,7,0,0,random_or_none,3,hot,1,260,0,0,0,1,0.325,0,0,outbreak_period,3,121,98
7/8/2025 9:00,121,1,Tuesday,7,0,0,random_or_none,3,hot,0.47,260,0,0,0,1,0.325,0,0,outbreak_period,3,192,96
7/8/2025 10:00,192,1,Tuesday,7,0,0,random_or_none,3,hot,0.916,260,0,1,147.67,1,0.325,0,0,emergency_spike,5,168,131
7/8/2025 11:00,168,1,Tuesday,7,0,0,random_or_none,4,dusty,0.681,260,0,0,0,1,0.325,0,0,outbreak_period,3,160,130
7/8/2025 12:00,160,1,Tuesday,7,0,0,random_or_none,4,dusty,0.463,260,0,0,0,1,0.325,0,0,outbreak_period,3,148,131
7/8/2025 13:00,148,1,Tuesday,7,0,0,random_or_none,3,hot,0.346,260,0,0,0,1,0.325,0,0,outbreak_period,3,146,178
7/8/2025 14:00,146,1,Tuesday,7,0,0,random_or_none,0,sunny,0.112,260,0,0,0,1,0.325,0,0,outbreak_period,3,153,157
7/8/2025 15:00,153,1,Tuesday,7,0,0,random_or_none,3,hot,0.994,260,0,0,0,1,0.325,0,0,outbreak_period,3,150,144
7/8/2025 16:00,150,1,Tuesday,7,0,0,random_or_none,3,hot,0.581,260,0,0,0,1,0.325,0,0,outbreak_period,3,149,142
7/8/2025 17:00,149,1,Tuesday,7,0,0,random_or_none,3,hot,0.65,260,0,0,0,1,0.325,0,0,outbreak_period,3,153,134
7/8/2025 18:00,153,1,Tuesday,7,0,0,random_or_none,3,hot,0.612,260,0,0,0,1,0.325,0,0,outbreak_period,3,155,142
7/8/2025 19:00,155,1,Tuesday,7,0,0,random_or_none,4,dusty,0.857,260,0,0,0,1,0.325,0,0,outbreak_period,3,142,134
7/8/2025 20:00,142,1,Tuesday,7,0,0,random_or_none,4,dusty,0.551,260,0,0,0,1,0.325,0,0,outbreak_period,3,133,125
7/8/2025 21:00,133,1,Tuesday,7,0,0,random_or_none,0,sunny,0.136,260,0,0,0,1,0.325,0,0,outbreak_period,3,118,113
7/8/2025 22:00,118,1,Tuesday,7,0,0,random_or_none,4,dusty,0.45,260,0,0,0,1,0.325,0,0,outbreak_period,3,111,104
7/8/2025 23:00,111,1,Tuesday,7,0,0,random_or_none,3,hot,0.682,260,0,0,0,1,0.325,0,0,outbreak_period,3,97,92
7/9/2025 0:00,97,2,Wednesday,7,0,1,random_or_none,4,dusty,0.67,260,0,0,0,1,0.325,0,0,outbreak_period,3,90,89
7/9/2025 1:00,90,2,Wednesday,7,0,1,random_or_none,1,rainy,0.805,260,0,0,0,1,0.325,0,0,outbreak_period,3,85,88
7/9/2025 2:00,85,2,Wednesday,7,0,1,random_or_none,4,dusty,0.734,260,0,0,0,1,0.325,0,0,outbreak_period,3,84,80
7/9/2025 3:00,84,2,Wednesday,7,0,1,random_or_none,3,hot,1,260,0,0,0,1,0.325,0,0,outbreak_period,3,80,109
7/9/2025 4:00,80,2,Wednesday,7,0,1,random_or_none,3,hot,0.814,260,0,0,0,1,0.325,0,0,outbreak_period,3,80,102
7/9/2025 5:00,80,2,Wednesday,7,0,1,random_or_none,3,hot,0.579,260,0,0,0,1,0.325,0,0,outbreak_period,3,87,87
7/9/2025 6:00,87,2,Wednesday,7,0,1,random_or_none,3,hot,0.643,260,0,0,0,1,0.325,0,0,outbreak_period,3,90,96
7/9/2025 7:00,90,2,Wednesday,7,0,1,random_or_none,3,hot,0.86,260,0,0,0,1,0.325,0,0,outbreak_period,3,98,104
7/9/2025 8:00,98,2,Wednesday,7,0,1,random_or_none,3,hot,0.791,260,0,0,0,1,0.325,0,0,outbreak_period,3,96,111
7/9/2025 9:00,96,2,Wednesday,7,0,1,random_or_none,0,sunny,0.098,260,0,0,0,1,0.325,0,0,outbreak_period,3,131,116
7/9/2025 10:00,131,2,Wednesday,7,0,1,random_or_none,3,hot,0.703,260,0,1,43.87,1,0.325,0,0,emergency_spike,5,130,124
7/9/2025 11:00,130,2,Wednesday,7,0,1,random_or_none,3,hot,1,260,0,0,0,1,0.325,0,0,outbreak_period,3,131,123
7/9/2025 12:00,131,2,Wednesday,7,0,1,random_or_none,4,dusty,0.465,260,0,0,0,1,0.325,0,0,outbreak_period,3,178,136
7/9/2025 13:00,178,2,Wednesday,7,0,1,random_or_none,0,sunny,0.292,260,0,1,101.32,1,0.325,0,0,emergency_spike,5,157,141
7/9/2025 14:00,157,2,Wednesday,7,0,1,random_or_none,0,sunny,0.027,260,0,0,0,1,0.325,0,0,outbreak_period,3,144,137
7/9/2025 15:00,144,2,Wednesday,7,0,1,random_or_none,0,sunny,0.144,260,0,0,0,1,0.325,0,0,outbreak_period,3,142,138
7/9/2025 16:00,142,2,Wednesday,7,0,1,random_or_none,3,hot,0.79,260,0,0,0,1,0.325,0,0,outbreak_period,3,134,144
7/9/2025 17:00,134,2,Wednesday,7,0,1,random_or_none,0,sunny,0.029,260,0,0,0,1,0.325,0,0,outbreak_period,3,142,141
7/9/2025 18:00,142,2,Wednesday,7,0,1,random_or_none,4,dusty,1,260,0,0,0,1,0.325,0,0,outbreak_period,3,134,148
7/9/2025 19:00,134,2,Wednesday,7,0,1,random_or_none,3,hot,1,260,0,0,0,1,0.325,0,0,outbreak_period,3,125,131
7/9/2025 20:00,125,2,Wednesday,7,0,1,random_or_none,5,windy,0.826,260,0,0,0,1,0.325,0,0,outbreak_period,3,113,129
7/9/2025 21:00,113,2,Wednesday,7,0,1,random_or_none,0,sunny,0.182,260,0,0,0,1,0.325,0,0,outbreak_period,3,104,121
7/9/2025 22:00,104,2,Wednesday,7,0,1,random_or_none,4,dusty,0.819,260,0,0,0,1,0.325,0,0,outbreak_period,3,92,118
7/9/2025 23:00,92,2,Wednesday,7,0,1,random_or_none,0,sunny,0.038,260,0,0,0,1,0.325,0,0,outbreak_period,3,89,106
7/10/2025 0:00,89,3,Thursday,7,0,0,random_or_none,3,hot,0.351,260,0,0,0,1,0.325,0,0,outbreak_period,3,88,101
7/10/2025 1:00,88,3,Thursday,7,0,0,random_or_none,1,rainy,0.441,260,0,0,0,1,0.325,0,0,outbreak_period,3,80,95
7/10/2025 2:00,80,3,Thursday,7,0,0,random_or_none,3,hot,0.525,260,0,0,0,1,0.325,0,0,outbreak_period,3,109,98
7/10/2025 3:00,109,3,Thursday,7,0,0,random_or_none,0,sunny,0.086,260,0,1,62.93,1,0.325,0,0,emergency_spike,5,102,94
7/10/2025 4:00,102,3,Thursday,7,0,0,random_or_none,3,hot,0.541,260,0,0,0,1,0.325,0,0,outbreak_period,3,87,96
7/10/2025 5:00,87,3,Thursday,7,0,0,random_or_none,0,sunny,0.047,260,0,0,0,1,0.325,0,0,outbreak_period,3,96,95
7/10/2025 6:00,96,3,Thursday,7,0,0,random_or_none,3,hot,1,260,0,0,0,1,0.325,0,0,outbreak_period,3,104,95
7/10/2025 7:00,104,3,Thursday,7,0,0,random_or_none,3,hot,0.736,260,0,0,0,1,0.325,0,0,outbreak_period,3,111,92
7/10/2025 8:00,111,3,Thursday,7,0,0,random_or_none,3,hot,0.701,260,0,0,0,1,0.325,0,0,outbreak_period,3,116,95
7/10/2025 9:00,116,3,Thursday,7,0,0,random_or_none,4,dusty,0.71,260,0,0,0,1,0.325,0,0,outbreak_period,3,124,107
7/10/2025 10:00,124,3,Thursday,7,0,0,random_or_none,3,hot,0.755,260,0,0,0,1,0.325,0,0,outbreak_period,3,123,114
7/10/2025 11:00,123,3,Thursday,7,0,0,random_or_none,3,hot,1,260,0,0,0,1,0.325,0,0,outbreak_period,3,136,127
7/10/2025 12:00,136,3,Thursday,7,0,0,random_or_none,4,dusty,0.978,260,0,0,0,1,0.325,0,0,outbreak_period,3,141,126
7/10/2025 13:00,141,3,Thursday,7,0,0,random_or_none,3,hot,0.588,260,0,0,0,1,0.325,0,0,outbreak_period,3,137,135
7/10/2025 14:00,137,3,Thursday,7,0,0,random_or_none,0,sunny,0.027,260,0,0,0,1,0.325,0,0,outbreak_period,3,138,141
7/10/2025 15:00,138,3,Thursday,7,0,0,random_or_none,3,hot,0.541,260,0,0,0,1,0.325,0,0,outbreak_period,3,144,189
7/10/2025 16:00,144,3,Thursday,7,0,0,random_or_none,3,hot,0.52,260,0,0,0,1,0.325,0,0,outbreak_period,3,141,171
7/10/2025 17:00,141,3,Thursday,7,0,0,random_or_none,5,windy,0.585,260,0,0,0,1,0.325,0,0,outbreak_period,3,148,159
7/10/2025 18:00,148,3,Thursday,7,0,0,random_or_none,4,dusty,0.891,260,0,0,0,1,0.325,0,0,outbreak_period,3,131,217
7/10/2025 19:00,131,3,Thursday,7,0,0,random_or_none,0,sunny,0.197,260,0,0,0,1,0.325,0,0,outbreak_period,3,129,178
7/10/2025 20:00,129,3,Thursday,7,0,0,random_or_none,3,hot,0.987,260,0,0,0,1,0.325,0,0,outbreak_period,3,121,158
7/10/2025 21:00,121,3,Thursday,7,0,0,random_or_none,5,windy,0.155,260,0,0,0,1,0.325,0,0,outbreak_period,3,118,140
7/10/2025 22:00,118,3,Thursday,7,0,0,random_or_none,4,dusty,0.734,260,0,0,0,1,0.325,0,0,outbreak_period,3,106,126
7/10/2025 23:00,106,3,Thursday,7,0,0,random_or_none,0,sunny,0.187,260,0,0,0,1,0.325,0,0,outbreak_period,3,101,110
7/11/2025 0:00,101,4,Friday,7,0,0,random_or_none,3,hot,1,260,0,0,0,1,0.325,0,0,outbreak_period,3,95,94
7/11/2025 1:00,95,4,Friday,7,0,0,random_or_none,0,sunny,0.242,260,0,0,0,1,0.325,0,0,outbreak_period,3,98,92
7/11/2025 2:00,98,4,Friday,7,0,0,random_or_none,3,hot,0.849,260,0,0,0,1,0.325,0,0,outbreak_period,3,94,82
7/11/2025 3:00,94,4,Friday,7,0,0,random_or_none,3,hot,0.603,260,0,0,0,1,0.325,0,0,outbreak_period,3,96,82
7/11/2025 4:00,96,4,Friday,7,0,0,random_or_none,3,hot,1,260,0,0,0,1,0.325,0,0,outbreak_period,3,95,77
7/11/2025 5:00,95,4,Friday,7,0,0,random_or_none,0,sunny,0.272,260,0,0,0,1,0.325,0,0,outbreak_period,3,95,79
7/11/2025 6:00,95,4,Friday,7,0,0,random_or_none,3,hot,0.315,260,0,0,0,1,0.325,0,0,outbreak_period,3,92,76
7/11/2025 7:00,92,4,Friday,7,0,0,random_or_none,0,sunny,0.189,260,0,0,0,1,0.325,0,0,outbreak_period,3,95,86
7/11/2025 8:00,95,4,Friday,7,0,0,random_or_none,0,sunny,0.325,260,0,0,0,1,0.325,0,0,outbreak_period,3,107,93
7/11/2025 9:00,107,4,Friday,7,0,0,random_or_none,0,sunny,0.237,260,0,0,0,1,0.325,0,0,outbreak_period,3,114,97
7/11/2025 10:00,114,4,Friday,7,0,0,random_or_none,0,sunny,0.203,260,0,0,0,1,0.325,0,0,outbreak_period,3,127,108
7/11/2025 11:00,127,4,Friday,7,0,0,random_or_none,3,hot,1,260,0,0,0,1,0.325,0,0,outbreak_period,3,126,120
7/11/2025 12:00,126,4,Friday,7,0,0,random_or_none,0,sunny,0.05,260,0,0,0,1,0.325,0,0,outbreak_period,3,135,155
7/11/2025 13:00,135,4,Friday,7,0,0,random_or_none,3,hot,0.616,260,0,0,0,1,0.325,0,0,outbreak_period,3,141,149
7/11/2025 14:00,141,4,Friday,7,0,0,random_or_none,5,windy,0.883,260,0,0,0,1,0.325,0,0,outbreak_period,3,189,137
7/11/2025 15:00,189,4,Friday,7,0,0,random_or_none,3,hot,0.369,260,0,1,94.2,1,0.325,0,0,emergency_spike,5,171,137
7/11/2025 16:00,171,4,Friday,7,0,0,random_or_none,4,dusty,0.962,260,0,0,0,1,0.325,0,0,outbreak_period,3,159,131
7/11/2025 17:00,159,4,Friday,7,0,0,random_or_none,3,hot,0.52,260,0,0,0,1,0.325,0,0,outbreak_period,3,217,125
7/11/2025 18:00,217,4,Friday,7,0,0,random_or_none,3,hot,0.784,260,0,1,148.54,1,0.325,0,0,emergency_spike,5,178,131
7/11/2025 19:00,178,4,Friday,7,0,0,random_or_none,0,sunny,0.338,260,0,0,0,1,0.325,0,0,outbreak_period,3,158,127
7/11/2025 20:00,158,4,Friday,7,0,0,random_or_none,3,hot,0.862,260,0,0,0,1,0.325,0,0,outbreak_period,3,140,119
7/11/2025 21:00,140,4,Friday,7,0,0,random_or_none,5,windy,0.664,260,0,0,0,1,0.325,0,0,outbreak_period,3,126,116
7/11/2025 22:00,126,4,Friday,7,0,0,random_or_none,4,dusty,0.555,260,0,0,0,1,0.325,0,0,outbreak_period,3,110,97
7/11/2025 23:00,110,4,Friday,7,0,0,random_or_none,0,sunny,0.186,260,0,0,0,1,0.325,0,0,outbreak_period,3,94,80
7/12/2025 0:00,94,5,Saturday,7,1,0,random_or_none,3,hot,0.355,260,0,0,0,1,0.325,0,0,outbreak_period,3,92,70
7/12/2025 1:00,92,5,Saturday,7,1,0,random_or_none,3,hot,1,260,0,0,0,1,0.325,0,0,outbreak_period,3,82,66
7/12/2025 2:00,82,5,Saturday,7,1,0,random_or_none,3,hot,0.82,260,0,0,0,1,0.325,0,0,outbreak_period,3,82,58
7/12/2025 3:00,82,5,Saturday,7,1,0,random_or_none,0,sunny,0.306,260,0,0,0,1,0.325,0,0,outbreak_period,3,77,59
7/12/2025 4:00,77,5,Saturday,7,1,0,random_or_none,3,hot,0.371,260,0,0,0,1,0.325,0,0,outbreak_period,3,79,63
7/12/2025 5:00,79,5,Saturday,7,1,0,random_or_none,3,hot,0.984,260,0,0,0,1,0.325,0,0,outbreak_period,3,76,68
7/12/2025 6:00,76,5,Saturday,7,1,0,random_or_none,0,sunny,0.329,260,0,0,0,1,0.325,0,0,outbreak_period,3,86,68
7/12/2025 7:00,86,5,Saturday,7,1,0,random_or_none,3,hot,0.731,260,0,0,0,1,0.325,0,0,outbreak_period,3,93,76
7/12/2025 8:00,93,5,Saturday,7,1,0,random_or_none,4,dusty,0.954,260,0,0,0,1,0.325,0,0,outbreak_period,3,97,78
7/12/2025 9:00,97,5,Saturday,7,1,0,random_or_none,3,hot,0.89,260,0,0,0,1,0.325,0,0,outbreak_period,3,108,79
7/12/2025 10:00,108,5,Saturday,7,1,0,random_or_none,4,dusty,0.965,260,0,0,0,1,0.325,0,0,outbreak_period,3,120,93
7/12/2025 11:00,120,5,Saturday,7,1,0,random_or_none,3,hot,0.958,260,0,0,0,1,0.325,0,0,outbreak_period,3,155,105
7/12/2025 12:00,155,5,Saturday,7,1,0,random_or_none,4,dusty,0.876,260,0,1,78.05,1,0.325,0,0,emergency_spike,5,149,116
7/12/2025 13:00,149,5,Saturday,7,1,0,random_or_none,4,dusty,1,260,0,0,0,1,0.325,0,0,outbreak_period,3,137,120
7/12/2025 14:00,137,5,Saturday,7,1,0,random_or_none,4,dusty,0.827,260,0,0,0,1,0.325,0,0,outbreak_period,3,137,130
7/12/2025 15:00,137,5,Saturday,7,1,0,random_or_none,3,hot,0.401,260,0,0,0,1,0.325,0,0,outbreak_period,3,131,123
7/12/2025 16:00,131,5,Saturday,7,1,0,random_or_none,3,hot,0.676,260,0,0,0,1,0.325,0,0,outbreak_period,3,125,130
7/12/2025 17:00,125,5,Saturday,7,1,0,random_or_none,3,hot,0.365,260,0,0,0,1,0.325,0,0,outbreak_period,3,131,124
7/12/2025 18:00,131,5,Saturday,7,1,0,random_or_none,4,dusty,1,260,0,0,0,1,0.325,0,0,outbreak_period,3,127,124
7/12/2025 19:00,127,5,Saturday,7,1,0,random_or_none,5,windy,0.289,260,0,0,0,1,0.325,0,0,outbreak_period,3,119,120
7/12/2025 20:00,119,5,Saturday,7,1,0,random_or_none,3,hot,1,260,0,0,0,1,0.325,0,0,outbreak_period,3,116,109
7/12/2025 21:00,116,5,Saturday,7,1,0,random_or_none,1,rainy,0.909,260,0,0,0,1,0.325,0,0,outbreak_period,3,97,98
7/12/2025 22:00,97,5,Saturday,7,1,0,random_or_none,3,hot,0.453,260,0,0,0,1,0.325,0,0,outbreak_period,3,80,91
7/12/2025 23:00,80,5,Saturday,7,1,0,random_or_none,0,sunny,0.287,260,0,0,0,1,0.325,0,0,outbreak_period,3,70,81
7/13/2025 0:00,70,6,Sunday,7,1,0,random_or_none,0,sunny,0.277,260,0,0,0,1,0.325,0,0,outbreak_period,3,66,84
7/13/2025 1:00,66,6,Sunday,7,1,0,random_or_none,0,sunny,0.167,260,0,0,0,1,0.325,0,0,outbreak_period,3,58,86
7/13/2025 2:00,58,6,Sunday,7,1,0,random_or_none,0,sunny,0.162,260,0,0,0,1,0.325,0,0,outbreak_period,3,59,87
7/13/2025 3:00,59,6,Sunday,7,1,0,random_or_none,4,dusty,0.277,260,0,0,0,1,0.325,0,0,outbreak_period,3,63,84
7/13/2025 4:00,63,6,Sunday,7,1,0,random_or_none,3,hot,0.799,260,0,0,0,1,0.325,0,0,outbreak_period,3,68,86
7/13/2025 5:00,68,6,Sunday,7,1,0,random_or_none,3,hot,0.844,260,0,0,0,1,0.325,0,0,outbreak_period,3,68,95
7/13/2025 6:00,68,6,Sunday,7,1,0,random_or_none,0,sunny,0.054,260,0,0,0,1,0.325,0,0,outbreak_period,3,76,100
7/13/2025 7:00,76,6,Sunday,7,1,0,random_or_none,3,hot,0.586,260,0,0,0,1,0.325,0,0,outbreak_period,3,78,104
7/13/2025 8:00,78,6,Sunday,7,1,0,random_or_none,0,sunny,0.14,260,0,0,0,1,0.325,0,0,outbreak_period,3,79,114
7/13/2025 9:00,79,6,Sunday,7,1,0,random_or_none,5,windy,0.379,260,0,0,0,1,0.325,0,0,outbreak_period,3,93,126
7/13/2025 10:00,93,6,Sunday,7,1,0,random_or_none,3,hot,0.32,260,0,0,0,1,0.325,0,0,outbreak_period,3,105,124
7/13/2025 11:00,105,6,Sunday,7,1,0,random_or_none,3,hot,0.75,260,0,0,0,1,0.325,0,0,outbreak_period,3,116,130
7/13/2025 12:00,116,6,Sunday,7,1,0,random_or_none,5,windy,0.783,260,0,0,0,1,0.325,0,0,outbreak_period,3,120,135
7/13/2025 13:00,120,6,Sunday,7,1,0,random_or_none,3,hot,0.612,260,0,0,0,1,0.325,0,0,outbreak_period,3,130,140
7/13/2025 14:00,130,6,Sunday,7,1,0,random_or_none,4,dusty,0.855,260,0,0,0,1,0.325,0,0,outbreak_period,3,123,149
7/13/2025 15:00,123,6,Sunday,7,1,0,random_or_none,0,sunny,0.053,260,0,0,0,1,0.325,0,0,outbreak_period,3,130,147
7/13/2025 16:00,130,6,Sunday,7,1,0,random_or_none,3,hot,0.92,260,0,0,0,1,0.325,0,0,outbreak_period,3,124,141
7/13/2025 17:00,124,6,Sunday,7,1,0,random_or_none,5,windy,0.227,260,0,0,0,1,0.325,0,0,outbreak_period,3,124,140
7/13/2025 18:00,124,6,Sunday,7,1,0,random_or_none,0,sunny,0.217,260,0,0,0,1,0.325,0,0,outbreak_period,3,120,147
7/13/2025 19:00,120,6,Sunday,7,1,0,random_or_none,4,dusty,0.805,260,0,0,0,1,0.325,0,0,outbreak_period,3,109,143
7/13/2025 20:00,109,6,Sunday,7,1,0,random_or_none,0,sunny,0.3,260,0,0,0,1,0.325,0,0,outbreak_period,3,98,153
7/13/2025 21:00,98,6,Sunday,7,1,0,random_or_none,0,sunny,0.128,260,0,0,0,1,0.325,0,0,outbreak_period,3,91,139
7/13/2025 22:00,91,6,Sunday,7,1,0,random_or_none,3,hot,0.804,260,0,0,0,1,0.325,0,0,outbreak_period,3,81,122
7/13/2025 23:00,81,6,Sunday,7,1,0,random_or_none,0,sunny,0.265,260,0,0,0,1,0.325,0,0,outbreak_period,3,84,115
7/14/2025 0:00,84,0,Monday,7,0,0,random_or_none,0,sunny,0.337,260,0,0,0,1,0.325,0,0,outbreak_period,3,86,89
7/14/2025 1:00,86,0,Monday,7,0,0,random_or_none,4,dusty,0.519,260,0,0,0,1,0.325,0,0,outbreak_period,3,87,80
7/14/2025 2:00,87,0,Monday,7,0,0,random_or_none,3,hot,1,260,0,0,0,1,0.325,0,0,outbreak_period,3,84,74
7/14/2025 3:00,84,0,Monday,7,0,0,random_or_none,3,hot,0.365,260,0,0,0,1,0.325,0,0,outbreak_period,3,86,119
7/14/2025 4:00,86,0,Monday,7,0,0,random_or_none,3,hot,0.793,260,0,0,0,1,0.325,0,0,outbreak_period,3,95,97
7/14/2025 5:00,95,0,Monday,7,0,0,random_or_none,4,dusty,0.391,260,0,0,0,1,0.325,0,0,outbreak_period,3,100,85
7/14/2025 6:00,100,0,Monday,7,0,0,random_or_none,4,dusty,0.896,260,0,0,0,1,0.325,0,0,outbreak_period,3,104,79
7/14/2025 7:00,104,0,Monday,7,0,0,random_or_none,3,hot,0.646,260,0,0,0,1,0.325,0,0,outbreak_period,3,114,77
7/14/2025 8:00,114,0,Monday,7,0,0,random_or_none,4,dusty,0.935,260,0,0,0,1,0.325,0,0,outbreak_period,3,126,89
7/14/2025 9:00,126,0,Monday,7,0,0,random_or_none,4,dusty,0.624,260,0,0,0,1,0.325,0,0,outbreak_period,3,124,88
7/14/2025 10:00,124,0,Monday,7,0,0,random_or_none,0,sunny,0.303,260,0,0,0,1,0.325,0,0,outbreak_period,3,130,92
7/14/2025 11:00,130,0,Monday,7,0,0,random_or_none,1,rainy,0.154,260,0,0,0,1,0.325,0,0,outbreak_period,3,135,91
7/14/2025 12:00,135,0,Monday,7,0,0,random_or_none,3,hot,0.425,260,0,0,0,1,0.325,0,0,outbreak_period,3,140,102
7/14/2025 13:00,140,0,Monday,7,0,0,random_or_none,5,windy,0.568,260,0,0,0,1,0.325,0,0,outbreak_period,3,149,102
7/14/2025 14:00,149,0,Monday,7,0,0,random_or_none,3,hot,0.672,260,0,0,0,1,0.325,0,0,outbreak_period,3,147,103
7/14/2025 15:00,147,0,Monday,7,0,0,random_or_none,3,hot,0.56,260,0,0,0,1,0.325,0,0,outbreak_period,3,141,113
7/14/2025 16:00,141,0,Monday,7,0,0,random_or_none,0,sunny,0.026,260,0,0,0,1,0.325,0,0,outbreak_period,3,140,147
7/14/2025 17:00,140,0,Monday,7,0,0,random_or_none,0,sunny,0.028,260,0,0,0,1,0.325,0,0,outbreak_period,3,147,124
7/14/2025 18:00,147,0,Monday,7,0,0,random_or_none,3,hot,1,260,0,0,0,1,0.325,0,0,outbreak_period,3,143,121
7/14/2025 19:00,143,0,Monday,7,0,0,random_or_none,3,hot,0.749,260,0,0,0,1,0.325,0,0,outbreak_period,3,153,106
7/14/2025 20:00,153,0,Monday,7,0,0,random_or_none,0,sunny,0.287,260,0,1,57.2,1,0.325,0,0,emergency_spike,5,139,106
7/14/2025 21:00,139,0,Monday,7,0,0,random_or_none,4,dusty,0.835,260,0,0,0,1,0.325,0,0,outbreak_period,3,122,100
7/14/2025 22:00,122,0,Monday,7,0,0,random_or_none,0,sunny,0.345,260,0,0,0,1,0.325,0,0,outbreak_period,3,115,89
7/14/2025 23:00,115,0,Monday,7,0,0,random_or_none,0,sunny,0.052,260,0,0,0,1,0.325,0,0,outbreak_period,3,89,115
7/15/2025 0:00,89,1,Tuesday,7,0,0,random_or_none,0,sunny,0.238,260,0,0,0,0,0,0,0,normal,0,80,98
7/15/2025 1:00,80,1,Tuesday,7,0,0,random_or_none,5,windy,0.699,260,0,0,0,0,0,0,0,normal,0,74,87
7/15/2025 2:00,74,1,Tuesday,7,0,0,random_or_none,3,hot,0.99,260,0,0,0,0,0,0,0,extreme_weather,2,119,75
7/15/2025 3:00,119,1,Tuesday,7,0,0,random_or_none,4,dusty,0.825,260,0,1,84.4,0,0,0,0,emergency_spike,5,97,72
7/15/2025 4:00,97,1,Tuesday,7,0,0,random_or_none,3,hot,0.822,260,0,0,0,0,0,0,0,extreme_weather,2,85,66
7/15/2025 5:00,85,1,Tuesday,7,0,0,random_or_none,0,sunny,0.303,260,0,0,0,0,0,0,0,normal,0,79,85
7/15/2025 6:00,79,1,Tuesday,7,0,0,random_or_none,3,hot,0.614,260,0,0,0,0,0,0,0,normal,0,77,80
7/15/2025 7:00,77,1,Tuesday,7,0,0,random_or_none,3,hot,0.403,260,0,0,0,0,0,0,0,normal,0,89,80
7/15/2025 8:00,89,1,Tuesday,7,0,0,random_or_none,4,dusty,0.953,260,0,0,0,0,0,0,0,extreme_weather,2,88,84
7/15/2025 9:00,88,1,Tuesday,7,0,0,random_or_none,2,cold,0.132,260,0,0,0,0,0,0,0,normal,0,92,87
7/15/2025 10:00,92,1,Tuesday,7,0,0,random_or_none,1,rainy,0.723,260,0,0,0,0,0,0,0,normal,0,91,148
7/15/2025 11:00,91,1,Tuesday,7,0,0,random_or_none,0,sunny,0.242,260,0,0,0,0,0,0,0,normal,0,102,130
7/15/2025 12:00,102,1,Tuesday,7,0,0,random_or_none,3,hot,0.442,260,0,0,0,0,0,0,0,normal,0,102,122
7/15/2025 13:00,102,1,Tuesday,7,0,0,random_or_none,3,hot,0.408,260,0,0,0,0,0,0,0,normal,0,103,113
7/15/2025 14:00,103,1,Tuesday,7,0,0,random_or_none,0,sunny,0.12,260,0,0,0,0,0,0,0,normal,0,113,106
7/15/2025 15:00,113,1,Tuesday,7,0,0,random_or_none,3,hot,0.78,260,0,0,0,0,0,0,0,extreme_weather,2,147,108
7/15/2025 16:00,147,1,Tuesday,7,0,0,random_or_none,4,dusty,0.778,260,0,1,63.96,0,0,0,0,emergency_spike,5,124,105
7/15/2025 17:00,124,1,Tuesday,7,0,0,random_or_none,0,sunny,0.333,260,0,0,0,0,0,0,0,normal,0,121,109
7/15/2025 18:00,121,1,Tuesday,7,0,0,random_or_none,3,hot,0.739,260,0,0,0,0,0,0,0,normal,0,106,114
7/15/2025 19:00,106,1,Tuesday,7,0,0,random_or_none,0,sunny,0.048,260,0,0,0,0,0,0,0,normal,0,106,110
7/15/2025 20:00,106,1,Tuesday,7,0,0,random_or_none,3,hot,0.615,260,0,0,0,0,0,0,0,normal,0,100,113
7/15/2025 21:00,100,1,Tuesday,7,0,0,random_or_none,3,hot,0.486,260,0,0,0,0,0,0,0,normal,0,89,107
7/15/2025 22:00,89,1,Tuesday,7,0,0,random_or_none,0,sunny,0.136,260,0,0,0,0,0,0,0,normal,0,115,105
7/15/2025 23:00,115,1,Tuesday,7,0,0,random_or_none,3,hot,0.914,260,0,1,70.18,0,0,0,0,emergency_spike,5,98,91
7/16/2025 0:00,98,2,Wednesday,7,0,0,random_or_none,3,hot,0.86,260,0,0,0,0,0,0,0,extreme_weather,2,87,78
7/16/2025 1:00,87,2,Wednesday,7,0,0,random_or_none,4,dusty,0.931,260,0,0,0,0,0,0,0,extreme_weather,2,75,71
7/16/2025 2:00,75,2,Wednesday,7,0,0,random_or_none,0,sunny,0.017,260,0,0,0,0,0,0,0,normal,0,72,67
7/16/2025 3:00,72,2,Wednesday,7,0,0,random_or_none,3,hot,0.565,260,0,0,0,0,0,0,0,normal,0,66,70
7/16/2025 4:00,66,2,Wednesday,7,0,0,random_or_none,3,hot,0.771,260,0,0,0,0,0,0,0,extreme_weather,2,85,74
7/16/2025 5:00,85,2,Wednesday,7,0,0,random_or_none,0,sunny,0.206,260,0,1,40.1,0,0,0,0,emergency_spike,5,80,71
7/16/2025 6:00,80,2,Wednesday,7,0,0,random_or_none,3,hot,0.369,260,0,0,0,0,0,0,0,normal,0,80,72
7/16/2025 7:00,80,2,Wednesday,7,0,0,random_or_none,3,hot,0.308,260,0,0,0,0,0,0,0,normal,0,84,80
7/16/2025 8:00,84,2,Wednesday,7,0,0,random_or_none,3,hot,1,260,0,0,0,0,0,0,0,extreme_weather,2,87,81
7/16/2025 9:00,87,2,Wednesday,7,0,0,random_or_none,4,dusty,0.805,260,0,0,0,0,0,0,0,extreme_weather,2,148,79
7/16/2025 10:00,148,2,Wednesday,7,0,0,random_or_none,3,hot,0.829,260,0,1,137.35,0,0,0,0,emergency_spike,5,130,87
7/16/2025 11:00,130,2,Wednesday,7,0,0,random_or_none,5,windy,0.851,260,0,0,0,0,0,0,0,extreme_weather,2,122,85
7/16/2025 12:00,122,2,Wednesday,7,0,0,random_or_none,3,hot,0.563,260,0,0,0,0,0,0,0,normal,0,113,95
7/16/2025 13:00,113,2,Wednesday,7,0,0,random_or_none,0,sunny,0.212,260,0,0,0,0,0,0,0,normal,0,106,99
7/16/2025 14:00,106,2,Wednesday,7,0,0,random_or_none,5,windy,0.319,260,0,0,0,0,0,0,0,normal,0,108,105
7/16/2025 15:00,108,2,Wednesday,7,0,0,random_or_none,3,hot,0.747,260,0,0,0,0,0,0,0,normal,0,105,102
7/16/2025 16:00,105,2,Wednesday,7,0,0,random_or_none,0,sunny,0.099,260,0,0,0,0,0,0,0,normal,0,109,107
7/16/2025 17:00,109,2,Wednesday,7,0,0,random_or_none,1,rainy,0.276,260,0,0,0,0,0,0,0,normal,0,114,111
7/16/2025 18:00,114,2,Wednesday,7,0,0,random_or_none,4,dusty,0.547,260,0,0,0,0,0,0,0,normal,0,110,105
7/16/2025 19:00,110,2,Wednesday,7,0,0,random_or_none,3,hot,0.56,260,0,0,0,0,0,0,0,normal,0,113,103
7/16/2025 20:00,113,2,Wednesday,7,0,0,random_or_none,3,hot,0.443,260,0,1,31.97,0,0,0,0,emergency_spike,5,107,99
7/16/2025 21:00,107,2,Wednesday,7,0,0,random_or_none,4,dusty,0.987,260,0,0,0,0,0,0,0,extreme_weather,2,105,127
7/16/2025 22:00,105,2,Wednesday,7,0,0,random_or_none,3,hot,1,260,0,0,0,0,0,0,0,extreme_weather,2,91,113
7/16/2025 23:00,91,2,Wednesday,7,0,0,random_or_none,0,sunny,0.024,260,0,0,0,0,0,0,0,normal,0,78,98
7/17/2025 0:00,78,3,Thursday,7,0,0,random_or_none,0,sunny,0.333,260,0,0,0,0,0,0,0,normal,0,71,90
7/17/2025 1:00,71,3,Thursday,7,0,0,random_or_none,3,hot,0.757,260,0,0,0,0,0,0,0,extreme_weather,2,67,74
7/17/2025 2:00,67,3,Thursday,7,0,0,random_or_none,3,hot,0.523,260,0,0,0,0,0,0,0,normal,0,70,72
7/17/2025 3:00,70,3,Thursday,7,0,0,random_or_none,3,hot,0.59,260,0,0,0,0,0,0,0,normal,0,74,65
7/17/2025 4:00,74,3,Thursday,7,0,0,random_or_none,3,hot,0.842,260,0,0,0,0,0,0,0,extreme_weather,2,71,63
7/17/2025 5:00,71,3,Thursday,7,0,0,random_or_none,3,hot,0.704,260,0,0,0,0,0,0,0,normal,0,72,75
7/17/2025 6:00,72,3,Thursday,7,0,0,random_or_none,4,dusty,1,260,0,0,0,0,0,0,0,extreme_weather,2,80,76
7/17/2025 7:00,80,3,Thursday,7,0,0,random_or_none,3,hot,0.912,260,0,0,0,0,0,0,0,extreme_weather,2,81,82
7/17/2025 8:00,81,3,Thursday,7,0,0,random_or_none,3,hot,0.384,260,0,0,0,0,0,0,0,normal,0,79,83
7/17/2025 9:00,79,3,Thursday,7,0,0,random_or_none,0,sunny,0.196,260,0,0,0,0,0,0,0,normal,0,87,89
7/17/2025 10:00,87,3,Thursday,7,0,0,random_or_none,5,windy,0.431,260,0,0,0,0,0,0,0,normal,0,85,94
7/17/2025 11:00,85,3,Thursday,7,0,0,random_or_none,2,cold,0.621,260,0,0,0,0,0,0,0,normal,0,95,105
7/17/2025 12:00,95,3,Thursday,7,0,0,random_or_none,4,dusty,0.356,260,0,0,0,0,0,0,0,normal,0,99,102
7/17/2025 13:00,99,3,Thursday,7,0,0,random_or_none,3,hot,0.324,260,0,0,0,0,0,0,0,normal,0,105,108
7/17/2025 14:00,105,3,Thursday,7,0,0,random_or_none,3,hot,0.952,260,0,0,0,0,0,0,0,extreme_weather,2,102,106
7/17/2025 15:00,102,3,Thursday,7,0,0,random_or_none,0,sunny,0.074,260,0,0,0,0,0,0,0,normal,0,107,110
7/17/2025 16:00,107,3,Thursday,7,0,0,random_or_none,3,hot,0.485,260,0,0,0,0,0,0,0,normal,0,111,119
7/17/2025 17:00,111,3,Thursday,7,0,0,random_or_none,3,hot,0.686,260,0,0,0,0,0,0,0,normal,0,105,117
7/17/2025 18:00,105,3,Thursday,7,0,0,random_or_none,3,hot,1,260,0,0,0,0,0,0,0,extreme_weather,2,103,119
7/17/2025 19:00,103,3,Thursday,7,0,0,random_or_none,0,sunny,0.248,260,0,0,0,0,0,0,0,normal,0,99,119
7/17/2025 20:00,99,3,Thursday,7,0,0,random_or_none,0,sunny,0.118,260,0,0,0,0,0,0,0,normal,0,127,104
7/17/2025 21:00,127,3,Thursday,7,0,0,random_or_none,3,hot,0.428,260,0,1,66.46,0,0,0,0,emergency_spike,5,113,110
7/17/2025 22:00,113,3,Thursday,7,0,0,random_or_none,3,hot,0.885,260,0,0,0,0,0,0,0,extreme_weather,2,98,103
7/17/2025 23:00,98,3,Thursday,7,0,0,random_or_none,0,sunny,0.025,260,0,0,0,0,0,0,0,normal,0,90,87
7/18/2025 0:00,90,4,Friday,7,0,0,random_or_none,3,hot,0.856,260,0,0,0,0,0,0,0,extreme_weather,2,74,74
7/18/2025 1:00,74,4,Friday,7,0,0,random_or_none,3,hot,0.516,260,0,0,0,0,0,0,0,normal,0,72,55
7/18/2025 2:00,72,4,Friday,7,0,0,random_or_none,3,hot,1,260,0,0,0,0,0,0,0,extreme_weather,2,65,50
7/18/2025 3:00,65,4,Friday,7,0,0,random_or_none,0,sunny,0.077,260,0,0,0,0,0,0,0,normal,0,63,50
7/18/2025 4:00,63,4,Friday,7,0,0,random_or_none,0,sunny,0.138,260,0,0,0,0,0,0,0,normal,0,75,50
7/18/2025 5:00,75,4,Friday,7,0,0,random_or_none,3,hot,1,260,0,0,0,0,0,0,0,extreme_weather,2,76,46
7/18/2025 6:00,76,4,Friday,7,0,0,random_or_none,3,hot,0.42,260,0,0,0,0,0,0,0,normal,0,82,52
7/18/2025 7:00,82,4,Friday,7,0,0,random_or_none,4,dusty,0.774,260,0,0,0,0,0,0,0,extreme_weather,2,83,52
7/18/2025 8:00,83,4,Friday,7,0,0,random_or_none,3,hot,0.561,260,0,0,0,0,0,0,0,normal,0,89,57
7/18/2025 9:00,89,4,Friday,7,0,0,random_or_none,3,hot,0.56,260,0,0,0,0,0,0,0,normal,0,94,63
7/18/2025 10:00,94,4,Friday,7,0,0,random_or_none,3,hot,0.869,260,0,0,0,0,0,0,0,extreme_weather,2,105,68
7/18/2025 11:00,105,4,Friday,7,0,0,random_or_none,3,hot,0.735,260,0,0,0,0,0,0,0,normal,0,102,78
7/18/2025 12:00,102,4,Friday,7,0,0,random_or_none,3,hot,0.65,260,0,0,0,0,0,0,0,normal,0,108,80
7/18/2025 13:00,108,4,Friday,7,0,0,random_or_none,3,hot,0.452,260,0,0,0,0,0,0,0,normal,0,106,83
7/18/2025 14:00,106,4,Friday,7,0,0,random_or_none,0,sunny,0.001,260,0,0,0,0,0,0,0,normal,0,110,93
7/18/2025 15:00,110,4,Friday,7,0,0,random_or_none,3,hot,0.844,260,0,0,0,0,0,0,0,extreme_weather,2,119,95
7/18/2025 16:00,119,4,Friday,7,0,0,random_or_none,1,rainy,0.657,260,0,0,0,0,0,0,0,normal,0,117,90
7/18/2025 17:00,117,4,Friday,7,0,0,random_or_none,4,dusty,1,260,0,0,0,0,0,0,0,extreme_weather,2,119,93
7/18/2025 18:00,119,4,Friday,7,0,0,random_or_none,3,hot,0.575,260,0,0,0,0,0,0,0,normal,0,119,94
7/18/2025 19:00,119,4,Friday,7,0,0,random_or_none,1,rainy,0.709,260,0,0,0,0,0,0,0,normal,0,104,91
7/18/2025 20:00,104,4,Friday,7,0,0,random_or_none,0,sunny,0.201,260,0,0,0,0,0,0,0,normal,0,110,85
7/18/2025 21:00,110,4,Friday,7,0,0,random_or_none,4,dusty,0.58,260,0,0,0,0,0,0,0,normal,0,103,80
7/18/2025 22:00,103,4,Friday,7,0,0,random_or_none,3,hot,0.975,260,0,0,0,0,0,0,0,extreme_weather,2,87,79
7/18/2025 23:00,87,4,Friday,7,0,0,random_or_none,0,sunny,0.232,260,0,0,0,0,0,0,0,normal,0,74,72
7/19/2025 0:00,74,5,Saturday,7,1,0,random_or_none,3,hot,0.992,260,0,0,0,0,0,0,0,extreme_weather,2,55,61
7/19/2025 1:00,55,5,Saturday,7,1,0,random_or_none,3,hot,0.574,260,0,0,0,0,0,0,0,normal,0,50,53
7/19/2025 2:00,50,5,Saturday,7,1,0,random_or_none,0,sunny,0.246,260,0,0,0,0,0,0,0,normal,0,50,54
7/19/2025 3:00,50,5,Saturday,7,1,0,random_or_none,4,dusty,0.421,260,0,0,0,0,0,0,0,normal,0,50,90
7/19/2025 4:00,50,5,Saturday,7,1,0,random_or_none,3,hot,0.452,260,0,0,0,0,0,0,0,normal,0,46,70
7/19/2025 5:00,46,5,Saturday,7,1,0,random_or_none,0,sunny,0.322,260,0,0,0,0,0,0,0,normal,0,52,83
7/19/2025 6:00,52,5,Saturday,7,1,0,random_or_none,5,windy,0.762,260,0,0,0,0,0,0,0,extreme_weather,2,52,70
7/19/2025 7:00,52,5,Saturday,7,1,0,random_or_none,0,sunny,0.06,260,0,0,0,0,0,0,0,normal,0,57,75
7/19/2025 8:00,57,5,Saturday,7,1,0,random_or_none,0,sunny,0.119,260,0,0,0,0,0,0,0,normal,0,63,75
7/19/2025 9:00,63,5,Saturday,7,1,0,random_or_none,3,hot,0.736,260,0,0,0,0,0,0,0,normal,0,68,76
7/19/2025 10:00,68,5,Saturday,7,1,0,random_or_none,1,rainy,0.314,260,0,0,0,0,0,0,0,normal,0,78,78
7/19/2025 11:00,78,5,Saturday,7,1,0,random_or_none,3,hot,0.814,260,0,0,0,0,0,0,0,extreme_weather,2,80,78
7/19/2025 12:00,80,5,Saturday,7,1,0,random_or_none,0,sunny,0.135,260,0,0,0,0,0,0,0,normal,0,83,85
7/19/2025 13:00,83,5,Saturday,7,1,0,random_or_none,3,hot,0.824,260,0,0,0,0,0,0,0,extreme_weather,2,93,90
7/19/2025 14:00,93,5,Saturday,7,1,0,random_or_none,1,rainy,0.63,260,0,0,0,0,0,0,0,normal,0,95,96
7/19/2025 15:00,95,5,Saturday,7,1,0,random_or_none,4,dusty,0.558,260,0,0,0,0,0,0,0,normal,0,90,96
7/19/2025 16:00,90,5,Saturday,7,1,0,random_or_none,3,hot,0.928,260,0,0,0,0,0,0,0,extreme_weather,2,93,130
7/19/2025 17:00,93,5,Saturday,7,1,0,random_or_none,4,dusty,0.96,260,0,0,0,0,0,0,0,extreme_weather,2,94,104
7/19/2025 18:00,94,5,Saturday,7,1,0,random_or_none,4,dusty,0.369,260,0,0,0,0,0,0,0,normal,0,91,103
7/19/2025 19:00,91,5,Saturday,7,1,0,random_or_none,3,hot,0.319,260,0,0,0,0,0,0,0,normal,0,85,107
7/19/2025 20:00,85,5,Saturday,7,1,0,random_or_none,3,hot,0.686,260,0,0,0,0,0,0,0,normal,0,80,99
7/19/2025 21:00,80,5,Saturday,7,1,0,random_or_none,0,sunny,0.14,260,0,0,0,0,0,0,0,normal,0,79,92
7/19/2025 22:00,79,5,Saturday,7,1,0,random_or_none,4,dusty,0.969,260,0,0,0,0,0,0,0,extreme_weather,2,72,80
7/19/2025 23:00,72,5,Saturday,7,1,0,random_or_none,3,hot,0.313,260,0,0,0,0,0,0,0,normal,0,61,72
7/20/2025 0:00,61,6,Sunday,7,1,0,random_or_none,0,sunny,0.283,260,0,0,0,0,0,0,0,normal,0,53,80
7/20/2025 1:00,53,6,Sunday,7,1,0,random_or_none,3,hot,0.364,260,0,0,0,0,0,0,0,normal,0,54,79
7/20/2025 2:00,54,6,Sunday,7,1,0,random_or_none,3,hot,0.429,260,0,0,0,0,0,0,0,normal,0,90,68
7/20/2025 3:00,90,6,Sunday,7,1,0,random_or_none,0,sunny,0.327,260,0,1,90.25,0,0,0,0,emergency_spike,5,70,73
7/20/2025 4:00,70,6,Sunday,7,1,0,random_or_none,4,dusty,0.462,260,0,0,0,0,0,0,0,normal,0,83,74
7/20/2025 5:00,83,6,Sunday,7,1,0,random_or_none,3,hot,0.575,260,0,1,40.38,0,0,0,0,emergency_spike,5,70,120
7/20/2025 6:00,70,6,Sunday,7,1,0,random_or_none,3,hot,0.475,260,0,0,0,0,0,0,0,normal,0,75,100
7/20/2025 7:00,75,6,Sunday,7,1,0,random_or_none,3,hot,0.516,260,0,0,0,0,0,0,0,normal,0,75,100
7/20/2025 8:00,75,6,Sunday,7,1,0,random_or_none,3,hot,0.915,260,0,0,0,0,0,0,0,extreme_weather,2,76,125
7/20/2025 9:00,76,6,Sunday,7,1,0,random_or_none,1,rainy,0.771,260,0,0,0,0,0,0,0,extreme_weather,2,78,116
7/20/2025 10:00,78,6,Sunday,7,1,0,random_or_none,3,hot,0.552,260,0,0,0,0,0,0,0,normal,0,78,118
7/20/2025 11:00,78,6,Sunday,7,1,0,random_or_none,0,sunny,0.209,260,0,0,0,0,0,0,0,normal,0,85,120
7/20/2025 12:00,85,6,Sunday,7,1,0,random_or_none,5,windy,0.821,260,0,0,0,0,0,0,0,extreme_weather,2,90,124
7/20/2025 13:00,90,6,Sunday,7,1,0,random_or_none,2,cold,0.516,260,0,0,0,0,0,0,0,normal,0,96,114
7/20/2025 14:00,96,6,Sunday,7,1,0,random_or_none,3,hot,0.817,260,0,0,0,0,0,0,0,extreme_weather,2,96,119
7/20/2025 15:00,96,6,Sunday,7,1,0,random_or_none,3,hot,0.979,260,0,0,0,0,0,0,0,extreme_weather,2,130,119
7/20/2025 16:00,130,6,Sunday,7,1,0,random_or_none,1,rainy,0.929,260,0,1,81.48,0,0,0,0,emergency_spike,5,104,121
7/20/2025 17:00,104,6,Sunday,7,1,0,random_or_none,0,sunny,0.237,260,0,0,0,0,0,0,0,normal,0,103,125
7/20/2025 18:00,103,6,Sunday,7,1,0,random_or_none,0,sunny,0.22,260,0,0,0,0,0,0,0,normal,0,107,121
7/20/2025 19:00,107,6,Sunday,7,1,0,random_or_none,3,hot,0.861,260,0,0,0,0,0,0,0,extreme_weather,2,99,116
7/20/2025 20:00,99,6,Sunday,7,1,0,random_or_none,4,dusty,1,260,0,0,0,0,0,0,0,extreme_weather,2,92,115
7/20/2025 21:00,92,6,Sunday,7,1,0,random_or_none,1,rainy,0.262,260,0,0,0,0,0,0,0,normal,0,80,101
7/20/2025 22:00,80,6,Sunday,7,1,0,random_or_none,0,sunny,0.305,260,0,0,0,0,0,0,0,normal,0,72,91
7/20/2025 23:00,72,6,Sunday,7,1,0,random_or_none,3,hot,0.767,260,0,0,0,0,0,0,0,extreme_weather,2,80,88
7/21/2025 0:00,80,0,Monday,7,0,0,random_or_none,3,hot,0.654,260,0,0,0,0,0,0,0,normal,0,79,75
7/21/2025 1:00,79,0,Monday,7,0,0,random_or_none,3,hot,1,260,0,0,0,0,0,0,0,extreme_weather,2,68,72
7/21/2025 2:00,68,0,Monday,7,0,0,random_or_none,0,sunny,0.253,260,0,0,0,0,0,0,0,normal,0,73,101
7/21/2025 3:00,73,0,Monday,7,0,0,random_or_none,3,hot,0.853,260,0,0,0,0,0,0,0,extreme_weather,2,74,88
7/21/2025 4:00,74,0,Monday,7,0,0,random_or_none,3,hot,0.802,260,0,0,0,0,0,0,0,extreme_weather,2,120,78
7/21/2025 5:00,120,0,Monday,7,0,0,random_or_none,4,dusty,0.51,260,0,1,90.64,0,0,0,0,emergency_spike,5,100,75
7/21/2025 6:00,100,0,Monday,7,0,0,random_or_none,0,sunny,0.132,260,0,0,0,0,0,0,0,normal,0,100,75
7/21/2025 7:00,100,0,Monday,7,0,0,random_or_none,4,dusty,0.547,260,0,0,0,0,0,0,0,normal,0,125,82
7/21/2025 8:00,125,0,Monday,7,0,0,random_or_none,1,rainy,0.304,260,0,1,58.18,0,0,0,0,emergency_spike,5,116,83
7/21/2025 9:00,116,0,Monday,7,0,0,random_or_none,1,rainy,0.882,260,0,0,0,0,0,0,0,extreme_weather,2,118,88
7/21/2025 10:00,118,0,Monday,7,0,0,random_or_none,3,hot,1,260,0,0,0,0,0,0,0,extreme_weather,2,120,93
7/21/2025 11:00,120,0,Monday,7,0,0,random_or_none,3,hot,1,260,0,0,0,0,0,0,0,extreme_weather,2,124,98
7/21/2025 12:00,124,0,Monday,7,0,0,random_or_none,4,dusty,0.734,260,0,0,0,0,0,0,0,normal,0,114,105
7/21/2025 13:00,114,0,Monday,7,0,0,random_or_none,5,windy,0.327,260,0,0,0,0,0,0,0,normal,0,119,113
7/21/2025 14:00,119,0,Monday,7,0,0,random_or_none,3,hot,0.791,260,0,0,0,0,0,0,0,extreme_weather,2,119,114
7/21/2025 15:00,119,0,Monday,7,0,0,random_or_none,3,hot,0.458,260,0,0,0,0,0,0,0,normal,0,121,111
7/21/2025 16:00,121,0,Monday,7,0,0,random_or_none,3,hot,0.936,260,0,0,0,0,0,0,0,extreme_weather,2,125,115
7/21/2025 17:00,125,0,Monday,7,0,0,random_or_none,4,dusty,0.752,260,0,0,0,0,0,0,0,extreme_weather,2,121,114
7/21/2025 18:00,121,0,Monday,7,0,0,random_or_none,4,dusty,0.53,260,0,0,0,0,0,0,0,normal,0,116,118
7/21/2025 19:00,116,0,Monday,7,0,0,random_or_none,0,sunny,0.156,260,0,0,0,0,0,0,0,normal,0,115,112
7/21/2025 20:00,115,0,Monday,7,0,0,random_or_none,3,hot,0.736,260,0,0,0,0,0,0,0,normal,0,101,114
7/21/2025 21:00,101,0,Monday,7,0,0,random_or_none,0,sunny,0.295,260,0,0,0,0,0,0,0,normal,0,91,104
7/21/2025 22:00,91,0,Monday,7,0,0,random_or_none,0,sunny,0.023,260,0,0,0,0,0,0,0,normal,0,88,96
7/21/2025 23:00,88,0,Monday,7,0,0,random_or_none,0,sunny,0.106,260,0,0,0,0,0,0,0,normal,0,75,84
7/22/2025 0:00,75,1,Tuesday,7,0,0,random_or_none,0,sunny,0.249,260,0,0,0,0,0,0,0,normal,0,72,80
7/22/2025 1:00,72,1,Tuesday,7,0,0,random_or_none,0,sunny,0.193,260,0,0,0,0,0,0,0,normal,0,101,73
7/22/2025 2:00,101,1,Tuesday,7,0,0,random_or_none,3,hot,0.292,260,0,1,63.24,0,0,0,0,emergency_spike,5,88,76
7/22/2025 3:00,88,1,Tuesday,7,0,0,random_or_none,3,hot,0.354,260,0,0,0,0,0,0,0,normal,0,78,69
7/22/2025 4:00,78,1,Tuesday,7,0,0,random_or_none,0,sunny,0.01,260,0,0,0,0,0,0,0,normal,0,75,66
7/22/2025 5:00,75,1,Tuesday,7,0,0,random_or_none,4,dusty,0.464,260,0,0,0,0,0,0,0,normal,0,75,74
7/22/2025 6:00,75,1,Tuesday,7,0,0,random_or_none,0,sunny,0.225,260,0,0,0,0,0,0,0,normal,0,82,77
7/22/2025 7:00,82,1,Tuesday,7,0,0,random_or_none,4,dusty,0.866,260,0,0,0,0,0,0,0,extreme_weather,2,83,81
7/22/2025 8:00,83,1,Tuesday,7,0,0,random_or_none,3,hot,0.679,260,0,0,0,0,0,0,0,normal,0,88,85
7/22/2025 9:00,88,1,Tuesday,7,0,0,random_or_none,3,hot,0.752,260,0,0,0,0,0,0,0,extreme_weather,2,93,92
7/22/2025 10:00,93,1,Tuesday,7,0,0,random_or_none,0,sunny,0.05,260,0,0,0,0,0,0,0,normal,0,98,93
7/22/2025 11:00,98,1,Tuesday,7,0,0,random_or_none,5,windy,0.534,260,0,0,0,0,0,0,0,normal,0,105,94
7/22/2025 12:00,105,1,Tuesday,7,0,0,random_or_none,3,hot,0.628,260,0,0,0,0,0,0,0,normal,0,113,106
7/22/2025 13:00,113,1,Tuesday,7,0,0,random_or_none,3,hot,0.589,260,0,0,0,0,0,0,0,normal,0,114,115
7/22/2025 14:00,114,1,Tuesday,7,0,0,random_or_none,0,sunny,0.255,260,0,0,0,0,0,0,0,normal,0,111,117
7/22/2025 15:00,111,1,Tuesday,7,0,0,random_or_none,0,sunny,0.005,260,0,0,0,0,0,0,0,normal,0,115,123
7/22/2025 16:00,115,1,Tuesday,7,0,0,random_or_none,3,hot,0.357,260,0,0,0,0,0,0,0,normal,0,114,123
7/22/2025 17:00,114,1,Tuesday,7,0,0,random_or_none,3,hot,0.529,260,0,0,0,0,0,0,0,normal,0,118,113
7/22/2025 18:00,118,1,Tuesday,7,0,0,random_or_none,3,hot,0.796,260,0,0,0,0,0,0,0,extreme_weather,2,112,116
7/22/2025 19:00,112,1,Tuesday,7,0,0,random_or_none,0,sunny,0.307,260,0,0,0,0,0,0,0,normal,0,114,110
7/22/2025 20:00,114,1,Tuesday,7,0,0,random_or_none,3,hot,0.947,260,0,0,0,0,0,0,0,extreme_weather,2,104,112
7/22/2025 21:00,104,1,Tuesday,7,0,0,random_or_none,3,hot,0.321,260,0,0,0,0,0,0,0,normal,0,96,109
7/22/2025 22:00,96,1,Tuesday,7,0,0,random_or_none,5,windy,0.639,260,0,0,0,0,0,0,0,normal,0,84,101
7/22/2025 23:00,84,1,Tuesday,7,0,0,random_or_none,1,rainy,0.785,260,0,0,0,0,0,0,0,extreme_weather,2,80,85
7/23/2025 0:00,80,2,Wednesday,7,0,0,random_or_none,3,hot,0.745,260,0,0,0,0,0,0,0,normal,0,73,84
7/23/2025 1:00,73,2,Wednesday,7,0,0,random_or_none,4,dusty,0.813,260,0,0,0,0,0,0,0,extreme_weather,2,76,77
7/23/2025 2:00,76,2,Wednesday,7,0,0,random_or_none,3,hot,1,260,0,0,0,0,0,0,0,extreme_weather,2,69,76
7/23/2025 3:00,69,2,Wednesday,7,0,0,random_or_none,0,sunny,0.106,260,0,0,0,0,0,0,0,normal,0,66,69
7/23/2025 4:00,66,2,Wednesday,7,0,0,random_or_none,3,hot,0.635,260,0,0,0,0,0,0,0,normal,0,74,65
7/23/2025 5:00,74,2,Wednesday,7,0,0,random_or_none,3,hot,0.894,260,0,0,0,0,0,0,0,extreme_weather,2,77,71
7/23/2025 6:00,77,2,Wednesday,7,0,0,random_or_none,0,sunny,0.15,260,0,0,0,0,0,0,0,normal,0,81,75
7/23/2025 7:00,81,2,Wednesday,7,0,0,random_or_none,5,windy,0.61,260,0,0,0,0,0,0,0,normal,0,85,131
7/23/2025 8:00,85,2,Wednesday,7,0,0,random_or_none,4,dusty,0.661,260,0,0,0,0,0,0,0,normal,0,92,111
7/23/2025 9:00,92,2,Wednesday,7,0,0,random_or_none,3,hot,1,260,0,0,0,0,0,0,0,extreme_weather,2,93,105
7/23/2025 10:00,93,2,Wednesday,7,0,0,random_or_none,3,hot,0.617,260,0,0,0,0,0,0,0,normal,0,94,100
7/23/2025 11:00,94,2,Wednesday,7,0,0,random_or_none,0,sunny,0.048,260,0,0,0,0,0,0,0,normal,0,106,100
7/23/2025 12:00,106,2,Wednesday,7,0,0,random_or_none,3,hot,0.65,260,0,0,0,0,0,0,0,normal,0,115,105
7/23/2025 13:00,115,2,Wednesday,7,0,0,random_or_none,3,hot,0.546,260,0,0,0,0,0,0,0,normal,0,117,116
7/23/2025 14:00,117,2,Wednesday,7,0,0,random_or_none,3,hot,0.784,260,0,0,0,0,0,0,0,extreme_weather,2,123,121
7/23/2025 15:00,123,2,Wednesday,7,0,0,random_or_none,3,hot,1,260,0,0,0,0,0,0,0,extreme_weather,2,123,118
7/23/2025 16:00,123,2,Wednesday,7,0,0,random_or_none,4,dusty,0.991,260,0,0,0,0,0,0,0,extreme_weather,2,113,116
7/23/2025 17:00,113,2,Wednesday,7,0,0,random_or_none,0,sunny,0.125,260,0,0,0,0,0,0,0,normal,0,116,113
7/23/2025 18:00,116,2,Wednesday,7,0,0,random_or_none,3,hot,0.792,260,0,0,0,0,0,0,0,extreme_weather,2,110,111
7/23/2025 19:00,110,2,Wednesday,7,0,0,random_or_none,3,hot,0.254,260,0,0,0,0,0,0,0,normal,0,112,109
7/23/2025 20:00,112,2,Wednesday,7,0,0,random_or_none,3,hot,0.675,260,0,0,0,0,0,0,0,normal,0,109,111
7/23/2025 21:00,109,2,Wednesday,7,0,0,random_or_none,3,hot,1,260,0,0,0,0,0,0,0,extreme_weather,2,101,105
7/23/2025 22:00,101,2,Wednesday,7,0,0,random_or_none,4,dusty,0.809,260,0,0,0,0,0,0,0,extreme_weather,2,85,97
7/23/2025 23:00,85,2,Wednesday,7,0,0,random_or_none,0,sunny,0.243,260,0,0,0,0,0,0,0,normal,0,84,83
7/24/2025 0:00,84,3,Thursday,7,0,0,random_or_none,3,hot,0.858,260,0,0,0,0,0,0,0,extreme_weather,2,77,77
7/24/2025 1:00,77,3,Thursday,7,0,0,random_or_none,3,hot,0.796,260,0,0,0,0,0,0,0,extreme_weather,2,76,74
7/24/2025 2:00,76,3,Thursday,7,0,0,random_or_none,5,windy,0.759,260,0,0,0,0,0,0,0,extreme_weather,2,69,68
7/24/2025 3:00,69,3,Thursday,7,0,0,random_or_none,5,windy,0.172,260,0,0,0,0,0,0,0,normal,0,65,69
7/24/2025 4:00,65,3,Thursday,7,0,0,random_or_none,0,sunny,0.247,260,0,0,0,0,0,0,0,normal,0,71,69
7/24/2025 5:00,71,3,Thursday,7,0,0,random_or_none,3,hot,0.708,260,0,0,0,0,0,0,0,normal,0,75,71
7/24/2025 6:00,75,3,Thursday,7,0,0,random_or_none,3,hot,0.61,260,0,0,0,0,0,0,0,normal,0,131,77
7/24/2025 7:00,131,3,Thursday,7,0,0,random_or_none,3,hot,0.532,260,0,1,105.93,0,0,0,0,emergency_spike,5,111,79
7/24/2025 8:00,111,3,Thursday,7,0,0,random_or_none,4,dusty,0.455,260,0,0,0,0,0,0,0,normal,0,105,86
7/24/2025 9:00,105,3,Thursday,7,0,0,random_or_none,3,hot,1,260,0,0,0,0,0,0,0,extreme_weather,2,100,99
7/24/2025 10:00,100,3,Thursday,7,0,0,random_or_none,0,sunny,0.312,260,0,0,0,0,0,0,0,normal,0,100,99
7/24/2025 11:00,100,3,Thursday,7,0,0,random_or_none,0,sunny,0.158,260,0,0,0,0,0,0,0,normal,0,105,97
7/24/2025 12:00,105,3,Thursday,7,0,0,random_or_none,3,hot,0.616,260,0,0,0,0,0,0,0,normal,0,116,99
7/24/2025 13:00,116,3,Thursday,7,0,0,random_or_none,3,hot,0.924,260,0,0,0,0,0,0,0,extreme_weather,2,121,111
7/24/2025 14:00,121,3,Thursday,7,0,0,random_or_none,4,dusty,0.996,260,0,0,0,0,0,0,0,extreme_weather,2,118,117
7/24/2025 15:00,118,3,Thursday,7,0,0,random_or_none,3,hot,0.727,260,0,0,0,0,0,0,0,normal,0,116,121
7/24/2025 16:00,116,3,Thursday,7,0,0,random_or_none,3,hot,0.391,260,0,0,0,0,0,0,0,normal,0,113,118
7/24/2025 17:00,113,3,Thursday,7,0,0,random_or_none,4,dusty,0.779,260,0,0,0,0,0,0,0,extreme_weather,2,111,120
7/24/2025 18:00,111,3,Thursday,7,0,0,random_or_none,0,sunny,0.17,260,0,0,0,0,0,0,0,normal,0,109,111
7/24/2025 19:00,109,3,Thursday,7,0,0,random_or_none,3,hot,0.74,260,0,0,0,0,0,0,0,normal,0,111,104
7/24/2025 20:00,111,3,Thursday,7,0,0,random_or_none,1,rainy,0.885,260,0,0,0,0,0,0,0,extreme_weather,2,105,107
7/24/2025 21:00,105,3,Thursday,7,0,0,random_or_none,4,dusty,0.617,260,0,0,0,0,0,0,0,normal,0,97,100
7/24/2025 22:00,97,3,Thursday,7,0,0,random_or_none,4,dusty,0.877,260,0,0,0,0,0,0,0,extreme_weather,2,83,94
7/24/2025 23:00,83,3,Thursday,7,0,0,random_or_none,3,hot,0.443,260,0,0,0,0,0,0,0,normal,0,77,89
7/25/2025 0:00,77,4,Friday,7,0,0,random_or_none,0,sunny,0.105,260,0,0,0,0,0,0,0,normal,0,74,76
7/25/2025 1:00,74,4,Friday,7,0,0,random_or_none,5,windy,0.357,260,0,0,0,0,0,0,0,normal,0,68,71
7/25/2025 2:00,68,4,Friday,7,0,0,random_or_none,0,sunny,0.131,260,0,0,0,0,0,0,0,normal,0,69,66
7/25/2025 3:00,69,4,Friday,7,0,0,random_or_none,3,hot,0.446,260,0,0,0,0,0,0,0,normal,0,69,68
7/25/2025 4:00,69,4,Friday,7,0,0,random_or_none,0,sunny,0.163,260,0,0,0,0,0,0,0,normal,0,71,62
7/25/2025 5:00,71,4,Friday,7,0,0,random_or_none,0,sunny,0.101,260,0,0,0,0,0,0,0,normal,0,77,69
7/25/2025 6:00,77,4,Friday,7,0,0,random_or_none,3,hot,0.7,260,0,0,0,0,0,0,0,normal,0,79,67
7/25/2025 7:00,79,4,Friday,7,0,0,random_or_none,0,sunny,0.131,260,0,0,0,0,0,0,0,normal,0,86,73
7/25/2025 8:00,86,4,Friday,7,0,0,random_or_none,3,hot,0.879,260,0,0,0,0,0,0,0,extreme_weather,2,99,77
7/25/2025 9:00,99,4,Friday,7,0,0,random_or_none,3,hot,1,260,0,0,0,0,0,0,0,extreme_weather,2,99,82
7/25/2025 10:00,99,4,Friday,7,0,0,random_or_none,0,sunny,0.06,260,0,0,0,0,0,0,0,normal,0,97,84
7/25/2025 11:00,97,4,Friday,7,0,0,random_or_none,0,sunny,0.192,260,0,0,0,0,0,0,0,normal,0,99,93
7/25/2025 12:00,99,4,Friday,7,0,0,random_or_none,0,sunny,0.142,260,0,0,0,0,0,0,0,normal,0,111,87
7/25/2025 13:00,111,4,Friday,7,0,0,random_or_none,4,dusty,0.94,260,0,0,0,0,0,0,0,extreme_weather,2,117,93
7/25/2025 14:00,117,4,Friday,7,0,0,random_or_none,4,dusty,0.421,260,0,0,0,0,0,0,0,normal,0,121,100
7/25/2025 15:00,121,4,Friday,7,0,0,random_or_none,0,sunny,0.13,260,0,0,0,0,0,0,0,normal,0,118,99
7/25/2025 16:00,118,4,Friday,7,0,0,random_or_none,0,sunny,0.069,260,0,0,0,0,0,0,0,normal,0,120,94
7/25/2025 17:00,120,4,Friday,7,0,0,random_or_none,3,hot,0.783,260,0,0,0,0,0,0,0,extreme_weather,2,111,100
7/25/2025 18:00,111,4,Friday,7,0,0,random_or_none,0,sunny,0.117,260,0,0,0,0,0,0,0,normal,0,104,102
7/25/2025 19:00,104,4,Friday,7,0,0,random_or_none,3,hot,0.495,260,0,0,0,0,0,0,0,normal,0,107,97
7/25/2025 20:00,107,4,Friday,7,0,0,random_or_none,3,hot,0.645,260,0,0,0,0,0,0,0,normal,0,100,93
7/25/2025 21:00,100,4,Friday,7,0,0,random_or_none,0,sunny,0.05,260,0,0,0,0,0,0,0,normal,0,94,92
7/25/2025 22:00,94,4,Friday,7,0,0,random_or_none,4,dusty,0.606,260,0,0,0,0,0,0,0,normal,0,89,79
7/25/2025 23:00,89,4,Friday,7,0,0,random_or_none,4,dusty,0.463,260,0,0,0,0,0,0,0,normal,0,76,71
7/26/2025 0:00,76,5,Saturday,7,1,0,random_or_none,4,dusty,0.718,260,0,0,0,0,0,0,0,normal,0,71,64
7/26/2025 1:00,71,5,Saturday,7,1,0,random_or_none,3,hot,1,260,0,0,0,0,0,0,0,extreme_weather,2,66,58
7/26/2025 2:00,66,5,Saturday,7,1,0,random_or_none,4,dusty,0.367,260,0,0,0,0,0,0,0,normal,0,68,61
7/26/2025 3:00,68,5,Saturday,7,1,0,random_or_none,3,hot,0.818,260,0,0,0,0,0,0,0,extreme_weather,2,62,63
7/26/2025 4:00,62,5,Saturday,7,1,0,random_or_none,5,windy,0.238,260,0,0,0,0,0,0,0,normal,0,69,55
7/26/2025 5:00,69,5,Saturday,7,1,0,random_or_none,3,hot,1,260,0,0,0,0,0,0,0,extreme_weather,2,67,55
7/26/2025 6:00,67,5,Saturday,7,1,0,random_or_none,3,hot,0.458,260,0,0,0,0,0,0,0,normal,0,73,64
7/26/2025 7:00,73,5,Saturday,7,1,0,random_or_none,4,dusty,0.467,260,0,0,0,0,0,0,0,normal,0,77,65
7/26/2025 8:00,77,5,Saturday,7,1,0,random_or_none,3,hot,0.397,260,0,0,0,0,0,0,0,normal,0,82,75
7/26/2025 9:00,82,5,Saturday,7,1,0,random_or_none,4,dusty,0.799,260,0,0,0,0,0,0,0,extreme_weather,2,84,74
7/26/2025 10:00,84,5,Saturday,7,1,0,random_or_none,4,dusty,0.543,260,0,0,0,0,0,0,0,normal,0,93,76
7/26/2025 11:00,93,5,Saturday,7,1,0,random_or_none,4,dusty,0.642,260,0,0,0,0,0,0,0,normal,0,87,84
7/26/2025 12:00,87,5,Saturday,7,1,0,random_or_none,0,sunny,0.349,260,0,0,0,0,0,0,0,normal,0,93,89
7/26/2025 13:00,93,5,Saturday,7,1,0,random_or_none,0,sunny,0.023,260,0,0,0,0,0,0,0,normal,0,100,94
7/26/2025 14:00,100,5,Saturday,7,1,0,random_or_none,4,dusty,1,260,0,0,0,0,0,0,0,extreme_weather,2,99,101
7/26/2025 15:00,99,5,Saturday,7,1,0,random_or_none,5,windy,0.462,260,0,0,0,0,0,0,0,normal,0,94,103
7/26/2025 16:00,94,5,Saturday,7,1,0,random_or_none,0,sunny,0.347,260,0,0,0,0,0,0,0,normal,0,100,98
7/26/2025 17:00,100,5,Saturday,7,1,0,random_or_none,3,hot,0.547,260,0,0,0,0,0,0,0,normal,0,102,102
7/26/2025 18:00,102,5,Saturday,7,1,0,random_or_none,3,hot,0.927,260,0,0,0,0,0,0,0,extreme_weather,2,97,100
7/26/2025 19:00,97,5,Saturday,7,1,0,random_or_none,0,sunny,0.241,260,0,0,0,0,0,0,0,normal,0,93,90
7/26/2025 20:00,93,5,Saturday,7,1,0,random_or_none,3,hot,0.872,260,0,0,0,0,0,0,0,extreme_weather,2,92,85
7/26/2025 21:00,92,5,Saturday,7,1,0,random_or_none,3,hot,1,260,0,0,0,0,0,0,0,extreme_weather,2,79,80
7/26/2025 22:00,79,5,Saturday,7,1,0,random_or_none,0,sunny,0.207,260,0,0,0,0,0,0,0,normal,0,71,78
7/26/2025 23:00,71,5,Saturday,7,1,0,random_or_none,0,sunny,0.302,260,0,0,0,0,0,0,0,normal,0,64,102
7/27/2025 0:00,64,6,Sunday,7,1,0,random_or_none,3,hot,0.501,260,0,0,0,0,0,0,0,normal,0,58,94
7/27/2025 1:00,58,6,Sunday,7,1,0,random_or_none,0,sunny,0.144,260,0,0,0,0,0,0,0,normal,0,61,80
7/27/2025 2:00,61,6,Sunday,7,1,0,random_or_none,4,dusty,0.521,260,0,0,0,0,0,0,0,normal,0,63,75
7/27/2025 3:00,63,6,Sunday,7,1,0,random_or_none,3,hot,0.791,260,0,0,0,0,0,0,0,extreme_weather,2,55,73
7/27/2025 4:00,55,6,Sunday,7,1,0,random_or_none,0,sunny,0.311,260,0,0,0,0,0,0,0,normal,0,55,72
7/27/2025 5:00,55,6,Sunday,7,1,0,random_or_none,3,hot,0.572,260,0,0,0,0,0,0,0,normal,0,64,78
7/27/2025 6:00,64,6,Sunday,7,1,0,random_or_none,3,hot,0.974,260,0,0,0,0,0,0,0,extreme_weather,2,65,105
7/27/2025 7:00,65,6,Sunday,7,1,0,random_or_none,0,sunny,0.073,260,0,0,0,0,0,0,0,normal,0,75,93
7/27/2025 8:00,75,6,Sunday,7,1,0,random_or_none,3,hot,0.919,260,0,0,0,0,0,0,0,extreme_weather,2,74,100
7/27/2025 9:00,74,6,Sunday,7,1,0,random_or_none,0,sunny,0.285,260,0,0,0,0,0,0,0,normal,0,76,102
7/27/2025 10:00,76,6,Sunday,7,1,0,random_or_none,5,windy,0.164,260,0,0,0,0,0,0,0,normal,0,84,107
7/27/2025 11:00,84,6,Sunday,7,1,0,random_or_none,3,hot,0.374,260,0,0,0,0,0,0,0,normal,0,89,103
7/27/2025 12:00,89,6,Sunday,7,1,0,random_or_none,4,dusty,0.739,260,0,0,0,0,0,0,0,normal,0,94,104
7/27/2025 13:00,94,6,Sunday,7,1,0,random_or_none,3,hot,0.452,260,0,0,0,0,0,0,0,normal,0,101,105
7/27/2025 14:00,101,6,Sunday,7,1,0,random_or_none,3,hot,0.968,260,0,0,0,0,0,0,0,extreme_weather,2,103,106
7/27/2025 15:00,103,6,Sunday,7,1,0,random_or_none,0,sunny,0.161,260,0,0,0,0,0,0,0,normal,0,98,116
7/27/2025 16:00,98,6,Sunday,7,1,0,random_or_none,0,sunny,0.282,260,0,0,0,0,0,0,0,normal,0,102,123
7/27/2025 17:00,102,6,Sunday,7,1,0,random_or_none,4,dusty,0.574,260,0,0,0,0,0,0,0,normal,0,100,113
7/27/2025 18:00,100,6,Sunday,7,1,0,random_or_none,0,sunny,0.064,260,0,0,0,0,0,0,0,normal,0,90,114
7/27/2025 19:00,90,6,Sunday,7,1,0,random_or_none,0,sunny,0.031,260,0,0,0,0,0,0,0,normal,0,85,117
7/27/2025 20:00,85,6,Sunday,7,1,0,random_or_none,1,rainy,0.17,260,0,0,0,0,0,0,0,normal,0,80,114
7/27/2025 21:00,80,6,Sunday,7,1,0,random_or_none,3,hot,0.354,260,0,0,0,0,0,0,0,normal,0,78,108
7/27/2025 22:00,78,6,Sunday,7,1,0,random_or_none,3,hot,0.964,260,0,0,0,0,0,0,0,extreme_weather,2,102,101
7/27/2025 23:00,102,6,Sunday,7,1,0,random_or_none,0,sunny,0.256,260,0,1,81.16,0,0,0,0,emergency_spike,5,94,89
7/28/2025 0:00,94,0,Monday,7,0,0,random_or_none,3,hot,0.581,260,0,0,0,0,0,0,0,normal,0,80,81
7/28/2025 1:00,80,0,Monday,7,0,0,random_or_none,0,sunny,0.28,260,0,0,0,0,0,0,0,normal,0,75,73
7/28/2025 2:00,75,0,Monday,7,0,0,random_or_none,3,hot,0.928,260,0,0,0,0,0,0,0,extreme_weather,2,73,72
7/28/2025 3:00,73,0,Monday,7,0,0,random_or_none,3,hot,0.31,260,0,0,0,0,0,0,0,normal,0,72,71
7/28/2025 4:00,72,0,Monday,7,0,0,random_or_none,0,sunny,0.013,260,0,0,0,0,0,0,0,normal,0,78,76
7/28/2025 5:00,78,0,Monday,7,0,0,random_or_none,3,hot,1,260,0,0,0,0,0,0,0,extreme_weather,2,105,73
7/28/2025 6:00,105,0,Monday,7,0,0,random_or_none,0,sunny,0.029,260,0,1,69.08,0,0,0,0,emergency_spike,5,93,83
7/28/2025 7:00,93,0,Monday,7,0,0,random_or_none,4,dusty,0.358,260,0,0,0,0,0,0,0,normal,0,100,83
7/28/2025 8:00,100,0,Monday,7,0,0,random_or_none,3,hot,0.601,260,0,0,0,0,0,0,0,normal,0,102,82
7/28/2025 9:00,102,0,Monday,7,0,0,random_or_none,3,hot,0.753,260,0,0,0,0,0,0,0,extreme_weather,2,107,88
7/28/2025 10:00,107,0,Monday,7,0,0,random_or_none,3,hot,0.957,260,0,0,0,0,0,0,0,extreme_weather,2,103,96
7/28/2025 11:00,103,0,Monday,7,0,0,random_or_none,0,sunny,0.311,260,0,0,0,0,0,0,0,normal,0,104,100
7/28/2025 12:00,104,0,Monday,7,0,0,random_or_none,3,hot,0.472,260,0,0,0,0,0,0,0,normal,0,105,102
7/28/2025 13:00,105,0,Monday,7,0,0,random_or_none,0,sunny,0.329,260,0,0,0,0,0,0,0,normal,0,106,110
7/28/2025 14:00,106,0,Monday,7,0,0,random_or_none,3,hot,0.694,260,0,0,0,0,0,0,0,normal,0,116,128
7/28/2025 15:00,116,0,Monday,7,0,0,random_or_none,4,dusty,0.86,260,0,0,0,0,0,0,0,extreme_weather,2,123,125
7/28/2025 16:00,123,0,Monday,7,0,0,random_or_none,4,dusty,0.426,260,0,0,0,0,0,0,0,normal,0,113,130
7/28/2025 17:00,113,0,Monday,7,0,0,random_or_none,3,hot,0.751,260,0,0,0,0,0,0,0,extreme_weather,2,114,125
7/28/2025 18:00,114,0,Monday,7,0,0,random_or_none,5,windy,0.567,260,0,0,0,0,0,0,0,normal,0,117,116
7/28/2025 19:00,117,0,Monday,7,0,0,random_or_none,4,dusty,0.689,260,0,0,0,0,0,0,0,normal,0,114,115
7/28/2025 20:00,114,0,Monday,7,0,0,random_or_none,5,windy,0.85,260,0,0,0,0,0,0,0,extreme_weather,2,108,131
7/28/2025 21:00,108,0,Monday,7,0,0,random_or_none,3,hot,0.985,260,0,0,0,0,0,0,0,extreme_weather,2,101,122
7/28/2025 22:00,101,0,Monday,7,0,0,random_or_none,4,dusty,0.401,260,0,0,0,0,0,0,0,normal,0,89,108
7/28/2025 23:00,89,0,Monday,7,0,0,random_or_none,0,sunny,0.106,260,0,0,0,0,0,0,0,normal,0,81,95
7/29/2025 0:00,81,1,Tuesday,7,0,0,random_or_none,0,sunny,0.133,260,0,0,0,0,0,0,0,normal,0,73,94
7/29/2025 1:00,73,1,Tuesday,7,0,0,random_or_none,0,sunny,0.042,260,0,0,0,0,0,0,0,normal,0,72,82
7/29/2025 2:00,72,1,Tuesday,7,0,0,random_or_none,3,hot,0.83,260,0,0,0,0,0,0,0,extreme_weather,2,71,80
7/29/2025 3:00,71,1,Tuesday,7,0,0,random_or_none,0,sunny,0.338,260,0,0,0,0,0,0,0,normal,0,76,70
7/29/2025 4:00,76,1,Tuesday,7,0,0,random_or_none,3,hot,0.81,260,0,0,0,0,0,0,0,extreme_weather,2,73,76
7/29/2025 5:00,73,1,Tuesday,7,0,0,random_or_none,0,sunny,0.259,260,0,0,0,0,0,0,0,normal,0,83,71
7/29/2025 6:00,83,1,Tuesday,7,0,0,random_or_none,3,hot,0.799,260,0,0,0,0,0,0,0,extreme_weather,2,83,122
7/29/2025 7:00,83,1,Tuesday,7,0,0,random_or_none,0,sunny,0.209,260,0,0,0,0,0,0,0,normal,0,82,104
7/29/2025 8:00,82,1,Tuesday,7,0,0,random_or_none,0,sunny,0.32,260,0,0,0,0,0,0,0,normal,0,88,101
7/29/2025 9:00,88,1,Tuesday,7,0,0,random_or_none,0,sunny,0.332,260,0,0,0,0,0,0,0,normal,0,96,99
7/29/2025 10:00,96,1,Tuesday,7,0,0,random_or_none,3,hot,0.634,260,0,0,0,0,0,0,0,normal,0,100,97
7/29/2025 11:00,100,1,Tuesday,7,0,0,random_or_none,3,hot,0.841,260,0,0,0,0,0,0,0,extreme_weather,2,102,107
7/29/2025 12:00,102,1,Tuesday,7,0,0,random_or_none,4,dusty,0.494,260,0,0,0,0,0,0,0,normal,0,110,102
7/29/2025 13:00,110,1,Tuesday,7,0,0,random_or_none,3,hot,0.582,260,0,0,0,0,0,0,0,normal,0,128,102
7/29/2025 14:00,128,1,Tuesday,7,0,0,random_or_none,3,hot,0.328,260,0,1,29.95,0,0,0,0,emergency_spike,5,125,107
7/29/2025 15:00,125,1,Tuesday,7,0,0,random_or_none,2,cold,0.791,260,0,0,0,0,0,0,0,extreme_weather,2,130,106
7/29/2025 16:00,130,1,Tuesday,7,0,0,random_or_none,3,hot,1,260,0,0,0,0,0,0,0,extreme_weather,2,125,106
7/29/2025 17:00,125,1,Tuesday,7,0,0,random_or_none,3,hot,0.957,260,0,0,0,0,0,0,0,extreme_weather,2,116,113
7/29/2025 18:00,116,1,Tuesday,7,0,0,random_or_none,3,hot,0.399,260,0,0,0,0,0,0,0,normal,0,115,108
7/29/2025 19:00,115,1,Tuesday,7,0,0,random_or_none,3,hot,0.613,260,0,0,0,0,0,0,0,normal,0,131,107
7/29/2025 20:00,131,1,Tuesday,7,0,0,random_or_none,0,sunny,0.188,260,0,1,52.37,0,0,0,0,emergency_spike,5,122,103
7/29/2025 21:00,122,1,Tuesday,7,0,0,random_or_none,3,hot,1,260,0,0,0,0,0,0,0,extreme_weather,2,108,106
7/29/2025 22:00,108,1,Tuesday,7,0,0,random_or_none,3,hot,0.395,260,0,0,0,0,0,0,0,normal,0,95,99
7/29/2025 23:00,95,1,Tuesday,7,0,0,random_or_none,3,hot,0.403,260,0,0,0,0,0,0,0,normal,0,94,89
7/30/2025 0:00,94,2,Wednesday,7,0,0,random_or_none,0,sunny,0.104,260,0,1,28.33,0,0,0,0,emergency_spike,5,82,86
7/30/2025 1:00,82,2,Wednesday,7,0,0,random_or_none,3,hot,0.926,260,0,0,0,0,0,0,0,extreme_weather,2,80,81
7/30/2025 2:00,80,2,Wednesday,7,0,0,random_or_none,3,hot,0.379,260,0,0,0,0,0,0,0,normal,0,70,75
7/30/2025 3:00,70,2,Wednesday,7,0,0,random_or_none,3,hot,0.622,260,0,0,0,0,0,0,0,normal,0,76,71
7/30/2025 4:00,76,2,Wednesday,7,0,0,random_or_none,3,hot,0.943,260,0,0,0,0,0,0,0,extreme_weather,2,71,66
7/30/2025 5:00,71,2,Wednesday,7,0,0,random_or_none,3,hot,0.449,260,0,0,0,0,0,0,0,normal,0,122,70
7/30/2025 6:00,122,2,Wednesday,7,0,0,random_or_none,5,windy,0.567,260,0,1,105.55,0,0,0,0,emergency_spike,5,104,77
7/30/2025 7:00,104,2,Wednesday,7,0,0,random_or_none,5,windy,0.163,260,0,0,0,0,0,0,0,normal,0,101,79
7/30/2025 8:00,101,2,Wednesday,7,0,0,random_or_none,4,dusty,0.37,260,0,0,0,0,0,0,0,normal,0,99,88
7/30/2025 9:00,99,2,Wednesday,7,0,0,random_or_none,3,hot,0.63,260,0,0,0,0,0,0,0,normal,0,97,97
7/30/2025 10:00,97,2,Wednesday,7,0,0,random_or_none,0,sunny,0.317,260,0,0,0,0,0,0,0,normal,0,107,103
7/30/2025 11:00,107,2,Wednesday,7,0,0,random_or_none,3,hot,0.723,260,0,0,0,0,0,0,0,normal,0,102,124
7/30/2025 12:00,102,2,Wednesday,7,0,0,random_or_none,0,sunny,0.061,260,0,0,0,0,0,0,0,normal,0,102,116
7/30/2025 13:00,102,2,Wednesday,7,0,0,random_or_none,3,hot,0.672,260,0,0,0,0,0,0,0,normal,0,107,113
7/30/2025 14:00,107,2,Wednesday,7,0,0,random_or_none,5,windy,0.632,260,0,0,0,0,0,0,0,normal,0,106,113
7/30/2025 15:00,106,2,Wednesday,7,0,0,random_or_none,0,sunny,0.271,260,0,0,0,0,0,0,0,normal,0,106,117
7/30/2025 16:00,106,2,Wednesday,7,0,0,random_or_none,3,hot,1,260,0,0,0,0,0,0,0,extreme_weather,2,113,121
7/30/2025 17:00,113,2,Wednesday,7,0,0,random_or_none,5,windy,0.767,260,0,0,0,0,0,0,0,extreme_weather,2,108,121
7/30/2025 18:00,108,2,Wednesday,7,0,0,random_or_none,0,sunny,0.112,260,0,0,0,0,0,0,0,normal,0,107,117
7/30/2025 19:00,107,2,Wednesday,7,0,0,random_or_none,0,sunny,0.13,260,0,0,0,0,0,0,0,normal,0,103,111
7/30/2025 20:00,103,2,Wednesday,7,0,0,random_or_none,0,sunny,0.007,260,0,0,0,0,0,0,0,normal,0,106,100
7/30/2025 21:00,106,2,Wednesday,7,0,0,random_or_none,3,hot,0.73,260,0,0,0,0,0,0,0,normal,0,99,106
7/30/2025 22:00,99,2,Wednesday,7,0,0,random_or_none,3,hot,0.623,260,0,0,0,0,0,0,0,normal,0,89,99
7/30/2025 23:00,89,2,Wednesday,7,0,0,random_or_none,3,hot,0.891,260,0,0,0,0,0,0,0,extreme_weather,2,86,88
7/31/2025 0:00,86,3,Thursday,7,0,0,random_or_none,3,hot,0.653,260,0,0,0,0,0,0,0,normal,0,81,80
7/31/2025 1:00,81,3,Thursday,7,0,0,random_or_none,3,hot,0.72,260,0,0,0,0,0,0,0,normal,0,75,115
7/31/2025 2:00,75,3,Thursday,7,0,0,random_or_none,0,sunny,0.105,260,0,0,0,0,0,0,0,normal,0,71,91
7/31/2025 3:00,71,3,Thursday,7,0,0,random_or_none,0,sunny,0.179,260,0,0,0,0,0,0,0,normal,0,66,80
7/31/2025 4:00,66,3,Thursday,7,0,0,random_or_none,0,sunny,0.216,260,0,0,0,0,0,0,0,normal,0,70,81
7/31/2025 5:00,70,3,Thursday,7,0,0,random_or_none,3,hot,0.743,260,0,0,0,0,0,0,0,normal,0,77,78
7/31/2025 6:00,77,3,Thursday,7,0,0,random_or_none,3,hot,1,260,0,0,0,0,0,0,0,extreme_weather,2,79,81
7/31/2025 7:00,79,3,Thursday,7,0,0,random_or_none,3,hot,0.482,260,0,0,0,0,0,0,0,normal,0,88,88
7/31/2025 8:00,88,3,Thursday,7,0,0,random_or_none,4,dusty,0.524,260,0,0,0,0,0,0,0,normal,0,97,89
7/31/2025 9:00,97,3,Thursday,7,0,0,random_or_none,3,hot,1,260,0,0,0,0,0,0,0,extreme_weather,2,103,92
7/31/2025 10:00,103,3,Thursday,7,0,0,random_or_none,3,hot,0.744,260,0,0,0,0,0,0,0,normal,0,124,94
7/31/2025 11:00,124,3,Thursday,7,0,0,random_or_none,0,sunny,0.283,260,0,1,47.75,0,0,0,0,emergency_spike,5,116,98
7/31/2025 12:00,116,3,Thursday,7,0,0,random_or_none,3,hot,0.449,260,0,0,0,0,0,0,0,normal,0,113,97
7/31/2025 13:00,113,3,Thursday,7,0,0,random_or_none,3,hot,0.784,260,0,0,0,0,0,0,0,extreme_weather,2,113,99
7/31/2025 14:00,113,3,Thursday,7,0,0,random_or_none,4,dusty,0.572,260,0,0,0,0,0,0,0,normal,0,117,101
7/31/2025 15:00,117,3,Thursday,7,0,0,random_or_none,3,hot,1,260,0,0,0,0,0,0,0,extreme_weather,2,121,103
7/31/2025 16:00,121,3,Thursday,7,0,0,random_or_none,3,hot,1,260,0,0,0,0,0,0,0,extreme_weather,2,121,104
7/31/2025 17:00,121,3,Thursday,7,0,0,random_or_none,5,windy,0.6,260,0,0,0,0,0,0,0,normal,0,117,105
7/31/2025 18:00,117,3,Thursday,7,0,0,random_or_none,3,hot,0.389,260,0,0,0,0,0,0,0,normal,0,111,109
7/31/2025 19:00,111,3,Thursday,7,0,0,random_or_none,0,sunny,0.207,260,0,0,0,0,0,0,0,normal,0,100,112
7/31/2025 20:00,100,3,Thursday,7,0,0,random_or_none,3,hot,0.547,260,0,0,0,0,0,0,0,normal,0,106,103
7/31/2025 21:00,106,3,Thursday,7,0,0,random_or_none,4,dusty,0.959,260,0,0,0,0,0,0,0,extreme_weather,2,99,104
7/31/2025 22:00,99,3,Thursday,7,0,0,random_or_none,3,hot,0.382,260,0,0,0,0,0,0,0,normal,0,88,98
7/31/2025 23:00,88,3,Thursday,7,0,0,random_or_none,3,hot,0.3,260,0,0,0,0,0,0,0,normal,0,80,88
8/1/2025 0:00,80,4,Friday,8,0,0,random_or_none,3,hot,0.478,260,0,0,0,0,0,0,0,normal,0,115,65
8/1/2025 1:00,115,4,Friday,8,0,0,random_or_none,3,hot,0.308,260,0,1,81.7,0,0,0,0,emergency_spike,5,91,57
8/1/2025 2:00,91,4,Friday,8,0,0,random_or_none,0,sunny,0.151,260,0,0,0,0,0,0,0,normal,0,80,57
8/1/2025 3:00,80,4,Friday,8,0,0,random_or_none,0,sunny,0.237,260,0,0,0,0,0,0,0,normal,0,81,55
8/1/2025 4:00,81,4,Friday,8,0,0,random_or_none,3,hot,0.895,260,0,0,0,0,0,0,0,extreme_weather,2,78,56
8/1/2025 5:00,78,4,Friday,8,0,0,random_or_none,2,cold,0.709,260,0,0,0,0,0,0,0,normal,0,81,100
8/1/2025 6:00,81,4,Friday,8,0,0,random_or_none,3,hot,0.937,260,0,0,0,0,0,0,0,extreme_weather,2,88,80
8/1/2025 7:00,88,4,Friday,8,0,0,random_or_none,3,hot,0.652,260,0,0,0,0,0,0,0,normal,0,89,79
8/1/2025 8:00,89,4,Friday,8,0,0,random_or_none,4,dusty,0.869,260,0,0,0,0,0,0,0,extreme_weather,2,92,78
8/1/2025 9:00,92,4,Friday,8,0,0,random_or_none,3,hot,0.371,260,0,0,0,0,0,0,0,normal,0,94,75
8/1/2025 10:00,94,4,Friday,8,0,0,random_or_none,5,windy,0.415,260,0,0,0,0,0,0,0,normal,0,98,75
8/1/2025 11:00,98,4,Friday,8,0,0,random_or_none,3,hot,0.686,260,0,0,0,0,0,0,0,normal,0,97,80
8/1/2025 12:00,97,4,Friday,8,0,0,random_or_none,0,sunny,0.119,260,0,0,0,0,0,0,0,normal,0,99,90
8/1/2025 13:00,99,4,Friday,8,0,0,random_or_none,4,dusty,0.304,260,0,0,0,0,0,0,0,normal,0,101,91
8/1/2025 14:00,101,4,Friday,8,0,0,random_or_none,0,sunny,0.287,260,0,0,0,0,0,0,0,normal,0,103,85
8/1/2025 15:00,103,4,Friday,8,0,0,random_or_none,0,sunny,0.279,260,0,0,0,0,0,0,0,normal,0,104,96
8/1/2025 16:00,104,4,Friday,8,0,0,random_or_none,3,hot,0.548,260,0,0,0,0,0,0,0,normal,0,105,103
8/1/2025 17:00,105,4,Friday,8,0,0,random_or_none,3,hot,0.683,260,0,0,0,0,0,0,0,normal,0,109,103
8/1/2025 18:00,109,4,Friday,8,0,0,random_or_none,3,hot,0.47,260,0,0,0,0,0,0,0,normal,0,112,95
8/1/2025 19:00,112,4,Friday,8,0,0,random_or_none,3,hot,1,260,0,0,0,0,0,0,0,extreme_weather,2,103,93
8/1/2025 20:00,103,4,Friday,8,0,0,random_or_none,0,sunny,0.226,260,0,0,0,0,0,0,0,normal,0,104,90
8/1/2025 21:00,104,4,Friday,8,0,0,random_or_none,3,hot,1,260,0,0,0,0,0,0,0,extreme_weather,2,98,83
8/1/2025 22:00,98,4,Friday,8,0,0,random_or_none,3,hot,1,260,0,0,0,0,0,0,0,extreme_weather,2,88,70
8/1/2025 23:00,88,4,Friday,8,0,0,random_or_none,4,dusty,0.778,260,0,0,0,0,0,0,0,extreme_weather,2,65,65
8/2/2025 0:00,65,5,Saturday,8,1,0,random_or_none,0,sunny,0.026,260,0,0,0,0,0,0,0,normal,0,57,80
8/2/2025 1:00,57,5,Saturday,8,1,0,random_or_none,0,sunny,0.298,260,0,0,0,0,0,0,0,normal,0,57,71
8/2/2025 2:00,57,5,Saturday,8,1,0,random_or_none,3,hot,1,260,0,0,0,0,0,0,0,extreme_weather,2,55,64
8/2/2025 3:00,55,5,Saturday,8,1,0,random_or_none,0,sunny,0.281,260,0,0,0,0,0,0,0,normal,0,56,65
8/2/2025 4:00,56,5,Saturday,8,1,0,random_or_none,3,hot,0.455,260,0,0,0,0,0,0,0,normal,0,100,59
8/2/2025 5:00,100,5,Saturday,8,1,0,random_or_none,3,hot,0.973,260,0,1,91.61,0,0,0,0,emergency_spike,5,80,55
8/2/2025 6:00,80,5,Saturday,8,1,0,random_or_none,3,hot,0.869,260,0,0,0,0,0,0,0,extreme_weather,2,79,68
8/2/2025 7:00,79,5,Saturday,8,1,0,random_or_none,3,hot,0.97,260,0,0,0,0,0,0,0,extreme_weather,2,78,76
8/2/2025 8:00,78,5,Saturday,8,1,0,random_or_none,3,hot,0.615,260,0,0,0,0,0,0,0,normal,0,75,78
8/2/2025 9:00,75,5,Saturday,8,1,0,random_or_none,5,windy,0.424,260,0,0,0,0,0,0,0,normal,0,75,80
8/2/2025 10:00,75,5,Saturday,8,1,0,random_or_none,5,windy,0.439,260,0,0,0,0,0,0,0,normal,0,80,78
8/2/2025 11:00,80,5,Saturday,8,1,0,random_or_none,0,sunny,0.206,260,0,0,0,0,0,0,0,normal,0,90,79
8/2/2025 12:00,90,5,Saturday,8,1,0,random_or_none,3,hot,0.935,260,0,0,0,0,0,0,0,extreme_weather,2,91,81
8/2/2025 13:00,91,5,Saturday,8,1,0,random_or_none,0,sunny,0.11,260,0,0,0,0,0,0,0,normal,0,85,84
8/2/2025 14:00,85,5,Saturday,8,1,0,random_or_none,0,sunny,0.34,260,0,0,0,0,0,0,0,normal,0,96,87
8/2/2025 15:00,96,5,Saturday,8,1,0,random_or_none,4,dusty,0.458,260,0,0,0,0,0,0,0,normal,0,103,86
8/2/2025 16:00,103,5,Saturday,8,1,0,random_or_none,4,dusty,0.944,260,0,0,0,0,0,0,0,extreme_weather,2,103,88
8/2/2025 17:00,103,5,Saturday,8,1,0,random_or_none,0,sunny,0.246,260,0,0,0,0,0,0,0,normal,0,95,96
8/2/2025 18:00,95,5,Saturday,8,1,0,random_or_none,0,sunny,0.075,260,0,0,0,0,0,0,0,normal,0,93,103
8/2/2025 19:00,93,5,Saturday,8,1,0,random_or_none,3,hot,0.404,260,0,0,0,0,0,0,0,normal,0,90,98
8/2/2025 20:00,90,5,Saturday,8,1,0,random_or_none,3,hot,0.276,260,0,0,0,0,0,0,0,normal,0,83,86
8/2/2025 21:00,83,5,Saturday,8,1,0,random_or_none,1,rainy,0.702,260,0,0,0,0,0,0,0,normal,0,70,80
8/2/2025 22:00,70,5,Saturday,8,1,0,random_or_none,0,sunny,0.245,260,0,0,0,0,0,0,0,normal,0,65,77
8/2/2025 23:00,65,5,Saturday,8,1,0,random_or_none,0,sunny,0.3,260,0,0,0,0,0,0,0,normal,0,80,70
8/3/2025 0:00,80,6,Sunday,8,1,0,random_or_none,3,hot,0.771,260,0,1,41.88,0,0,0,0,emergency_spike,5,71,69
8/3/2025 1:00,71,6,Sunday,8,1,0,random_or_none,3,hot,0.567,260,0,0,0,0,0,0,0,normal,0,64,64
8/3/2025 2:00,64,6,Sunday,8,1,0,random_or_none,5,windy,0.861,260,0,0,0,0,0,0,0,extreme_weather,2,65,68
8/3/2025 3:00,65,6,Sunday,8,1,0,random_or_none,4,dusty,0.909,260,0,0,0,0,0,0,0,extreme_weather,2,59,70
8/3/2025 4:00,59,6,Sunday,8,1,0,random_or_none,3,hot,0.44,260,0,0,0,0,0,0,0,normal,0,55,75
8/3/2025 5:00,55,6,Sunday,8,1,0,random_or_none,3,hot,0.609,260,0,0,0,0,0,0,0,normal,0,68,74
8/3/2025 6:00,68,6,Sunday,8,1,0,random_or_none,4,dusty,1,260,0,0,0,0,0,0,0,extreme_weather,2,76,71
8/3/2025 7:00,76,6,Sunday,8,1,0,random_or_none,4,dusty,0.873,260,0,0,0,0,0,0,0,extreme_weather,2,78,73
8/3/2025 8:00,78,6,Sunday,8,1,0,random_or_none,3,hot,1,260,0,0,0,0,0,0,0,extreme_weather,2,80,85
8/3/2025 9:00,80,6,Sunday,8,1,0,random_or_none,4,dusty,0.96,260,0,0,0,0,0,0,0,extreme_weather,2,78,84
8/3/2025 10:00,78,6,Sunday,8,1,0,random_or_none,2,cold,0.259,260,0,0,0,0,0,0,0,normal,0,79,95
8/3/2025 11:00,79,6,Sunday,8,1,0,random_or_none,5,windy,0.532,260,0,0,0,0,0,0,0,normal,0,81,100
8/3/2025 12:00,81,6,Sunday,8,1,0,random_or_none,0,sunny,0.212,260,0,0,0,0,0,0,0,normal,0,84,107
8/3/2025 13:00,84,6,Sunday,8,1,0,random_or_none,3,hot,0.307,260,0,0,0,0,0,0,0,normal,0,87,115
8/3/2025 14:00,87,6,Sunday,8,1,0,random_or_none,0,sunny,0.1,260,0,0,0,0,0,0,0,normal,0,86,115
8/3/2025 15:00,86,6,Sunday,8,1,0,random_or_none,0,sunny,0.13,260,0,0,0,0,0,0,0,normal,0,88,111
8/3/2025 16:00,88,6,Sunday,8,1,0,random_or_none,0,sunny,0.292,260,0,0,0,0,0,0,0,normal,0,96,114
8/3/2025 17:00,96,6,Sunday,8,1,0,random_or_none,3,hot,1,260,0,0,0,0,0,0,0,extreme_weather,2,103,107
8/3/2025 18:00,103,6,Sunday,8,1,0,random_or_none,3,hot,1,260,0,0,0,0,0,0,0,extreme_weather,2,98,113
8/3/2025 19:00,98,6,Sunday,8,1,0,random_or_none,3,hot,0.39,260,0,0,0,0,0,0,0,normal,0,86,111
8/3/2025 20:00,86,6,Sunday,8,1,0,random_or_none,0,sunny,0.313,260,0,0,0,0,0,0,0,normal,0,80,106
8/3/2025 21:00,80,6,Sunday,8,1,0,random_or_none,5,windy,0.7,260,0,0,0,0,0,0,0,normal,0,77,104
8/3/2025 22:00,77,6,Sunday,8,1,0,random_or_none,4,dusty,0.844,260,0,0,0,0,0,0,0,extreme_weather,2,70,91
8/3/2025 23:00,70,6,Sunday,8,1,0,random_or_none,3,hot,0.587,260,0,0,0,0,0,0,0,normal,0,69,87
8/4/2025 0:00,69,0,Monday,8,0,0,random_or_none,3,hot,0.47,260,0,0,0,0,0,0,0,normal,0,64,84
8/4/2025 1:00,64,0,Monday,8,0,0,random_or_none,0,sunny,0.167,260,0,0,0,0,0,0,0,normal,0,68,72
8/4/2025 2:00,68,0,Monday,8,0,0,random_or_none,3,hot,0.296,260,0,0,0,0,0,0,0,normal,0,70,68
8/4/2025 3:00,70,0,Monday,8,0,0,random_or_none,5,windy,0.436,260,0,0,0,0,0,0,0,normal,0,75,70
8/4/2025 4:00,75,0,Monday,8,0,0,random_or_none,0,sunny,0.285,260,0,0,0,0,0,0,0,normal,0,74,67
8/4/2025 5:00,74,0,Monday,8,0,0,random_or_none,0,sunny,0.054,260,0,0,0,0,0,0,0,normal,0,71,114
8/4/2025 6:00,71,0,Monday,8,0,0,random_or_none,5,windy,0.227,260,0,0,0,0,0,0,0,normal,0,73,98
8/4/2025 7:00,73,0,Monday,8,0,0,random_or_none,0,sunny,0.169,260,0,0,0,0,0,0,0,normal,0,85,93
8/4/2025 8:00,85,0,Monday,8,0,0,random_or_none,3,hot,0.682,260,0,0,0,0,0,0,0,normal,0,84,83
8/4/2025 9:00,84,0,Monday,8,0,0,random_or_none,3,hot,0.776,260,0,0,0,0,0,0,0,extreme_weather,2,95,82
8/4/2025 10:00,95,0,Monday,8,0,0,random_or_none,3,hot,0.82,260,0,0,0,0,0,0,0,extreme_weather,2,100,92
8/4/2025 11:00,100,0,Monday,8,0,0,random_or_none,0,sunny,0.015,260,0,0,0,0,0,0,0,normal,0,107,96
8/4/2025 12:00,107,0,Monday,8,0,0,random_or_none,3,hot,1,260,0,0,0,0,0,0,0,extreme_weather,2,115,101
8/4/2025 13:00,115,0,Monday,8,0,0,random_or_none,3,hot,0.577,260,0,0,0,0,0,0,0,normal,0,115,146
8/4/2025 14:00,115,0,Monday,8,0,0,random_or_none,0,sunny,0.086,260,0,0,0,0,0,0,0,normal,0,111,136
8/4/2025 15:00,111,0,Monday,8,0,0,random_or_none,0,sunny,0.266,260,0,0,0,0,0,0,0,normal,0,114,121
8/4/2025 16:00,114,0,Monday,8,0,0,random_or_none,3,hot,0.591,260,0,0,0,0,0,0,0,normal,0,107,121
8/4/2025 17:00,107,0,Monday,8,0,0,random_or_none,0,sunny,0.023,260,0,0,0,0,0,0,0,normal,0,113,120
8/4/2025 18:00,113,0,Monday,8,0,0,random_or_none,4,dusty,1,260,0,0,0,0,0,0,0,extreme_weather,2,111,115
8/4/2025 19:00,111,0,Monday,8,0,0,random_or_none,4,dusty,0.425,260,0,0,0,0,0,0,0,normal,0,106,109
8/4/2025 20:00,106,0,Monday,8,0,0,random_or_none,3,hot,1,260,0,0,0,0,0,0,0,extreme_weather,2,104,106
8/4/2025 21:00,104,0,Monday,8,0,0,random_or_none,4,dusty,0.464,260,0,0,0,0,0,0,0,normal,0,91,98
8/4/2025 22:00,91,0,Monday,8,0,0,random_or_none,4,dusty,0.807,260,0,0,0,0,0,0,0,extreme_weather,2,87,84
8/4/2025 23:00,87,0,Monday,8,0,0,random_or_none,3,hot,1,260,0,0,0,0,0,0,0,extreme_weather,2,84,82
8/5/2025 0:00,84,1,Tuesday,8,0,0,random_or_none,4,dusty,0.957,260,0,0,0,0,0,0,0,extreme_weather,2,72,78
8/5/2025 1:00,72,1,Tuesday,8,0,0,random_or_none,0,sunny,0.003,260,0,0,0,0,0,0,0,normal,0,68,74
8/5/2025 2:00,68,1,Tuesday,8,0,0,random_or_none,4,dusty,0.774,260,0,0,0,0,0,0,0,extreme_weather,2,70,76
8/5/2025 3:00,70,1,Tuesday,8,0,0,random_or_none,3,hot,0.961,260,0,0,0,0,0,0,0,extreme_weather,2,67,106
8/5/2025 4:00,67,1,Tuesday,8,0,0,random_or_none,4,dusty,0.517,260,0,0,0,0,0,0,0,normal,0,114,91
8/5/2025 5:00,114,1,Tuesday,8,0,0,random_or_none,3,hot,0.341,260,0,1,99.73,0,0,0,0,emergency_spike,5,98,81
8/5/2025 6:00,98,1,Tuesday,8,0,0,random_or_none,3,hot,0.31,260,0,0,0,0,0,0,0,normal,0,93,81
8/5/2025 7:00,93,1,Tuesday,8,0,0,random_or_none,3,hot,0.525,260,0,0,0,0,0,0,0,normal,0,83,75
8/5/2025 8:00,83,1,Tuesday,8,0,0,random_or_none,0,sunny,0.169,260,0,0,0,0,0,0,0,normal,0,82,76
8/5/2025 9:00,82,1,Tuesday,8,0,0,random_or_none,3,hot,0.884,260,0,0,0,0,0,0,0,extreme_weather,2,92,92
8/5/2025 10:00,92,1,Tuesday,8,0,0,random_or_none,3,hot,0.433,260,0,0,0,0,0,0,0,normal,0,96,95
8/5/2025 11:00,96,1,Tuesday,8,0,0,random_or_none,0,sunny,0.122,260,0,0,0,0,0,0,0,normal,0,101,97
8/5/2025 12:00,101,1,Tuesday,8,0,0,random_or_none,4,dusty,0.561,260,0,0,0,0,0,0,0,normal,0,146,96
8/5/2025 13:00,146,1,Tuesday,8,0,0,random_or_none,3,hot,0.52,260,0,1,97.74,0,0,0,0,emergency_spike,5,136,101
8/5/2025 14:00,136,1,Tuesday,8,0,0,random_or_none,3,hot,1,260,0,0,0,0,0,0,0,extreme_weather,2,121,114
8/5/2025 15:00,121,1,Tuesday,8,0,0,random_or_none,0,sunny,0.069,260,0,0,0,0,0,0,0,normal,0,121,111
8/5/2025 16:00,121,1,Tuesday,8,0,0,random_or_none,3,hot,0.825,260,0,0,0,0,0,0,0,extreme_weather,2,120,113
8/5/2025 17:00,120,1,Tuesday,8,0,0,random_or_none,1,rainy,0.713,260,0,0,0,0,0,0,0,normal,0,115,113
8/5/2025 18:00,115,1,Tuesday,8,0,0,random_or_none,3,hot,0.578,260,0,0,0,0,0,0,0,normal,0,109,113
8/5/2025 19:00,109,1,Tuesday,8,0,0,random_or_none,4,dusty,0.702,260,0,0,0,0,0,0,0,normal,0,106,110
8/5/2025 20:00,106,1,Tuesday,8,0,0,random_or_none,3,hot,0.818,260,0,0,0,0,0,0,0,extreme_weather,2,98,106
8/5/2025 21:00,98,1,Tuesday,8,0,0,random_or_none,3,hot,0.673,260,0,0,0,0,0,0,0,normal,0,84,102
8/5/2025 22:00,84,1,Tuesday,8,0,0,random_or_none,0,sunny,0.073,260,0,0,0,0,0,0,0,normal,0,82,98
8/5/2025 23:00,82,1,Tuesday,8,0,0,random_or_none,3,hot,0.823,260,0,0,0,0,0,0,0,extreme_weather,2,78,88
8/6/2025 0:00,78,2,Wednesday,8,0,0,random_or_none,3,hot,0.681,260,0,0,0,0,0,0,0,normal,0,74,90
8/6/2025 1:00,74,2,Wednesday,8,0,0,random_or_none,3,hot,0.658,260,0,0,0,0,0,0,0,normal,0,76,77
8/6/2025 2:00,76,2,Wednesday,8,0,0,random_or_none,3,hot,1,260,0,0,0,0,0,0,0,extreme_weather,2,106,79
8/6/2025 3:00,106,2,Wednesday,8,0,0,random_or_none,3,hot,1,260,0,1,70.7,0,0,0,0,emergency_spike,5,91,72
8/6/2025 4:00,91,2,Wednesday,8,0,0,random_or_none,5,windy,0.862,260,0,0,0,0,0,0,0,extreme_weather,2,81,68
8/6/2025 5:00,81,2,Wednesday,8,0,0,random_or_none,3,hot,0.894,260,0,0,0,0,0,0,0,extreme_weather,2,81,70
8/6/2025 6:00,81,2,Wednesday,8,0,0,random_or_none,3,hot,1,260,0,0,0,0,0,0,0,extreme_weather,2,75,70
8/6/2025 7:00,75,2,Wednesday,8,0,0,random_or_none,3,hot,0.287,260,0,0,0,0,0,0,0,normal,0,76,78
8/6/2025 8:00,76,2,Wednesday,8,0,0,random_or_none,0,sunny,0.049,260,0,0,0,0,0,0,0,normal,0,92,81
8/6/2025 9:00,92,2,Wednesday,8,0,0,random_or_none,0,sunny,0.132,260,0,1,28.81,0,0,0,0,emergency_spike,5,95,89
8/6/2025 10:00,95,2,Wednesday,8,0,0,random_or_none,3,hot,0.905,260,0,0,0,0,0,0,0,extreme_weather,2,97,93
8/6/2025 11:00,97,2,Wednesday,8,0,0,random_or_none,5,windy,0.302,260,0,0,0,0,0,0,0,normal,0,96,93
8/6/2025 12:00,96,2,Wednesday,8,0,0,random_or_none,0,sunny,0.254,260,0,0,0,0,0,0,0,normal,0,101,94
8/6/2025 13:00,101,2,Wednesday,8,0,0,random_or_none,0,sunny,0.076,260,0,0,0,0,0,0,0,normal,0,114,101
8/6/2025 14:00,114,2,Wednesday,8,0,0,random_or_none,4,dusty,1,260,0,0,0,0,0,0,0,extreme_weather,2,111,96
8/6/2025 15:00,111,2,Wednesday,8,0,0,random_or_none,0,sunny,0.184,260,0,0,0,0,0,0,0,normal,0,113,108
8/6/2025 16:00,113,2,Wednesday,8,0,0,random_or_none,3,hot,0.771,260,0,0,0,0,0,0,0,extreme_weather,2,113,105
8/6/2025 17:00,113,2,Wednesday,8,0,0,random_or_none,4,dusty,1,260,0,0,0,0,0,0,0,extreme_weather,2,113,103
8/6/2025 18:00,113,2,Wednesday,8,0,0,random_or_none,5,windy,0.402,260,0,0,0,0,0,0,0,normal,0,110,103
8/6/2025 19:00,110,2,Wednesday,8,0,0,random_or_none,5,windy,0.717,260,0,0,0,0,0,0,0,normal,0,106,106
8/6/2025 20:00,106,2,Wednesday,8,0,0,random_or_none,3,hot,0.849,260,0,0,0,0,0,0,0,extreme_weather,2,102,104
8/6/2025 21:00,102,2,Wednesday,8,0,0,random_or_none,3,hot,0.507,260,0,0,0,0,0,0,0,normal,0,98,96
8/6/2025 22:00,98,2,Wednesday,8,0,0,random_or_none,5,windy,0.169,260,0,0,0,0,0,0,0,normal,0,88,89
8/6/2025 23:00,88,2,Wednesday,8,0,0,random_or_none,0,sunny,0.15,260,0,0,0,0,0,0,0,normal,0,90,86
8/7/2025 0:00,90,3,Thursday,8,0,0,random_or_none,4,dusty,0.985,260,0,0,0,0,0,0,0,extreme_weather,2,77,79
8/7/2025 1:00,77,3,Thursday,8,0,0,random_or_none,4,dusty,1,260,0,0,0,0,0,0,0,extreme_weather,2,79,72
8/7/2025 2:00,79,3,Thursday,8,0,0,random_or_none,3,hot,1,260,0,0,0,0,0,0,0,extreme_weather,2,72,74
8/7/2025 3:00,72,3,Thursday,8,0,0,random_or_none,5,windy,0.656,260,0,0,0,0,0,0,0,normal,0,68,73
8/7/2025 4:00,68,3,Thursday,8,0,0,random_or_none,3,hot,0.815,260,0,0,0,0,0,0,0,extreme_weather,2,70,79
8/7/2025 5:00,70,3,Thursday,8,0,0,random_or_none,1,rainy,0.226,260,0,0,0,0,0,0,0,normal,0,70,73
8/7/2025 6:00,70,3,Thursday,8,0,0,random_or_none,3,hot,0.597,260,0,0,0,0,0,0,0,normal,0,78,80
8/7/2025 7:00,78,3,Thursday,8,0,0,random_or_none,4,dusty,0.849,260,0,0,0,0,0,0,0,extreme_weather,2,81,84
8/7/2025 8:00,81,3,Thursday,8,0,0,random_or_none,4,dusty,0.674,260,0,0,0,0,0,0,0,normal,0,89,88
8/7/2025 9:00,89,3,Thursday,8,0,0,random_or_none,4,dusty,0.825,260,0,0,0,0,0,0,0,extreme_weather,2,93,93
8/7/2025 10:00,93,3,Thursday,8,0,0,random_or_none,3,hot,0.521,260,0,0,0,0,0,0,0,normal,0,93,98
8/7/2025 11:00,93,3,Thursday,8,0,0,random_or_none,0,sunny,0.139,260,0,0,0,0,0,0,0,normal,0,94,99
8/7/2025 12:00,94,3,Thursday,8,0,0,random_or_none,0,sunny,0.161,260,0,0,0,0,0,0,0,normal,0,101,105
8/7/2025 13:00,101,3,Thursday,8,0,0,random_or_none,3,hot,0.73,260,0,0,0,0,0,0,0,normal,0,96,110
8/7/2025 14:00,96,3,Thursday,8,0,0,random_or_none,0,sunny,0.241,260,0,0,0,0,0,0,0,normal,0,108,135
8/7/2025 15:00,108,3,Thursday,8,0,0,random_or_none,1,rainy,0.41,260,0,0,0,0,0,0,0,normal,0,105,127
8/7/2025 16:00,105,3,Thursday,8,0,0,random_or_none,5,windy,0.602,260,0,0,0,0,0,0,0,normal,0,103,114
8/7/2025 17:00,103,3,Thursday,8,0,0,random_or_none,0,sunny,0.203,260,0,0,0,0,0,0,0,normal,0,103,109
8/7/2025 18:00,103,3,Thursday,8,0,0,random_or_none,3,hot,0.699,260,0,0,0,0,0,0,0,normal,0,106,111
8/7/2025 19:00,106,3,Thursday,8,0,0,random_or_none,3,hot,1,260,0,0,0,0,0,0,0,extreme_weather,2,104,116
8/7/2025 20:00,104,3,Thursday,8,0,0,random_or_none,3,hot,1,260,0,0,0,0,0,0,0,extreme_weather,2,96,100
8/7/2025 21:00,96,3,Thursday,8,0,0,random_or_none,3,hot,0.415,260,0,0,0,0,0,0,0,normal,0,89,98
8/7/2025 22:00,89,3,Thursday,8,0,0,random_or_none,3,hot,0.736,260,0,0,0,0,0,0,0,normal,0,86,98
8/7/2025 23:00,86,3,Thursday,8,0,0,random_or_none,3,hot,0.429,260,0,0,0,0,0,0,0,normal,0,79,90
8/8/2025 0:00,79,4,Friday,8,0,0,random_or_none,5,windy,0.414,260,0,0,0,0,0,0,0,normal,0,72,120
8/8/2025 1:00,72,4,Friday,8,0,0,random_or_none,3,hot,0.895,260,0,0,0,0,0,0,0,extreme_weather,2,74,87
8/8/2025 2:00,74,4,Friday,8,0,0,random_or_none,3,hot,0.393,260,0,0,0,0,0,0,0,normal,0,73,72
8/8/2025 3:00,73,4,Friday,8,0,0,random_or_none,3,hot,0.821,260,0,0,0,0,0,0,0,extreme_weather,2,79,56
8/8/2025 4:00,79,4,Friday,8,0,0,random_or_none,3,hot,0.992,260,0,0,0,0,0,0,0,extreme_weather,2,73,59
8/8/2025 5:00,73,4,Friday,8,0,0,random_or_none,0,sunny,0.271,260,0,0,0,0,0,0,0,normal,0,80,60
8/8/2025 6:00,80,4,Friday,8,0,0,random_or_none,3,hot,0.463,260,0,0,0,0,0,0,0,normal,0,84,62
8/8/2025 7:00,84,4,Friday,8,0,0,random_or_none,3,hot,0.824,260,0,0,0,0,0,0,0,extreme_weather,2,88,65
8/8/2025 8:00,88,4,Friday,8,0,0,random_or_none,4,dusty,0.366,260,0,0,0,0,0,0,0,normal,0,93,74
8/8/2025 9:00,93,4,Friday,8,0,0,random_or_none,3,hot,0.492,260,0,0,0,0,0,0,0,normal,0,98,80
8/8/2025 10:00,98,4,Friday,8,0,0,random_or_none,0,sunny,0.005,260,0,0,0,0,0,0,0,normal,0,99,76
8/8/2025 11:00,99,4,Friday,8,0,0,random_or_none,0,sunny,0.068,260,0,0,0,0,0,0,0,normal,0,105,82
8/8/2025 12:00,105,4,Friday,8,0,0,random_or_none,4,dusty,0.975,260,0,0,0,0,0,0,0,extreme_weather,2,110,84
8/8/2025 13:00,110,4,Friday,8,0,0,random_or_none,4,dusty,0.624,260,0,0,0,0,0,0,0,normal,0,135,89
8/8/2025 14:00,135,4,Friday,8,0,0,random_or_none,0,sunny,0.101,260,0,1,72.63,0,0,0,0,emergency_spike,5,127,95
8/8/2025 15:00,127,4,Friday,8,0,0,random_or_none,3,hot,0.805,260,0,0,0,0,0,0,0,extreme_weather,2,114,101
8/8/2025 16:00,114,4,Friday,8,0,0,random_or_none,0,sunny,0.209,260,0,0,0,0,0,0,0,normal,0,109,96
8/8/2025 17:00,109,4,Friday,8,0,0,random_or_none,3,hot,0.908,260,0,0,0,0,0,0,0,extreme_weather,2,111,93
8/8/2025 18:00,111,4,Friday,8,0,0,random_or_none,3,hot,0.805,260,0,0,0,0,0,0,0,extreme_weather,2,116,91
8/8/2025 19:00,116,4,Friday,8,0,0,random_or_none,3,hot,0.909,260,0,0,0,0,0,0,0,extreme_weather,2,100,89
8/8/2025 20:00,100,4,Friday,8,0,0,random_or_none,0,sunny,0.147,260,0,0,0,0,0,0,0,normal,0,98,86
8/8/2025 21:00,98,4,Friday,8,0,0,random_or_none,4,dusty,0.748,260,0,0,0,0,0,0,0,normal,0,98,76
8/8/2025 22:00,98,4,Friday,8,0,0,random_or_none,4,dusty,0.885,260,0,0,0,0,0,0,0,extreme_weather,2,90,67
8/8/2025 23:00,90,4,Friday,8,0,0,random_or_none,4,dusty,0.906,260,0,0,0,0,0,0,0,extreme_weather,2,120,61
8/9/2025 0:00,120,5,Saturday,8,1,0,random_or_none,4,dusty,0.674,260,0,1,104.05,0,0,0,0,emergency_spike,5,87,59
8/9/2025 1:00,87,5,Saturday,8,1,0,random_or_none,0,sunny,0.324,260,0,0,0,0,0,0,0,normal,0,72,53
8/9/2025 2:00,72,5,Saturday,8,1,0,random_or_none,3,hot,0.51,260,0,0,0,0,0,0,0,normal,0,56,50
8/9/2025 3:00,56,5,Saturday,8,1,0,random_or_none,0,sunny,0.227,260,0,0,0,0,0,0,0,normal,0,59,44
8/9/2025 4:00,59,5,Saturday,8,1,0,random_or_none,4,dusty,0.946,260,0,0,0,0,0,0,0,extreme_weather,2,60,51
8/9/2025 5:00,60,5,Saturday,8,1,0,random_or_none,3,hot,0.875,260,0,0,0,0,0,0,0,extreme_weather,2,62,45
8/9/2025 6:00,62,5,Saturday,8,1,0,random_or_none,3,hot,0.916,260,0,0,0,0,0,0,0,extreme_weather,2,65,48
8/9/2025 7:00,65,5,Saturday,8,1,0,random_or_none,4,dusty,0.318,260,0,0,0,0,0,0,0,normal,0,74,60
8/9/2025 8:00,74,5,Saturday,8,1,0,random_or_none,1,rainy,0.633,260,0,0,0,0,0,0,0,normal,0,80,64
8/9/2025 9:00,80,5,Saturday,8,1,0,random_or_none,3,hot,0.977,260,0,0,0,0,0,0,0,extreme_weather,2,76,73
8/9/2025 10:00,76,5,Saturday,8,1,0,random_or_none,0,sunny,0.094,260,0,0,0,0,0,0,0,normal,0,82,113
8/9/2025 11:00,82,5,Saturday,8,1,0,random_or_none,0,sunny,0.085,260,0,0,0,0,0,0,0,normal,0,84,98
8/9/2025 12:00,84,5,Saturday,8,1,0,random_or_none,3,hot,0.444,260,0,0,0,0,0,0,0,normal,0,89,97
8/9/2025 13:00,89,5,Saturday,8,1,0,random_or_none,0,sunny,0.223,260,0,0,0,0,0,0,0,normal,0,95,90
8/9/2025 14:00,95,5,Saturday,8,1,0,random_or_none,3,hot,0.92,260,0,0,0,0,0,0,0,extreme_weather,2,101,90
8/9/2025 15:00,101,5,Saturday,8,1,0,random_or_none,3,hot,1,260,0,0,0,0,0,0,0,extreme_weather,2,96,94
8/9/2025 16:00,96,5,Saturday,8,1,0,random_or_none,0,sunny,0.24,260,0,0,0,0,0,0,0,normal,0,93,131
8/9/2025 17:00,93,5,Saturday,8,1,0,random_or_none,4,dusty,0.51,260,0,0,0,0,0,0,0,normal,0,91,113
8/9/2025 18:00,91,5,Saturday,8,1,0,random_or_none,5,windy,0.234,260,0,0,0,0,0,0,0,normal,0,89,98
8/9/2025 19:00,89,5,Saturday,8,1,0,random_or_none,2,cold,0.225,260,0,0,0,0,0,0,0,normal,0,86,91
8/9/2025 20:00,86,5,Saturday,8,1,0,random_or_none,4,dusty,0.885,260,0,0,0,0,0,0,0,extreme_weather,2,76,89
8/9/2025 21:00,76,5,Saturday,8,1,0,random_or_none,4,dusty,0.612,260,0,0,0,0,0,0,0,normal,0,67,80
8/9/2025 22:00,67,5,Saturday,8,1,0,random_or_none,0,sunny,0.185,260,0,0,0,0,0,0,0,normal,0,61,72
8/9/2025 23:00,61,5,Saturday,8,1,0,random_or_none,3,hot,0.409,260,0,0,0,0,0,0,0,normal,0,59,66
8/10/2025 0:00,59,6,Sunday,8,1,0,random_or_none,3,hot,0.869,260,0,0,0,0,0,0,0,extreme_weather,2,53,69
8/10/2025 1:00,53,6,Sunday,8,1,0,random_or_none,0,sunny,0.316,260,0,0,0,0,0,0,0,normal,0,50,77
8/10/2025 2:00,50,6,Sunday,8,1,0,random_or_none,4,dusty,0.587,260,0,0,0,0,0,0,0,normal,0,44,68
8/10/2025 3:00,44,6,Sunday,8,1,0,random_or_none,3,hot,0.711,260,0,0,0,0,0,0,0,normal,0,51,68
8/10/2025 4:00,51,6,Sunday,8,1,0,random_or_none,3,hot,0.485,260,0,0,0,0,0,0,0,normal,0,45,68
8/10/2025 5:00,45,6,Sunday,8,1,0,random_or_none,0,sunny,0.291,260,0,0,0,0,0,0,0,normal,0,48,64
8/10/2025 6:00,48,6,Sunday,8,1,0,random_or_none,3,hot,0.958,260,0,0,0,0,0,0,0,extreme_weather,2,60,75
8/10/2025 7:00,60,6,Sunday,8,1,0,random_or_none,3,hot,0.667,260,0,0,0,0,0,0,0,normal,0,64,78
8/10/2025 8:00,64,6,Sunday,8,1,0,random_or_none,0,sunny,0.274,260,0,0,0,0,0,0,0,normal,0,73,82
8/10/2025 9:00,73,6,Sunday,8,1,0,random_or_none,5,windy,0.468,260,0,0,0,0,0,0,0,normal,0,113,92
8/10/2025 10:00,113,6,Sunday,8,1,0,random_or_none,0,sunny,0.151,260,0,1,78.96,0,0,0,0,emergency_spike,5,98,104
8/10/2025 11:00,98,6,Sunday,8,1,0,random_or_none,5,windy,0.477,260,0,0,0,0,0,0,0,normal,0,97,107
8/10/2025 12:00,97,6,Sunday,8,1,0,random_or_none,3,hot,0.625,260,0,0,0,0,0,0,0,normal,0,90,107
8/10/2025 13:00,90,6,Sunday,8,1,0,random_or_none,5,windy,0.244,260,0,0,0,0,0,0,0,normal,0,90,110
8/10/2025 14:00,90,6,Sunday,8,1,0,random_or_none,0,sunny,0.154,260,0,0,0,0,0,0,0,normal,0,94,117
8/10/2025 15:00,94,6,Sunday,8,1,0,random_or_none,4,dusty,0.495,260,0,0,0,0,0,0,0,normal,0,131,117
8/10/2025 16:00,131,6,Sunday,8,1,0,random_or_none,5,windy,0.548,260,0,1,80.23,0,0,0,0,emergency_spike,5,113,115
8/10/2025 17:00,113,6,Sunday,8,1,0,random_or_none,3,hot,0.394,260,0,0,0,0,0,0,0,normal,0,98,108
8/10/2025 18:00,98,6,Sunday,8,1,0,random_or_none,3,hot,0.495,260,0,0,0,0,0,0,0,normal,0,91,108
8/10/2025 19:00,91,6,Sunday,8,1,0,random_or_none,3,hot,0.467,260,0,0,0,0,0,0,0,normal,0,89,103
8/10/2025 20:00,89,6,Sunday,8,1,0,random_or_none,3,hot,0.581,260,0,0,0,0,0,0,0,normal,0,80,102
8/10/2025 21:00,80,6,Sunday,8,1,0,random_or_none,0,sunny,0.262,260,0,0,0,0,0,0,0,normal,0,72,100
8/10/2025 22:00,72,6,Sunday,8,1,0,random_or_none,3,hot,0.446,260,0,0,0,0,0,0,0,normal,0,66,101
8/10/2025 23:00,66,6,Sunday,8,1,0,random_or_none,0,sunny,0.079,260,0,0,0,0,0,0,0,normal,0,69,93
8/11/2025 0:00,69,0,Monday,8,0,0,random_or_none,4,dusty,0.893,260,0,0,0,0,0,0,0,extreme_weather,2,77,79
8/11/2025 1:00,77,0,Monday,8,0,0,random_or_none,0,sunny,0.038,260,0,1,29.41,0,0,0,0,emergency_spike,5,68,66
8/11/2025 2:00,68,0,Monday,8,0,0,random_or_none,0,sunny,0.332,260,0,0,0,0,0,0,0,normal,0,68,61
8/11/2025 3:00,68,0,Monday,8,0,0,random_or_none,4,dusty,0.514,260,0,0,0,0,0,0,0,normal,0,68,59
8/11/2025 4:00,68,0,Monday,8,0,0,random_or_none,4,dusty,0.758,260,0,0,0,0,0,0,0,extreme_weather,2,64,109
8/11/2025 5:00,64,0,Monday,8,0,0,random_or_none,0,sunny,0.171,260,0,0,0,0,0,0,0,normal,0,75,146
8/11/2025 6:00,75,0,Monday,8,0,0,random_or_none,3,hot,0.411,260,0,0,0,0,0,0,0,normal,0,78,112
8/11/2025 7:00,78,0,Monday,8,0,0,random_or_none,3,hot,0.859,260,0,0,0,0,0,0,0,extreme_weather,2,82,102
8/11/2025 8:00,82,0,Monday,8,0,0,random_or_none,4,dusty,0.604,260,0,0,0,0,0,0,0,normal,0,92,99
8/11/2025 9:00,92,0,Monday,8,0,0,random_or_none,3,hot,1,260,0,0,0,0,0,0,0,extreme_weather,2,104,92
8/11/2025 10:00,104,0,Monday,8,0,0,random_or_none,3,hot,0.949,260,0,0,0,0,0,0,0,extreme_weather,2,107,98
8/11/2025 11:00,107,0,Monday,8,0,0,random_or_none,3,hot,0.452,260,0,0,0,0,0,0,0,normal,0,107,99
8/11/2025 12:00,107,0,Monday,8,0,0,random_or_none,0,sunny,0.196,260,0,0,0,0,0,0,0,normal,0,110,101
8/11/2025 13:00,110,0,Monday,8,0,0,random_or_none,5,windy,0.628,260,0,0,0,0,0,0,0,normal,0,117,103
8/11/2025 14:00,117,0,Monday,8,0,0,random_or_none,3,hot,0.563,260,0,0,0,0,0,0,0,normal,0,117,107
8/11/2025 15:00,117,0,Monday,8,0,0,random_or_none,3,hot,0.374,260,0,0,0,0,0,0,0,normal,0,115,112
8/11/2025 16:00,115,0,Monday,8,0,0,random_or_none,3,hot,0.867,260,0,0,0,0,0,0,0,extreme_weather,2,108,116
8/11/2025 17:00,108,0,Monday,8,0,0,random_or_none,0,sunny,0.084,260,0,0,0,0,0,0,0,normal,0,108,115
8/11/2025 18:00,108,0,Monday,8,0,0,random_or_none,0,sunny,0.016,260,0,0,0,0,0,0,0,normal,0,103,114
8/11/2025 19:00,103,0,Monday,8,0,0,random_or_none,3,hot,0.438,260,0,0,0,0,0,0,0,normal,0,102,110
8/11/2025 20:00,102,0,Monday,8,0,0,random_or_none,3,hot,0.484,260,0,0,0,0,0,0,0,normal,0,100,105
8/11/2025 21:00,100,0,Monday,8,0,0,random_or_none,3,hot,0.801,260,0,0,0,0,0,0,0,extreme_weather,2,101,102
8/11/2025 22:00,101,0,Monday,8,0,0,random_or_none,3,hot,0.978,260,0,0,0,0,0,0,0,extreme_weather,2,93,91
8/11/2025 23:00,93,0,Monday,8,0,0,random_or_none,3,hot,0.464,260,0,0,0,0,0,0,0,normal,0,79,87
8/12/2025 0:00,79,1,Tuesday,8,0,0,random_or_none,3,hot,0.338,260,0,0,0,0,0,0,0,normal,0,66,107
8/12/2025 1:00,66,1,Tuesday,8,0,0,random_or_none,0,sunny,0.347,260,0,0,0,0,0,0,0,normal,0,61,86
8/12/2025 2:00,61,1,Tuesday,8,0,0,random_or_none,0,sunny,0.163,260,0,0,0,0,0,0,0,normal,0,59,75
8/12/2025 3:00,59,1,Tuesday,8,0,0,random_or_none,3,hot,0.404,260,0,0,0,0,0,0,0,normal,0,109,72
8/12/2025 4:00,109,1,Tuesday,8,0,0,random_or_none,3,hot,0.824,260,0,1,93.51,0,0,0,0,emergency_spike,5,146,70
8/12/2025 5:00,146,1,Tuesday,8,0,0,random_or_none,3,hot,0.829,260,0,1,114.01,0,0,0,0,emergency_spike,5,112,68
8/12/2025 6:00,112,1,Tuesday,8,0,0,random_or_none,0,sunny,0.212,260,0,0,0,0,0,0,0,normal,0,102,72
8/12/2025 7:00,102,1,Tuesday,8,0,0,random_or_none,3,hot,0.994,260,0,0,0,0,0,0,0,extreme_weather,2,99,77
8/12/2025 8:00,99,1,Tuesday,8,0,0,random_or_none,3,hot,0.558,260,0,0,0,0,0,0,0,normal,0,92,85
8/12/2025 9:00,92,1,Tuesday,8,0,0,random_or_none,0,sunny,0.216,260,0,0,0,0,0,0,0,normal,0,98,95
8/12/2025 10:00,98,1,Tuesday,8,0,0,random_or_none,3,hot,0.37,260,0,0,0,0,0,0,0,normal,0,99,92
8/12/2025 11:00,99,1,Tuesday,8,0,0,random_or_none,0,sunny,0.284,260,0,0,0,0,0,0,0,normal,0,101,87
8/12/2025 12:00,101,1,Tuesday,8,0,0,random_or_none,0,sunny,0.175,260,0,0,0,0,0,0,0,normal,0,103,95
8/12/2025 13:00,103,1,Tuesday,8,0,0,random_or_none,3,hot,0.447,260,0,0,0,0,0,0,0,normal,0,107,109
8/12/2025 14:00,107,1,Tuesday,8,0,0,random_or_none,3,hot,0.953,260,0,0,0,0,0,0,0,extreme_weather,2,112,114
8/12/2025 15:00,112,1,Tuesday,8,0,0,random_or_none,3,hot,0.533,260,0,0,0,0,0,0,0,normal,0,116,112
8/12/2025 16:00,116,1,Tuesday,8,0,0,random_or_none,4,dusty,0.874,260,0,0,0,0,0,0,0,extreme_weather,2,115,115
8/12/2025 17:00,115,1,Tuesday,8,0,0,random_or_none,0,sunny,0.334,260,0,0,0,0,0,0,0,normal,0,114,110
8/12/2025 18:00,114,1,Tuesday,8,0,0,random_or_none,1,rainy,0.392,260,0,0,0,0,0,0,0,normal,0,110,111
8/12/2025 19:00,110,1,Tuesday,8,0,0,random_or_none,3,hot,0.832,260,0,0,0,0,0,0,0,extreme_weather,2,105,107
8/12/2025 20:00,105,1,Tuesday,8,0,0,random_or_none,3,hot,0.957,260,0,0,0,0,0,0,0,extreme_weather,2,102,107
8/12/2025 21:00,102,1,Tuesday,8,0,0,random_or_none,3,hot,0.475,260,0,0,0,0,0,0,0,normal,0,91,103
8/12/2025 22:00,91,1,Tuesday,8,0,0,random_or_none,3,hot,0.739,260,0,0,0,0,0,0,0,normal,0,87,91
8/12/2025 23:00,87,1,Tuesday,8,0,0,random_or_none,4,dusty,0.598,260,0,0,0,0,0,0,0,normal,0,107,110
8/13/2025 0:00,107,2,Wednesday,8,0,0,random_or_none,3,hot,0.731,260,0,1,77.99,0,0,0,0,emergency_spike,5,86,90
8/13/2025 1:00,86,2,Wednesday,8,0,0,random_or_none,3,hot,0.506,260,0,0,0,0,0,0,0,normal,0,75,80
8/13/2025 2:00,75,2,Wednesday,8,0,0,random_or_none,5,windy,0.321,260,0,0,0,0,0,0,0,normal,0,72,72
8/13/2025 3:00,72,2,Wednesday,8,0,0,random_or_none,3,hot,1,260,0,0,0,0,0,0,0,extreme_weather,2,70,73
8/13/2025 4:00,70,2,Wednesday,8,0,0,random_or_none,5,windy,0.891,260,0,0,0,0,0,0,0,extreme_weather,2,68,69
8/13/2025 5:00,68,2,Wednesday,8,0,0,random_or_none,5,windy,0.437,260,0,0,0,0,0,0,0,normal,0,72,71
8/13/2025 6:00,72,2,Wednesday,8,0,0,random_or_none,3,hot,0.325,260,0,0,0,0,0,0,0,normal,0,77,80
8/13/2025 7:00,77,2,Wednesday,8,0,0,random_or_none,3,hot,0.71,260,0,0,0,0,0,0,0,normal,0,85,80
8/13/2025 8:00,85,2,Wednesday,8,0,0,random_or_none,3,hot,0.378,260,0,0,0,0,0,0,0,normal,0,95,88
8/13/2025 9:00,95,2,Wednesday,8,0,0,random_or_none,4,dusty,1,260,0,0,0,0,0,0,0,extreme_weather,2,92,90
8/13/2025 10:00,92,2,Wednesday,8,0,0,random_or_none,0,sunny,0.237,260,0,0,0,0,0,0,0,normal,0,87,99
8/13/2025 11:00,87,2,Wednesday,8,0,0,random_or_none,0,sunny,0.088,260,0,0,0,0,0,0,0,normal,0,95,99
8/13/2025 12:00,95,2,Wednesday,8,0,0,random_or_none,4,dusty,0.754,260,0,0,0,0,0,0,0,extreme_weather,2,109,101
8/13/2025 13:00,109,2,Wednesday,8,0,0,random_or_none,3,hot,0.659,260,0,0,0,0,0,0,0,normal,0,114,107
8/13/2025 14:00,114,2,Wednesday,8,0,0,random_or_none,3,hot,0.581,260,0,0,0,0,0,0,0,normal,0,112,106
8/13/2025 15:00,112,2,Wednesday,8,0,0,random_or_none,0,sunny,0.348,260,0,0,0,0,0,0,0,normal,0,115,113
8/13/2025 16:00,115,2,Wednesday,8,0,0,random_or_none,3,hot,0.343,260,0,0,0,0,0,0,0,normal,0,110,109
8/13/2025 17:00,110,2,Wednesday,8,0,0,random_or_none,3,hot,0.953,260,0,0,0,0,0,0,0,extreme_weather,2,111,104
8/13/2025 18:00,111,2,Wednesday,8,0,0,random_or_none,4,dusty,0.445,260,0,0,0,0,0,0,0,normal,0,107,98
8/13/2025 19:00,107,2,Wednesday,8,0,0,random_or_none,3,hot,1,260,0,0,0,0,0,0,0,extreme_weather,2,107,101
8/13/2025 20:00,107,2,Wednesday,8,0,0,random_or_none,3,hot,0.652,260,0,0,0,0,0,0,0,normal,0,103,94
8/13/2025 21:00,103,2,Wednesday,8,0,0,random_or_none,4,dusty,0.748,260,0,0,0,0,0,0,0,normal,0,91,92
8/13/2025 22:00,91,2,Wednesday,8,0,0,random_or_none,0,sunny,0.205,260,0,0,0,0,0,0,0,normal,0,110,83
8/13/2025 23:00,110,2,Wednesday,8,0,0,random_or_none,3,hot,0.957,260,0,1,53.22,0,0,0,0,emergency_spike,5,90,81
8/14/2025 0:00,90,3,Thursday,8,0,0,random_or_none,2,cold,0.361,260,0,0,0,0,0,0,0,normal,0,80,73
8/14/2025 1:00,80,3,Thursday,8,0,0,random_or_none,3,hot,1,260,0,0,0,0,0,0,0,extreme_weather,2,72,69
8/14/2025 2:00,72,3,Thursday,8,0,0,random_or_none,4,dusty,0.502,260,0,0,0,0,0,0,0,normal,0,73,67
8/14/2025 3:00,73,3,Thursday,8,0,0,random_or_none,4,dusty,0.387,260,0,0,0,0,0,0,0,normal,0,69,69
8/14/2025 4:00,69,3,Thursday,8,0,0,random_or_none,3,hot,0.878,260,0,0,0,0,0,0,0,extreme_weather,2,71,70
8/14/2025 5:00,71,3,Thursday,8,0,0,random_or_none,0,sunny,0.12,260,0,0,0,0,0,0,0,normal,0,80,68
8/14/2025 6:00,80,3,Thursday,8,0,0,random_or_none,1,rainy,0.844,260,0,0,0,0,0,0,0,extreme_weather,2,80,68
8/14/2025 7:00,80,3,Thursday,8,0,0,random_or_none,4,dusty,0.492,260,0,0,0,0,0,0,0,normal,0,88,76
8/14/2025 8:00,88,3,Thursday,8,0,0,random_or_none,3,hot,0.778,260,0,0,0,0,0,0,0,extreme_weather,2,90,83
8/14/2025 9:00,90,3,Thursday,8,0,0,random_or_none,3,hot,0.593,260,0,0,0,0,0,0,0,normal,0,99,88
8/14/2025 10:00,99,3,Thursday,8,0,0,random_or_none,3,hot,0.828,260,0,0,0,0,0,0,0,extreme_weather,2,99,85
8/14/2025 11:00,99,3,Thursday,8,0,0,random_or_none,4,dusty,1,260,0,0,0,0,0,0,0,extreme_weather,2,101,104
8/14/2025 12:00,101,3,Thursday,8,0,0,random_or_none,5,windy,0.23,260,0,0,0,0,0,0,0,normal,0,107,108
8/14/2025 13:00,107,3,Thursday,8,0,0,random_or_none,4,dusty,0.422,260,0,0,0,0,0,0,0,normal,0,106,112
8/14/2025 14:00,106,3,Thursday,8,0,0,random_or_none,0,sunny,0.125,260,0,0,0,0,0,0,0,normal,0,113,116
8/14/2025 15:00,113,3,Thursday,8,0,0,random_or_none,3,hot,0.484,260,0,0,0,0,0,0,0,normal,0,109,117
8/14/2025 16:00,109,3,Thursday,8,0,0,random_or_none,3,hot,0.578,260,0,0,0,0,0,0,0,normal,0,104,111
8/14/2025 17:00,104,3,Thursday,8,0,0,random_or_none,0,sunny,0.271,260,0,0,0,0,0,0,0,normal,0,98,113
8/14/2025 18:00,98,3,Thursday,8,0,0,random_or_none,0,sunny,0.15,260,0,0,0,0,0,0,0,normal,0,101,107
8/14/2025 19:00,101,3,Thursday,8,0,0,random_or_none,0,sunny,0.047,260,0,0,0,0,0,0,0,normal,0,94,93
8/14/2025 20:00,94,3,Thursday,8,0,0,random_or_none,0,sunny,0.197,260,0,0,0,0,0,0,0,normal,0,92,99
8/14/2025 21:00,92,3,Thursday,8,0,0,random_or_none,3,hot,0.753,260,0,0,0,0,0,0,0,extreme_weather,2,83,88
8/14/2025 22:00,83,3,Thursday,8,0,0,random_or_none,0,sunny,0.266,260,0,0,0,0,0,0,0,normal,0,81,90
8/14/2025 23:00,81,3,Thursday,8,0,0,random_or_none,4,dusty,0.505,260,0,0,0,0,0,0,0,normal,0,73,88
8/15/2025 0:00,73,4,Friday,8,0,0,random_or_none,3,hot,0.377,260,0,0,0,0,0,0,0,normal,0,69,70
8/15/2025 1:00,69,4,Friday,8,0,0,random_or_none,1,rainy,0.715,260,0,0,0,0,0,0,0,normal,0,67,61
8/15/2025 2:00,67,4,Friday,8,0,0,random_or_none,3,hot,0.413,260,0,0,0,0,0,0,0,normal,0,69,54
8/15/2025 3:00,69,4,Friday,8,0,0,random_or_none,0,sunny,0.277,260,0,0,0,0,0,0,0,normal,0,70,49
8/15/2025 4:00,70,4,Friday,8,0,0,random_or_none,4,dusty,0.397,260,0,0,0,0,0,0,0,normal,0,68,52
8/15/2025 5:00,68,4,Friday,8,0,0,random_or_none,3,hot,0.395,260,0,0,0,0,0,0,0,normal,0,68,53
8/15/2025 6:00,68,4,Friday,8,0,0,random_or_none,4,dusty,0.493,260,0,0,0,0,0,0,0,normal,0,76,64
8/15/2025 7:00,76,4,Friday,8,0,0,random_or_none,3,hot,1,260,0,0,0,0,0,0,0,extreme_weather,2,83,69
8/15/2025 8:00,83,4,Friday,8,0,0,random_or_none,3,hot,0.975,260,0,0,0,0,0,0,0,extreme_weather,2,88,66
8/15/2025 9:00,88,4,Friday,8,0,0,random_or_none,0,sunny,0.328,260,0,0,0,0,0,0,0,normal,0,85,107
8/15/2025 10:00,85,4,Friday,8,0,0,random_or_none,0,sunny,0.149,260,0,0,0,0,0,0,0,normal,0,104,101
8/15/2025 11:00,104,4,Friday,8,0,0,random_or_none,3,hot,0.935,260,0,0,0,0,0,0,0,extreme_weather,2,108,101
8/15/2025 12:00,108,4,Friday,8,0,0,random_or_none,3,hot,0.84,260,0,0,0,0,0,0,0,extreme_weather,2,112,141
8/15/2025 13:00,112,4,Friday,8,0,0,random_or_none,3,hot,0.804,260,0,0,0,0,0,0,0,extreme_weather,2,116,116
8/15/2025 14:00,116,4,Friday,8,0,0,random_or_none,3,hot,0.765,260,0,0,0,0,0,0,0,extreme_weather,2,117,106
8/15/2025 15:00,117,4,Friday,8,0,0,random_or_none,0,sunny,0.288,260,0,0,0,0,0,0,0,normal,0,111,100
8/15/2025 16:00,111,4,Friday,8,0,0,random_or_none,0,sunny,0.111,260,0,0,0,0,0,0,0,normal,0,113,100
8/15/2025 17:00,113,4,Friday,8,0,0,random_or_none,0,sunny,0.061,260,0,0,0,0,0,0,0,normal,0,107,101
8/15/2025 18:00,107,4,Friday,8,0,0,random_or_none,3,hot,0.741,260,0,0,0,0,0,0,0,normal,0,93,148
8/15/2025 19:00,93,4,Friday,8,0,0,random_or_none,0,sunny,0.271,260,0,0,0,0,0,0,0,normal,0,99,119
8/15/2025 20:00,99,4,Friday,8,0,0,random_or_none,3,hot,0.694,260,0,0,0,0,0,0,0,normal,0,88,104
8/15/2025 21:00,88,4,Friday,8,0,0,random_or_none,0,sunny,0.264,260,0,0,0,0,0,0,0,normal,0,90,92
8/15/2025 22:00,90,4,Friday,8,0,0,random_or_none,3,hot,0.781,260,0,0,0,0,0,0,0,extreme_weather,2,88,77
8/15/2025 23:00,88,4,Friday,8,0,0,random_or_none,4,dusty,0.527,260,0,0,0,0,0,0,0,normal,0,70,73
8/16/2025 0:00,70,5,Saturday,8,1,0,random_or_none,0,sunny,0.066,260,0,0,0,0,0,0,0,normal,0,61,68
8/16/2025 1:00,61,5,Saturday,8,1,0,random_or_none,0,sunny,0.212,260,0,0,0,0,0,0,0,normal,0,54,62
8/16/2025 2:00,54,5,Saturday,8,1,0,random_or_none,3,hot,0.643,260,0,0,0,0,0,0,0,normal,0,49,59
8/16/2025 3:00,49,5,Saturday,8,1,0,random_or_none,0,sunny,0.256,260,0,0,0,0,0,0,0,normal,0,52,51
8/16/2025 4:00,52,5,Saturday,8,1,0,random_or_none,4,dusty,0.565,260,0,0,0,0,0,0,0,normal,0,53,55
8/16/2025 5:00,53,5,Saturday,8,1,0,random_or_none,5,windy,0.859,260,0,0,0,0,0,0,0,extreme_weather,2,64,49
8/16/2025 6:00,64,5,Saturday,8,1,0,random_or_none,3,hot,0.64,260,0,0,0,0,0,0,0,normal,0,69,59
8/16/2025 7:00,69,5,Saturday,8,1,0,random_or_none,3,hot,0.941,260,0,0,0,0,0,0,0,extreme_weather,2,66,62
8/16/2025 8:00,66,5,Saturday,8,1,0,random_or_none,0,sunny,0.218,260,0,0,0,0,0,0,0,normal,0,107,68
8/16/2025 9:00,107,5,Saturday,8,1,0,random_or_none,0,sunny,0.221,260,0,1,65.49,0,0,0,0,emergency_spike,5,101,68
8/16/2025 10:00,101,5,Saturday,8,1,0,random_or_none,4,dusty,0.848,260,0,0,0,0,0,0,0,extreme_weather,2,101,76
8/16/2025 11:00,101,5,Saturday,8,1,0,random_or_none,4,dusty,0.652,260,0,0,0,0,0,0,0,normal,0,141,77
8/16/2025 12:00,141,5,Saturday,8,1,0,random_or_none,3,hot,0.72,260,0,1,99.84,0,0,0,0,emergency_spike,5,116,86
8/16/2025 13:00,116,5,Saturday,8,1,0,random_or_none,0,sunny,0.332,260,0,0,0,0,0,0,0,normal,0,106,84
8/16/2025 14:00,106,5,Saturday,8,1,0,random_or_none,3,hot,0.587,260,0,0,0,0,0,0,0,normal,0,100,91
8/16/2025 15:00,100,5,Saturday,8,1,0,random_or_none,3,hot,0.691,260,0,0,0,0,0,0,0,normal,0,100,85
8/16/2025 16:00,100,5,Saturday,8,1,0,random_or_none,3,hot,0.593,260,0,0,0,0,0,0,0,normal,0,101,86
8/16/2025 17:00,101,5,Saturday,8,1,0,random_or_none,4,dusty,0.979,260,0,0,0,0,0,0,0,extreme_weather,2,148,94
8/16/2025 18:00,148,5,Saturday,8,1,0,random_or_none,3,hot,0.615,260,0,1,109.15,0,0,0,0,emergency_spike,5,119,95
8/16/2025 19:00,119,5,Saturday,8,1,0,random_or_none,5,windy,0.687,260,0,0,0,0,0,0,0,normal,0,104,98
8/16/2025 20:00,104,5,Saturday,8,1,0,random_or_none,3,hot,0.688,260,0,0,0,0,0,0,0,normal,0,92,90
8/16/2025 21:00,92,5,Saturday,8,1,0,random_or_none,3,hot,0.76,260,0,0,0,0,0,0,0,extreme_weather,2,77,82
8/16/2025 22:00,77,5,Saturday,8,1,0,random_or_none,0,sunny,0.135,260,0,0,0,0,0,0,0,normal,0,73,77
8/16/2025 23:00,73,5,Saturday,8,1,0,random_or_none,0,sunny,0.072,260,0,0,0,0,0,0,0,normal,0,68,69
8/17/2025 0:00,68,6,Sunday,8,1,0,random_or_none,1,rainy,0.444,260,0,0,0,0,0,0,0,normal,0,62,65
8/17/2025 1:00,62,6,Sunday,8,1,0,random_or_none,3,hot,1,260,0,0,0,0,0,0,0,extreme_weather,2,59,63
8/17/2025 2:00,59,6,Sunday,8,1,0,random_or_none,4,dusty,0.313,260,0,0,0,0,0,0,0,normal,0,51,74
8/17/2025 3:00,51,6,Sunday,8,1,0,random_or_none,5,windy,0.513,260,0,0,0,0,0,0,0,normal,0,55,67
8/17/2025 4:00,55,6,Sunday,8,1,0,random_or_none,3,hot,0.955,260,0,0,0,0,0,0,0,extreme_weather,2,49,72
8/17/2025 5:00,49,6,Sunday,8,1,0,random_or_none,0,sunny,0.246,260,0,0,0,0,0,0,0,normal,0,59,78
8/17/2025 6:00,59,6,Sunday,8,1,0,random_or_none,4,dusty,0.87,260,0,0,0,0,0,0,0,extreme_weather,2,62,79
8/17/2025 7:00,62,6,Sunday,8,1,0,random_or_none,1,rainy,0.696,260,0,0,0,0,0,0,0,normal,0,68,83
8/17/2025 8:00,68,6,Sunday,8,1,0,random_or_none,3,hot,0.888,260,0,0,0,0,0,0,0,extreme_weather,2,68,81
8/17/2025 9:00,68,6,Sunday,8,1,0,random_or_none,3,hot,1,260,0,0,0,0,0,0,0,extreme_weather,2,76,86
8/17/2025 10:00,76,6,Sunday,8,1,0,random_or_none,4,dusty,0.681,260,0,0,0,0,0,0,0,normal,0,77,90
8/17/2025 11:00,77,6,Sunday,8,1,0,random_or_none,4,dusty,0.783,260,0,0,0,0,0,0,0,extreme_weather,2,86,94
8/17/2025 12:00,86,6,Sunday,8,1,0,random_or_none,3,hot,0.839,260,0,0,0,0,0,0,0,extreme_weather,2,84,105
8/17/2025 13:00,84,6,Sunday,8,1,0,random_or_none,0,sunny,0.132,260,0,0,0,0,0,0,0,normal,0,91,109
8/17/2025 14:00,91,6,Sunday,8,1,0,random_or_none,1,rainy,0.638,260,0,0,0,0,0,0,0,normal,0,85,108
8/17/2025 15:00,85,6,Sunday,8,1,0,random_or_none,0,sunny,0.129,260,0,0,0,0,0,0,0,normal,0,86,113
8/17/2025 16:00,86,6,Sunday,8,1,0,random_or_none,5,windy,0.517,260,0,0,0,0,0,0,0,normal,0,94,114
8/17/2025 17:00,94,6,Sunday,8,1,0,random_or_none,4,dusty,0.603,260,0,0,0,0,0,0,0,normal,0,95,109
8/17/2025 18:00,95,6,Sunday,8,1,0,random_or_none,3,hot,0.626,260,0,0,0,0,0,0,0,normal,0,98,114
8/17/2025 19:00,98,6,Sunday,8,1,0,random_or_none,3,hot,0.931,260,0,0,0,0,0,0,0,extreme_weather,2,90,111
8/17/2025 20:00,90,6,Sunday,8,1,0,random_or_none,3,hot,0.345,260,0,0,0,0,0,0,0,normal,0,82,102
8/17/2025 21:00,82,6,Sunday,8,1,0,random_or_none,0,sunny,0.031,260,0,0,0,0,0,0,0,normal,0,77,96
8/17/2025 22:00,77,6,Sunday,8,1,0,random_or_none,4,dusty,0.418,260,0,0,0,0,0,0,0,normal,0,69,91
8/17/2025 23:00,69,6,Sunday,8,1,0,random_or_none,4,dusty,0.729,260,0,0,0,0,0,0,0,normal,0,65,88
8/18/2025 0:00,65,0,Monday,8,0,0,random_or_none,3,hot,0.395,260,0,0,0,0,0,0,0,normal,0,63,129
8/18/2025 1:00,63,0,Monday,8,0,0,random_or_none,0,sunny,0.316,260,0,0,0,0,0,0,0,normal,0,74,94
8/18/2025 2:00,74,0,Monday,8,0,0,random_or_none,4,dusty,0.691,260,0,0,0,0,0,0,0,normal,0,67,78
8/18/2025 3:00,67,0,Monday,8,0,0,random_or_none,0,sunny,0.239,260,0,0,0,0,0,0,0,normal,0,72,69
8/18/2025 4:00,72,0,Monday,8,0,0,random_or_none,5,windy,0.779,260,0,0,0,0,0,0,0,extreme_weather,2,78,67
8/18/2025 5:00,78,0,Monday,8,0,0,random_or_none,3,hot,0.968,260,0,0,0,0,0,0,0,extreme_weather,2,79,74
8/18/2025 6:00,79,0,Monday,8,0,0,random_or_none,4,dusty,1,260,0,0,0,0,0,0,0,extreme_weather,2,83,73
8/18/2025 7:00,83,0,Monday,8,0,0,random_or_none,3,hot,0.485,260,0,0,0,0,0,0,0,normal,0,81,74
8/18/2025 8:00,81,0,Monday,8,0,0,random_or_none,0,sunny,0.164,260,0,0,0,0,0,0,0,normal,0,86,80
8/18/2025 9:00,86,0,Monday,8,0,0,random_or_none,3,hot,0.424,260,0,0,0,0,0,0,0,normal,0,90,83
8/18/2025 10:00,90,0,Monday,8,0,0,random_or_none,0,sunny,0.073,260,0,0,0,0,0,0,0,normal,0,94,86
8/18/2025 11:00,94,0,Monday,8,0,0,random_or_none,0,sunny,0.2,260,0,0,0,0,0,0,0,normal,0,105,92
8/18/2025 12:00,105,0,Monday,8,0,0,random_or_none,3,hot,0.637,260,0,0,0,0,0,0,0,normal,0,109,104
8/18/2025 13:00,109,0,Monday,8,0,0,random_or_none,0,sunny,0.12,260,0,0,0,0,0,0,0,normal,0,108,101
8/18/2025 14:00,108,0,Monday,8,0,0,random_or_none,5,windy,0.4,260,0,0,0,0,0,0,0,normal,0,113,106
8/18/2025 15:00,113,0,Monday,8,0,0,random_or_none,3,hot,0.512,260,0,0,0,0,0,0,0,normal,0,114,112
8/18/2025 16:00,114,0,Monday,8,0,0,random_or_none,3,hot,0.378,260,0,0,0,0,0,0,0,normal,0,109,114
8/18/2025 17:00,109,0,Monday,8,0,0,random_or_none,3,hot,0.751,260,0,0,0,0,0,0,0,extreme_weather,2,114,114
8/18/2025 18:00,114,0,Monday,8,0,0,random_or_none,3,hot,0.335,260,0,0,0,0,0,0,0,normal,0,111,118
8/18/2025 19:00,111,0,Monday,8,0,0,random_or_none,4,dusty,0.398,260,0,0,0,0,0,0,0,normal,0,102,107
8/18/2025 20:00,102,0,Monday,8,0,0,random_or_none,0,sunny,0.207,260,0,0,0,0,0,0,0,normal,0,96,96
8/18/2025 21:00,96,0,Monday,8,0,0,random_or_none,0,sunny,0.239,260,0,0,0,0,0,0,0,normal,0,91,86
8/18/2025 22:00,91,0,Monday,8,0,0,random_or_none,3,hot,1,260,0,0,0,0,0,0,0,extreme_weather,2,88,76
8/18/2025 23:00,88,0,Monday,8,0,0,random_or_none,3,hot,0.747,260,0,0,0,0,0,0,0,normal,0,129,72
8/19/2025 0:00,129,1,Tuesday,8,0,0,random_or_none,4,dusty,0.629,260,0,1,106.54,0,0,0,0,emergency_spike,5,94,69
8/19/2025 1:00,94,1,Tuesday,8,0,0,random_or_none,0,sunny,0.3,260,0,0,0,0,0,0,0,normal,0,78,74
8/19/2025 2:00,78,1,Tuesday,8,0,0,random_or_none,0,sunny,0.052,260,0,0,0,0,0,0,0,normal,0,69,69
8/19/2025 3:00,69,1,Tuesday,8,0,0,random_or_none,3,hot,0.615,260,0,0,0,0,0,0,0,normal,0,67,67
8/19/2025 4:00,67,1,Tuesday,8,0,0,random_or_none,0,sunny,0.217,260,0,0,0,0,0,0,0,normal,0,74,65
8/19/2025 5:00,74,1,Tuesday,8,0,0,random_or_none,3,hot,0.92,260,0,0,0,0,0,0,0,extreme_weather,2,73,75
8/19/2025 6:00,73,1,Tuesday,8,0,0,random_or_none,3,hot,0.481,260,0,0,0,0,0,0,0,normal,0,74,75
8/19/2025 7:00,74,1,Tuesday,8,0,0,random_or_none,0,sunny,0.061,260,0,0,0,0,0,0,0,normal,0,80,84
8/19/2025 8:00,80,1,Tuesday,8,0,0,random_or_none,3,hot,0.566,260,0,0,0,0,0,0,0,normal,0,83,87
8/19/2025 9:00,83,1,Tuesday,8,0,0,random_or_none,0,sunny,0.158,260,0,0,0,0,0,0,0,normal,0,86,96
8/19/2025 10:00,86,1,Tuesday,8,0,0,random_or_none,0,sunny,0.293,260,0,0,0,0,0,0,0,normal,0,92,100
8/19/2025 11:00,92,1,Tuesday,8,0,0,random_or_none,3,hot,0.744,260,0,0,0,0,0,0,0,normal,0,104,98
8/19/2025 12:00,104,1,Tuesday,8,0,0,random_or_none,3,hot,0.551,260,0,0,0,0,0,0,0,normal,0,101,100
8/19/2025 13:00,101,1,Tuesday,8,0,0,random_or_none,0,sunny,0.321,260,0,0,0,0,0,0,0,normal,0,106,103
8/19/2025 14:00,106,1,Tuesday,8,0,0,random_or_none,0,sunny,0.226,260,0,0,0,0,0,0,0,normal,0,112,103
8/19/2025 15:00,112,1,Tuesday,8,0,0,random_or_none,4,dusty,0.904,260,0,0,0,0,0,0,0,extreme_weather,2,114,105
8/19/2025 16:00,114,1,Tuesday,8,0,0,random_or_none,5,windy,0.798,260,0,0,0,0,0,0,0,extreme_weather,2,114,115
8/19/2025 17:00,114,1,Tuesday,8,0,0,random_or_none,3,hot,0.619,260,0,0,0,0,0,0,0,normal,0,118,113
8/19/2025 18:00,118,1,Tuesday,8,0,0,random_or_none,3,hot,0.691,260,0,0,0,0,0,0,0,normal,0,107,117
8/19/2025 19:00,107,1,Tuesday,8,0,0,random_or_none,0,sunny,0.027,260,0,0,0,0,0,0,0,normal,0,96,108
8/19/2025 20:00,96,1,Tuesday,8,0,0,random_or_none,0,sunny,0.185,260,0,0,0,0,0,0,0,normal,0,86,113
8/19/2025 21:00,86,1,Tuesday,8,0,0,random_or_none,0,sunny,0.211,260,0,0,0,0,0,0,0,normal,0,76,106
8/19/2025 22:00,76,1,Tuesday,8,0,0,random_or_none,0,sunny,0.217,260,0,0,0,0,0,0,0,normal,0,72,92
8/19/2025 23:00,72,1,Tuesday,8,0,0,random_or_none,0,sunny,0.341,260,0,0,0,0,0,0,0,normal,0,69,80
8/20/2025 0:00,69,2,Wednesday,8,0,0,random_or_none,1,rainy,0.593,260,0,0,0,0,0,0,0,normal,0,74,67
8/20/2025 1:00,74,2,Wednesday,8,0,0,random_or_none,4,dusty,0.956,260,0,0,0,0,0,0,0,extreme_weather,2,69,71
8/20/2025 2:00,69,2,Wednesday,8,0,0,random_or_none,0,sunny,0.075,260,0,0,0,0,0,0,0,normal,0,67,69
8/20/2025 3:00,67,2,Wednesday,8,0,0,random_or_none,3,hot,0.946,260,0,0,0,0,0,0,0,extreme_weather,2,65,67
8/20/2025 4:00,65,2,Wednesday,8,0,0,random_or_none,0,sunny,0.014,260,0,0,0,0,0,0,0,normal,0,75,63
8/20/2025 5:00,75,2,Wednesday,8,0,0,random_or_none,4,dusty,0.928,260,0,0,0,0,0,0,0,extreme_weather,2,75,70
8/20/2025 6:00,75,2,Wednesday,8,0,0,random_or_none,0,sunny,0.286,260,0,0,0,0,0,0,0,normal,0,84,74
8/20/2025 7:00,84,2,Wednesday,8,0,0,random_or_none,4,dusty,0.792,260,0,0,0,0,0,0,0,extreme_weather,2,87,71
8/20/2025 8:00,87,2,Wednesday,8,0,0,random_or_none,4,dusty,0.377,260,0,0,0,0,0,0,0,normal,0,96,81
8/20/2025 9:00,96,2,Wednesday,8,0,0,random_or_none,3,hot,1,260,0,0,0,0,0,0,0,extreme_weather,2,100,88
8/20/2025 10:00,100,2,Wednesday,8,0,0,random_or_none,3,hot,0.601,260,0,0,0,0,0,0,0,normal,0,98,101
8/20/2025 11:00,98,2,Wednesday,8,0,0,random_or_none,3,hot,0.303,260,0,0,0,0,0,0,0,normal,0,100,104
8/20/2025 12:00,100,2,Wednesday,8,0,0,random_or_none,3,hot,0.941,260,0,0,0,0,0,0,0,extreme_weather,2,103,107
8/20/2025 13:00,103,2,Wednesday,8,0,0,random_or_none,3,hot,0.438,260,0,0,0,0,0,0,0,normal,0,103,110
8/20/2025 14:00,103,2,Wednesday,8,0,0,random_or_none,3,hot,0.789,260,0,0,0,0,0,0,0,extreme_weather,2,105,114
8/20/2025 15:00,105,2,Wednesday,8,0,0,random_or_none,0,sunny,0.083,260,0,0,0,0,0,0,0,normal,0,115,109
8/20/2025 16:00,115,2,Wednesday,8,0,0,random_or_none,3,hot,0.977,260,0,0,0,0,0,0,0,extreme_weather,2,113,99
8/20/2025 17:00,113,2,Wednesday,8,0,0,random_or_none,3,hot,0.667,260,0,0,0,0,0,0,0,normal,0,117,107
8/20/2025 18:00,117,2,Wednesday,8,0,0,random_or_none,3,hot,0.435,260,0,0,0,0,0,0,0,normal,0,108,105
8/20/2025 19:00,108,2,Wednesday,8,0,0,random_or_none,4,dusty,0.413,260,0,0,0,0,0,0,0,normal,0,113,101
8/20/2025 20:00,113,2,Wednesday,8,0,0,random_or_none,4,dusty,1,260,0,0,0,0,0,0,0,extreme_weather,2,106,102
8/20/2025 21:00,106,2,Wednesday,8,0,0,random_or_none,4,dusty,0.996,260,0,0,0,0,0,0,0,extreme_weather,2,92,95
8/20/2025 22:00,92,2,Wednesday,8,0,0,random_or_none,3,hot,0.57,260,0,0,0,0,0,0,0,normal,0,80,95
8/20/2025 23:00,80,2,Wednesday,8,0,0,random_or_none,0,sunny,0.044,260,0,0,0,0,0,0,0,normal,0,67,87
8/21/2025 0:00,67,3,Thursday,8,0,0,random_or_none,0,sunny,0.175,260,0,0,0,0,0,0,0,normal,0,71,81
8/21/2025 1:00,71,3,Thursday,8,0,0,random_or_none,3,hot,0.861,260,0,0,0,0,0,0,0,extreme_weather,2,69,75
8/21/2025 2:00,69,3,Thursday,8,0,0,random_or_none,3,hot,0.445,260,0,0,0,0,0,0,0,normal,0,67,56
8/21/2025 3:00,67,3,Thursday,8,0,0,random_or_none,3,hot,0.561,260,0,0,0,0,0,0,0,normal,0,63,53
8/21/2025 4:00,63,3,Thursday,8,0,0,random_or_none,0,sunny,0.323,260,0,0,0,0,0,0,0,normal,0,70,53
8/21/2025 5:00,70,3,Thursday,8,0,0,random_or_none,3,hot,0.759,260,0,0,0,0,0,0,0,extreme_weather,2,74,60
8/21/2025 6:00,74,3,Thursday,8,0,0,random_or_none,3,hot,0.384,260,0,0,0,0,0,0,0,normal,0,71,60
8/21/2025 7:00,71,3,Thursday,8,0,0,random_or_none,0,sunny,0.257,260,0,0,0,0,0,0,0,normal,0,81,69
8/21/2025 8:00,81,3,Thursday,8,0,0,random_or_none,3,hot,0.639,260,0,0,0,0,0,0,0,normal,0,88,74
8/21/2025 9:00,88,3,Thursday,8,0,0,random_or_none,5,windy,0.759,260,0,0,0,0,0,0,0,extreme_weather,2,101,73
8/21/2025 10:00,101,3,Thursday,8,0,0,random_or_none,2,cold,0.763,260,0,0,0,0,0,0,0,extreme_weather,2,104,86
8/21/2025 11:00,104,3,Thursday,8,0,0,random_or_none,5,windy,0.861,260,0,0,0,0,0,0,0,extreme_weather,2,107,95
8/21/2025 12:00,107,3,Thursday,8,0,0,random_or_none,4,dusty,0.366,260,0,0,0,0,0,0,0,normal,0,110,105
8/21/2025 13:00,110,3,Thursday,8,0,0,random_or_none,3,hot,1,260,0,0,0,0,0,0,0,extreme_weather,2,114,101
8/21/2025 14:00,114,3,Thursday,8,0,0,random_or_none,3,hot,1,260,0,0,0,0,0,0,0,extreme_weather,2,109,105
8/21/2025 15:00,109,3,Thursday,8,0,0,random_or_none,0,sunny,0.09,260,0,0,0,0,0,0,0,normal,0,99,102
8/21/2025 16:00,99,3,Thursday,8,0,0,random_or_none,0,sunny,0.255,260,0,0,0,0,0,0,0,normal,0,107,108
8/21/2025 17:00,107,3,Thursday,8,0,0,random_or_none,3,hot,0.413,260,0,0,0,0,0,0,0,normal,0,105,111
8/21/2025 18:00,105,3,Thursday,8,0,0,random_or_none,4,dusty,0.594,260,0,0,0,0,0,0,0,normal,0,101,102
8/21/2025 19:00,101,3,Thursday,8,0,0,random_or_none,0,sunny,0.255,260,0,0,0,0,0,0,0,normal,0,102,95
8/21/2025 20:00,102,3,Thursday,8,0,0,random_or_none,3,hot,1,260,0,0,0,0,0,0,0,extreme_weather,2,95,85
8/21/2025 21:00,95,3,Thursday,8,0,0,random_or_none,0,sunny,0.018,260,0,0,0,0,0,0,0,normal,0,95,86
8/21/2025 22:00,95,3,Thursday,8,0,0,random_or_none,4,dusty,0.442,260,0,0,0,0,0,0,0,normal,0,87,73
8/21/2025 23:00,87,3,Thursday,8,0,0,random_or_none,4,dusty,0.668,260,0,0,0,0,0,0,0,normal,0,81,70
8/22/2025 0:00,81,4,Friday,8,0,1,random_or_none,4,dusty,0.571,260,0,0,0,0,0,0,0,holiday,1,75,64
8/22/2025 1:00,75,4,Friday,8,0,1,random_or_none,3,hot,0.688,260,0,0,0,0,0,0,0,holiday,1,56,56
8/22/2025 2:00,56,4,Friday,8,0,1,random_or_none,0,sunny,0.09,260,0,0,0,0,0,0,0,holiday,1,53,57
8/22/2025 3:00,53,4,Friday,8,0,1,random_or_none,3,hot,0.472,260,0,0,0,0,0,0,0,holiday,1,53,53
8/22/2025 4:00,53,4,Friday,8,0,1,random_or_none,3,hot,0.415,260,0,0,0,0,0,0,0,holiday,1,60,56
8/22/2025 5:00,60,4,Friday,8,0,1,random_or_none,3,hot,0.585,260,0,0,0,0,0,0,0,holiday,1,60,51
8/22/2025 6:00,60,4,Friday,8,0,1,random_or_none,3,hot,0.551,260,0,0,0,0,0,0,0,holiday,1,69,62
8/22/2025 7:00,69,4,Friday,8,0,1,random_or_none,4,dusty,0.532,260,0,0,0,0,0,0,0,holiday,1,74,72
8/22/2025 8:00,74,4,Friday,8,0,1,random_or_none,3,hot,0.34,260,0,0,0,0,0,0,0,holiday,1,73,74
8/22/2025 9:00,73,4,Friday,8,0,1,random_or_none,0,sunny,0.262,260,0,0,0,0,0,0,0,holiday,1,86,73
8/22/2025 10:00,86,4,Friday,8,0,1,random_or_none,4,dusty,0.634,260,0,0,0,0,0,0,0,holiday,1,95,80
8/22/2025 11:00,95,4,Friday,8,0,1,random_or_none,5,windy,0.551,260,0,0,0,0,0,0,0,holiday,1,105,80
8/22/2025 12:00,105,4,Friday,8,0,1,random_or_none,4,dusty,0.669,260,0,0,0,0,0,0,0,holiday,1,101,88
8/22/2025 13:00,101,4,Friday,8,0,1,random_or_none,0,sunny,0.054,260,0,0,0,0,0,0,0,holiday,1,105,90
8/22/2025 14:00,105,4,Friday,8,0,1,random_or_none,3,hot,1,260,0,0,0,0,0,0,0,extreme_weather,2,102,94
8/22/2025 15:00,102,4,Friday,8,0,1,random_or_none,4,dusty,0.675,260,0,0,0,0,0,0,0,holiday,1,108,90
8/22/2025 16:00,108,4,Friday,8,0,1,random_or_none,3,hot,1,260,0,0,0,0,0,0,0,extreme_weather,2,111,99
8/22/2025 17:00,111,4,Friday,8,0,1,random_or_none,0,sunny,0.201,260,0,0,0,0,0,0,0,holiday,1,102,97
8/22/2025 18:00,102,4,Friday,8,0,1,random_or_none,0,sunny,0.051,260,0,0,0,0,0,0,0,holiday,1,95,102
8/22/2025 19:00,95,4,Friday,8,0,1,random_or_none,0,sunny,0.314,260,0,0,0,0,0,0,0,holiday,1,85,99
8/22/2025 20:00,85,4,Friday,8,0,1,random_or_none,0,sunny,0.21,260,0,0,0,0,0,0,0,holiday,1,86,83
8/22/2025 21:00,86,4,Friday,8,0,1,random_or_none,3,hot,0.962,260,0,0,0,0,0,0,0,extreme_weather,2,73,79
8/22/2025 22:00,73,4,Friday,8,0,1,random_or_none,0,sunny,0.247,260,0,0,0,0,0,0,0,holiday,1,70,77
8/22/2025 23:00,70,4,Friday,8,0,1,random_or_none,1,rainy,0.275,260,0,0,0,0,0,0,0,holiday,1,64,73
8/23/2025 0:00,64,5,Saturday,8,1,0,random_or_none,4,dusty,0.977,260,0,0,0,0,0,0,0,extreme_weather,2,56,67
8/23/2025 1:00,56,5,Saturday,8,1,0,random_or_none,3,hot,0.526,260,0,0,0,0,0,0,0,normal,0,57,65
8/23/2025 2:00,57,5,Saturday,8,1,0,random_or_none,3,hot,0.633,260,0,0,0,0,0,0,0,normal,0,53,99
8/23/2025 3:00,53,5,Saturday,8,1,0,random_or_none,0,sunny,0.149,260,0,0,0,0,0,0,0,normal,0,56,84
8/23/2025 4:00,56,5,Saturday,8,1,0,random_or_none,3,hot,0.982,260,0,0,0,0,0,0,0,extreme_weather,2,51,70
8/23/2025 5:00,51,5,Saturday,8,1,0,random_or_none,3,hot,0.456,260,0,0,0,0,0,0,0,normal,0,62,62
8/23/2025 6:00,62,5,Saturday,8,1,0,random_or_none,3,hot,0.925,260,0,0,0,0,0,0,0,extreme_weather,2,72,54
8/23/2025 7:00,72,5,Saturday,8,1,0,random_or_none,3,hot,0.783,260,0,0,0,0,0,0,0,extreme_weather,2,74,55
8/23/2025 8:00,74,5,Saturday,8,1,0,random_or_none,3,hot,0.958,260,0,0,0,0,0,0,0,extreme_weather,2,73,60
8/23/2025 9:00,73,5,Saturday,8,1,0,random_or_none,0,sunny,0.268,260,0,0,0,0,0,0,0,normal,0,80,86
8/23/2025 10:00,80,5,Saturday,8,1,0,random_or_none,0,sunny,0.334,260,0,0,0,0,0,0,0,normal,0,80,82
8/23/2025 11:00,80,5,Saturday,8,1,0,random_or_none,3,hot,0.914,260,0,0,0,0,0,0,0,extreme_weather,2,88,92
8/23/2025 12:00,88,5,Saturday,8,1,0,random_or_none,3,hot,0.971,260,0,0,0,0,0,0,0,extreme_weather,2,90,94
8/23/2025 13:00,90,5,Saturday,8,1,0,random_or_none,4,dusty,0.697,260,0,0,0,0,0,0,0,normal,0,94,90
8/23/2025 14:00,94,5,Saturday,8,1,0,random_or_none,5,windy,0.395,260,0,0,0,0,0,0,0,normal,0,90,95
8/23/2025 15:00,90,5,Saturday,8,1,0,random_or_none,0,sunny,0.312,260,0,0,0,0,0,0,0,normal,0,99,94
8/23/2025 16:00,99,5,Saturday,8,1,0,random_or_none,4,dusty,0.654,260,0,0,0,0,0,0,0,normal,0,97,92
8/23/2025 17:00,97,5,Saturday,8,1,0,random_or_none,3,hot,0.453,260,0,0,0,0,0,0,0,normal,0,102,96
8/23/2025 18:00,102,5,Saturday,8,1,0,random_or_none,3,hot,0.926,260,0,0,0,0,0,0,0,extreme_weather,2,99,93
8/23/2025 19:00,99,5,Saturday,8,1,0,random_or_none,3,hot,0.822,260,0,0,0,0,0,0,0,extreme_weather,2,83,93
8/23/2025 20:00,83,5,Saturday,8,1,0,random_or_none,0,sunny,0.324,260,0,0,0,0,0,0,0,normal,0,79,87
8/23/2025 21:00,79,5,Saturday,8,1,0,random_or_none,3,hot,0.451,260,0,0,0,0,0,0,0,normal,0,77,85
8/23/2025 22:00,77,5,Saturday,8,1,0,random_or_none,3,hot,1,260,0,0,0,0,0,0,0,extreme_weather,2,73,73
8/23/2025 23:00,73,5,Saturday,8,1,0,random_or_none,3,hot,0.699,260,0,0,0,0,0,0,0,normal,0,67,72
8/24/2025 0:00,67,6,Sunday,8,1,0,random_or_none,3,hot,1,260,0,0,0,0,0,0,0,extreme_weather,2,65,75
8/24/2025 1:00,65,6,Sunday,8,1,0,random_or_none,3,hot,0.803,260,0,0,0,0,0,0,0,extreme_weather,2,99,72
8/24/2025 2:00,99,6,Sunday,8,1,0,random_or_none,3,hot,0.815,260,0,1,93.75,0,0,0,0,emergency_spike,5,84,70
8/24/2025 3:00,84,6,Sunday,8,1,0,random_or_none,4,dusty,0.913,260,0,0,0,0,0,0,0,extreme_weather,2,70,74
8/24/2025 4:00,70,6,Sunday,8,1,0,random_or_none,3,hot,0.692,260,0,0,0,0,0,0,0,normal,0,62,65
8/24/2025 5:00,62,6,Sunday,8,1,0,random_or_none,3,hot,0.613,260,0,0,0,0,0,0,0,normal,0,54,61
8/24/2025 6:00,54,6,Sunday,8,1,0,random_or_none,0,sunny,0.15,260,0,0,0,0,0,0,0,normal,0,55,68
8/24/2025 7:00,55,6,Sunday,8,1,0,random_or_none,0,sunny,0.086,260,0,0,0,0,0,0,0,normal,0,60,71
8/24/2025 8:00,60,6,Sunday,8,1,0,random_or_none,3,hot,0.747,260,0,0,0,0,0,0,0,normal,0,86,78
8/24/2025 9:00,86,6,Sunday,8,1,0,random_or_none,0,sunny,0.013,260,0,1,38.55,0,0,0,0,emergency_spike,5,82,83
8/24/2025 10:00,82,6,Sunday,8,1,0,random_or_none,0,sunny,0.092,260,0,0,0,0,0,0,0,normal,0,92,133
8/24/2025 11:00,92,6,Sunday,8,1,0,random_or_none,3,hot,0.943,260,0,0,0,0,0,0,0,extreme_weather,2,94,163
8/24/2025 12:00,94,6,Sunday,8,1,0,random_or_none,3,hot,1,260,0,0,0,0,0,0,0,extreme_weather,2,90,132
8/24/2025 13:00,90,6,Sunday,8,1,0,random_or_none,0,sunny,0.269,260,0,0,0,0,0,0,0,normal,0,95,120
8/24/2025 14:00,95,6,Sunday,8,1,0,random_or_none,3,hot,0.716,260,0,0,0,0,0,0,0,normal,0,94,118
8/24/2025 15:00,94,6,Sunday,8,1,0,random_or_none,3,hot,0.64,260,0,0,0,0,0,0,0,normal,0,92,117
8/24/2025 16:00,92,6,Sunday,8,1,0,random_or_none,3,hot,0.398,260,0,0,0,0,0,0,0,normal,0,96,120
8/24/2025 17:00,96,6,Sunday,8,1,0,random_or_none,3,hot,1,260,0,0,0,0,0,0,0,extreme_weather,2,93,130
8/24/2025 18:00,93,6,Sunday,8,1,0,random_or_none,4,dusty,0.527,260,0,0,0,0,0,0,0,normal,0,93,149
8/24/2025 19:00,93,6,Sunday,8,1,0,random_or_none,1,rainy,0.419,260,0,0,0,0,0,0,0,normal,0,87,136
8/24/2025 20:00,87,6,Sunday,8,1,0,random_or_none,3,hot,0.611,260,0,0,0,0,0,0,0,normal,0,85,146
8/24/2025 21:00,85,6,Sunday,8,1,0,random_or_none,3,hot,0.839,260,0,0,0,0,0,0,0,extreme_weather,2,73,124
8/24/2025 22:00,73,6,Sunday,8,1,0,random_or_none,3,hot,0.462,260,0,0,0,0,0,0,0,normal,0,72,102
8/24/2025 23:00,72,6,Sunday,8,1,0,random_or_none,4,dusty,0.843,260,0,0,0,0,0,0,0,extreme_weather,2,75,89
8/25/2025 0:00,75,0,Monday,8,0,0,random_or_none,3,hot,0.893,260,0,0,0,0,0,0,0,extreme_weather,2,72,142
8/25/2025 1:00,72,0,Monday,8,0,0,random_or_none,3,hot,0.404,260,0,0,0,0,0,0,0,normal,0,70,102
8/25/2025 2:00,70,0,Monday,8,0,0,random_or_none,4,dusty,0.543,260,0,0,0,0,0,0,0,normal,0,74,90
8/25/2025 3:00,74,0,Monday,8,0,0,random_or_none,4,dusty,0.886,260,0,0,0,0,0,0,0,extreme_weather,2,65,77
8/25/2025 4:00,65,0,Monday,8,0,0,random_or_none,3,hot,0.28,260,0,0,0,0,0,0,0,normal,0,61,68
8/25/2025 5:00,61,0,Monday,8,0,0,random_or_none,0,sunny,0.034,260,0,0,0,0,0,0,0,normal,0,68,73
8/25/2025 6:00,68,0,Monday,8,0,0,random_or_none,0,sunny,0.206,260,0,0,0,0,0,0,0,normal,0,71,78
8/25/2025 7:00,71,0,Monday,8,0,0,random_or_none,1,rainy,0.25,260,0,0,0,0,0,0,0,normal,0,78,81
8/25/2025 8:00,78,0,Monday,8,0,0,random_or_none,3,hot,0.528,260,0,0,0,0,0,0,0,normal,0,83,81
8/25/2025 9:00,83,0,Monday,8,0,0,random_or_none,0,sunny,0.141,260,0,0,0,0,0,0,0,normal,0,133,87
8/25/2025 10:00,133,0,Monday,8,0,0,random_or_none,3,hot,0.795,260,0,1,90.33,0,0,0,0,emergency_spike,5,163,98
8/25/2025 11:00,163,0,Monday,8,0,0,random_or_none,4,dusty,0.884,260,0,1,86.48,0,0,0,0,emergency_spike,5,132,100
8/25/2025 12:00,132,0,Monday,8,0,0,random_or_none,0,sunny,0.226,260,0,0,0,0,0,0,0,normal,0,120,105
8/25/2025 13:00,120,0,Monday,8,0,0,random_or_none,0,sunny,0.33,260,0,0,0,0,0,0,0,normal,0,118,104
8/25/2025 14:00,118,0,Monday,8,0,0,random_or_none,0,sunny,0.139,260,0,0,0,0,0,0,0,normal,0,117,103
8/25/2025 15:00,117,0,Monday,8,0,0,random_or_none,0,sunny,0.273,260,0,0,0,0,0,0,0,normal,0,120,139
8/25/2025 16:00,120,0,Monday,8,0,0,random_or_none,4,dusty,1,260,0,0,0,0,0,0,0,extreme_weather,2,130,128
8/25/2025 17:00,130,0,Monday,8,0,0,random_or_none,4,dusty,0.651,260,0,0,0,0,0,0,0,normal,0,149,121
8/25/2025 18:00,149,0,Monday,8,0,0,random_or_none,4,dusty,0.867,260,0,1,48.29,0,0,0,0,emergency_spike,5,136,114
8/25/2025 19:00,136,0,Monday,8,0,0,random_or_none,3,hot,1,260,0,0,0,0,0,0,0,extreme_weather,2,146,105
8/25/2025 20:00,146,0,Monday,8,0,0,random_or_none,3,hot,0.364,260,0,1,50.89,0,0,0,0,emergency_spike,5,124,109
8/25/2025 21:00,124,0,Monday,8,0,0,random_or_none,4,dusty,0.469,260,0,0,0,0,0,0,0,normal,0,102,100
8/25/2025 22:00,102,0,Monday,8,0,0,random_or_none,3,hot,0.675,260,0,0,0,0,0,0,0,normal,0,89,94
8/25/2025 23:00,89,0,Monday,8,0,0,random_or_none,0,sunny,0.155,260,0,0,0,0,0,0,0,normal,0,142,106
8/26/2025 0:00,142,1,Tuesday,8,0,0,random_or_none,3,hot,0.884,260,0,1,123.53,0,0,0,0,emergency_spike,5,102,86
8/26/2025 1:00,102,1,Tuesday,8,0,0,random_or_none,3,hot,0.36,260,0,0,0,0,0,0,0,normal,0,90,82
8/26/2025 2:00,90,1,Tuesday,8,0,0,random_or_none,4,dusty,0.896,260,0,0,0,0,0,0,0,extreme_weather,2,77,72
8/26/2025 3:00,77,1,Tuesday,8,0,0,random_or_none,3,hot,0.517,260,0,0,0,0,0,0,0,normal,0,68,71
8/26/2025 4:00,68,1,Tuesday,8,0,0,random_or_none,2,cold,0.411,260,0,0,0,0,0,0,0,normal,0,73,63
8/26/2025 5:00,73,1,Tuesday,8,0,0,random_or_none,3,hot,0.883,260,0,0,0,0,0,0,0,extreme_weather,2,78,72
8/26/2025 6:00,78,1,Tuesday,8,0,0,random_or_none,4,dusty,0.707,260,0,0,0,0,0,0,0,normal,0,81,73
8/26/2025 7:00,81,1,Tuesday,8,0,0,random_or_none,3,hot,0.527,260,0,0,0,0,0,0,0,normal,0,81,74
8/26/2025 8:00,81,1,Tuesday,8,0,0,random_or_none,0,sunny,0.058,260,0,0,0,0,0,0,0,normal,0,87,86
8/26/2025 9:00,87,1,Tuesday,8,0,0,random_or_none,3,hot,0.738,260,0,0,0,0,0,0,0,normal,0,98,92
8/26/2025 10:00,98,1,Tuesday,8,0,0,random_or_none,1,rainy,0.824,260,0,0,0,0,0,0,0,extreme_weather,2,100,109
8/26/2025 11:00,100,1,Tuesday,8,0,0,random_or_none,4,dusty,0.633,260,0,0,0,0,0,0,0,normal,0,105,164
8/26/2025 12:00,105,1,Tuesday,8,0,0,random_or_none,3,hot,1,260,0,0,0,0,0,0,0,extreme_weather,2,104,138
8/26/2025 13:00,104,1,Tuesday,8,0,0,random_or_none,3,hot,0.389,260,0,0,0,0,0,0,0,normal,0,103,135
8/26/2025 14:00,103,1,Tuesday,8,0,0,random_or_none,0,sunny,0.233,260,0,0,0,0,0,0,0,normal,0,139,127
8/26/2025 15:00,139,1,Tuesday,8,0,0,random_or_none,3,hot,0.687,260,0,1,71.73,0,0,0,0,emergency_spike,5,128,123
8/26/2025 16:00,128,1,Tuesday,8,0,0,random_or_none,3,hot,0.789,260,0,0,0,0,0,0,0,extreme_weather,2,121,113
8/26/2025 17:00,121,1,Tuesday,8,0,0,random_or_none,4,dusty,0.869,260,0,0,0,0,0,0,0,extreme_weather,2,114,111
8/26/2025 18:00,114,1,Tuesday,8,0,0,random_or_none,0,sunny,0.314,260,0,0,0,0,0,0,0,normal,0,105,104
8/26/2025 19:00,105,1,Tuesday,8,0,0,random_or_none,0,sunny,0.058,260,0,0,0,0,0,0,0,normal,0,109,102
8/26/2025 20:00,109,1,Tuesday,8,0,0,random_or_none,3,hot,0.698,260,0,0,0,0,0,0,0,normal,0,100,103
8/26/2025 21:00,100,1,Tuesday,8,0,0,random_or_none,3,hot,0.686,260,0,0,0,0,0,0,0,normal,0,94,99
8/26/2025 22:00,94,1,Tuesday,8,0,0,random_or_none,3,hot,0.324,260,0,0,0,0,0,0,0,normal,0,106,91
8/26/2025 23:00,106,1,Tuesday,8,0,0,random_or_none,0,sunny,0.256,260,0,1,57.04,0,0,0,0,emergency_spike,5,86,85
8/27/2025 0:00,86,2,Wednesday,8,0,0,random_or_none,0,sunny,0.152,260,0,0,0,0,0,0,0,normal,0,82,75
8/27/2025 1:00,82,2,Wednesday,8,0,0,random_or_none,3,hot,0.733,260,0,0,0,0,0,0,0,normal,0,72,69
8/27/2025 2:00,72,2,Wednesday,8,0,0,random_or_none,0,sunny,0.293,260,0,0,0,0,0,0,0,normal,0,71,64
8/27/2025 3:00,71,2,Wednesday,8,0,0,random_or_none,3,hot,0.554,260,0,0,0,0,0,0,0,normal,0,63,63
8/27/2025 4:00,63,2,Wednesday,8,0,0,random_or_none,0,sunny,0.23,260,0,0,0,0,0,0,0,normal,0,72,68
8/27/2025 5:00,72,2,Wednesday,8,0,0,random_or_none,3,hot,1,260,0,0,0,0,0,0,0,extreme_weather,2,73,72
8/27/2025 6:00,73,2,Wednesday,8,0,0,random_or_none,3,hot,0.573,260,0,0,0,0,0,0,0,normal,0,74,77
8/27/2025 7:00,74,2,Wednesday,8,0,0,random_or_none,0,sunny,0.14,260,0,0,0,0,0,0,0,normal,0,86,71
8/27/2025 8:00,86,2,Wednesday,8,0,0,random_or_none,5,windy,0.715,260,0,0,0,0,0,0,0,normal,0,92,75
8/27/2025 9:00,92,2,Wednesday,8,0,0,random_or_none,3,hot,0.893,260,0,0,0,0,0,0,0,extreme_weather,2,109,76
8/27/2025 10:00,109,2,Wednesday,8,0,0,random_or_none,0,sunny,0.17,260,0,1,44.16,0,0,0,0,emergency_spike,5,164,83
8/27/2025 11:00,164,2,Wednesday,8,0,0,random_or_none,3,hot,1,260,0,1,113.35,0,0,0,0,emergency_spike,5,138,84
8/27/2025 12:00,138,2,Wednesday,8,0,0,random_or_none,0,sunny,0.131,260,0,0,0,0,0,0,0,normal,0,135,91
8/27/2025 13:00,135,2,Wednesday,8,0,0,random_or_none,3,hot,0.706,260,0,0,0,0,0,0,0,normal,0,127,94
8/27/2025 14:00,127,2,Wednesday,8,0,0,random_or_none,3,hot,1,260,0,0,0,0,0,0,0,extreme_weather,2,123,111
8/27/2025 15:00,123,2,Wednesday,8,0,0,random_or_none,0,sunny,0.273,260,0,0,0,0,0,0,0,normal,0,113,162
8/27/2025 16:00,113,2,Wednesday,8,0,0,random_or_none,3,hot,0.908,260,0,0,0,0,0,0,0,extreme_weather,2,111,148
8/27/2025 17:00,111,2,Wednesday,8,0,0,random_or_none,3,hot,0.885,260,0,0,0,0,0,0,0,extreme_weather,2,104,130
8/27/2025 18:00,104,2,Wednesday,8,0,0,random_or_none,0,sunny,0.05,260,0,0,0,0,0,0,0,normal,0,102,115
8/27/2025 19:00,102,2,Wednesday,8,0,0,random_or_none,2,cold,0.509,260,0,0,0,0,0,0,0,normal,0,103,108
8/27/2025 20:00,103,2,Wednesday,8,0,0,random_or_none,4,dusty,0.52,260,0,0,0,0,0,0,0,normal,0,99,100
8/27/2025 21:00,99,2,Wednesday,8,0,0,random_or_none,3,hot,1,260,0,0,0,0,0,0,0,extreme_weather,2,91,96
8/27/2025 22:00,91,2,Wednesday,8,0,0,random_or_none,3,hot,0.539,260,0,0,0,0,0,0,0,normal,0,85,90
8/27/2025 23:00,85,2,Wednesday,8,0,0,random_or_none,4,dusty,0.846,260,0,0,0,0,0,0,0,extreme_weather,2,75,81
8/28/2025 0:00,75,3,Thursday,8,0,0,random_or_none,4,dusty,0.444,260,0,0,0,0,0,0,0,normal,0,69,71
8/28/2025 1:00,69,3,Thursday,8,0,0,random_or_none,5,windy,0.587,260,0,0,0,0,0,0,0,normal,0,64,79
8/28/2025 2:00,64,3,Thursday,8,0,0,random_or_none,0,sunny,0.326,260,0,0,0,0,0,0,0,normal,0,63,73
8/28/2025 3:00,63,3,Thursday,8,0,0,random_or_none,3,hot,1,260,0,0,0,0,0,0,0,extreme_weather,2,68,73
8/28/2025 4:00,68,3,Thursday,8,0,0,random_or_none,3,hot,0.338,260,0,0,0,0,0,0,0,normal,0,72,67
8/28/2025 5:00,72,3,Thursday,8,0,0,random_or_none,3,hot,0.593,260,0,0,0,0,0,0,0,normal,0,77,71
8/28/2025 6:00,77,3,Thursday,8,0,0,random_or_none,3,hot,1,260,0,0,0,0,0,0,0,extreme_weather,2,71,82
8/28/2025 7:00,71,3,Thursday,8,0,0,random_or_none,0,sunny,0.073,260,0,0,0,0,0,0,0,normal,0,75,80
8/28/2025 8:00,75,3,Thursday,8,0,0,random_or_none,0,sunny,0.04,260,0,0,0,0,0,0,0,normal,0,76,88
8/28/2025 9:00,76,3,Thursday,8,0,0,random_or_none,0,sunny,0.234,260,0,0,0,0,0,0,0,normal,0,83,87
8/28/2025 10:00,83,3,Thursday,8,0,0,random_or_none,3,hot,0.52,260,0,0,0,0,0,0,0,normal,0,84,95
8/28/2025 11:00,84,3,Thursday,8,0,0,random_or_none,0,sunny,0.251,260,0,0,0,0,0,0,0,normal,0,91,105
8/28/2025 12:00,91,3,Thursday,8,0,0,random_or_none,0,sunny,0.082,260,0,0,0,0,0,0,0,normal,0,94,106
8/28/2025 13:00,94,3,Thursday,8,0,0,random_or_none,3,hot,0.47,260,0,0,0,0,0,0,0,normal,0,111,115
8/28/2025 14:00,111,3,Thursday,8,0,0,random_or_none,4,dusty,0.86,260,0,0,0,0,0,0,0,extreme_weather,2,162,174
8/28/2025 15:00,162,3,Thursday,8,0,0,random_or_none,3,hot,0.962,260,0,1,109.81,0,0,0,0,emergency_spike,5,148,148
8/28/2025 16:00,148,3,Thursday,8,0,0,random_or_none,4,dusty,0.982,260,0,0,0,0,0,0,0,extreme_weather,2,130,128
8/28/2025 17:00,130,3,Thursday,8,0,0,random_or_none,3,hot,0.358,260,0,0,0,0,0,0,0,normal,0,115,123
8/28/2025 18:00,115,3,Thursday,8,0,0,random_or_none,3,hot,0.566,260,0,0,0,0,0,0,0,normal,0,108,157
8/28/2025 19:00,108,3,Thursday,8,0,0,random_or_none,0,sunny,0.329,260,0,0,0,0,0,0,0,normal,0,100,135
8/28/2025 20:00,100,3,Thursday,8,0,0,random_or_none,0,sunny,0.105,260,0,0,0,0,0,0,0,normal,0,96,113
8/28/2025 21:00,96,3,Thursday,8,0,0,random_or_none,3,hot,1,260,0,0,0,0,0,0,0,extreme_weather,2,90,103
8/28/2025 22:00,90,3,Thursday,8,0,0,random_or_none,4,dusty,0.623,260,0,0,0,0,0,0,0,normal,0,81,100
8/28/2025 23:00,81,3,Thursday,8,0,0,random_or_none,0,sunny,0.16,260,0,0,0,0,0,0,0,normal,0,71,92
8/29/2025 0:00,71,4,Friday,8,0,0,random_or_none,0,sunny,0.074,260,0,0,0,0,0,0,0,normal,0,79,71
8/29/2025 1:00,79,4,Friday,8,0,0,random_or_none,3,hot,0.414,260,0,0,0,0,0,0,0,normal,0,73,89
8/29/2025 2:00,73,4,Friday,8,0,0,random_or_none,5,windy,0.435,260,0,0,0,0,0,0,0,normal,0,73,79
8/29/2025 3:00,73,4,Friday,8,0,0,random_or_none,3,hot,0.938,260,0,0,0,0,0,0,0,extreme_weather,2,67,65
8/29/2025 4:00,67,4,Friday,8,0,0,random_or_none,4,dusty,0.867,260,0,0,0,0,0,0,0,extreme_weather,2,71,57
8/29/2025 5:00,71,4,Friday,8,0,0,random_or_none,4,dusty,0.701,260,0,0,0,0,0,0,0,normal,0,82,58
8/29/2025 6:00,82,4,Friday,8,0,0,random_or_none,4,dusty,0.984,260,0,0,0,0,0,0,0,extreme_weather,2,80,62
8/29/2025 7:00,80,4,Friday,8,0,0,random_or_none,0,sunny,0.313,260,0,0,0,0,0,0,0,normal,0,88,62
8/29/2025 8:00,88,4,Friday,8,0,0,random_or_none,3,hot,0.736,260,0,0,0,0,0,0,0,normal,0,87,61
8/29/2025 9:00,87,4,Friday,8,0,0,random_or_none,3,hot,0.887,260,0,0,0,0,0,0,0,extreme_weather,2,95,67
8/29/2025 10:00,95,4,Friday,8,0,0,random_or_none,3,hot,0.556,260,0,0,0,0,0,0,0,normal,0,105,88
8/29/2025 11:00,105,4,Friday,8,0,0,random_or_none,3,hot,0.817,260,0,0,0,0,0,0,0,extreme_weather,2,106,83
8/29/2025 12:00,106,4,Friday,8,0,0,random_or_none,3,hot,0.41,260,0,0,0,0,0,0,0,normal,0,115,84
8/29/2025 13:00,115,4,Friday,8,0,0,random_or_none,3,hot,0.756,260,0,0,0,0,0,0,0,extreme_weather,2,174,87
8/29/2025 14:00,174,4,Friday,8,0,0,random_or_none,3,hot,0.677,260,0,1,123.06,0,0,0,0,emergency_spike,5,148,89
8/29/2025 15:00,148,4,Friday,8,0,0,random_or_none,1,rainy,0.716,260,0,0,0,0,0,0,0,normal,0,128,91
8/29/2025 16:00,128,4,Friday,8,0,0,random_or_none,3,hot,0.838,260,0,0,0,0,0,0,0,extreme_weather,2,123,107
8/29/2025 17:00,123,4,Friday,8,0,0,random_or_none,3,hot,0.408,260,0,0,0,0,0,0,0,normal,0,157,103
8/29/2025 18:00,157,4,Friday,8,0,0,random_or_none,3,hot,0.761,260,0,1,80.08,0,0,0,0,emergency_spike,5,135,104
8/29/2025 19:00,135,4,Friday,8,0,0,random_or_none,4,dusty,0.71,260,0,0,0,0,0,0,0,normal,0,113,92
8/29/2025 20:00,113,4,Friday,8,0,0,random_or_none,5,windy,0.334,260,0,0,0,0,0,0,0,normal,0,103,91
8/29/2025 21:00,103,4,Friday,8,0,0,random_or_none,4,dusty,0.876,260,0,0,0,0,0,0,0,extreme_weather,2,100,82
8/29/2025 22:00,100,4,Friday,8,0,0,random_or_none,1,rainy,0.874,260,0,0,0,0,0,0,0,extreme_weather,2,92,70
8/29/2025 23:00,92,4,Friday,8,0,0,random_or_none,3,hot,0.904,260,0,0,0,0,0,0,0,extreme_weather,2,71,68
8/30/2025 0:00,71,5,Saturday,8,1,0,random_or_none,3,hot,0.357,260,0,0,0,0,0,0,0,normal,0,89,57
8/30/2025 1:00,89,5,Saturday,8,1,0,random_or_none,1,rainy,0.585,260,0,1,51.82,0,0,0,0,emergency_spike,5,79,56
8/30/2025 2:00,79,5,Saturday,8,1,0,random_or_none,3,hot,0.742,260,0,0,0,0,0,0,0,normal,0,65,58
8/30/2025 3:00,65,5,Saturday,8,1,0,random_or_none,3,hot,1,260,0,0,0,0,0,0,0,extreme_weather,2,57,54
8/30/2025 4:00,57,5,Saturday,8,1,0,random_or_none,3,hot,0.633,260,0,0,0,0,0,0,0,normal,0,58,50
8/30/2025 5:00,58,5,Saturday,8,1,0,random_or_none,3,hot,0.984,260,0,0,0,0,0,0,0,extreme_weather,2,62,51
8/30/2025 6:00,62,5,Saturday,8,1,0,random_or_none,3,hot,1,260,0,0,0,0,0,0,0,extreme_weather,2,62,48
8/30/2025 7:00,62,5,Saturday,8,1,0,random_or_none,3,hot,0.552,260,0,0,0,0,0,0,0,normal,0,61,50
8/30/2025 8:00,61,5,Saturday,8,1,0,random_or_none,0,sunny,0.04,260,0,0,0,0,0,0,0,normal,0,67,61
8/30/2025 9:00,67,5,Saturday,8,1,0,random_or_none,3,hot,0.286,260,0,0,0,0,0,0,0,normal,0,88,70
8/30/2025 10:00,88,5,Saturday,8,1,0,random_or_none,0,sunny,0.002,260,0,1,37.94,0,0,0,0,emergency_spike,5,83,66
8/30/2025 11:00,83,5,Saturday,8,1,0,random_or_none,0,sunny,0.118,260,0,0,0,0,0,0,0,normal,0,84,78
8/30/2025 12:00,84,5,Saturday,8,1,0,random_or_none,5,windy,0.26,260,0,0,0,0,0,0,0,normal,0,87,84
8/30/2025 13:00,87,5,Saturday,8,1,0,random_or_none,3,hot,1,260,0,0,0,0,0,0,0,extreme_weather,2,89,91
8/30/2025 14:00,89,5,Saturday,8,1,0,random_or_none,3,hot,0.648,260,0,0,0,0,0,0,0,normal,0,91,97
8/30/2025 15:00,91,5,Saturday,8,1,0,random_or_none,3,hot,1,260,0,0,0,0,0,0,0,extreme_weather,2,107,92
8/30/2025 16:00,107,5,Saturday,8,1,0,random_or_none,0,sunny,0.228,260,0,1,32.59,0,0,0,0,emergency_spike,5,103,92
8/30/2025 17:00,103,5,Saturday,8,1,0,random_or_none,0,sunny,0.089,260,0,0,0,0,0,0,0,normal,0,104,99
8/30/2025 18:00,104,5,Saturday,8,1,0,random_or_none,3,hot,1,260,0,0,0,0,0,0,0,extreme_weather,2,92,93
8/30/2025 19:00,92,5,Saturday,8,1,0,random_or_none,0,sunny,0.326,260,0,0,0,0,0,0,0,normal,0,91,86
8/30/2025 20:00,91,5,Saturday,8,1,0,random_or_none,3,hot,0.764,260,0,0,0,0,0,0,0,extreme_weather,2,82,86
8/30/2025 21:00,82,5,Saturday,8,1,0,random_or_none,0,sunny,0.139,260,0,0,0,0,0,0,0,normal,0,70,79
8/30/2025 22:00,70,5,Saturday,8,1,0,random_or_none,3,hot,0.302,260,0,0,0,0,0,0,0,normal,0,68,73
8/30/2025 23:00,68,5,Saturday,8,1,0,random_or_none,3,hot,0.582,260,0,0,0,0,0,0,0,normal,0,57,69
8/31/2025 0:00,57,6,Sunday,8,1,0,random_or_none,0,sunny,0.175,260,0,0,0,0,0,0,0,normal,0,56,64
8/31/2025 1:00,56,6,Sunday,8,1,0,random_or_none,3,hot,0.913,260,0,0,0,0,0,0,0,extreme_weather,2,58,63
8/31/2025 2:00,58,6,Sunday,8,1,0,random_or_none,1,rainy,0.93,260,0,0,0,0,0,0,0,extreme_weather,2,54,63
8/31/2025 3:00,54,6,Sunday,8,1,0,random_or_none,3,hot,0.372,260,0,0,0,0,0,0,0,normal,0,50,69
8/31/2025 4:00,50,6,Sunday,8,1,0,random_or_none,0,sunny,0.252,260,0,0,0,0,0,0,0,normal,0,51,77
8/31/2025 5:00,51,6,Sunday,8,1,0,random_or_none,0,sunny,0.295,260,0,0,0,0,0,0,0,normal,0,48,71
8/31/2025 6:00,48,6,Sunday,8,1,0,random_or_none,0,sunny,0.298,260,0,0,0,0,0,0,0,normal,0,50,69
8/31/2025 7:00,50,6,Sunday,8,1,0,random_or_none,0,sunny,0.036,260,0,0,0,0,0,0,0,normal,0,61,66
8/31/2025 8:00,61,6,Sunday,8,1,0,random_or_none,5,windy,0.831,260,0,0,0,0,0,0,0,extreme_weather,2,70,65
8/31/2025 9:00,70,6,Sunday,8,1,0,random_or_none,4,dusty,0.948,260,0,0,0,0,0,0,0,extreme_weather,2,66,78
8/31/2025 10:00,66,6,Sunday,8,1,0,random_or_none,0,sunny,0.341,260,0,0,0,0,0,0,0,normal,0,78,84
8/31/2025 11:00,78,6,Sunday,8,1,0,random_or_none,3,hot,0.823,260,0,0,0,0,0,0,0,extreme_weather,2,84,97
8/31/2025 12:00,84,6,Sunday,8,1,0,random_or_none,3,hot,0.481,260,0,0,0,0,0,0,0,normal,0,91,98
8/31/2025 13:00,91,6,Sunday,8,1,0,random_or_none,3,hot,0.539,260,0,0,0,0,0,0,0,normal,0,97,112
8/31/2025 14:00,97,6,Sunday,8,1,0,random_or_none,3,hot,0.351,260,0,0,0,0,0,0,0,normal,0,92,121
8/31/2025 15:00,92,6,Sunday,8,1,0,random_or_none,0,sunny,0.157,260,0,0,0,0,0,0,0,normal,0,92,110
8/31/2025 16:00,92,6,Sunday,8,1,0,random_or_none,0,sunny,0.248,260,0,0,0,0,0,0,0,normal,0,99,106
8/31/2025 17:00,99,6,Sunday,8,1,0,random_or_none,3,hot,0.788,260,0,0,0,0,0,0,0,extreme_weather,2,93,109
8/31/2025 18:00,93,6,Sunday,8,1,0,random_or_none,4,dusty,0.786,260,0,0,0,0,0,0,0,extreme_weather,2,86,119
8/31/2025 19:00,86,6,Sunday,8,1,0,random_or_none,3,hot,0.474,260,0,0,0,0,0,0,0,normal,0,86,108
8/31/2025 20:00,86,6,Sunday,8,1,0,random_or_none,4,dusty,0.495,260,0,0,0,0,0,0,0,normal,0,79,99
8/31/2025 21:00,79,6,Sunday,8,1,0,random_or_none,5,windy,0.185,260,0,0,0,0,0,0,0,normal,0,73,96
8/31/2025 22:00,73,6,Sunday,8,1,0,random_or_none,3,hot,0.68,260,0,0,0,0,0,0,0,normal,0,69,88
8/31/2025 23:00,69,6,Sunday,8,1,0,random_or_none,3,hot,0.295,260,0,0,0,0,0,0,0,normal,0,64,82
9/1/2025 0:00,64,0,Monday,9,0,0,random_or_none,0,sunny,0.21,260,0,0,0,0,0,0,0,normal,0,63,71
9/1/2025 1:00,63,0,Monday,9,0,0,random_or_none,0,sunny,0.101,260,0,0,0,0,0,0,0,normal,0,63,72
9/1/2025 2:00,63,0,Monday,9,0,0,random_or_none,0,sunny,0.273,260,0,0,0,0,0,0,0,normal,0,69,65
9/1/2025 3:00,69,0,Monday,9,0,0,random_or_none,3,hot,0.888,260,0,0,0,0,0,0,0,extreme_weather,2,77,57
9/1/2025 4:00,77,0,Monday,9,0,0,random_or_none,4,dusty,0.513,260,0,0,0,0,0,0,0,normal,0,71,59
9/1/2025 5:00,71,0,Monday,9,0,0,random_or_none,3,hot,0.197,260,0,0,0,0,0,0,0,normal,0,69,66
9/1/2025 6:00,69,0,Monday,9,0,0,random_or_none,0,sunny,0.163,260,0,0,0,0,0,0,0,normal,0,66,65
9/1/2025 7:00,66,0,Monday,9,0,0,random_or_none,0,sunny,0.064,260,0,0,0,0,0,0,0,normal,0,65,63
9/1/2025 8:00,65,0,Monday,9,0,0,random_or_none,0,sunny,0.172,260,0,0,0,0,0,0,0,normal,0,78,70
9/1/2025 9:00,78,0,Monday,9,0,0,random_or_none,0,sunny,0.004,260,0,0,0,0,0,0,0,normal,0,84,68
9/1/2025 10:00,84,0,Monday,9,0,0,random_or_none,0,sunny,0.321,260,0,0,0,0,0,0,0,normal,0,97,89
9/1/2025 11:00,97,0,Monday,9,0,0,random_or_none,3,hot,0.74,260,0,0,0,0,0,0,0,normal,0,98,92
9/1/2025 12:00,98,0,Monday,9,0,0,random_or_none,0,sunny,0.055,260,0,0,0,0,0,0,0,normal,0,112,100
9/1/2025 13:00,112,0,Monday,9,0,0,random_or_none,4,dusty,0.914,260,0,0,0,0,0,0,0,extreme_weather,2,121,103
9/1/2025 14:00,121,0,Monday,9,0,0,random_or_none,1,rainy,0.535,260,0,0,0,0,0,0,0,normal,0,110,107
9/1/2025 15:00,110,0,Monday,9,0,0,random_or_none,0,sunny,0.208,260,0,0,0,0,0,0,0,normal,0,106,102
9/1/2025 16:00,106,0,Monday,9,0,0,random_or_none,0,sunny,0.269,260,0,0,0,0,0,0,0,normal,0,109,105
9/1/2025 17:00,109,0,Monday,9,0,0,random_or_none,0,sunny,0.114,260,0,0,0,0,0,0,0,normal,0,119,105
9/1/2025 18:00,119,0,Monday,9,0,0,random_or_none,0,sunny,0.212,260,0,1,27.93,0,0,0,0,emergency_spike,5,108,106
9/1/2025 19:00,108,0,Monday,9,0,0,random_or_none,0,sunny,0.159,260,0,0,0,0,0,0,0,normal,0,99,98
9/1/2025 20:00,99,0,Monday,9,0,0,random_or_none,5,windy,0.384,260,0,0,0,0,0,0,0,normal,0,96,102
9/1/2025 21:00,96,0,Monday,9,0,0,random_or_none,4,dusty,0.533,260,0,0,0,0,0,0,0,normal,0,88,92
9/1/2025 22:00,88,0,Monday,9,0,0,random_or_none,4,dusty,0.559,260,0,0,0,0,0,0,0,normal,0,82,82
9/1/2025 23:00,82,0,Monday,9,0,0,random_or_none,4,dusty,0.923,260,0,0,0,0,0,0,0,extreme_weather,2,71,70
9/2/2025 0:00,71,1,Tuesday,9,0,0,random_or_none,0,sunny,0.302,260,0,0,0,0,0,0,0,normal,0,72,60
9/2/2025 1:00,72,1,Tuesday,9,0,0,random_or_none,1,rainy,0.697,260,0,0,0,0,0,0,0,normal,0,65,61
9/2/2025 2:00,65,1,Tuesday,9,0,0,random_or_none,0,sunny,0.112,260,0,0,0,0,0,0,0,normal,0,57,106
9/2/2025 3:00,57,1,Tuesday,9,0,0,random_or_none,0,sunny,0.347,260,0,0,0,0,0,0,0,normal,0,59,87
9/2/2025 4:00,59,1,Tuesday,9,0,0,random_or_none,3,hot,0.596,260,0,0,0,0,0,0,0,normal,0,66,74
9/2/2025 5:00,66,1,Tuesday,9,0,0,random_or_none,4,dusty,0.767,260,0,0,0,0,0,0,0,extreme_weather,2,65,69
9/2/2025 6:00,65,1,Tuesday,9,0,0,random_or_none,1,rainy,0.336,260,0,0,0,0,0,0,0,normal,0,63,75
9/2/2025 7:00,63,1,Tuesday,9,0,0,random_or_none,0,sunny,0.063,260,0,0,0,0,0,0,0,normal,0,70,78
9/2/2025 8:00,70,1,Tuesday,9,0,0,random_or_none,0,sunny,0.296,260,0,0,0,0,0,0,0,normal,0,68,83
9/2/2025 9:00,68,1,Tuesday,9,0,0,random_or_none,0,sunny,0.2,260,0,0,0,0,0,0,0,normal,0,89,129
9/2/2025 10:00,89,1,Tuesday,9,0,0,random_or_none,4,dusty,0.602,260,0,0,0,0,0,0,0,normal,0,92,117
9/2/2025 11:00,92,1,Tuesday,9,0,0,random_or_none,0,sunny,0.044,260,0,0,0,0,0,0,0,normal,0,100,112
9/2/2025 12:00,100,1,Tuesday,9,0,0,random_or_none,0,sunny,0.287,260,0,0,0,0,0,0,0,normal,0,103,100
9/2/2025 13:00,103,1,Tuesday,9,0,0,random_or_none,0,sunny,0.301,260,0,0,0,0,0,0,0,normal,0,107,101
9/2/2025 14:00,107,1,Tuesday,9,0,0,random_or_none,3,hot,0.923,260,0,0,0,0,0,0,0,extreme_weather,2,102,106
9/2/2025 15:00,102,1,Tuesday,9,0,0,random_or_none,0,sunny,0.227,260,0,0,0,0,0,0,0,normal,0,105,102
9/2/2025 16:00,105,1,Tuesday,9,0,0,random_or_none,0,sunny,0.119,260,0,0,0,0,0,0,0,normal,0,105,101
9/2/2025 17:00,105,1,Tuesday,9,0,0,random_or_none,0,sunny,0.13,260,0,0,0,0,0,0,0,normal,0,106,96
9/2/2025 18:00,106,1,Tuesday,9,0,0,random_or_none,0,sunny,0.179,260,0,0,0,0,0,0,0,normal,0,98,93
9/2/2025 19:00,98,1,Tuesday,9,0,0,random_or_none,0,sunny,0.032,260,0,0,0,0,0,0,0,normal,0,102,135
9/2/2025 20:00,102,1,Tuesday,9,0,0,random_or_none,2,cold,0.83,260,0,0,0,0,0,0,0,extreme_weather,2,92,111
9/2/2025 21:00,92,1,Tuesday,9,0,0,random_or_none,0,sunny,0.241,260,0,0,0,0,0,0,0,normal,0,82,87
9/2/2025 22:00,82,1,Tuesday,9,0,0,random_or_none,0,sunny,0.267,260,0,0,0,0,0,0,0,normal,0,70,78
9/2/2025 23:00,70,1,Tuesday,9,0,0,random_or_none,0,sunny,0.174,260,0,0,0,0,0,0,0,normal,0,60,76
9/3/2025 0:00,60,2,Wednesday,9,0,0,random_or_none,0,sunny,0.332,260,0,0,0,0,0,0,0,normal,0,61,68
9/3/2025 1:00,61,2,Wednesday,9,0,0,random_or_none,0,sunny,0.18,260,0,0,0,0,0,0,0,normal,0,106,61
9/3/2025 2:00,106,2,Wednesday,9,0,0,random_or_none,2,cold,0.407,260,0,1,95.23,0,0,0,0,emergency_spike,5,87,64
9/3/2025 3:00,87,2,Wednesday,9,0,0,random_or_none,5,windy,0.206,260,0,0,0,0,0,0,0,normal,0,74,59
9/3/2025 4:00,74,2,Wednesday,9,0,0,random_or_none,3,hot,0.442,260,0,0,0,0,0,0,0,normal,0,69,54
9/3/2025 5:00,69,2,Wednesday,9,0,0,random_or_none,0,sunny,0.273,260,0,0,0,0,0,0,0,normal,0,75,63
9/3/2025 6:00,75,2,Wednesday,9,0,0,random_or_none,1,rainy,0.4,260,0,0,0,0,0,0,0,normal,0,78,68
9/3/2025 7:00,78,2,Wednesday,9,0,0,random_or_none,3,hot,0.551,260,0,0,0,0,0,0,0,normal,0,83,73
9/3/2025 8:00,83,2,Wednesday,9,0,0,random_or_none,3,hot,0.627,260,0,0,0,0,0,0,0,normal,0,129,69
9/3/2025 9:00,129,2,Wednesday,9,0,0,random_or_none,0,sunny,0.338,260,0,1,101.42,0,0,0,0,emergency_spike,5,117,77
9/3/2025 10:00,117,2,Wednesday,9,0,0,random_or_none,0,sunny,0.268,260,0,0,0,0,0,0,0,normal,0,112,83
9/3/2025 11:00,112,2,Wednesday,9,0,0,random_or_none,4,dusty,0.578,260,0,0,0,0,0,0,0,normal,0,100,84
9/3/2025 12:00,100,2,Wednesday,9,0,0,random_or_none,0,sunny,0.052,260,0,0,0,0,0,0,0,normal,0,101,95
9/3/2025 13:00,101,2,Wednesday,9,0,0,random_or_none,3,hot,0.316,260,0,0,0,0,0,0,0,normal,0,106,96
9/3/2025 14:00,106,2,Wednesday,9,0,0,random_or_none,2,cold,0.393,260,0,0,0,0,0,0,0,normal,0,102,97
9/3/2025 15:00,102,2,Wednesday,9,0,0,random_or_none,0,sunny,0.338,260,0,0,0,0,0,0,0,normal,0,101,104
9/3/2025 16:00,101,2,Wednesday,9,0,0,random_or_none,3,hot,0.432,260,0,0,0,0,0,0,0,normal,0,96,101
9/3/2025 17:00,96,2,Wednesday,9,0,0,random_or_none,1,rainy,0.187,260,0,0,0,0,0,0,0,normal,0,93,108
9/3/2025 18:00,93,2,Wednesday,9,0,0,random_or_none,0,sunny,0.207,260,0,0,0,0,0,0,0,normal,0,135,109
9/3/2025 19:00,135,2,Wednesday,9,0,0,random_or_none,4,dusty,0.562,260,0,1,78.89,0,0,0,0,emergency_spike,5,111,108
9/3/2025 20:00,111,2,Wednesday,9,0,0,random_or_none,0,sunny,0.171,260,0,0,0,0,0,0,0,normal,0,87,100
9/3/2025 21:00,87,2,Wednesday,9,0,0,random_or_none,0,sunny,0.234,260,0,0,0,0,0,0,0,normal,0,78,123
9/3/2025 22:00,78,2,Wednesday,9,0,0,random_or_none,0,sunny,0.221,260,0,0,0,0,0,0,0,normal,0,76,107
9/3/2025 23:00,76,2,Wednesday,9,0,0,random_or_none,3,hot,0.329,260,0,0,0,0,0,0,0,normal,0,68,88
9/4/2025 0:00,68,3,Thursday,9,0,0,random_or_none,4,dusty,1,260,0,0,0,0,0,0,0,extreme_weather,2,61,114
9/4/2025 1:00,61,3,Thursday,9,0,0,random_or_none,3,hot,0.629,260,0,0,0,0,0,0,0,normal,0,64,90
9/4/2025 2:00,64,3,Thursday,9,0,0,random_or_none,3,hot,0.233,260,0,0,0,0,0,0,0,normal,0,59,77
9/4/2025 3:00,59,3,Thursday,9,0,0,random_or_none,0,sunny,0.162,260,0,0,0,0,0,0,0,normal,0,54,76
9/4/2025 4:00,54,3,Thursday,9,0,0,random_or_none,0,sunny,0.092,260,0,0,0,0,0,0,0,normal,0,63,67
9/4/2025 5:00,63,3,Thursday,9,0,0,random_or_none,4,dusty,0.597,260,0,0,0,0,0,0,0,normal,0,68,68
9/4/2025 6:00,68,3,Thursday,9,0,0,random_or_none,4,dusty,0.933,260,0,0,0,0,0,0,0,extreme_weather,2,73,65
9/4/2025 7:00,73,3,Thursday,9,0,0,random_or_none,3,hot,0.442,260,0,0,0,0,0,0,0,normal,0,69,75
9/4/2025 8:00,69,3,Thursday,9,0,0,random_or_none,2,cold,0.287,260,0,0,0,0,0,0,0,normal,0,77,76
9/4/2025 9:00,77,3,Thursday,9,0,0,random_or_none,3,hot,0.318,260,0,0,0,0,0,0,0,normal,0,83,73
9/4/2025 10:00,83,3,Thursday,9,0,0,random_or_none,0,sunny,0.011,260,0,0,0,0,0,0,0,normal,0,84,83
9/4/2025 11:00,84,3,Thursday,9,0,0,random_or_none,0,sunny,0.277,260,0,0,0,0,0,0,0,normal,0,95,96
9/4/2025 12:00,95,3,Thursday,9,0,0,random_or_none,3,hot,0.531,260,0,0,0,0,0,0,0,normal,0,96,96
9/4/2025 13:00,96,3,Thursday,9,0,0,random_or_none,0,sunny,0.241,260,0,0,0,0,0,0,0,normal,0,97,102
9/4/2025 14:00,97,3,Thursday,9,0,0,random_or_none,3,hot,0.279,260,0,0,0,0,0,0,0,normal,0,104,97
9/4/2025 15:00,104,3,Thursday,9,0,0,random_or_none,4,dusty,0.275,260,0,0,0,0,0,0,0,normal,0,101,99
9/4/2025 16:00,101,3,Thursday,9,0,0,random_or_none,0,sunny,0.334,260,0,0,0,0,0,0,0,normal,0,108,105
9/4/2025 17:00,108,3,Thursday,9,0,0,random_or_none,3,hot,0.947,260,0,0,0,0,0,0,0,extreme_weather,2,109,102
9/4/2025 18:00,109,3,Thursday,9,0,0,random_or_none,2,cold,0.48,260,0,0,0,0,0,0,0,normal,0,108,100
9/4/2025 19:00,108,3,Thursday,9,0,0,random_or_none,1,rainy,0.824,260,0,0,0,0,0,0,0,extreme_weather,2,100,98
9/4/2025 20:00,100,3,Thursday,9,0,0,random_or_none,3,hot,0.655,260,0,0,0,0,0,0,0,normal,0,123,94
9/4/2025 21:00,123,3,Thursday,9,0,0,random_or_none,0,sunny,0.137,260,0,1,74.86,0,0,0,0,emergency_spike,5,107,84
9/4/2025 22:00,107,3,Thursday,9,0,0,random_or_none,4,dusty,0.47,260,0,0,0,0,0,0,0,normal,0,88,77
9/4/2025 23:00,88,3,Thursday,9,0,0,random_or_none,0,sunny,0.11,260,0,0,0,0,0,0,0,normal,0,114,69
9/5/2025 0:00,114,4,Friday,9,0,0,random_or_none,3,hot,0.331,260,0,1,82.04,0,0,0,0,emergency_spike,5,90,62
9/5/2025 1:00,90,4,Friday,9,0,0,random_or_none,2,cold,0.525,260,0,0,0,0,0,0,0,normal,0,77,58
9/5/2025 2:00,77,4,Friday,9,0,0,random_or_none,0,sunny,0.095,260,0,0,0,0,0,0,0,normal,0,76,49
9/5/2025 3:00,76,4,Friday,9,0,0,random_or_none,4,dusty,0.598,260,0,0,0,0,0,0,0,normal,0,67,44
9/5/2025 4:00,67,4,Friday,9,0,0,random_or_none,0,sunny,0.118,260,0,0,0,0,0,0,0,normal,0,68,48
9/5/2025 5:00,68,4,Friday,9,0,0,random_or_none,0,sunny,0.045,260,0,0,0,0,0,0,0,normal,0,65,48
9/5/2025 6:00,65,4,Friday,9,0,0,random_or_none,0,sunny,0.334,260,0,0,0,0,0,0,0,normal,0,75,48
9/5/2025 7:00,75,4,Friday,9,0,0,random_or_none,5,windy,0.882,260,0,0,0,0,0,0,0,extreme_weather,2,76,51
9/5/2025 8:00,76,4,Friday,9,0,0,random_or_none,0,sunny,0.231,260,0,0,0,0,0,0,0,normal,0,73,63
9/5/2025 9:00,73,4,Friday,9,0,0,random_or_none,0,sunny,0.181,260,0,0,0,0,0,0,0,normal,0,83,62
9/5/2025 10:00,83,4,Friday,9,0,0,random_or_none,4,dusty,0.766,260,0,0,0,0,0,0,0,extreme_weather,2,96,78
9/5/2025 11:00,96,4,Friday,9,0,0,random_or_none,4,dusty,0.978,260,0,0,0,0,0,0,0,extreme_weather,2,96,81
9/5/2025 12:00,96,4,Friday,9,0,0,random_or_none,0,sunny,0.185,260,0,0,0,0,0,0,0,normal,0,102,86
9/5/2025 13:00,102,4,Friday,9,0,0,random_or_none,0,sunny,0.195,260,0,0,0,0,0,0,0,normal,0,97,94
9/5/2025 14:00,97,4,Friday,9,0,0,random_or_none,0,sunny,0.114,260,0,0,0,0,0,0,0,normal,0,99,88
9/5/2025 15:00,99,4,Friday,9,0,0,random_or_none,5,windy,0.792,260,0,0,0,0,0,0,0,extreme_weather,2,105,84
9/5/2025 16:00,105,4,Friday,9,0,0,random_or_none,0,sunny,0.005,260,0,0,0,0,0,0,0,normal,0,102,82
9/5/2025 17:00,102,4,Friday,9,0,0,random_or_none,0,sunny,0.188,260,0,0,0,0,0,0,0,normal,0,100,88
9/5/2025 18:00,100,4,Friday,9,0,0,random_or_none,0,sunny,0.025,260,0,0,0,0,0,0,0,normal,0,98,81
9/5/2025 19:00,98,4,Friday,9,0,0,random_or_none,0,sunny,0.079,260,0,0,0,0,0,0,0,normal,0,94,76
9/5/2025 20:00,94,4,Friday,9,0,0,random_or_none,5,windy,0.232,260,0,0,0,0,0,0,0,normal,0,84,74
9/5/2025 21:00,84,4,Friday,9,0,0,random_or_none,0,sunny,0.206,260,0,0,0,0,0,0,0,normal,0,77,69
9/5/2025 22:00,77,4,Friday,9,0,0,random_or_none,0,sunny,0.043,260,0,0,0,0,0,0,0,normal,0,69,65
9/5/2025 23:00,69,4,Friday,9,0,0,random_or_none,0,sunny,0.009,260,0,0,0,0,0,0,0,normal,0,62,61
9/6/2025 0:00,62,5,Saturday,9,1,0,random_or_none,4,dusty,0.395,260,0,0,0,0,0,0,0,normal,0,58,50
9/6/2025 1:00,58,5,Saturday,9,1,0,random_or_none,3,hot,0.79,260,0,0,0,0,0,0,0,extreme_weather,2,49,42
9/6/2025 2:00,49,5,Saturday,9,1,0,random_or_none,0,sunny,0.332,260,0,0,0,0,0,0,0,normal,0,44,43
9/6/2025 3:00,44,5,Saturday,9,1,0,random_or_none,0,sunny,0.17,260,0,0,0,0,0,0,0,normal,0,48,41
9/6/2025 4:00,48,5,Saturday,9,1,0,random_or_none,3,hot,0.319,260,0,0,0,0,0,0,0,normal,0,48,37
9/6/2025 5:00,48,5,Saturday,9,1,0,random_or_none,0,sunny,0.069,260,0,0,0,0,0,0,0,normal,0,48,40
9/6/2025 6:00,48,5,Saturday,9,1,0,random_or_none,0,sunny,0.33,260,0,0,0,0,0,0,0,normal,0,51,50
9/6/2025 7:00,51,5,Saturday,9,1,0,random_or_none,0,sunny,0.344,260,0,0,0,0,0,0,0,normal,0,63,51
9/6/2025 8:00,63,5,Saturday,9,1,0,random_or_none,4,dusty,0.471,260,0,0,0,0,0,0,0,normal,0,62,61
9/6/2025 9:00,62,5,Saturday,9,1,0,random_or_none,0,sunny,0.158,260,0,0,0,0,0,0,0,normal,0,78,64
9/6/2025 10:00,78,5,Saturday,9,1,0,random_or_none,0,sunny,0.2,260,0,0,0,0,0,0,0,normal,0,81,75
9/6/2025 11:00,81,5,Saturday,9,1,0,random_or_none,0,sunny,0.035,260,0,0,0,0,0,0,0,normal,0,86,74
9/6/2025 12:00,86,5,Saturday,9,1,0,random_or_none,3,hot,0.571,260,0,0,0,0,0,0,0,normal,0,94,77
9/6/2025 13:00,94,5,Saturday,9,1,0,random_or_none,4,dusty,0.881,260,0,0,0,0,0,0,0,extreme_weather,2,88,82
9/6/2025 14:00,88,5,Saturday,9,1,0,random_or_none,0,sunny,0.268,260,0,0,0,0,0,0,0,normal,0,84,79
9/6/2025 15:00,84,5,Saturday,9,1,0,random_or_none,0,sunny,0.019,260,0,0,0,0,0,0,0,normal,0,82,86
9/6/2025 16:00,82,5,Saturday,9,1,0,random_or_none,0,sunny,0.075,260,0,0,0,0,0,0,0,normal,0,88,88
9/6/2025 17:00,88,5,Saturday,9,1,0,random_or_none,3,hot,0.641,260,0,0,0,0,0,0,0,normal,0,81,81
9/6/2025 18:00,81,5,Saturday,9,1,0,random_or_none,0,sunny,0.211,260,0,0,0,0,0,0,0,normal,0,76,85
9/6/2025 19:00,76,5,Saturday,9,1,0,random_or_none,0,sunny,0.339,260,0,0,0,0,0,0,0,normal,0,74,117
9/6/2025 20:00,74,5,Saturday,9,1,0,random_or_none,0,sunny,0.286,260,0,0,0,0,0,0,0,normal,0,69,93
9/6/2025 21:00,69,5,Saturday,9,1,0,random_or_none,0,sunny,0.078,260,0,0,0,0,0,0,0,normal,0,65,77
9/6/2025 22:00,65,5,Saturday,9,1,0,random_or_none,4,dusty,0.654,260,0,0,0,0,0,0,0,normal,0,61,72
9/6/2025 23:00,61,5,Saturday,9,1,0,random_or_none,1,rainy,0.467,260,0,0,0,0,0,0,0,normal,0,50,67
9/7/2025 0:00,50,6,Sunday,9,1,0,random_or_none,5,windy,0.211,260,0,0,0,0,0,0,0,normal,0,42,70
9/7/2025 1:00,42,6,Sunday,9,1,0,random_or_none,0,sunny,0.275,260,0,0,0,0,0,0,0,normal,0,43,69
9/7/2025 2:00,43,6,Sunday,9,1,0,random_or_none,0,sunny,0.013,260,0,0,0,0,0,0,0,normal,0,41,66
9/7/2025 3:00,41,6,Sunday,9,1,0,random_or_none,0,sunny,0.182,260,0,0,0,0,0,0,0,normal,0,37,69
9/7/2025 4:00,37,6,Sunday,9,1,0,random_or_none,0,sunny,0.197,260,0,0,0,0,0,0,0,normal,0,40,68
9/7/2025 5:00,40,6,Sunday,9,1,0,random_or_none,3,hot,0.557,260,0,0,0,0,0,0,0,normal,0,50,71
9/7/2025 6:00,50,6,Sunday,9,1,0,random_or_none,3,hot,0.869,260,0,0,0,0,0,0,0,extreme_weather,2,51,76
9/7/2025 7:00,51,6,Sunday,9,1,0,random_or_none,0,sunny,0.312,260,0,0,0,0,0,0,0,normal,0,61,75
9/7/2025 8:00,61,6,Sunday,9,1,0,random_or_none,0,sunny,0.025,260,0,0,0,0,0,0,0,normal,0,64,78
9/7/2025 9:00,64,6,Sunday,9,1,0,random_or_none,3,hot,0.401,260,0,0,0,0,0,0,0,normal,0,75,85
9/7/2025 10:00,75,6,Sunday,9,1,0,random_or_none,3,hot,0.797,260,0,0,0,0,0,0,0,extreme_weather,2,74,94
9/7/2025 11:00,74,6,Sunday,9,1,0,random_or_none,0,sunny,0.326,260,0,0,0,0,0,0,0,normal,0,77,91
9/7/2025 12:00,77,6,Sunday,9,1,0,random_or_none,0,sunny,0.246,260,0,0,0,0,0,0,0,normal,0,82,154
9/7/2025 13:00,82,6,Sunday,9,1,0,random_or_none,3,hot,0.286,260,0,0,0,0,0,0,0,normal,0,79,127
9/7/2025 14:00,79,6,Sunday,9,1,0,random_or_none,0,sunny,0.03,260,0,0,0,0,0,0,0,normal,0,86,120
9/7/2025 15:00,86,6,Sunday,9,1,0,random_or_none,0,sunny,0.098,260,0,0,0,0,0,0,0,normal,0,88,120
9/7/2025 16:00,88,6,Sunday,9,1,0,random_or_none,3,hot,0.565,260,0,0,0,0,0,0,0,normal,0,81,112
9/7/2025 17:00,81,6,Sunday,9,1,0,random_or_none,1,rainy,0.449,260,0,0,0,0,0,0,0,normal,0,85,112
9/7/2025 18:00,85,6,Sunday,9,1,0,random_or_none,3,hot,0.237,260,0,0,0,0,0,0,0,normal,0,117,114
9/7/2025 19:00,117,6,Sunday,9,1,0,random_or_none,0,sunny,0.085,260,0,1,79.15,0,0,0,0,emergency_spike,5,93,112
9/7/2025 20:00,93,6,Sunday,9,1,0,random_or_none,0,sunny,0.216,260,0,0,0,0,0,0,0,normal,0,77,96
9/7/2025 21:00,77,6,Sunday,9,1,0,random_or_none,0,sunny,0.122,260,0,0,0,0,0,0,0,normal,0,72,97
9/7/2025 22:00,72,6,Sunday,9,1,0,random_or_none,4,dusty,1,260,0,0,0,0,0,0,0,extreme_weather,2,67,99
9/7/2025 23:00,67,6,Sunday,9,1,0,random_or_none,3,hot,0.919,260,0,0,0,0,0,0,0,extreme_weather,2,70,90
9/8/2025 0:00,70,0,Monday,9,0,0,random_or_none,4,dusty,0.794,260,0,0,0,0,0,0,0,extreme_weather,2,69,75
9/8/2025 1:00,69,0,Monday,9,0,0,random_or_none,1,rainy,0.784,260,0,0,0,0,0,0,0,extreme_weather,2,66,70
9/8/2025 2:00,66,0,Monday,9,0,0,random_or_none,5,windy,0.784,260,0,0,0,0,0,0,0,extreme_weather,2,69,67
9/8/2025 3:00,69,0,Monday,9,0,0,random_or_none,5,windy,0.265,260,0,0,0,0,0,0,0,normal,0,68,61
9/8/2025 4:00,68,0,Monday,9,0,0,random_or_none,5,windy,0.565,260,0,0,0,0,0,0,0,normal,0,71,53
9/8/2025 5:00,71,0,Monday,9,0,0,random_or_none,1,rainy,0.343,260,0,0,0,0,0,0,0,normal,0,76,61
9/8/2025 6:00,76,0,Monday,9,0,0,random_or_none,4,dusty,0.993,260,0,0,0,0,0,0,0,extreme_weather,2,75,72
9/8/2025 7:00,75,0,Monday,9,0,0,random_or_none,0,sunny,0.127,260,0,0,0,0,0,0,0,normal,0,78,71
9/8/2025 8:00,78,0,Monday,9,0,0,random_or_none,3,hot,0.333,260,0,0,0,0,0,0,0,normal,0,85,74
9/8/2025 9:00,85,0,Monday,9,0,0,random_or_none,4,dusty,0.592,260,0,0,0,0,0,0,0,normal,0,94,86
9/8/2025 10:00,94,0,Monday,9,0,0,random_or_none,5,windy,0.568,260,0,0,0,0,0,0,0,normal,0,91,83
9/8/2025 11:00,91,0,Monday,9,0,0,random_or_none,0,sunny,0.14,260,0,0,0,0,0,0,0,normal,0,154,85
9/8/2025 12:00,154,0,Monday,9,0,0,random_or_none,3,hot,0.627,260,0,1,127.74,0,0,0,0,emergency_spike,5,127,93
9/8/2025 13:00,127,0,Monday,9,0,0,random_or_none,0,sunny,0.17,260,0,0,0,0,0,0,0,normal,0,120,100
9/8/2025 14:00,120,0,Monday,9,0,0,random_or_none,0,sunny,0.251,260,0,0,0,0,0,0,0,normal,0,120,106
9/8/2025 15:00,120,0,Monday,9,0,0,random_or_none,2,cold,0.643,260,0,0,0,0,0,0,0,normal,0,112,113
9/8/2025 16:00,112,0,Monday,9,0,0,random_or_none,0,sunny,0.262,260,0,0,0,0,0,0,0,normal,0,112,115
9/8/2025 17:00,112,0,Monday,9,0,0,random_or_none,5,windy,0.636,260,0,0,0,0,0,0,0,normal,0,114,111
9/8/2025 18:00,114,0,Monday,9,0,0,random_or_none,3,hot,0.289,260,0,0,0,0,0,0,0,normal,0,112,108
9/8/2025 19:00,112,0,Monday,9,0,0,random_or_none,4,dusty,0.864,260,0,0,0,0,0,0,0,extreme_weather,2,96,109
9/8/2025 20:00,96,0,Monday,9,0,0,random_or_none,0,sunny,0.286,260,0,0,0,0,0,0,0,normal,0,97,106
9/8/2025 21:00,97,0,Monday,9,0,0,random_or_none,3,hot,0.599,260,0,0,0,0,0,0,0,normal,0,99,92
9/8/2025 22:00,99,0,Monday,9,0,0,random_or_none,1,rainy,0.748,260,0,0,0,0,0,0,0,normal,0,90,88
9/8/2025 23:00,90,0,Monday,9,0,0,random_or_none,5,windy,0.151,260,0,0,0,0,0,0,0,normal,0,75,72
9/9/2025 0:00,75,1,Tuesday,9,0,0,random_or_none,3,hot,0.262,260,0,0,0,0,0,0,0,normal,0,70,66
9/9/2025 1:00,70,1,Tuesday,9,0,0,random_or_none,2,cold,0.724,260,0,0,0,0,0,0,0,normal,0,67,94
9/9/2025 2:00,67,1,Tuesday,9,0,0,random_or_none,4,dusty,0.898,260,0,0,0,0,0,0,0,extreme_weather,2,61,78
9/9/2025 3:00,61,1,Tuesday,9,0,0,random_or_none,0,sunny,0.236,260,0,0,0,0,0,0,0,normal,0,53,75
9/9/2025 4:00,53,1,Tuesday,9,0,0,random_or_none,0,sunny,0.233,260,0,0,0,0,0,0,0,normal,0,61,71
9/9/2025 5:00,61,1,Tuesday,9,0,0,random_or_none,2,cold,0.812,260,0,0,0,0,0,0,0,extreme_weather,2,72,71
9/9/2025 6:00,72,1,Tuesday,9,0,0,random_or_none,2,cold,0.742,260,0,0,0,0,0,0,0,normal,0,71,72
9/9/2025 7:00,71,1,Tuesday,9,0,0,random_or_none,0,sunny,0.048,260,0,0,0,0,0,0,0,normal,0,74,70
9/9/2025 8:00,74,1,Tuesday,9,0,0,random_or_none,4,dusty,0.668,260,0,0,0,0,0,0,0,normal,0,86,74
9/9/2025 9:00,86,1,Tuesday,9,0,0,random_or_none,3,hot,0.937,260,0,0,0,0,0,0,0,extreme_weather,2,83,81
9/9/2025 10:00,83,1,Tuesday,9,0,0,random_or_none,0,sunny,0.135,260,0,0,0,0,0,0,0,normal,0,85,87
9/9/2025 11:00,85,1,Tuesday,9,0,0,random_or_none,5,windy,0.267,260,0,0,0,0,0,0,0,normal,0,93,88
9/9/2025 12:00,93,1,Tuesday,9,0,0,random_or_none,4,dusty,0.833,260,0,0,0,0,0,0,0,extreme_weather,2,100,91
9/9/2025 13:00,100,1,Tuesday,9,0,0,random_or_none,3,hot,0.623,260,0,0,0,0,0,0,0,normal,0,106,98
9/9/2025 14:00,106,1,Tuesday,9,0,0,random_or_none,3,hot,0.369,260,0,0,0,0,0,0,0,normal,0,113,102
9/9/2025 15:00,113,1,Tuesday,9,0,0,random_or_none,3,hot,0.72,260,0,0,0,0,0,0,0,normal,0,115,103
9/9/2025 16:00,115,1,Tuesday,9,0,0,random_or_none,3,hot,0.932,260,0,0,0,0,0,0,0,extreme_weather,2,111,105
9/9/2025 17:00,111,1,Tuesday,9,0,0,random_or_none,5,windy,0.754,260,0,0,0,0,0,0,0,extreme_weather,2,108,107
9/9/2025 18:00,108,1,Tuesday,9,0,0,random_or_none,1,rainy,0.29,260,0,0,0,0,0,0,0,normal,0,109,103
9/9/2025 19:00,109,1,Tuesday,9,0,0,random_or_none,3,hot,0.65,260,0,0,0,0,0,0,0,normal,0,106,96
9/9/2025 20:00,106,1,Tuesday,9,0,0,random_or_none,5,windy,0.852,260,0,0,0,0,0,0,0,extreme_weather,2,92,89
9/9/2025 21:00,92,1,Tuesday,9,0,0,random_or_none,0,sunny,0.105,260,0,0,0,0,0,0,0,normal,0,88,89
9/9/2025 22:00,88,1,Tuesday,9,0,0,random_or_none,4,dusty,0.575,260,0,0,0,0,0,0,0,normal,0,72,89
9/9/2025 23:00,72,1,Tuesday,9,0,0,random_or_none,0,sunny,0.04,260,0,0,0,0,0,0,0,normal,0,66,77
9/10/2025 0:00,66,2,Wednesday,9,0,0,random_or_none,0,sunny,0.108,260,0,0,0,0,0,0,0,normal,0,94,70
9/10/2025 1:00,94,2,Wednesday,9,0,0,random_or_none,0,sunny,0.248,260,0,1,66.66,0,0,0,0,emergency_spike,5,78,66
9/10/2025 2:00,78,2,Wednesday,9,0,0,random_or_none,3,hot,0.823,260,0,0,0,0,0,0,0,extreme_weather,2,75,64
9/10/2025 3:00,75,2,Wednesday,9,0,0,random_or_none,4,dusty,0.388,260,0,0,0,0,0,0,0,normal,0,71,61
9/10/2025 4:00,71,2,Wednesday,9,0,0,random_or_none,5,windy,0.735,260,0,0,0,0,0,0,0,normal,0,71,58
9/10/2025 5:00,71,2,Wednesday,9,0,0,random_or_none,1,rainy,0.612,260,0,0,0,0,0,0,0,normal,0,72,62
9/10/2025 6:00,72,2,Wednesday,9,0,0,random_or_none,0,sunny,0.255,260,0,0,0,0,0,0,0,normal,0,70,62
9/10/2025 7:00,70,2,Wednesday,9,0,0,random_or_none,0,sunny,0.063,260,0,0,0,0,0,0,0,normal,0,74,70
9/10/2025 8:00,74,2,Wednesday,9,0,0,random_or_none,0,sunny,0.254,260,0,0,0,0,0,0,0,normal,0,81,77
9/10/2025 9:00,81,2,Wednesday,9,0,0,random_or_none,0,sunny,0.279,260,0,0,0,0,0,0,0,normal,0,87,74
9/10/2025 10:00,87,2,Wednesday,9,0,0,random_or_none,0,sunny,0.23,260,0,0,0,0,0,0,0,normal,0,88,104
9/10/2025 11:00,88,2,Wednesday,9,0,0,random_or_none,0,sunny,0.159,260,0,0,0,0,0,0,0,normal,0,91,100
9/10/2025 12:00,91,2,Wednesday,9,0,0,random_or_none,3,hot,0.631,260,0,0,0,0,0,0,0,normal,0,98,103
9/10/2025 13:00,98,2,Wednesday,9,0,0,random_or_none,4,dusty,0.445,260,0,0,0,0,0,0,0,normal,0,102,101
9/10/2025 14:00,102,2,Wednesday,9,0,0,random_or_none,0,sunny,0.158,260,0,0,0,0,0,0,0,normal,0,103,102
9/10/2025 15:00,103,2,Wednesday,9,0,0,random_or_none,0,sunny,0.137,260,0,0,0,0,0,0,0,normal,0,105,99
9/10/2025 16:00,105,2,Wednesday,9,0,0,random_or_none,0,sunny,0.249,260,0,0,0,0,0,0,0,normal,0,107,100
9/10/2025 17:00,107,2,Wednesday,9,0,0,random_or_none,3,hot,0.84,260,0,0,0,0,0,0,0,extreme_weather,2,103,98
9/10/2025 18:00,103,2,Wednesday,9,0,0,random_or_none,0,sunny,0.332,260,0,0,0,0,0,0,0,normal,0,96,118
9/10/2025 19:00,96,2,Wednesday,9,0,0,random_or_none,0,sunny,0.005,260,0,0,0,0,0,0,0,normal,0,89,105
9/10/2025 20:00,89,2,Wednesday,9,0,0,random_or_none,0,sunny,0.087,260,0,0,0,0,0,0,0,normal,0,89,96
9/10/2025 21:00,89,2,Wednesday,9,0,0,random_or_none,1,rainy,0.653,260,0,0,0,0,0,0,0,normal,0,89,93
9/10/2025 22:00,89,2,Wednesday,9,0,0,random_or_none,3,hot,0.559,260,0,0,0,0,0,0,0,normal,0,77,83
9/10/2025 23:00,77,2,Wednesday,9,0,0,random_or_none,4,dusty,0.35,260,0,0,0,0,0,0,0,normal,0,70,78
9/11/2025 0:00,70,3,Thursday,9,0,0,random_or_none,3,hot,0.217,260,0,0,0,0,0,0,0,normal,0,66,65
9/11/2025 1:00,66,3,Thursday,9,0,0,random_or_none,0,sunny,0.322,260,0,0,0,0,0,0,0,normal,0,64,54
9/11/2025 2:00,64,3,Thursday,9,0,0,random_or_none,0,sunny,0.001,260,0,0,0,0,0,0,0,normal,0,61,54
9/11/2025 3:00,61,3,Thursday,9,0,0,random_or_none,0,sunny,0.103,260,0,0,0,0,0,0,0,normal,0,58,57
9/11/2025 4:00,58,3,Thursday,9,0,0,random_or_none,0,sunny,0.236,260,0,0,0,0,0,0,0,normal,0,62,60
9/11/2025 5:00,62,3,Thursday,9,0,0,random_or_none,4,dusty,0.853,260,0,0,0,0,0,0,0,extreme_weather,2,62,62
9/11/2025 6:00,62,3,Thursday,9,0,0,random_or_none,0,sunny,0.219,260,0,0,0,0,0,0,0,normal,0,70,64
9/11/2025 7:00,70,3,Thursday,9,0,0,random_or_none,4,dusty,0.318,260,0,0,0,0,0,0,0,normal,0,77,75
9/11/2025 8:00,77,3,Thursday,9,0,0,random_or_none,3,hot,0.645,260,0,0,0,0,0,0,0,normal,0,74,81
9/11/2025 9:00,74,3,Thursday,9,0,0,random_or_none,0,sunny,0.307,260,0,0,0,0,0,0,0,normal,0,104,81
9/11/2025 10:00,104,3,Thursday,9,0,0,random_or_none,0,sunny,0.073,260,0,1,48.97,0,0,0,0,emergency_spike,5,100,83
9/11/2025 11:00,100,3,Thursday,9,0,0,random_or_none,0,sunny,0.229,260,0,0,0,0,0,0,0,normal,0,103,88
9/11/2025 12:00,103,3,Thursday,9,0,0,random_or_none,4,dusty,0.434,260,0,0,0,0,0,0,0,normal,0,101,91
9/11/2025 13:00,101,3,Thursday,9,0,0,random_or_none,2,cold,0.348,260,0,0,0,0,0,0,0,normal,0,102,101
9/11/2025 14:00,102,3,Thursday,9,0,0,random_or_none,0,sunny,0.152,260,0,0,0,0,0,0,0,normal,0,99,96
9/11/2025 15:00,99,3,Thursday,9,0,0,random_or_none,5,windy,0.234,260,0,0,0,0,0,0,0,normal,0,100,100
9/11/2025 16:00,100,3,Thursday,9,0,0,random_or_none,0,sunny,0.043,260,0,0,0,0,0,0,0,normal,0,98,102
9/11/2025 17:00,98,3,Thursday,9,0,0,random_or_none,5,windy,0.503,260,0,0,0,0,0,0,0,normal,0,118,105
9/11/2025 18:00,118,3,Thursday,9,0,0,random_or_none,0,sunny,0.072,260,0,1,44.22,0,0,0,0,emergency_spike,5,105,105
9/11/2025 19:00,105,3,Thursday,9,0,0,random_or_none,0,sunny,0.035,260,0,0,0,0,0,0,0,normal,0,96,105
9/11/2025 20:00,96,3,Thursday,9,0,0,random_or_none,3,hot,0.153,260,0,0,0,0,0,0,0,normal,0,93,92
9/11/2025 21:00,93,3,Thursday,9,0,0,random_or_none,0,sunny,0.01,260,0,0,0,0,0,0,0,normal,0,83,82
9/11/2025 22:00,83,3,Thursday,9,0,0,random_or_none,3,hot,0.542,260,0,0,0,0,0,0,0,normal,0,78,108
9/11/2025 23:00,78,3,Thursday,9,0,0,random_or_none,4,dusty,0.725,260,0,0,0,0,0,0,0,normal,0,65,91
9/12/2025 0:00,65,4,Friday,9,0,0,random_or_none,0,sunny,0.002,260,0,0,0,0,0,0,0,normal,0,54,75
9/12/2025 1:00,54,4,Friday,9,0,0,random_or_none,0,sunny,0.201,260,0,0,0,0,0,0,0,normal,0,54,62
9/12/2025 2:00,54,4,Friday,9,0,0,random_or_none,0,sunny,0.252,260,0,0,0,0,0,0,0,normal,0,57,60
9/12/2025 3:00,57,4,Friday,9,0,0,random_or_none,0,sunny,0.056,260,0,0,0,0,0,0,0,normal,0,60,56
9/12/2025 4:00,60,4,Friday,9,0,0,random_or_none,0,sunny,0.231,260,0,0,0,0,0,0,0,normal,0,62,50
9/12/2025 5:00,62,4,Friday,9,0,0,random_or_none,5,windy,0.295,260,0,0,0,0,0,0,0,normal,0,64,50
9/12/2025 6:00,64,4,Friday,9,0,0,random_or_none,0,sunny,0.106,260,0,0,0,0,0,0,0,normal,0,75,57
9/12/2025 7:00,75,4,Friday,9,0,0,random_or_none,4,dusty,0.859,260,0,0,0,0,0,0,0,extreme_weather,2,81,58
9/12/2025 8:00,81,4,Friday,9,0,0,random_or_none,1,rainy,0.747,260,0,0,0,0,0,0,0,normal,0,81,60
9/12/2025 9:00,81,4,Friday,9,0,0,random_or_none,0,sunny,0.041,260,0,0,0,0,0,0,0,normal,0,83,74
9/12/2025 10:00,83,4,Friday,9,0,0,random_or_none,0,sunny,0.114,260,0,0,0,0,0,0,0,normal,0,88,72
9/12/2025 11:00,88,4,Friday,9,0,0,random_or_none,0,sunny,0.19,260,0,0,0,0,0,0,0,normal,0,91,76
9/12/2025 12:00,91,4,Friday,9,0,0,random_or_none,0,sunny,0.077,260,0,0,0,0,0,0,0,normal,0,101,75
9/12/2025 13:00,101,4,Friday,9,0,0,random_or_none,1,rainy,0.166,260,0,0,0,0,0,0,0,normal,0,96,78
9/12/2025 14:00,96,4,Friday,9,0,0,random_or_none,0,sunny,0.316,260,0,0,0,0,0,0,0,normal,0,100,85
9/12/2025 15:00,100,4,Friday,9,0,0,random_or_none,3,hot,0.244,260,0,0,0,0,0,0,0,normal,0,102,93
9/12/2025 16:00,102,4,Friday,9,0,0,random_or_none,0,sunny,0.311,260,0,0,0,0,0,0,0,normal,0,105,101
9/12/2025 17:00,105,4,Friday,9,0,0,random_or_none,3,hot,0.864,260,0,0,0,0,0,0,0,extreme_weather,2,105,100
9/12/2025 18:00,105,4,Friday,9,0,0,random_or_none,4,dusty,1,260,0,0,0,0,0,0,0,extreme_weather,2,105,91
9/12/2025 19:00,105,4,Friday,9,0,0,random_or_none,0,sunny,0.258,260,0,0,0,0,0,0,0,normal,0,92,88
9/12/2025 20:00,92,4,Friday,9,0,0,random_or_none,0,sunny,0.112,260,0,0,0,0,0,0,0,normal,0,82,85
9/12/2025 21:00,82,4,Friday,9,0,0,random_or_none,0,sunny,0.066,260,0,0,0,0,0,0,0,normal,0,108,81
9/12/2025 22:00,108,4,Friday,9,0,0,random_or_none,3,hot,0.589,260,0,1,63.88,0,0,0,0,emergency_spike,5,91,70
9/12/2025 23:00,91,4,Friday,9,0,0,random_or_none,0,sunny,0.306,260,0,0,0,0,0,0,0,normal,0,75,61
9/13/2025 0:00,75,5,Saturday,9,1,0,random_or_none,5,windy,0.228,260,0,0,0,0,0,0,0,normal,0,62,57
9/13/2025 1:00,62,5,Saturday,9,1,0,random_or_none,5,windy,0.417,260,0,0,0,0,0,0,0,normal,0,60,50
9/13/2025 2:00,60,5,Saturday,9,1,0,random_or_none,3,hot,0.909,260,0,0,0,0,0,0,0,extreme_weather,2,56,54
9/13/2025 3:00,56,5,Saturday,9,1,0,random_or_none,1,rainy,0.284,260,0,0,0,0,0,0,0,normal,0,50,49
9/13/2025 4:00,50,5,Saturday,9,1,0,random_or_none,0,sunny,0.133,260,0,0,0,0,0,0,0,normal,0,50,46
9/13/2025 5:00,50,5,Saturday,9,1,0,random_or_none,1,rainy,0.307,260,0,0,0,0,0,0,0,normal,0,57,55
9/13/2025 6:00,57,5,Saturday,9,1,0,random_or_none,4,dusty,0.404,260,0,0,0,0,0,0,0,normal,0,58,53
9/13/2025 7:00,58,5,Saturday,9,1,0,random_or_none,4,dusty,0.404,260,0,0,0,0,0,0,0,normal,0,60,58
9/13/2025 8:00,60,5,Saturday,9,1,0,random_or_none,0,sunny,0.037,260,0,0,0,0,0,0,0,normal,0,74,58
9/13/2025 9:00,74,5,Saturday,9,1,0,random_or_none,3,hot,0.661,260,0,0,0,0,0,0,0,normal,0,72,60
9/13/2025 10:00,72,5,Saturday,9,1,0,random_or_none,5,windy,0.596,260,0,0,0,0,0,0,0,normal,0,76,71
9/13/2025 11:00,76,5,Saturday,9,1,0,random_or_none,4,dusty,1,260,0,0,0,0,0,0,0,extreme_weather,2,75,108
9/13/2025 12:00,75,5,Saturday,9,1,0,random_or_none,0,sunny,0.182,260,0,0,0,0,0,0,0,normal,0,78,100
9/13/2025 13:00,78,5,Saturday,9,1,0,random_or_none,0,sunny,0.29,260,0,0,0,0,0,0,0,normal,0,85,99
9/13/2025 14:00,85,5,Saturday,9,1,0,random_or_none,4,dusty,1,260,0,0,0,0,0,0,0,extreme_weather,2,93,95
9/13/2025 15:00,93,5,Saturday,9,1,0,random_or_none,3,hot,0.764,260,0,0,0,0,0,0,0,extreme_weather,2,101,96
9/13/2025 16:00,101,5,Saturday,9,1,0,random_or_none,1,rainy,0.524,260,0,0,0,0,0,0,0,normal,0,100,93
9/13/2025 17:00,100,5,Saturday,9,1,0,random_or_none,3,hot,0.666,260,0,0,0,0,0,0,0,normal,0,91,86
9/13/2025 18:00,91,5,Saturday,9,1,0,random_or_none,3,hot,0.378,260,0,0,0,0,0,0,0,normal,0,88,89
9/13/2025 19:00,88,5,Saturday,9,1,0,random_or_none,4,dusty,0.985,260,0,0,0,0,0,0,0,extreme_weather,2,85,88
9/13/2025 20:00,85,5,Saturday,9,1,0,random_or_none,4,dusty,0.77,260,0,0,0,0,0,0,0,extreme_weather,2,81,76
9/13/2025 21:00,81,5,Saturday,9,1,0,random_or_none,0,sunny,0.141,260,0,0,0,0,0,0,0,normal,0,70,70
9/13/2025 22:00,70,5,Saturday,9,1,0,random_or_none,0,sunny,0.149,260,0,0,0,0,0,0,0,normal,0,61,64
9/13/2025 23:00,61,5,Saturday,9,1,0,random_or_none,3,hot,0.388,260,0,0,0,0,0,0,0,normal,0,57,55
9/14/2025 0:00,57,6,Sunday,9,1,0,random_or_none,0,sunny,0.199,260,0,0,0,0,0,0,0,normal,0,50,60
9/14/2025 1:00,50,6,Sunday,9,1,0,random_or_none,0,sunny,0.119,260,0,0,0,0,0,0,0,normal,0,54,58
9/14/2025 2:00,54,6,Sunday,9,1,0,random_or_none,3,hot,0.887,260,0,0,0,0,0,0,0,extreme_weather,2,49,55
9/14/2025 3:00,49,6,Sunday,9,1,0,random_or_none,5,windy,0.706,260,0,0,0,0,0,0,0,normal,0,46,52
9/14/2025 4:00,46,6,Sunday,9,1,0,random_or_none,3,hot,0.776,260,0,0,0,0,0,0,0,extreme_weather,2,55,89
9/14/2025 5:00,55,6,Sunday,9,1,0,random_or_none,3,hot,0.755,260,0,0,0,0,0,0,0,extreme_weather,2,53,83
9/14/2025 6:00,53,6,Sunday,9,1,0,random_or_none,3,hot,0.483,260,0,0,0,0,0,0,0,normal,0,58,100
9/14/2025 7:00,58,6,Sunday,9,1,0,random_or_none,3,hot,0.947,260,0,0,0,0,0,0,0,extreme_weather,2,58,92
9/14/2025 8:00,58,6,Sunday,9,1,0,random_or_none,0,sunny,0.014,260,0,0,0,0,0,0,0,normal,0,60,86
9/14/2025 9:00,60,6,Sunday,9,1,0,random_or_none,0,sunny,0.234,260,0,0,0,0,0,0,0,normal,0,71,89
9/14/2025 10:00,71,6,Sunday,9,1,0,random_or_none,5,windy,0.499,260,0,0,0,0,0,0,0,normal,0,108,86
9/14/2025 11:00,108,6,Sunday,9,1,0,random_or_none,5,windy,0.387,260,0,1,80.81,0,0,0,0,emergency_spike,5,100,91
9/14/2025 12:00,100,6,Sunday,9,1,0,random_or_none,3,hot,0.578,260,0,0,0,0,0,0,0,normal,0,99,100
9/14/2025 13:00,99,6,Sunday,9,1,0,random_or_none,4,dusty,0.668,260,0,0,0,0,0,0,0,normal,0,95,104
9/14/2025 14:00,95,6,Sunday,9,1,0,random_or_none,0,sunny,0.204,260,0,0,0,0,0,0,0,normal,0,96,114
9/14/2025 15:00,96,6,Sunday,9,1,0,random_or_none,4,dusty,0.311,260,0,0,0,0,0,0,0,normal,0,93,113
9/14/2025 16:00,93,6,Sunday,9,1,0,random_or_none,2,cold,0.204,260,0,0,0,0,0,0,0,normal,0,86,112
9/14/2025 17:00,86,6,Sunday,9,1,0,random_or_none,0,sunny,0.083,260,0,0,0,0,0,0,0,normal,0,89,115
9/14/2025 18:00,89,6,Sunday,9,1,0,random_or_none,4,dusty,0.899,260,0,0,0,0,0,0,0,extreme_weather,2,88,116
9/14/2025 19:00,88,6,Sunday,9,1,0,random_or_none,0,sunny,0.339,260,0,0,0,0,0,0,0,normal,0,76,108
9/14/2025 20:00,76,6,Sunday,9,1,0,random_or_none,3,hot,0.21,260,0,0,0,0,0,0,0,normal,0,70,101
9/14/2025 21:00,70,6,Sunday,9,1,0,random_or_none,3,hot,0.718,260,0,0,0,0,0,0,0,normal,0,64,94
9/14/2025 22:00,64,6,Sunday,9,1,0,random_or_none,0,sunny,0.158,260,0,0,0,0,0,0,0,normal,0,55,88
9/14/2025 23:00,55,6,Sunday,9,1,0,random_or_none,0,sunny,0.04,260,0,0,0,0,0,0,0,normal,0,60,75
9/15/2025 0:00,60,0,Monday,9,0,0,random_or_none,0,sunny,0.341,260,0,0,0,0,0,0,0,normal,0,58,71
9/15/2025 1:00,58,0,Monday,9,0,0,random_or_none,0,sunny,0.165,260,0,0,0,0,0,0,0,normal,0,55,69
9/15/2025 2:00,55,0,Monday,9,0,0,random_or_none,4,dusty,0.415,260,0,0,0,0,0,0,0,normal,0,52,64
9/15/2025 3:00,52,0,Monday,9,0,0,random_or_none,0,sunny,0.237,260,0,0,0,0,0,0,0,normal,0,89,60
9/15/2025 4:00,89,0,Monday,9,0,0,random_or_none,0,sunny,0.146,260,0,1,71.48,0,0,0,0,emergency_spike,5,83,61
9/15/2025 5:00,83,0,Monday,9,0,0,random_or_none,5,windy,0.83,260,0,0,0,0,0,0,0,extreme_weather,2,100,69
9/15/2025 6:00,100,0,Monday,9,0,0,random_or_none,0,sunny,0.249,260,0,1,54.05,0,0,0,0,emergency_spike,5,92,67
9/15/2025 7:00,92,0,Monday,9,0,0,random_or_none,0,sunny,0.235,260,0,0,0,0,0,0,0,normal,0,86,68
9/15/2025 8:00,86,0,Monday,9,0,0,random_or_none,0,sunny,0.113,260,0,0,0,0,0,0,0,normal,0,89,67
9/15/2025 9:00,89,0,Monday,9,0,0,random_or_none,1,rainy,0.32,260,0,0,0,0,0,0,0,normal,0,86,80
9/15/2025 10:00,86,0,Monday,9,0,0,random_or_none,0,sunny,0.174,260,0,0,0,0,0,0,0,normal,0,91,86
9/15/2025 11:00,91,0,Monday,9,0,0,random_or_none,1,rainy,0.323,260,0,0,0,0,0,0,0,normal,0,100,94
9/15/2025 12:00,100,0,Monday,9,0,0,random_or_none,3,hot,0.836,260,0,0,0,0,0,0,0,extreme_weather,2,104,138
9/15/2025 13:00,104,0,Monday,9,0,0,random_or_none,4,dusty,0.563,260,0,0,0,0,0,0,0,normal,0,114,120
9/15/2025 14:00,114,0,Monday,9,0,0,random_or_none,4,dusty,0.518,260,0,0,0,0,0,0,0,normal,0,113,112
9/15/2025 15:00,113,0,Monday,9,0,0,random_or_none,1,rainy,0.489,260,0,0,0,0,0,0,0,normal,0,112,104
9/15/2025 16:00,112,0,Monday,9,0,0,random_or_none,0,sunny,0.331,260,0,0,0,0,0,0,0,normal,0,115,108
9/15/2025 17:00,115,0,Monday,9,0,0,random_or_none,1,rainy,0.691,260,0,0,0,0,0,0,0,normal,0,116,110
9/15/2025 18:00,116,0,Monday,9,0,0,random_or_none,3,hot,0.634,260,0,0,0,0,0,0,0,normal,0,108,115
9/15/2025 19:00,108,0,Monday,9,0,0,random_or_none,1,rainy,0.204,260,0,0,0,0,0,0,0,normal,0,101,113
9/15/2025 20:00,101,0,Monday,9,0,0,random_or_none,0,sunny,0.014,260,0,0,0,0,0,0,0,normal,0,94,105
9/15/2025 21:00,94,0,Monday,9,0,0,random_or_none,3,hot,0.516,260,0,0,0,0,0,0,0,normal,0,88,100
9/15/2025 22:00,88,0,Monday,9,0,0,random_or_none,5,windy,0.834,260,0,0,0,0,0,0,0,extreme_weather,2,75,91
9/15/2025 23:00,75,0,Monday,9,0,0,random_or_none,0,sunny,0.083,260,0,0,0,0,0,0,0,normal,0,71,79
9/16/2025 0:00,71,1,Tuesday,9,0,0,random_or_none,0,sunny,0.257,260,0,0,0,0,0,0,0,normal,0,69,72
9/16/2025 1:00,69,1,Tuesday,9,0,0,random_or_none,3,hot,0.452,260,0,0,0,0,0,0,0,normal,0,64,66
9/16/2025 2:00,64,1,Tuesday,9,0,0,random_or_none,0,sunny,0.001,260,0,0,0,0,0,0,0,normal,0,60,72
9/16/2025 3:00,60,1,Tuesday,9,0,0,random_or_none,0,sunny,0.146,260,0,0,0,0,0,0,0,normal,0,61,67
9/16/2025 4:00,61,1,Tuesday,9,0,0,random_or_none,5,windy,0.244,260,0,0,0,0,0,0,0,normal,0,69,70
9/16/2025 5:00,69,1,Tuesday,9,0,0,random_or_none,4,dusty,0.503,260,0,0,0,0,0,0,0,normal,0,67,64
9/16/2025 6:00,67,1,Tuesday,9,0,0,random_or_none,3,hot,0.409,260,0,0,0,0,0,0,0,normal,0,68,67
9/16/2025 7:00,68,1,Tuesday,9,0,0,random_or_none,0,sunny,0.192,260,0,0,0,0,0,0,0,normal,0,67,70
9/16/2025 8:00,67,1,Tuesday,9,0,0,random_or_none,0,sunny,0.053,260,0,0,0,0,0,0,0,normal,0,80,77
9/16/2025 9:00,80,1,Tuesday,9,0,0,random_or_none,4,dusty,1,260,0,0,0,0,0,0,0,extreme_weather,2,86,84
9/16/2025 10:00,86,1,Tuesday,9,0,0,random_or_none,2,cold,0.515,260,0,0,0,0,0,0,0,normal,0,94,94
9/16/2025 11:00,94,1,Tuesday,9,0,0,random_or_none,0,sunny,0.203,260,0,0,0,0,0,0,0,normal,0,138,94
9/16/2025 12:00,138,1,Tuesday,9,0,0,random_or_none,5,windy,0.518,260,0,1,84.43,0,0,0,0,emergency_spike,5,120,98
9/16/2025 13:00,120,1,Tuesday,9,0,0,random_or_none,3,hot,0.859,260,0,0,0,0,0,0,0,extreme_weather,2,112,103
9/16/2025 14:00,112,1,Tuesday,9,0,0,random_or_none,0,sunny,0.243,260,0,0,0,0,0,0,0,normal,0,104,105
9/16/2025 15:00,104,1,Tuesday,9,0,0,random_or_none,0,sunny,0.076,260,0,0,0,0,0,0,0,normal,0,108,104
9/16/2025 16:00,108,1,Tuesday,9,0,0,random_or_none,4,dusty,0.684,260,0,0,0,0,0,0,0,normal,0,110,97
9/16/2025 17:00,110,1,Tuesday,9,0,0,random_or_none,4,dusty,0.767,260,0,0,0,0,0,0,0,extreme_weather,2,115,98
9/16/2025 18:00,115,1,Tuesday,9,0,0,random_or_none,3,hot,0.844,260,0,0,0,0,0,0,0,extreme_weather,2,113,100
9/16/2025 19:00,113,1,Tuesday,9,0,0,random_or_none,3,hot,0.635,260,0,0,0,0,0,0,0,normal,0,105,105
9/16/2025 20:00,105,1,Tuesday,9,0,0,random_or_none,0,sunny,0.107,260,0,0,0,0,0,0,0,normal,0,100,91
9/16/2025 21:00,100,1,Tuesday,9,0,0,random_or_none,3,hot,0.941,260,0,0,0,0,0,0,0,extreme_weather,2,91,80
9/16/2025 22:00,91,1,Tuesday,9,0,0,random_or_none,4,dusty,0.4,260,0,0,0,0,0,0,0,normal,0,79,71
9/16/2025 23:00,79,1,Tuesday,9,0,0,random_or_none,0,sunny,0.303,260,0,0,0,0,0,0,0,normal,0,72,66
9/17/2025 0:00,72,2,Wednesday,9,0,0,random_or_none,3,hot,0.489,260,0,0,0,0,0,0,0,normal,0,66,64
9/17/2025 1:00,66,2,Wednesday,9,0,0,random_or_none,3,hot,0.786,260,0,0,0,0,0,0,0,extreme_weather,2,72,65
9/17/2025 2:00,72,2,Wednesday,9,0,0,random_or_none,5,windy,0.631,260,0,0,0,0,0,0,0,normal,0,67,68
9/17/2025 3:00,67,2,Wednesday,9,0,0,random_or_none,3,hot,0.444,260,0,0,0,0,0,0,0,normal,0,70,62
9/17/2025 4:00,70,2,Wednesday,9,0,0,random_or_none,3,hot,0.569,260,0,0,0,0,0,0,0,normal,0,64,58
9/17/2025 5:00,64,2,Wednesday,9,0,0,random_or_none,2,cold,0.2,260,0,0,0,0,0,0,0,normal,0,67,61
9/17/2025 6:00,67,2,Wednesday,9,0,0,random_or_none,0,sunny,0.131,260,0,0,0,0,0,0,0,normal,0,70,74
9/17/2025 7:00,70,2,Wednesday,9,0,0,random_or_none,0,sunny,0.202,260,0,0,0,0,0,0,0,normal,0,77,73
9/17/2025 8:00,77,2,Wednesday,9,0,0,random_or_none,3,hot,0.695,260,0,0,0,0,0,0,0,normal,0,84,76
9/17/2025 9:00,84,2,Wednesday,9,0,0,random_or_none,4,dusty,0.707,260,0,0,0,0,0,0,0,normal,0,94,82
9/17/2025 10:00,94,2,Wednesday,9,0,0,random_or_none,4,dusty,0.749,260,0,0,0,0,0,0,0,normal,0,94,85
9/17/2025 11:00,94,2,Wednesday,9,0,0,random_or_none,0,sunny,0.332,260,0,0,0,0,0,0,0,normal,0,98,98
9/17/2025 12:00,98,2,Wednesday,9,0,0,random_or_none,0,sunny,0.1,260,0,0,0,0,0,0,0,normal,0,103,101
9/17/2025 13:00,103,2,Wednesday,9,0,0,random_or_none,4,dusty,0.766,260,0,0,0,0,0,0,0,extreme_weather,2,105,106
9/17/2025 14:00,105,2,Wednesday,9,0,0,random_or_none,1,rainy,0.48,260,0,0,0,0,0,0,0,normal,0,104,101
9/17/2025 15:00,104,2,Wednesday,9,0,0,random_or_none,0,sunny,0.29,260,0,0,0,0,0,0,0,normal,0,97,101
9/17/2025 16:00,97,2,Wednesday,9,0,0,random_or_none,0,sunny,0.164,260,0,0,0,0,0,0,0,normal,0,98,97
9/17/2025 17:00,98,2,Wednesday,9,0,0,random_or_none,0,sunny,0.062,260,0,0,0,0,0,0,0,normal,0,100,110
9/17/2025 18:00,100,2,Wednesday,9,0,0,random_or_none,0,sunny,0.233,260,0,0,0,0,0,0,0,normal,0,105,112
9/17/2025 19:00,105,2,Wednesday,9,0,0,random_or_none,3,hot,0.713,260,0,0,0,0,0,0,0,normal,0,91,100
9/17/2025 20:00,91,2,Wednesday,9,0,0,random_or_none,0,sunny,0.004,260,0,0,0,0,0,0,0,normal,0,80,96
9/17/2025 21:00,80,2,Wednesday,9,0,0,random_or_none,0,sunny,0.219,260,0,0,0,0,0,0,0,normal,0,71,85
9/17/2025 22:00,71,2,Wednesday,9,0,0,random_or_none,0,sunny,0.161,260,0,0,0,0,0,0,0,normal,0,66,85
9/17/2025 23:00,66,2,Wednesday,9,0,0,random_or_none,3,hot,0.845,260,0,0,0,0,0,0,0,extreme_weather,2,64,81
9/18/2025 0:00,64,3,Thursday,9,0,0,random_or_none,3,hot,0.749,260,0,0,0,0,0,0,0,normal,0,65,101
9/18/2025 1:00,65,3,Thursday,9,0,0,random_or_none,0,sunny,0.053,260,0,0,0,0,0,0,0,normal,0,68,78
9/18/2025 2:00,68,3,Thursday,9,0,0,random_or_none,4,dusty,0.861,260,0,0,0,0,0,0,0,extreme_weather,2,62,68
9/18/2025 3:00,62,3,Thursday,9,0,0,random_or_none,0,sunny,0.122,260,0,0,0,0,0,0,0,normal,0,58,66
9/18/2025 4:00,58,3,Thursday,9,0,0,random_or_none,0,sunny,0.014,260,0,0,0,0,0,0,0,normal,0,61,73
9/18/2025 5:00,61,3,Thursday,9,0,0,random_or_none,5,windy,0.897,260,0,0,0,0,0,0,0,extreme_weather,2,74,77
9/18/2025 6:00,74,3,Thursday,9,0,0,random_or_none,1,rainy,0.937,260,0,0,0,0,0,0,0,extreme_weather,2,73,74
9/18/2025 7:00,73,3,Thursday,9,0,0,random_or_none,4,dusty,0.633,260,0,0,0,0,0,0,0,normal,0,76,72
9/18/2025 8:00,76,3,Thursday,9,0,0,random_or_none,3,hot,0.453,260,0,0,0,0,0,0,0,normal,0,82,79
9/18/2025 9:00,82,3,Thursday,9,0,0,random_or_none,1,rainy,0.82,260,0,0,0,0,0,0,0,extreme_weather,2,85,85
9/18/2025 10:00,85,3,Thursday,9,0,0,random_or_none,3,hot,0.221,260,0,0,0,0,0,0,0,normal,0,98,86
9/18/2025 11:00,98,3,Thursday,9,0,0,random_or_none,4,dusty,0.733,260,0,0,0,0,0,0,0,normal,0,101,90
9/18/2025 12:00,101,3,Thursday,9,0,0,random_or_none,3,hot,0.37,260,0,0,0,0,0,0,0,normal,0,106,98
9/18/2025 13:00,106,3,Thursday,9,0,0,random_or_none,1,rainy,0.788,260,0,0,0,0,0,0,0,extreme_weather,2,101,99
9/18/2025 14:00,101,3,Thursday,9,0,0,random_or_none,0,sunny,0.257,260,0,0,0,0,0,0,0,normal,0,101,102
9/18/2025 15:00,101,3,Thursday,9,0,0,random_or_none,0,sunny,0.216,260,0,0,0,0,0,0,0,normal,0,97,110
9/18/2025 16:00,97,3,Thursday,9,0,0,random_or_none,0,sunny,0.09,260,0,0,0,0,0,0,0,normal,0,110,156
9/18/2025 17:00,110,3,Thursday,9,0,0,random_or_none,4,dusty,0.467,260,0,0,0,0,0,0,0,normal,0,112,137
9/18/2025 18:00,112,3,Thursday,9,0,0,random_or_none,1,rainy,0.879,260,0,0,0,0,0,0,0,extreme_weather,2,100,142
9/18/2025 19:00,100,3,Thursday,9,0,0,random_or_none,1,rainy,0.35,260,0,0,0,0,0,0,0,normal,0,96,123
9/18/2025 20:00,96,3,Thursday,9,0,0,random_or_none,5,windy,0.607,260,0,0,0,0,0,0,0,normal,0,85,110
9/18/2025 21:00,85,3,Thursday,9,0,0,random_or_none,5,windy,0.207,260,0,0,0,0,0,0,0,normal,0,85,99
9/18/2025 22:00,85,3,Thursday,9,0,0,random_or_none,3,hot,0.244,260,0,0,0,0,0,0,0,normal,0,81,90
9/18/2025 23:00,81,3,Thursday,9,0,0,random_or_none,4,dusty,0.44,260,0,0,0,0,0,0,0,normal,0,101,78
9/19/2025 0:00,101,4,Friday,9,0,0,random_or_none,3,hot,0.852,260,0,1,59.04,0,0,0,0,emergency_spike,5,78,65
9/19/2025 1:00,78,4,Friday,9,0,0,random_or_none,0,sunny,0.216,260,0,0,0,0,0,0,0,normal,0,68,56
9/19/2025 2:00,68,4,Friday,9,0,0,random_or_none,3,hot,0.257,260,0,0,0,0,0,0,0,normal,0,66,42
9/19/2025 3:00,66,4,Friday,9,0,0,random_or_none,0,sunny,0.201,260,0,0,0,0,0,0,0,normal,0,73,43
9/19/2025 4:00,73,4,Friday,9,0,0,random_or_none,1,rainy,0.887,260,0,0,0,0,0,0,0,extreme_weather,2,77,54
9/19/2025 5:00,77,4,Friday,9,0,0,random_or_none,1,rainy,0.833,260,0,0,0,0,0,0,0,extreme_weather,2,74,56
9/19/2025 6:00,74,4,Friday,9,0,0,random_or_none,3,hot,0.696,260,0,0,0,0,0,0,0,normal,0,72,54
9/19/2025 7:00,72,4,Friday,9,0,0,random_or_none,0,sunny,0.103,260,0,0,0,0,0,0,0,normal,0,79,54
9/19/2025 8:00,79,4,Friday,9,0,0,random_or_none,1,rainy,0.917,260,0,0,0,0,0,0,0,extreme_weather,2,85,58
9/19/2025 9:00,85,4,Friday,9,0,0,random_or_none,3,hot,0.786,260,0,0,0,0,0,0,0,extreme_weather,2,86,88
9/19/2025 10:00,86,4,Friday,9,0,0,random_or_none,0,sunny,0.027,260,0,0,0,0,0,0,0,normal,0,90,83
9/19/2025 11:00,90,4,Friday,9,0,0,random_or_none,0,sunny,0.28,260,0,0,0,0,0,0,0,normal,0,98,74
9/19/2025 12:00,98,4,Friday,9,0,0,random_or_none,5,windy,0.468,260,0,0,0,0,0,0,0,normal,0,99,75
9/19/2025 13:00,99,4,Friday,9,0,0,random_or_none,3,hot,0.669,260,0,0,0,0,0,0,0,normal,0,102,80
9/19/2025 14:00,102,4,Friday,9,0,0,random_or_none,2,cold,0.494,260,0,0,0,0,0,0,0,normal,0,110,80
9/19/2025 15:00,110,4,Friday,9,0,0,random_or_none,3,hot,0.857,260,0,0,0,0,0,0,0,extreme_weather,2,156,81
9/19/2025 16:00,156,4,Friday,9,0,0,random_or_none,1,rainy,0.338,260,0,1,100.32,0,0,0,0,emergency_spike,5,137,82
9/19/2025 17:00,137,4,Friday,9,0,0,random_or_none,1,rainy,0.943,260,0,0,0,0,0,0,0,extreme_weather,2,142,80
9/19/2025 18:00,142,4,Friday,9,0,0,random_or_none,0,sunny,0.312,260,0,1,52.88,0,0,0,0,emergency_spike,5,123,84
9/19/2025 19:00,123,4,Friday,9,0,0,random_or_none,3,hot,0.681,260,0,0,0,0,0,0,0,normal,0,110,89
9/19/2025 20:00,110,4,Friday,9,0,0,random_or_none,4,dusty,0.463,260,0,0,0,0,0,0,0,normal,0,99,104
9/19/2025 21:00,99,4,Friday,9,0,0,random_or_none,5,windy,0.781,260,0,0,0,0,0,0,0,extreme_weather,2,90,92
9/19/2025 22:00,90,4,Friday,9,0,0,random_or_none,4,dusty,0.645,260,0,0,0,0,0,0,0,normal,0,78,80
9/19/2025 23:00,78,4,Friday,9,0,0,random_or_none,1,rainy,0.206,260,0,0,0,0,0,0,0,normal,0,65,92
9/20/2025 0:00,65,5,Saturday,9,1,0,random_or_none,3,hot,0.472,260,0,0,0,0,0,0,0,normal,0,56,76
9/20/2025 1:00,56,5,Saturday,9,1,0,random_or_none,5,windy,0.875,260,0,0,0,0,0,0,0,extreme_weather,2,42,64
9/20/2025 2:00,42,5,Saturday,9,1,0,random_or_none,0,sunny,0.147,260,0,0,0,0,0,0,0,normal,0,43,50
9/20/2025 3:00,43,5,Saturday,9,1,0,random_or_none,1,rainy,0.232,260,0,0,0,0,0,0,0,normal,0,54,53
9/20/2025 4:00,54,5,Saturday,9,1,0,random_or_none,4,dusty,0.726,260,0,0,0,0,0,0,0,normal,0,56,49
9/20/2025 5:00,56,5,Saturday,9,1,0,random_or_none,1,rainy,0.291,260,0,0,0,0,0,0,0,normal,0,54,48
9/20/2025 6:00,54,5,Saturday,9,1,0,random_or_none,3,hot,0.75,260,0,0,0,0,0,0,0,extreme_weather,2,54,49
9/20/2025 7:00,54,5,Saturday,9,1,0,random_or_none,0,sunny,0.104,260,0,0,0,0,0,0,0,normal,0,58,54
9/20/2025 8:00,58,5,Saturday,9,1,0,random_or_none,0,sunny,0.066,260,0,0,0,0,0,0,0,normal,0,88,60
9/20/2025 9:00,88,5,Saturday,9,1,0,random_or_none,0,sunny,0.19,260,0,1,61.83,0,0,0,0,emergency_spike,5,83,69
9/20/2025 10:00,83,5,Saturday,9,1,0,random_or_none,0,sunny,0.316,260,0,0,0,0,0,0,0,normal,0,74,79
9/20/2025 11:00,74,5,Saturday,9,1,0,random_or_none,0,sunny,0.112,260,0,0,0,0,0,0,0,normal,0,75,78
9/20/2025 12:00,75,5,Saturday,9,1,0,random_or_none,0,sunny,0.302,260,0,0,0,0,0,0,0,normal,0,80,75
9/20/2025 13:00,80,5,Saturday,9,1,0,random_or_none,0,sunny,0.248,260,0,0,0,0,0,0,0,normal,0,80,81
9/20/2025 14:00,80,5,Saturday,9,1,0,random_or_none,3,hot,0.173,260,0,0,0,0,0,0,0,normal,0,81,91
9/20/2025 15:00,81,5,Saturday,9,1,0,random_or_none,0,sunny,0.027,260,0,0,0,0,0,0,0,normal,0,82,92
9/20/2025 16:00,82,5,Saturday,9,1,0,random_or_none,3,hot,0.714,260,0,0,0,0,0,0,0,normal,0,80,84
9/20/2025 17:00,80,5,Saturday,9,1,0,random_or_none,0,sunny,0.333,260,0,0,0,0,0,0,0,normal,0,84,87
9/20/2025 18:00,84,5,Saturday,9,1,0,random_or_none,3,hot,0.722,260,0,0,0,0,0,0,0,normal,0,89,90
9/20/2025 19:00,89,5,Saturday,9,1,0,random_or_none,5,windy,0.895,260,0,0,0,0,0,0,0,extreme_weather,2,104,91
9/20/2025 20:00,104,5,Saturday,9,1,0,random_or_none,2,cold,0.437,260,0,1,44.02,0,0,0,0,emergency_spike,5,92,89
9/20/2025 21:00,92,5,Saturday,9,1,0,random_or_none,5,windy,0.276,260,0,0,0,0,0,0,0,normal,0,80,79
9/20/2025 22:00,80,5,Saturday,9,1,0,random_or_none,3,hot,0.874,260,0,0,0,0,0,0,0,extreme_weather,2,92,71
9/20/2025 23:00,92,5,Saturday,9,1,0,random_or_none,0,sunny,0.056,260,0,1,72.43,0,0,0,0,emergency_spike,5,76,63
9/21/2025 0:00,76,6,Sunday,9,1,0,random_or_none,1,rainy,0.568,260,0,0,0,0,0,0,0,normal,0,64,67
9/21/2025 1:00,64,6,Sunday,9,1,0,random_or_none,5,windy,0.51,260,0,0,0,0,0,0,0,normal,0,50,72
9/21/2025 2:00,50,6,Sunday,9,1,0,random_or_none,0,sunny,0.19,260,0,0,0,0,0,0,0,normal,0,53,65
9/21/2025 3:00,53,6,Sunday,9,1,0,random_or_none,3,hot,0.741,260,0,0,0,0,0,0,0,normal,0,49,66
9/21/2025 4:00,49,6,Sunday,9,1,0,random_or_none,4,dusty,0.438,260,0,0,0,0,0,0,0,normal,0,48,64
9/21/2025 5:00,48,6,Sunday,9,1,0,random_or_none,0,sunny,0.339,260,0,0,0,0,0,0,0,normal,0,49,96
9/21/2025 6:00,49,6,Sunday,9,1,0,random_or_none,0,sunny,0.064,260,0,0,0,0,0,0,0,normal,0,54,94
9/21/2025 7:00,54,6,Sunday,9,1,0,random_or_none,3,hot,0.801,260,0,0,0,0,0,0,0,extreme_weather,2,60,89
9/21/2025 8:00,60,6,Sunday,9,1,0,random_or_none,2,cold,0.577,260,0,0,0,0,0,0,0,normal,0,69,93
9/21/2025 9:00,69,6,Sunday,9,1,0,random_or_none,0,sunny,0.334,260,0,0,0,0,0,0,0,normal,0,79,91
9/21/2025 10:00,79,6,Sunday,9,1,0,random_or_none,4,dusty,0.954,260,0,0,0,0,0,0,0,extreme_weather,2,78,88
9/21/2025 11:00,78,6,Sunday,9,1,0,random_or_none,0,sunny,0.186,260,0,0,0,0,0,0,0,normal,0,75,119
9/21/2025 12:00,75,6,Sunday,9,1,0,random_or_none,3,hot,0.199,260,0,0,0,0,0,0,0,normal,0,81,113
9/21/2025 13:00,81,6,Sunday,9,1,0,random_or_none,3,hot,0.251,260,0,0,0,0,0,0,0,normal,0,91,107
9/21/2025 14:00,91,6,Sunday,9,1,0,random_or_none,5,windy,0.758,260,0,0,0,0,0,0,0,extreme_weather,2,92,116
9/21/2025 15:00,92,6,Sunday,9,1,0,random_or_none,4,dusty,0.39,260,0,0,0,0,0,0,0,normal,0,84,110
9/21/2025 16:00,84,6,Sunday,9,1,0,random_or_none,0,sunny,0.102,260,0,0,0,0,0,0,0,normal,0,87,110
9/21/2025 17:00,87,6,Sunday,9,1,0,random_or_none,4,dusty,1,260,0,0,0,0,0,0,0,extreme_weather,2,90,114
9/21/2025 18:00,90,6,Sunday,9,1,0,random_or_none,2,cold,0.587,260,0,0,0,0,0,0,0,normal,0,91,111
9/21/2025 19:00,91,6,Sunday,9,1,0,random_or_none,3,hot,0.833,260,0,0,0,0,0,0,0,extreme_weather,2,89,105
9/21/2025 20:00,89,6,Sunday,9,1,0,random_or_none,4,dusty,0.684,260,0,0,0,0,0,0,0,normal,0,79,103
9/21/2025 21:00,79,6,Sunday,9,1,0,random_or_none,3,hot,0.823,260,0,0,0,0,0,0,0,extreme_weather,2,71,88
9/21/2025 22:00,71,6,Sunday,9,1,0,random_or_none,0,sunny,0.213,260,0,0,0,0,0,0,0,normal,0,63,81
9/21/2025 23:00,63,6,Sunday,9,1,0,random_or_none,1,rainy,0.362,260,0,0,0,0,0,0,0,normal,0,67,70
9/22/2025 0:00,67,0,Monday,9,0,0,random_or_none,3,hot,0.333,260,0,0,0,0,0,0,0,normal,0,72,71
9/22/2025 1:00,72,0,Monday,9,0,0,random_or_none,1,rainy,0.28,260,0,0,0,0,0,0,0,normal,0,65,69
9/22/2025 2:00,65,0,Monday,9,0,0,random_or_none,0,sunny,0.187,260,0,0,0,0,0,0,0,normal,0,66,69
9/22/2025 3:00,66,0,Monday,9,0,0,random_or_none,5,windy,0.818,260,0,0,0,0,0,0,0,extreme_weather,2,64,60
9/22/2025 4:00,64,0,Monday,9,0,0,random_or_none,3,hot,0.902,260,0,0,0,0,0,0,0,extreme_weather,2,96,59
9/22/2025 5:00,96,0,Monday,9,0,0,random_or_none,1,rainy,0.487,260,0,1,68.7,0,0,0,0,emergency_spike,5,94,103
9/22/2025 6:00,94,0,Monday,9,0,0,random_or_none,3,hot,0.626,260,0,0,0,0,0,0,0,normal,0,89,90
9/22/2025 7:00,89,0,Monday,9,0,0,random_or_none,0,sunny,0.301,260,0,0,0,0,0,0,0,normal,0,93,81
9/22/2025 8:00,93,0,Monday,9,0,0,random_or_none,3,hot,0.705,260,0,0,0,0,0,0,0,normal,0,91,90
9/22/2025 9:00,91,0,Monday,9,0,0,random_or_none,5,windy,0.432,260,0,0,0,0,0,0,0,normal,0,88,93
9/22/2025 10:00,88,0,Monday,9,0,0,random_or_none,0,sunny,0.149,260,0,0,0,0,0,0,0,normal,0,119,89
9/22/2025 11:00,119,0,Monday,9,0,0,random_or_none,4,dusty,0.388,260,0,1,39.25,0,0,0,0,emergency_spike,5,113,134
9/22/2025 12:00,113,0,Monday,9,0,0,random_or_none,5,windy,0.305,260,0,0,0,0,0,0,0,normal,0,107,119
9/22/2025 13:00,107,0,Monday,9,0,0,random_or_none,3,hot,0.253,260,0,0,0,0,0,0,0,normal,0,116,109
9/22/2025 14:00,116,0,Monday,9,0,0,random_or_none,3,hot,0.559,260,0,0,0,0,0,0,0,normal,0,110,104
9/22/2025 15:00,110,0,Monday,9,0,0,random_or_none,0,sunny,0.151,260,0,0,0,0,0,0,0,normal,0,110,97
9/22/2025 16:00,110,0,Monday,9,0,0,random_or_none,3,hot,0.883,260,0,0,0,0,0,0,0,extreme_weather,2,114,105
9/22/2025 17:00,114,0,Monday,9,0,0,random_or_none,0,sunny,0.12,260,0,0,0,0,0,0,0,normal,0,111,112
9/22/2025 18:00,111,0,Monday,9,0,0,random_or_none,2,cold,0.119,260,0,0,0,0,0,0,0,normal,0,105,109
9/22/2025 19:00,105,0,Monday,9,0,0,random_or_none,3,hot,0.257,260,0,0,0,0,0,0,0,normal,0,103,98
9/22/2025 20:00,103,0,Monday,9,0,0,random_or_none,0,sunny,0.04,260,0,0,0,0,0,0,0,normal,0,88,96
9/22/2025 21:00,88,0,Monday,9,0,0,random_or_none,0,sunny,0.026,260,0,0,0,0,0,0,0,normal,0,81,92
9/22/2025 22:00,81,0,Monday,9,0,0,random_or_none,0,sunny,0.056,260,0,0,0,0,0,0,0,normal,0,70,87
9/22/2025 23:00,70,0,Monday,9,0,0,random_or_none,0,sunny,0.283,260,0,0,0,0,0,0,0,normal,0,71,77
9/23/2025 0:00,71,1,Tuesday,9,0,0,random_or_none,3,hot,0.685,260,0,0,0,0,0,0,0,normal,0,69,64
9/23/2025 1:00,69,1,Tuesday,9,0,0,random_or_none,4,dusty,0.593,260,0,0,0,0,0,0,0,normal,0,69,64
9/23/2025 2:00,69,1,Tuesday,9,0,0,random_or_none,3,hot,0.718,260,0,0,0,0,0,0,0,normal,0,60,63
9/23/2025 3:00,60,1,Tuesday,9,0,0,random_or_none,0,sunny,0.104,260,0,0,0,0,0,0,0,normal,0,59,66
9/23/2025 4:00,59,1,Tuesday,9,0,0,random_or_none,4,dusty,0.401,260,0,0,0,0,0,0,0,normal,0,103,61
9/23/2025 5:00,103,1,Tuesday,9,0,0,random_or_none,5,windy,0.497,260,0,1,97.61,0,0,0,0,emergency_spike,5,90,56
9/23/2025 6:00,90,1,Tuesday,9,0,0,random_or_none,3,hot,0.39,260,0,0,0,0,0,0,0,normal,0,81,62
9/23/2025 7:00,81,1,Tuesday,9,0,0,random_or_none,5,windy,0.279,260,0,0,0,0,0,0,0,normal,0,90,73
9/23/2025 8:00,90,1,Tuesday,9,0,0,random_or_none,4,dusty,0.846,260,0,0,0,0,0,0,0,extreme_weather,2,93,78
9/23/2025 9:00,93,1,Tuesday,9,0,0,random_or_none,3,hot,0.949,260,0,0,0,0,0,0,0,extreme_weather,2,89,88
9/23/2025 10:00,89,1,Tuesday,9,0,0,random_or_none,0,sunny,0.292,260,0,0,0,0,0,0,0,normal,0,134,95
9/23/2025 11:00,134,1,Tuesday,9,0,0,random_or_none,4,dusty,0.399,260,0,1,89.21,0,0,0,0,emergency_spike,5,119,94
9/23/2025 12:00,119,1,Tuesday,9,0,0,random_or_none,3,hot,0.433,260,0,0,0,0,0,0,0,normal,0,109,94
9/23/2025 13:00,109,1,Tuesday,9,0,0,random_or_none,0,sunny,0.324,260,0,0,0,0,0,0,0,normal,0,104,96
9/23/2025 14:00,104,1,Tuesday,9,0,0,random_or_none,1,rainy,0.221,260,0,0,0,0,0,0,0,normal,0,97,100
9/23/2025 15:00,97,1,Tuesday,9,0,0,random_or_none,0,sunny,0.142,260,0,0,0,0,0,0,0,normal,0,105,101
9/23/2025 16:00,105,1,Tuesday,9,0,0,random_or_none,5,windy,0.215,260,0,0,0,0,0,0,0,normal,0,112,100
9/23/2025 17:00,112,1,Tuesday,9,0,0,random_or_none,4,dusty,0.832,260,0,0,0,0,0,0,0,extreme_weather,2,109,98
9/23/2025 18:00,109,1,Tuesday,9,0,0,random_or_none,4,dusty,0.635,260,0,0,0,0,0,0,0,normal,0,98,106
9/23/2025 19:00,98,1,Tuesday,9,0,0,random_or_none,0,sunny,0.162,260,0,0,0,0,0,0,0,normal,0,96,100
9/23/2025 20:00,96,1,Tuesday,9,0,0,random_or_none,0,sunny,0.173,260,0,0,0,0,0,0,0,normal,0,92,127
9/23/2025 21:00,92,1,Tuesday,9,0,0,random_or_none,0,sunny,0.271,260,0,0,0,0,0,0,0,normal,0,87,103
9/23/2025 22:00,87,1,Tuesday,9,0,0,random_or_none,5,windy,0.681,260,0,0,0,0,0,0,0,normal,0,77,87
9/23/2025 23:00,77,1,Tuesday,9,0,0,random_or_none,0,sunny,0.301,260,0,0,0,0,0,0,0,normal,0,64,79
9/24/2025 0:00,64,2,Wednesday,9,0,0,random_or_none,0,sunny,0.184,260,0,0,0,0,0,0,0,normal,0,64,74
9/24/2025 1:00,64,2,Wednesday,9,0,0,random_or_none,4,dusty,0.785,260,0,0,0,0,0,0,0,extreme_weather,2,63,70
9/24/2025 2:00,63,2,Wednesday,9,0,0,random_or_none,0,sunny,0.066,260,0,0,0,0,0,0,0,normal,0,66,57
9/24/2025 3:00,66,2,Wednesday,9,0,0,random_or_none,3,hot,0.561,260,0,0,0,0,0,0,0,normal,0,61,53
9/24/2025 4:00,61,2,Wednesday,9,0,0,random_or_none,0,sunny,0.112,260,0,0,0,0,0,0,0,normal,0,56,58
9/24/2025 5:00,56,2,Wednesday,9,0,0,random_or_none,0,sunny,0.336,260,0,0,0,0,0,0,0,normal,0,62,54
9/24/2025 6:00,62,2,Wednesday,9,0,0,random_or_none,0,sunny,0.302,260,0,0,0,0,0,0,0,normal,0,73,57
9/24/2025 7:00,73,2,Wednesday,9,0,0,random_or_none,1,rainy,0.854,260,0,0,0,0,0,0,0,extreme_weather,2,78,64
9/24/2025 8:00,78,2,Wednesday,9,0,0,random_or_none,1,rainy,0.218,260,0,0,0,0,0,0,0,normal,0,88,72
9/24/2025 9:00,88,2,Wednesday,9,0,0,random_or_none,3,hot,0.645,260,0,0,0,0,0,0,0,normal,0,95,84
9/24/2025 10:00,95,2,Wednesday,9,0,0,random_or_none,4,dusty,0.615,260,0,0,0,0,0,0,0,normal,0,94,85
9/24/2025 11:00,94,2,Wednesday,9,0,0,random_or_none,0,sunny,0.056,260,0,0,0,0,0,0,0,normal,0,94,87
9/24/2025 12:00,94,2,Wednesday,9,0,0,random_or_none,2,cold,0.304,260,0,0,0,0,0,0,0,normal,0,96,93
9/24/2025 13:00,96,2,Wednesday,9,0,0,random_or_none,1,rainy,0.211,260,0,0,0,0,0,0,0,normal,0,100,95
9/24/2025 14:00,100,2,Wednesday,9,0,0,random_or_none,3,hot,0.463,260,0,0,0,0,0,0,0,normal,0,101,98
9/24/2025 15:00,101,2,Wednesday,9,0,0,random_or_none,4,dusty,0.471,260,0,0,0,0,0,0,0,normal,0,100,104
9/24/2025 16:00,100,2,Wednesday,9,0,0,random_or_none,0,sunny,0.026,260,0,0,0,0,0,0,0,normal,0,98,107
9/24/2025 17:00,98,2,Wednesday,9,0,0,random_or_none,0,sunny,0.069,260,0,0,0,0,0,0,0,normal,0,106,104
9/24/2025 18:00,106,2,Wednesday,9,0,0,random_or_none,3,hot,0.732,260,0,0,0,0,0,0,0,normal,0,100,97
9/24/2025 19:00,100,2,Wednesday,9,0,0,random_or_none,2,cold,0.141,260,0,0,0,0,0,0,0,normal,0,127,100
9/24/2025 20:00,127,2,Wednesday,9,0,0,random_or_none,4,dusty,0.707,260,0,1,57.14,0,0,0,0,emergency_spike,5,103,90
9/24/2025 21:00,103,2,Wednesday,9,0,0,random_or_none,5,windy,0.304,260,0,0,0,0,0,0,0,normal,0,87,119
9/24/2025 22:00,87,2,Wednesday,9,0,0,random_or_none,5,windy,0.167,260,0,0,0,0,0,0,0,normal,0,79,98
9/24/2025 23:00,79,2,Wednesday,9,0,0,random_or_none,3,hot,0.82,260,0,0,0,0,0,0,0,extreme_weather,2,74,84
9/25/2025 0:00,74,3,Thursday,9,0,0,random_or_none,4,dusty,0.542,260,0,0,0,0,0,0,0,normal,0,70,76
9/25/2025 1:00,70,3,Thursday,9,0,0,random_or_none,0,sunny,0.173,260,0,0,0,0,0,0,0,normal,0,57,68
9/25/2025 2:00,57,3,Thursday,9,0,0,random_or_none,0,sunny,0.287,260,0,0,0,0,0,0,0,normal,0,53,66
9/25/2025 3:00,53,3,Thursday,9,0,0,random_or_none,0,sunny,0.23,260,0,0,0,0,0,0,0,normal,0,58,64
9/25/2025 4:00,58,3,Thursday,9,0,0,random_or_none,0,sunny,0.064,260,0,0,0,0,0,0,0,normal,0,54,68
9/25/2025 5:00,54,3,Thursday,9,0,0,random_or_none,0,sunny,0.311,260,0,0,0,0,0,0,0,normal,0,57,64
9/25/2025 6:00,57,3,Thursday,9,0,0,random_or_none,0,sunny,0.309,260,0,0,0,0,0,0,0,normal,0,64,73
9/25/2025 7:00,64,3,Thursday,9,0,0,random_or_none,5,windy,0.278,260,0,0,0,0,0,0,0,normal,0,72,73
9/25/2025 8:00,72,3,Thursday,9,0,0,random_or_none,3,hot,0.154,260,0,0,0,0,0,0,0,normal,0,84,76
9/25/2025 9:00,84,3,Thursday,9,0,0,random_or_none,5,windy,0.835,260,0,0,0,0,0,0,0,extreme_weather,2,85,81
9/25/2025 10:00,85,3,Thursday,9,0,0,random_or_none,0,sunny,0.131,260,0,0,0,0,0,0,0,normal,0,87,92
9/25/2025 11:00,87,3,Thursday,9,0,0,random_or_none,2,cold,0.184,260,0,0,0,0,0,0,0,normal,0,93,96
9/25/2025 12:00,93,3,Thursday,9,0,0,random_or_none,0,sunny,0.202,260,0,0,0,0,0,0,0,normal,0,95,99
9/25/2025 13:00,95,3,Thursday,9,0,0,random_or_none,0,sunny,0.302,260,0,0,0,0,0,0,0,normal,0,98,104
9/25/2025 14:00,98,3,Thursday,9,0,0,random_or_none,0,sunny,0.173,260,0,0,0,0,0,0,0,normal,0,104,109
9/25/2025 15:00,104,3,Thursday,9,0,0,random_or_none,0,sunny,0.307,260,0,0,0,0,0,0,0,normal,0,107,100
9/25/2025 16:00,107,3,Thursday,9,0,0,random_or_none,0,sunny,0.333,260,0,0,0,0,0,0,0,normal,0,104,104
9/25/2025 17:00,104,3,Thursday,9,0,0,random_or_none,0,sunny,0.154,260,0,0,0,0,0,0,0,normal,0,97,113
9/25/2025 18:00,97,3,Thursday,9,0,0,random_or_none,0,sunny,0.315,260,0,0,0,0,0,0,0,normal,0,100,110
9/25/2025 19:00,100,3,Thursday,9,0,0,random_or_none,4,dusty,0.358,260,0,0,0,0,0,0,0,normal,0,90,106
9/25/2025 20:00,90,3,Thursday,9,0,0,random_or_none,0,sunny,0.14,260,0,0,0,0,0,0,0,normal,0,119,101
9/25/2025 21:00,119,3,Thursday,9,0,0,random_or_none,3,hot,0.535,260,0,1,57.24,0,0,0,0,emergency_spike,5,98,90
9/25/2025 22:00,98,3,Thursday,9,0,0,random_or_none,3,hot,0.154,260,0,0,0,0,0,0,0,normal,0,84,86
9/25/2025 23:00,84,3,Thursday,9,0,0,random_or_none,4,dusty,0.554,260,0,0,0,0,0,0,0,normal,0,76,75
9/26/2025 0:00,76,4,Friday,9,0,0,random_or_none,0,sunny,0.075,260,0,0,0,0,0,0,0,normal,0,68,63
9/26/2025 1:00,68,4,Friday,9,0,0,random_or_none,0,sunny,0.036,260,0,0,0,0,0,0,0,normal,0,66,55
9/26/2025 2:00,66,4,Friday,9,0,0,random_or_none,0,sunny,0.069,260,0,0,0,0,0,0,0,normal,0,64,46
9/26/2025 3:00,64,4,Friday,9,0,0,random_or_none,0,sunny,0.262,260,0,0,0,0,0,0,0,normal,0,68,47
9/26/2025 4:00,68,4,Friday,9,0,0,random_or_none,0,sunny,0.248,260,0,0,0,0,0,0,0,normal,0,64,51
9/26/2025 5:00,64,4,Friday,9,0,0,random_or_none,0,sunny,0.139,260,0,0,0,0,0,0,0,normal,0,73,47
9/26/2025 6:00,73,4,Friday,9,0,0,random_or_none,0,sunny,0.264,260,0,0,0,0,0,0,0,normal,0,73,56
9/26/2025 7:00,73,4,Friday,9,0,0,random_or_none,2,cold,0.475,260,0,0,0,0,0,0,0,normal,0,76,59
9/26/2025 8:00,76,4,Friday,9,0,0,random_or_none,0,sunny,0.01,260,0,0,0,0,0,0,0,normal,0,81,59
9/26/2025 9:00,81,4,Friday,9,0,0,random_or_none,4,dusty,0.511,260,0,0,0,0,0,0,0,normal,0,92,71
9/26/2025 10:00,92,4,Friday,9,0,0,random_or_none,4,dusty,0.845,260,0,0,0,0,0,0,0,extreme_weather,2,96,77
9/26/2025 11:00,96,4,Friday,9,0,0,random_or_none,3,hot,0.481,260,0,0,0,0,0,0,0,normal,0,99,77
9/26/2025 12:00,99,4,Friday,9,0,0,random_or_none,0,sunny,0.271,260,0,0,0,0,0,0,0,normal,0,104,82
9/26/2025 13:00,104,4,Friday,9,0,0,random_or_none,3,hot,0.876,260,0,0,0,0,0,0,0,extreme_weather,2,109,90
9/26/2025 14:00,109,4,Friday,9,0,0,random_or_none,4,dusty,0.848,260,0,0,0,0,0,0,0,extreme_weather,2,100,93
9/26/2025 15:00,100,4,Friday,9,0,0,random_or_none,0,sunny,0.186,260,0,0,0,0,0,0,0,normal,0,104,94
9/26/2025 16:00,104,4,Friday,9,0,0,random_or_none,3,hot,0.85,260,0,0,0,0,0,0,0,extreme_weather,2,113,101
9/26/2025 17:00,113,4,Friday,9,0,0,random_or_none,3,hot,0.934,260,0,0,0,0,0,0,0,extreme_weather,2,110,97
9/26/2025 18:00,110,4,Friday,9,0,0,random_or_none,0,sunny,0.273,260,0,0,0,0,0,0,0,normal,0,106,93
9/26/2025 19:00,106,4,Friday,9,0,0,random_or_none,5,windy,0.175,260,0,0,0,0,0,0,0,normal,0,101,91
9/26/2025 20:00,101,4,Friday,9,0,0,random_or_none,0,sunny,0.281,260,0,0,0,0,0,0,0,normal,0,90,88
9/26/2025 21:00,90,4,Friday,9,0,0,random_or_none,1,rainy,0.342,260,0,0,0,0,0,0,0,normal,0,86,76
9/26/2025 22:00,86,4,Friday,9,0,0,random_or_none,3,hot,0.6,260,0,0,0,0,0,0,0,normal,0,75,97
9/26/2025 23:00,75,4,Friday,9,0,0,random_or_none,3,hot,0.162,260,0,0,0,0,0,0,0,normal,0,63,79
9/27/2025 0:00,63,5,Saturday,9,1,0,random_or_none,5,windy,0.846,260,0,0,0,0,0,0,0,extreme_weather,2,55,68
9/27/2025 1:00,55,5,Saturday,9,1,0,random_or_none,4,dusty,0.506,260,0,0,0,0,0,0,0,normal,0,46,51
9/27/2025 2:00,46,5,Saturday,9,1,0,random_or_none,0,sunny,0.215,260,0,0,0,0,0,0,0,normal,0,47,47
9/27/2025 3:00,47,5,Saturday,9,1,0,random_or_none,5,windy,0.886,260,0,0,0,0,0,0,0,extreme_weather,2,51,48
9/27/2025 4:00,51,5,Saturday,9,1,0,random_or_none,3,hot,0.706,260,0,0,0,0,0,0,0,normal,0,47,53
9/27/2025 5:00,47,5,Saturday,9,1,0,random_or_none,0,sunny,0.175,260,0,0,0,0,0,0,0,normal,0,56,52
9/27/2025 6:00,56,5,Saturday,9,1,0,random_or_none,0,sunny,0.338,260,0,0,0,0,0,0,0,normal,0,59,58
9/27/2025 7:00,59,5,Saturday,9,1,0,random_or_none,5,windy,0.636,260,0,0,0,0,0,0,0,normal,0,59,67
9/27/2025 8:00,59,5,Saturday,9,1,0,random_or_none,0,sunny,0.161,260,0,0,0,0,0,0,0,normal,0,71,73
9/27/2025 9:00,71,5,Saturday,9,1,0,random_or_none,3,hot,0.337,260,0,0,0,0,0,0,0,normal,0,77,72
9/27/2025 10:00,77,5,Saturday,9,1,0,random_or_none,5,windy,0.684,260,0,0,0,0,0,0,0,normal,0,77,73
9/27/2025 11:00,77,5,Saturday,9,1,0,random_or_none,5,windy,0.536,260,0,0,0,0,0,0,0,normal,0,82,71
9/27/2025 12:00,82,5,Saturday,9,1,0,random_or_none,0,sunny,0.334,260,0,0,0,0,0,0,0,normal,0,90,75
9/27/2025 13:00,90,5,Saturday,9,1,0,random_or_none,3,hot,0.923,260,0,0,0,0,0,0,0,extreme_weather,2,93,77
9/27/2025 14:00,93,5,Saturday,9,1,0,random_or_none,4,dusty,0.813,260,0,0,0,0,0,0,0,extreme_weather,2,94,80
9/27/2025 15:00,94,5,Saturday,9,1,0,random_or_none,4,dusty,0.321,260,0,0,0,0,0,0,0,normal,0,101,78
9/27/2025 16:00,101,5,Saturday,9,1,0,random_or_none,1,rainy,0.603,260,0,0,0,0,0,0,0,normal,0,97,84
9/27/2025 17:00,97,5,Saturday,9,1,0,random_or_none,0,sunny,0.219,260,0,0,0,0,0,0,0,normal,0,93,89
9/27/2025 18:00,93,5,Saturday,9,1,0,random_or_none,5,windy,0.75,260,0,0,0,0,0,0,0,extreme_weather,2,91,78
9/27/2025 19:00,91,5,Saturday,9,1,0,random_or_none,2,cold,0.71,260,0,0,0,0,0,0,0,normal,0,88,76
9/27/2025 20:00,88,5,Saturday,9,1,0,random_or_none,3,hot,0.537,260,0,0,0,0,0,0,0,normal,0,76,76
9/27/2025 21:00,76,5,Saturday,9,1,0,random_or_none,5,windy,0.644,260,0,0,0,0,0,0,0,normal,0,97,69
9/27/2025 22:00,97,5,Saturday,9,1,0,random_or_none,3,hot,0.678,260,0,1,51.01,0,0,0,0,emergency_spike,5,79,66
9/27/2025 23:00,79,5,Saturday,9,1,0,random_or_none,3,hot,0.91,260,0,0,0,0,0,0,0,extreme_weather,2,68,60
9/28/2025 0:00,68,6,Sunday,9,1,0,random_or_none,5,windy,0.406,260,0,0,0,0,0,0,0,normal,0,51,68
9/28/2025 1:00,51,6,Sunday,9,1,0,random_or_none,0,sunny,0.184,260,0,0,0,0,0,0,0,normal,0,47,61
9/28/2025 2:00,47,6,Sunday,9,1,0,random_or_none,3,hot,0.18,260,0,0,0,0,0,0,0,normal,0,48,60
9/28/2025 3:00,48,6,Sunday,9,1,0,random_or_none,1,rainy,0.899,260,0,0,0,0,0,0,0,extreme_weather,2,53,65
9/28/2025 4:00,53,6,Sunday,9,1,0,random_or_none,3,hot,0.243,260,0,0,0,0,0,0,0,normal,0,52,66
9/28/2025 5:00,52,6,Sunday,9,1,0,random_or_none,0,sunny,0.134,260,0,0,0,0,0,0,0,normal,0,58,62
9/28/2025 6:00,58,6,Sunday,9,1,0,random_or_none,1,rainy,0.949,260,0,0,0,0,0,0,0,extreme_weather,2,67,72
9/28/2025 7:00,67,6,Sunday,9,1,0,random_or_none,3,hot,0.79,260,0,0,0,0,0,0,0,extreme_weather,2,73,68
9/28/2025 8:00,73,6,Sunday,9,1,0,random_or_none,4,dusty,0.978,260,0,0,0,0,0,0,0,extreme_weather,2,72,72
9/28/2025 9:00,72,6,Sunday,9,1,0,random_or_none,1,rainy,0.836,260,0,0,0,0,0,0,0,extreme_weather,2,73,87
9/28/2025 10:00,73,6,Sunday,9,1,0,random_or_none,2,cold,0.239,260,0,0,0,0,0,0,0,normal,0,71,100
9/28/2025 11:00,71,6,Sunday,9,1,0,random_or_none,0,sunny,0.236,260,0,0,0,0,0,0,0,normal,0,75,98
9/28/2025 12:00,75,6,Sunday,9,1,0,random_or_none,3,hot,0.154,260,0,0,0,0,0,0,0,normal,0,77,95
9/28/2025 13:00,77,6,Sunday,9,1,0,random_or_none,0,sunny,0.085,260,0,0,0,0,0,0,0,normal,0,80,92
9/28/2025 14:00,80,6,Sunday,9,1,0,random_or_none,0,sunny,0.03,260,0,0,0,0,0,0,0,normal,0,78,105
9/28/2025 15:00,78,6,Sunday,9,1,0,random_or_none,3,hot,0.281,260,0,0,0,0,0,0,0,normal,0,84,103
9/28/2025 16:00,84,6,Sunday,9,1,0,random_or_none,3,hot,0.927,260,0,0,0,0,0,0,0,extreme_weather,2,89,110
9/28/2025 17:00,89,6,Sunday,9,1,0,random_or_none,4,dusty,0.426,260,0,0,0,0,0,0,0,normal,0,78,102
9/28/2025 18:00,78,6,Sunday,9,1,0,random_or_none,5,windy,0.562,260,0,0,0,0,0,0,0,normal,0,76,101
9/28/2025 19:00,76,6,Sunday,9,1,0,random_or_none,3,hot,0.478,260,0,0,0,0,0,0,0,normal,0,76,104
9/28/2025 20:00,76,6,Sunday,9,1,0,random_or_none,5,windy,0.547,260,0,0,0,0,0,0,0,normal,0,69,100
9/28/2025 21:00,69,6,Sunday,9,1,0,random_or_none,0,sunny,0.239,260,0,0,0,0,0,0,0,normal,0,66,96
9/28/2025 22:00,66,6,Sunday,9,1,0,random_or_none,0,sunny,0.265,260,0,0,0,0,0,0,0,normal,0,60,95
9/28/2025 23:00,60,6,Sunday,9,1,0,random_or_none,5,windy,0.516,260,0,0,0,0,0,0,0,normal,0,68,85
9/29/2025 0:00,68,0,Monday,9,0,0,random_or_none,3,hot,0.56,260,0,0,0,0,0,0,0,normal,0,61,82
9/29/2025 1:00,61,0,Monday,9,0,0,random_or_none,0,sunny,0.283,260,0,0,0,0,0,0,0,normal,0,60,74
9/29/2025 2:00,60,0,Monday,9,0,0,random_or_none,0,sunny,0.175,260,0,0,0,0,0,0,0,normal,0,65,66
9/29/2025 3:00,65,0,Monday,9,0,0,random_or_none,1,rainy,0.862,260,0,0,0,0,0,0,0,extreme_weather,2,66,65
9/29/2025 4:00,66,0,Monday,9,0,0,random_or_none,3,hot,0.625,260,0,0,0,0,0,0,0,normal,0,62,67
9/29/2025 5:00,62,0,Monday,9,0,0,random_or_none,0,sunny,0.154,260,0,0,0,0,0,0,0,normal,0,72,69
9/29/2025 6:00,72,0,Monday,9,0,0,random_or_none,4,dusty,0.764,260,0,0,0,0,0,0,0,extreme_weather,2,68,69
9/29/2025 7:00,68,0,Monday,9,0,0,random_or_none,0,sunny,0.119,260,0,0,0,0,0,0,0,normal,0,72,74
9/29/2025 8:00,72,0,Monday,9,0,0,random_or_none,0,sunny,0.165,260,0,0,0,0,0,0,0,normal,0,87,78
9/29/2025 9:00,87,0,Monday,9,0,0,random_or_none,3,hot,0.552,260,0,0,0,0,0,0,0,normal,0,100,85
9/29/2025 10:00,100,0,Monday,9,0,0,random_or_none,3,hot,0.549,260,0,0,0,0,0,0,0,normal,0,98,95
9/29/2025 11:00,98,0,Monday,9,0,0,random_or_none,0,sunny,0.108,260,0,0,0,0,0,0,0,normal,0,95,94
9/29/2025 12:00,95,0,Monday,9,0,0,random_or_none,4,dusty,0.361,260,0,0,0,0,0,0,0,normal,0,92,97
9/29/2025 13:00,92,0,Monday,9,0,0,random_or_none,0,sunny,0.044,260,0,0,0,0,0,0,0,normal,0,105,94
9/29/2025 14:00,105,0,Monday,9,0,0,random_or_none,3,hot,0.873,260,0,0,0,0,0,0,0,extreme_weather,2,103,97
9/29/2025 15:00,103,0,Monday,9,0,0,random_or_none,0,sunny,0.085,260,0,0,0,0,0,0,0,normal,0,110,102
9/29/2025 16:00,110,0,Monday,9,0,0,random_or_none,4,dusty,0.424,260,0,0,0,0,0,0,0,normal,0,102,102
9/29/2025 17:00,102,0,Monday,9,0,0,random_or_none,0,sunny,0.133,260,0,0,0,0,0,0,0,normal,0,101,124
9/29/2025 18:00,101,0,Monday,9,0,0,random_or_none,0,sunny,0.12,260,0,0,0,0,0,0,0,normal,0,104,120
9/29/2025 19:00,104,0,Monday,9,0,0,random_or_none,3,hot,0.248,260,0,0,0,0,0,0,0,normal,0,100,106
9/29/2025 20:00,100,0,Monday,9,0,0,random_or_none,3,hot,0.536,260,0,0,0,0,0,0,0,normal,0,96,93
9/29/2025 21:00,96,0,Monday,9,0,0,random_or_none,4,dusty,0.644,260,0,0,0,0,0,0,0,normal,0,95,87
9/29/2025 22:00,95,0,Monday,9,0,0,random_or_none,4,dusty,0.915,260,0,0,0,0,0,0,0,extreme_weather,2,85,81
9/29/2025 23:00,85,0,Monday,9,0,0,random_or_none,0,sunny,0.09,260,0,0,0,0,0,0,0,normal,0,82,71
9/30/2025 0:00,82,1,Tuesday,9,0,0,random_or_none,1,rainy,0.708,260,0,0,0,0,0,0,0,normal,0,74,65
9/30/2025 1:00,74,1,Tuesday,9,0,0,random_or_none,3,hot,0.866,260,0,0,0,0,0,0,0,extreme_weather,2,66,57
9/30/2025 2:00,66,1,Tuesday,9,0,0,random_or_none,5,windy,0.523,260,0,0,0,0,0,0,0,normal,0,65,55
9/30/2025 3:00,65,1,Tuesday,9,0,0,random_or_none,0,sunny,0.082,260,0,0,0,0,0,0,0,normal,0,67,62
9/30/2025 4:00,67,1,Tuesday,9,0,0,random_or_none,3,hot,0.763,260,0,0,0,0,0,0,0,extreme_weather,2,69,62
9/30/2025 5:00,69,1,Tuesday,9,0,0,random_or_none,4,dusty,0.582,260,0,0,0,0,0,0,0,normal,0,69,63
9/30/2025 6:00,69,1,Tuesday,9,0,0,random_or_none,5,windy,0.303,260,0,0,0,0,0,0,0,normal,0,74,70
9/30/2025 7:00,74,1,Tuesday,9,0,0,random_or_none,5,windy,0.297,260,0,0,0,0,0,0,0,normal,0,78,76
9/30/2025 8:00,78,1,Tuesday,9,0,0,random_or_none,3,hot,0.86,260,0,0,0,0,0,0,0,extreme_weather,2,85,77
9/30/2025 9:00,85,1,Tuesday,9,0,0,random_or_none,3,hot,0.925,260,0,0,0,0,0,0,0,extreme_weather,2,95,76
9/30/2025 10:00,95,1,Tuesday,9,0,0,random_or_none,3,hot,0.863,260,0,0,0,0,0,0,0,extreme_weather,2,94,82
9/30/2025 11:00,94,1,Tuesday,9,0,0,random_or_none,0,sunny,0.207,260,0,0,0,0,0,0,0,normal,0,97,90
9/30/2025 12:00,97,1,Tuesday,9,0,0,random_or_none,3,hot,0.447,260,0,0,0,0,0,0,0,normal,0,94,117
9/30/2025 13:00,94,1,Tuesday,9,0,0,random_or_none,0,sunny,0.231,260,0,0,0,0,0,0,0,normal,0,97,112
9/30/2025 14:00,97,1,Tuesday,9,0,0,random_or_none,5,windy,0.639,260,0,0,0,0,0,0,0,normal,0,102,106
9/30/2025 15:00,102,1,Tuesday,9,0,0,random_or_none,0,sunny,0.255,260,0,0,0,0,0,0,0,normal,0,102,102
9/30/2025 16:00,102,1,Tuesday,9,0,0,random_or_none,0,sunny,0.171,260,0,0,0,0,0,0,0,normal,0,124,108
9/30/2025 17:00,124,1,Tuesday,9,0,0,random_or_none,3,hot,0.498,260,0,1,50.86,0,0,0,0,emergency_spike,5,120,102
9/30/2025 18:00,120,1,Tuesday,9,0,0,random_or_none,0,sunny,0.288,260,0,0,0,0,0,0,0,normal,0,106,100
9/30/2025 19:00,106,1,Tuesday,9,0,0,random_or_none,0,sunny,0.185,260,0,0,0,0,0,0,0,normal,0,93,100
9/30/2025 20:00,93,1,Tuesday,9,0,0,random_or_none,0,sunny,0.337,260,0,0,0,0,0,0,0,normal,0,87,96
9/30/2025 21:00,87,1,Tuesday,9,0,0,random_or_none,3,hot,0.327,260,0,0,0,0,0,0,0,normal,0,81,88
9/30/2025 22:00,81,1,Tuesday,9,0,0,random_or_none,1,rainy,0.525,260,0,0,0,0,0,0,0,normal,0,71,76
9/30/2025 23:00,71,1,Tuesday,9,0,0,random_or_none,4,dusty,0.366,260,0,0,0,0,0,0,0,normal,0,65,70
10/1/2025 0:00,65,2,Wednesday,10,0,0,random_or_none,0,sunny,0.178,260,0,0,0,0,0,0,0,normal,0,57,65
10/1/2025 1:00,57,2,Wednesday,10,0,0,random_or_none,0,sunny,0.127,260,0,0,0,0,0,0,0,normal,0,55,70
10/1/2025 2:00,55,2,Wednesday,10,0,0,random_or_none,4,dusty,0.222,260,0,0,0,0,0,0,0,normal,0,62,64
10/1/2025 3:00,62,2,Wednesday,10,0,0,random_or_none,1,rainy,0.669,260,0,0,0,0,0,0,0,normal,0,62,56
10/1/2025 4:00,62,2,Wednesday,10,0,0,random_or_none,4,dusty,0.228,260,0,0,0,0,0,0,0,normal,0,63,53
10/1/2025 5:00,63,2,Wednesday,10,0,0,random_or_none,0,sunny,0.033,260,0,0,0,0,0,0,0,normal,0,70,57
10/1/2025 6:00,70,2,Wednesday,10,0,0,random_or_none,3,hot,0.693,260,0,0,0,0,0,0,0,normal,0,76,65
10/1/2025 7:00,76,2,Wednesday,10,0,0,random_or_none,4,dusty,0.267,260,0,0,0,0,0,0,0,normal,0,77,66
10/1/2025 8:00,77,2,Wednesday,10,0,0,random_or_none,0,sunny,0.117,260,0,0,0,0,0,0,0,normal,0,76,68
10/1/2025 9:00,76,2,Wednesday,10,0,0,random_or_none,0,sunny,0.114,260,0,0,0,0,0,0,0,normal,0,82,86
10/1/2025 10:00,82,2,Wednesday,10,0,0,random_or_none,0,sunny,0.318,260,0,0,0,0,0,0,0,normal,0,90,90
10/1/2025 11:00,90,2,Wednesday,10,0,0,random_or_none,0,sunny,0.209,260,0,0,0,0,0,0,0,normal,0,117,88
10/1/2025 12:00,117,2,Wednesday,10,0,0,random_or_none,0,sunny,0.209,260,0,1,63.8,0,0,0,0,emergency_spike,5,112,90
10/1/2025 13:00,112,2,Wednesday,10,0,0,random_or_none,0,sunny,0.127,260,0,0,0,0,0,0,0,normal,0,106,104
10/1/2025 14:00,106,2,Wednesday,10,0,0,random_or_none,3,hot,0.309,260,0,0,0,0,0,0,0,normal,0,102,96
10/1/2025 15:00,102,2,Wednesday,10,0,0,random_or_none,0,sunny,0.258,260,0,0,0,0,0,0,0,normal,0,108,102
10/1/2025 16:00,108,2,Wednesday,10,0,0,random_or_none,3,hot,0.739,260,0,0,0,0,0,0,0,normal,0,102,101
10/1/2025 17:00,102,2,Wednesday,10,0,0,random_or_none,0,sunny,0.239,260,0,0,0,0,0,0,0,normal,0,100,101
10/1/2025 18:00,100,2,Wednesday,10,0,0,random_or_none,0,sunny,0.137,260,0,0,0,0,0,0,0,normal,0,100,101
10/1/2025 19:00,100,2,Wednesday,10,0,0,random_or_none,0,sunny,0.331,260,0,0,0,0,0,0,0,normal,0,96,95
10/1/2025 20:00,96,2,Wednesday,10,0,0,random_or_none,1,rainy,0.512,260,0,0,0,0,0,0,0,normal,0,88,95
10/1/2025 21:00,88,2,Wednesday,10,0,0,random_or_none,3,hot,0.154,260,0,0,0,0,0,0,0,normal,0,76,92
10/1/2025 22:00,76,2,Wednesday,10,0,0,random_or_none,0,sunny,0.211,260,0,0,0,0,0,0,0,normal,0,70,84
10/1/2025 23:00,70,2,Wednesday,10,0,0,random_or_none,2,cold,0.117,260,0,0,0,0,0,0,0,normal,0,65,76
10/2/2025 0:00,65,3,Thursday,10,0,0,random_or_none,2,cold,0.659,260,0,0,0,0,0,0,0,normal,0,70,70
10/2/2025 1:00,70,3,Thursday,10,0,0,random_or_none,4,dusty,0.618,260,0,0,0,0,0,0,0,normal,0,64,61
10/2/2025 2:00,64,3,Thursday,10,0,0,random_or_none,4,dusty,0.698,260,0,0,0,0,0,0,0,normal,0,56,60
10/2/2025 3:00,56,3,Thursday,10,0,0,random_or_none,0,sunny,0.17,260,0,0,0,0,0,0,0,normal,0,53,60
10/2/2025 4:00,53,3,Thursday,10,0,0,random_or_none,0,sunny,0.286,260,0,0,0,0,0,0,0,normal,0,57,64
10/2/2025 5:00,57,3,Thursday,10,0,0,random_or_none,1,rainy,0.384,260,0,0,0,0,0,0,0,normal,0,65,68
10/2/2025 6:00,65,3,Thursday,10,0,0,random_or_none,4,dusty,0.696,260,0,0,0,0,0,0,0,normal,0,66,66
10/2/2025 7:00,66,3,Thursday,10,0,0,random_or_none,0,sunny,0.172,260,0,0,0,0,0,0,0,normal,0,68,78
10/2/2025 8:00,68,3,Thursday,10,0,0,random_or_none,0,sunny,0.152,260,0,0,0,0,0,0,0,normal,0,86,141
10/2/2025 9:00,86,3,Thursday,10,0,0,random_or_none,4,dusty,0.716,260,0,0,0,0,0,0,0,normal,0,90,120
10/2/2025 10:00,90,3,Thursday,10,0,0,random_or_none,3,hot,0.764,260,0,0,0,0,0,0,0,extreme_weather,2,88,107
10/2/2025 11:00,88,3,Thursday,10,0,0,random_or_none,1,rainy,0.41,260,0,0,0,0,0,0,0,normal,0,90,101
10/2/2025 12:00,90,3,Thursday,10,0,0,random_or_none,3,hot,0.677,260,0,0,0,0,0,0,0,normal,0,104,102
10/2/2025 13:00,104,3,Thursday,10,0,0,random_or_none,3,hot,0.504,260,0,0,0,0,0,0,0,normal,0,96,100
10/2/2025 14:00,96,3,Thursday,10,0,0,random_or_none,0,sunny,0.157,260,0,0,0,0,0,0,0,normal,0,102,104
10/2/2025 15:00,102,3,Thursday,10,0,0,random_or_none,3,hot,0.931,260,0,0,0,0,0,0,0,extreme_weather,2,101,97
10/2/2025 16:00,101,3,Thursday,10,0,0,random_or_none,5,windy,0.416,260,0,0,0,0,0,0,0,normal,0,101,103
10/2/2025 17:00,101,3,Thursday,10,0,0,random_or_none,0,sunny,0.014,260,0,0,0,0,0,0,0,normal,0,101,102
10/2/2025 18:00,101,3,Thursday,10,0,0,random_or_none,0,sunny,0.052,260,0,0,0,0,0,0,0,normal,0,95,108
10/2/2025 19:00,95,3,Thursday,10,0,0,random_or_none,5,windy,0.442,260,0,0,0,0,0,0,0,normal,0,95,101
10/2/2025 20:00,95,3,Thursday,10,0,0,random_or_none,3,hot,0.662,260,0,0,0,0,0,0,0,normal,0,92,93
10/2/2025 21:00,92,3,Thursday,10,0,0,random_or_none,0,sunny,0.088,260,0,0,0,0,0,0,0,normal,0,84,93
10/2/2025 22:00,84,3,Thursday,10,0,0,random_or_none,0,sunny,0.349,260,0,0,0,0,0,0,0,normal,0,76,85
10/2/2025 23:00,76,3,Thursday,10,0,0,random_or_none,0,sunny,0.082,260,0,0,0,0,0,0,0,normal,0,70,78
10/3/2025 0:00,70,4,Friday,10,0,0,random_or_none,0,sunny,0.191,260,0,0,0,0,0,0,0,normal,0,61,74
10/3/2025 1:00,61,4,Friday,10,0,0,random_or_none,0,sunny,0.15,260,0,0,0,0,0,0,0,normal,0,60,58
10/3/2025 2:00,60,4,Friday,10,0,0,random_or_none,3,hot,0.197,260,0,0,0,0,0,0,0,normal,0,60,57
10/3/2025 3:00,60,4,Friday,10,0,0,random_or_none,0,sunny,0.32,260,0,0,0,0,0,0,0,normal,0,64,50
10/3/2025 4:00,64,4,Friday,10,0,0,random_or_none,4,dusty,0.261,260,0,0,0,0,0,0,0,normal,0,68,41
10/3/2025 5:00,68,4,Friday,10,0,0,random_or_none,0,sunny,0.264,260,0,0,0,0,0,0,0,normal,0,66,44
10/3/2025 6:00,66,4,Friday,10,0,0,random_or_none,5,windy,0.454,260,0,0,0,0,0,0,0,normal,0,78,49
10/3/2025 7:00,78,4,Friday,10,0,0,random_or_none,4,dusty,0.733,260,0,0,0,0,0,0,0,normal,0,141,48
10/3/2025 8:00,141,4,Friday,10,0,0,random_or_none,3,hot,0.872,260,0,1,132.39,0,0,0,0,emergency_spike,5,120,57
10/3/2025 9:00,120,4,Friday,10,0,0,random_or_none,3,hot,0.322,260,0,0,0,0,0,0,0,normal,0,107,61
10/3/2025 10:00,107,4,Friday,10,0,0,random_or_none,5,windy,0.462,260,0,0,0,0,0,0,0,normal,0,101,66
10/3/2025 11:00,101,4,Friday,10,0,0,random_or_none,0,sunny,0.11,260,0,0,0,0,0,0,0,normal,0,102,71
10/3/2025 12:00,102,4,Friday,10,0,0,random_or_none,4,dusty,0.219,260,0,0,0,0,0,0,0,normal,0,100,75
10/3/2025 13:00,100,4,Friday,10,0,0,random_or_none,4,dusty,0.209,260,0,0,0,0,0,0,0,normal,0,104,82
10/3/2025 14:00,104,4,Friday,10,0,0,random_or_none,5,windy,0.201,260,0,0,0,0,0,0,0,normal,0,97,88
10/3/2025 15:00,97,4,Friday,10,0,0,random_or_none,0,sunny,0.19,260,0,0,0,0,0,0,0,normal,0,103,93
10/3/2025 16:00,103,4,Friday,10,0,0,random_or_none,3,hot,0.458,260,0,0,0,0,0,0,0,normal,0,102,93
10/3/2025 17:00,102,4,Friday,10,0,0,random_or_none,3,hot,0.767,260,0,0,0,0,0,0,0,extreme_weather,2,108,90
10/3/2025 18:00,108,4,Friday,10,0,0,random_or_none,1,rainy,0.65,260,0,0,0,0,0,0,0,normal,0,101,96
10/3/2025 19:00,101,4,Friday,10,0,0,random_or_none,0,sunny,0.033,260,0,0,0,0,0,0,0,normal,0,93,89
10/3/2025 20:00,93,4,Friday,10,0,0,random_or_none,5,windy,0.317,260,0,0,0,0,0,0,0,normal,0,93,76
10/3/2025 21:00,93,4,Friday,10,0,0,random_or_none,3,hot,0.786,260,0,0,0,0,0,0,0,extreme_weather,2,85,101
10/3/2025 22:00,85,4,Friday,10,0,0,random_or_none,3,hot,0.579,260,0,0,0,0,0,0,0,normal,0,78,81
10/3/2025 23:00,78,4,Friday,10,0,0,random_or_none,5,windy,0.68,260,0,0,0,0,0,0,0,normal,0,74,65
10/4/2025 0:00,74,5,Saturday,10,1,0,random_or_none,1,rainy,0.83,260,0,0,0,0,0,0,0,extreme_weather,2,58,54
10/4/2025 1:00,58,5,Saturday,10,1,0,random_or_none,2,cold,0.113,260,0,0,0,0,0,0,0,normal,0,57,46
10/4/2025 2:00,57,5,Saturday,10,1,0,random_or_none,4,dusty,0.65,260,0,0,0,0,0,0,0,normal,0,50,48
10/4/2025 3:00,50,5,Saturday,10,1,0,random_or_none,5,windy,0.206,260,0,0,0,0,0,0,0,normal,0,41,55
10/4/2025 4:00,41,5,Saturday,10,1,0,random_or_none,3,hot,0.281,260,0,0,0,0,0,0,0,normal,0,44,54
10/4/2025 5:00,44,5,Saturday,10,1,0,random_or_none,4,dusty,0.399,260,0,0,0,0,0,0,0,normal,0,49,56
10/4/2025 6:00,49,5,Saturday,10,1,0,random_or_none,1,rainy,0.811,260,0,0,0,0,0,0,0,extreme_weather,2,48,51
10/4/2025 7:00,48,5,Saturday,10,1,0,random_or_none,3,hot,0.441,260,0,0,0,0,0,0,0,normal,0,57,56
10/4/2025 8:00,57,5,Saturday,10,1,0,random_or_none,0,sunny,0.251,260,0,0,0,0,0,0,0,normal,0,61,56
10/4/2025 9:00,61,5,Saturday,10,1,0,random_or_none,0,sunny,0.321,260,0,0,0,0,0,0,0,normal,0,66,64
10/4/2025 10:00,66,5,Saturday,10,1,0,random_or_none,0,sunny,0.145,260,0,0,0,0,0,0,0,normal,0,71,63
10/4/2025 11:00,71,5,Saturday,10,1,0,random_or_none,0,sunny,0.021,260,0,0,0,0,0,0,0,normal,0,75,68
10/4/2025 12:00,75,5,Saturday,10,1,0,random_or_none,2,cold,0.378,260,0,0,0,0,0,0,0,normal,0,82,73
10/4/2025 13:00,82,5,Saturday,10,1,0,random_or_none,0,sunny,0.041,260,0,0,0,0,0,0,0,normal,0,88,72
10/4/2025 14:00,88,5,Saturday,10,1,0,random_or_none,5,windy,0.198,260,0,0,0,0,0,0,0,normal,0,93,78
10/4/2025 15:00,93,5,Saturday,10,1,0,random_or_none,5,windy,0.683,260,0,0,0,0,0,0,0,normal,0,93,87
10/4/2025 16:00,93,5,Saturday,10,1,0,random_or_none,5,windy,0.611,260,0,0,0,0,0,0,0,normal,0,90,91
10/4/2025 17:00,90,5,Saturday,10,1,0,random_or_none,0,sunny,0.204,260,0,0,0,0,0,0,0,normal,0,96,85
10/4/2025 18:00,96,5,Saturday,10,1,0,random_or_none,4,dusty,0.636,260,0,0,0,0,0,0,0,normal,0,89,93
10/4/2025 19:00,89,5,Saturday,10,1,0,random_or_none,0,sunny,0.277,260,0,0,0,0,0,0,0,normal,0,76,95
10/4/2025 20:00,76,5,Saturday,10,1,0,random_or_none,0,sunny,0.151,260,0,0,0,0,0,0,0,normal,0,101,87
10/4/2025 21:00,101,5,Saturday,10,1,0,random_or_none,5,windy,0.229,260,0,1,66.95,0,0,0,0,emergency_spike,5,81,78
10/4/2025 22:00,81,5,Saturday,10,1,0,random_or_none,0,sunny,0.038,260,0,0,0,0,0,0,0,normal,0,65,66
10/4/2025 23:00,65,5,Saturday,10,1,0,random_or_none,0,sunny,0.011,260,0,0,0,0,0,0,0,normal,0,54,54
10/5/2025 0:00,54,6,Sunday,10,1,0,random_or_none,0,sunny,0.264,260,0,0,0,0,0,0,0,normal,0,46,50
10/5/2025 1:00,46,6,Sunday,10,1,0,random_or_none,0,sunny,0.275,260,0,0,0,0,0,0,0,normal,0,48,55
10/5/2025 2:00,48,6,Sunday,10,1,0,random_or_none,1,rainy,0.862,260,0,0,0,0,0,0,0,extreme_weather,2,55,58
10/5/2025 3:00,55,6,Sunday,10,1,0,random_or_none,4,dusty,0.83,260,0,0,0,0,0,0,0,extreme_weather,2,54,56
10/5/2025 4:00,54,6,Sunday,10,1,0,random_or_none,4,dusty,0.719,260,0,0,0,0,0,0,0,normal,0,56,62
10/5/2025 5:00,56,6,Sunday,10,1,0,random_or_none,4,dusty,0.831,260,0,0,0,0,0,0,0,extreme_weather,2,51,67
10/5/2025 6:00,51,6,Sunday,10,1,0,random_or_none,3,hot,0.361,260,0,0,0,0,0,0,0,normal,0,56,71
10/5/2025 7:00,56,6,Sunday,10,1,0,random_or_none,0,sunny,0.238,260,0,0,0,0,0,0,0,normal,0,56,66
10/5/2025 8:00,56,6,Sunday,10,1,0,random_or_none,0,sunny,0.318,260,0,0,0,0,0,0,0,normal,0,64,76
10/5/2025 9:00,64,6,Sunday,10,1,0,random_or_none,1,rainy,0.36,260,0,0,0,0,0,0,0,normal,0,63,80
10/5/2025 10:00,63,6,Sunday,10,1,0,random_or_none,3,hot,0.326,260,0,0,0,0,0,0,0,normal,0,68,86
10/5/2025 11:00,68,6,Sunday,10,1,0,random_or_none,3,hot,0.182,260,0,0,0,0,0,0,0,normal,0,73,91
10/5/2025 12:00,73,6,Sunday,10,1,0,random_or_none,3,hot,0.369,260,0,0,0,0,0,0,0,normal,0,72,129
10/5/2025 13:00,72,6,Sunday,10,1,0,random_or_none,0,sunny,0.126,260,0,0,0,0,0,0,0,normal,0,78,117
10/5/2025 14:00,78,6,Sunday,10,1,0,random_or_none,2,cold,0.432,260,0,0,0,0,0,0,0,normal,0,87,119
10/5/2025 15:00,87,6,Sunday,10,1,0,random_or_none,4,dusty,0.6,260,0,0,0,0,0,0,0,normal,0,91,112
10/5/2025 16:00,91,6,Sunday,10,1,0,random_or_none,4,dusty,0.654,260,0,0,0,0,0,0,0,normal,0,85,111
10/5/2025 17:00,85,6,Sunday,10,1,0,random_or_none,0,sunny,0.328,260,0,0,0,0,0,0,0,normal,0,93,104
10/5/2025 18:00,93,6,Sunday,10,1,0,random_or_none,3,hot,0.57,260,0,0,0,0,0,0,0,normal,0,95,106
10/5/2025 19:00,95,6,Sunday,10,1,0,random_or_none,4,dusty,0.481,260,0,0,0,0,0,0,0,normal,0,87,111
10/5/2025 20:00,87,6,Sunday,10,1,0,random_or_none,3,hot,0.161,260,0,0,0,0,0,0,0,normal,0,78,107
10/5/2025 21:00,78,6,Sunday,10,1,0,random_or_none,3,hot,0.507,260,0,0,0,0,0,0,0,normal,0,66,100
10/5/2025 22:00,66,6,Sunday,10,1,0,random_or_none,0,sunny,0.137,260,0,0,0,0,0,0,0,normal,0,54,88
10/5/2025 23:00,54,6,Sunday,10,1,0,random_or_none,0,sunny,0.066,260,0,0,0,0,0,0,0,normal,0,50,87
10/6/2025 0:00,50,0,Monday,10,0,0,random_or_none,0,sunny,0.283,260,0,0,0,0,0,0,0,normal,0,55,82
10/6/2025 1:00,55,0,Monday,10,0,0,random_or_none,2,cold,0.606,260,0,0,0,0,0,0,0,normal,0,58,69
10/6/2025 2:00,58,0,Monday,10,0,0,random_or_none,0,sunny,0.139,260,0,0,0,0,0,0,0,normal,0,56,67
10/6/2025 3:00,56,0,Monday,10,0,0,random_or_none,5,windy,0.372,260,0,0,0,0,0,0,0,normal,0,62,60
10/6/2025 4:00,62,0,Monday,10,0,0,random_or_none,5,windy,0.766,260,0,0,0,0,0,0,0,extreme_weather,2,67,64
10/6/2025 5:00,67,0,Monday,10,0,0,random_or_none,1,rainy,0.408,260,0,0,0,0,0,0,0,normal,0,71,64
10/6/2025 6:00,71,0,Monday,10,0,0,random_or_none,1,rainy,0.422,260,0,0,0,0,0,0,0,normal,0,66,62
10/6/2025 7:00,66,0,Monday,10,0,0,random_or_none,0,sunny,0.112,260,0,0,0,0,0,0,0,normal,0,76,66
10/6/2025 8:00,76,0,Monday,10,0,0,random_or_none,5,windy,0.382,260,0,0,0,0,0,0,0,normal,0,80,79
10/6/2025 9:00,80,0,Monday,10,0,0,random_or_none,0,sunny,0.297,260,0,0,0,0,0,0,0,normal,0,86,81
10/6/2025 10:00,86,0,Monday,10,0,0,random_or_none,0,sunny,0.219,260,0,0,0,0,0,0,0,normal,0,91,81
10/6/2025 11:00,91,0,Monday,10,0,0,random_or_none,4,dusty,0.341,260,0,0,0,0,0,0,0,normal,0,129,92
10/6/2025 12:00,129,0,Monday,10,0,0,random_or_none,0,sunny,0.321,260,0,1,75.27,0,0,0,0,emergency_spike,5,117,87
10/6/2025 13:00,117,0,Monday,10,0,0,random_or_none,3,hot,0.344,260,0,0,0,0,0,0,0,normal,0,119,99
10/6/2025 14:00,119,0,Monday,10,0,0,random_or_none,4,dusty,0.293,260,0,0,0,0,0,0,0,normal,0,112,104
10/6/2025 15:00,112,0,Monday,10,0,0,random_or_none,3,hot,0.883,260,0,0,0,0,0,0,0,extreme_weather,2,111,102
10/6/2025 16:00,111,0,Monday,10,0,0,random_or_none,0,sunny,0.038,260,0,0,0,0,0,0,0,normal,0,104,102
10/6/2025 17:00,104,0,Monday,10,0,0,random_or_none,0,sunny,0.302,260,0,0,0,0,0,0,0,normal,0,106,111
10/6/2025 18:00,106,0,Monday,10,0,0,random_or_none,3,hot,0.782,260,0,0,0,0,0,0,0,extreme_weather,2,111,114
10/6/2025 19:00,111,0,Monday,10,0,0,random_or_none,5,windy,0.661,260,0,0,0,0,0,0,0,normal,0,107,109
10/6/2025 20:00,107,0,Monday,10,0,0,random_or_none,5,windy,0.511,260,0,0,0,0,0,0,0,normal,0,100,104
10/6/2025 21:00,100,0,Monday,10,0,0,random_or_none,0,sunny,0.052,260,0,0,0,0,0,0,0,normal,0,88,92
10/6/2025 22:00,88,0,Monday,10,0,0,random_or_none,0,sunny,0.186,260,0,0,0,0,0,0,0,normal,0,87,76
10/6/2025 23:00,87,0,Monday,10,0,0,random_or_none,3,hot,0.695,260,0,0,0,0,0,0,0,normal,0,82,66
10/7/2025 0:00,82,1,Tuesday,10,0,0,random_or_none,0,sunny,0.038,260,0,1,23.41,0,0,0,0,emergency_spike,5,69,62
10/7/2025 1:00,69,1,Tuesday,10,0,0,random_or_none,5,windy,0.272,260,0,0,0,0,0,0,0,normal,0,67,57
10/7/2025 2:00,67,1,Tuesday,10,0,0,random_or_none,2,cold,0.489,260,0,0,0,0,0,0,0,normal,0,60,61
10/7/2025 3:00,60,1,Tuesday,10,0,0,random_or_none,4,dusty,0.471,260,0,0,0,0,0,0,0,normal,0,64,69
10/7/2025 4:00,64,1,Tuesday,10,0,0,random_or_none,2,cold,0.682,260,0,0,0,0,0,0,0,normal,0,64,63
10/7/2025 5:00,64,1,Tuesday,10,0,0,random_or_none,4,dusty,0.425,260,0,0,0,0,0,0,0,normal,0,62,67
10/7/2025 6:00,62,1,Tuesday,10,0,0,random_or_none,3,hot,0.306,260,0,0,0,0,0,0,0,normal,0,66,68
10/7/2025 7:00,66,1,Tuesday,10,0,0,random_or_none,0,sunny,0.103,260,0,0,0,0,0,0,0,normal,0,79,67
10/7/2025 8:00,79,1,Tuesday,10,0,0,random_or_none,3,hot,0.312,260,0,0,0,0,0,0,0,normal,0,81,78
10/7/2025 9:00,81,1,Tuesday,10,0,0,random_or_none,4,dusty,0.768,260,0,0,0,0,0,0,0,extreme_weather,2,81,76
10/7/2025 10:00,81,1,Tuesday,10,0,0,random_or_none,0,sunny,0.345,260,0,0,0,0,0,0,0,normal,0,92,86
10/7/2025 11:00,92,1,Tuesday,10,0,0,random_or_none,3,hot,0.559,260,0,0,0,0,0,0,0,normal,0,87,89
10/7/2025 12:00,87,1,Tuesday,10,0,0,random_or_none,0,sunny,0.092,260,0,0,0,0,0,0,0,normal,0,99,95
10/7/2025 13:00,99,1,Tuesday,10,0,0,random_or_none,4,dusty,0.599,260,0,0,0,0,0,0,0,normal,0,104,100
10/7/2025 14:00,104,1,Tuesday,10,0,0,random_or_none,1,rainy,0.389,260,0,0,0,0,0,0,0,normal,0,102,97
10/7/2025 15:00,102,1,Tuesday,10,0,0,random_or_none,4,dusty,0.297,260,0,0,0,0,0,0,0,normal,0,102,96
10/7/2025 16:00,102,1,Tuesday,10,0,0,random_or_none,0,sunny,0.025,260,0,0,0,0,0,0,0,normal,0,111,101
10/7/2025 17:00,111,1,Tuesday,10,0,0,random_or_none,3,hot,0.633,260,0,0,0,0,0,0,0,normal,0,114,105
10/7/2025 18:00,114,1,Tuesday,10,0,0,random_or_none,4,dusty,0.732,260,0,0,0,0,0,0,0,normal,0,109,103
10/7/2025 19:00,109,1,Tuesday,10,0,0,random_or_none,3,hot,0.386,260,0,0,0,0,0,0,0,normal,0,104,97
10/7/2025 20:00,104,1,Tuesday,10,0,0,random_or_none,0,sunny,0.277,260,0,0,0,0,0,0,0,normal,0,92,92
10/7/2025 21:00,92,1,Tuesday,10,0,0,random_or_none,0,sunny,0.136,260,0,0,0,0,0,0,0,normal,0,76,86
10/7/2025 22:00,76,1,Tuesday,10,0,0,random_or_none,0,sunny,0.05,260,0,0,0,0,0,0,0,normal,0,66,82
10/7/2025 23:00,66,1,Tuesday,10,0,0,random_or_none,0,sunny,0.161,260,0,0,0,0,0,0,0,normal,0,62,79
10/8/2025 0:00,62,2,Wednesday,10,0,0,random_or_none,0,sunny,0.024,260,0,0,0,0,0,0,0,normal,0,57,67
10/8/2025 1:00,57,2,Wednesday,10,0,0,random_or_none,0,sunny,0.298,260,0,0,0,0,0,0,0,normal,0,61,63
10/8/2025 2:00,61,2,Wednesday,10,0,0,random_or_none,5,windy,0.815,260,0,0,0,0,0,0,0,extreme_weather,2,69,57
10/8/2025 3:00,69,2,Wednesday,10,0,0,random_or_none,0,sunny,0.215,260,0,1,27.14,0,0,0,0,emergency_spike,5,63,92
10/8/2025 4:00,63,2,Wednesday,10,0,0,random_or_none,0,sunny,0.072,260,0,0,0,0,0,0,0,normal,0,67,70
10/8/2025 5:00,67,2,Wednesday,10,0,0,random_or_none,3,hot,0.441,260,0,0,0,0,0,0,0,normal,0,68,62
10/8/2025 6:00,68,2,Wednesday,10,0,0,random_or_none,4,dusty,0.81,260,0,0,0,0,0,0,0,extreme_weather,2,67,62
10/8/2025 7:00,67,2,Wednesday,10,0,0,random_or_none,3,hot,0.224,260,0,0,0,0,0,0,0,normal,0,78,62
10/8/2025 8:00,78,2,Wednesday,10,0,0,random_or_none,3,hot,0.193,260,0,0,0,0,0,0,0,normal,0,76,72
10/8/2025 9:00,76,2,Wednesday,10,0,0,random_or_none,0,sunny,0.2,260,0,0,0,0,0,0,0,normal,0,86,77
10/8/2025 10:00,86,2,Wednesday,10,0,0,random_or_none,3,hot,0.324,260,0,0,0,0,0,0,0,normal,0,89,81
10/8/2025 11:00,89,2,Wednesday,10,0,0,random_or_none,3,hot,0.381,260,0,0,0,0,0,0,0,normal,0,95,86
10/8/2025 12:00,95,2,Wednesday,10,0,0,random_or_none,1,rainy,0.319,260,0,0,0,0,0,0,0,normal,0,100,97
10/8/2025 13:00,100,2,Wednesday,10,0,0,random_or_none,3,hot,0.361,260,0,0,0,0,0,0,0,normal,0,97,104
10/8/2025 14:00,97,2,Wednesday,10,0,0,random_or_none,5,windy,0.16,260,0,0,0,0,0,0,0,normal,0,96,106
10/8/2025 15:00,96,2,Wednesday,10,0,0,random_or_none,4,dusty,0.859,260,0,0,0,0,0,0,0,extreme_weather,2,101,99
10/8/2025 16:00,101,2,Wednesday,10,0,0,random_or_none,3,hot,0.788,260,0,0,0,0,0,0,0,extreme_weather,2,105,101
10/8/2025 17:00,105,2,Wednesday,10,0,0,random_or_none,5,windy,0.342,260,0,0,0,0,0,0,0,normal,0,103,99
10/8/2025 18:00,103,2,Wednesday,10,0,0,random_or_none,0,sunny,0.135,260,0,0,0,0,0,0,0,normal,0,97,93
10/8/2025 19:00,97,2,Wednesday,10,0,0,random_or_none,0,sunny,0.235,260,0,0,0,0,0,0,0,normal,0,92,95
10/8/2025 20:00,92,2,Wednesday,10,0,0,random_or_none,1,rainy,0.261,260,0,0,0,0,0,0,0,normal,0,86,79
10/8/2025 21:00,86,2,Wednesday,10,0,0,random_or_none,5,windy,0.286,260,0,0,0,0,0,0,0,normal,0,82,79
10/8/2025 22:00,82,2,Wednesday,10,0,0,random_or_none,3,hot,0.247,260,0,0,0,0,0,0,0,normal,0,79,73
10/8/2025 23:00,79,2,Wednesday,10,0,0,random_or_none,0,sunny,0.335,260,0,0,0,0,0,0,0,normal,0,67,67
10/9/2025 0:00,67,3,Thursday,10,0,0,random_or_none,3,hot,0.359,260,0,0,0,0,0,0,0,normal,0,63,59
10/9/2025 1:00,63,3,Thursday,10,0,0,random_or_none,0,sunny,0.072,260,0,0,0,0,0,0,0,normal,0,57,57
10/9/2025 2:00,57,3,Thursday,10,0,0,random_or_none,5,windy,0.691,260,0,0,0,0,0,0,0,normal,0,92,56
10/9/2025 3:00,92,3,Thursday,10,0,0,random_or_none,3,hot,0.68,260,0,1,77.92,0,0,0,0,emergency_spike,5,70,56
10/9/2025 4:00,70,3,Thursday,10,0,0,random_or_none,3,hot,0.468,260,0,0,0,0,0,0,0,normal,0,62,56
10/9/2025 5:00,62,3,Thursday,10,0,0,random_or_none,0,sunny,0.071,260,0,0,0,0,0,0,0,normal,0,62,62
10/9/2025 6:00,62,3,Thursday,10,0,0,random_or_none,0,sunny,0.349,260,0,0,0,0,0,0,0,normal,0,62,67
10/9/2025 7:00,62,3,Thursday,10,0,0,random_or_none,2,cold,0.169,260,0,0,0,0,0,0,0,normal,0,72,62
10/9/2025 8:00,72,3,Thursday,10,0,0,random_or_none,3,hot,0.935,260,0,0,0,0,0,0,0,extreme_weather,2,77,62
10/9/2025 9:00,77,3,Thursday,10,0,0,random_or_none,0,sunny,0.041,260,0,0,0,0,0,0,0,normal,0,81,66
10/9/2025 10:00,81,3,Thursday,10,0,0,random_or_none,4,dusty,0.551,260,0,0,0,0,0,0,0,normal,0,86,80
10/9/2025 11:00,86,3,Thursday,10,0,0,random_or_none,0,sunny,0.249,260,0,0,0,0,0,0,0,normal,0,97,88
10/9/2025 12:00,97,3,Thursday,10,0,0,random_or_none,4,dusty,0.389,260,0,0,0,0,0,0,0,normal,0,104,93
10/9/2025 13:00,104,3,Thursday,10,0,0,random_or_none,4,dusty,0.635,260,0,0,0,0,0,0,0,normal,0,106,94
10/9/2025 14:00,106,3,Thursday,10,0,0,random_or_none,4,dusty,0.815,260,0,0,0,0,0,0,0,extreme_weather,2,99,93
10/9/2025 15:00,99,3,Thursday,10,0,0,random_or_none,0,sunny,0.026,260,0,0,0,0,0,0,0,normal,0,101,95
10/9/2025 16:00,101,3,Thursday,10,0,0,random_or_none,3,hot,0.308,260,0,0,0,0,0,0,0,normal,0,99,97
10/9/2025 17:00,99,3,Thursday,10,0,0,random_or_none,5,windy,0.445,260,0,0,0,0,0,0,0,normal,0,93,101
10/9/2025 18:00,93,3,Thursday,10,0,0,random_or_none,0,sunny,0.14,260,0,0,0,0,0,0,0,normal,0,95,101
10/9/2025 19:00,95,3,Thursday,10,0,0,random_or_none,3,hot,0.439,260,0,0,0,0,0,0,0,normal,0,79,100
10/9/2025 20:00,79,3,Thursday,10,0,0,random_or_none,0,sunny,0.292,260,0,0,0,0,0,0,0,normal,0,79,100
10/9/2025 21:00,79,3,Thursday,10,0,0,random_or_none,0,sunny,0.121,260,0,0,0,0,0,0,0,normal,0,73,90
10/9/2025 22:00,73,3,Thursday,10,0,0,random_or_none,2,cold,0.118,260,0,0,0,0,0,0,0,normal,0,67,79
10/9/2025 23:00,67,3,Thursday,10,0,0,random_or_none,0,sunny,0.172,260,0,0,0,0,0,0,0,normal,0,59,72
10/10/2025 0:00,59,4,Friday,10,0,0,random_or_none,0,sunny,0.212,260,0,0,0,0,0,0,0,normal,0,57,56
10/10/2025 1:00,57,4,Friday,10,0,0,random_or_none,0,sunny,0.01,260,0,0,0,0,0,0,0,normal,0,56,57
10/10/2025 2:00,56,4,Friday,10,0,0,random_or_none,0,sunny,0.213,260,0,0,0,0,0,0,0,normal,0,56,50
10/10/2025 3:00,56,4,Friday,10,0,0,random_or_none,0,sunny,0.262,260,0,0,0,0,0,0,0,normal,0,56,45
10/10/2025 4:00,56,4,Friday,10,0,0,random_or_none,0,sunny,0.216,260,0,0,0,0,0,0,0,normal,0,62,40
10/10/2025 5:00,62,4,Friday,10,0,0,random_or_none,0,sunny,0.001,260,0,0,0,0,0,0,0,normal,0,67,44
10/10/2025 6:00,67,4,Friday,10,0,0,random_or_none,1,rainy,0.228,260,0,0,0,0,0,0,0,normal,0,62,51
10/10/2025 7:00,62,4,Friday,10,0,0,random_or_none,0,sunny,0.161,260,0,0,0,0,0,0,0,normal,0,62,52
10/10/2025 8:00,62,4,Friday,10,0,0,random_or_none,0,sunny,0.22,260,0,0,0,0,0,0,0,normal,0,66,59
10/10/2025 9:00,66,4,Friday,10,0,0,random_or_none,0,sunny,0.317,260,0,0,0,0,0,0,0,normal,0,80,63
10/10/2025 10:00,80,4,Friday,10,0,0,random_or_none,3,hot,0.171,260,0,0,0,0,0,0,0,normal,0,88,68
10/10/2025 11:00,88,4,Friday,10,0,0,random_or_none,3,hot,0.46,260,0,0,0,0,0,0,0,normal,0,93,68
10/10/2025 12:00,93,4,Friday,10,0,0,random_or_none,0,sunny,0.236,260,0,0,0,0,0,0,0,normal,0,94,71
10/10/2025 13:00,94,4,Friday,10,0,0,random_or_none,3,hot,0.496,260,0,0,0,0,0,0,0,normal,0,93,78
10/10/2025 14:00,93,4,Friday,10,0,0,random_or_none,0,sunny,0.127,260,0,0,0,0,0,0,0,normal,0,95,86
10/10/2025 15:00,95,4,Friday,10,0,0,random_or_none,0,sunny,0.093,260,0,0,0,0,0,0,0,normal,0,97,88
10/10/2025 16:00,97,4,Friday,10,0,0,random_or_none,2,cold,0.178,260,0,0,0,0,0,0,0,normal,0,101,95
10/10/2025 17:00,101,4,Friday,10,0,0,random_or_none,4,dusty,0.664,260,0,0,0,0,0,0,0,normal,0,101,90
10/10/2025 18:00,101,4,Friday,10,0,0,random_or_none,5,windy,0.5,260,0,0,0,0,0,0,0,normal,0,100,88
10/10/2025 19:00,100,4,Friday,10,0,0,random_or_none,3,hot,0.817,260,0,0,0,0,0,0,0,extreme_weather,2,100,85
10/10/2025 20:00,100,4,Friday,10,0,0,random_or_none,3,hot,0.65,260,0,0,0,0,0,0,0,normal,0,90,79
10/10/2025 21:00,90,4,Friday,10,0,0,random_or_none,5,windy,0.59,260,0,0,0,0,0,0,0,normal,0,79,72
10/10/2025 22:00,79,4,Friday,10,0,0,random_or_none,0,sunny,0.193,260,0,0,0,0,0,0,0,normal,0,72,68
10/10/2025 23:00,72,4,Friday,10,0,0,random_or_none,4,dusty,0.226,260,0,0,0,0,0,0,0,normal,0,56,67
10/11/2025 0:00,56,5,Saturday,10,1,0,random_or_none,0,sunny,0.212,260,0,0,0,0,0,0,0,normal,0,57,55
10/11/2025 1:00,57,5,Saturday,10,1,0,random_or_none,1,rainy,0.84,260,0,0,0,0,0,0,0,extreme_weather,2,50,50
10/11/2025 2:00,50,5,Saturday,10,1,0,random_or_none,5,windy,0.37,260,0,0,0,0,0,0,0,normal,0,45,47
10/11/2025 3:00,45,5,Saturday,10,1,0,random_or_none,5,windy,0.355,260,0,0,0,0,0,0,0,normal,0,40,44
10/11/2025 4:00,40,5,Saturday,10,1,0,random_or_none,0,sunny,0.134,260,0,0,0,0,0,0,0,normal,0,44,50
10/11/2025 5:00,44,5,Saturday,10,1,0,random_or_none,0,sunny,0.281,260,0,0,0,0,0,0,0,normal,0,51,43
10/11/2025 6:00,51,5,Saturday,10,1,0,random_or_none,3,hot,0.797,260,0,0,0,0,0,0,0,extreme_weather,2,52,48
10/11/2025 7:00,52,5,Saturday,10,1,0,random_or_none,3,hot,0.46,260,0,0,0,0,0,0,0,normal,0,59,56
10/11/2025 8:00,59,5,Saturday,10,1,0,random_or_none,5,windy,0.625,260,0,0,0,0,0,0,0,normal,0,63,88
10/11/2025 9:00,63,5,Saturday,10,1,0,random_or_none,5,windy,0.757,260,0,0,0,0,0,0,0,extreme_weather,2,68,83
10/11/2025 10:00,68,5,Saturday,10,1,0,random_or_none,5,windy,0.83,260,0,0,0,0,0,0,0,extreme_weather,2,68,74
10/11/2025 11:00,68,5,Saturday,10,1,0,random_or_none,0,sunny,0.008,260,0,0,0,0,0,0,0,normal,0,71,76
10/11/2025 12:00,71,5,Saturday,10,1,0,random_or_none,0,sunny,0.059,260,0,0,0,0,0,0,0,normal,0,78,102
10/11/2025 13:00,78,5,Saturday,10,1,0,random_or_none,5,windy,0.543,260,0,0,0,0,0,0,0,normal,0,86,99
10/11/2025 14:00,86,5,Saturday,10,1,0,random_or_none,5,windy,0.631,260,0,0,0,0,0,0,0,normal,0,88,92
10/11/2025 15:00,88,5,Saturday,10,1,0,random_or_none,4,dusty,0.462,260,0,0,0,0,0,0,0,normal,0,95,100
10/11/2025 16:00,95,5,Saturday,10,1,0,random_or_none,1,rainy,0.768,260,0,0,0,0,0,0,0,extreme_weather,2,90,92
10/11/2025 17:00,90,5,Saturday,10,1,0,random_or_none,0,sunny,0.255,260,0,0,0,0,0,0,0,normal,0,88,91
10/11/2025 18:00,88,5,Saturday,10,1,0,random_or_none,0,sunny,0.066,260,0,0,0,0,0,0,0,normal,0,85,92
10/11/2025 19:00,85,5,Saturday,10,1,0,random_or_none,0,sunny,0.342,260,0,0,0,0,0,0,0,normal,0,79,89
10/11/2025 20:00,79,5,Saturday,10,1,0,random_or_none,4,dusty,0.408,260,0,0,0,0,0,0,0,normal,0,72,82
10/11/2025 21:00,72,5,Saturday,10,1,0,random_or_none,0,sunny,0.281,260,0,0,0,0,0,0,0,normal,0,68,69
10/11/2025 22:00,68,5,Saturday,10,1,0,random_or_none,0,sunny,0.253,260,0,0,0,0,0,0,0,normal,0,67,67
10/11/2025 23:00,67,5,Saturday,10,1,0,random_or_none,0,sunny,0.01,260,0,0,0,0,0,0,0,normal,0,55,61
10/12/2025 0:00,55,6,Sunday,10,1,0,random_or_none,4,dusty,0.86,260,0,0,0,0,0,0,0,extreme_weather,2,50,63
10/12/2025 1:00,50,6,Sunday,10,1,0,random_or_none,3,hot,0.615,260,0,0,0,0,0,0,0,normal,0,47,67
10/12/2025 2:00,47,6,Sunday,10,1,0,random_or_none,5,windy,0.843,260,0,0,0,0,0,0,0,extreme_weather,2,44,69
10/12/2025 3:00,44,6,Sunday,10,1,0,random_or_none,2,cold,0.692,260,0,0,0,0,0,0,0,normal,0,50,65
10/12/2025 4:00,50,6,Sunday,10,1,0,random_or_none,5,windy,0.709,260,0,0,0,0,0,0,0,normal,0,43,69
10/12/2025 5:00,43,6,Sunday,10,1,0,random_or_none,5,windy,0.297,260,0,0,0,0,0,0,0,normal,0,48,61
10/12/2025 6:00,48,6,Sunday,10,1,0,random_or_none,3,hot,0.362,260,0,0,0,0,0,0,0,normal,0,56,65
10/12/2025 7:00,56,6,Sunday,10,1,0,random_or_none,1,rainy,0.61,260,0,0,0,0,0,0,0,normal,0,88,71
10/12/2025 8:00,88,6,Sunday,10,1,0,random_or_none,0,sunny,0.307,260,0,1,75.49,0,0,0,0,emergency_spike,5,83,109
10/12/2025 9:00,83,6,Sunday,10,1,0,random_or_none,3,hot,0.696,260,0,0,0,0,0,0,0,normal,0,74,112
10/12/2025 10:00,74,6,Sunday,10,1,0,random_or_none,0,sunny,0.105,260,0,0,0,0,0,0,0,normal,0,76,109
10/12/2025 11:00,76,6,Sunday,10,1,0,random_or_none,3,hot,0.525,260,0,0,0,0,0,0,0,normal,0,102,101
10/12/2025 12:00,102,6,Sunday,10,1,0,random_or_none,2,cold,0.747,260,0,1,47.96,0,0,0,0,emergency_spike,5,99,99
10/12/2025 13:00,99,6,Sunday,10,1,0,random_or_none,0,sunny,0.229,260,0,0,0,0,0,0,0,normal,0,92,96
10/12/2025 14:00,92,6,Sunday,10,1,0,random_or_none,1,rainy,0.572,260,0,0,0,0,0,0,0,normal,0,100,97
10/12/2025 15:00,100,6,Sunday,10,1,0,random_or_none,1,rainy,0.685,260,0,0,0,0,0,0,0,normal,0,92,104
10/12/2025 16:00,92,6,Sunday,10,1,0,random_or_none,4,dusty,0.507,260,0,0,0,0,0,0,0,normal,0,91,101
10/12/2025 17:00,91,6,Sunday,10,1,0,random_or_none,5,windy,0.503,260,0,0,0,0,0,0,0,normal,0,92,105
10/12/2025 18:00,92,6,Sunday,10,1,0,random_or_none,3,hot,0.535,260,0,0,0,0,0,0,0,normal,0,89,107
10/12/2025 19:00,89,6,Sunday,10,1,0,random_or_none,1,rainy,0.903,260,0,0,0,0,0,0,0,extreme_weather,2,82,108
10/12/2025 20:00,82,6,Sunday,10,1,0,random_or_none,0,sunny,0.252,260,0,0,0,0,0,0,0,normal,0,69,106
10/12/2025 21:00,69,6,Sunday,10,1,0,random_or_none,0,sunny,0.172,260,0,0,0,0,0,0,0,normal,0,67,99
10/12/2025 22:00,67,6,Sunday,10,1,0,random_or_none,3,hot,0.621,260,0,0,0,0,0,0,0,normal,0,61,92
10/12/2025 23:00,61,6,Sunday,10,1,0,random_or_none,4,dusty,0.355,260,0,0,0,0,0,0,0,normal,0,63,84
10/13/2025 0:00,63,0,Monday,10,0,0,random_or_none,3,hot,0.898,260,0,0,0,0,0,0,0,extreme_weather,2,67,73
10/13/2025 1:00,67,0,Monday,10,0,0,random_or_none,4,dusty,0.209,260,0,0,0,0,0,0,0,normal,0,69,70
10/13/2025 2:00,69,0,Monday,10,0,0,random_or_none,4,dusty,0.671,260,0,0,0,0,0,0,0,normal,0,65,59
10/13/2025 3:00,65,0,Monday,10,0,0,random_or_none,5,windy,0.764,260,0,0,0,0,0,0,0,extreme_weather,2,69,54
10/13/2025 4:00,69,0,Monday,10,0,0,random_or_none,3,hot,0.922,260,0,0,0,0,0,0,0,extreme_weather,2,61,59
10/13/2025 5:00,61,0,Monday,10,0,0,random_or_none,0,sunny,0.186,260,0,0,0,0,0,0,0,normal,0,65,55
10/13/2025 6:00,65,0,Monday,10,0,0,random_or_none,1,rainy,0.794,260,0,0,0,0,0,0,0,extreme_weather,2,71,58
10/13/2025 7:00,71,0,Monday,10,0,0,random_or_none,3,hot,0.496,260,0,0,0,0,0,0,0,normal,0,109,62
10/13/2025 8:00,109,0,Monday,10,0,0,random_or_none,3,hot,0.702,260,0,1,67.61,0,0,0,0,emergency_spike,5,112,71
10/13/2025 9:00,112,0,Monday,10,0,0,random_or_none,0,sunny,0.02,260,0,1,27.14,0,0,0,0,emergency_spike,5,109,79
10/13/2025 10:00,109,0,Monday,10,0,0,random_or_none,3,hot,0.845,260,0,0,0,0,0,0,0,extreme_weather,2,101,86
10/13/2025 11:00,101,0,Monday,10,0,0,random_or_none,4,dusty,0.392,260,0,0,0,0,0,0,0,normal,0,99,93
10/13/2025 12:00,99,0,Monday,10,0,0,random_or_none,0,sunny,0.172,260,0,0,0,0,0,0,0,normal,0,96,97
10/13/2025 13:00,96,0,Monday,10,0,0,random_or_none,0,sunny,0.091,260,0,0,0,0,0,0,0,normal,0,97,104
10/13/2025 14:00,97,0,Monday,10,0,0,random_or_none,0,sunny,0.197,260,0,0,0,0,0,0,0,normal,0,104,97
10/13/2025 15:00,104,0,Monday,10,0,0,random_or_none,0,sunny,0.07,260,0,0,0,0,0,0,0,normal,0,101,107
10/13/2025 16:00,101,0,Monday,10,0,0,random_or_none,3,hot,0.519,260,0,0,0,0,0,0,0,normal,0,105,109
10/13/2025 17:00,105,0,Monday,10,0,0,random_or_none,5,windy,0.266,260,0,0,0,0,0,0,0,normal,0,107,100
10/13/2025 18:00,107,0,Monday,10,0,0,random_or_none,4,dusty,0.293,260,0,0,0,0,0,0,0,normal,0,108,94
10/13/2025 19:00,108,0,Monday,10,0,0,random_or_none,0,sunny,0.046,260,0,0,0,0,0,0,0,normal,0,106,97
10/13/2025 20:00,106,0,Monday,10,0,0,random_or_none,3,hot,0.472,260,0,0,0,0,0,0,0,normal,0,99,96
10/13/2025 21:00,99,0,Monday,10,0,0,random_or_none,5,windy,0.833,260,0,0,0,0,0,0,0,extreme_weather,2,92,91
10/13/2025 22:00,92,0,Monday,10,0,0,random_or_none,1,rainy,0.432,260,0,0,0,0,0,0,0,normal,0,84,83
10/13/2025 23:00,84,0,Monday,10,0,0,random_or_none,3,hot,0.625,260,0,0,0,0,0,0,0,normal,0,73,79
10/14/2025 0:00,73,1,Tuesday,10,0,0,random_or_none,0,sunny,0.278,260,0,0,0,0,0,0,0,normal,0,70,79
10/14/2025 1:00,70,1,Tuesday,10,0,0,random_or_none,1,rainy,0.171,260,0,0,0,0,0,0,0,normal,0,59,69
10/14/2025 2:00,59,1,Tuesday,10,0,0,random_or_none,2,cold,0.557,260,0,0,0,0,0,0,0,normal,0,54,63
10/14/2025 3:00,54,1,Tuesday,10,0,0,random_or_none,0,sunny,0.102,260,0,0,0,0,0,0,0,normal,0,59,67
10/14/2025 4:00,59,1,Tuesday,10,0,0,random_or_none,3,hot,0.575,260,0,0,0,0,0,0,0,normal,0,55,62
10/14/2025 5:00,55,1,Tuesday,10,0,0,random_or_none,0,sunny,0.181,260,0,0,0,0,0,0,0,normal,0,58,62
10/14/2025 6:00,58,1,Tuesday,10,0,0,random_or_none,0,sunny,0.185,260,0,0,0,0,0,0,0,normal,0,62,67
10/14/2025 7:00,62,1,Tuesday,10,0,0,random_or_none,1,rainy,0.195,260,0,0,0,0,0,0,0,normal,0,71,73
10/14/2025 8:00,71,1,Tuesday,10,0,0,random_or_none,0,sunny,0.101,260,0,0,0,0,0,0,0,normal,0,79,75
10/14/2025 9:00,79,1,Tuesday,10,0,0,random_or_none,4,dusty,0.564,260,0,0,0,0,0,0,0,normal,0,86,76
10/14/2025 10:00,86,1,Tuesday,10,0,0,random_or_none,0,sunny,0.284,260,0,0,0,0,0,0,0,normal,0,93,84
10/14/2025 11:00,93,1,Tuesday,10,0,0,random_or_none,0,sunny,0.238,260,0,0,0,0,0,0,0,normal,0,97,88
10/14/2025 12:00,97,1,Tuesday,10,0,0,random_or_none,5,windy,0.431,260,0,0,0,0,0,0,0,normal,0,104,96
10/14/2025 13:00,104,1,Tuesday,10,0,0,random_or_none,4,dusty,0.774,260,0,0,0,0,0,0,0,extreme_weather,2,97,94
10/14/2025 14:00,97,1,Tuesday,10,0,0,random_or_none,0,sunny,0.096,260,0,0,0,0,0,0,0,normal,0,107,94
10/14/2025 15:00,107,1,Tuesday,10,0,0,random_or_none,3,hot,0.298,260,0,0,0,0,0,0,0,normal,0,109,100
10/14/2025 16:00,109,1,Tuesday,10,0,0,random_or_none,3,hot,0.698,260,0,0,0,0,0,0,0,normal,0,100,104
10/14/2025 17:00,100,1,Tuesday,10,0,0,random_or_none,0,sunny,0.317,260,0,0,0,0,0,0,0,normal,0,94,98
10/14/2025 18:00,94,1,Tuesday,10,0,0,random_or_none,0,sunny,0.328,260,0,0,0,0,0,0,0,normal,0,97,93
10/14/2025 19:00,97,1,Tuesday,10,0,0,random_or_none,5,windy,0.396,260,0,0,0,0,0,0,0,normal,0,96,102
10/14/2025 20:00,96,1,Tuesday,10,0,0,random_or_none,4,dusty,0.54,260,0,0,0,0,0,0,0,normal,0,91,101
10/14/2025 21:00,91,1,Tuesday,10,0,0,random_or_none,4,dusty,0.421,260,0,0,0,0,0,0,0,normal,0,83,87
10/14/2025 22:00,83,1,Tuesday,10,0,0,random_or_none,3,hot,0.242,260,0,0,0,0,0,0,0,normal,0,79,74
10/14/2025 23:00,79,1,Tuesday,10,0,0,random_or_none,3,hot,0.674,260,0,0,0,0,0,0,0,normal,0,79,77
10/15/2025 0:00,79,2,Wednesday,10,0,0,random_or_none,4,dusty,0.231,260,0,0,0,0,0,0,0,normal,0,69,66
10/15/2025 1:00,69,2,Wednesday,10,0,0,random_or_none,0,sunny,0.326,260,0,0,0,0,0,0,0,normal,0,63,54
10/15/2025 2:00,63,2,Wednesday,10,0,0,random_or_none,0,sunny,0.244,260,0,0,0,0,0,0,0,normal,0,67,52
10/15/2025 3:00,67,2,Wednesday,10,0,0,random_or_none,3,hot,0.212,260,0,0,0,0,0,0,0,normal,0,62,50
10/15/2025 4:00,62,2,Wednesday,10,0,0,random_or_none,4,dusty,0.301,260,0,0,0,0,0,0,0,normal,0,62,50
10/15/2025 5:00,62,2,Wednesday,10,0,0,random_or_none,0,sunny,0.293,260,0,0,0,0,0,0,0,normal,0,67,52
10/15/2025 6:00,67,2,Wednesday,10,0,0,random_or_none,1,rainy,0.367,260,0,0,0,0,0,0,0,normal,0,73,46
10/15/2025 7:00,73,2,Wednesday,10,0,0,random_or_none,4,dusty,0.295,260,0,0,0,0,0,0,0,normal,0,75,47
10/15/2025 8:00,75,2,Wednesday,10,0,0,random_or_none,0,sunny,0.101,260,0,0,0,0,0,0,0,normal,0,76,59
10/15/2025 9:00,76,2,Wednesday,10,0,0,random_or_none,3,hot,0.181,260,0,0,0,0,0,0,0,normal,0,84,65
10/15/2025 10:00,84,2,Wednesday,10,0,0,random_or_none,4,dusty,0.856,260,0,0,0,0,0,0,0,extreme_weather,2,88,72
10/15/2025 11:00,88,2,Wednesday,10,0,0,random_or_none,5,windy,0.577,260,0,0,0,0,0,0,0,normal,0,96,73
10/15/2025 12:00,96,2,Wednesday,10,0,0,random_or_none,3,hot,0.362,260,0,0,0,0,0,0,0,normal,0,94,74
10/15/2025 13:00,94,2,Wednesday,10,0,0,random_or_none,0,sunny,0.237,260,0,0,0,0,0,0,0,normal,0,94,72
10/15/2025 14:00,94,2,Wednesday,10,0,0,random_or_none,0,sunny,0.296,260,0,0,0,0,0,0,0,normal,0,100,78
10/15/2025 15:00,100,2,Wednesday,10,0,0,random_or_none,0,sunny,0.01,260,0,0,0,0,0,0,0,normal,0,104,83
10/15/2025 16:00,104,2,Wednesday,10,0,0,random_or_none,3,hot,0.507,260,0,0,0,0,0,0,0,normal,0,98,90
10/15/2025 17:00,98,2,Wednesday,10,0,0,random_or_none,0,sunny,0.054,260,0,0,0,0,0,0,0,normal,0,93,89
10/15/2025 18:00,93,2,Wednesday,10,0,0,random_or_none,0,sunny,0.052,260,0,0,0,0,0,0,0,normal,0,102,86
10/15/2025 19:00,102,2,Wednesday,10,0,0,random_or_none,1,rainy,0.804,260,0,0,0,0,0,0,0,extreme_weather,2,101,81
10/15/2025 20:00,101,2,Wednesday,10,0,0,random_or_none,4,dusty,0.351,260,0,0,0,0,0,0,0,normal,0,87,77
10/15/2025 21:00,87,2,Wednesday,10,0,0,random_or_none,0,sunny,0.119,260,0,0,0,0,0,0,0,normal,0,74,63
10/15/2025 22:00,74,2,Wednesday,10,0,0,random_or_none,0,sunny,0.084,260,0,0,0,0,0,0,0,normal,0,77,59
10/15/2025 23:00,77,2,Wednesday,10,0,0,random_or_none,5,windy,0.423,260,0,0,0,0,0,0,0,normal,0,66,56
10/16/2025 0:00,66,3,Thursday,10,0,0,random_or_none,0,sunny,0.043,260,0,0,0,0,0,1,0.228,staff_shortage,4,54,58
10/16/2025 1:00,54,3,Thursday,10,0,0,random_or_none,0,sunny,0.278,260,0,0,0,0,0,1,0.228,staff_shortage,4,52,56
10/16/2025 2:00,52,3,Thursday,10,0,0,random_or_none,3,hot,0.926,260,0,0,0,0,0,1,0.228,extreme_weather,2,50,54
10/16/2025 3:00,50,3,Thursday,10,0,0,random_or_none,5,windy,0.61,260,0,0,0,0,0,1,0.228,staff_shortage,4,50,54
10/16/2025 4:00,50,3,Thursday,10,0,0,random_or_none,0,sunny,0.281,260,0,0,0,0,0,1,0.228,staff_shortage,4,52,52
10/16/2025 5:00,52,3,Thursday,10,0,0,random_or_none,4,dusty,0.42,260,0,0,0,0,0,1,0.228,staff_shortage,4,46,48
10/16/2025 6:00,46,3,Thursday,10,0,0,random_or_none,0,sunny,0.319,260,0,0,0,0,0,1,0.228,staff_shortage,4,47,55
10/16/2025 7:00,47,3,Thursday,10,0,0,random_or_none,0,sunny,0.251,260,0,0,0,0,0,1,0.228,staff_shortage,4,59,59
10/16/2025 8:00,59,3,Thursday,10,0,0,random_or_none,0,sunny,0.137,260,0,0,0,0,0,1,0.228,staff_shortage,4,65,66
10/16/2025 9:00,65,3,Thursday,10,0,0,random_or_none,4,dusty,0.382,260,0,0,0,0,0,1,0.228,staff_shortage,4,72,70
10/16/2025 10:00,72,3,Thursday,10,0,0,random_or_none,4,dusty,0.227,260,0,0,0,0,0,1,0.228,staff_shortage,4,73,65
10/16/2025 11:00,73,3,Thursday,10,0,0,random_or_none,3,hot,0.43,260,0,0,0,0,0,1,0.228,staff_shortage,4,74,65
10/16/2025 12:00,74,3,Thursday,10,0,0,random_or_none,2,cold,0.125,260,0,0,0,0,0,1,0.228,staff_shortage,4,72,69
10/16/2025 13:00,72,3,Thursday,10,0,0,random_or_none,0,sunny,0.038,260,0,0,0,0,0,1,0.228,staff_shortage,4,78,74
10/16/2025 14:00,78,3,Thursday,10,0,0,random_or_none,0,sunny,0.057,260,0,0,0,0,0,1,0.228,staff_shortage,4,83,80
10/16/2025 15:00,83,3,Thursday,10,0,0,random_or_none,4,dusty,0.75,260,0,0,0,0,0,1,0.228,extreme_weather,2,90,78
10/16/2025 16:00,90,3,Thursday,10,0,0,random_or_none,1,rainy,0.497,260,0,0,0,0,0,1,0.228,staff_shortage,4,89,79
10/16/2025 17:00,89,3,Thursday,10,0,0,random_or_none,3,hot,0.862,260,0,0,0,0,0,1,0.228,extreme_weather,2,86,80
10/16/2025 18:00,86,3,Thursday,10,0,0,random_or_none,3,hot,0.565,260,0,0,0,0,0,1,0.228,staff_shortage,4,81,81
10/16/2025 19:00,81,3,Thursday,10,0,0,random_or_none,3,hot,0.319,260,0,0,0,0,0,1,0.228,staff_shortage,4,77,80
10/16/2025 20:00,77,3,Thursday,10,0,0,random_or_none,1,rainy,0.51,260,0,0,0,0,0,1,0.228,staff_shortage,4,63,82
10/16/2025 21:00,63,3,Thursday,10,0,0,random_or_none,0,sunny,0.087,260,0,0,0,0,0,1,0.228,staff_shortage,4,59,72
10/16/2025 22:00,59,3,Thursday,10,0,0,random_or_none,5,windy,0.753,260,0,0,0,0,0,1,0.228,extreme_weather,2,56,68
10/16/2025 23:00,56,3,Thursday,10,0,0,random_or_none,4,dusty,0.339,260,0,0,0,0,0,1,0.228,staff_shortage,4,58,57
10/17/2025 0:00,58,4,Friday,10,0,0,random_or_none,4,dusty,0.526,260,0,0,0,0,0,1,0.228,staff_shortage,4,56,48
10/17/2025 1:00,56,4,Friday,10,0,0,random_or_none,0,sunny,0.297,260,0,0,0,0,0,1,0.228,staff_shortage,4,54,43
10/17/2025 2:00,54,4,Friday,10,0,0,random_or_none,3,hot,0.305,260,0,0,0,0,0,1,0.228,staff_shortage,4,54,35
10/17/2025 3:00,54,4,Friday,10,0,0,random_or_none,5,windy,0.455,260,0,0,0,0,0,1,0.228,staff_shortage,4,52,30
10/17/2025 4:00,52,4,Friday,10,0,0,random_or_none,4,dusty,0.445,260,0,0,0,0,0,1,0.228,staff_shortage,4,48,31
10/17/2025 5:00,48,4,Friday,10,0,0,random_or_none,5,windy,0.377,260,0,0,0,0,0,1,0.228,staff_shortage,4,55,33
10/17/2025 6:00,55,4,Friday,10,0,0,random_or_none,0,sunny,0.136,260,0,0,0,0,0,1,0.228,staff_shortage,4,59,38
10/17/2025 7:00,59,4,Friday,10,0,0,random_or_none,0,sunny,0.285,260,0,0,0,0,0,1,0.228,staff_shortage,4,66,41
10/17/2025 8:00,66,4,Friday,10,0,0,random_or_none,4,dusty,0.662,260,0,0,0,0,0,1,0.228,staff_shortage,4,70,45
10/17/2025 9:00,70,4,Friday,10,0,0,random_or_none,4,dusty,0.503,260,0,0,0,0,0,1,0.228,staff_shortage,4,65,50
10/17/2025 10:00,65,4,Friday,10,0,0,random_or_none,0,sunny,0.098,260,0,0,0,0,0,1,0.228,staff_shortage,4,65,57
10/17/2025 11:00,65,4,Friday,10,0,0,random_or_none,3,hot,0.159,260,0,0,0,0,0,1,0.228,staff_shortage,4,69,57
10/17/2025 12:00,69,4,Friday,10,0,0,random_or_none,3,hot,0.45,260,0,0,0,0,0,1,0.228,staff_shortage,4,74,54
10/17/2025 13:00,74,4,Friday,10,0,0,random_or_none,3,hot,0.796,260,0,0,0,0,0,1,0.228,extreme_weather,2,80,57
10/17/2025 14:00,80,4,Friday,10,0,0,random_or_none,5,windy,0.646,260,0,0,0,0,0,1,0.228,staff_shortage,4,78,56
10/17/2025 15:00,78,4,Friday,10,0,0,random_or_none,4,dusty,0.382,260,0,0,0,0,0,1,0.228,staff_shortage,4,79,66
10/17/2025 16:00,79,4,Friday,10,0,0,random_or_none,3,hot,0.855,260,0,0,0,0,0,1,0.228,extreme_weather,2,80,71
10/17/2025 17:00,80,4,Friday,10,0,0,random_or_none,0,sunny,0.018,260,0,0,0,0,0,1,0.228,staff_shortage,4,81,69
10/17/2025 18:00,81,4,Friday,10,0,0,random_or_none,0,sunny,0.247,260,0,0,0,0,0,1,0.228,staff_shortage,4,80,70
10/17/2025 19:00,80,4,Friday,10,0,0,random_or_none,4,dusty,0.353,260,0,0,0,0,0,1,0.228,staff_shortage,4,82,65
10/17/2025 20:00,82,4,Friday,10,0,0,random_or_none,1,rainy,0.715,260,0,0,0,0,0,1,0.228,staff_shortage,4,72,61
10/17/2025 21:00,72,4,Friday,10,0,0,random_or_none,0,sunny,0.325,260,0,0,0,0,0,1,0.228,staff_shortage,4,68,55
10/17/2025 22:00,68,4,Friday,10,0,0,random_or_none,0,sunny,0.135,260,0,0,0,0,0,1,0.228,staff_shortage,4,57,48
10/17/2025 23:00,57,4,Friday,10,0,0,random_or_none,0,sunny,0.14,260,0,0,0,0,0,1,0.228,staff_shortage,4,48,42
10/18/2025 0:00,48,5,Saturday,10,1,0,random_or_none,1,rainy,0.935,260,0,0,0,0,0,1,0.228,extreme_weather,2,43,37
10/18/2025 1:00,43,5,Saturday,10,1,0,random_or_none,4,dusty,0.241,260,0,0,0,0,0,1,0.228,staff_shortage,4,35,34
10/18/2025 2:00,35,5,Saturday,10,1,0,random_or_none,0,sunny,0.257,260,0,0,0,0,0,1,0.228,staff_shortage,4,30,37
10/18/2025 3:00,30,5,Saturday,10,1,0,random_or_none,0,sunny,0.224,260,0,0,0,0,0,1,0.228,staff_shortage,4,31,37
10/18/2025 4:00,31,5,Saturday,10,1,0,random_or_none,0,sunny,0.339,260,0,0,0,0,0,1,0.228,staff_shortage,4,33,33
10/18/2025 5:00,33,5,Saturday,10,1,0,random_or_none,0,sunny,0.089,260,0,0,0,0,0,1,0.228,staff_shortage,4,38,39
10/18/2025 6:00,38,5,Saturday,10,1,0,random_or_none,0,sunny,0.088,260,0,0,0,0,0,1,0.228,staff_shortage,4,41,42
10/18/2025 7:00,41,5,Saturday,10,1,0,random_or_none,0,sunny,0.24,260,0,0,0,0,0,1,0.228,staff_shortage,4,45,45
10/18/2025 8:00,45,5,Saturday,10,1,0,random_or_none,0,sunny,0.25,260,0,0,0,0,0,1,0.228,staff_shortage,4,50,44
10/18/2025 9:00,50,5,Saturday,10,1,0,random_or_none,0,sunny,0.201,260,0,0,0,0,0,1,0.228,staff_shortage,4,57,47
10/18/2025 10:00,57,5,Saturday,10,1,0,random_or_none,3,hot,0.687,260,0,0,0,0,0,1,0.228,staff_shortage,4,57,96
10/18/2025 11:00,57,5,Saturday,10,1,0,random_or_none,3,hot,0.338,260,0,0,0,0,0,1,0.228,staff_shortage,4,54,81
10/18/2025 12:00,54,5,Saturday,10,1,0,random_or_none,5,windy,0.39,260,0,0,0,0,0,1,0.228,staff_shortage,4,57,78
10/18/2025 13:00,57,5,Saturday,10,1,0,random_or_none,1,rainy,0.816,260,0,0,0,0,0,1,0.228,extreme_weather,2,56,68
10/18/2025 14:00,56,5,Saturday,10,1,0,random_or_none,3,hot,0.893,260,0,0,0,0,0,1,0.228,extreme_weather,2,66,70
10/18/2025 15:00,66,5,Saturday,10,1,0,random_or_none,0,sunny,0.171,260,0,0,0,0,0,1,0.228,staff_shortage,4,71,106
10/18/2025 16:00,71,5,Saturday,10,1,0,random_or_none,4,dusty,0.785,260,0,0,0,0,0,1,0.228,extreme_weather,2,69,88
10/18/2025 17:00,69,5,Saturday,10,1,0,random_or_none,0,sunny,0.322,260,0,0,0,0,0,1,0.228,staff_shortage,4,70,81
10/18/2025 18:00,70,5,Saturday,10,1,0,random_or_none,3,hot,0.926,260,0,0,0,0,0,1,0.228,extreme_weather,2,65,75
10/18/2025 19:00,65,5,Saturday,10,1,0,random_or_none,0,sunny,0.211,260,0,0,0,0,0,1,0.228,staff_shortage,4,61,73
10/18/2025 20:00,61,5,Saturday,10,1,0,random_or_none,0,sunny,0.315,260,0,0,0,0,0,1,0.228,staff_shortage,4,55,65
10/18/2025 21:00,55,5,Saturday,10,1,0,random_or_none,5,windy,0.455,260,0,0,0,0,0,1,0.228,staff_shortage,4,48,62
10/18/2025 22:00,48,5,Saturday,10,1,0,random_or_none,0,sunny,0.297,260,0,0,0,0,0,1,0.228,staff_shortage,4,42,58
10/18/2025 23:00,42,5,Saturday,10,1,0,random_or_none,3,hot,0.227,260,0,0,0,0,0,1,0.228,staff_shortage,4,37,45
10/19/2025 0:00,37,6,Sunday,10,1,0,random_or_none,0,sunny,0.111,260,0,0,0,0,0,1,0.228,staff_shortage,4,34,44
10/19/2025 1:00,34,6,Sunday,10,1,0,random_or_none,1,rainy,0.155,260,0,0,0,0,0,1,0.228,staff_shortage,4,37,44
10/19/2025 2:00,37,6,Sunday,10,1,0,random_or_none,4,dusty,0.757,260,0,0,0,0,0,1,0.228,extreme_weather,2,37,70
10/19/2025 3:00,37,6,Sunday,10,1,0,random_or_none,0,sunny,0.263,260,0,0,0,0,0,1,0.228,staff_shortage,4,33,66
10/19/2025 4:00,33,6,Sunday,10,1,0,random_or_none,2,cold,0.182,260,0,0,0,0,0,1,0.228,staff_shortage,4,39,61
10/19/2025 5:00,39,6,Sunday,10,1,0,random_or_none,1,rainy,0.808,260,0,0,0,0,0,1,0.228,extreme_weather,2,42,56
10/19/2025 6:00,42,6,Sunday,10,1,0,random_or_none,2,cold,0.279,260,0,0,0,0,0,1,0.228,staff_shortage,4,45,58
10/19/2025 7:00,45,6,Sunday,10,1,0,random_or_none,3,hot,0.505,260,0,0,0,0,0,1,0.228,staff_shortage,4,44,62
10/19/2025 8:00,44,6,Sunday,10,1,0,random_or_none,0,sunny,0.145,260,0,0,0,0,0,1,0.228,staff_shortage,4,47,61
10/19/2025 9:00,47,6,Sunday,10,1,0,random_or_none,0,sunny,0.141,260,0,0,0,0,0,1,0.228,staff_shortage,4,96,62
10/19/2025 10:00,96,6,Sunday,10,1,0,random_or_none,1,rainy,0.422,260,0,1,94.62,0,0,1,0.228,emergency_spike,5,81,70
10/19/2025 11:00,81,6,Sunday,10,1,0,random_or_none,0,sunny,0.147,260,0,0,0,0,0,1,0.228,staff_shortage,4,78,76
10/19/2025 12:00,78,6,Sunday,10,1,0,random_or_none,5,windy,0.656,260,0,0,0,0,0,1,0.228,staff_shortage,4,68,77
10/19/2025 13:00,68,6,Sunday,10,1,0,random_or_none,0,sunny,0.253,260,0,0,0,0,0,1,0.228,staff_shortage,4,70,79
10/19/2025 14:00,70,6,Sunday,10,1,0,random_or_none,0,sunny,0.336,260,0,0,0,0,0,1,0.228,staff_shortage,4,106,79
10/19/2025 15:00,106,6,Sunday,10,1,0,random_or_none,1,rainy,0.59,260,0,1,90.08,0,0,1,0.228,emergency_spike,5,88,82
10/19/2025 16:00,88,6,Sunday,10,1,0,random_or_none,0,sunny,0.335,260,0,0,0,0,0,1,0.228,staff_shortage,4,81,81
10/19/2025 17:00,81,6,Sunday,10,1,0,random_or_none,3,hot,0.83,260,0,0,0,0,0,1,0.228,extreme_weather,2,75,82
10/19/2025 18:00,75,6,Sunday,10,1,0,random_or_none,4,dusty,0.352,260,0,0,0,0,0,1,0.228,staff_shortage,4,73,135
10/19/2025 19:00,73,6,Sunday,10,1,0,random_or_none,0,sunny,0.281,260,0,0,0,0,0,1,0.228,staff_shortage,4,65,111
10/19/2025 20:00,65,6,Sunday,10,1,0,random_or_none,1,rainy,0.163,260,0,0,0,0,0,1,0.228,staff_shortage,4,62,96
10/19/2025 21:00,62,6,Sunday,10,1,0,random_or_none,3,hot,0.406,260,0,0,0,0,0,1,0.228,staff_shortage,4,58,87
10/19/2025 22:00,58,6,Sunday,10,1,0,random_or_none,5,windy,0.398,260,0,0,0,0,0,1,0.228,staff_shortage,4,45,73
10/19/2025 23:00,45,6,Sunday,10,1,0,random_or_none,0,sunny,0.301,260,0,0,0,0,0,1,0.228,staff_shortage,4,44,61
10/20/2025 0:00,44,0,Monday,10,0,0,random_or_none,0,sunny,0.052,260,0,0,0,0,0,1,0.228,staff_shortage,4,44,55
10/20/2025 1:00,44,0,Monday,10,0,0,random_or_none,3,hot,0.417,260,0,0,0,0,0,1,0.228,staff_shortage,4,70,55
10/20/2025 2:00,70,0,Monday,10,0,0,random_or_none,0,sunny,0.039,260,0,1,62.52,0,0,1,0.228,emergency_spike,5,66,52
10/20/2025 3:00,66,0,Monday,10,0,0,random_or_none,3,hot,0.202,260,0,0,0,0,0,1,0.228,staff_shortage,4,61,52
10/20/2025 4:00,61,0,Monday,10,0,0,random_or_none,3,hot,0.176,260,0,0,0,0,0,1,0.228,staff_shortage,4,56,56
10/20/2025 5:00,56,0,Monday,10,0,0,random_or_none,0,sunny,0.271,260,0,0,0,0,0,1,0.228,staff_shortage,4,58,62
10/20/2025 6:00,58,0,Monday,10,0,0,random_or_none,0,sunny,0.146,260,0,0,0,0,0,1,0.228,staff_shortage,4,62,86
10/20/2025 7:00,62,0,Monday,10,0,0,random_or_none,4,dusty,0.725,260,0,0,0,0,0,1,0.228,staff_shortage,4,61,77
10/20/2025 8:00,61,0,Monday,10,0,0,random_or_none,4,dusty,0.24,260,0,0,0,0,0,1,0.228,staff_shortage,4,62,78
10/20/2025 9:00,62,0,Monday,10,0,0,random_or_none,0,sunny,0.347,260,0,0,0,0,0,1,0.228,staff_shortage,4,70,84
10/20/2025 10:00,70,0,Monday,10,0,0,random_or_none,1,rainy,0.176,260,0,0,0,0,0,1,0.228,staff_shortage,4,76,80
10/20/2025 11:00,76,0,Monday,10,0,0,random_or_none,5,windy,0.71,260,0,0,0,0,0,1,0.228,staff_shortage,4,77,82
10/20/2025 12:00,77,0,Monday,10,0,0,random_or_none,0,sunny,0.064,260,0,0,0,0,0,1,0.228,staff_shortage,4,79,85
10/20/2025 13:00,79,0,Monday,10,0,0,random_or_none,5,windy,0.776,260,0,0,0,0,0,1,0.228,extreme_weather,2,79,90
10/20/2025 14:00,79,0,Monday,10,0,0,random_or_none,0,sunny,0.319,260,0,0,0,0,0,1,0.228,staff_shortage,4,82,96
10/20/2025 15:00,82,0,Monday,10,0,0,random_or_none,3,hot,0.827,260,0,0,0,0,0,1,0.228,extreme_weather,2,81,100
10/20/2025 16:00,81,0,Monday,10,0,0,random_or_none,3,hot,0.513,260,0,0,0,0,0,1,0.228,staff_shortage,4,82,107
10/20/2025 17:00,82,0,Monday,10,0,0,random_or_none,0,sunny,0.333,260,0,0,0,0,0,1,0.228,staff_shortage,4,135,109
10/20/2025 18:00,135,0,Monday,10,0,0,random_or_none,4,dusty,0.622,260,0,1,104.13,0,0,1,0.228,emergency_spike,5,111,101
10/20/2025 19:00,111,0,Monday,10,0,0,random_or_none,4,dusty,0.869,260,0,0,0,0,0,1,0.228,extreme_weather,2,96,100
10/20/2025 20:00,96,0,Monday,10,0,0,random_or_none,4,dusty,0.655,260,0,0,0,0,0,1,0.228,staff_shortage,4,87,96
10/20/2025 21:00,87,0,Monday,10,0,0,random_or_none,3,hot,0.32,260,0,0,0,0,0,1,0.228,staff_shortage,4,73,90
10/20/2025 22:00,73,0,Monday,10,0,0,random_or_none,0,sunny,0.175,260,0,0,0,0,0,1,0.228,staff_shortage,4,61,77
10/20/2025 23:00,61,0,Monday,10,0,0,random_or_none,0,sunny,0.135,260,0,0,0,0,0,1,0.228,staff_shortage,4,55,79
10/21/2025 0:00,55,1,Tuesday,10,0,0,random_or_none,4,dusty,0.422,260,0,0,0,0,0,1,0.228,staff_shortage,4,55,70
10/21/2025 1:00,55,1,Tuesday,10,0,0,random_or_none,4,dusty,0.628,260,0,0,0,0,0,1,0.228,staff_shortage,4,52,61
10/21/2025 2:00,52,1,Tuesday,10,0,0,random_or_none,0,sunny,0.008,260,0,0,0,0,0,1,0.228,staff_shortage,4,52,55
10/21/2025 3:00,52,1,Tuesday,10,0,0,random_or_none,0,sunny,0.202,260,0,0,0,0,0,0,0,normal,0,56,53
10/21/2025 4:00,56,1,Tuesday,10,0,0,random_or_none,5,windy,0.502,260,0,0,0,0,0,0,0,normal,0,62,51
10/21/2025 5:00,62,1,Tuesday,10,0,0,random_or_none,1,rainy,0.296,260,0,0,0,0,0,0,0,normal,0,86,54
10/21/2025 6:00,86,1,Tuesday,10,0,0,random_or_none,3,hot,0.278,260,0,1,36.49,0,0,0,0,emergency_spike,5,77,60
10/21/2025 7:00,77,1,Tuesday,10,0,0,random_or_none,0,sunny,0.259,260,0,0,0,0,0,0,0,normal,0,78,64
10/21/2025 8:00,78,1,Tuesday,10,0,0,random_or_none,0,sunny,0.153,260,0,0,0,0,0,0,0,normal,0,84,71
10/21/2025 9:00,84,1,Tuesday,10,0,0,random_or_none,2,cold,0.765,260,0,0,0,0,0,0,0,extreme_weather,2,80,83
10/21/2025 10:00,80,1,Tuesday,10,0,0,random_or_none,0,sunny,0.001,260,0,0,0,0,0,0,0,normal,0,82,83
10/21/2025 11:00,82,1,Tuesday,10,0,0,random_or_none,0,sunny,0.195,260,0,0,0,0,0,0,0,normal,0,85,85
10/21/2025 12:00,85,1,Tuesday,10,0,0,random_or_none,0,sunny,0.305,260,0,0,0,0,0,0,0,normal,0,90,95
10/21/2025 13:00,90,1,Tuesday,10,0,0,random_or_none,0,sunny,0.008,260,0,0,0,0,0,0,0,normal,0,96,98
10/21/2025 14:00,96,1,Tuesday,10,0,0,random_or_none,4,dusty,0.7,260,0,0,0,0,0,0,0,normal,0,100,142
10/21/2025 15:00,100,1,Tuesday,10,0,0,random_or_none,3,hot,0.19,260,0,0,0,0,0,0,0,normal,0,107,128
10/21/2025 16:00,107,1,Tuesday,10,0,0,random_or_none,3,hot,0.257,260,0,0,0,0,0,0,0,normal,0,109,114
10/21/2025 17:00,109,1,Tuesday,10,0,0,random_or_none,0,sunny,0.118,260,0,0,0,0,0,0,0,normal,0,101,108
10/21/2025 18:00,101,1,Tuesday,10,0,0,random_or_none,4,dusty,0.65,260,0,0,0,0,0,0,0,normal,0,100,106
10/21/2025 19:00,100,1,Tuesday,10,0,0,random_or_none,0,sunny,0.223,260,0,0,0,0,0,0,0,normal,0,96,105
10/21/2025 20:00,96,1,Tuesday,10,0,0,random_or_none,0,sunny,0.243,260,0,0,0,0,0,0,0,normal,0,90,104
10/21/2025 21:00,90,1,Tuesday,10,0,0,random_or_none,0,sunny,0.013,260,0,0,0,0,0,0,0,normal,0,77,90
10/21/2025 22:00,77,1,Tuesday,10,0,0,random_or_none,5,windy,0.24,260,0,0,0,0,0,0,0,normal,0,79,86
10/21/2025 23:00,79,1,Tuesday,10,0,0,random_or_none,4,dusty,0.627,260,0,0,0,0,0,0,0,normal,0,70,80
10/22/2025 0:00,70,2,Wednesday,10,0,0,random_or_none,3,hot,0.376,260,0,0,0,0,0,0,0,normal,0,61,72
10/22/2025 1:00,61,2,Wednesday,10,0,0,random_or_none,0,sunny,0.174,260,0,0,0,0,0,0,0,normal,0,55,69
10/22/2025 2:00,55,2,Wednesday,10,0,0,random_or_none,3,hot,0.363,260,0,0,0,0,0,0,0,normal,0,53,69
10/22/2025 3:00,53,2,Wednesday,10,0,0,random_or_none,0,sunny,0.189,260,0,0,0,0,0,0,0,normal,0,51,71
10/22/2025 4:00,51,2,Wednesday,10,0,0,random_or_none,4,dusty,0.568,260,0,0,0,0,0,0,0,normal,0,54,68
10/22/2025 5:00,54,2,Wednesday,10,0,0,random_or_none,0,sunny,0.158,260,0,0,0,0,0,0,0,normal,0,60,68
10/22/2025 6:00,60,2,Wednesday,10,0,0,random_or_none,5,windy,0.611,260,0,0,0,0,0,0,0,normal,0,64,69
10/22/2025 7:00,64,2,Wednesday,10,0,0,random_or_none,3,hot,0.323,260,0,0,0,0,0,0,0,normal,0,71,74
10/22/2025 8:00,71,2,Wednesday,10,0,0,random_or_none,0,sunny,0.203,260,0,0,0,0,0,0,0,normal,0,83,76
10/22/2025 9:00,83,2,Wednesday,10,0,0,random_or_none,4,dusty,0.832,260,0,0,0,0,0,0,0,extreme_weather,2,83,82
10/22/2025 10:00,83,2,Wednesday,10,0,0,random_or_none,0,sunny,0.133,260,0,0,0,0,0,0,0,normal,0,85,87
10/22/2025 11:00,85,2,Wednesday,10,0,0,random_or_none,0,sunny,0.172,260,0,0,0,0,0,0,0,normal,0,95,88
10/22/2025 12:00,95,2,Wednesday,10,0,0,random_or_none,3,hot,0.92,260,0,0,0,0,0,0,0,extreme_weather,2,98,93
10/22/2025 13:00,98,2,Wednesday,10,0,0,random_or_none,0,sunny,0.219,260,0,0,0,0,0,0,0,normal,0,142,93
10/22/2025 14:00,142,2,Wednesday,10,0,0,random_or_none,3,hot,0.595,260,0,1,96.42,0,0,0,0,emergency_spike,5,128,93
10/22/2025 15:00,128,2,Wednesday,10,0,0,random_or_none,4,dusty,0.787,260,0,0,0,0,0,0,0,extreme_weather,2,114,94
10/22/2025 16:00,114,2,Wednesday,10,0,0,random_or_none,0,sunny,0.295,260,0,0,0,0,0,0,0,normal,0,108,95
10/22/2025 17:00,108,2,Wednesday,10,0,0,random_or_none,3,hot,0.371,260,0,0,0,0,0,0,0,normal,0,106,100
10/22/2025 18:00,106,2,Wednesday,10,0,0,random_or_none,3,hot,0.534,260,0,0,0,0,0,0,0,normal,0,105,106
10/22/2025 19:00,105,2,Wednesday,10,0,0,random_or_none,3,hot,0.682,260,0,0,0,0,0,0,0,normal,0,104,101
10/22/2025 20:00,104,2,Wednesday,10,0,0,random_or_none,4,dusty,0.292,260,0,0,0,0,0,0,0,normal,0,90,97
10/22/2025 21:00,90,2,Wednesday,10,0,0,random_or_none,0,sunny,0.077,260,0,0,0,0,0,0,0,normal,0,86,81
10/22/2025 22:00,86,2,Wednesday,10,0,0,random_or_none,3,hot,0.495,260,0,0,0,0,0,0,0,normal,0,80,72
10/22/2025 23:00,80,2,Wednesday,10,0,0,random_or_none,3,hot,0.699,260,0,0,0,0,0,0,0,normal,0,72,74
10/23/2025 0:00,72,3,Thursday,10,0,0,random_or_none,0,sunny,0.293,260,0,0,0,0,0,0,0,normal,0,69,70
10/23/2025 1:00,69,3,Thursday,10,0,0,random_or_none,3,hot,0.678,260,0,0,0,0,0,0,0,normal,0,69,73
10/23/2025 2:00,69,3,Thursday,10,0,0,random_or_none,4,dusty,0.622,260,0,0,0,0,0,0,0,normal,0,71,65
10/23/2025 3:00,71,3,Thursday,10,0,0,random_or_none,3,hot,0.319,260,0,0,0,0,0,0,0,normal,0,68,71
10/23/2025 4:00,68,3,Thursday,10,0,0,random_or_none,0,sunny,0.087,260,0,0,0,0,0,0,0,normal,0,68,59
10/23/2025 5:00,68,3,Thursday,10,0,0,random_or_none,3,hot,0.175,260,0,0,0,0,0,0,0,normal,0,69,64
10/23/2025 6:00,69,3,Thursday,10,0,0,random_or_none,5,windy,0.495,260,0,0,0,0,0,0,0,normal,0,74,69
10/23/2025 7:00,74,3,Thursday,10,0,0,random_or_none,4,dusty,0.485,260,0,0,0,0,0,0,0,normal,0,76,68
10/23/2025 8:00,76,3,Thursday,10,0,0,random_or_none,0,sunny,0.225,260,0,0,0,0,0,0,0,normal,0,82,72
10/23/2025 9:00,82,3,Thursday,10,0,0,random_or_none,0,sunny,0.202,260,0,0,0,0,0,0,0,normal,0,87,80
10/23/2025 10:00,87,3,Thursday,10,0,0,random_or_none,0,sunny,0.289,260,0,0,0,0,0,0,0,normal,0,88,81
10/23/2025 11:00,88,3,Thursday,10,0,0,random_or_none,0,sunny,0.006,260,0,0,0,0,0,0,0,normal,0,93,88
10/23/2025 12:00,93,3,Thursday,10,0,0,random_or_none,0,sunny,0.271,260,0,0,0,0,0,0,0,normal,0,93,94
10/23/2025 13:00,93,3,Thursday,10,0,0,random_or_none,0,sunny,0.275,260,0,0,0,0,0,0,0,normal,0,93,97
10/23/2025 14:00,93,3,Thursday,10,0,0,random_or_none,0,sunny,0.3,260,0,0,0,0,0,0,0,normal,0,94,103
10/23/2025 15:00,94,3,Thursday,10,0,0,random_or_none,0,sunny,0.097,260,0,0,0,0,0,0,0,normal,0,95,102
10/23/2025 16:00,95,3,Thursday,10,0,0,random_or_none,0,sunny,0.335,260,0,0,0,0,0,0,0,normal,0,100,101
10/23/2025 17:00,100,3,Thursday,10,0,0,random_or_none,3,hot,0.662,260,0,0,0,0,0,0,0,normal,0,106,106
10/23/2025 18:00,106,3,Thursday,10,0,0,random_or_none,5,windy,0.617,260,0,0,0,0,0,0,0,normal,0,101,106
10/23/2025 19:00,101,3,Thursday,10,0,0,random_or_none,5,windy,0.59,260,0,0,0,0,0,0,0,normal,0,97,97
10/23/2025 20:00,97,3,Thursday,10,0,0,random_or_none,2,cold,0.341,260,0,0,0,0,0,0,0,normal,0,81,94
10/23/2025 21:00,81,3,Thursday,10,0,0,random_or_none,0,sunny,0.031,260,0,0,0,0,0,0,0,normal,0,72,92
10/23/2025 22:00,72,3,Thursday,10,0,0,random_or_none,0,sunny,0.066,260,0,0,0,0,0,0,0,normal,0,74,80
10/23/2025 23:00,74,3,Thursday,10,0,0,random_or_none,5,windy,0.778,260,0,0,0,0,0,0,0,extreme_weather,2,70,68
10/24/2025 0:00,70,4,Friday,10,0,0,random_or_none,1,rainy,0.7,260,0,0,0,0,0,0,0,normal,0,73,59
10/24/2025 1:00,73,4,Friday,10,0,0,random_or_none,5,windy,0.363,260,0,0,0,0,0,0,0,normal,0,65,51
10/24/2025 2:00,65,4,Friday,10,0,0,random_or_none,0,sunny,0.062,260,0,0,0,0,0,0,0,normal,0,71,48
10/24/2025 3:00,71,4,Friday,10,0,0,random_or_none,4,dusty,0.667,260,0,0,0,0,0,0,0,normal,0,59,46
10/24/2025 4:00,59,4,Friday,10,0,0,random_or_none,0,sunny,0.087,260,0,0,0,0,0,0,0,normal,0,64,44
10/24/2025 5:00,64,4,Friday,10,0,0,random_or_none,4,dusty,0.385,260,0,0,0,0,0,0,0,normal,0,69,45
10/24/2025 6:00,69,4,Friday,10,0,0,random_or_none,0,sunny,0.134,260,0,0,0,0,0,0,0,normal,0,68,48
10/24/2025 7:00,68,4,Friday,10,0,0,random_or_none,0,sunny,0.324,260,0,0,0,0,0,0,0,normal,0,72,51
10/24/2025 8:00,72,4,Friday,10,0,0,random_or_none,0,sunny,0.232,260,0,0,0,0,0,0,0,normal,0,80,59
10/24/2025 9:00,80,4,Friday,10,0,0,random_or_none,3,hot,0.833,260,0,0,0,0,0,0,0,extreme_weather,2,81,64
10/24/2025 10:00,81,4,Friday,10,0,0,random_or_none,0,sunny,0.348,260,0,0,0,0,0,0,0,normal,0,88,73
10/24/2025 11:00,88,4,Friday,10,0,0,random_or_none,0,sunny,0.221,260,0,0,0,0,0,0,0,normal,0,94,79
10/24/2025 12:00,94,4,Friday,10,0,0,random_or_none,4,dusty,0.2,260,0,0,0,0,0,0,0,normal,0,97,79
10/24/2025 13:00,97,4,Friday,10,0,0,random_or_none,0,sunny,0.024,260,0,0,0,0,0,0,0,normal,0,103,80
10/24/2025 14:00,103,4,Friday,10,0,0,random_or_none,5,windy,0.403,260,0,0,0,0,0,0,0,normal,0,102,86
10/24/2025 15:00,102,4,Friday,10,0,0,random_or_none,1,rainy,0.419,260,0,0,0,0,0,0,0,normal,0,101,82
10/24/2025 16:00,101,4,Friday,10,0,0,random_or_none,0,sunny,0.069,260,0,0,0,0,0,0,0,normal,0,106,88
10/24/2025 17:00,106,4,Friday,10,0,0,random_or_none,3,hot,0.934,260,0,0,0,0,0,0,0,extreme_weather,2,106,90
10/24/2025 18:00,106,4,Friday,10,0,0,random_or_none,1,rainy,0.413,260,0,0,0,0,0,0,0,normal,0,97,78
10/24/2025 19:00,97,4,Friday,10,0,0,random_or_none,0,sunny,0.226,260,0,0,0,0,0,0,0,normal,0,94,69
10/24/2025 20:00,94,4,Friday,10,0,0,random_or_none,0,sunny,0.166,260,0,0,0,0,0,0,0,normal,0,92,78
10/24/2025 21:00,92,4,Friday,10,0,0,random_or_none,4,dusty,0.428,260,0,0,0,0,0,0,0,normal,0,80,74
10/24/2025 22:00,80,4,Friday,10,0,0,random_or_none,0,sunny,0.205,260,0,0,0,0,0,0,0,normal,0,68,67
10/24/2025 23:00,68,4,Friday,10,0,0,random_or_none,0,sunny,0.204,260,0,0,0,0,0,0,0,normal,0,59,62
10/25/2025 0:00,59,5,Saturday,10,1,0,random_or_none,3,hot,0.382,260,0,0,0,0,0,0,0,normal,0,51,61
10/25/2025 1:00,51,5,Saturday,10,1,0,random_or_none,3,hot,0.439,260,0,0,0,0,0,0,0,normal,0,48,50
10/25/2025 2:00,48,5,Saturday,10,1,0,random_or_none,5,windy,0.586,260,0,0,0,0,0,0,0,normal,0,46,51
10/25/2025 3:00,46,5,Saturday,10,1,0,random_or_none,0,sunny,0.002,260,0,0,0,0,0,0,0,normal,0,44,44
10/25/2025 4:00,44,5,Saturday,10,1,0,random_or_none,0,sunny,0.249,260,0,0,0,0,0,0,0,normal,0,45,44
10/25/2025 5:00,45,5,Saturday,10,1,0,random_or_none,0,sunny,0.316,260,0,0,0,0,0,0,0,normal,0,48,103
10/25/2025 6:00,48,5,Saturday,10,1,0,random_or_none,4,dusty,0.527,260,0,0,0,0,0,0,0,normal,0,51,85
10/25/2025 7:00,51,5,Saturday,10,1,0,random_or_none,0,sunny,0.218,260,0,0,0,0,0,0,0,normal,0,59,76
10/25/2025 8:00,59,5,Saturday,10,1,0,random_or_none,4,dusty,0.31,260,0,0,0,0,0,0,0,normal,0,64,73
10/25/2025 9:00,64,5,Saturday,10,1,0,random_or_none,3,hot,0.516,260,0,0,0,0,0,0,0,normal,0,73,75
10/25/2025 10:00,73,5,Saturday,10,1,0,random_or_none,1,rainy,0.911,260,0,0,0,0,0,0,0,extreme_weather,2,79,76
10/25/2025 11:00,79,5,Saturday,10,1,0,random_or_none,3,hot,0.249,260,0,0,0,0,0,0,0,normal,0,79,71
10/25/2025 12:00,79,5,Saturday,10,1,0,random_or_none,0,sunny,0.279,260,0,0,0,0,0,0,0,normal,0,80,78
10/25/2025 13:00,80,5,Saturday,10,1,0,random_or_none,0,sunny,0.067,260,0,0,0,0,0,0,0,normal,0,86,82
10/25/2025 14:00,86,5,Saturday,10,1,0,random_or_none,5,windy,0.313,260,0,0,0,0,0,0,0,normal,0,82,88
10/25/2025 15:00,82,5,Saturday,10,1,0,random_or_none,0,sunny,0.338,260,0,0,0,0,0,0,0,normal,0,88,86
10/25/2025 16:00,88,5,Saturday,10,1,0,random_or_none,3,hot,0.897,260,0,0,0,0,0,0,0,extreme_weather,2,90,87
10/25/2025 17:00,90,5,Saturday,10,1,0,random_or_none,4,dusty,0.751,260,0,0,0,0,0,0,0,extreme_weather,2,78,85
10/25/2025 18:00,78,5,Saturday,10,1,0,random_or_none,0,sunny,0.138,260,0,0,0,0,0,0,0,normal,0,69,83
10/25/2025 19:00,69,5,Saturday,10,1,0,random_or_none,0,sunny,0.348,260,0,0,0,0,0,0,0,normal,0,78,90
10/25/2025 20:00,78,5,Saturday,10,1,0,random_or_none,1,rainy,0.924,260,0,0,0,0,0,0,0,extreme_weather,2,74,84
10/25/2025 21:00,74,5,Saturday,10,1,0,random_or_none,0,sunny,0.014,260,0,0,0,0,0,0,0,normal,0,67,76
10/25/2025 22:00,67,5,Saturday,10,1,0,random_or_none,0,sunny,0.109,260,0,0,0,0,0,0,0,normal,0,62,65
10/25/2025 23:00,62,5,Saturday,10,1,0,random_or_none,2,cold,0.8,260,0,0,0,0,0,0,0,extreme_weather,2,61,65
10/26/2025 0:00,61,6,Sunday,10,1,0,random_or_none,4,dusty,0.57,260,0,0,0,0,0,0,0,normal,0,50,64
10/26/2025 1:00,50,6,Sunday,10,1,0,random_or_none,5,windy,0.377,260,0,0,0,0,0,0,0,normal,0,51,60
10/26/2025 2:00,51,6,Sunday,10,1,0,random_or_none,4,dusty,0.872,260,0,0,0,0,0,0,0,extreme_weather,2,44,61
10/26/2025 3:00,44,6,Sunday,10,1,0,random_or_none,0,sunny,0.118,260,0,0,0,0,0,0,0,normal,0,44,59
10/26/2025 4:00,44,6,Sunday,10,1,0,random_or_none,5,windy,0.189,260,0,0,0,0,0,0,0,normal,0,103,60
10/26/2025 5:00,103,6,Sunday,10,1,0,random_or_none,4,dusty,0.841,260,0,1,116.97,0,0,0,0,emergency_spike,5,85,65
10/26/2025 6:00,85,6,Sunday,10,1,0,random_or_none,4,dusty,0.649,260,0,0,0,0,0,0,0,normal,0,76,65
10/26/2025 7:00,76,6,Sunday,10,1,0,random_or_none,4,dusty,0.803,260,0,0,0,0,0,0,0,extreme_weather,2,73,67
10/26/2025 8:00,73,6,Sunday,10,1,0,random_or_none,0,sunny,0.151,260,0,0,0,0,0,0,0,normal,0,75,76
10/26/2025 9:00,75,6,Sunday,10,1,0,random_or_none,3,hot,0.575,260,0,0,0,0,0,0,0,normal,0,76,80
10/26/2025 10:00,76,6,Sunday,10,1,0,random_or_none,3,hot,0.538,260,0,0,0,0,0,0,0,normal,0,71,89
10/26/2025 11:00,71,6,Sunday,10,1,0,random_or_none,4,dusty,0.375,260,0,0,0,0,0,0,0,normal,0,78,86
10/26/2025 12:00,78,6,Sunday,10,1,0,random_or_none,4,dusty,0.365,260,0,0,0,0,0,0,0,normal,0,82,91
10/26/2025 13:00,82,6,Sunday,10,1,0,random_or_none,1,rainy,0.611,260,0,0,0,0,0,0,0,normal,0,88,104
10/26/2025 14:00,88,6,Sunday,10,1,0,random_or_none,3,hot,0.926,260,0,0,0,0,0,0,0,extreme_weather,2,86,99
10/26/2025 15:00,86,6,Sunday,10,1,0,random_or_none,3,hot,0.563,260,0,0,0,0,0,0,0,normal,0,87,107
10/26/2025 16:00,87,6,Sunday,10,1,0,random_or_none,2,cold,0.789,260,0,0,0,0,0,0,0,extreme_weather,2,85,106
10/26/2025 17:00,85,6,Sunday,10,1,0,random_or_none,5,windy,0.492,260,0,0,0,0,0,0,0,normal,0,83,104
10/26/2025 18:00,83,6,Sunday,10,1,0,random_or_none,0,sunny,0.215,260,0,0,0,0,0,0,0,normal,0,90,103
10/26/2025 19:00,90,6,Sunday,10,1,0,random_or_none,4,dusty,0.711,260,0,0,0,0,0,0,0,normal,0,84,97
10/26/2025 20:00,84,6,Sunday,10,1,0,random_or_none,4,dusty,0.688,260,0,0,0,0,0,0,0,normal,0,76,93
10/26/2025 21:00,76,6,Sunday,10,1,0,random_or_none,0,sunny,0.002,260,0,0,0,0,0,0,0,normal,0,65,83
10/26/2025 22:00,65,6,Sunday,10,1,0,random_or_none,5,windy,0.642,260,0,0,0,0,0,0,0,normal,0,65,78
10/26/2025 23:00,65,6,Sunday,10,1,0,random_or_none,3,hot,0.769,260,0,0,0,0,0,0,0,extreme_weather,2,64,81
10/27/2025 0:00,64,0,Monday,10,0,0,random_or_none,0,sunny,0.202,260,0,0,0,0,0,0,0,normal,0,60,82
10/27/2025 1:00,60,0,Monday,10,0,0,random_or_none,0,sunny,0.132,260,0,0,0,0,0,0,0,normal,0,61,72
10/27/2025 2:00,61,0,Monday,10,0,0,random_or_none,1,rainy,0.25,260,0,0,0,0,0,0,0,normal,0,59,59
10/27/2025 3:00,59,0,Monday,10,0,0,random_or_none,0,sunny,0.203,260,0,0,0,0,0,0,0,normal,0,60,94
10/27/2025 4:00,60,0,Monday,10,0,0,random_or_none,4,dusty,0.393,260,0,0,0,0,0,0,0,normal,0,65,80
10/27/2025 5:00,65,0,Monday,10,0,0,random_or_none,0,sunny,0.13,260,0,0,0,0,0,0,0,normal,0,65,77
10/27/2025 6:00,65,0,Monday,10,0,0,random_or_none,0,sunny,0.286,260,0,0,0,0,0,0,0,normal,0,67,72
10/27/2025 7:00,67,0,Monday,10,0,0,random_or_none,3,hot,0.431,260,0,0,0,0,0,0,0,normal,0,76,72
10/27/2025 8:00,76,0,Monday,10,0,0,random_or_none,0,sunny,0.231,260,0,0,0,0,0,0,0,normal,0,80,70
10/27/2025 9:00,80,0,Monday,10,0,0,random_or_none,1,rainy,0.171,260,0,0,0,0,0,0,0,normal,0,89,81
10/27/2025 10:00,89,0,Monday,10,0,0,random_or_none,0,sunny,0.038,260,0,0,0,0,0,0,0,normal,0,86,78
10/27/2025 11:00,86,0,Monday,10,0,0,random_or_none,0,sunny,0.265,260,0,0,0,0,0,0,0,normal,0,91,83
10/27/2025 12:00,91,0,Monday,10,0,0,random_or_none,0,sunny,0.299,260,0,0,0,0,0,0,0,normal,0,104,86
10/27/2025 13:00,104,0,Monday,10,0,0,random_or_none,3,hot,0.887,260,0,0,0,0,0,0,0,extreme_weather,2,99,91
10/27/2025 14:00,99,0,Monday,10,0,0,random_or_none,0,sunny,0.047,260,0,0,0,0,0,0,0,normal,0,107,100
10/27/2025 15:00,107,0,Monday,10,0,0,random_or_none,4,dusty,0.851,260,0,0,0,0,0,0,0,extreme_weather,2,106,100
10/27/2025 16:00,106,0,Monday,10,0,0,random_or_none,2,cold,0.249,260,0,0,0,0,0,0,0,normal,0,104,103
10/27/2025 17:00,104,0,Monday,10,0,0,random_or_none,5,windy,0.234,260,0,0,0,0,0,0,0,normal,0,103,100
10/27/2025 18:00,103,0,Monday,10,0,0,random_or_none,0,sunny,0.31,260,0,0,0,0,0,0,0,normal,0,97,98
10/27/2025 19:00,97,0,Monday,10,0,0,random_or_none,3,hot,0.334,260,0,0,0,0,0,0,0,normal,0,93,91
10/27/2025 20:00,93,0,Monday,10,0,0,random_or_none,0,sunny,0.155,260,0,0,0,0,0,0,0,normal,0,83,93
10/27/2025 21:00,83,0,Monday,10,0,0,random_or_none,1,rainy,0.246,260,0,0,0,0,0,0,0,normal,0,78,89
10/27/2025 22:00,78,0,Monday,10,0,0,random_or_none,0,sunny,0.111,260,0,0,0,0,0,0,0,normal,0,81,78
10/27/2025 23:00,81,0,Monday,10,0,0,random_or_none,5,windy,0.313,260,0,0,0,0,0,0,0,normal,0,82,72
10/28/2025 0:00,82,1,Tuesday,10,0,0,random_or_none,3,hot,0.913,260,0,0,0,0,0,0,0,extreme_weather,2,72,66
10/28/2025 1:00,72,1,Tuesday,10,0,0,random_or_none,2,cold,0.478,260,0,0,0,0,0,0,0,normal,0,59,61
10/28/2025 2:00,59,1,Tuesday,10,0,0,random_or_none,0,sunny,0.286,260,0,0,0,0,0,0,0,normal,0,94,58
10/28/2025 3:00,94,1,Tuesday,10,0,0,random_or_none,5,windy,0.655,260,0,1,59.87,0,0,0,0,emergency_spike,5,80,51
10/28/2025 4:00,80,1,Tuesday,10,0,0,random_or_none,1,rainy,0.226,260,0,0,0,0,0,0,0,normal,0,77,51
10/28/2025 5:00,77,1,Tuesday,10,0,0,random_or_none,3,hot,0.448,260,0,0,0,0,0,0,0,normal,0,72,64
10/28/2025 6:00,72,1,Tuesday,10,0,0,random_or_none,0,sunny,0.016,260,0,0,0,0,0,0,0,normal,0,72,68
10/28/2025 7:00,72,1,Tuesday,10,0,0,random_or_none,0,sunny,0.19,260,0,0,0,0,0,0,0,normal,0,70,74
10/28/2025 8:00,70,1,Tuesday,10,0,0,random_or_none,0,sunny,0.092,260,0,0,0,0,0,0,0,normal,0,81,76
10/28/2025 9:00,81,1,Tuesday,10,0,0,random_or_none,3,hot,0.663,260,0,0,0,0,0,0,0,normal,0,78,78
10/28/2025 10:00,78,1,Tuesday,10,0,0,random_or_none,0,sunny,0.022,260,0,0,0,0,0,0,0,normal,0,83,87
10/28/2025 11:00,83,1,Tuesday,10,0,0,random_or_none,5,windy,0.307,260,0,0,0,0,0,0,0,normal,0,86,91
10/28/2025 12:00,86,1,Tuesday,10,0,0,random_or_none,0,sunny,0.066,260,0,0,0,0,0,0,0,normal,0,91,92
10/28/2025 13:00,91,1,Tuesday,10,0,0,random_or_none,0,sunny,0.107,260,0,0,0,0,0,0,0,normal,0,100,96
10/28/2025 14:00,100,1,Tuesday,10,0,0,random_or_none,0,sunny,0.023,260,0,0,0,0,0,0,0,normal,0,100,99
10/28/2025 15:00,100,1,Tuesday,10,0,0,random_or_none,0,sunny,0.004,260,0,0,0,0,0,0,0,normal,0,103,98
10/28/2025 16:00,103,1,Tuesday,10,0,0,random_or_none,0,sunny,0.082,260,0,0,0,0,0,0,0,normal,0,100,94
10/28/2025 17:00,100,1,Tuesday,10,0,0,random_or_none,0,sunny,0.017,260,0,0,0,0,0,0,0,normal,0,98,91
10/28/2025 18:00,98,1,Tuesday,10,0,0,random_or_none,2,cold,0.21,260,0,0,0,0,0,0,0,normal,0,91,90
10/28/2025 19:00,91,1,Tuesday,10,0,0,random_or_none,0,sunny,0.264,260,0,0,0,0,0,0,0,normal,0,93,92
10/28/2025 20:00,93,1,Tuesday,10,0,0,random_or_none,3,hot,0.676,260,0,0,0,0,0,0,0,normal,0,89,98
10/28/2025 21:00,89,1,Tuesday,10,0,0,random_or_none,3,hot,0.761,260,0,0,0,0,0,0,0,extreme_weather,2,78,90
10/28/2025 22:00,78,1,Tuesday,10,0,0,random_or_none,3,hot,0.616,260,0,0,0,0,0,0,0,normal,0,72,89
10/28/2025 23:00,72,1,Tuesday,10,0,0,random_or_none,3,hot,0.489,260,0,0,0,0,0,0,0,normal,0,66,70
10/29/2025 0:00,66,2,Wednesday,10,0,0,random_or_none,1,rainy,0.842,260,0,0,0,0,0,0,0,extreme_weather,2,61,68
10/29/2025 1:00,61,2,Wednesday,10,0,0,random_or_none,0,sunny,0.075,260,0,0,0,0,0,0,0,normal,0,58,97
10/29/2025 2:00,58,2,Wednesday,10,0,0,random_or_none,3,hot,0.609,260,0,0,0,0,0,0,0,normal,0,51,91
10/29/2025 3:00,51,2,Wednesday,10,0,0,random_or_none,0,sunny,0.177,260,0,0,0,0,0,0,0,normal,0,51,76
10/29/2025 4:00,51,2,Wednesday,10,0,0,random_or_none,0,sunny,0.041,260,0,0,0,0,0,0,0,normal,0,64,74
10/29/2025 5:00,64,2,Wednesday,10,0,0,random_or_none,1,rainy,0.797,260,0,0,0,0,0,0,0,extreme_weather,2,68,68
10/29/2025 6:00,68,2,Wednesday,10,0,0,random_or_none,4,dusty,0.542,260,0,0,0,0,0,0,0,normal,0,74,72
10/29/2025 7:00,74,2,Wednesday,10,0,0,random_or_none,5,windy,0.173,260,0,0,0,0,0,0,0,normal,0,76,75
10/29/2025 8:00,76,2,Wednesday,10,0,0,random_or_none,3,hot,0.472,260,0,0,0,0,0,0,0,normal,0,78,74
10/29/2025 9:00,78,2,Wednesday,10,0,0,random_or_none,3,hot,0.236,260,0,0,0,0,0,0,0,normal,0,87,80
10/29/2025 10:00,87,2,Wednesday,10,0,0,random_or_none,4,dusty,0.582,260,0,0,0,0,0,0,0,normal,0,91,89
10/29/2025 11:00,91,2,Wednesday,10,0,0,random_or_none,2,cold,0.578,260,0,0,0,0,0,0,0,normal,0,92,90
10/29/2025 12:00,92,2,Wednesday,10,0,0,random_or_none,0,sunny,0.049,260,0,0,0,0,0,0,0,normal,0,96,97
10/29/2025 13:00,96,2,Wednesday,10,0,0,random_or_none,0,sunny,0.082,260,0,0,0,0,0,0,0,normal,0,99,93
10/29/2025 14:00,99,2,Wednesday,10,0,0,random_or_none,0,sunny,0.197,260,0,0,0,0,0,0,0,normal,0,98,94
10/29/2025 15:00,98,2,Wednesday,10,0,0,random_or_none,0,sunny,0.147,260,0,0,0,0,0,0,0,normal,0,94,102
10/29/2025 16:00,94,2,Wednesday,10,0,0,random_or_none,0,sunny,0.019,260,0,0,0,0,0,0,0,normal,0,91,104
10/29/2025 17:00,91,2,Wednesday,10,0,0,random_or_none,0,sunny,0.196,260,0,0,0,0,0,0,0,normal,0,90,100
10/29/2025 18:00,90,2,Wednesday,10,0,0,random_or_none,0,sunny,0.313,260,0,0,0,0,0,0,0,normal,0,92,103
10/29/2025 19:00,92,2,Wednesday,10,0,0,random_or_none,4,dusty,0.705,260,0,0,0,0,0,0,0,normal,0,98,147
10/29/2025 20:00,98,2,Wednesday,10,0,0,random_or_none,1,rainy,0.83,260,0,0,0,0,0,0,0,extreme_weather,2,90,122
10/29/2025 21:00,90,2,Wednesday,10,0,0,random_or_none,3,hot,0.481,260,0,0,0,0,0,0,0,normal,0,89,107
10/29/2025 22:00,89,2,Wednesday,10,0,0,random_or_none,1,rainy,0.85,260,0,0,0,0,0,0,0,extreme_weather,2,70,87
10/29/2025 23:00,70,2,Wednesday,10,0,0,random_or_none,0,sunny,0.251,260,0,0,0,0,0,0,0,normal,0,68,80
10/30/2025 0:00,68,3,Thursday,10,0,0,random_or_none,2,cold,0.699,260,0,0,0,0,0,0,0,normal,0,97,78
10/30/2025 1:00,97,3,Thursday,10,0,0,random_or_none,4,dusty,0.709,260,0,1,66.5,0,0,0,0,emergency_spike,5,91,71
10/30/2025 2:00,91,3,Thursday,10,0,0,random_or_none,4,dusty,0.664,260,0,0,0,0,0,0,0,normal,0,76,65
10/30/2025 3:00,76,3,Thursday,10,0,0,random_or_none,4,dusty,0.421,260,0,0,0,0,0,0,0,normal,0,74,62
10/30/2025 4:00,74,3,Thursday,10,0,0,random_or_none,0,sunny,0.234,260,0,0,0,0,0,0,0,normal,0,68,63
10/30/2025 5:00,68,3,Thursday,10,0,0,random_or_none,0,sunny,0.311,260,0,0,0,0,0,0,0,normal,0,72,59
10/30/2025 6:00,72,3,Thursday,10,0,0,random_or_none,2,cold,0.514,260,0,0,0,0,0,0,0,normal,0,75,62
10/30/2025 7:00,75,3,Thursday,10,0,0,random_or_none,1,rainy,0.269,260,0,0,0,0,0,0,0,normal,0,74,66
10/30/2025 8:00,74,3,Thursday,10,0,0,random_or_none,4,dusty,0.425,260,0,0,0,0,0,0,0,normal,0,80,71
10/30/2025 9:00,80,3,Thursday,10,0,0,random_or_none,3,hot,0.482,260,0,0,0,0,0,0,0,normal,0,89,78
10/30/2025 10:00,89,3,Thursday,10,0,0,random_or_none,4,dusty,0.935,260,0,0,0,0,0,0,0,extreme_weather,2,90,83
10/30/2025 11:00,90,3,Thursday,10,0,0,random_or_none,0,sunny,0.114,260,0,0,0,0,0,0,0,normal,0,97,86
10/30/2025 12:00,97,3,Thursday,10,0,0,random_or_none,4,dusty,0.695,260,0,0,0,0,0,0,0,normal,0,93,92
10/30/2025 13:00,93,3,Thursday,10,0,0,random_or_none,0,sunny,0.294,260,0,0,0,0,0,0,0,normal,0,94,98
10/30/2025 14:00,94,3,Thursday,10,0,0,random_or_none,4,dusty,0.625,260,0,0,0,0,0,0,0,normal,0,102,97
10/30/2025 15:00,102,3,Thursday,10,0,0,random_or_none,3,hot,0.799,260,0,0,0,0,0,0,0,extreme_weather,2,104,97
10/30/2025 16:00,104,3,Thursday,10,0,0,random_or_none,0,sunny,0.272,260,0,0,0,0,0,0,0,normal,0,100,93
10/30/2025 17:00,100,3,Thursday,10,0,0,random_or_none,0,sunny,0.162,260,0,0,0,0,0,0,0,normal,0,103,101
10/30/2025 18:00,103,3,Thursday,10,0,0,random_or_none,5,windy,0.525,260,0,0,0,0,0,0,0,normal,0,147,105
10/30/2025 19:00,147,3,Thursday,10,0,0,random_or_none,3,hot,0.377,260,0,1,98.61,0,0,0,0,emergency_spike,5,122,103
10/30/2025 20:00,122,3,Thursday,10,0,0,random_or_none,0,sunny,0.325,260,0,0,0,0,0,0,0,normal,0,107,97
10/30/2025 21:00,107,3,Thursday,10,0,0,random_or_none,4,dusty,0.416,260,0,0,0,0,0,0,0,normal,0,87,91
10/30/2025 22:00,87,3,Thursday,10,0,0,random_or_none,0,sunny,0.093,260,0,0,0,0,0,0,0,normal,0,80,84
10/30/2025 23:00,80,3,Thursday,10,0,0,random_or_none,3,hot,0.25,260,0,0,0,0,0,0,0,normal,0,78,94
10/31/2025 0:00,78,4,Friday,10,0,0,random_or_none,3,hot,0.868,260,0,0,0,0,0,0,0,extreme_weather,2,71,72
10/31/2025 1:00,71,4,Friday,10,0,0,random_or_none,5,windy,0.495,260,0,0,0,0,0,0,0,normal,0,65,61
10/31/2025 2:00,65,4,Friday,10,0,0,random_or_none,5,windy,0.416,260,0,0,0,0,0,0,0,normal,0,62,55
10/31/2025 3:00,62,4,Friday,10,0,0,random_or_none,2,cold,0.695,260,0,0,0,0,0,0,0,normal,0,63,46
10/31/2025 4:00,63,4,Friday,10,0,0,random_or_none,0,sunny,0.133,260,0,0,0,0,0,0,0,normal,0,59,50
10/31/2025 5:00,59,4,Friday,10,0,0,random_or_none,0,sunny,0.026,260,0,0,0,0,0,0,0,normal,0,62,52
10/31/2025 6:00,62,4,Friday,10,0,0,random_or_none,0,sunny,0.023,260,0,0,0,0,0,0,0,normal,0,66,49
10/31/2025 7:00,66,4,Friday,10,0,0,random_or_none,0,sunny,0.133,260,0,0,0,0,0,0,0,normal,0,71,58
10/31/2025 8:00,71,4,Friday,10,0,0,random_or_none,0,sunny,0.141,260,0,0,0,0,0,0,0,normal,0,78,58
10/31/2025 9:00,78,4,Friday,10,0,0,random_or_none,5,windy,0.282,260,0,0,0,0,0,0,0,normal,0,83,60
10/31/2025 10:00,83,4,Friday,10,0,0,random_or_none,0,sunny,0.057,260,0,0,0,0,0,0,0,normal,0,86,63
10/31/2025 11:00,86,4,Friday,10,0,0,random_or_none,2,cold,0.283,260,0,0,0,0,0,0,0,normal,0,92,89
10/31/2025 12:00,92,4,Friday,10,0,0,random_or_none,5,windy,0.57,260,0,0,0,0,0,0,0,normal,0,98,79
10/31/2025 13:00,98,4,Friday,10,0,0,random_or_none,0,sunny,0.143,260,0,0,0,0,0,0,0,normal,0,97,82
10/31/2025 14:00,97,4,Friday,10,0,0,random_or_none,0,sunny,0.268,260,0,0,0,0,0,0,0,normal,0,97,88
10/31/2025 15:00,97,4,Friday,10,0,0,random_or_none,0,sunny,0.277,260,0,0,0,0,0,0,0,normal,0,93,86
10/31/2025 16:00,93,4,Friday,10,0,0,random_or_none,0,sunny,0.289,260,0,0,0,0,0,0,0,normal,0,101,92
10/31/2025 17:00,101,4,Friday,10,0,0,random_or_none,5,windy,0.551,260,0,0,0,0,0,0,0,normal,0,105,94
10/31/2025 18:00,105,4,Friday,10,0,0,random_or_none,3,hot,0.726,260,0,0,0,0,0,0,0,normal,0,103,90
10/31/2025 19:00,103,4,Friday,10,0,0,random_or_none,5,windy,0.585,260,0,0,0,0,0,0,0,normal,0,97,85
10/31/2025 20:00,97,4,Friday,10,0,0,random_or_none,0,sunny,0.011,260,0,0,0,0,0,0,0,normal,0,91,82
10/31/2025 21:00,91,4,Friday,10,0,0,random_or_none,0,sunny,0.08,260,0,0,0,0,0,0,0,normal,0,84,74
10/31/2025 22:00,84,4,Friday,10,0,0,random_or_none,0,sunny,0.072,260,0,0,0,0,0,0,0,normal,0,94,65
10/31/2025 23:00,94,4,Friday,10,0,0,random_or_none,3,hot,0.556,260,0,1,36.52,0,0,0,0,emergency_spike,5,72,56
11/1/2025 0:00,72,5,Saturday,11,1,0,random_or_none,2,cold,0.337,260,0,0,0,0,0,0,0,normal,0,61,51
11/1/2025 1:00,61,5,Saturday,11,1,0,random_or_none,1,rainy,0.856,260,0,0,0,0,0,0,0,extreme_weather,2,55,49
11/1/2025 2:00,55,5,Saturday,11,1,0,random_or_none,1,rainy,0.319,260,0,0,0,0,0,0,0,normal,0,46,47
11/1/2025 3:00,46,5,Saturday,11,1,0,random_or_none,0,sunny,0.063,260,0,0,0,0,0,0,0,normal,0,50,44
11/1/2025 4:00,50,5,Saturday,11,1,0,random_or_none,1,rainy,0.541,260,0,0,0,0,0,0,0,normal,0,52,45
11/1/2025 5:00,52,5,Saturday,11,1,0,random_or_none,1,rainy,0.785,260,0,0,0,0,0,0,0,extreme_weather,2,49,44
11/1/2025 6:00,49,5,Saturday,11,1,0,random_or_none,0,sunny,0.099,260,0,0,0,0,0,0,0,normal,0,58,51
11/1/2025 7:00,58,5,Saturday,11,1,0,random_or_none,1,rainy,0.559,260,0,0,0,0,0,0,0,normal,0,58,50
11/1/2025 8:00,58,5,Saturday,11,1,0,random_or_none,0,sunny,0.152,260,0,0,0,0,0,0,0,normal,0,60,58
11/1/2025 9:00,60,5,Saturday,11,1,0,random_or_none,0,sunny,0.073,260,0,0,0,0,0,0,0,normal,0,63,65
11/1/2025 10:00,63,5,Saturday,11,1,0,random_or_none,0,sunny,0.31,260,0,0,0,0,0,0,0,normal,0,89,75
11/1/2025 11:00,89,5,Saturday,11,1,0,random_or_none,0,sunny,0.282,260,0,1,34.53,0,0,0,0,emergency_spike,5,79,73
11/1/2025 12:00,79,5,Saturday,11,1,0,random_or_none,0,sunny,0.31,260,0,0,0,0,0,0,0,normal,0,82,84
11/1/2025 13:00,82,5,Saturday,11,1,0,random_or_none,0,sunny,0.342,260,0,0,0,0,0,0,0,normal,0,88,84
11/1/2025 14:00,88,5,Saturday,11,1,0,random_or_none,5,windy,0.308,260,0,0,0,0,0,0,0,normal,0,86,83
11/1/2025 15:00,86,5,Saturday,11,1,0,random_or_none,3,hot,0.328,260,0,0,0,0,0,0,0,normal,0,92,86
11/1/2025 16:00,92,5,Saturday,11,1,0,random_or_none,5,windy,0.596,260,0,0,0,0,0,0,0,normal,0,94,84
11/1/2025 17:00,94,5,Saturday,11,1,0,random_or_none,4,dusty,0.796,260,0,0,0,0,0,0,0,extreme_weather,2,90,90
11/1/2025 18:00,90,5,Saturday,11,1,0,random_or_none,0,sunny,0.044,260,0,0,0,0,0,0,0,normal,0,85,83
11/1/2025 19:00,85,5,Saturday,11,1,0,random_or_none,0,sunny,0.289,260,0,0,0,0,0,0,0,normal,0,82,85
11/1/2025 20:00,82,5,Saturday,11,1,0,random_or_none,3,hot,0.772,260,0,0,0,0,0,0,0,extreme_weather,2,74,80
11/1/2025 21:00,74,5,Saturday,11,1,0,random_or_none,4,dusty,0.394,260,0,0,0,0,0,0,0,normal,0,65,75
11/1/2025 22:00,65,5,Saturday,11,1,0,random_or_none,0,sunny,0.195,260,0,0,0,0,0,0,0,normal,0,56,68
11/1/2025 23:00,56,5,Saturday,11,1,0,random_or_none,0,sunny,0.298,260,0,0,0,0,0,0,0,normal,0,51,59
11/2/2025 0:00,51,6,Sunday,11,1,0,random_or_none,0,sunny,0.145,260,0,0,0,0,0,0,0,normal,0,49,62
11/2/2025 1:00,49,6,Sunday,11,1,0,random_or_none,5,windy,0.943,260,0,0,0,0,0,0,0,extreme_weather,2,47,63
11/2/2025 2:00,47,6,Sunday,11,1,0,random_or_none,1,rainy,0.556,260,0,0,0,0,0,0,0,normal,0,44,59
11/2/2025 3:00,44,6,Sunday,11,1,0,random_or_none,0,sunny,0.248,260,0,0,0,0,0,0,0,normal,0,45,61
11/2/2025 4:00,45,6,Sunday,11,1,0,random_or_none,5,windy,0.708,260,0,0,0,0,0,0,0,normal,0,44,62
11/2/2025 5:00,44,6,Sunday,11,1,0,random_or_none,0,sunny,0.239,260,0,0,0,0,0,0,0,normal,0,51,65
11/2/2025 6:00,51,6,Sunday,11,1,0,random_or_none,0,sunny,0.21,260,0,0,0,0,0,0,0,normal,0,50,68
11/2/2025 7:00,50,6,Sunday,11,1,0,random_or_none,1,rainy,0.232,260,0,0,0,0,0,0,0,normal,0,58,77
11/2/2025 8:00,58,6,Sunday,11,1,0,random_or_none,2,cold,0.633,260,0,0,0,0,0,0,0,normal,0,65,81
11/2/2025 9:00,65,6,Sunday,11,1,0,random_or_none,5,windy,0.558,260,0,0,0,0,0,0,0,normal,0,75,78
11/2/2025 10:00,75,6,Sunday,11,1,0,random_or_none,0,sunny,0.132,260,0,0,0,0,0,0,0,normal,0,73,86
11/2/2025 11:00,73,6,Sunday,11,1,0,random_or_none,0,sunny,0.328,260,0,0,0,0,0,0,0,normal,0,84,96
11/2/2025 12:00,84,6,Sunday,11,1,0,random_or_none,2,cold,0.499,260,0,0,0,0,0,0,0,normal,0,84,102
11/2/2025 13:00,84,6,Sunday,11,1,0,random_or_none,0,sunny,0.223,260,0,0,0,0,0,0,0,normal,0,83,108
11/2/2025 14:00,83,6,Sunday,11,1,0,random_or_none,0,sunny,0.331,260,0,0,0,0,0,0,0,normal,0,86,110
11/2/2025 15:00,86,6,Sunday,11,1,0,random_or_none,5,windy,0.924,260,0,0,0,0,0,0,0,extreme_weather,2,84,104
11/2/2025 16:00,84,6,Sunday,11,1,0,random_or_none,0,sunny,0.219,260,0,0,0,0,0,0,0,normal,0,90,102
11/2/2025 17:00,90,6,Sunday,11,1,0,random_or_none,0,sunny,0.224,260,0,0,0,0,0,0,0,normal,0,83,101
11/2/2025 18:00,83,6,Sunday,11,1,0,random_or_none,0,sunny,0.276,260,0,0,0,0,0,0,0,normal,0,85,109
11/2/2025 19:00,85,6,Sunday,11,1,0,random_or_none,1,rainy,0.747,260,0,0,0,0,0,0,0,normal,0,80,101
11/2/2025 20:00,80,6,Sunday,11,1,0,random_or_none,2,cold,0.359,260,0,0,0,0,0,0,0,normal,0,75,102
11/2/2025 21:00,75,6,Sunday,11,1,0,random_or_none,1,rainy,0.282,260,0,0,0,0,0,0,0,normal,0,68,98
11/2/2025 22:00,68,6,Sunday,11,1,0,random_or_none,2,cold,0.57,260,0,0,0,0,0,0,0,normal,0,59,91
11/2/2025 23:00,59,6,Sunday,11,1,0,random_or_none,2,cold,0.6,260,0,0,0,0,0,0,0,normal,0,62,80
11/3/2025 0:00,62,0,Monday,11,0,0,random_or_none,5,windy,0.845,260,0,0,0,0,0,0,0,extreme_weather,2,63,71
11/3/2025 1:00,63,0,Monday,11,0,0,random_or_none,0,sunny,0.339,260,0,0,0,0,0,0,0,normal,0,59,70
11/3/2025 2:00,59,0,Monday,11,0,0,random_or_none,0,sunny,0.199,260,0,0,0,0,0,0,0,normal,0,61,73
11/3/2025 3:00,61,0,Monday,11,0,0,random_or_none,5,windy,0.662,260,0,0,0,0,0,0,0,normal,0,62,69
11/3/2025 4:00,62,0,Monday,11,0,0,random_or_none,0,sunny,0.082,260,0,0,0,0,0,0,0,normal,0,65,65
11/3/2025 5:00,65,0,Monday,11,0,0,random_or_none,3,hot,0.64,260,0,0,0,0,0,0,0,normal,0,68,61
11/3/2025 6:00,68,0,Monday,11,0,0,random_or_none,2,cold,0.306,260,0,0,0,0,0,0,0,normal,0,77,71
11/3/2025 7:00,77,0,Monday,11,0,0,random_or_none,2,cold,0.675,260,0,0,0,0,0,0,0,normal,0,81,69
11/3/2025 8:00,81,0,Monday,11,0,0,random_or_none,1,rainy,0.88,260,0,0,0,0,0,0,0,extreme_weather,2,78,79
11/3/2025 9:00,78,0,Monday,11,0,0,random_or_none,0,sunny,0.052,260,0,0,0,0,0,0,0,normal,0,86,77
11/3/2025 10:00,86,0,Monday,11,0,0,random_or_none,0,sunny,0.213,260,0,0,0,0,0,0,0,normal,0,96,85
11/3/2025 11:00,96,0,Monday,11,0,0,random_or_none,5,windy,0.28,260,0,0,0,0,0,0,0,normal,0,102,86
11/3/2025 12:00,102,0,Monday,11,0,0,random_or_none,1,rainy,0.826,260,0,0,0,0,0,0,0,extreme_weather,2,108,95
11/3/2025 13:00,108,0,Monday,11,0,0,random_or_none,3,hot,0.71,260,0,0,0,0,0,0,0,normal,0,110,103
11/3/2025 14:00,110,0,Monday,11,0,0,random_or_none,5,windy,0.32,260,0,0,0,0,0,0,0,normal,0,104,105
11/3/2025 15:00,104,0,Monday,11,0,0,random_or_none,2,cold,0.487,260,0,0,0,0,0,0,0,normal,0,102,105
11/3/2025 16:00,102,0,Monday,11,0,0,random_or_none,0,sunny,0.161,260,0,0,0,0,0,0,0,normal,0,101,105
11/3/2025 17:00,101,0,Monday,11,0,0,random_or_none,0,sunny,0.287,260,0,0,0,0,0,0,0,normal,0,109,107
11/3/2025 18:00,109,0,Monday,11,0,0,random_or_none,1,rainy,0.785,260,0,0,0,0,0,0,0,extreme_weather,2,101,106
11/3/2025 19:00,101,0,Monday,11,0,0,random_or_none,0,sunny,0.118,260,0,0,0,0,0,0,0,normal,0,102,107
11/3/2025 20:00,102,0,Monday,11,0,0,random_or_none,5,windy,0.504,260,0,0,0,0,0,0,0,normal,0,98,98
11/3/2025 21:00,98,0,Monday,11,0,0,random_or_none,1,rainy,0.545,260,0,0,0,0,0,0,0,normal,0,91,96
11/3/2025 22:00,91,0,Monday,11,0,0,random_or_none,5,windy,0.598,260,0,0,0,0,0,0,0,normal,0,80,82
11/3/2025 23:00,80,0,Monday,11,0,0,random_or_none,0,sunny,0.264,260,0,0,0,0,0,0,0,normal,0,71,75
11/4/2025 0:00,71,1,Tuesday,11,0,0,random_or_none,0,sunny,0.217,260,0,0,0,0,0,0,0,normal,0,70,65
11/4/2025 1:00,70,1,Tuesday,11,0,0,random_or_none,1,rainy,0.383,260,0,0,0,0,0,0,0,normal,0,73,61
11/4/2025 2:00,73,1,Tuesday,11,0,0,random_or_none,1,rainy,0.551,260,0,0,0,0,0,0,0,normal,0,69,68
11/4/2025 3:00,69,1,Tuesday,11,0,0,random_or_none,0,sunny,0.241,260,0,0,0,0,0,0,0,normal,0,65,65
11/4/2025 4:00,65,1,Tuesday,11,0,0,random_or_none,5,windy,0.954,260,0,0,0,0,0,0,0,extreme_weather,2,61,64
11/4/2025 5:00,61,1,Tuesday,11,0,0,random_or_none,5,windy,0.807,260,0,0,0,0,0,0,0,extreme_weather,2,71,64
11/4/2025 6:00,71,1,Tuesday,11,0,0,random_or_none,1,rainy,0.459,260,0,0,0,0,0,0,0,normal,0,69,68
11/4/2025 7:00,69,1,Tuesday,11,0,0,random_or_none,0,sunny,0.201,260,0,0,0,0,0,0,0,normal,0,79,64
11/4/2025 8:00,79,1,Tuesday,11,0,0,random_or_none,1,rainy,0.853,260,0,0,0,0,0,0,0,extreme_weather,2,77,75
11/4/2025 9:00,77,1,Tuesday,11,0,0,random_or_none,0,sunny,0.012,260,0,0,0,0,0,0,0,normal,0,85,83
11/4/2025 10:00,85,1,Tuesday,11,0,0,random_or_none,5,windy,0.774,260,0,0,0,0,0,0,0,extreme_weather,2,86,86
11/4/2025 11:00,86,1,Tuesday,11,0,0,random_or_none,5,windy,0.863,260,0,0,0,0,0,0,0,extreme_weather,2,95,92
11/4/2025 12:00,95,1,Tuesday,11,0,0,random_or_none,0,sunny,0.026,260,0,0,0,0,0,0,0,normal,0,103,97
11/4/2025 13:00,103,1,Tuesday,11,0,0,random_or_none,4,dusty,0.543,260,0,0,0,0,0,0,0,normal,0,105,99
11/4/2025 14:00,105,1,Tuesday,11,0,0,random_or_none,1,rainy,0.91,260,0,0,0,0,0,0,0,extreme_weather,2,105,97
11/4/2025 15:00,105,1,Tuesday,11,0,0,random_or_none,1,rainy,0.639,260,0,0,0,0,0,0,0,normal,0,105,105
11/4/2025 16:00,105,1,Tuesday,11,0,0,random_or_none,1,rainy,0.192,260,0,0,0,0,0,0,0,normal,0,107,104
11/4/2025 17:00,107,1,Tuesday,11,0,0,random_or_none,2,cold,0.423,260,0,0,0,0,0,0,0,normal,0,106,105
11/4/2025 18:00,106,1,Tuesday,11,0,0,random_or_none,5,windy,0.748,260,0,0,0,0,0,0,0,normal,0,107,103
11/4/2025 19:00,107,1,Tuesday,11,0,0,random_or_none,4,dusty,0.61,260,0,0,0,0,0,0,0,normal,0,98,101
11/4/2025 20:00,98,1,Tuesday,11,0,0,random_or_none,0,sunny,0.014,260,0,0,0,0,0,0,0,normal,0,96,91
11/4/2025 21:00,96,1,Tuesday,11,0,0,random_or_none,2,cold,0.729,260,0,0,0,0,0,0,0,normal,0,82,85
11/4/2025 22:00,82,1,Tuesday,11,0,0,random_or_none,5,windy,0.377,260,0,0,0,0,0,0,0,normal,0,75,84
11/4/2025 23:00,75,1,Tuesday,11,0,0,random_or_none,2,cold,0.68,260,0,0,0,0,0,0,0,normal,0,65,81
11/5/2025 0:00,65,2,Wednesday,11,0,0,random_or_none,0,sunny,0.339,260,0,0,0,0,0,0,0,normal,0,61,74
11/5/2025 1:00,61,2,Wednesday,11,0,0,random_or_none,0,sunny,0.174,260,0,0,0,0,0,0,0,normal,0,68,73
11/5/2025 2:00,68,2,Wednesday,11,0,0,random_or_none,1,rainy,0.537,260,0,0,0,0,0,0,0,normal,0,65,71
11/5/2025 3:00,65,2,Wednesday,11,0,0,random_or_none,0,sunny,0.193,260,0,0,0,0,0,0,0,normal,0,64,72
11/5/2025 4:00,64,2,Wednesday,11,0,0,random_or_none,5,windy,0.882,260,0,0,0,0,0,0,0,extreme_weather,2,64,67
11/5/2025 5:00,64,2,Wednesday,11,0,0,random_or_none,0,sunny,0.119,260,0,0,0,0,0,0,0,normal,0,68,69
11/5/2025 6:00,68,2,Wednesday,11,0,0,random_or_none,0,sunny,0.203,260,0,0,0,0,0,0,0,normal,0,64,68
11/5/2025 7:00,64,2,Wednesday,11,0,0,random_or_none,0,sunny,0.172,260,0,0,0,0,0,0,0,normal,0,75,78
11/5/2025 8:00,75,2,Wednesday,11,0,0,random_or_none,1,rainy,0.635,260,0,0,0,0,0,0,0,normal,0,83,85
11/5/2025 9:00,83,2,Wednesday,11,0,0,random_or_none,4,dusty,0.255,260,0,0,0,0,0,0,0,normal,0,86,79
11/5/2025 10:00,86,2,Wednesday,11,0,0,random_or_none,0,sunny,0.223,260,0,0,0,0,0,0,0,normal,0,92,77
11/5/2025 11:00,92,2,Wednesday,11,0,0,random_or_none,0,sunny,0.256,260,0,0,0,0,0,0,0,normal,0,97,88
11/5/2025 12:00,97,2,Wednesday,11,0,0,random_or_none,5,windy,0.81,260,0,0,0,0,0,0,0,extreme_weather,2,99,88
11/5/2025 13:00,99,2,Wednesday,11,0,0,random_or_none,3,hot,0.739,260,0,0,0,0,0,0,0,normal,0,97,101
11/5/2025 14:00,97,2,Wednesday,11,0,0,random_or_none,1,rainy,0.17,260,0,0,0,0,0,0,0,normal,0,105,101
11/5/2025 15:00,105,2,Wednesday,11,0,0,random_or_none,5,windy,0.43,260,0,0,0,0,0,0,0,normal,0,104,102
11/5/2025 16:00,104,2,Wednesday,11,0,0,random_or_none,5,windy,0.758,260,0,0,0,0,0,0,0,extreme_weather,2,105,106
11/5/2025 17:00,105,2,Wednesday,11,0,0,random_or_none,4,dusty,0.348,260,0,0,0,0,0,0,0,normal,0,103,100
11/5/2025 18:00,103,2,Wednesday,11,0,0,random_or_none,0,sunny,0.255,260,0,0,0,0,0,0,0,normal,0,101,102
11/5/2025 19:00,101,2,Wednesday,11,0,0,random_or_none,4,dusty,0.544,260,0,0,0,0,0,0,0,normal,0,91,103
11/5/2025 20:00,91,2,Wednesday,11,0,0,random_or_none,0,sunny,0.125,260,0,0,0,0,0,0,0,normal,0,85,96
11/5/2025 21:00,85,2,Wednesday,11,0,0,random_or_none,0,sunny,0.114,260,0,0,0,0,0,0,0,normal,0,84,91
11/5/2025 22:00,84,2,Wednesday,11,0,0,random_or_none,2,cold,0.428,260,0,0,0,0,0,0,0,normal,0,81,87
11/5/2025 23:00,81,2,Wednesday,11,0,0,random_or_none,5,windy,0.458,260,0,0,0,0,0,0,0,normal,0,74,87
11/6/2025 0:00,74,3,Thursday,11,0,0,random_or_none,0,sunny,0.082,260,0,0,0,0,0,0,0,normal,0,73,112
11/6/2025 1:00,73,3,Thursday,11,0,0,random_or_none,1,rainy,0.526,260,0,0,0,0,0,0,0,normal,0,71,90
11/6/2025 2:00,71,3,Thursday,11,0,0,random_or_none,5,windy,0.732,260,0,0,0,0,0,0,0,normal,0,72,75
11/6/2025 3:00,72,3,Thursday,11,0,0,random_or_none,1,rainy,0.618,260,0,0,0,0,0,0,0,normal,0,67,72
11/6/2025 4:00,67,3,Thursday,11,0,0,random_or_none,2,cold,0.713,260,0,0,0,0,0,0,0,normal,0,69,88
11/6/2025 5:00,69,3,Thursday,11,0,0,random_or_none,0,sunny,0.245,260,0,0,0,0,0,0,0,normal,0,68,79
11/6/2025 6:00,68,3,Thursday,11,0,0,random_or_none,2,cold,0.204,260,0,0,0,0,0,0,0,normal,0,78,70
11/6/2025 7:00,78,3,Thursday,11,0,0,random_or_none,1,rainy,0.888,260,0,0,0,0,0,0,0,extreme_weather,2,85,74
11/6/2025 8:00,85,3,Thursday,11,0,0,random_or_none,1,rainy,0.786,260,0,0,0,0,0,0,0,extreme_weather,2,79,78
11/6/2025 9:00,79,3,Thursday,11,0,0,random_or_none,0,sunny,0.333,260,0,0,0,0,0,0,0,normal,0,77,83
11/6/2025 10:00,77,3,Thursday,11,0,0,random_or_none,0,sunny,0.002,260,0,0,0,0,0,0,0,normal,0,88,87
11/6/2025 11:00,88,3,Thursday,11,0,0,random_or_none,1,rainy,0.864,260,0,0,0,0,0,0,0,extreme_weather,2,88,90
11/6/2025 12:00,88,3,Thursday,11,0,0,random_or_none,2,cold,0.333,260,0,0,0,0,0,0,0,normal,0,101,100
11/6/2025 13:00,101,3,Thursday,11,0,0,random_or_none,2,cold,0.81,260,0,0,0,0,0,0,0,extreme_weather,2,101,105
11/6/2025 14:00,101,3,Thursday,11,0,0,random_or_none,1,rainy,0.448,260,0,0,0,0,0,0,0,normal,0,102,101
11/6/2025 15:00,102,3,Thursday,11,0,0,random_or_none,0,sunny,0.34,260,0,0,0,0,0,0,0,normal,0,106,100
11/6/2025 16:00,106,3,Thursday,11,0,0,random_or_none,0,sunny,0.003,260,0,0,0,0,0,0,0,normal,0,100,99
11/6/2025 17:00,100,3,Thursday,11,0,0,random_or_none,0,sunny,0.153,260,0,0,0,0,0,0,0,normal,0,102,101
11/6/2025 18:00,102,3,Thursday,11,0,0,random_or_none,0,sunny,0.065,260,0,0,0,0,0,0,0,normal,0,103,100
11/6/2025 19:00,103,3,Thursday,11,0,0,random_or_none,1,rainy,0.546,260,0,0,0,0,0,0,0,normal,0,96,101
11/6/2025 20:00,96,3,Thursday,11,0,0,random_or_none,1,rainy,0.54,260,0,0,0,0,0,0,0,normal,0,91,101
11/6/2025 21:00,91,3,Thursday,11,0,0,random_or_none,0,sunny,0.002,260,0,0,0,0,0,0,0,normal,0,87,99
11/6/2025 22:00,87,3,Thursday,11,0,0,random_or_none,5,windy,0.475,260,0,0,0,0,0,0,0,normal,0,87,89
11/6/2025 23:00,87,3,Thursday,11,0,0,random_or_none,1,rainy,0.694,260,0,0,0,0,0,0,0,normal,0,112,76
11/7/2025 0:00,112,4,Friday,11,0,0,random_or_none,1,rainy,0.698,260,0,1,76.6,0,0,0,0,emergency_spike,5,90,60
11/7/2025 1:00,90,4,Friday,11,0,0,random_or_none,2,cold,0.424,260,0,0,0,0,0,0,0,normal,0,75,55
11/7/2025 2:00,75,4,Friday,11,0,0,random_or_none,0,sunny,0.28,260,0,0,0,0,0,0,0,normal,0,72,93
11/7/2025 3:00,72,4,Friday,11,0,0,random_or_none,1,rainy,0.302,260,0,0,0,0,0,0,0,normal,0,88,71
11/7/2025 4:00,88,4,Friday,11,0,0,random_or_none,2,cold,0.281,260,0,1,32.91,0,0,0,0,emergency_spike,5,79,58
11/7/2025 5:00,79,4,Friday,11,0,0,random_or_none,1,rainy,0.685,260,0,0,0,0,0,0,0,normal,0,70,58
11/7/2025 6:00,70,4,Friday,11,0,0,random_or_none,0,sunny,0.186,260,0,0,0,0,0,0,0,normal,0,74,57
11/7/2025 7:00,74,4,Friday,11,0,0,random_or_none,5,windy,0.524,260,0,0,0,0,0,0,0,normal,0,78,64
11/7/2025 8:00,78,4,Friday,11,0,0,random_or_none,0,sunny,0.068,260,0,0,0,0,0,0,0,normal,0,83,64
11/7/2025 9:00,83,4,Friday,11,0,0,random_or_none,5,windy,0.624,260,0,0,0,0,0,0,0,normal,0,87,67
11/7/2025 10:00,87,4,Friday,11,0,0,random_or_none,4,dusty,0.86,260,0,0,0,0,0,0,0,extreme_weather,2,90,96
11/7/2025 11:00,90,4,Friday,11,0,0,random_or_none,0,sunny,0.085,260,0,0,0,0,0,0,0,normal,0,100,92
11/7/2025 12:00,100,4,Friday,11,0,0,random_or_none,1,rainy,0.489,260,0,0,0,0,0,0,0,normal,0,105,89
11/7/2025 13:00,105,4,Friday,11,0,0,random_or_none,3,hot,0.796,260,0,0,0,0,0,0,0,extreme_weather,2,101,89
11/7/2025 14:00,101,4,Friday,11,0,0,random_or_none,2,cold,0.367,260,0,0,0,0,0,0,0,normal,0,100,91
11/7/2025 15:00,100,4,Friday,11,0,0,random_or_none,0,sunny,0.229,260,0,0,0,0,0,0,0,normal,0,99,91
11/7/2025 16:00,99,4,Friday,11,0,0,random_or_none,0,sunny,0.239,260,0,0,0,0,0,0,0,normal,0,101,89
11/7/2025 17:00,101,4,Friday,11,0,0,random_or_none,5,windy,1,260,0,0,0,0,0,0,0,extreme_weather,2,100,85
11/7/2025 18:00,100,4,Friday,11,0,0,random_or_none,1,rainy,0.361,260,0,0,0,0,0,0,0,normal,0,101,115
11/7/2025 19:00,101,4,Friday,11,0,0,random_or_none,1,rainy,0.909,260,0,0,0,0,0,0,0,extreme_weather,2,101,100
11/7/2025 20:00,101,4,Friday,11,0,0,random_or_none,1,rainy,0.858,260,0,0,0,0,0,0,0,extreme_weather,2,99,88
11/7/2025 21:00,99,4,Friday,11,0,0,random_or_none,2,cold,0.727,260,0,0,0,0,0,0,0,normal,0,89,81
11/7/2025 22:00,89,4,Friday,11,0,0,random_or_none,1,rainy,0.303,260,0,0,0,0,0,0,0,normal,0,76,67
11/7/2025 23:00,76,4,Friday,11,0,0,random_or_none,3,hot,0.222,260,0,0,0,0,0,0,0,normal,0,60,66
11/8/2025 0:00,60,5,Saturday,11,1,0,random_or_none,0,sunny,0.346,260,0,0,0,0,0,0,0,normal,0,55,57
11/8/2025 1:00,55,5,Saturday,11,1,0,random_or_none,5,windy,0.809,260,0,0,0,0,0,0,0,extreme_weather,2,93,49
11/8/2025 2:00,93,5,Saturday,11,1,0,random_or_none,5,windy,0.72,260,0,1,94.42,0,0,0,0,emergency_spike,5,71,47
11/8/2025 3:00,71,5,Saturday,11,1,0,random_or_none,4,dusty,0.293,260,0,0,0,0,0,0,0,normal,0,58,46
11/8/2025 4:00,58,5,Saturday,11,1,0,random_or_none,0,sunny,0.026,260,0,0,0,0,0,0,0,normal,0,58,47
11/8/2025 5:00,58,5,Saturday,11,1,0,random_or_none,5,windy,0.359,260,0,0,0,0,0,0,0,normal,0,57,51
11/8/2025 6:00,57,5,Saturday,11,1,0,random_or_none,0,sunny,0.241,260,0,0,0,0,0,0,0,normal,0,64,48
11/8/2025 7:00,64,5,Saturday,11,1,0,random_or_none,1,rainy,0.656,260,0,0,0,0,0,0,0,normal,0,64,56
11/8/2025 8:00,64,5,Saturday,11,1,0,random_or_none,0,sunny,0.237,260,0,0,0,0,0,0,0,normal,0,67,66
11/8/2025 9:00,67,5,Saturday,11,1,0,random_or_none,0,sunny,0.045,260,0,0,0,0,0,0,0,normal,0,96,63
11/8/2025 10:00,96,5,Saturday,11,1,0,random_or_none,1,rainy,0.914,260,0,1,49.16,0,0,0,0,emergency_spike,5,92,60
11/8/2025 11:00,92,5,Saturday,11,1,0,random_or_none,2,cold,0.668,260,0,0,0,0,0,0,0,normal,0,89,75
11/8/2025 12:00,89,5,Saturday,11,1,0,random_or_none,0,sunny,0.096,260,0,0,0,0,0,0,0,normal,0,89,87
11/8/2025 13:00,89,5,Saturday,11,1,0,random_or_none,0,sunny,0.264,260,0,0,0,0,0,0,0,normal,0,91,92
11/8/2025 14:00,91,5,Saturday,11,1,0,random_or_none,1,rainy,0.445,260,0,0,0,0,0,0,0,normal,0,91,91
11/8/2025 15:00,91,5,Saturday,11,1,0,random_or_none,2,cold,0.806,260,0,0,0,0,0,0,0,extreme_weather,2,89,86
11/8/2025 16:00,89,5,Saturday,11,1,0,random_or_none,2,cold,0.58,260,0,0,0,0,0,0,0,normal,0,85,80
11/8/2025 17:00,85,5,Saturday,11,1,0,random_or_none,0,sunny,0.094,260,0,0,0,0,0,0,0,normal,0,115,82
11/8/2025 18:00,115,5,Saturday,11,1,0,random_or_none,5,windy,0.355,260,0,1,67.34,0,0,0,0,emergency_spike,5,100,84
11/8/2025 19:00,100,5,Saturday,11,1,0,random_or_none,5,windy,0.751,260,0,0,0,0,0,0,0,extreme_weather,2,88,82
11/8/2025 20:00,88,5,Saturday,11,1,0,random_or_none,5,windy,0.63,260,0,0,0,0,0,0,0,normal,0,81,78
11/8/2025 21:00,81,5,Saturday,11,1,0,random_or_none,1,rainy,0.202,260,0,0,0,0,0,0,0,normal,0,67,70
11/8/2025 22:00,67,5,Saturday,11,1,0,random_or_none,0,sunny,0.331,260,0,0,0,0,0,0,0,normal,0,66,62
11/8/2025 23:00,66,5,Saturday,11,1,0,random_or_none,0,sunny,0.328,260,0,0,0,0,0,0,0,normal,0,57,54
11/9/2025 0:00,57,6,Sunday,11,1,0,random_or_none,1,rainy,0.492,260,0,0,0,0,0,0,0,normal,0,49,59
11/9/2025 1:00,49,6,Sunday,11,1,0,random_or_none,5,windy,0.72,260,0,0,0,0,0,0,0,normal,0,47,65
11/9/2025 2:00,47,6,Sunday,11,1,0,random_or_none,0,sunny,0.248,260,0,0,0,0,0,0,0,normal,0,46,64
11/9/2025 3:00,46,6,Sunday,11,1,0,random_or_none,4,dusty,0.274,260,0,0,0,0,0,0,0,normal,0,47,61
11/9/2025 4:00,47,6,Sunday,11,1,0,random_or_none,2,cold,0.267,260,0,0,0,0,0,0,0,normal,0,51,64
11/9/2025 5:00,51,6,Sunday,11,1,0,random_or_none,5,windy,0.853,260,0,0,0,0,0,0,0,extreme_weather,2,48,66
11/9/2025 6:00,48,6,Sunday,11,1,0,random_or_none,0,sunny,0.063,260,0,0,0,0,0,0,0,normal,0,56,64
11/9/2025 7:00,56,6,Sunday,11,1,0,random_or_none,5,windy,0.831,260,0,0,0,0,0,0,0,extreme_weather,2,66,70
11/9/2025 8:00,66,6,Sunday,11,1,0,random_or_none,2,cold,0.748,260,0,0,0,0,0,0,0,normal,0,63,71
11/9/2025 9:00,63,6,Sunday,11,1,0,random_or_none,0,sunny,0.345,260,0,0,0,0,0,0,0,normal,0,60,86
11/9/2025 10:00,60,6,Sunday,11,1,0,random_or_none,0,sunny,0.244,260,0,0,0,0,0,0,0,normal,0,75,89
11/9/2025 11:00,75,6,Sunday,11,1,0,random_or_none,4,dusty,0.802,260,0,0,0,0,0,0,0,extreme_weather,2,87,102
11/9/2025 12:00,87,6,Sunday,11,1,0,random_or_none,5,windy,0.583,260,0,0,0,0,0,0,0,normal,0,92,103
11/9/2025 13:00,92,6,Sunday,11,1,0,random_or_none,1,rainy,0.673,260,0,0,0,0,0,0,0,normal,0,91,98
11/9/2025 14:00,91,6,Sunday,11,1,0,random_or_none,1,rainy,0.187,260,0,0,0,0,0,0,0,normal,0,86,103
11/9/2025 15:00,86,6,Sunday,11,1,0,random_or_none,0,sunny,0.075,260,0,0,0,0,0,0,0,normal,0,80,105
11/9/2025 16:00,80,6,Sunday,11,1,0,random_or_none,0,sunny,0.288,260,0,0,0,0,0,0,0,normal,0,82,100
11/9/2025 17:00,82,6,Sunday,11,1,0,random_or_none,1,rainy,0.352,260,0,0,0,0,0,0,0,normal,0,84,102
11/9/2025 18:00,84,6,Sunday,11,1,0,random_or_none,5,windy,0.893,260,0,0,0,0,0,0,0,extreme_weather,2,82,101
11/9/2025 19:00,82,6,Sunday,11,1,0,random_or_none,2,cold,0.431,260,0,0,0,0,0,0,0,normal,0,78,105
11/9/2025 20:00,78,6,Sunday,11,1,0,random_or_none,0,sunny,0.055,260,0,0,0,0,0,0,0,normal,0,70,99
11/9/2025 21:00,70,6,Sunday,11,1,0,random_or_none,2,cold,0.435,260,0,0,0,0,0,0,0,normal,0,62,94
11/9/2025 22:00,62,6,Sunday,11,1,0,random_or_none,5,windy,0.34,260,0,0,0,0,0,0,0,normal,0,54,88
11/9/2025 23:00,54,6,Sunday,11,1,0,random_or_none,0,sunny,0.015,260,0,0,0,0,0,0,0,normal,0,59,118
11/10/2025 0:00,59,0,Monday,11,0,0,random_or_none,0,sunny,0.148,260,0,0,0,0,0,0,0,normal,0,65,97
11/10/2025 1:00,65,0,Monday,11,0,0,random_or_none,2,cold,0.584,260,0,0,0,0,0,0,0,normal,0,64,85
11/10/2025 2:00,64,0,Monday,11,0,0,random_or_none,1,rainy,0.415,260,0,0,0,0,0,0,0,normal,0,61,78
11/10/2025 3:00,61,0,Monday,11,0,0,random_or_none,0,sunny,0.23,260,0,0,0,0,0,0,0,normal,0,64,72
11/10/2025 4:00,64,0,Monday,11,0,0,random_or_none,5,windy,0.408,260,0,0,0,0,0,0,0,normal,0,66,123
11/10/2025 5:00,66,0,Monday,11,0,0,random_or_none,0,sunny,0.132,260,0,0,0,0,0,0,0,normal,0,64,96
11/10/2025 6:00,64,0,Monday,11,0,0,random_or_none,3,hot,0.686,260,0,0,0,0,0,0,0,normal,0,70,88
11/10/2025 7:00,70,0,Monday,11,0,0,random_or_none,5,windy,0.525,260,0,0,0,0,0,0,0,normal,0,71,80
11/10/2025 8:00,71,0,Monday,11,0,0,random_or_none,0,sunny,0.163,260,0,0,0,0,0,0,0,normal,0,86,86
11/10/2025 9:00,86,0,Monday,11,0,0,random_or_none,0,sunny,0.346,260,0,0,0,0,0,0,0,normal,0,89,84
11/10/2025 10:00,89,0,Monday,11,0,0,random_or_none,5,windy,0.882,260,0,0,0,0,0,0,0,extreme_weather,2,102,84
11/10/2025 11:00,102,0,Monday,11,0,0,random_or_none,1,rainy,0.88,260,0,0,0,0,0,0,0,extreme_weather,2,103,91
11/10/2025 12:00,103,0,Monday,11,0,0,random_or_none,5,windy,0.288,260,0,0,0,0,0,0,0,normal,0,98,93
11/10/2025 13:00,98,0,Monday,11,0,0,random_or_none,5,windy,0.567,260,0,0,0,0,0,0,0,normal,0,103,108
11/10/2025 14:00,103,0,Monday,11,0,0,random_or_none,2,cold,0.653,260,0,0,0,0,0,0,0,normal,0,105,107
11/10/2025 15:00,105,0,Monday,11,0,0,random_or_none,1,rainy,0.297,260,0,0,0,0,0,0,0,normal,0,100,110
11/10/2025 16:00,100,0,Monday,11,0,0,random_or_none,0,sunny,0.256,260,0,0,0,0,0,0,0,normal,0,102,110
11/10/2025 17:00,102,0,Monday,11,0,0,random_or_none,0,sunny,0.252,260,0,0,0,0,0,0,0,normal,0,101,111
11/10/2025 18:00,101,0,Monday,11,0,0,random_or_none,0,sunny,0.17,260,0,0,0,0,0,0,0,normal,0,105,103
11/10/2025 19:00,105,0,Monday,11,0,0,random_or_none,4,dusty,0.43,260,0,0,0,0,0,0,0,normal,0,99,101
11/10/2025 20:00,99,0,Monday,11,0,0,random_or_none,5,windy,0.608,260,0,0,0,0,0,0,0,normal,0,94,107
11/10/2025 21:00,94,0,Monday,11,0,0,random_or_none,1,rainy,0.247,260,0,0,0,0,0,0,0,normal,0,88,93
11/10/2025 22:00,88,0,Monday,11,0,0,random_or_none,0,sunny,0.223,260,0,0,0,0,0,0,0,normal,0,118,88
11/10/2025 23:00,118,0,Monday,11,0,0,random_or_none,5,windy,0.388,260,0,1,88.24,0,0,0,0,emergency_spike,5,97,79
11/11/2025 0:00,97,1,Tuesday,11,0,0,random_or_none,5,windy,0.939,260,0,0,0,0,0,0,0,extreme_weather,2,85,72
11/11/2025 1:00,85,1,Tuesday,11,0,0,random_or_none,1,rainy,0.496,260,0,0,0,0,0,0,0,normal,0,78,70
11/11/2025 2:00,78,1,Tuesday,11,0,0,random_or_none,1,rainy,0.413,260,0,0,0,0,0,0,0,normal,0,72,66
11/11/2025 3:00,72,1,Tuesday,11,0,0,random_or_none,4,dusty,0.694,260,0,0,0,0,0,0,0,normal,0,123,64
11/11/2025 4:00,123,1,Tuesday,11,0,0,random_or_none,5,windy,0.571,260,0,1,123.89,0,0,0,0,emergency_spike,5,96,57
11/11/2025 5:00,96,1,Tuesday,11,0,0,random_or_none,0,sunny,0.151,260,0,0,0,0,0,0,0,normal,0,88,61
11/11/2025 6:00,88,1,Tuesday,11,0,0,random_or_none,5,windy,0.738,260,0,0,0,0,0,0,0,normal,0,80,66
11/11/2025 7:00,80,1,Tuesday,11,0,0,random_or_none,1,rainy,0.397,260,0,0,0,0,0,0,0,normal,0,86,68
11/11/2025 8:00,86,1,Tuesday,11,0,0,random_or_none,1,rainy,0.853,260,0,0,0,0,0,0,0,extreme_weather,2,84,71
11/11/2025 9:00,84,1,Tuesday,11,0,0,random_or_none,0,sunny,0.203,260,0,0,0,0,0,0,0,normal,0,84,77
11/11/2025 10:00,84,1,Tuesday,11,0,0,random_or_none,5,windy,0.372,260,0,0,0,0,0,0,0,normal,0,91,84
11/11/2025 11:00,91,1,Tuesday,11,0,0,random_or_none,0,sunny,0.283,260,0,0,0,0,0,0,0,normal,0,93,92
11/11/2025 12:00,93,1,Tuesday,11,0,0,random_or_none,0,sunny,0.257,260,0,0,0,0,0,0,0,normal,0,108,96
11/11/2025 13:00,108,1,Tuesday,11,0,0,random_or_none,5,windy,0.954,260,0,0,0,0,0,0,0,extreme_weather,2,107,95
11/11/2025 14:00,107,1,Tuesday,11,0,0,random_or_none,5,windy,0.42,260,0,0,0,0,0,0,0,normal,0,110,102
11/11/2025 15:00,110,1,Tuesday,11,0,0,random_or_none,5,windy,0.735,260,0,0,0,0,0,0,0,normal,0,110,97
11/11/2025 16:00,110,1,Tuesday,11,0,0,random_or_none,2,cold,0.423,260,0,0,0,0,0,0,0,normal,0,111,96
11/11/2025 17:00,111,1,Tuesday,11,0,0,random_or_none,4,dusty,0.65,260,0,0,0,0,0,0,0,normal,0,103,95
11/11/2025 18:00,103,1,Tuesday,11,0,0,random_or_none,0,sunny,0.017,260,0,0,0,0,0,0,0,normal,0,101,101
11/11/2025 19:00,101,1,Tuesday,11,0,0,random_or_none,2,cold,0.39,260,0,0,0,0,0,0,0,normal,0,107,99
11/11/2025 20:00,107,1,Tuesday,11,0,0,random_or_none,1,rainy,0.567,260,0,0,0,0,0,0,0,normal,0,93,98
11/11/2025 21:00,93,1,Tuesday,11,0,0,random_or_none,0,sunny,0.088,260,0,0,0,0,0,0,0,normal,0,88,90
11/11/2025 22:00,88,1,Tuesday,11,0,0,random_or_none,0,sunny,0.007,260,0,0,0,0,0,0,0,normal,0,79,82
11/11/2025 23:00,79,1,Tuesday,11,0,0,random_or_none,5,windy,0.675,260,0,0,0,0,0,0,0,normal,0,72,78
11/12/2025 0:00,72,2,Wednesday,11,0,0,random_or_none,5,windy,0.523,260,0,0,0,0,0,0,0,normal,0,70,69
11/12/2025 1:00,70,2,Wednesday,11,0,0,random_or_none,1,rainy,0.582,260,0,0,0,0,0,0,0,normal,0,66,74
11/12/2025 2:00,66,2,Wednesday,11,0,0,random_or_none,0,sunny,0.036,260,0,0,0,0,0,0,0,normal,0,64,69
11/12/2025 3:00,64,2,Wednesday,11,0,0,random_or_none,5,windy,0.443,260,0,0,0,0,0,0,0,normal,0,57,66
11/12/2025 4:00,57,2,Wednesday,11,0,0,random_or_none,0,sunny,0.291,260,0,0,0,0,0,0,0,normal,0,61,62
11/12/2025 5:00,61,2,Wednesday,11,0,0,random_or_none,3,hot,0.348,260,0,0,0,0,0,0,0,normal,0,66,64
11/12/2025 6:00,66,2,Wednesday,11,0,0,random_or_none,1,rainy,0.152,260,0,0,0,0,0,0,0,normal,0,68,71
11/12/2025 7:00,68,2,Wednesday,11,0,0,random_or_none,5,windy,0.279,260,0,0,0,0,0,0,0,normal,0,71,77
11/12/2025 8:00,71,2,Wednesday,11,0,0,random_or_none,0,sunny,0.011,260,0,0,0,0,0,0,0,normal,0,77,85
11/12/2025 9:00,77,2,Wednesday,11,0,0,random_or_none,0,sunny,0.026,260,0,0,0,0,0,0,0,normal,0,84,92
11/12/2025 10:00,84,2,Wednesday,11,0,0,random_or_none,2,cold,0.396,260,0,0,0,0,0,0,0,normal,0,92,88
11/12/2025 11:00,92,2,Wednesday,11,0,0,random_or_none,5,windy,0.663,260,0,0,0,0,0,0,0,normal,0,96,96
11/12/2025 12:00,96,2,Wednesday,11,0,0,random_or_none,0,sunny,0.086,260,0,0,0,0,0,0,0,normal,0,95,99
11/12/2025 13:00,95,2,Wednesday,11,0,0,random_or_none,0,sunny,0.039,260,0,0,0,0,0,0,0,normal,0,102,100
11/12/2025 14:00,102,2,Wednesday,11,0,0,random_or_none,5,windy,0.968,260,0,0,0,0,0,0,0,extreme_weather,2,97,100
11/12/2025 15:00,97,2,Wednesday,11,0,0,random_or_none,0,sunny,0.316,260,0,0,0,0,0,0,0,normal,0,96,103
11/12/2025 16:00,96,2,Wednesday,11,0,0,random_or_none,0,sunny,0.245,260,0,0,0,0,0,0,0,normal,0,95,113
11/12/2025 17:00,95,2,Wednesday,11,0,0,random_or_none,5,windy,0.306,260,0,0,0,0,0,0,0,normal,0,101,108
11/12/2025 18:00,101,2,Wednesday,11,0,0,random_or_none,2,cold,0.763,260,0,0,0,0,0,0,0,extreme_weather,2,99,107
11/12/2025 19:00,99,2,Wednesday,11,0,0,random_or_none,0,sunny,0.083,260,0,0,0,0,0,0,0,normal,0,98,105
11/12/2025 20:00,98,2,Wednesday,11,0,0,random_or_none,5,windy,0.661,260,0,0,0,0,0,0,0,normal,0,90,105
11/12/2025 21:00,90,2,Wednesday,11,0,0,random_or_none,5,windy,0.49,260,0,0,0,0,0,0,0,normal,0,82,99
11/12/2025 22:00,82,2,Wednesday,11,0,0,random_or_none,3,hot,0.197,260,0,0,0,0,0,0,0,normal,0,78,86
11/12/2025 23:00,78,2,Wednesday,11,0,0,random_or_none,1,rainy,0.576,260,0,0,0,0,0,0,0,normal,0,69,80
11/13/2025 0:00,69,3,Thursday,11,0,0,random_or_none,0,sunny,0.089,260,0,0,0,0,0,0,0,normal,0,74,67
11/13/2025 1:00,74,3,Thursday,11,0,0,random_or_none,5,windy,0.294,260,0,0,0,0,0,0,0,normal,0,69,68
11/13/2025 2:00,69,3,Thursday,11,0,0,random_or_none,0,sunny,0.219,260,0,0,0,0,0,0,0,normal,0,66,69
11/13/2025 3:00,66,3,Thursday,11,0,0,random_or_none,0,sunny,0.133,260,0,0,0,0,0,0,0,normal,0,62,63
11/13/2025 4:00,62,3,Thursday,11,0,0,random_or_none,0,sunny,0.301,260,0,0,0,0,0,0,0,normal,0,64,81
11/13/2025 5:00,64,3,Thursday,11,0,0,random_or_none,0,sunny,0.082,260,0,0,0,0,0,0,0,normal,0,71,71
11/13/2025 6:00,71,3,Thursday,11,0,0,random_or_none,5,windy,0.385,260,0,0,0,0,0,0,0,normal,0,77,71
11/13/2025 7:00,77,3,Thursday,11,0,0,random_or_none,2,cold,0.166,260,0,0,0,0,0,0,0,normal,0,85,71
11/13/2025 8:00,85,3,Thursday,11,0,0,random_or_none,1,rainy,0.601,260,0,0,0,0,0,0,0,normal,0,92,77
11/13/2025 9:00,92,3,Thursday,11,0,0,random_or_none,5,windy,0.364,260,0,0,0,0,0,0,0,normal,0,88,77
11/13/2025 10:00,88,3,Thursday,11,0,0,random_or_none,0,sunny,0.265,260,0,0,0,0,0,0,0,normal,0,96,88
11/13/2025 11:00,96,3,Thursday,11,0,0,random_or_none,1,rainy,0.888,260,0,0,0,0,0,0,0,extreme_weather,2,99,95
11/13/2025 12:00,99,3,Thursday,11,0,0,random_or_none,5,windy,0.522,260,0,0,0,0,0,0,0,normal,0,100,106
11/13/2025 13:00,100,3,Thursday,11,0,0,random_or_none,0,sunny,0.139,260,0,0,0,0,0,0,0,normal,0,100,100
11/13/2025 14:00,100,3,Thursday,11,0,0,random_or_none,0,sunny,0.155,260,0,0,0,0,0,0,0,normal,0,103,107
11/13/2025 15:00,103,3,Thursday,11,0,0,random_or_none,1,rainy,0.217,260,0,0,0,0,0,0,0,normal,0,113,105
11/13/2025 16:00,113,3,Thursday,11,0,0,random_or_none,4,dusty,0.454,260,0,0,0,0,0,0,0,normal,0,108,113
11/13/2025 17:00,108,3,Thursday,11,0,0,random_or_none,0,sunny,0.277,260,0,0,0,0,0,0,0,normal,0,107,110
11/13/2025 18:00,107,3,Thursday,11,0,0,random_or_none,1,rainy,0.773,260,0,0,0,0,0,0,0,extreme_weather,2,105,110
11/13/2025 19:00,105,3,Thursday,11,0,0,random_or_none,5,windy,0.228,260,0,0,0,0,0,0,0,normal,0,105,107
11/13/2025 20:00,105,3,Thursday,11,0,0,random_or_none,1,rainy,0.48,260,0,0,0,0,0,0,0,normal,0,99,101
11/13/2025 21:00,99,3,Thursday,11,0,0,random_or_none,1,rainy,0.499,260,0,0,0,0,0,0,0,normal,0,86,156
11/13/2025 22:00,86,3,Thursday,11,0,0,random_or_none,0,sunny,0.002,260,0,0,0,0,0,0,0,normal,0,80,124
11/13/2025 23:00,80,3,Thursday,11,0,0,random_or_none,1,rainy,0.368,260,0,0,0,0,0,0,0,normal,0,67,100
11/14/2025 0:00,67,4,Friday,11,0,0,random_or_none,0,sunny,0.327,260,0,0,0,0,0,0,0,normal,0,68,81
11/14/2025 1:00,68,4,Friday,11,0,0,random_or_none,0,sunny,0.316,260,0,0,0,0,0,0,0,normal,0,69,69
11/14/2025 2:00,69,4,Friday,11,0,0,random_or_none,1,rainy,0.626,260,0,0,0,0,0,0,0,normal,0,63,59
11/14/2025 3:00,63,4,Friday,11,0,0,random_or_none,0,sunny,0.009,260,0,0,0,0,0,0,0,normal,0,81,53
11/14/2025 4:00,81,4,Friday,11,0,0,random_or_none,1,rainy,0.339,260,0,1,36.93,0,0,0,0,emergency_spike,5,71,48
11/14/2025 5:00,71,4,Friday,11,0,0,random_or_none,0,sunny,0.01,260,0,0,0,0,0,0,0,normal,0,71,52
11/14/2025 6:00,71,4,Friday,11,0,0,random_or_none,2,cold,0.501,260,0,0,0,0,0,0,0,normal,0,71,52
11/14/2025 7:00,71,4,Friday,11,0,0,random_or_none,0,sunny,0.106,260,0,0,0,0,0,0,0,normal,0,77,60
11/14/2025 8:00,77,4,Friday,11,0,0,random_or_none,0,sunny,0.236,260,0,0,0,0,0,0,0,normal,0,77,64
11/14/2025 9:00,77,4,Friday,11,0,0,random_or_none,1,rainy,0.212,260,0,0,0,0,0,0,0,normal,0,88,70
11/14/2025 10:00,88,4,Friday,11,0,0,random_or_none,0,sunny,0.138,260,0,0,0,0,0,0,0,normal,0,95,67
11/14/2025 11:00,95,4,Friday,11,0,0,random_or_none,1,rainy,0.88,260,0,0,0,0,0,0,0,extreme_weather,2,106,74
11/14/2025 12:00,106,4,Friday,11,0,0,random_or_none,4,dusty,0.673,260,0,0,0,0,0,0,0,normal,0,100,80
11/14/2025 13:00,100,4,Friday,11,0,0,random_or_none,0,sunny,0.02,260,0,0,0,0,0,0,0,normal,0,107,81
11/14/2025 14:00,107,4,Friday,11,0,0,random_or_none,5,windy,0.461,260,0,0,0,0,0,0,0,normal,0,105,83
11/14/2025 15:00,105,4,Friday,11,0,0,random_or_none,5,windy,0.297,260,0,0,0,0,0,0,0,normal,0,113,90
11/14/2025 16:00,113,4,Friday,11,0,0,random_or_none,3,hot,0.909,260,0,0,0,0,0,0,0,extreme_weather,2,110,87
11/14/2025 17:00,110,4,Friday,11,0,0,random_or_none,1,rainy,0.706,260,0,0,0,0,0,0,0,normal,0,110,87
11/14/2025 18:00,110,4,Friday,11,0,0,random_or_none,1,rainy,0.207,260,0,0,0,0,0,0,0,normal,0,107,89
11/14/2025 19:00,107,4,Friday,11,0,0,random_or_none,5,windy,0.276,260,0,0,0,0,0,0,0,normal,0,101,87
11/14/2025 20:00,101,4,Friday,11,0,0,random_or_none,0,sunny,0.148,260,0,0,0,0,0,0,0,normal,0,156,86
11/14/2025 21:00,156,4,Friday,11,0,0,random_or_none,4,dusty,0.769,260,0,1,134.6,0,0,0,0,emergency_spike,5,124,85
11/14/2025 22:00,124,4,Friday,11,0,0,random_or_none,5,windy,0.641,260,0,0,0,0,0,0,0,normal,0,100,75
11/14/2025 23:00,100,4,Friday,11,0,0,random_or_none,1,rainy,0.28,260,0,0,0,0,0,0,0,normal,0,81,66
11/15/2025 0:00,81,5,Saturday,11,1,0,random_or_none,0,sunny,0.302,260,0,0,0,0,0,0,0,normal,0,69,59
11/15/2025 1:00,69,5,Saturday,11,1,0,random_or_none,5,windy,0.702,260,0,0,0,0,0,0,0,normal,0,59,53
11/15/2025 2:00,59,5,Saturday,11,1,0,random_or_none,1,rainy,0.529,260,0,0,0,0,0,0,0,normal,0,53,44
11/15/2025 3:00,53,5,Saturday,11,1,0,random_or_none,3,hot,0.916,260,0,0,0,0,0,0,0,extreme_weather,2,48,47
11/15/2025 4:00,48,5,Saturday,11,1,0,random_or_none,2,cold,0.243,260,0,0,0,0,0,0,0,normal,0,52,52
11/15/2025 5:00,52,5,Saturday,11,1,0,random_or_none,5,windy,0.282,260,0,0,0,0,0,0,0,normal,0,52,51
11/15/2025 6:00,52,5,Saturday,11,1,0,random_or_none,2,cold,0.559,260,0,0,0,0,0,0,0,normal,0,60,56
11/15/2025 7:00,60,5,Saturday,11,1,0,random_or_none,5,windy,0.831,260,0,0,0,0,0,0,0,extreme_weather,2,64,54
11/15/2025 8:00,64,5,Saturday,11,1,0,random_or_none,1,rainy,0.363,260,0,0,0,0,0,0,0,normal,0,70,60
11/15/2025 9:00,70,5,Saturday,11,1,0,random_or_none,0,sunny,0.266,260,0,0,0,0,0,0,0,normal,0,67,67
11/15/2025 10:00,67,5,Saturday,11,1,0,random_or_none,0,sunny,0.249,260,0,0,0,0,0,0,0,normal,0,74,145
11/15/2025 11:00,74,5,Saturday,11,1,0,random_or_none,5,windy,0.583,260,0,0,0,0,0,0,0,normal,0,80,110
11/15/2025 12:00,80,5,Saturday,11,1,0,random_or_none,0,sunny,0.341,260,0,0,0,0,0,0,0,normal,0,81,94
11/15/2025 13:00,81,5,Saturday,11,1,0,random_or_none,2,cold,0.804,260,0,0,0,0,0,0,0,extreme_weather,2,83,96
11/15/2025 14:00,83,5,Saturday,11,1,0,random_or_none,0,sunny,0.037,260,0,0,0,0,0,0,0,normal,0,90,95
11/15/2025 15:00,90,5,Saturday,11,1,0,random_or_none,0,sunny,0.242,260,0,0,0,0,0,0,0,normal,0,87,128
11/15/2025 16:00,87,5,Saturday,11,1,0,random_or_none,0,sunny,0.241,260,0,0,0,0,0,0,0,normal,0,87,114
11/15/2025 17:00,87,5,Saturday,11,1,0,random_or_none,3,hot,0.482,260,0,0,0,0,0,0,0,normal,0,89,97
11/15/2025 18:00,89,5,Saturday,11,1,0,random_or_none,5,windy,0.638,260,0,0,0,0,0,0,0,normal,0,87,90
11/15/2025 19:00,87,5,Saturday,11,1,0,random_or_none,0,sunny,0.093,260,0,0,0,0,0,0,0,normal,0,86,87
11/15/2025 20:00,86,5,Saturday,11,1,0,random_or_none,5,windy,0.844,260,0,0,0,0,0,0,0,extreme_weather,2,85,82
11/15/2025 21:00,85,5,Saturday,11,1,0,random_or_none,4,dusty,0.263,260,0,0,0,0,0,0,0,normal,0,75,69
11/15/2025 22:00,75,5,Saturday,11,1,0,random_or_none,0,sunny,0.311,260,0,0,0,0,0,0,0,normal,0,66,63
11/15/2025 23:00,66,5,Saturday,11,1,0,random_or_none,5,windy,0.406,260,0,0,0,0,0,0,0,normal,0,59,59
11/16/2025 0:00,59,6,Sunday,11,1,0,random_or_none,1,rainy,0.389,260,0,0,0,0,0,0,0,normal,0,53,66
11/16/2025 1:00,53,6,Sunday,11,1,0,random_or_none,1,rainy,0.869,260,0,0,0,0,0,0,0,extreme_weather,2,44,64
11/16/2025 2:00,44,6,Sunday,11,1,0,random_or_none,5,windy,0.383,260,0,0,0,0,0,0,0,normal,0,47,60
11/16/2025 3:00,47,6,Sunday,11,1,0,random_or_none,4,dusty,0.695,260,0,0,0,0,0,0,0,normal,0,52,64
11/16/2025 4:00,52,6,Sunday,11,1,0,random_or_none,1,rainy,0.853,260,0,0,0,0,0,0,0,extreme_weather,2,51,62
11/16/2025 5:00,51,6,Sunday,11,1,0,random_or_none,0,sunny,0.075,260,0,0,0,0,0,0,0,normal,0,56,62
11/16/2025 6:00,56,6,Sunday,11,1,0,random_or_none,5,windy,0.899,260,0,0,0,0,0,0,0,extreme_weather,2,54,70
11/16/2025 7:00,54,6,Sunday,11,1,0,random_or_none,2,cold,0.146,260,0,0,0,0,0,0,0,normal,0,60,74
11/16/2025 8:00,60,6,Sunday,11,1,0,random_or_none,0,sunny,0.129,260,0,0,0,0,0,0,0,normal,0,67,75
11/16/2025 9:00,67,6,Sunday,11,1,0,random_or_none,2,cold,0.46,260,0,0,0,0,0,0,0,normal,0,145,82
11/16/2025 10:00,145,6,Sunday,11,1,0,random_or_none,4,dusty,0.873,260,0,1,152.02,0,0,0,0,emergency_spike,5,110,92
11/16/2025 11:00,110,6,Sunday,11,1,0,random_or_none,0,sunny,0.259,260,0,0,0,0,0,0,0,normal,0,94,96
11/16/2025 12:00,94,6,Sunday,11,1,0,random_or_none,0,sunny,0.176,260,0,0,0,0,0,0,0,normal,0,96,98
11/16/2025 13:00,96,6,Sunday,11,1,0,random_or_none,4,dusty,0.757,260,0,0,0,0,0,0,0,extreme_weather,2,95,98
11/16/2025 14:00,95,6,Sunday,11,1,0,random_or_none,5,windy,1,260,0,0,0,0,0,0,0,extreme_weather,2,128,101
11/16/2025 15:00,128,6,Sunday,11,1,0,random_or_none,5,windy,0.954,260,0,1,94.58,0,0,0,0,emergency_spike,5,114,117
11/16/2025 16:00,114,6,Sunday,11,1,0,random_or_none,5,windy,0.564,260,0,0,0,0,0,0,0,normal,0,97,112
11/16/2025 17:00,97,6,Sunday,11,1,0,random_or_none,0,sunny,0.156,260,0,0,0,0,0,0,0,normal,0,90,104
11/16/2025 18:00,90,6,Sunday,11,1,0,random_or_none,0,sunny,0.284,260,0,0,0,0,0,0,0,normal,0,87,105
11/16/2025 19:00,87,6,Sunday,11,1,0,random_or_none,1,rainy,0.915,260,0,0,0,0,0,0,0,extreme_weather,2,82,100
11/16/2025 20:00,82,6,Sunday,11,1,0,random_or_none,1,rainy,0.157,260,0,0,0,0,0,0,0,normal,0,69,96
11/16/2025 21:00,69,6,Sunday,11,1,0,random_or_none,0,sunny,0.003,260,0,0,0,0,0,0,0,normal,0,63,95
11/16/2025 22:00,63,6,Sunday,11,1,0,random_or_none,0,sunny,0.001,260,0,0,0,0,0,0,0,normal,0,59,89
11/16/2025 23:00,59,6,Sunday,11,1,0,random_or_none,0,sunny,0.089,260,0,0,0,0,0,0,0,normal,0,66,80
11/17/2025 0:00,66,0,Monday,11,0,0,random_or_none,4,dusty,0.56,260,0,0,0,0,0,0,0,normal,0,64,68
11/17/2025 1:00,64,0,Monday,11,0,0,random_or_none,5,windy,0.973,260,0,0,0,0,0,0,0,extreme_weather,2,60,72
11/17/2025 2:00,60,0,Monday,11,0,0,random_or_none,0,sunny,0.324,260,0,0,0,0,0,0,0,normal,0,64,67
11/17/2025 3:00,64,0,Monday,11,0,0,random_or_none,5,windy,0.692,260,0,0,0,0,0,0,0,normal,0,62,67
11/17/2025 4:00,62,0,Monday,11,0,0,random_or_none,2,cold,0.564,260,0,0,0,0,0,0,0,normal,0,62,59
11/17/2025 5:00,62,0,Monday,11,0,0,random_or_none,5,windy,0.627,260,0,0,0,0,0,0,0,normal,0,70,64
11/17/2025 6:00,70,0,Monday,11,0,0,random_or_none,4,dusty,0.685,260,0,0,0,0,0,0,0,normal,0,74,70
11/17/2025 7:00,74,0,Monday,11,0,0,random_or_none,0,sunny,0.005,260,0,0,0,0,0,0,0,normal,0,75,71
11/17/2025 8:00,75,0,Monday,11,0,0,random_or_none,2,cold,0.227,260,0,0,0,0,0,0,0,normal,0,82,79
11/17/2025 9:00,82,0,Monday,11,0,0,random_or_none,5,windy,0.502,260,0,0,0,0,0,0,0,normal,0,92,75
11/17/2025 10:00,92,0,Monday,11,0,0,random_or_none,4,dusty,0.442,260,0,0,0,0,0,0,0,normal,0,96,82
11/17/2025 11:00,96,0,Monday,11,0,0,random_or_none,3,hot,0.678,260,0,0,0,0,0,0,0,normal,0,98,91
11/17/2025 12:00,98,0,Monday,11,0,0,random_or_none,0,sunny,0.264,260,0,0,0,0,0,0,0,normal,0,98,100
11/17/2025 13:00,98,0,Monday,11,0,0,random_or_none,1,rainy,0.173,260,0,0,0,0,0,0,0,normal,0,101,98
11/17/2025 14:00,101,0,Monday,11,0,0,random_or_none,1,rainy,0.525,260,0,0,0,0,0,0,0,normal,0,117,103
11/17/2025 15:00,117,0,Monday,11,0,0,random_or_none,0,sunny,0.155,260,0,1,44.36,0,0,0,0,emergency_spike,5,112,112
11/17/2025 16:00,112,0,Monday,11,0,0,random_or_none,5,windy,0.289,260,0,0,0,0,0,0,0,normal,0,104,114
11/17/2025 17:00,104,0,Monday,11,0,0,random_or_none,0,sunny,0.27,260,0,0,0,0,0,0,0,normal,0,105,126
11/17/2025 18:00,105,0,Monday,11,0,0,random_or_none,0,sunny,0.019,260,0,0,0,0,0,0,0,normal,0,100,115
11/17/2025 19:00,100,0,Monday,11,0,0,random_or_none,0,sunny,0.047,260,0,0,0,0,0,0,0,normal,0,96,111
11/17/2025 20:00,96,0,Monday,11,0,0,random_or_none,1,rainy,0.478,260,0,0,0,0,0,0,0,normal,0,95,100
11/17/2025 21:00,95,0,Monday,11,0,0,random_or_none,2,cold,0.414,260,0,0,0,0,0,0,0,normal,0,89,92
11/17/2025 22:00,89,0,Monday,11,0,0,random_or_none,5,windy,0.92,260,0,0,0,0,0,0,0,extreme_weather,2,80,85
11/17/2025 23:00,80,0,Monday,11,0,0,random_or_none,0,sunny,0.02,260,0,0,0,0,0,0,0,normal,0,68,108
11/18/2025 0:00,68,1,Tuesday,11,0,0,random_or_none,0,sunny,0.058,260,0,0,0,0,0,0,0,normal,0,72,81
11/18/2025 1:00,72,1,Tuesday,11,0,0,random_or_none,4,dusty,0.595,260,0,0,0,0,0,0,0,normal,0,67,73
11/18/2025 2:00,67,1,Tuesday,11,0,0,random_or_none,0,sunny,0.097,260,0,0,0,0,0,0,0,normal,0,67,70
11/18/2025 3:00,67,1,Tuesday,11,0,0,random_or_none,5,windy,0.707,260,0,0,0,0,0,0,0,normal,0,59,69
11/18/2025 4:00,59,1,Tuesday,11,0,0,random_or_none,0,sunny,0.28,260,0,0,0,0,0,0,0,normal,0,64,69
11/18/2025 5:00,64,1,Tuesday,11,0,0,random_or_none,5,windy,0.647,260,0,0,0,0,0,0,0,normal,0,70,71
11/18/2025 6:00,70,1,Tuesday,11,0,0,random_or_none,2,cold,0.791,260,0,0,0,0,0,0,0,extreme_weather,2,71,72
11/18/2025 7:00,71,1,Tuesday,11,0,0,random_or_none,2,cold,0.464,260,0,0,0,0,0,0,0,normal,0,79,73
11/18/2025 8:00,79,1,Tuesday,11,0,0,random_or_none,1,rainy,0.75,260,0,0,0,0,0,0,0,normal,0,75,101
11/18/2025 9:00,75,1,Tuesday,11,0,0,random_or_none,0,sunny,0.06,260,0,0,0,0,0,0,0,normal,0,82,99
11/18/2025 10:00,82,1,Tuesday,11,0,0,random_or_none,4,dusty,0.758,260,0,0,0,0,0,0,0,extreme_weather,2,91,87
11/18/2025 11:00,91,1,Tuesday,11,0,0,random_or_none,2,cold,0.139,260,0,0,0,0,0,0,0,normal,0,100,95
11/18/2025 12:00,100,1,Tuesday,11,0,0,random_or_none,2,cold,0.68,260,0,0,0,0,0,0,0,normal,0,98,99
11/18/2025 13:00,98,1,Tuesday,11,0,0,random_or_none,5,windy,0.359,260,0,0,0,0,0,0,0,normal,0,103,95
11/18/2025 14:00,103,1,Tuesday,11,0,0,random_or_none,2,cold,0.421,260,0,0,0,0,0,0,0,normal,0,112,94
11/18/2025 15:00,112,1,Tuesday,11,0,0,random_or_none,1,rainy,0.693,260,0,0,0,0,0,0,0,normal,0,114,100
11/18/2025 16:00,114,1,Tuesday,11,0,0,random_or_none,4,dusty,0.662,260,0,0,0,0,0,0,0,normal,0,126,140
11/18/2025 17:00,126,1,Tuesday,11,0,0,random_or_none,0,sunny,0.013,260,0,1,51.66,0,0,0,0,emergency_spike,5,115,124
11/18/2025 18:00,115,1,Tuesday,11,0,0,random_or_none,5,windy,0.528,260,0,0,0,0,0,0,0,normal,0,111,115
11/18/2025 19:00,111,1,Tuesday,11,0,0,random_or_none,5,windy,0.584,260,0,0,0,0,0,0,0,normal,0,100,104
11/18/2025 20:00,100,1,Tuesday,11,0,0,random_or_none,1,rainy,0.205,260,0,0,0,0,0,0,0,normal,0,92,100
11/18/2025 21:00,92,1,Tuesday,11,0,0,random_or_none,1,rainy,0.714,260,0,0,0,0,0,0,0,normal,0,85,86
11/18/2025 22:00,85,1,Tuesday,11,0,0,random_or_none,5,windy,0.544,260,0,0,0,0,0,0,0,normal,0,108,81
11/18/2025 23:00,108,1,Tuesday,11,0,0,random_or_none,0,sunny,0.124,260,0,1,73.32,0,0,0,0,emergency_spike,5,81,77
11/19/2025 0:00,81,2,Wednesday,11,0,0,random_or_none,0,sunny,0.31,260,0,0,0,0,0,0,0,normal,0,73,80
11/19/2025 1:00,73,2,Wednesday,11,0,0,random_or_none,1,rainy,0.509,260,0,0,0,0,0,0,0,normal,0,70,70
11/19/2025 2:00,70,2,Wednesday,11,0,0,random_or_none,5,windy,0.976,260,0,0,0,0,0,0,0,extreme_weather,2,69,72
11/19/2025 3:00,69,2,Wednesday,11,0,0,random_or_none,1,rainy,0.379,260,0,0,0,0,0,0,0,normal,0,69,62
11/19/2025 4:00,69,2,Wednesday,11,0,0,random_or_none,5,windy,0.641,260,0,0,0,0,0,0,0,normal,0,71,62
11/19/2025 5:00,71,2,Wednesday,11,0,0,random_or_none,3,hot,0.74,260,0,0,0,0,0,0,0,normal,0,72,62
11/19/2025 6:00,72,2,Wednesday,11,0,0,random_or_none,0,sunny,0.285,260,0,0,0,0,0,0,0,normal,0,73,63
11/19/2025 7:00,73,2,Wednesday,11,0,0,random_or_none,0,sunny,0.228,260,0,0,0,0,0,0,0,normal,0,101,69
11/19/2025 8:00,101,2,Wednesday,11,0,0,random_or_none,0,sunny,0.063,260,0,1,57.48,0,0,0,0,emergency_spike,5,99,77
11/19/2025 9:00,99,2,Wednesday,11,0,0,random_or_none,4,dusty,0.605,260,0,0,0,0,0,0,0,normal,0,87,80
11/19/2025 10:00,87,2,Wednesday,11,0,0,random_or_none,5,windy,0.308,260,0,0,0,0,0,0,0,normal,0,95,78
11/19/2025 11:00,95,2,Wednesday,11,0,0,random_or_none,4,dusty,0.574,260,0,0,0,0,0,0,0,normal,0,99,84
11/19/2025 12:00,99,2,Wednesday,11,0,0,random_or_none,1,rainy,0.342,260,0,0,0,0,0,0,0,normal,0,95,95
11/19/2025 13:00,95,2,Wednesday,11,0,0,random_or_none,0,sunny,0.122,260,0,0,0,0,0,0,0,normal,0,94,96
11/19/2025 14:00,94,2,Wednesday,11,0,0,random_or_none,2,cold,0.256,260,0,0,0,0,0,0,0,normal,0,100,106
11/19/2025 15:00,100,2,Wednesday,11,0,0,random_or_none,2,cold,0.622,260,0,0,0,0,0,0,0,normal,0,140,105
11/19/2025 16:00,140,2,Wednesday,11,0,0,random_or_none,5,windy,0.752,260,0,1,79.55,0,0,0,0,emergency_spike,5,124,100
11/19/2025 17:00,124,2,Wednesday,11,0,0,random_or_none,0,sunny,0.288,260,0,0,0,0,0,0,0,normal,0,115,100
11/19/2025 18:00,115,2,Wednesday,11,0,0,random_or_none,5,windy,0.371,260,0,0,0,0,0,0,0,normal,0,104,108
11/19/2025 19:00,104,2,Wednesday,11,0,0,random_or_none,0,sunny,0.261,260,0,0,0,0,0,0,0,normal,0,100,105
11/19/2025 20:00,100,2,Wednesday,11,0,0,random_or_none,3,hot,0.566,260,0,0,0,0,0,0,0,normal,0,86,106
11/19/2025 21:00,86,2,Wednesday,11,0,0,random_or_none,0,sunny,0.088,260,0,0,0,0,0,0,0,normal,0,81,90
11/19/2025 22:00,81,2,Wednesday,11,0,0,random_or_none,2,cold,0.417,260,0,0,0,0,0,0,0,normal,0,77,139
11/19/2025 23:00,77,2,Wednesday,11,0,0,random_or_none,5,windy,0.375,260,0,0,0,0,0,0,0,normal,0,80,115
11/20/2025 0:00,80,3,Thursday,11,0,0,random_or_none,1,rainy,0.5,260,0,0,0,0,0,0,0,normal,0,70,113
11/20/2025 1:00,70,3,Thursday,11,0,0,random_or_none,4,dusty,0.622,260,0,0,0,0,0,0,0,normal,0,72,87
11/20/2025 2:00,72,3,Thursday,11,0,0,random_or_none,3,hot,0.679,260,0,0,0,0,0,0,0,normal,0,62,77
11/20/2025 3:00,62,3,Thursday,11,0,0,random_or_none,1,rainy,0.194,260,0,0,0,0,0,0,0,normal,0,62,77
11/20/2025 4:00,62,3,Thursday,11,0,0,random_or_none,0,sunny,0.198,260,0,0,0,0,0,0,0,normal,0,62,72
11/20/2025 5:00,62,3,Thursday,11,0,0,random_or_none,5,windy,0.392,260,0,0,0,0,0,0,0,normal,0,63,69
11/20/2025 6:00,63,3,Thursday,11,0,0,random_or_none,0,sunny,0.217,260,0,0,0,0,0,0,0,normal,0,69,73
11/20/2025 7:00,69,3,Thursday,11,0,0,random_or_none,1,rainy,0.58,260,0,0,0,0,0,0,0,normal,0,77,78
11/20/2025 8:00,77,3,Thursday,11,0,0,random_or_none,5,windy,0.66,260,0,0,0,0,0,0,0,normal,0,80,87
11/20/2025 9:00,80,3,Thursday,11,0,0,random_or_none,3,hot,0.814,260,0,0,0,0,0,0,0,extreme_weather,2,78,84
11/20/2025 10:00,78,3,Thursday,11,0,0,random_or_none,0,sunny,0.238,260,0,0,0,0,0,0,0,normal,0,84,126
11/20/2025 11:00,84,3,Thursday,11,0,0,random_or_none,5,windy,0.491,260,0,0,0,0,0,0,0,normal,0,95,119
11/20/2025 12:00,95,3,Thursday,11,0,0,random_or_none,3,hot,0.949,260,0,0,0,0,0,0,0,extreme_weather,2,96,110
11/20/2025 13:00,96,3,Thursday,11,0,0,random_or_none,2,cold,0.104,260,0,0,0,0,0,0,0,normal,0,106,107
11/20/2025 14:00,106,3,Thursday,11,0,0,random_or_none,3,hot,0.286,260,0,0,0,0,0,0,0,normal,0,105,110
11/20/2025 15:00,105,3,Thursday,11,0,0,random_or_none,5,windy,0.536,260,0,0,0,0,0,0,0,normal,0,100,112
11/20/2025 16:00,100,3,Thursday,11,0,0,random_or_none,1,rainy,0.157,260,0,0,0,0,0,0,0,normal,0,100,105
11/20/2025 17:00,100,3,Thursday,11,0,0,random_or_none,1,rainy,0.427,260,0,0,0,0,0,0,0,normal,0,108,105
11/20/2025 18:00,108,3,Thursday,11,0,0,random_or_none,2,cold,0.326,260,0,0,0,0,0,0,0,normal,0,105,108
11/20/2025 19:00,105,3,Thursday,11,0,0,random_or_none,5,windy,0.42,260,0,0,0,0,0,0,0,normal,0,106,108
11/20/2025 20:00,106,3,Thursday,11,0,0,random_or_none,4,dusty,0.878,260,0,0,0,0,0,0,0,extreme_weather,2,90,102
11/20/2025 21:00,90,3,Thursday,11,0,0,random_or_none,0,sunny,0.242,260,0,0,0,0,0,0,0,normal,0,139,94
11/20/2025 22:00,139,3,Thursday,11,0,0,random_or_none,1,rainy,0.87,260,0,1,114.7,0,0,0,0,emergency_spike,5,115,81
11/20/2025 23:00,115,3,Thursday,11,0,0,random_or_none,1,rainy,0.688,260,0,0,0,0,0,0,0,normal,0,113,80
11/21/2025 0:00,113,4,Friday,11,0,0,random_or_none,0,sunny,0.232,260,0,1,60.39,0,0,0,0,emergency_spike,5,87,75
11/21/2025 1:00,87,4,Friday,11,0,0,random_or_none,5,windy,0.516,260,0,0,0,0,0,0,0,normal,0,77,65
11/21/2025 2:00,77,4,Friday,11,0,0,random_or_none,2,cold,0.466,260,0,0,0,0,0,0,0,normal,0,77,58
11/21/2025 3:00,77,4,Friday,11,0,0,random_or_none,4,dusty,0.855,260,0,0,0,0,0,0,0,extreme_weather,2,72,52
11/21/2025 4:00,72,4,Friday,11,0,0,random_or_none,5,windy,0.815,260,0,0,0,0,0,0,0,extreme_weather,2,69,48
11/21/2025 5:00,69,4,Friday,11,0,0,random_or_none,0,sunny,0.018,260,0,0,0,0,0,0,0,normal,0,73,50
11/21/2025 6:00,73,4,Friday,11,0,0,random_or_none,1,rainy,0.898,260,0,0,0,0,0,0,0,extreme_weather,2,78,60
11/21/2025 7:00,78,4,Friday,11,0,0,random_or_none,5,windy,0.515,260,0,0,0,0,0,0,0,normal,0,87,59
11/21/2025 8:00,87,4,Friday,11,0,0,random_or_none,2,cold,0.411,260,0,0,0,0,0,0,0,normal,0,84,60
11/21/2025 9:00,84,4,Friday,11,0,0,random_or_none,1,rainy,0.486,260,0,0,0,0,0,0,0,normal,0,126,68
11/21/2025 10:00,126,4,Friday,11,0,0,random_or_none,1,rainy,0.476,260,0,1,81.78,0,0,0,0,emergency_spike,5,119,69
11/21/2025 11:00,119,4,Friday,11,0,0,random_or_none,1,rainy,0.841,260,0,0,0,0,0,0,0,extreme_weather,2,110,69
11/21/2025 12:00,110,4,Friday,11,0,0,random_or_none,0,sunny,0.117,260,0,0,0,0,0,0,0,normal,0,107,72
11/21/2025 13:00,107,4,Friday,11,0,0,random_or_none,0,sunny,0.026,260,0,0,0,0,0,0,0,normal,0,110,82
11/21/2025 14:00,110,4,Friday,11,0,0,random_or_none,1,rainy,0.473,260,0,0,0,0,0,0,0,normal,0,112,93
11/21/2025 15:00,112,4,Friday,11,0,0,random_or_none,5,windy,0.923,260,0,0,0,0,0,0,0,extreme_weather,2,105,92
11/21/2025 16:00,105,4,Friday,11,0,0,random_or_none,0,sunny,0.294,260,0,0,0,0,0,0,0,normal,0,105,94
11/21/2025 17:00,105,4,Friday,11,0,0,random_or_none,0,sunny,0.169,260,0,0,0,0,0,0,0,normal,0,108,164
11/21/2025 18:00,108,4,Friday,11,0,0,random_or_none,1,rainy,0.635,260,0,0,0,0,0,0,0,normal,0,108,129
11/21/2025 19:00,108,4,Friday,11,0,0,random_or_none,4,dusty,0.244,260,0,0,0,0,0,0,0,normal,0,102,106
11/21/2025 20:00,102,4,Friday,11,0,0,random_or_none,5,windy,0.415,260,0,0,0,0,0,0,0,normal,0,94,87
11/21/2025 21:00,94,4,Friday,11,0,0,random_or_none,5,windy,0.883,260,0,0,0,0,0,0,0,extreme_weather,2,81,76
11/21/2025 22:00,81,4,Friday,11,0,0,random_or_none,0,sunny,0.002,260,0,0,0,0,0,0,0,normal,0,80,65
11/21/2025 23:00,80,4,Friday,11,0,0,random_or_none,4,dusty,0.775,260,0,0,0,0,0,0,0,extreme_weather,2,75,70
11/22/2025 0:00,75,5,Saturday,11,1,0,random_or_none,1,rainy,0.928,260,0,0,0,0,0,0,0,extreme_weather,2,65,61
11/22/2025 1:00,65,5,Saturday,11,1,0,random_or_none,2,cold,0.283,260,0,0,0,0,0,0,0,normal,0,58,53
11/22/2025 2:00,58,5,Saturday,11,1,0,random_or_none,5,windy,0.864,260,0,0,0,0,0,0,0,extreme_weather,2,52,46
11/22/2025 3:00,52,5,Saturday,11,1,0,random_or_none,5,windy,0.332,260,0,0,0,0,0,0,0,normal,0,48,51
11/22/2025 4:00,48,5,Saturday,11,1,0,random_or_none,1,rainy,0.315,260,0,0,0,0,0,0,0,normal,0,50,51
11/22/2025 5:00,50,5,Saturday,11,1,0,random_or_none,5,windy,0.494,260,0,0,0,0,0,0,0,normal,0,60,49
11/22/2025 6:00,60,5,Saturday,11,1,0,random_or_none,2,cold,0.101,260,0,0,0,0,0,0,0,normal,0,59,49
11/22/2025 7:00,59,5,Saturday,11,1,0,random_or_none,0,sunny,0.299,260,0,0,0,0,0,0,0,normal,0,60,49
11/22/2025 8:00,60,5,Saturday,11,1,0,random_or_none,0,sunny,0.076,260,0,0,0,0,0,0,0,normal,0,68,59
11/22/2025 9:00,68,5,Saturday,11,1,0,random_or_none,1,rainy,0.842,260,0,0,0,0,0,0,0,extreme_weather,2,69,62
11/22/2025 10:00,69,5,Saturday,11,1,0,random_or_none,0,sunny,0.278,260,0,0,0,0,0,0,0,normal,0,69,68
11/22/2025 11:00,69,5,Saturday,11,1,0,random_or_none,2,cold,0.161,260,0,0,0,0,0,0,0,normal,0,72,75
11/22/2025 12:00,72,5,Saturday,11,1,0,random_or_none,5,windy,0.41,260,0,0,0,0,0,0,0,normal,0,82,82
11/22/2025 13:00,82,5,Saturday,11,1,0,random_or_none,1,rainy,0.809,260,0,0,0,0,0,0,0,extreme_weather,2,93,90
11/22/2025 14:00,93,5,Saturday,11,1,0,random_or_none,1,rainy,0.554,260,0,0,0,0,0,0,0,normal,0,92,93
11/22/2025 15:00,92,5,Saturday,11,1,0,random_or_none,1,rainy,0.31,260,0,0,0,0,0,0,0,normal,0,94,90
11/22/2025 16:00,94,5,Saturday,11,1,0,random_or_none,5,windy,0.258,260,0,0,0,0,0,0,0,normal,0,164,91
11/22/2025 17:00,164,5,Saturday,11,1,0,random_or_none,1,rainy,0.786,260,0,1,142.08,0,0,0,0,emergency_spike,5,129,88
11/22/2025 18:00,129,5,Saturday,11,1,0,random_or_none,5,windy,0.557,260,0,0,0,0,0,0,0,normal,0,106,95
11/22/2025 19:00,106,5,Saturday,11,1,0,random_or_none,1,rainy,0.556,260,0,0,0,0,0,0,0,normal,0,87,86
11/22/2025 20:00,87,5,Saturday,11,1,0,random_or_none,0,sunny,0.333,260,0,0,0,0,0,0,0,normal,0,76,85
11/22/2025 21:00,76,5,Saturday,11,1,0,random_or_none,0,sunny,0.342,260,0,0,0,0,0,0,0,normal,0,65,79
11/22/2025 22:00,65,5,Saturday,11,1,0,random_or_none,0,sunny,0.061,260,0,0,0,0,0,0,0,normal,0,70,73
11/22/2025 23:00,70,5,Saturday,11,1,0,random_or_none,2,cold,0.468,260,0,0,0,0,0,0,0,normal,0,61,71
11/23/2025 0:00,61,6,Sunday,11,1,0,random_or_none,5,windy,0.423,260,0,0,0,0,0,0,0,normal,0,53,74
11/23/2025 1:00,53,6,Sunday,11,1,0,random_or_none,0,sunny,0.296,260,0,0,0,0,0,0,0,normal,0,46,64
11/23/2025 2:00,46,6,Sunday,11,1,0,random_or_none,5,windy,0.594,260,0,0,0,0,0,0,0,normal,0,51,66
11/23/2025 3:00,51,6,Sunday,11,1,0,random_or_none,2,cold,0.649,260,0,0,0,0,0,0,0,normal,0,51,64
11/23/2025 4:00,51,6,Sunday,11,1,0,random_or_none,1,rainy,0.514,260,0,0,0,0,0,0,0,normal,0,49,62
11/23/2025 5:00,49,6,Sunday,11,1,0,random_or_none,2,cold,0.399,260,0,0,0,0,0,0,0,normal,0,49,64
11/23/2025 6:00,49,6,Sunday,11,1,0,random_or_none,2,cold,0.567,260,0,0,0,0,0,0,0,normal,0,49,67
11/23/2025 7:00,49,6,Sunday,11,1,0,random_or_none,0,sunny,0.253,260,0,0,0,0,0,0,0,normal,0,59,76
11/23/2025 8:00,59,6,Sunday,11,1,0,random_or_none,0,sunny,0.176,260,0,0,0,0,0,0,0,normal,0,62,87
11/23/2025 9:00,62,6,Sunday,11,1,0,random_or_none,0,sunny,0.097,260,0,0,0,0,0,0,0,normal,0,68,89
11/23/2025 10:00,68,6,Sunday,11,1,0,random_or_none,1,rainy,0.365,260,0,0,0,0,0,0,0,normal,0,75,86
11/23/2025 11:00,75,6,Sunday,11,1,0,random_or_none,2,cold,0.43,260,0,0,0,0,0,0,0,normal,0,82,115
11/23/2025 12:00,82,6,Sunday,11,1,0,random_or_none,0,sunny,0.316,260,0,0,0,0,0,0,0,normal,0,90,112
11/23/2025 13:00,90,6,Sunday,11,1,0,random_or_none,5,windy,0.338,260,0,0,0,0,0,0,0,normal,0,93,110
11/23/2025 14:00,93,6,Sunday,11,1,0,random_or_none,0,sunny,0.325,260,0,0,0,0,0,0,0,normal,0,90,113
11/23/2025 15:00,90,6,Sunday,11,1,0,random_or_none,0,sunny,0.107,260,0,0,0,0,0,0,0,normal,0,91,115
11/23/2025 16:00,91,6,Sunday,11,1,0,random_or_none,1,rainy,0.387,260,0,0,0,0,0,0,0,normal,0,88,108
11/23/2025 17:00,88,6,Sunday,11,1,0,random_or_none,2,cold,0.444,260,0,0,0,0,0,0,0,normal,0,95,141
11/23/2025 18:00,95,6,Sunday,11,1,0,random_or_none,3,hot,0.841,260,0,0,0,0,0,0,0,extreme_weather,2,86,128
11/23/2025 19:00,86,6,Sunday,11,1,0,random_or_none,1,rainy,0.5,260,0,0,0,0,0,0,0,normal,0,85,113
11/23/2025 20:00,85,6,Sunday,11,1,0,random_or_none,0,sunny,0.258,260,0,0,0,0,0,0,0,normal,0,79,99
11/23/2025 21:00,79,6,Sunday,11,1,0,random_or_none,2,cold,0.623,260,0,0,0,0,0,0,0,normal,0,73,104
11/23/2025 22:00,73,6,Sunday,11,1,0,random_or_none,5,windy,0.81,260,0,0,0,0,0,0,0,extreme_weather,2,71,95
11/23/2025 23:00,71,6,Sunday,11,1,0,random_or_none,3,hot,0.777,260,0,0,0,0,0,0,0,extreme_weather,2,74,83
11/24/2025 0:00,74,0,Monday,11,0,0,random_or_none,4,dusty,0.643,260,0,0,0,0,0,0,0,normal,0,64,80
11/24/2025 1:00,64,0,Monday,11,0,0,random_or_none,1,rainy,0.378,260,0,0,0,0,0,0,0,normal,0,66,71
11/24/2025 2:00,66,0,Monday,11,0,0,random_or_none,1,rainy,0.482,260,0,0,0,0,0,0,0,normal,0,64,63
11/24/2025 3:00,64,0,Monday,11,0,0,random_or_none,1,rainy,0.714,260,0,0,0,0,0,0,0,normal,0,62,58
11/24/2025 4:00,62,0,Monday,11,0,0,random_or_none,0,sunny,0.328,260,0,0,0,0,0,0,0,normal,0,64,55
11/24/2025 5:00,64,0,Monday,11,0,0,random_or_none,2,cold,0.268,260,0,0,0,0,0,0,0,normal,0,67,57
11/24/2025 6:00,67,0,Monday,11,0,0,random_or_none,0,sunny,0.329,260,0,0,0,0,0,0,0,normal,0,76,67
11/24/2025 7:00,76,0,Monday,11,0,0,random_or_none,4,dusty,0.663,260,0,0,0,0,0,0,0,normal,0,87,70
11/24/2025 8:00,87,0,Monday,11,0,0,random_or_none,1,rainy,0.933,260,0,0,0,0,0,0,0,extreme_weather,2,89,79
11/24/2025 9:00,89,0,Monday,11,0,0,random_or_none,1,rainy,0.386,260,0,0,0,0,0,0,0,normal,0,86,85
11/24/2025 10:00,86,0,Monday,11,0,0,random_or_none,0,sunny,0.314,260,0,0,0,0,0,0,0,normal,0,115,87
11/24/2025 11:00,115,0,Monday,11,0,0,random_or_none,0,sunny,0.22,260,0,1,53.95,0,0,0,0,emergency_spike,5,112,89
11/24/2025 12:00,112,0,Monday,11,0,0,random_or_none,2,cold,0.468,260,0,0,0,0,0,0,0,normal,0,110,90
11/24/2025 13:00,110,0,Monday,11,0,0,random_or_none,1,rainy,0.533,260,0,0,0,0,0,0,0,normal,0,113,90
11/24/2025 14:00,113,0,Monday,11,0,0,random_or_none,1,rainy,0.51,260,0,0,0,0,0,0,0,normal,0,115,91
11/24/2025 15:00,115,0,Monday,11,0,0,random_or_none,1,rainy,0.622,260,0,0,0,0,0,0,0,normal,0,108,91
11/24/2025 16:00,108,0,Monday,11,0,0,random_or_none,0,sunny,0.346,260,0,0,0,0,0,0,0,normal,0,141,96
11/24/2025 17:00,141,0,Monday,11,0,0,random_or_none,3,hot,0.725,260,0,1,75.21,0,0,0,0,emergency_spike,5,128,98
11/24/2025 18:00,128,0,Monday,11,0,0,random_or_none,3,hot,0.493,260,0,0,0,0,0,0,0,normal,0,113,96
11/24/2025 19:00,113,0,Monday,11,0,0,random_or_none,3,hot,0.259,260,0,0,0,0,0,0,0,normal,0,99,95
11/24/2025 20:00,99,0,Monday,11,0,0,random_or_none,0,sunny,0.294,260,0,0,0,0,0,0,0,normal,0,104,87
11/24/2025 21:00,104,0,Monday,11,0,0,random_or_none,5,windy,0.94,260,0,0,0,0,0,0,0,extreme_weather,2,95,85
11/24/2025 22:00,95,0,Monday,11,0,0,random_or_none,1,rainy,0.395,260,0,0,0,0,0,0,0,normal,0,83,82
11/24/2025 23:00,83,0,Monday,11,0,0,random_or_none,2,cold,0.556,260,0,0,0,0,0,0,0,normal,0,80,92
11/25/2025 0:00,80,1,Tuesday,11,0,0,random_or_none,5,windy,0.238,260,0,0,0,0,0,0,0,normal,0,71,83
11/25/2025 1:00,71,1,Tuesday,11,0,0,random_or_none,0,sunny,0.073,260,0,0,0,0,0,0,0,normal,0,63,73
11/25/2025 2:00,63,1,Tuesday,11,0,0,random_or_none,0,sunny,0.137,260,0,0,0,0,0,0,0,normal,0,58,65
11/25/2025 3:00,58,1,Tuesday,11,0,0,random_or_none,5,windy,0.497,260,0,0,0,0,0,0,0,normal,0,55,62
11/25/2025 4:00,55,1,Tuesday,11,0,0,random_or_none,0,sunny,0.201,260,0,0,0,0,0,0,0,normal,0,57,64
11/25/2025 5:00,57,1,Tuesday,11,0,0,random_or_none,0,sunny,0.201,260,0,0,0,0,0,0,0,normal,0,67,63
11/25/2025 6:00,67,1,Tuesday,11,0,0,random_or_none,1,rainy,0.548,260,0,0,0,0,0,0,0,normal,0,70,67
11/25/2025 7:00,70,1,Tuesday,11,0,0,random_or_none,0,sunny,0.103,260,0,0,0,0,0,0,0,normal,0,79,76
11/25/2025 8:00,79,1,Tuesday,11,0,0,random_or_none,1,rainy,0.352,260,0,0,0,0,0,0,0,normal,0,85,74
11/25/2025 9:00,85,1,Tuesday,11,0,0,random_or_none,0,sunny,0.338,260,0,0,0,0,0,0,0,normal,0,87,79
11/25/2025 10:00,87,1,Tuesday,11,0,0,random_or_none,0,sunny,0.264,260,0,0,0,0,0,0,0,normal,0,89,86
11/25/2025 11:00,89,1,Tuesday,11,0,0,random_or_none,0,sunny,0.232,260,0,0,0,0,0,0,0,normal,0,90,94
11/25/2025 12:00,90,1,Tuesday,11,0,0,random_or_none,2,cold,0.335,260,0,0,0,0,0,0,0,normal,0,90,94
11/25/2025 13:00,90,1,Tuesday,11,0,0,random_or_none,0,sunny,0.239,260,0,0,0,0,0,0,0,normal,0,91,99
11/25/2025 14:00,91,1,Tuesday,11,0,0,random_or_none,0,sunny,0.195,260,0,0,0,0,0,0,0,normal,0,91,101
11/25/2025 15:00,91,1,Tuesday,11,0,0,random_or_none,1,rainy,0.494,260,0,0,0,0,0,0,0,normal,0,96,101
11/25/2025 16:00,96,1,Tuesday,11,0,0,random_or_none,1,rainy,0.282,260,0,0,0,0,0,0,0,normal,0,98,104
11/25/2025 17:00,98,1,Tuesday,11,0,0,random_or_none,3,hot,0.207,260,0,0,0,0,0,0,0,normal,0,96,103
11/25/2025 18:00,96,1,Tuesday,11,0,0,random_or_none,4,dusty,0.432,260,0,0,0,0,0,0,0,normal,0,95,101
11/25/2025 19:00,95,1,Tuesday,11,0,0,random_or_none,1,rainy,0.324,260,0,0,0,0,0,0,0,normal,0,87,101
11/25/2025 20:00,87,1,Tuesday,11,0,0,random_or_none,0,sunny,0.245,260,0,0,0,0,0,0,0,normal,0,85,93
11/25/2025 21:00,85,1,Tuesday,11,0,0,random_or_none,1,rainy,0.279,260,0,0,0,0,0,0,0,normal,0,82,91
11/25/2025 22:00,82,1,Tuesday,11,0,0,random_or_none,5,windy,0.762,260,0,0,0,0,0,0,0,extreme_weather,2,92,89
11/25/2025 23:00,92,1,Tuesday,11,0,0,random_or_none,5,windy,0.398,260,0,1,40.05,0,0,0,0,emergency_spike,5,83,80
11/26/2025 0:00,83,2,Wednesday,11,0,0,random_or_none,4,dusty,0.619,260,0,0,0,0,0,0,0,normal,0,73,78
11/26/2025 1:00,73,2,Wednesday,11,0,0,random_or_none,2,cold,0.158,260,0,0,0,0,0,0,0,normal,0,65,69
11/26/2025 2:00,65,2,Wednesday,11,0,0,random_or_none,1,rainy,0.423,260,0,0,0,0,0,0,0,normal,0,62,65
11/26/2025 3:00,62,2,Wednesday,11,0,0,random_or_none,0,sunny,0.048,260,0,0,0,0,0,0,0,normal,0,64,62
11/26/2025 4:00,64,2,Wednesday,11,0,0,random_or_none,2,cold,0.599,260,0,0,0,0,0,0,0,normal,0,63,58
11/26/2025 5:00,63,2,Wednesday,11,0,0,random_or_none,0,sunny,0.323,260,0,0,0,0,0,0,0,normal,0,67,61
11/26/2025 6:00,67,2,Wednesday,11,0,0,random_or_none,3,hot,0.505,260,0,0,0,0,0,0,0,normal,0,76,71
11/26/2025 7:00,76,2,Wednesday,11,0,0,random_or_none,5,windy,0.905,260,0,0,0,0,0,0,0,extreme_weather,2,74,110
11/26/2025 8:00,74,2,Wednesday,11,0,0,random_or_none,0,sunny,0.005,260,0,0,0,0,0,0,0,normal,0,79,99
11/26/2025 9:00,79,2,Wednesday,11,0,0,random_or_none,2,cold,0.227,260,0,0,0,0,0,0,0,normal,0,86,88
11/26/2025 10:00,86,2,Wednesday,11,0,0,random_or_none,1,rainy,0.893,260,0,0,0,0,0,0,0,extreme_weather,2,94,86
11/26/2025 11:00,94,2,Wednesday,11,0,0,random_or_none,0,sunny,0.323,260,0,0,0,0,0,0,0,normal,0,94,93
11/26/2025 12:00,94,2,Wednesday,11,0,0,random_or_none,2,cold,0.457,260,0,0,0,0,0,0,0,normal,0,99,101
11/26/2025 13:00,99,2,Wednesday,11,0,0,random_or_none,0,sunny,0.08,260,0,0,0,0,0,0,0,normal,0,101,101
11/26/2025 14:00,101,2,Wednesday,11,0,0,random_or_none,0,sunny,0.155,260,0,0,0,0,0,0,0,normal,0,101,104
11/26/2025 15:00,101,2,Wednesday,11,0,0,random_or_none,4,dusty,0.589,260,0,0,0,0,0,0,0,normal,0,104,106
11/26/2025 16:00,104,2,Wednesday,11,0,0,random_or_none,2,cold,0.205,260,0,0,0,0,0,0,0,normal,0,103,108
11/26/2025 17:00,103,2,Wednesday,11,0,0,random_or_none,3,hot,0.716,260,0,0,0,0,0,0,0,normal,0,101,96
11/26/2025 18:00,101,2,Wednesday,11,0,0,random_or_none,0,sunny,0.036,260,0,0,0,0,0,0,0,normal,0,101,102
11/26/2025 19:00,101,2,Wednesday,11,0,0,random_or_none,1,rainy,0.865,260,0,0,0,0,0,0,0,extreme_weather,2,93,104
11/26/2025 20:00,93,2,Wednesday,11,0,0,random_or_none,1,rainy,0.425,260,0,0,0,0,0,0,0,normal,0,91,95
11/26/2025 21:00,91,2,Wednesday,11,0,0,random_or_none,1,rainy,0.18,260,0,0,0,0,0,0,0,normal,0,89,80
11/26/2025 22:00,89,2,Wednesday,11,0,0,random_or_none,5,windy,0.848,260,0,0,0,0,0,0,0,extreme_weather,2,80,84
11/26/2025 23:00,80,2,Wednesday,11,0,0,random_or_none,1,rainy,0.318,260,0,0,0,0,0,0,0,normal,0,78,74
11/27/2025 0:00,78,3,Thursday,11,0,0,random_or_none,1,rainy,0.357,260,0,0,0,0,0,0,0,normal,0,69,74
11/27/2025 1:00,69,3,Thursday,11,0,0,random_or_none,0,sunny,0.334,260,0,0,0,0,0,0,0,normal,0,65,67
11/27/2025 2:00,65,3,Thursday,11,0,0,random_or_none,4,dusty,0.424,260,0,0,0,0,0,0,0,normal,0,62,61
11/27/2025 3:00,62,3,Thursday,11,0,0,random_or_none,0,sunny,0.072,260,0,0,0,0,0,0,0,normal,0,58,65
11/27/2025 4:00,58,3,Thursday,11,0,0,random_or_none,0,sunny,0.105,260,0,0,0,0,0,0,0,normal,0,61,64
11/27/2025 5:00,61,3,Thursday,11,0,0,random_or_none,0,sunny,0.019,260,0,0,0,0,0,0,0,normal,0,71,61
11/27/2025 6:00,71,3,Thursday,11,0,0,random_or_none,2,cold,0.755,260,0,0,0,0,0,0,0,extreme_weather,2,110,62
11/27/2025 7:00,110,3,Thursday,11,0,0,random_or_none,5,windy,0.555,260,0,1,93.5,0,0,0,0,emergency_spike,5,99,76
11/27/2025 8:00,99,3,Thursday,11,0,0,random_or_none,2,cold,0.821,260,0,0,0,0,0,0,0,extreme_weather,2,88,83
11/27/2025 9:00,88,3,Thursday,11,0,0,random_or_none,1,rainy,0.452,260,0,0,0,0,0,0,0,normal,0,86,76
11/27/2025 10:00,86,3,Thursday,11,0,0,random_or_none,5,windy,0.508,260,0,0,0,0,0,0,0,normal,0,93,83
11/27/2025 11:00,93,3,Thursday,11,0,0,random_or_none,1,rainy,0.52,260,0,0,0,0,0,0,0,normal,0,101,90
11/27/2025 12:00,101,3,Thursday,11,0,0,random_or_none,1,rainy,0.729,260,0,0,0,0,0,0,0,normal,0,101,100
11/27/2025 13:00,101,3,Thursday,11,0,0,random_or_none,1,rainy,0.317,260,0,0,0,0,0,0,0,normal,0,104,103
11/27/2025 14:00,104,3,Thursday,11,0,0,random_or_none,5,windy,0.465,260,0,0,0,0,0,0,0,normal,0,106,116
11/27/2025 15:00,106,3,Thursday,11,0,0,random_or_none,1,rainy,0.607,260,0,0,0,0,0,0,0,normal,0,108,113
11/27/2025 16:00,108,3,Thursday,11,0,0,random_or_none,4,dusty,0.797,260,0,0,0,0,0,0,0,extreme_weather,2,96,112
11/27/2025 17:00,96,3,Thursday,11,0,0,random_or_none,0,sunny,0.278,260,0,0,0,0,0,0,0,normal,0,102,108
11/27/2025 18:00,102,3,Thursday,11,0,0,random_or_none,4,dusty,0.726,260,0,0,0,0,0,0,0,normal,0,104,106
11/27/2025 19:00,104,3,Thursday,11,0,0,random_or_none,4,dusty,0.949,260,0,0,0,0,0,0,0,extreme_weather,2,95,98
11/27/2025 20:00,95,3,Thursday,11,0,0,random_or_none,0,sunny,0.24,260,0,0,0,0,0,0,0,normal,0,80,99
11/27/2025 21:00,80,3,Thursday,11,0,0,random_or_none,0,sunny,0.12,260,0,0,0,0,0,0,0,normal,0,84,95
11/27/2025 22:00,84,3,Thursday,11,0,0,random_or_none,2,cold,0.56,260,0,0,0,0,0,0,0,normal,0,74,106
11/27/2025 23:00,74,3,Thursday,11,0,0,random_or_none,4,dusty,0.264,260,0,0,0,0,0,0,0,normal,0,74,92
11/28/2025 0:00,74,4,Friday,11,0,0,random_or_none,0,sunny,0.081,260,0,0,0,0,0,0,0,normal,0,67,70
11/28/2025 1:00,67,4,Friday,11,0,0,random_or_none,0,sunny,0.053,260,0,0,0,0,0,0,0,normal,0,61,57
11/28/2025 2:00,61,4,Friday,11,0,0,random_or_none,0,sunny,0.106,260,0,0,0,0,0,0,0,normal,0,65,52
11/28/2025 3:00,65,4,Friday,11,0,0,random_or_none,2,cold,0.51,260,0,0,0,0,0,0,0,normal,0,64,50
11/28/2025 4:00,64,4,Friday,11,0,0,random_or_none,1,rainy,0.491,260,0,0,0,0,0,0,0,normal,0,61,50
11/28/2025 5:00,61,4,Friday,11,0,0,random_or_none,0,sunny,0.068,260,0,0,0,0,0,0,0,normal,0,62,52
11/28/2025 6:00,62,4,Friday,11,0,0,random_or_none,5,windy,0.287,260,0,0,0,0,0,0,0,normal,0,76,56
11/28/2025 7:00,76,4,Friday,11,0,0,random_or_none,1,rainy,0.918,260,0,0,0,0,0,0,0,extreme_weather,2,83,58
11/28/2025 8:00,83,4,Friday,11,0,0,random_or_none,1,rainy,0.19,260,0,0,0,0,0,0,0,normal,0,76,65
11/28/2025 9:00,76,4,Friday,11,0,0,random_or_none,0,sunny,0.007,260,0,0,0,0,0,0,0,normal,0,83,69
11/28/2025 10:00,83,4,Friday,11,0,0,random_or_none,0,sunny,0.154,260,0,0,0,0,0,0,0,normal,0,90,72
11/28/2025 11:00,90,4,Friday,11,0,0,random_or_none,1,rainy,0.896,260,0,0,0,0,0,0,0,extreme_weather,2,100,79
11/28/2025 12:00,100,4,Friday,11,0,0,random_or_none,1,rainy,0.212,260,0,0,0,0,0,0,0,normal,0,103,81
11/28/2025 13:00,103,4,Friday,11,0,0,random_or_none,1,rainy,0.233,260,0,0,0,0,0,0,0,normal,0,116,78
11/28/2025 14:00,116,4,Friday,11,0,0,random_or_none,1,rainy,0.864,260,0,0,0,0,0,0,0,extreme_weather,2,113,78
11/28/2025 15:00,113,4,Friday,11,0,0,random_or_none,5,windy,0.565,260,0,0,0,0,0,0,0,normal,0,112,78
11/28/2025 16:00,112,4,Friday,11,0,0,random_or_none,2,cold,0.687,260,0,0,0,0,0,0,0,normal,0,108,82
11/28/2025 17:00,108,4,Friday,11,0,0,random_or_none,0,sunny,0.282,260,0,0,0,0,0,0,0,normal,0,106,85
11/28/2025 18:00,106,4,Friday,11,0,0,random_or_none,2,cold,0.631,260,0,0,0,0,0,0,0,normal,0,98,88
11/28/2025 19:00,98,4,Friday,11,0,0,random_or_none,0,sunny,0.25,260,0,0,0,0,0,0,0,normal,0,99,88
11/28/2025 20:00,99,4,Friday,11,0,0,random_or_none,1,rainy,0.338,260,0,0,0,0,0,0,0,normal,0,95,86
11/28/2025 21:00,95,4,Friday,11,0,0,random_or_none,0,sunny,0.096,260,0,0,0,0,0,0,0,normal,0,106,82
11/28/2025 22:00,106,4,Friday,11,0,0,random_or_none,0,sunny,0.102,260,0,1,61.94,0,0,0,0,emergency_spike,5,92,60
11/28/2025 23:00,92,4,Friday,11,0,0,random_or_none,2,cold,0.384,260,0,0,0,0,0,0,0,normal,0,70,49
11/29/2025 0:00,70,5,Saturday,11,1,0,random_or_none,1,rainy,0.211,260,0,0,0,0,0,0,0,normal,0,57,47
11/29/2025 1:00,57,5,Saturday,11,1,0,random_or_none,1,rainy,0.214,260,0,0,0,0,0,0,0,normal,0,52,44
11/29/2025 2:00,52,5,Saturday,11,1,0,random_or_none,3,hot,0.482,260,0,0,0,0,0,0,0,normal,0,50,41
11/29/2025 3:00,50,5,Saturday,11,1,0,random_or_none,2,cold,0.768,260,0,0,0,0,0,0,0,extreme_weather,2,50,44
11/29/2025 4:00,50,5,Saturday,11,1,0,random_or_none,1,rainy,0.66,260,0,0,0,0,0,0,0,normal,0,52,41
11/29/2025 5:00,52,5,Saturday,11,1,0,random_or_none,1,rainy,0.657,260,0,0,0,0,0,0,0,normal,0,56,44
11/29/2025 6:00,56,5,Saturday,11,1,0,random_or_none,2,cold,0.385,260,0,0,0,0,0,0,0,normal,0,58,45
11/29/2025 7:00,58,5,Saturday,11,1,0,random_or_none,3,hot,0.483,260,0,0,0,0,0,0,0,normal,0,65,58
11/29/2025 8:00,65,5,Saturday,11,1,0,random_or_none,1,rainy,0.38,260,0,0,0,0,0,0,0,normal,0,69,57
11/29/2025 9:00,69,5,Saturday,11,1,0,random_or_none,2,cold,0.782,260,0,0,0,0,0,0,0,extreme_weather,2,72,62
11/29/2025 10:00,72,5,Saturday,11,1,0,random_or_none,0,sunny,0.062,260,0,0,0,0,0,0,0,normal,0,79,67
11/29/2025 11:00,79,5,Saturday,11,1,0,random_or_none,1,rainy,0.306,260,0,0,0,0,0,0,0,normal,0,81,72
11/29/2025 12:00,81,5,Saturday,11,1,0,random_or_none,0,sunny,0.292,260,0,0,0,0,0,0,0,normal,0,78,67
11/29/2025 13:00,78,5,Saturday,11,1,0,random_or_none,0,sunny,0.162,260,0,0,0,0,0,0,0,normal,0,78,70
11/29/2025 14:00,78,5,Saturday,11,1,0,random_or_none,1,rainy,0.169,260,0,0,0,0,0,0,0,normal,0,78,82
11/29/2025 15:00,78,5,Saturday,11,1,0,random_or_none,5,windy,0.846,260,0,0,0,0,0,0,0,extreme_weather,2,82,85
11/29/2025 16:00,82,5,Saturday,11,1,0,random_or_none,0,sunny,0.189,260,0,0,0,0,0,0,0,normal,0,85,79
11/29/2025 17:00,85,5,Saturday,11,1,0,random_or_none,0,sunny,0.267,260,0,0,0,0,0,0,0,normal,0,88,76
11/29/2025 18:00,88,5,Saturday,11,1,0,random_or_none,1,rainy,0.403,260,0,0,0,0,0,0,0,normal,0,88,79
11/29/2025 19:00,88,5,Saturday,11,1,0,random_or_none,4,dusty,0.85,260,0,0,0,0,0,0,0,extreme_weather,2,86,77
11/29/2025 20:00,86,5,Saturday,11,1,0,random_or_none,0,sunny,0.265,260,0,0,0,0,0,0,0,normal,0,82,81
11/29/2025 21:00,82,5,Saturday,11,1,0,random_or_none,1,rainy,0.687,260,0,0,0,0,0,0,0,normal,0,60,68
11/29/2025 22:00,60,5,Saturday,11,1,0,random_or_none,0,sunny,0.229,260,0,0,0,0,0,0,0,normal,0,49,59
11/29/2025 23:00,49,5,Saturday,11,1,0,random_or_none,0,sunny,0.039,260,0,0,0,0,0,0,0,normal,0,47,59
11/30/2025 0:00,47,6,Sunday,11,1,1,random_or_none,1,rainy,0.153,260,0,0,0,0,0,0,0,holiday,1,44,65
11/30/2025 1:00,44,6,Sunday,11,1,1,random_or_none,0,sunny,0.338,260,0,0,0,0,0,0,0,holiday,1,41,66
11/30/2025 2:00,41,6,Sunday,11,1,1,random_or_none,5,windy,0.581,260,0,0,0,0,0,0,0,holiday,1,44,61
11/30/2025 3:00,44,6,Sunday,11,1,1,random_or_none,0,sunny,0.311,260,0,0,0,0,0,0,0,holiday,1,41,63
11/30/2025 4:00,41,6,Sunday,11,1,1,random_or_none,0,sunny,0.286,260,0,0,0,0,0,0,0,holiday,1,44,66
11/30/2025 5:00,44,6,Sunday,11,1,1,random_or_none,5,windy,0.625,260,0,0,0,0,0,0,0,holiday,1,45,67
11/30/2025 6:00,45,6,Sunday,11,1,1,random_or_none,5,windy,0.403,260,0,0,0,0,0,0,0,holiday,1,58,75
11/30/2025 7:00,58,6,Sunday,11,1,1,random_or_none,4,dusty,0.93,260,0,0,0,0,0,0,0,extreme_weather,2,57,81
11/30/2025 8:00,57,6,Sunday,11,1,1,random_or_none,0,sunny,0.225,260,0,0,0,0,0,0,0,holiday,1,62,87
11/30/2025 9:00,62,6,Sunday,11,1,1,random_or_none,0,sunny,0.295,260,0,0,0,0,0,0,0,holiday,1,67,87
11/30/2025 10:00,67,6,Sunday,11,1,1,random_or_none,0,sunny,0.184,260,0,0,0,0,0,0,0,holiday,1,72,91
11/30/2025 11:00,72,6,Sunday,11,1,1,random_or_none,5,windy,0.845,260,0,0,0,0,0,0,0,extreme_weather,2,67,155
11/30/2025 12:00,67,6,Sunday,11,1,1,random_or_none,0,sunny,0.045,260,0,0,0,0,0,0,0,holiday,1,70,131
11/30/2025 13:00,70,6,Sunday,11,1,1,random_or_none,0,sunny,0.02,260,0,0,0,0,0,0,0,holiday,1,82,122
11/30/2025 14:00,82,6,Sunday,11,1,1,random_or_none,4,dusty,0.583,260,0,0,0,0,0,0,0,holiday,1,85,124
11/30/2025 15:00,85,6,Sunday,11,1,1,random_or_none,2,cold,0.188,260,0,0,0,0,0,0,0,holiday,1,79,123
11/30/2025 16:00,79,6,Sunday,11,1,1,random_or_none,0,sunny,0.171,260,0,0,0,0,0,0,0,holiday,1,76,191
11/30/2025 17:00,76,6,Sunday,11,1,1,random_or_none,0,sunny,0.165,260,0,0,0,0,0,0,0,holiday,1,79,158
11/30/2025 18:00,79,6,Sunday,11,1,1,random_or_none,1,rainy,0.703,260,0,0,0,0,0,0,0,holiday,1,77,141
11/30/2025 19:00,77,6,Sunday,11,1,1,random_or_none,5,windy,0.293,260,0,0,0,0,0,0,0,holiday,1,81,125
11/30/2025 20:00,81,6,Sunday,11,1,1,random_or_none,1,rainy,0.862,260,0,0,0,0,0,0,0,extreme_weather,2,68,110
11/30/2025 21:00,68,6,Sunday,11,1,1,random_or_none,0,sunny,0.327,260,0,0,0,0,0,0,0,holiday,1,59,102
11/30/2025 22:00,59,6,Sunday,11,1,1,random_or_none,1,rainy,0.775,260,0,0,0,0,0,0,0,extreme_weather,2,59,90
11/30/2025 23:00,59,6,Sunday,11,1,1,random_or_none,1,rainy,0.325,260,0,0,0,0,0,0,0,holiday,1,65,83
12/1/2025 0:00,65,0,Monday,12,0,0,random_or_none,2,cold,0.551,260,0,0,0,0,0,0,0,normal,0,66,68
12/1/2025 1:00,66,0,Monday,12,0,0,random_or_none,2,cold,0.267,260,0,0,0,0,0,0,0,normal,0,61,69
12/1/2025 2:00,61,0,Monday,12,0,0,random_or_none,1,rainy,0.449,260,0,0,0,0,0,0,0,normal,0,63,63
12/1/2025 3:00,63,0,Monday,12,0,0,random_or_none,1,rainy,0.236,260,0,0,0,0,0,0,0,normal,0,66,67
12/1/2025 4:00,66,0,Monday,12,0,0,random_or_none,2,cold,0.522,260,0,0,0,0,0,0,0,normal,0,67,69
12/1/2025 5:00,67,0,Monday,12,0,0,random_or_none,1,rainy,0.444,260,0,0,0,0,0,0,0,normal,0,75,64
12/1/2025 6:00,75,0,Monday,12,0,0,random_or_none,2,cold,0.627,260,0,0,0,0,0,0,0,normal,0,81,74
12/1/2025 7:00,81,0,Monday,12,0,0,random_or_none,1,rainy,0.303,260,0,0,0,0,0,0,0,normal,0,87,78
12/1/2025 8:00,87,0,Monday,12,0,0,random_or_none,1,rainy,0.304,260,0,0,0,0,0,0,0,normal,0,87,81
12/1/2025 9:00,87,0,Monday,12,0,0,random_or_none,0,sunny,0.331,260,0,0,0,0,0,0,0,normal,0,91,80
12/1/2025 10:00,91,0,Monday,12,0,0,random_or_none,1,rainy,0.353,260,0,0,0,0,0,0,0,normal,0,155,125
12/1/2025 11:00,155,0,Monday,12,0,0,random_or_none,2,cold,0.851,260,0,1,115.45,0,0,0,0,emergency_spike,5,131,120
12/1/2025 12:00,131,0,Monday,12,0,0,random_or_none,3,hot,0.301,260,0,0,0,0,0,0,0,normal,0,122,112
12/1/2025 13:00,122,0,Monday,12,0,0,random_or_none,2,cold,0.733,260,0,0,0,0,0,0,0,normal,0,124,112
12/1/2025 14:00,124,0,Monday,12,0,0,random_or_none,1,rainy,0.807,260,0,0,0,0,0,0,0,extreme_weather,2,123,113
12/1/2025 15:00,123,0,Monday,12,0,0,random_or_none,1,rainy,0.836,260,0,0,0,0,0,0,0,extreme_weather,2,191,113
12/1/2025 16:00,191,0,Monday,12,0,0,random_or_none,2,cold,0.914,260,0,1,158.63,0,0,0,0,emergency_spike,5,158,139
12/1/2025 17:00,158,0,Monday,12,0,0,random_or_none,2,cold,0.876,260,0,0,0,0,0,0,0,extreme_weather,2,141,170
12/1/2025 18:00,141,0,Monday,12,0,0,random_or_none,1,rainy,0.992,260,0,0,0,0,0,0,0,extreme_weather,2,125,140
12/1/2025 19:00,125,0,Monday,12,0,0,random_or_none,2,cold,0.719,260,0,0,0,0,0,0,0,normal,0,110,123
12/1/2025 20:00,110,0,Monday,12,0,0,random_or_none,0,sunny,0.141,260,0,0,0,0,0,0,0,normal,0,102,118
12/1/2025 21:00,102,0,Monday,12,0,0,random_or_none,2,cold,0.852,260,0,0,0,0,0,0,0,extreme_weather,2,90,103
12/1/2025 22:00,90,0,Monday,12,0,0,random_or_none,5,windy,0.523,260,0,0,0,0,0,0,0,normal,0,83,95
12/1/2025 23:00,83,0,Monday,12,0,0,random_or_none,0,sunny,0.011,260,0,0,0,0,0,0,0,normal,0,68,83
12/2/2025 0:00,68,1,Tuesday,12,0,0,random_or_none,0,sunny,0.282,260,0,0,0,0,0,0,0,normal,0,69,72
12/2/2025 1:00,69,1,Tuesday,12,0,0,random_or_none,1,rainy,0.573,260,0,0,0,0,0,0,0,normal,0,63,63
12/2/2025 2:00,63,1,Tuesday,12,0,0,random_or_none,0,sunny,0.202,260,0,0,0,0,0,0,0,normal,0,67,69
12/2/2025 3:00,67,1,Tuesday,12,0,0,random_or_none,2,cold,0.5,260,0,0,0,0,0,0,0,normal,0,69,65
12/2/2025 4:00,69,1,Tuesday,12,0,0,random_or_none,2,cold,0.91,260,0,0,0,0,0,0,0,extreme_weather,2,64,72
12/2/2025 5:00,64,1,Tuesday,12,0,0,random_or_none,0,sunny,0.329,260,0,0,0,0,0,0,0,normal,0,74,69
12/2/2025 6:00,74,1,Tuesday,12,0,0,random_or_none,0,sunny,0.243,260,0,0,0,0,0,0,0,normal,0,78,72
12/2/2025 7:00,78,1,Tuesday,12,0,0,random_or_none,0,sunny,0.205,260,0,0,0,0,0,0,0,normal,0,81,77
12/2/2025 8:00,81,1,Tuesday,12,0,0,random_or_none,0,sunny,0.265,260,0,0,0,0,0,0,0,normal,0,80,78
12/2/2025 9:00,80,1,Tuesday,12,0,0,random_or_none,0,sunny,0.058,260,0,0,0,0,0,0,0,normal,0,125,87
12/2/2025 10:00,125,1,Tuesday,12,0,0,random_or_none,1,rainy,0.383,260,0,1,72.67,0,0,0,0,emergency_spike,5,120,95
12/2/2025 11:00,120,1,Tuesday,12,0,0,random_or_none,1,rainy,0.698,260,0,0,0,0,0,0,0,normal,0,112,103
12/2/2025 12:00,112,1,Tuesday,12,0,0,random_or_none,1,rainy,0.487,260,0,0,0,0,0,0,0,normal,0,112,156
12/2/2025 13:00,112,1,Tuesday,12,0,0,random_or_none,2,cold,0.525,260,0,0,0,0,0,0,0,normal,0,113,131
12/2/2025 14:00,113,1,Tuesday,12,0,0,random_or_none,2,cold,0.881,260,0,0,0,0,0,0,0,extreme_weather,2,113,117
12/2/2025 15:00,113,1,Tuesday,12,0,0,random_or_none,0,sunny,0.033,260,0,0,0,0,0,0,0,normal,0,139,110
12/2/2025 16:00,139,1,Tuesday,12,0,0,random_or_none,2,cold,0.354,260,0,1,64.15,0,0,0,0,emergency_spike,5,170,112
12/2/2025 17:00,170,1,Tuesday,12,0,0,random_or_none,5,windy,0.896,260,0,1,91.71,0,0,0,0,emergency_spike,5,140,114
12/2/2025 18:00,140,1,Tuesday,12,0,0,random_or_none,4,dusty,0.23,260,0,0,0,0,0,0,0,normal,0,123,109
12/2/2025 19:00,123,1,Tuesday,12,0,0,random_or_none,2,cold,0.782,260,0,0,0,0,0,0,0,extreme_weather,2,118,108
12/2/2025 20:00,118,1,Tuesday,12,0,0,random_or_none,1,rainy,0.583,260,0,0,0,0,0,0,0,normal,0,103,105
12/2/2025 21:00,103,1,Tuesday,12,0,0,random_or_none,2,cold,0.714,260,0,0,0,0,0,0,0,normal,0,95,100
12/2/2025 22:00,95,1,Tuesday,12,0,0,random_or_none,1,rainy,0.973,260,0,0,0,0,0,0,0,extreme_weather,2,83,93
12/2/2025 23:00,83,1,Tuesday,12,0,0,random_or_none,5,windy,0.759,260,0,0,0,0,0,0,0,extreme_weather,2,72,90
12/3/2025 0:00,72,2,Wednesday,12,0,0,random_or_none,0,sunny,0.113,260,0,0,0,0,0,0,0,normal,0,63,87
12/3/2025 1:00,63,2,Wednesday,12,0,0,random_or_none,0,sunny,0.162,260,0,0,0,0,0,0,0,normal,0,69,81
12/3/2025 2:00,69,2,Wednesday,12,0,0,random_or_none,4,dusty,0.7,260,0,0,0,0,0,0,0,normal,0,65,80
12/3/2025 3:00,65,2,Wednesday,12,0,0,random_or_none,2,cold,0.35,260,0,0,0,0,0,0,0,normal,0,72,82
12/3/2025 4:00,72,2,Wednesday,12,0,0,random_or_none,1,rainy,0.81,260,0,0,0,0,0,0,0,extreme_weather,2,69,76
12/3/2025 5:00,69,2,Wednesday,12,0,0,random_or_none,0,sunny,0.161,260,0,0,0,0,0,0,0,normal,0,72,74
12/3/2025 6:00,72,2,Wednesday,12,0,0,random_or_none,2,cold,0.616,260,0,0,0,0,0,0,0,normal,0,77,74
12/3/2025 7:00,77,2,Wednesday,12,0,0,random_or_none,2,cold,0.385,260,0,0,0,0,0,0,0,normal,0,78,79
12/3/2025 8:00,78,2,Wednesday,12,0,0,random_or_none,0,sunny,0.021,260,0,0,0,0,0,0,0,normal,0,87,75
12/3/2025 9:00,87,2,Wednesday,12,0,0,random_or_none,5,windy,0.785,260,0,0,0,0,0,0,0,extreme_weather,2,95,86
12/3/2025 10:00,95,2,Wednesday,12,0,0,random_or_none,2,cold,0.782,260,0,0,0,0,0,0,0,extreme_weather,2,103,88
12/3/2025 11:00,103,2,Wednesday,12,0,0,random_or_none,3,hot,0.738,260,0,0,0,0,0,0,0,normal,0,156,91
12/3/2025 12:00,156,2,Wednesday,12,0,0,random_or_none,1,rainy,0.514,260,0,1,111.75,0,0,0,0,emergency_spike,5,131,105
12/3/2025 13:00,131,2,Wednesday,12,0,0,random_or_none,5,windy,0.268,260,0,0,0,0,0,0,0,normal,0,117,111
12/3/2025 14:00,117,2,Wednesday,12,0,0,random_or_none,0,sunny,0.241,260,0,0,0,0,0,0,0,normal,0,110,113
12/3/2025 15:00,110,2,Wednesday,12,0,0,random_or_none,0,sunny,0.143,260,0,0,0,0,0,0,0,normal,0,112,110
12/3/2025 16:00,112,2,Wednesday,12,0,0,random_or_none,0,sunny,0.059,260,0,0,0,0,0,0,0,normal,0,114,111
12/3/2025 17:00,114,2,Wednesday,12,0,0,random_or_none,2,cold,0.973,260,0,0,0,0,0,0,0,extreme_weather,2,109,108
12/3/2025 18:00,109,2,Wednesday,12,0,0,random_or_none,2,cold,0.327,260,0,0,0,0,0,0,0,normal,0,108,108
12/3/2025 19:00,108,2,Wednesday,12,0,0,random_or_none,2,cold,0.283,260,0,0,0,0,0,0,0,normal,0,105,107
12/3/2025 20:00,105,2,Wednesday,12,0,0,random_or_none,3,hot,0.56,260,0,0,0,0,0,0,0,normal,0,100,100
12/3/2025 21:00,100,2,Wednesday,12,0,0,random_or_none,1,rainy,0.649,260,0,0,0,0,0,0,0,normal,0,93,95
12/3/2025 22:00,93,2,Wednesday,12,0,0,random_or_none,5,windy,0.413,260,0,0,0,0,0,0,0,normal,0,90,86
12/3/2025 23:00,90,2,Wednesday,12,0,0,random_or_none,2,cold,0.316,260,0,0,0,0,0,0,0,normal,0,87,81
12/4/2025 0:00,87,3,Thursday,12,0,0,random_or_none,2,cold,0.872,260,0,0,0,0,0,0,0,extreme_weather,2,81,74
12/4/2025 1:00,81,3,Thursday,12,0,0,random_or_none,1,rainy,0.612,260,0,0,0,0,0,0,0,normal,0,80,69
12/4/2025 2:00,80,3,Thursday,12,0,0,random_or_none,1,rainy,0.57,260,0,0,0,0,0,0,0,normal,0,82,74
12/4/2025 3:00,82,3,Thursday,12,0,0,random_or_none,2,cold,0.994,260,0,0,0,0,0,0,0,extreme_weather,2,76,77
12/4/2025 4:00,76,3,Thursday,12,0,0,random_or_none,2,cold,0.868,260,0,0,0,0,0,0,0,extreme_weather,2,74,128
12/4/2025 5:00,74,3,Thursday,12,0,0,random_or_none,1,rainy,0.293,260,0,0,0,0,0,0,0,normal,0,74,99
12/4/2025 6:00,74,3,Thursday,12,0,0,random_or_none,4,dusty,0.589,260,0,0,0,0,0,0,0,normal,0,79,98
12/4/2025 7:00,79,3,Thursday,12,0,0,random_or_none,2,cold,0.848,260,0,0,0,0,0,0,0,extreme_weather,2,75,84
12/4/2025 8:00,75,3,Thursday,12,0,0,random_or_none,0,sunny,0.229,260,0,0,0,0,0,0,0,normal,0,86,82
12/4/2025 9:00,86,3,Thursday,12,0,0,random_or_none,2,cold,0.301,260,0,0,0,0,0,0,0,normal,0,88,157
12/4/2025 10:00,88,3,Thursday,12,0,0,random_or_none,3,hot,0.428,260,0,0,0,0,0,0,0,normal,0,91,128
12/4/2025 11:00,91,3,Thursday,12,0,0,random_or_none,0,sunny,0.218,260,0,0,0,0,0,0,0,normal,0,105,183
12/4/2025 12:00,105,3,Thursday,12,0,0,random_or_none,1,rainy,0.759,260,0,0,0,0,0,0,0,extreme_weather,2,111,152
12/4/2025 13:00,111,3,Thursday,12,0,0,random_or_none,2,cold,0.793,260,0,0,0,0,0,0,0,extreme_weather,2,113,129
12/4/2025 14:00,113,3,Thursday,12,0,0,random_or_none,5,windy,0.592,260,0,0,0,0,0,0,0,normal,0,110,131
12/4/2025 15:00,110,3,Thursday,12,0,0,random_or_none,2,cold,0.373,260,0,0,0,0,0,0,0,normal,0,111,120
12/4/2025 16:00,111,3,Thursday,12,0,0,random_or_none,2,cold,0.515,260,0,0,0,0,0,0,0,normal,0,108,125
12/4/2025 17:00,108,3,Thursday,12,0,0,random_or_none,0,sunny,0.333,260,0,0,0,0,0,0,0,normal,0,108,119
12/4/2025 18:00,108,3,Thursday,12,0,0,random_or_none,1,rainy,0.973,260,0,0,0,0,0,0,0,extreme_weather,2,107,115
12/4/2025 19:00,107,3,Thursday,12,0,0,random_or_none,1,rainy,0.5,260,0,0,0,0,0,0,0,normal,0,100,113
12/4/2025 20:00,100,3,Thursday,12,0,0,random_or_none,0,sunny,0.093,260,0,0,0,0,0,0,0,normal,0,95,107
12/4/2025 21:00,95,3,Thursday,12,0,0,random_or_none,1,rainy,0.829,260,0,0,0,0,0,0,0,extreme_weather,2,86,107
12/4/2025 22:00,86,3,Thursday,12,0,0,random_or_none,5,windy,0.234,260,0,0,0,0,0,0,0,normal,0,81,129
12/4/2025 23:00,81,3,Thursday,12,0,0,random_or_none,2,cold,0.531,260,0,0,0,0,0,0,0,normal,0,74,104
12/5/2025 0:00,74,4,Friday,12,0,0,random_or_none,0,sunny,0.151,260,0,0,0,0,0,0,0,normal,0,69,85
12/5/2025 1:00,69,4,Friday,12,0,0,random_or_none,0,sunny,0.277,260,0,0,0,0,0,0,0,normal,0,74,74
12/5/2025 2:00,74,4,Friday,12,0,0,random_or_none,5,windy,0.179,260,0,0,0,0,0,0,0,normal,0,77,65
12/5/2025 3:00,77,4,Friday,12,0,0,random_or_none,2,cold,0.612,260,0,0,0,0,0,0,0,normal,0,128,63
12/5/2025 4:00,128,4,Friday,12,0,0,random_or_none,1,rainy,0.773,260,0,1,130.14,0,0,0,0,emergency_spike,5,99,58
12/5/2025 5:00,99,4,Friday,12,0,0,random_or_none,2,cold,0.654,260,0,0,0,0,0,0,0,normal,0,98,47
12/5/2025 6:00,98,4,Friday,12,0,0,random_or_none,1,rainy,1,260,0,0,0,0,0,0,0,extreme_weather,2,84,128
12/5/2025 7:00,84,4,Friday,12,0,0,random_or_none,0,sunny,0.18,260,0,0,0,0,0,0,0,normal,0,82,102
12/5/2025 8:00,82,4,Friday,12,0,0,random_or_none,0,sunny,0.087,260,0,0,0,0,0,0,0,normal,0,157,89
12/5/2025 9:00,157,4,Friday,12,0,0,random_or_none,1,rainy,0.936,260,0,1,145.21,0,0,0,0,emergency_spike,5,128,77
12/5/2025 10:00,128,4,Friday,12,0,0,random_or_none,0,sunny,0.178,260,0,0,0,0,0,0,0,normal,0,183,78
12/5/2025 11:00,183,4,Friday,12,0,0,random_or_none,2,cold,0.881,260,0,1,138.93,0,0,0,0,emergency_spike,5,152,100
12/5/2025 12:00,152,4,Friday,12,0,0,random_or_none,2,cold,0.749,260,0,0,0,0,0,0,0,normal,0,129,95
12/5/2025 13:00,129,4,Friday,12,0,0,random_or_none,0,sunny,0.181,260,0,0,0,0,0,0,0,normal,0,131,92
12/5/2025 14:00,131,4,Friday,12,0,0,random_or_none,1,rainy,0.93,260,0,0,0,0,0,0,0,extreme_weather,2,120,97
12/5/2025 15:00,120,4,Friday,12,0,0,random_or_none,3,hot,0.228,260,0,0,0,0,0,0,0,normal,0,125,105
12/5/2025 16:00,125,4,Friday,12,0,0,random_or_none,1,rainy,0.668,260,0,0,0,0,0,0,0,normal,0,119,102
12/5/2025 17:00,119,4,Friday,12,0,0,random_or_none,0,sunny,0.317,260,0,0,0,0,0,0,0,normal,0,115,98
12/5/2025 18:00,115,4,Friday,12,0,0,random_or_none,0,sunny,0.272,260,0,0,0,0,0,0,0,normal,0,113,100
12/5/2025 19:00,113,4,Friday,12,0,0,random_or_none,5,windy,0.41,260,0,0,0,0,0,0,0,normal,0,107,97
12/5/2025 20:00,107,4,Friday,12,0,0,random_or_none,2,cold,0.791,260,0,0,0,0,0,0,0,extreme_weather,2,107,95
12/5/2025 21:00,107,4,Friday,12,0,0,random_or_none,1,rainy,0.959,260,0,0,0,0,0,0,0,extreme_weather,2,129,88
12/5/2025 22:00,129,4,Friday,12,0,0,random_or_none,2,cold,0.282,260,0,1,70.1,0,0,0,0,emergency_spike,5,104,83
12/5/2025 23:00,104,4,Friday,12,0,0,random_or_none,5,windy,0.345,260,0,0,0,0,0,0,0,normal,0,85,74
12/6/2025 0:00,85,5,Saturday,12,1,0,random_or_none,2,cold,0.789,260,0,0,0,0,0,0,0,extreme_weather,2,74,70
12/6/2025 1:00,74,5,Saturday,12,1,0,random_or_none,2,cold,0.976,260,0,0,0,0,0,0,0,extreme_weather,2,65,60
12/6/2025 2:00,65,5,Saturday,12,1,0,random_or_none,2,cold,0.5,260,0,0,0,0,0,0,0,normal,0,63,50
12/6/2025 3:00,63,5,Saturday,12,1,0,random_or_none,1,rainy,0.8,260,0,0,0,0,0,0,0,extreme_weather,2,58,54
12/6/2025 4:00,58,5,Saturday,12,1,0,random_or_none,2,cold,0.543,260,0,0,0,0,0,0,0,normal,0,47,52
12/6/2025 5:00,47,5,Saturday,12,1,0,random_or_none,0,sunny,0.067,260,0,0,0,0,0,0,0,normal,0,128,54
12/6/2025 6:00,128,5,Saturday,12,1,0,random_or_none,5,windy,0.785,260,0,1,148.2,0,0,0,0,emergency_spike,5,102,56
12/6/2025 7:00,102,5,Saturday,12,1,0,random_or_none,4,dusty,0.614,260,0,0,0,0,0,0,0,normal,0,89,74
12/6/2025 8:00,89,5,Saturday,12,1,0,random_or_none,2,cold,0.95,260,0,0,0,0,0,0,0,extreme_weather,2,77,73
12/6/2025 9:00,77,5,Saturday,12,1,0,random_or_none,0,sunny,0.326,260,0,0,0,0,0,0,0,normal,0,78,73
12/6/2025 10:00,78,5,Saturday,12,1,0,random_or_none,2,cold,0.626,260,0,0,0,0,0,0,0,normal,0,100,77
12/6/2025 11:00,100,5,Saturday,12,1,0,random_or_none,2,cold,0.517,260,0,1,52.77,0,0,0,0,emergency_spike,5,95,79
12/6/2025 12:00,95,5,Saturday,12,1,0,random_or_none,2,cold,0.854,260,0,0,0,0,0,0,0,extreme_weather,2,92,94
12/6/2025 13:00,92,5,Saturday,12,1,0,random_or_none,2,cold,0.686,260,0,0,0,0,0,0,0,normal,0,97,99
12/6/2025 14:00,97,5,Saturday,12,1,0,random_or_none,2,cold,0.715,260,0,0,0,0,0,0,0,normal,0,105,104
12/6/2025 15:00,105,5,Saturday,12,1,0,random_or_none,1,rainy,0.991,260,0,0,0,0,0,0,0,extreme_weather,2,102,101
12/6/2025 16:00,102,5,Saturday,12,1,0,random_or_none,2,cold,0.461,260,0,0,0,0,0,0,0,normal,0,98,101
12/6/2025 17:00,98,5,Saturday,12,1,0,random_or_none,0,sunny,0.043,260,0,0,0,0,0,0,0,normal,0,100,97
12/6/2025 18:00,100,5,Saturday,12,1,0,random_or_none,5,windy,0.678,260,0,0,0,0,0,0,0,normal,0,97,91
12/6/2025 19:00,97,5,Saturday,12,1,0,random_or_none,1,rainy,0.761,260,0,0,0,0,0,0,0,extreme_weather,2,95,90
12/6/2025 20:00,95,5,Saturday,12,1,0,random_or_none,2,cold,1,260,0,0,0,0,0,0,0,extreme_weather,2,88,86
12/6/2025 21:00,88,5,Saturday,12,1,0,random_or_none,2,cold,0.553,260,0,0,0,0,0,0,0,normal,0,83,85
12/6/2025 22:00,83,5,Saturday,12,1,0,random_or_none,1,rainy,0.706,260,0,0,0,0,0,0,0,normal,0,74,81
12/6/2025 23:00,74,5,Saturday,12,1,0,random_or_none,5,windy,0.365,260,0,0,0,0,0,0,0,normal,0,70,75
12/7/2025 0:00,70,6,Sunday,12,1,0,random_or_none,5,windy,0.65,260,0,0,0,0,0,0,0,normal,0,60,72
12/7/2025 1:00,60,6,Sunday,12,1,0,random_or_none,2,cold,0.396,260,0,0,0,0,0,0,0,normal,0,50,71
12/7/2025 2:00,50,6,Sunday,12,1,0,random_or_none,2,cold,0.484,260,0,0,0,0,0,0,0,normal,0,54,72
12/7/2025 3:00,54,6,Sunday,12,1,0,random_or_none,1,rainy,0.661,260,0,0,0,0,0,0,0,normal,0,52,69
12/7/2025 4:00,52,6,Sunday,12,1,0,random_or_none,1,rainy,0.856,260,0,0,0,0,0,0,0,extreme_weather,2,54,72
12/7/2025 5:00,54,6,Sunday,12,1,0,random_or_none,5,windy,0.684,260,0,0,0,0,0,0,0,normal,0,56,75
12/7/2025 6:00,56,6,Sunday,12,1,0,random_or_none,1,rainy,0.249,260,0,0,0,0,0,0,0,normal,0,74,79
12/7/2025 7:00,74,6,Sunday,12,1,0,random_or_none,0,sunny,0.061,260,0,1,26.54,0,0,0,0,emergency_spike,5,73,87
12/7/2025 8:00,73,6,Sunday,12,1,0,random_or_none,1,rainy,0.646,260,0,0,0,0,0,0,0,normal,0,73,89
12/7/2025 9:00,73,6,Sunday,12,1,0,random_or_none,0,sunny,0.261,260,0,0,0,0,0,0,0,normal,0,77,92
12/7/2025 10:00,77,6,Sunday,12,1,0,random_or_none,2,cold,0.393,260,0,0,0,0,0,0,0,normal,0,79,102
12/7/2025 11:00,79,6,Sunday,12,1,0,random_or_none,0,sunny,0.172,260,0,0,0,0,0,0,0,normal,0,94,106
12/7/2025 12:00,94,6,Sunday,12,1,0,random_or_none,2,cold,0.596,260,0,0,0,0,0,0,0,normal,0,99,110
12/7/2025 13:00,99,6,Sunday,12,1,0,random_or_none,1,rainy,0.749,260,0,0,0,0,0,0,0,normal,0,104,115
12/7/2025 14:00,104,6,Sunday,12,1,0,random_or_none,2,cold,0.973,260,0,0,0,0,0,0,0,extreme_weather,2,101,114
12/7/2025 15:00,101,6,Sunday,12,1,0,random_or_none,2,cold,0.497,260,0,0,0,0,0,0,0,normal,0,101,115
12/7/2025 16:00,101,6,Sunday,12,1,0,random_or_none,1,rainy,0.709,260,0,0,0,0,0,0,0,normal,0,97,112
12/7/2025 17:00,97,6,Sunday,12,1,0,random_or_none,5,windy,0.65,260,0,0,0,0,0,0,0,normal,0,91,113
12/7/2025 18:00,91,6,Sunday,12,1,0,random_or_none,0,sunny,0.219,260,0,0,0,0,0,0,0,normal,0,90,115
12/7/2025 19:00,90,6,Sunday,12,1,0,random_or_none,1,rainy,0.88,260,0,0,0,0,0,0,0,extreme_weather,2,86,107
12/7/2025 20:00,86,6,Sunday,12,1,0,random_or_none,2,cold,0.593,260,0,0,0,0,0,0,0,normal,0,85,102
12/7/2025 21:00,85,6,Sunday,12,1,0,random_or_none,1,rainy,0.49,260,0,0,0,0,0,0,0,normal,0,81,98
12/7/2025 22:00,81,6,Sunday,12,1,0,random_or_none,3,hot,0.897,260,0,0,0,0,0,0,0,extreme_weather,2,75,96
12/7/2025 23:00,75,6,Sunday,12,1,0,random_or_none,1,rainy,0.805,260,0,0,0,0,0,0,0,extreme_weather,2,72,92
12/8/2025 0:00,72,0,Monday,12,0,0,random_or_none,5,windy,0.484,260,0,0,0,0,0,0,0,normal,0,71,78
12/8/2025 1:00,71,0,Monday,12,0,0,random_or_none,3,hot,0.606,260,0,0,0,0,0,0,0,normal,0,72,78
12/8/2025 2:00,72,0,Monday,12,0,0,random_or_none,2,cold,0.649,260,0,0,0,0,0,0,0,normal,0,69,72
12/8/2025 3:00,69,0,Monday,12,0,0,random_or_none,5,windy,0.735,260,0,0,0,0,0,0,0,normal,0,72,66
12/8/2025 4:00,72,0,Monday,12,0,0,random_or_none,5,windy,0.251,260,0,0,0,0,0,0,0,normal,0,75,75
12/8/2025 5:00,75,0,Monday,12,0,0,random_or_none,5,windy,0.28,260,0,0,0,0,0,0,0,normal,0,79,76
12/8/2025 6:00,79,0,Monday,12,0,0,random_or_none,2,cold,0.686,260,0,0,0,0,0,0,0,normal,0,87,79
12/8/2025 7:00,87,0,Monday,12,0,0,random_or_none,1,rainy,0.55,260,0,0,0,0,0,0,0,normal,0,89,80
12/8/2025 8:00,89,0,Monday,12,0,0,random_or_none,1,rainy,0.96,260,0,0,0,0,0,0,0,extreme_weather,2,92,82
12/8/2025 9:00,92,0,Monday,12,0,0,random_or_none,1,rainy,0.585,260,0,0,0,0,0,0,0,normal,0,102,86
12/8/2025 10:00,102,0,Monday,12,0,0,random_or_none,1,rainy,0.453,260,0,0,0,0,0,0,0,normal,0,106,94
12/8/2025 11:00,106,0,Monday,12,0,0,random_or_none,2,cold,0.806,260,0,0,0,0,0,0,0,extreme_weather,2,110,96
12/8/2025 12:00,110,0,Monday,12,0,0,random_or_none,1,rainy,0.589,260,0,0,0,0,0,0,0,normal,0,115,104
12/8/2025 13:00,115,0,Monday,12,0,0,random_or_none,1,rainy,0.685,260,0,0,0,0,0,0,0,normal,0,114,103
12/8/2025 14:00,114,0,Monday,12,0,0,random_or_none,5,windy,0.721,260,0,0,0,0,0,0,0,normal,0,115,109
12/8/2025 15:00,115,0,Monday,12,0,0,random_or_none,5,windy,0.653,260,0,0,0,0,0,0,0,normal,0,112,109
12/8/2025 16:00,112,0,Monday,12,0,0,random_or_none,1,rainy,0.313,260,0,0,0,0,0,0,0,normal,0,113,108
12/8/2025 17:00,113,0,Monday,12,0,0,random_or_none,0,sunny,0.096,260,0,0,0,0,0,0,0,normal,0,115,109
12/8/2025 18:00,115,0,Monday,12,0,0,random_or_none,1,rainy,0.835,260,0,0,0,0,0,0,0,extreme_weather,2,107,110
12/8/2025 19:00,107,0,Monday,12,0,0,random_or_none,2,cold,0.561,260,0,0,0,0,0,0,0,normal,0,102,108
12/8/2025 20:00,102,0,Monday,12,0,0,random_or_none,0,sunny,0.069,260,0,0,0,0,0,0,0,normal,0,98,106
12/8/2025 21:00,98,0,Monday,12,0,0,random_or_none,2,cold,0.66,260,0,0,0,0,0,0,0,normal,0,96,99
12/8/2025 22:00,96,0,Monday,12,0,0,random_or_none,1,rainy,0.93,260,0,0,0,0,0,0,0,extreme_weather,2,92,91
12/8/2025 23:00,92,0,Monday,12,0,0,random_or_none,1,rainy,0.566,260,0,0,0,0,0,0,0,normal,0,78,91
12/9/2025 0:00,78,1,Tuesday,12,0,0,random_or_none,1,rainy,0.509,260,0,0,0,0,0,0,0,normal,0,78,89
12/9/2025 1:00,78,1,Tuesday,12,0,0,random_or_none,2,cold,0.889,260,0,0,0,0,0,0,0,extreme_weather,2,72,83
12/9/2025 2:00,72,1,Tuesday,12,0,0,random_or_none,2,cold,0.522,260,0,0,0,0,0,0,0,normal,0,66,73
12/9/2025 3:00,66,1,Tuesday,12,0,0,random_or_none,0,sunny,0.026,260,0,0,0,0,0,0,0,normal,0,75,69
12/9/2025 4:00,75,1,Tuesday,12,0,0,random_or_none,1,rainy,0.898,260,0,0,0,0,0,0,0,extreme_weather,2,76,67
12/9/2025 5:00,76,1,Tuesday,12,0,0,random_or_none,1,rainy,0.355,260,0,0,0,0,0,0,0,normal,0,79,70
12/9/2025 6:00,79,1,Tuesday,12,0,0,random_or_none,2,cold,0.793,260,0,0,0,0,0,0,0,extreme_weather,2,80,77
12/9/2025 7:00,80,1,Tuesday,12,0,0,random_or_none,2,cold,0.971,260,0,0,0,0,0,0,0,extreme_weather,2,82,85
12/9/2025 8:00,82,1,Tuesday,12,0,0,random_or_none,2,cold,0.945,260,0,0,0,0,0,0,0,extreme_weather,2,86,91
12/9/2025 9:00,86,1,Tuesday,12,0,0,random_or_none,0,sunny,0.274,260,0,0,0,0,0,0,0,normal,0,94,93
12/9/2025 10:00,94,1,Tuesday,12,0,0,random_or_none,2,cold,0.491,260,0,0,0,0,0,0,0,normal,0,96,93
12/9/2025 11:00,96,1,Tuesday,12,0,0,random_or_none,5,windy,0.813,260,0,0,0,0,0,0,0,extreme_weather,2,104,97
12/9/2025 12:00,104,1,Tuesday,12,0,0,random_or_none,1,rainy,0.846,260,0,0,0,0,0,0,0,extreme_weather,2,103,104
12/9/2025 13:00,103,1,Tuesday,12,0,0,random_or_none,1,rainy,0.283,260,0,0,0,0,0,0,0,normal,0,109,109
12/9/2025 14:00,109,1,Tuesday,12,0,0,random_or_none,1,rainy,0.469,260,0,0,0,0,0,0,0,normal,0,109,106
12/9/2025 15:00,109,1,Tuesday,12,0,0,random_or_none,5,windy,0.712,260,0,0,0,0,0,0,0,normal,0,108,106
12/9/2025 16:00,108,1,Tuesday,12,0,0,random_or_none,2,cold,0.723,260,0,0,0,0,0,0,0,normal,0,109,105
12/9/2025 17:00,109,1,Tuesday,12,0,0,random_or_none,1,rainy,0.772,260,0,0,0,0,0,0,0,extreme_weather,2,110,110
12/9/2025 18:00,110,1,Tuesday,12,0,0,random_or_none,2,cold,0.983,260,0,0,0,0,0,0,0,extreme_weather,2,108,108
12/9/2025 19:00,108,1,Tuesday,12,0,0,random_or_none,1,rainy,0.897,260,0,0,0,0,0,0,0,extreme_weather,2,106,101
12/9/2025 20:00,106,1,Tuesday,12,0,0,random_or_none,1,rainy,0.603,260,0,0,0,0,0,0,0,normal,0,99,100
12/9/2025 21:00,99,1,Tuesday,12,0,0,random_or_none,2,cold,0.599,260,0,0,0,0,0,0,0,normal,0,91,89
12/9/2025 22:00,91,1,Tuesday,12,0,0,random_or_none,3,hot,0.437,260,0,0,0,0,0,0,0,normal,0,91,86
12/9/2025 23:00,91,1,Tuesday,12,0,0,random_or_none,1,rainy,0.937,260,0,0,0,0,0,0,0,extreme_weather,2,89,78
12/10/2025 0:00,89,2,Wednesday,12,0,0,random_or_none,1,rainy,1,260,0,0,0,0,0,0,0,extreme_weather,2,83,71
12/10/2025 1:00,83,2,Wednesday,12,0,0,random_or_none,2,cold,0.961,260,0,0,0,0,0,0,0,extreme_weather,2,73,69
12/10/2025 2:00,73,2,Wednesday,12,0,0,random_or_none,5,windy,0.507,260,0,0,0,0,0,0,0,normal,0,69,71
12/10/2025 3:00,69,2,Wednesday,12,0,0,random_or_none,2,cold,0.971,260,0,0,0,0,0,0,0,extreme_weather,2,67,62
12/10/2025 4:00,67,2,Wednesday,12,0,0,random_or_none,2,cold,0.849,260,0,0,0,0,0,0,0,extreme_weather,2,70,59
12/10/2025 5:00,70,2,Wednesday,12,0,0,random_or_none,5,windy,0.401,260,0,0,0,0,0,0,0,normal,0,77,59
12/10/2025 6:00,77,2,Wednesday,12,0,0,random_or_none,1,rainy,0.777,260,0,0,0,0,0,0,0,extreme_weather,2,85,68
12/10/2025 7:00,85,2,Wednesday,12,0,0,random_or_none,1,rainy,0.777,260,0,0,0,0,0,0,0,extreme_weather,2,91,69
12/10/2025 8:00,91,2,Wednesday,12,0,0,random_or_none,2,cold,0.758,260,0,0,0,0,0,0,0,extreme_weather,2,93,79
12/10/2025 9:00,93,2,Wednesday,12,0,0,random_or_none,1,rainy,0.478,260,0,0,0,0,0,0,0,normal,0,93,82
12/10/2025 10:00,93,2,Wednesday,12,0,0,random_or_none,3,hot,0.463,260,0,0,0,0,0,0,0,normal,0,97,95
12/10/2025 11:00,97,2,Wednesday,12,0,0,random_or_none,2,cold,0.313,260,0,0,0,0,0,0,0,normal,0,104,98
12/10/2025 12:00,104,2,Wednesday,12,0,0,random_or_none,1,rainy,0.336,260,0,0,0,0,0,0,0,normal,0,109,98
12/10/2025 13:00,109,2,Wednesday,12,0,0,random_or_none,2,cold,0.504,260,0,0,0,0,0,0,0,normal,0,106,103
12/10/2025 14:00,106,2,Wednesday,12,0,0,random_or_none,2,cold,0.762,260,0,0,0,0,0,0,0,extreme_weather,2,106,110
12/10/2025 15:00,106,2,Wednesday,12,0,0,random_or_none,0,sunny,0.118,260,0,0,0,0,0,0,0,normal,0,105,113
12/10/2025 16:00,105,2,Wednesday,12,0,0,random_or_none,2,cold,0.774,260,0,0,0,0,0,0,0,extreme_weather,2,110,109
12/10/2025 17:00,110,2,Wednesday,12,0,0,random_or_none,1,rainy,1,260,0,0,0,0,0,0,0,extreme_weather,2,108,113
12/10/2025 18:00,108,2,Wednesday,12,0,0,random_or_none,5,windy,0.264,260,0,0,0,0,0,0,0,normal,0,101,111
12/10/2025 19:00,101,2,Wednesday,12,0,0,random_or_none,1,rainy,0.414,260,0,0,0,0,0,0,0,normal,0,100,102
12/10/2025 20:00,100,2,Wednesday,12,0,0,random_or_none,1,rainy,0.643,260,0,0,0,0,0,0,0,normal,0,89,99
12/10/2025 21:00,89,2,Wednesday,12,0,0,random_or_none,0,sunny,0.21,260,0,0,0,0,0,0,0,normal,0,86,94
12/10/2025 22:00,86,2,Wednesday,12,0,0,random_or_none,1,rainy,0.404,260,0,0,0,0,0,0,0,normal,0,78,89
12/10/2025 23:00,78,2,Wednesday,12,0,0,random_or_none,2,cold,0.475,260,0,0,0,0,0,0,0,normal,0,71,86
12/11/2025 0:00,71,3,Thursday,12,0,0,random_or_none,0,sunny,0.086,260,0,0,0,0,0,0,0,normal,0,69,81
12/11/2025 1:00,69,3,Thursday,12,0,0,random_or_none,1,rainy,0.585,260,0,0,0,0,0,0,0,normal,0,71,80
12/11/2025 2:00,71,3,Thursday,12,0,0,random_or_none,2,cold,0.652,260,0,0,0,0,0,0,0,normal,0,62,79
12/11/2025 3:00,62,3,Thursday,12,0,0,random_or_none,5,windy,0.71,260,0,0,0,0,0,0,0,normal,0,59,77
12/11/2025 4:00,59,3,Thursday,12,0,0,random_or_none,2,cold,0.288,260,0,0,0,0,0,0,0,normal,0,59,78
12/11/2025 5:00,59,3,Thursday,12,0,0,random_or_none,0,sunny,0.288,260,0,0,0,0,0,0,0,normal,0,68,79
12/11/2025 6:00,68,3,Thursday,12,0,0,random_or_none,1,rainy,1,260,0,0,0,0,0,0,0,extreme_weather,2,69,83
12/11/2025 7:00,69,3,Thursday,12,0,0,random_or_none,0,sunny,0.255,260,0,0,0,0,0,0,0,normal,0,79,90
12/11/2025 8:00,79,3,Thursday,12,0,0,random_or_none,2,cold,0.94,260,0,0,0,0,0,0,0,extreme_weather,2,82,93
12/11/2025 9:00,82,3,Thursday,12,0,0,random_or_none,2,cold,0.492,260,0,0,0,0,0,0,0,normal,0,95,104
12/11/2025 10:00,95,3,Thursday,12,0,0,random_or_none,1,rainy,1,260,0,0,0,0,0,0,0,extreme_weather,2,98,105
12/11/2025 11:00,98,3,Thursday,12,0,0,random_or_none,5,windy,0.849,260,0,0,0,0,0,0,0,extreme_weather,2,98,111
12/11/2025 12:00,98,3,Thursday,12,0,0,random_or_none,0,sunny,0.176,260,0,0,0,0,0,0,0,normal,0,103,113
12/11/2025 13:00,103,3,Thursday,12,0,0,random_or_none,2,cold,0.5,260,0,0,0,0,0,0,0,normal,0,110,113
12/11/2025 14:00,110,3,Thursday,12,0,0,random_or_none,2,cold,0.948,260,0,0,0,0,0,0,0,extreme_weather,2,113,120
12/11/2025 15:00,113,3,Thursday,12,0,0,random_or_none,2,cold,0.713,260,0,0,0,0,0,0,0,normal,0,109,117
12/11/2025 16:00,109,3,Thursday,12,0,0,random_or_none,2,cold,0.798,260,0,0,0,0,0,0,0,extreme_weather,2,113,110
12/11/2025 17:00,113,3,Thursday,12,0,0,random_or_none,2,cold,0.985,260,0,0,0,0,0,0,0,extreme_weather,2,111,108
12/11/2025 18:00,111,3,Thursday,12,0,0,random_or_none,4,dusty,0.483,260,0,0,0,0,0,0,0,normal,0,102,113
12/11/2025 19:00,102,3,Thursday,12,0,0,random_or_none,1,rainy,0.699,260,0,0,0,0,0,0,0,normal,0,99,115
12/11/2025 20:00,99,3,Thursday,12,0,0,random_or_none,1,rainy,0.835,260,0,0,0,0,0,0,0,extreme_weather,2,94,112
12/11/2025 21:00,94,3,Thursday,12,0,0,random_or_none,1,rainy,0.74,260,0,0,0,0,0,0,0,normal,0,89,104
12/11/2025 22:00,89,3,Thursday,12,0,0,random_or_none,1,rainy,0.879,260,0,0,0,0,0,0,0,extreme_weather,2,86,101
12/11/2025 23:00,86,3,Thursday,12,0,0,random_or_none,1,rainy,0.816,260,0,0,0,0,0,0,0,extreme_weather,2,81,93
12/12/2025 0:00,81,4,Friday,12,0,0,random_or_none,1,rainy,0.859,260,0,0,0,0,0,0,0,extreme_weather,2,80,80
12/12/2025 1:00,80,4,Friday,12,0,0,random_or_none,1,rainy,0.789,260,0,0,0,0,0,0,0,extreme_weather,2,79,63
12/12/2025 2:00,79,4,Friday,12,0,0,random_or_none,1,rainy,0.954,260,0,0,0,0,0,0,0,extreme_weather,2,77,55
12/12/2025 3:00,77,4,Friday,12,0,0,random_or_none,1,rainy,0.873,260,0,0,0,0,0,0,0,extreme_weather,2,78,53
12/12/2025 4:00,78,4,Friday,12,0,0,random_or_none,1,rainy,0.899,260,0,0,0,0,0,0,0,extreme_weather,2,79,54
12/12/2025 5:00,79,4,Friday,12,0,0,random_or_none,1,rainy,0.808,260,0,0,0,0,0,0,0,extreme_weather,2,83,55
12/12/2025 6:00,83,4,Friday,12,0,0,random_or_none,1,rainy,0.806,260,0,0,0,0,0,0,0,extreme_weather,2,90,63
12/12/2025 7:00,90,4,Friday,12,0,0,random_or_none,1,rainy,0.995,260,0,0,0,0,0,0,0,extreme_weather,2,93,65
12/12/2025 8:00,93,4,Friday,12,0,0,random_or_none,5,windy,0.941,260,0,0,0,0,0,0,0,extreme_weather,2,104,59
12/12/2025 9:00,104,4,Friday,12,0,0,random_or_none,1,rainy,0.983,260,0,0,0,0,0,0,0,extreme_weather,2,105,70
12/12/2025 10:00,105,4,Friday,12,0,0,random_or_none,5,windy,0.876,260,0,0,0,0,0,0,0,extreme_weather,2,111,79
12/12/2025 11:00,111,4,Friday,12,0,0,random_or_none,1,rainy,0.908,260,0,0,0,0,0,0,0,extreme_weather,2,113,86
12/12/2025 12:00,113,4,Friday,12,0,0,random_or_none,5,windy,0.869,260,0,0,0,0,0,0,0,extreme_weather,2,113,94
12/12/2025 13:00,113,4,Friday,12,0,0,random_or_none,1,rainy,0.953,260,0,0,0,0,0,0,0,extreme_weather,2,120,92
12/12/2025 14:00,120,4,Friday,12,0,0,random_or_none,1,rainy,0.892,260,0,0,0,0,0,0,0,extreme_weather,2,117,101
12/12/2025 15:00,117,4,Friday,12,0,0,random_or_none,5,windy,0.764,260,0,0,0,0,0,0,0,extreme_weather,2,110,103
12/12/2025 16:00,110,4,Friday,12,0,0,random_or_none,5,windy,0.9,260,0,0,0,0,0,0,0,extreme_weather,2,108,95
12/12/2025 17:00,108,4,Friday,12,0,0,random_or_none,1,rainy,0.77,260,0,0,0,0,0,0,0,extreme_weather,2,113,93
12/12/2025 18:00,113,4,Friday,12,0,0,random_or_none,1,rainy,0.839,260,0,0,0,0,0,0,0,extreme_weather,2,115,94
12/12/2025 19:00,115,4,Friday,12,0,0,random_or_none,1,rainy,0.838,260,0,0,0,0,0,0,0,extreme_weather,2,112,93
12/12/2025 20:00,112,4,Friday,12,0,0,random_or_none,1,rainy,0.943,260,0,0,0,0,0,0,0,extreme_weather,2,104,94
12/12/2025 21:00,104,4,Friday,12,0,0,random_or_none,1,rainy,0.97,260,0,0,0,0,0,0,0,extreme_weather,2,101,82
12/12/2025 22:00,101,4,Friday,12,0,0,random_or_none,1,rainy,0.877,260,0,0,0,0,0,0,0,extreme_weather,2,93,78
12/12/2025 23:00,93,4,Friday,12,0,0,random_or_none,1,rainy,0.799,260,0,0,0,0,0,0,0,extreme_weather,2,80,68
12/13/2025 0:00,80,5,Saturday,12,1,0,random_or_none,1,rainy,0.905,260,0,0,0,0,0,0,0,extreme_weather,2,63,58
12/13/2025 1:00,63,5,Saturday,12,1,0,random_or_none,5,windy,0.963,260,0,0,0,0,0,0,0,extreme_weather,2,55,60
12/13/2025 2:00,55,5,Saturday,12,1,0,random_or_none,1,rainy,0.829,260,0,0,0,0,0,0,0,extreme_weather,2,53,54
12/13/2025 3:00,53,5,Saturday,12,1,0,random_or_none,5,windy,0.88,260,0,0,0,0,0,0,0,extreme_weather,2,54,54
12/13/2025 4:00,54,5,Saturday,12,1,0,random_or_none,1,rainy,0.822,260,0,0,0,0,0,0,0,extreme_weather,2,55,55
12/13/2025 5:00,55,5,Saturday,12,1,0,random_or_none,5,windy,0.857,260,0,0,0,0,0,0,0,extreme_weather,2,63,58
12/13/2025 6:00,63,5,Saturday,12,1,0,random_or_none,1,rainy,0.852,260,0,0,0,0,0,0,0,extreme_weather,2,65,59
12/13/2025 7:00,65,5,Saturday,12,1,0,random_or_none,5,windy,0.982,260,0,0,0,0,0,0,0,extreme_weather,2,59,64
12/13/2025 8:00,59,5,Saturday,12,1,0,random_or_none,5,windy,0.761,260,0,0,0,0,0,0,0,extreme_weather,2,70,72
12/13/2025 9:00,70,5,Saturday,12,1,0,random_or_none,5,windy,0.938,260,0,0,0,0,0,0,0,extreme_weather,2,79,75
12/13/2025 10:00,79,5,Saturday,12,1,0,random_or_none,5,windy,0.917,260,0,0,0,0,0,0,0,extreme_weather,2,86,77
12/13/2025 11:00,86,5,Saturday,12,1,0,random_or_none,1,rainy,0.922,260,0,0,0,0,0,0,0,extreme_weather,2,94,79
12/13/2025 12:00,94,5,Saturday,12,1,0,random_or_none,1,rainy,0.907,260,0,0,0,0,0,0,0,extreme_weather,2,92,91
12/13/2025 13:00,92,5,Saturday,12,1,0,random_or_none,5,windy,0.946,260,0,0,0,0,0,0,0,extreme_weather,2,101,95
12/13/2025 14:00,101,5,Saturday,12,1,0,random_or_none,1,rainy,0.948,260,0,0,0,0,0,0,0,extreme_weather,2,103,130
12/13/2025 15:00,103,5,Saturday,12,1,0,random_or_none,1,rainy,0.779,260,0,0,0,0,0,0,0,extreme_weather,2,95,112
12/13/2025 16:00,95,5,Saturday,12,1,0,random_or_none,5,windy,0.771,260,0,0,0,0,0,0,0,extreme_weather,2,93,112
12/13/2025 17:00,93,5,Saturday,12,1,0,random_or_none,1,rainy,0.916,260,0,0,0,0,0,0,0,extreme_weather,2,94,107
12/13/2025 18:00,94,5,Saturday,12,1,0,random_or_none,1,rainy,0.758,260,0,0,0,0,0,0,0,extreme_weather,2,93,105
12/13/2025 19:00,93,5,Saturday,12,1,0,random_or_none,1,rainy,0.759,260,0,0,0,0,0,0,0,extreme_weather,2,94,96
12/13/2025 20:00,94,5,Saturday,12,1,0,random_or_none,1,rainy,0.912,260,0,0,0,0,0,0,0,extreme_weather,2,82,93
12/13/2025 21:00,82,5,Saturday,12,1,0,random_or_none,5,windy,0.848,260,0,0,0,0,0,0,0,extreme_weather,2,78,81
12/13/2025 22:00,78,5,Saturday,12,1,0,random_or_none,1,rainy,0.831,260,0,0,0,0,0,0,0,extreme_weather,2,68,79
12/13/2025 23:00,68,5,Saturday,12,1,0,random_or_none,5,windy,0.943,260,0,0,0,0,0,0,0,extreme_weather,2,58,72
12/14/2025 0:00,58,6,Sunday,12,1,0,random_or_none,5,windy,0.903,260,0,0,0,0,0,0,0,extreme_weather,2,60,74
12/14/2025 1:00,60,6,Sunday,12,1,0,random_or_none,1,rainy,0.839,260,0,0,0,0,0,0,0,extreme_weather,2,54,79
12/14/2025 2:00,54,6,Sunday,12,1,0,random_or_none,1,rainy,0.993,260,0,0,0,0,0,0,0,extreme_weather,2,54,77
12/14/2025 3:00,54,6,Sunday,12,1,0,random_or_none,1,rainy,0.961,260,0,0,0,0,0,0,0,extreme_weather,2,55,77
12/14/2025 4:00,55,6,Sunday,12,1,0,random_or_none,1,rainy,0.891,260,0,0,0,0,0,0,0,extreme_weather,2,58,74
12/14/2025 5:00,58,6,Sunday,12,1,0,random_or_none,1,rainy,0.779,260,0,0,0,0,0,0,0,extreme_weather,2,59,78
12/14/2025 6:00,59,6,Sunday,12,1,0,random_or_none,1,rainy,0.754,260,0,0,0,0,0,0,0,extreme_weather,2,64,82
12/14/2025 7:00,64,6,Sunday,12,1,0,random_or_none,1,rainy,0.845,260,0,0,0,0,0,0,0,extreme_weather,2,72,83
12/14/2025 8:00,72,6,Sunday,12,1,0,random_or_none,1,rainy,0.86,260,0,0,0,0,0,0,0,extreme_weather,2,75,85
12/14/2025 9:00,75,6,Sunday,12,1,0,random_or_none,1,rainy,0.793,260,0,0,0,0,0,0,0,extreme_weather,2,77,94
12/14/2025 10:00,77,6,Sunday,12,1,0,random_or_none,1,rainy,0.982,260,0,0,0,0,0,0,0,extreme_weather,2,79,129
12/14/2025 11:00,79,6,Sunday,12,1,0,random_or_none,1,rainy,0.912,260,0,0,0,0,0,0,0,extreme_weather,2,91,126
12/14/2025 12:00,91,6,Sunday,12,1,0,random_or_none,1,rainy,0.94,260,0,0,0,0,0,0,0,extreme_weather,2,95,118
12/14/2025 13:00,95,6,Sunday,12,1,0,random_or_none,5,windy,0.957,260,0,0,0,0,0,0,0,extreme_weather,2,130,126
12/14/2025 14:00,130,6,Sunday,12,1,0,random_or_none,1,rainy,0.854,260,0,1,71.49,0,0,0,0,emergency_spike,5,112,120
12/14/2025 15:00,112,6,Sunday,12,1,0,random_or_none,5,windy,0.935,260,0,0,0,0,0,0,0,extreme_weather,2,112,120
12/14/2025 16:00,112,6,Sunday,12,1,0,random_or_none,1,rainy,0.932,260,0,0,0,0,0,0,0,extreme_weather,2,107,121
12/14/2025 17:00,107,6,Sunday,12,1,0,random_or_none,5,windy,0.954,260,0,0,0,0,0,0,0,extreme_weather,2,105,119
12/14/2025 18:00,105,6,Sunday,12,1,0,random_or_none,1,rainy,0.901,260,0,0,0,0,0,0,0,extreme_weather,2,96,117
12/14/2025 19:00,96,6,Sunday,12,1,0,random_or_none,1,rainy,0.793,260,0,0,0,0,0,0,0,extreme_weather,2,93,116
12/14/2025 20:00,93,6,Sunday,12,1,0,random_or_none,5,windy,0.78,260,0,0,0,0,0,0,0,extreme_weather,2,81,109
12/14/2025 21:00,81,6,Sunday,12,1,0,random_or_none,1,rainy,0.798,260,0,0,0,0,0,0,0,extreme_weather,2,79,107
12/14/2025 22:00,79,6,Sunday,12,1,0,random_or_none,1,rainy,0.986,260,0,0,0,0,0,0,0,extreme_weather,2,72,99
12/14/2025 23:00,72,6,Sunday,12,1,0,random_or_none,1,rainy,0.961,260,0,0,0,0,0,0,0,extreme_weather,2,74,90
12/15/2025 0:00,74,0,Monday,12,0,0,random_or_none,1,rainy,0.943,260,0,0,0,0,0,0,0,extreme_weather,2,79,74
12/15/2025 1:00,79,0,Monday,12,0,0,random_or_none,1,rainy,0.976,260,0,0,0,0,0,0,0,extreme_weather,2,77,70
12/15/2025 2:00,77,0,Monday,12,0,0,random_or_none,1,rainy,0.768,260,0,0,0,0,0,0,0,extreme_weather,2,77,66
12/15/2025 3:00,77,0,Monday,12,0,0,random_or_none,1,rainy,0.776,260,0,0,0,0,0,0,0,extreme_weather,2,74,67
12/15/2025 4:00,74,0,Monday,12,0,0,random_or_none,1,rainy,0.97,260,0,0,0,0,0,0,0,extreme_weather,2,78,64
12/15/2025 5:00,78,0,Monday,12,0,0,random_or_none,5,windy,0.948,260,0,0,0,0,0,0,0,extreme_weather,2,82,73
12/15/2025 6:00,82,0,Monday,12,0,0,random_or_none,1,rainy,0.862,260,0,0,0,0,0,0,0,extreme_weather,2,83,79
12/15/2025 7:00,83,0,Monday,12,0,0,random_or_none,1,rainy,0.947,260,0,0,0,0,0,0,0,extreme_weather,2,85,77
12/15/2025 8:00,85,0,Monday,12,0,0,random_or_none,5,windy,0.957,260,0,0,0,0,0,0,0,extreme_weather,2,94,84
12/15/2025 9:00,94,0,Monday,12,0,0,random_or_none,5,windy,0.977,260,0,0,0,0,0,0,0,extreme_weather,2,129,89
12/15/2025 10:00,129,0,Monday,12,0,0,random_or_none,1,rainy,0.941,260,0,1,52.57,0,0,0,0,emergency_spike,5,126,94
12/15/2025 11:00,126,0,Monday,12,0,0,random_or_none,1,rainy,0.899,260,0,0,0,0,0,0,0,extreme_weather,2,118,92
12/15/2025 12:00,118,0,Monday,12,0,0,random_or_none,1,rainy,0.797,260,0,0,0,0,0,0,0,extreme_weather,2,126,99
12/15/2025 13:00,126,0,Monday,12,0,0,random_or_none,1,rainy,0.776,260,0,0,0,0,0,0,0,extreme_weather,2,120,105
12/15/2025 14:00,120,0,Monday,12,0,0,random_or_none,1,rainy,0.765,260,0,0,0,0,0,0,0,extreme_weather,2,120,107
12/15/2025 15:00,120,0,Monday,12,0,0,random_or_none,1,rainy,0.968,260,0,0,0,0,0,0,0,extreme_weather,2,121,111
12/15/2025 16:00,121,0,Monday,12,0,0,random_or_none,5,windy,0.81,260,0,0,0,0,0,0,0,extreme_weather,2,119,111
12/15/2025 17:00,119,0,Monday,12,0,0,random_or_none,1,rainy,0.771,260,0,0,0,0,0,0,0,extreme_weather,2,117,108
12/15/2025 18:00,117,0,Monday,12,0,0,random_or_none,1,rainy,0.796,260,0,0,0,0,0,0,0,extreme_weather,2,116,104
12/15/2025 19:00,116,0,Monday,12,0,0,random_or_none,5,windy,0.952,260,0,0,0,0,0,0,0,extreme_weather,2,109,109
12/15/2025 20:00,109,0,Monday,12,0,0,random_or_none,1,rainy,0.786,260,0,0,0,0,0,0,0,extreme_weather,2,107,100
12/15/2025 21:00,107,0,Monday,12,0,0,random_or_none,5,windy,0.99,260,0,0,0,0,0,0,0,extreme_weather,2,99,92
12/15/2025 22:00,99,0,Monday,12,0,0,random_or_none,1,rainy,0.854,260,0,0,0,0,0,0,0,extreme_weather,2,90,87
12/15/2025 23:00,90,0,Monday,12,0,0,random_or_none,2,cold,0.652,260,0,0,0,0,0,0,0,normal,0,74,85
12/16/2025 0:00,74,1,Tuesday,12,0,0,random_or_none,0,sunny,0.006,260,0,0,0,0,0,0,0,normal,0,70,84
12/16/2025 1:00,70,1,Tuesday,12,0,0,random_or_none,2,cold,1,260,0,0,0,0,0,0,0,extreme_weather,2,66,75
12/16/2025 2:00,66,1,Tuesday,12,0,0,random_or_none,0,sunny,0.148,260,0,0,0,0,0,0,0,normal,0,67,88
12/16/2025 3:00,67,1,Tuesday,12,0,0,random_or_none,1,rainy,0.549,260,0,0,0,0,0,0,0,normal,0,64,75
12/16/2025 4:00,64,1,Tuesday,12,0,0,random_or_none,0,sunny,0.236,260,0,0,0,0,0,0,0,normal,0,73,106
12/16/2025 5:00,73,1,Tuesday,12,0,0,random_or_none,2,cold,0.947,260,0,0,0,0,0,0,0,extreme_weather,2,79,92
12/16/2025 6:00,79,1,Tuesday,12,0,0,random_or_none,1,rainy,1,260,0,0,0,0,0,0,0,extreme_weather,2,77,79
12/16/2025 7:00,77,1,Tuesday,12,0,0,random_or_none,0,sunny,0.054,260,0,0,0,0,0,0,0,normal,0,84,84
12/16/2025 8:00,84,1,Tuesday,12,0,0,random_or_none,2,cold,0.893,260,0,0,0,0,0,0,0,extreme_weather,2,89,104
12/16/2025 9:00,89,1,Tuesday,12,0,0,random_or_none,1,rainy,1,260,0,0,0,0,0,0,0,extreme_weather,2,94,96
12/16/2025 10:00,94,1,Tuesday,12,0,0,random_or_none,1,rainy,0.559,260,0,0,0,0,0,0,0,normal,0,92,91
12/16/2025 11:00,92,1,Tuesday,12,0,0,random_or_none,1,rainy,0.276,260,0,0,0,0,0,0,0,normal,0,99,94
12/16/2025 12:00,99,1,Tuesday,12,0,0,random_or_none,2,cold,0.474,260,0,0,0,0,0,0,0,normal,0,105,96
12/16/2025 13:00,105,1,Tuesday,12,0,0,random_or_none,1,rainy,0.763,260,0,0,0,0,0,0,0,extreme_weather,2,107,104
12/16/2025 14:00,107,1,Tuesday,12,0,0,random_or_none,2,cold,0.373,260,0,0,0,0,0,0,0,normal,0,111,108
12/16/2025 15:00,111,1,Tuesday,12,0,0,random_or_none,0,sunny,0.104,260,0,0,0,0,0,0,0,normal,0,111,111
12/16/2025 16:00,111,1,Tuesday,12,0,0,random_or_none,2,cold,0.389,260,0,0,0,0,0,0,0,normal,0,108,115
12/16/2025 17:00,108,1,Tuesday,12,0,0,random_or_none,2,cold,0.618,260,0,0,0,0,0,0,0,normal,0,104,113
12/16/2025 18:00,104,1,Tuesday,12,0,0,random_or_none,0,sunny,0.201,260,0,0,0,0,0,0,0,normal,0,109,109
12/16/2025 19:00,109,1,Tuesday,12,0,0,random_or_none,2,cold,1,260,0,0,0,0,0,0,0,extreme_weather,2,100,112
12/16/2025 20:00,100,1,Tuesday,12,0,0,random_or_none,0,sunny,0.126,260,0,0,0,0,0,0,0,normal,0,92,102
12/16/2025 21:00,92,1,Tuesday,12,0,0,random_or_none,0,sunny,0.118,260,0,0,0,0,0,0,0,normal,0,87,92
12/16/2025 22:00,87,1,Tuesday,12,0,0,random_or_none,1,rainy,0.362,260,0,0,0,0,0,0,0,normal,0,85,81
12/16/2025 23:00,85,1,Tuesday,12,0,0,random_or_none,1,rainy,0.803,260,0,0,0,0,0,0,0,extreme_weather,2,84,74
12/17/2025 0:00,84,2,Wednesday,12,0,0,random_or_none,2,cold,0.978,260,0,0,0,0,0,0,0,extreme_weather,2,75,71
12/17/2025 1:00,75,2,Wednesday,12,0,0,random_or_none,2,cold,0.38,260,0,0,0,0,0,0,0,normal,0,88,65
12/17/2025 2:00,88,2,Wednesday,12,0,0,random_or_none,2,cold,0.579,260,0,1,39.08,0,0,0,0,emergency_spike,5,75,54
12/17/2025 3:00,75,2,Wednesday,12,0,0,random_or_none,0,sunny,0.237,260,0,0,0,0,0,0,0,normal,0,106,56
12/17/2025 4:00,106,2,Wednesday,12,0,0,random_or_none,0,sunny,0.114,260,0,1,81.7,0,0,0,0,emergency_spike,5,92,62
12/17/2025 5:00,92,2,Wednesday,12,0,0,random_or_none,4,dusty,0.241,260,0,0,0,0,0,0,0,normal,0,79,56
12/17/2025 6:00,79,2,Wednesday,12,0,0,random_or_none,2,cold,0.532,260,0,0,0,0,0,0,0,normal,0,84,59
12/17/2025 7:00,84,2,Wednesday,12,0,0,random_or_none,2,cold,0.528,260,0,0,0,0,0,0,0,normal,0,104,74
12/17/2025 8:00,104,2,Wednesday,12,0,0,random_or_none,0,sunny,0.067,260,0,1,49.99,0,0,0,0,emergency_spike,5,96,82
12/17/2025 9:00,96,2,Wednesday,12,0,0,random_or_none,5,windy,0.371,260,0,0,0,0,0,0,0,normal,0,91,81
12/17/2025 10:00,91,2,Wednesday,12,0,0,random_or_none,5,windy,0.185,260,0,0,0,0,0,0,0,normal,0,94,86
12/17/2025 11:00,94,2,Wednesday,12,0,0,random_or_none,2,cold,0.705,260,0,0,0,0,0,0,0,normal,0,96,91
12/17/2025 12:00,96,2,Wednesday,12,0,0,random_or_none,2,cold,0.945,260,0,0,0,0,0,0,0,extreme_weather,2,104,102
12/17/2025 13:00,104,2,Wednesday,12,0,0,random_or_none,1,rainy,0.388,260,0,0,0,0,0,0,0,normal,0,108,104
12/17/2025 14:00,108,2,Wednesday,12,0,0,random_or_none,1,rainy,0.39,260,0,0,0,0,0,0,0,normal,0,111,102
12/17/2025 15:00,111,2,Wednesday,12,0,0,random_or_none,1,rainy,0.328,260,0,0,0,0,0,0,0,normal,0,115,104
12/17/2025 16:00,115,2,Wednesday,12,0,0,random_or_none,4,dusty,0.788,260,0,0,0,0,0,0,0,extreme_weather,2,113,114
12/17/2025 17:00,113,2,Wednesday,12,0,0,random_or_none,2,cold,0.76,260,0,0,0,0,0,0,0,extreme_weather,2,109,110
12/17/2025 18:00,109,2,Wednesday,12,0,0,random_or_none,2,cold,0.477,260,0,0,0,0,0,0,0,normal,0,112,109
12/17/2025 19:00,112,2,Wednesday,12,0,0,random_or_none,1,rainy,0.507,260,0,0,0,0,0,0,0,normal,0,102,108
12/17/2025 20:00,102,2,Wednesday,12,0,0,random_or_none,2,cold,0.865,260,0,0,0,0,0,0,0,extreme_weather,2,92,105
12/17/2025 21:00,92,2,Wednesday,12,0,0,random_or_none,5,windy,0.658,260,0,0,0,0,0,0,0,normal,0,81,94
12/17/2025 22:00,81,2,Wednesday,12,0,0,random_or_none,2,cold,0.371,260,0,0,0,0,0,0,0,normal,0,74,89
12/17/2025 23:00,74,2,Wednesday,12,0,0,random_or_none,0,sunny,0.183,260,0,0,0,0,0,0,0,normal,0,71,81
12/18/2025 0:00,71,3,Thursday,12,0,0,random_or_none,2,cold,0.895,260,0,0,0,0,0,0,0,extreme_weather,2,65,71
12/18/2025 1:00,65,3,Thursday,12,0,0,random_or_none,0,sunny,0.04,260,0,0,0,0,0,0,0,normal,0,54,67
12/18/2025 2:00,54,3,Thursday,12,0,0,random_or_none,2,cold,0.421,260,0,0,0,0,0,0,0,normal,0,56,71
12/18/2025 3:00,56,3,Thursday,12,0,0,random_or_none,0,sunny,0.338,260,0,0,0,0,0,0,0,normal,0,62,77
12/18/2025 4:00,62,3,Thursday,12,0,0,random_or_none,2,cold,0.735,260,0,0,0,0,0,0,0,normal,0,56,74
12/18/2025 5:00,56,3,Thursday,12,0,0,random_or_none,0,sunny,0.092,260,0,0,0,0,0,0,0,normal,0,59,72
12/18/2025 6:00,59,3,Thursday,12,0,0,random_or_none,0,sunny,0.239,260,0,0,0,0,0,0,0,normal,0,74,73
12/18/2025 7:00,74,3,Thursday,12,0,0,random_or_none,2,cold,0.293,260,0,0,0,0,0,0,0,normal,0,82,80
12/18/2025 8:00,82,3,Thursday,12,0,0,random_or_none,2,cold,0.525,260,0,0,0,0,0,0,0,normal,0,81,82
12/18/2025 9:00,81,3,Thursday,12,0,0,random_or_none,2,cold,0.949,260,0,0,0,0,0,0,0,extreme_weather,2,86,90
12/18/2025 10:00,86,3,Thursday,12,0,0,random_or_none,2,cold,0.875,260,0,0,0,0,0,0,0,extreme_weather,2,91,95
12/18/2025 11:00,91,3,Thursday,12,0,0,random_or_none,0,sunny,0.233,260,0,0,0,0,0,0,0,normal,0,102,105
12/18/2025 12:00,102,3,Thursday,12,0,0,random_or_none,0,sunny,0.031,260,0,0,0,0,0,0,0,normal,0,104,103
12/18/2025 13:00,104,3,Thursday,12,0,0,random_or_none,1,rainy,0.648,260,0,0,0,0,0,0,0,normal,0,102,112
12/18/2025 14:00,102,3,Thursday,12,0,0,random_or_none,2,cold,0.257,260,0,0,0,0,0,0,0,normal,0,104,116
12/18/2025 15:00,104,3,Thursday,12,0,0,random_or_none,2,cold,0.959,260,0,0,0,0,0,0,0,extreme_weather,2,114,118
12/18/2025 16:00,114,3,Thursday,12,0,0,random_or_none,5,windy,0.805,260,0,0,0,0,0,0,0,extreme_weather,2,110,116
12/18/2025 17:00,110,3,Thursday,12,0,0,random_or_none,2,cold,0.558,260,0,0,0,0,0,0,0,normal,0,109,116
12/18/2025 18:00,109,3,Thursday,12,0,0,random_or_none,5,windy,0.377,260,0,0,0,0,0,0,0,normal,0,108,116
12/18/2025 19:00,108,3,Thursday,12,0,0,random_or_none,2,cold,0.93,260,0,0,0,0,0,0,0,extreme_weather,2,105,111
12/18/2025 20:00,105,3,Thursday,12,0,0,random_or_none,1,rainy,0.976,260,0,0,0,0,0,0,0,extreme_weather,2,94,103
12/18/2025 21:00,94,3,Thursday,12,0,0,random_or_none,0,sunny,0.022,260,0,0,0,0,0,0,0,normal,0,89,97
12/18/2025 22:00,89,3,Thursday,12,0,0,random_or_none,3,hot,0.385,260,0,0,0,0,0,0,0,normal,0,81,91
12/18/2025 23:00,81,3,Thursday,12,0,0,random_or_none,1,rainy,0.554,260,0,0,0,0,0,0,0,normal,0,71,84
12/19/2025 0:00,71,4,Friday,12,0,0,random_or_none,0,sunny,0.283,260,0,0,0,0,0,0,0,normal,0,67,66
12/19/2025 1:00,67,4,Friday,12,0,0,random_or_none,2,cold,0.953,260,0,0,0,0,0,0,0,extreme_weather,2,71,50
12/19/2025 2:00,71,4,Friday,12,0,0,random_or_none,2,cold,0.808,260,0,0,0,0,0,0,0,extreme_weather,2,77,127
12/19/2025 3:00,77,4,Friday,12,0,0,random_or_none,2,cold,0.655,260,0,0,0,0,0,0,0,normal,0,74,93
12/19/2025 4:00,74,4,Friday,12,0,0,random_or_none,2,cold,0.639,260,0,0,0,0,0,0,0,normal,0,72,75
12/19/2025 5:00,72,4,Friday,12,0,0,random_or_none,0,sunny,0.167,260,0,0,0,0,0,0,0,normal,0,73,72
12/19/2025 6:00,73,4,Friday,12,0,0,random_or_none,1,rainy,1,260,0,0,0,0,0,0,0,extreme_weather,2,80,61
12/19/2025 7:00,80,4,Friday,12,0,0,random_or_none,2,cold,0.381,260,0,0,0,0,0,0,0,normal,0,82,60
12/19/2025 8:00,82,4,Friday,12,0,0,random_or_none,1,rainy,0.885,260,0,0,0,0,0,0,0,extreme_weather,2,90,64
12/19/2025 9:00,90,4,Friday,12,0,0,random_or_none,5,windy,0.49,260,0,0,0,0,0,0,0,normal,0,95,73
12/19/2025 10:00,95,4,Friday,12,0,0,random_or_none,2,cold,0.88,260,0,0,0,0,0,0,0,extreme_weather,2,105,79
12/19/2025 11:00,105,4,Friday,12,0,0,random_or_none,2,cold,0.886,260,0,0,0,0,0,0,0,extreme_weather,2,103,89
12/19/2025 12:00,103,4,Friday,12,0,0,random_or_none,2,cold,0.609,260,0,0,0,0,0,0,0,normal,0,112,93
12/19/2025 13:00,112,4,Friday,12,0,0,random_or_none,1,rainy,0.724,260,0,0,0,0,0,0,0,normal,0,116,97
12/19/2025 14:00,116,4,Friday,12,0,0,random_or_none,1,rainy,0.339,260,0,0,0,0,0,0,0,normal,0,118,96
12/19/2025 15:00,118,4,Friday,12,0,0,random_or_none,0,sunny,0.027,260,0,0,0,0,0,0,0,normal,0,116,97
12/19/2025 16:00,116,4,Friday,12,0,0,random_or_none,5,windy,0.748,260,0,0,0,0,0,0,0,normal,0,116,105
12/19/2025 17:00,116,4,Friday,12,0,0,random_or_none,1,rainy,0.591,260,0,0,0,0,0,0,0,normal,0,116,99
12/19/2025 18:00,116,4,Friday,12,0,0,random_or_none,1,rainy,0.781,260,0,0,0,0,0,0,0,extreme_weather,2,111,98
12/19/2025 19:00,111,4,Friday,12,0,0,random_or_none,1,rainy,0.339,260,0,0,0,0,0,0,0,normal,0,103,89
12/19/2025 20:00,103,4,Friday,12,0,0,random_or_none,1,rainy,0.573,260,0,0,0,0,0,0,0,normal,0,97,85
12/19/2025 21:00,97,4,Friday,12,0,0,random_or_none,1,rainy,0.581,260,0,0,0,0,0,0,0,normal,0,91,79
12/19/2025 22:00,91,4,Friday,12,0,0,random_or_none,2,cold,1,260,0,0,0,0,0,0,0,extreme_weather,2,84,71
12/19/2025 23:00,84,4,Friday,12,0,0,random_or_none,2,cold,0.919,260,0,0,0,0,0,0,0,extreme_weather,2,66,63
12/20/2025 0:00,66,5,Saturday,12,1,0,random_or_none,0,sunny,0.012,260,0,0,0,0,0,0,0,normal,0,50,54
12/20/2025 1:00,50,5,Saturday,12,1,0,random_or_none,0,sunny,0.276,260,0,0,0,0,0,0,0,normal,0,127,61
12/20/2025 2:00,127,5,Saturday,12,1,0,random_or_none,1,rainy,0.851,260,0,1,152.15,0,0,0,0,emergency_spike,5,93,55
12/20/2025 3:00,93,5,Saturday,12,1,0,random_or_none,2,cold,0.607,260,0,0,0,0,0,0,0,normal,0,75,50
12/20/2025 4:00,75,5,Saturday,12,1,0,random_or_none,2,cold,0.718,260,0,0,0,0,0,0,0,normal,0,72,45
12/20/2025 5:00,72,5,Saturday,12,1,0,random_or_none,1,rainy,0.955,260,0,0,0,0,0,0,0,extreme_weather,2,61,51
12/20/2025 6:00,61,5,Saturday,12,1,0,random_or_none,0,sunny,0.065,260,0,0,0,0,0,0,0,normal,0,60,102
12/20/2025 7:00,60,5,Saturday,12,1,0,random_or_none,0,sunny,0.248,260,0,0,0,0,0,0,0,normal,0,64,87
12/20/2025 8:00,64,5,Saturday,12,1,0,random_or_none,0,sunny,0.33,260,0,0,0,0,0,0,0,normal,0,73,81
12/20/2025 9:00,73,5,Saturday,12,1,0,random_or_none,1,rainy,0.438,260,0,0,0,0,0,0,0,normal,0,79,76
12/20/2025 10:00,79,5,Saturday,12,1,0,random_or_none,2,cold,0.429,260,0,0,0,0,0,0,0,normal,0,89,83
12/20/2025 11:00,89,5,Saturday,12,1,0,random_or_none,1,rainy,0.889,260,0,0,0,0,0,0,0,extreme_weather,2,93,87
12/20/2025 12:00,93,5,Saturday,12,1,0,random_or_none,5,windy,0.657,260,0,0,0,0,0,0,0,normal,0,97,115
12/20/2025 13:00,97,5,Saturday,12,1,0,random_or_none,2,cold,0.565,260,0,0,0,0,0,0,0,normal,0,96,106
12/20/2025 14:00,96,5,Saturday,12,1,0,random_or_none,2,cold,0.755,260,0,0,0,0,0,0,0,extreme_weather,2,97,99
12/20/2025 15:00,97,5,Saturday,12,1,0,random_or_none,2,cold,0.894,260,0,0,0,0,0,0,0,extreme_weather,2,105,96
12/20/2025 16:00,105,5,Saturday,12,1,0,random_or_none,1,rainy,0.927,260,0,0,0,0,0,0,0,extreme_weather,2,99,102
12/20/2025 17:00,99,5,Saturday,12,1,0,random_or_none,2,cold,0.829,260,0,0,0,0,0,0,0,extreme_weather,2,98,94
12/20/2025 18:00,98,5,Saturday,12,1,0,random_or_none,5,windy,0.561,260,0,0,0,0,0,0,0,normal,0,89,92
12/20/2025 19:00,89,5,Saturday,12,1,0,random_or_none,2,cold,0.539,260,0,0,0,0,0,0,0,normal,0,85,96
12/20/2025 20:00,85,5,Saturday,12,1,0,random_or_none,1,rainy,0.501,260,0,0,0,0,0,0,0,normal,0,79,93
12/20/2025 21:00,79,5,Saturday,12,1,0,random_or_none,5,windy,0.828,260,0,0,0,0,0,0,0,extreme_weather,2,71,87
12/20/2025 22:00,71,5,Saturday,12,1,0,random_or_none,2,cold,0.395,260,0,0,0,0,0,0,0,normal,0,63,76
12/20/2025 23:00,63,5,Saturday,12,1,0,random_or_none,2,cold,0.351,260,0,0,0,0,0,0,0,normal,0,54,74
12/21/2025 0:00,54,6,Sunday,12,1,0,random_or_none,0,sunny,0.237,260,0,0,0,0,0,0,0,normal,0,61,102
12/21/2025 1:00,61,6,Sunday,12,1,0,random_or_none,2,cold,0.71,260,0,0,0,0,0,0,0,normal,0,55,87
12/21/2025 2:00,55,6,Sunday,12,1,0,random_or_none,5,windy,0.228,260,0,0,0,0,0,0,0,normal,0,50,77
12/21/2025 3:00,50,6,Sunday,12,1,0,random_or_none,2,cold,0.333,260,0,0,0,0,0,0,0,normal,0,45,76
12/21/2025 4:00,45,6,Sunday,12,1,0,random_or_none,2,cold,0.897,260,0,0,0,0,0,0,0,extreme_weather,2,51,75
12/21/2025 5:00,51,6,Sunday,12,1,0,random_or_none,5,windy,0.69,260,0,0,0,0,0,0,0,normal,0,102,80
12/21/2025 6:00,102,6,Sunday,12,1,0,random_or_none,1,rainy,0.904,260,0,1,104.33,0,0,0,0,emergency_spike,5,87,78
12/21/2025 7:00,87,6,Sunday,12,1,0,random_or_none,0,sunny,0.072,260,0,0,0,0,0,0,0,normal,0,81,81
12/21/2025 8:00,81,6,Sunday,12,1,0,random_or_none,2,cold,0.929,260,0,0,0,0,0,0,0,extreme_weather,2,76,82
12/21/2025 9:00,76,6,Sunday,12,1,0,random_or_none,2,cold,0.242,260,0,0,0,0,0,0,0,normal,0,83,91
12/21/2025 10:00,83,6,Sunday,12,1,0,random_or_none,1,rainy,0.613,260,0,0,0,0,0,0,0,normal,0,87,100
12/21/2025 11:00,87,6,Sunday,12,1,0,random_or_none,1,rainy,0.506,260,0,0,0,0,0,0,0,normal,0,115,105
12/21/2025 12:00,115,6,Sunday,12,1,0,random_or_none,5,windy,0.335,260,0,1,63.03,0,0,0,0,emergency_spike,5,106,148
12/21/2025 13:00,106,6,Sunday,12,1,0,random_or_none,0,sunny,0.281,260,0,0,0,0,0,0,0,normal,0,99,134
12/21/2025 14:00,99,6,Sunday,12,1,0,random_or_none,2,cold,0.862,260,0,0,0,0,0,0,0,extreme_weather,2,96,124
12/21/2025 15:00,96,6,Sunday,12,1,0,random_or_none,2,cold,0.521,260,0,0,0,0,0,0,0,normal,0,102,153
12/21/2025 16:00,102,6,Sunday,12,1,0,random_or_none,1,rainy,0.989,260,0,0,0,0,0,0,0,extreme_weather,2,94,201
12/21/2025 17:00,94,6,Sunday,12,1,0,random_or_none,0,sunny,0.182,260,0,0,0,0,0,0,0,normal,0,92,161
12/21/2025 18:00,92,6,Sunday,12,1,0,random_or_none,0,sunny,0.193,260,0,0,0,0,0,0,0,normal,0,96,135
12/21/2025 19:00,96,6,Sunday,12,1,0,random_or_none,1,rainy,0.934,260,0,0,0,0,0,0,0,extreme_weather,2,93,122
12/21/2025 20:00,93,6,Sunday,12,1,0,random_or_none,1,rainy,0.579,260,0,0,0,0,0,0,0,normal,0,87,112
12/21/2025 21:00,87,6,Sunday,12,1,0,random_or_none,1,rainy,1,260,0,0,0,0,0,0,0,extreme_weather,2,76,99
12/21/2025 22:00,76,6,Sunday,12,1,0,random_or_none,1,rainy,0.822,260,0,0,0,0,0,0,0,extreme_weather,2,74,97
12/21/2025 23:00,74,6,Sunday,12,1,0,random_or_none,2,cold,0.984,260,0,0,0,0,0,0,0,extreme_weather,2,102,86
12/22/2025 0:00,102,0,Monday,12,0,0,random_or_none,5,windy,0.485,260,0,1,68.41,0,0,0,0,emergency_spike,5,87,81
12/22/2025 1:00,87,0,Monday,12,0,0,random_or_none,1,rainy,0.79,260,0,0,0,0,0,0,0,extreme_weather,2,77,80
12/22/2025 2:00,77,0,Monday,12,0,0,random_or_none,2,cold,0.393,260,0,0,0,0,0,0,0,normal,0,76,75
12/22/2025 3:00,76,0,Monday,12,0,0,random_or_none,2,cold,0.972,260,0,0,0,0,0,0,0,extreme_weather,2,75,75
12/22/2025 4:00,75,0,Monday,12,0,0,random_or_none,2,cold,0.415,260,0,0,0,0,0,0,0,normal,0,80,73
12/22/2025 5:00,80,0,Monday,12,0,0,random_or_none,2,cold,0.581,260,0,0,0,0,0,0,0,normal,0,78,71
12/22/2025 6:00,78,0,Monday,12,0,0,random_or_none,5,windy,0.311,260,0,0,0,0,0,0,0,normal,0,81,70
12/22/2025 7:00,81,0,Monday,12,0,0,random_or_none,2,cold,0.624,260,0,0,0,0,0,0,0,normal,0,82,79
12/22/2025 8:00,82,0,Monday,12,0,0,random_or_none,2,cold,0.994,260,0,0,0,0,0,0,0,extreme_weather,2,91,84
12/22/2025 9:00,91,0,Monday,12,0,0,random_or_none,2,cold,0.888,260,0,0,0,0,0,0,0,extreme_weather,2,100,93
12/22/2025 10:00,100,0,Monday,12,0,0,random_or_none,2,cold,0.564,260,0,0,0,0,0,0,0,normal,0,105,97
12/22/2025 11:00,105,0,Monday,12,0,0,random_or_none,0,sunny,0.021,260,0,0,0,0,0,0,0,normal,0,148,101
12/22/2025 12:00,148,0,Monday,12,0,0,random_or_none,2,cold,0.4,260,0,1,89.1,0,0,0,0,emergency_spike,5,134,107
12/22/2025 13:00,134,0,Monday,12,0,0,random_or_none,0,sunny,0.218,260,0,0,0,0,0,0,0,normal,0,124,113
12/22/2025 14:00,124,0,Monday,12,0,0,random_or_none,2,cold,0.562,260,0,0,0,0,0,0,0,normal,0,153,119
12/22/2025 15:00,153,0,Monday,12,0,0,random_or_none,1,rainy,0.996,260,0,1,73.8,0,0,0,0,emergency_spike,5,201,125
12/22/2025 16:00,201,0,Monday,12,0,0,random_or_none,5,windy,0.676,260,0,1,136.22,0,0,0,0,emergency_spike,5,161,122
12/22/2025 17:00,161,0,Monday,12,0,0,random_or_none,0,sunny,0.339,260,0,0,0,0,0,0,0,normal,0,135,113
12/22/2025 18:00,135,0,Monday,12,0,0,random_or_none,0,sunny,0.328,260,0,0,0,0,0,0,0,normal,0,122,115
12/22/2025 19:00,122,0,Monday,12,0,0,random_or_none,0,sunny,0.156,260,0,0,0,0,0,0,0,normal,0,112,113
12/22/2025 20:00,112,0,Monday,12,0,0,random_or_none,5,windy,0.554,260,0,0,0,0,0,0,0,normal,0,99,105
12/22/2025 21:00,99,0,Monday,12,0,0,random_or_none,3,hot,0.177,260,0,0,0,0,0,0,0,normal,0,97,100
12/22/2025 22:00,97,0,Monday,12,0,0,random_or_none,2,cold,0.973,260,0,0,0,0,0,0,0,extreme_weather,2,86,96
12/22/2025 23:00,86,0,Monday,12,0,0,random_or_none,5,windy,0.394,260,0,0,0,0,0,0,0,normal,0,81,92
12/23/2025 0:00,81,1,Tuesday,12,0,0,random_or_none,3,hot,0.158,260,0,0,0,0,0,0,0,normal,0,80,84
12/23/2025 1:00,80,1,Tuesday,12,0,0,random_or_none,1,rainy,0.929,260,0,0,0,0,0,0,0,extreme_weather,2,75,71
12/23/2025 2:00,75,1,Tuesday,12,0,0,random_or_none,2,cold,0.897,260,0,0,0,0,0,0,0,extreme_weather,2,75,68
12/23/2025 3:00,75,1,Tuesday,12,0,0,random_or_none,2,cold,0.336,260,0,0,0,0,0,0,0,normal,0,73,65
12/23/2025 4:00,73,1,Tuesday,12,0,0,random_or_none,2,cold,0.645,260,0,0,0,0,0,0,0,normal,0,71,56
12/23/2025 5:00,71,1,Tuesday,12,0,0,random_or_none,1,rainy,0.486,260,0,0,0,0,0,0,0,normal,0,70,90
12/23/2025 6:00,70,1,Tuesday,12,0,0,random_or_none,2,cold,0.873,260,0,0,0,0,0,0,0,extreme_weather,2,79,80
12/23/2025 7:00,79,1,Tuesday,12,0,0,random_or_none,2,cold,0.626,260,0,0,0,0,0,0,0,normal,0,84,83
12/23/2025 8:00,84,1,Tuesday,12,0,0,random_or_none,5,windy,0.552,260,0,0,0,0,0,0,0,normal,0,93,86
12/23/2025 9:00,93,1,Tuesday,12,0,0,random_or_none,2,cold,0.959,260,0,0,0,0,0,0,0,extreme_weather,2,97,86
12/23/2025 10:00,97,1,Tuesday,12,0,0,random_or_none,2,cold,0.566,260,0,0,0,0,0,0,0,normal,0,101,90
12/23/2025 11:00,101,1,Tuesday,12,0,0,random_or_none,2,cold,0.603,260,0,0,0,0,0,0,0,normal,0,107,97
12/23/2025 12:00,107,1,Tuesday,12,0,0,random_or_none,3,hot,0.24,260,0,0,0,0,0,0,0,normal,0,113,100
12/23/2025 13:00,113,1,Tuesday,12,0,0,random_or_none,2,cold,0.767,260,0,0,0,0,0,0,0,extreme_weather,2,119,101
12/23/2025 14:00,119,1,Tuesday,12,0,0,random_or_none,2,cold,0.715,260,0,0,0,0,0,0,0,normal,0,125,103
12/23/2025 15:00,125,1,Tuesday,12,0,0,random_or_none,1,rainy,0.998,260,0,0,0,0,0,0,0,extreme_weather,2,122,107
12/23/2025 16:00,122,1,Tuesday,12,0,0,random_or_none,2,cold,0.777,260,0,0,0,0,0,0,0,extreme_weather,2,113,106
12/23/2025 17:00,113,1,Tuesday,12,0,0,random_or_none,4,dusty,0.696,260,0,0,0,0,0,0,0,normal,0,115,106
12/23/2025 18:00,115,1,Tuesday,12,0,0,random_or_none,0,sunny,0.292,260,0,0,0,0,0,0,0,normal,0,113,111
12/23/2025 19:00,113,1,Tuesday,12,0,0,random_or_none,2,cold,0.922,260,0,0,0,0,0,0,0,extreme_weather,2,105,111
12/23/2025 20:00,105,1,Tuesday,12,0,0,random_or_none,1,rainy,0.602,260,0,0,0,0,0,0,0,normal,0,100,104
12/23/2025 21:00,100,1,Tuesday,12,0,0,random_or_none,2,cold,0.476,260,0,0,0,0,0,0,0,normal,0,96,91
12/23/2025 22:00,96,1,Tuesday,12,0,0,random_or_none,2,cold,0.987,260,0,0,0,0,0,0,0,extreme_weather,2,92,85
12/23/2025 23:00,92,1,Tuesday,12,0,0,random_or_none,2,cold,0.732,260,0,0,0,0,0,0,0,normal,0,84,78
12/24/2025 0:00,84,2,Wednesday,12,0,0,random_or_none,5,windy,0.8,260,0,0,0,0,0,0,0,extreme_weather,2,71,65
12/24/2025 1:00,71,2,Wednesday,12,0,0,random_or_none,1,rainy,0.529,260,0,0,0,0,0,0,0,normal,0,68,64
12/24/2025 2:00,68,2,Wednesday,12,0,0,random_or_none,5,windy,0.85,260,0,0,0,0,0,0,0,extreme_weather,2,65,56
12/24/2025 3:00,65,2,Wednesday,12,0,0,random_or_none,1,rainy,0.921,260,0,0,0,0,0,0,0,extreme_weather,2,56,64
12/24/2025 4:00,56,2,Wednesday,12,0,0,random_or_none,0,sunny,0.32,260,0,0,0,0,0,0,0,normal,0,90,62
12/24/2025 5:00,90,2,Wednesday,12,0,0,random_or_none,3,hot,0.166,260,0,1,68.02,0,0,0,0,emergency_spike,5,80,57
12/24/2025 6:00,80,2,Wednesday,12,0,0,random_or_none,2,cold,0.968,260,0,0,0,0,0,0,0,extreme_weather,2,83,59
12/24/2025 7:00,83,2,Wednesday,12,0,0,random_or_none,5,windy,0.266,260,0,0,0,0,0,0,0,normal,0,86,57
12/24/2025 8:00,86,2,Wednesday,12,0,0,random_or_none,1,rainy,0.95,260,0,0,0,0,0,0,0,extreme_weather,2,86,70
12/24/2025 9:00,86,2,Wednesday,12,0,0,random_or_none,2,cold,0.594,260,0,0,0,0,0,0,0,normal,0,90,78
12/24/2025 10:00,90,2,Wednesday,12,0,0,random_or_none,2,cold,0.477,260,0,0,0,0,0,0,0,normal,0,97,83
12/24/2025 11:00,97,2,Wednesday,12,0,0,random_or_none,2,cold,0.895,260,0,0,0,0,0,0,0,extreme_weather,2,100,86
12/24/2025 12:00,100,2,Wednesday,12,0,0,random_or_none,0,sunny,0.159,260,0,0,0,0,0,0,0,normal,0,101,128
12/24/2025 13:00,101,2,Wednesday,12,0,0,random_or_none,2,cold,0.595,260,0,0,0,0,0,0,0,normal,0,103,119
12/24/2025 14:00,103,2,Wednesday,12,0,0,random_or_none,0,sunny,0.264,260,0,0,0,0,0,0,0,normal,0,107,112
12/24/2025 15:00,107,2,Wednesday,12,0,0,random_or_none,2,cold,0.531,260,0,0,0,0,0,0,0,normal,0,106,102
12/24/2025 16:00,106,2,Wednesday,12,0,0,random_or_none,2,cold,0.785,260,0,0,0,0,0,0,0,extreme_weather,2,106,102
12/24/2025 17:00,106,2,Wednesday,12,0,0,random_or_none,0,sunny,0.296,260,0,0,0,0,0,0,0,normal,0,111,99
12/24/2025 18:00,111,2,Wednesday,12,0,0,random_or_none,2,cold,0.831,260,0,0,0,0,0,0,0,extreme_weather,2,111,97
12/24/2025 19:00,111,2,Wednesday,12,0,0,random_or_none,1,rainy,0.819,260,0,0,0,0,0,0,0,extreme_weather,2,104,95
12/24/2025 20:00,104,2,Wednesday,12,0,0,random_or_none,1,rainy,0.884,260,0,0,0,0,0,0,0,extreme_weather,2,91,91
12/24/2025 21:00,91,2,Wednesday,12,0,0,random_or_none,5,windy,0.508,260,0,0,0,0,0,0,0,normal,0,85,85
12/24/2025 22:00,85,2,Wednesday,12,0,0,random_or_none,0,sunny,0.039,260,0,0,0,0,0,0,0,normal,0,78,81
12/24/2025 23:00,78,2,Wednesday,12,0,0,random_or_none,1,rainy,0.96,260,0,0,0,0,0,0,0,extreme_weather,2,65,75
12/25/2025 0:00,65,3,Thursday,12,0,1,xmas,0,sunny,0.006,260,0,0,0,0,0,0,0,holiday,1,64,73
12/25/2025 1:00,64,3,Thursday,12,0,1,xmas,1,rainy,0.353,260,0,0,0,0,0,0,0,holiday,1,56,71
12/25/2025 2:00,56,3,Thursday,12,0,1,xmas,1,rainy,0.699,260,0,0,0,0,0,0,0,holiday,1,64,75
12/25/2025 3:00,64,3,Thursday,12,0,1,xmas,2,cold,0.53,260,0,0,0,0,0,0,0,holiday,1,62,75
12/25/2025 4:00,62,3,Thursday,12,0,1,xmas,1,rainy,0.595,260,0,0,0,0,0,0,0,holiday,1,57,74
12/25/2025 5:00,57,3,Thursday,12,0,1,xmas,0,sunny,0.263,260,0,0,0,0,0,0,0,holiday,1,59,72
12/25/2025 6:00,59,3,Thursday,12,0,1,xmas,2,cold,0.494,260,0,0,0,0,0,0,0,holiday,1,57,70
12/25/2025 7:00,57,3,Thursday,12,0,1,xmas,2,cold,0.675,260,0,0,0,0,0,0,0,holiday,1,70,82
12/25/2025 8:00,70,3,Thursday,12,0,1,xmas,2,cold,0.608,260,0,0,0,0,0,0,0,holiday,1,78,77
12/25/2025 9:00,78,3,Thursday,12,0,1,xmas,5,windy,0.257,260,0,0,0,0,0,0,0,holiday,1,83,92
12/25/2025 10:00,83,3,Thursday,12,0,1,xmas,2,cold,0.664,260,0,0,0,0,0,0,0,holiday,1,86,97
12/25/2025 11:00,86,3,Thursday,12,0,1,xmas,2,cold,0.927,260,0,0,0,0,0,0,0,extreme_weather,2,128,104
12/25/2025 12:00,128,3,Thursday,12,0,1,xmas,3,hot,0.804,260,0,1,85.26,0,0,0,0,emergency_spike,5,119,104
12/25/2025 13:00,119,3,Thursday,12,0,1,xmas,2,cold,0.794,260,0,0,0,0,0,0,0,extreme_weather,2,112,107
12/25/2025 14:00,112,3,Thursday,12,0,1,xmas,0,sunny,0.092,260,0,0,0,0,0,0,0,holiday,1,102,169
12/25/2025 15:00,102,3,Thursday,12,0,1,xmas,0,sunny,0.346,260,0,0,0,0,0,0,0,holiday,1,102,147
12/25/2025 16:00,102,3,Thursday,12,0,1,xmas,2,cold,0.315,260,0,0,0,0,0,0,0,holiday,1,99,138
12/25/2025 17:00,99,3,Thursday,12,0,1,xmas,2,cold,0.689,260,0,0,0,0,0,0,0,holiday,1,97,127
12/25/2025 18:00,97,3,Thursday,12,0,1,xmas,2,cold,0.425,260,0,0,0,0,0,0,0,holiday,1,95,120
12/25/2025 19:00,95,3,Thursday,12,0,1,xmas,2,cold,0.447,260,0,0,0,0,0,0,0,holiday,1,91,112
12/25/2025 20:00,91,3,Thursday,12,0,1,xmas,2,cold,0.898,260,0,0,0,0,0,0,0,extreme_weather,2,85,101
12/25/2025 21:00,85,3,Thursday,12,0,1,xmas,2,cold,0.707,260,0,0,0,0,0,0,0,holiday,1,81,97
12/25/2025 22:00,81,3,Thursday,12,0,1,xmas,1,rainy,0.661,260,0,0,0,0,0,0,0,holiday,1,75,84
12/25/2025 23:00,75,3,Thursday,12,0,1,xmas,1,rainy,0.47,260,0,0,0,0,0,0,0,holiday,1,73,83
12/26/2025 0:00,73,4,Friday,12,0,0,random_or_none,0,sunny,0.203,260,0,0,0,0,0,0,0,normal,0,71,72
12/26/2025 1:00,71,4,Friday,12,0,0,random_or_none,2,cold,0.888,260,0,0,0,0,0,0,0,extreme_weather,2,75,69
12/26/2025 2:00,75,4,Friday,12,0,0,random_or_none,2,cold,0.879,260,0,0,0,0,0,0,0,extreme_weather,2,75,60
12/26/2025 3:00,75,4,Friday,12,0,0,random_or_none,1,rainy,0.847,260,0,0,0,0,0,0,0,extreme_weather,2,74,103
12/26/2025 4:00,74,4,Friday,12,0,0,random_or_none,2,cold,0.807,260,0,0,0,0,0,0,0,extreme_weather,2,72,82
12/26/2025 5:00,72,4,Friday,12,0,0,random_or_none,2,cold,0.304,260,0,0,0,0,0,0,0,normal,0,70,70
12/26/2025 6:00,70,4,Friday,12,0,0,random_or_none,1,rainy,0.341,260,0,0,0,0,0,0,0,normal,0,82,64
12/26/2025 7:00,82,4,Friday,12,0,0,random_or_none,1,rainy,0.25,260,0,0,0,0,0,0,0,normal,0,77,62
12/26/2025 8:00,77,4,Friday,12,0,0,random_or_none,0,sunny,0.262,260,0,0,0,0,0,0,0,normal,0,92,66
12/26/2025 9:00,92,4,Friday,12,0,0,random_or_none,3,hot,0.694,260,0,0,0,0,0,0,0,normal,0,97,76
12/26/2025 10:00,97,4,Friday,12,0,0,random_or_none,2,cold,0.505,260,0,0,0,0,0,0,0,normal,0,104,85
12/26/2025 11:00,104,4,Friday,12,0,0,random_or_none,5,windy,0.418,260,0,0,0,0,0,0,0,normal,0,104,86
12/26/2025 12:00,104,4,Friday,12,0,0,random_or_none,5,windy,0.898,260,0,0,0,0,0,0,0,extreme_weather,2,107,88
12/26/2025 13:00,107,4,Friday,12,0,0,random_or_none,2,cold,0.776,260,0,0,0,0,0,0,0,extreme_weather,2,169,89
12/26/2025 14:00,169,4,Friday,12,0,0,random_or_none,1,rainy,0.57,260,0,1,126.65,0,0,0,0,emergency_spike,5,147,96
12/26/2025 15:00,147,4,Friday,12,0,0,random_or_none,5,windy,0.663,260,0,0,0,0,0,0,0,normal,0,138,93
12/26/2025 16:00,138,4,Friday,12,0,0,random_or_none,1,rainy,0.375,260,0,0,0,0,0,0,0,normal,0,127,96
12/26/2025 17:00,127,4,Friday,12,0,0,random_or_none,2,cold,0.385,260,0,0,0,0,0,0,0,normal,0,120,103
12/26/2025 18:00,120,4,Friday,12,0,0,random_or_none,2,cold,0.926,260,0,0,0,0,0,0,0,extreme_weather,2,112,121
12/26/2025 19:00,112,4,Friday,12,0,0,random_or_none,1,rainy,0.599,260,0,0,0,0,0,0,0,normal,0,101,110
12/26/2025 20:00,101,4,Friday,12,0,0,random_or_none,5,windy,0.592,260,0,0,0,0,0,0,0,normal,0,97,101
12/26/2025 21:00,97,4,Friday,12,0,0,random_or_none,1,rainy,0.504,260,0,0,0,0,0,0,0,normal,0,84,88
12/26/2025 22:00,84,4,Friday,12,0,0,random_or_none,0,sunny,0.339,260,0,0,0,0,0,0,0,normal,0,83,82
12/26/2025 23:00,83,4,Friday,12,0,0,random_or_none,1,rainy,0.769,260,0,0,0,0,0,0,0,extreme_weather,2,72,75
12/27/2025 0:00,72,5,Saturday,12,1,0,random_or_none,2,cold,0.638,260,0,0,0,0,0,0,0,normal,0,69,71
12/27/2025 1:00,69,5,Saturday,12,1,0,random_or_none,1,rainy,0.883,260,0,0,0,0,0,0,0,extreme_weather,2,60,57
12/27/2025 2:00,60,5,Saturday,12,1,0,random_or_none,2,cold,0.831,260,0,0,0,0,0,0,0,extreme_weather,2,103,57
12/27/2025 3:00,103,5,Saturday,12,1,0,random_or_none,2,cold,0.504,260,0,1,104.79,0,0,0,0,emergency_spike,5,82,56
12/27/2025 4:00,82,5,Saturday,12,1,0,random_or_none,1,rainy,0.424,260,0,0,0,0,0,0,0,normal,0,70,53
12/27/2025 5:00,70,5,Saturday,12,1,0,random_or_none,2,cold,0.958,260,0,0,0,0,0,0,0,extreme_weather,2,64,57
12/27/2025 6:00,64,5,Saturday,12,1,0,random_or_none,0,sunny,0.102,260,0,0,0,0,0,0,0,normal,0,62,56
12/27/2025 7:00,62,5,Saturday,12,1,0,random_or_none,2,cold,0.388,260,0,0,0,0,0,0,0,normal,0,66,62
12/27/2025 8:00,66,5,Saturday,12,1,0,random_or_none,2,cold,0.97,260,0,0,0,0,0,0,0,extreme_weather,2,76,68
12/27/2025 9:00,76,5,Saturday,12,1,0,random_or_none,2,cold,0.978,260,0,0,0,0,0,0,0,extreme_weather,2,85,74
12/27/2025 10:00,85,5,Saturday,12,1,0,random_or_none,5,windy,0.693,260,0,0,0,0,0,0,0,normal,0,86,77
12/27/2025 11:00,86,5,Saturday,12,1,0,random_or_none,2,cold,0.479,260,0,0,0,0,0,0,0,normal,0,88,79
12/27/2025 12:00,88,5,Saturday,12,1,0,random_or_none,2,cold,0.296,260,0,0,0,0,0,0,0,normal,0,89,85
12/27/2025 13:00,89,5,Saturday,12,1,0,random_or_none,0,sunny,0.349,260,0,0,0,0,0,0,0,normal,0,96,87
12/27/2025 14:00,96,5,Saturday,12,1,0,random_or_none,1,rainy,0.598,260,0,0,0,0,0,0,0,normal,0,93,89
12/27/2025 15:00,93,5,Saturday,12,1,0,random_or_none,2,cold,0.865,260,0,0,0,0,0,0,0,extreme_weather,2,96,95
12/27/2025 16:00,96,5,Saturday,12,1,0,random_or_none,0,sunny,0.198,260,0,0,0,0,0,0,0,normal,0,103,87
12/27/2025 17:00,103,5,Saturday,12,1,0,random_or_none,1,rainy,1,260,0,0,0,0,0,0,0,extreme_weather,2,121,90
12/27/2025 18:00,121,5,Saturday,12,1,0,random_or_none,5,windy,0.822,260,0,1,40.57,0,0,0,0,emergency_spike,5,110,85
12/27/2025 19:00,110,5,Saturday,12,1,0,random_or_none,2,cold,0.924,260,0,0,0,0,0,0,0,extreme_weather,2,101,89
12/27/2025 20:00,101,5,Saturday,12,1,0,random_or_none,2,cold,0.934,260,0,0,0,0,0,0,0,extreme_weather,2,88,82
12/27/2025 21:00,88,5,Saturday,12,1,0,random_or_none,1,rainy,0.275,260,0,0,0,0,0,0,0,normal,0,82,78
12/27/2025 22:00,82,5,Saturday,12,1,0,random_or_none,2,cold,0.746,260,0,0,0,0,0,0,0,normal,0,75,111
12/27/2025 23:00,75,5,Saturday,12,1,0,random_or_none,2,cold,0.983,260,0,0,0,0,0,0,0,extreme_weather,2,71,91
12/28/2025 0:00,71,6,Sunday,12,1,0,random_or_none,5,windy,0.579,260,0,0,0,0,0,0,0,normal,0,57,86
12/28/2025 1:00,57,6,Sunday,12,1,0,random_or_none,0,sunny,0.219,260,0,0,0,0,0,0,0,normal,0,57,81
12/28/2025 2:00,57,6,Sunday,12,1,0,random_or_none,4,dusty,0.561,260,0,0,0,0,0,0,0,normal,0,56,78
12/28/2025 3:00,56,6,Sunday,12,1,0,random_or_none,0,sunny,0.279,260,0,0,0,0,0,0,0,normal,0,53,74
12/28/2025 4:00,53,6,Sunday,12,1,0,random_or_none,1,rainy,0.653,260,0,0,0,0,0,0,0,normal,0,57,76
12/28/2025 5:00,57,6,Sunday,12,1,0,random_or_none,0,sunny,0.116,260,0,0,0,0,0,0,0,normal,0,56,78
12/28/2025 6:00,56,6,Sunday,12,1,0,random_or_none,1,rainy,0.248,260,0,0,0,0,0,0,0,normal,0,62,74
12/28/2025 7:00,62,6,Sunday,12,1,0,random_or_none,2,cold,0.683,260,0,0,0,0,0,0,0,normal,0,68,81
12/28/2025 8:00,68,6,Sunday,12,1,0,random_or_none,1,rainy,0.923,260,0,0,0,0,0,0,0,extreme_weather,2,74,84
12/28/2025 9:00,74,6,Sunday,12,1,0,random_or_none,2,cold,0.663,260,0,0,0,0,0,0,0,normal,0,77,93
12/28/2025 10:00,77,6,Sunday,12,1,0,random_or_none,5,windy,0.375,260,0,0,0,0,0,0,0,normal,0,79,92
12/28/2025 11:00,79,6,Sunday,12,1,0,random_or_none,2,cold,0.759,260,0,0,0,0,0,0,0,extreme_weather,2,85,95
12/28/2025 12:00,85,6,Sunday,12,1,0,random_or_none,1,rainy,0.943,260,0,0,0,0,0,0,0,extreme_weather,2,87,98
12/28/2025 13:00,87,6,Sunday,12,1,0,random_or_none,5,windy,0.436,260,0,0,0,0,0,0,0,normal,0,89,103
12/28/2025 14:00,89,6,Sunday,12,1,0,random_or_none,0,sunny,0.092,260,0,0,0,0,0,0,0,normal,0,95,104
12/28/2025 15:00,95,6,Sunday,12,1,0,random_or_none,3,hot,0.747,260,0,0,0,0,0,0,0,normal,0,87,116
12/28/2025 16:00,87,6,Sunday,12,1,0,random_or_none,0,sunny,0.268,260,0,0,0,0,0,0,0,normal,0,90,117
12/28/2025 17:00,90,6,Sunday,12,1,0,random_or_none,1,rainy,0.3,260,0,0,0,0,0,0,0,normal,0,85,120
12/28/2025 18:00,85,6,Sunday,12,1,0,random_or_none,2,cold,0.359,260,0,0,0,0,0,0,0,normal,0,89,120
12/28/2025 19:00,89,6,Sunday,12,1,0,random_or_none,2,cold,0.714,260,0,0,0,0,0,0,0,normal,0,82,108
12/28/2025 20:00,82,6,Sunday,12,1,0,random_or_none,1,rainy,0.473,260,0,0,0,0,0,0,0,normal,0,78,101
12/28/2025 21:00,78,6,Sunday,12,1,0,random_or_none,2,cold,0.995,260,0,0,0,0,0,0,0,extreme_weather,2,111,101
12/28/2025 22:00,111,6,Sunday,12,1,0,random_or_none,2,cold,0.67,260,0,1,80.13,0,0,0,0,emergency_spike,5,91,100
12/28/2025 23:00,91,6,Sunday,12,1,0,random_or_none,1,rainy,0.685,260,0,0,0,0,0,0,0,normal,0,86,86
12/29/2025 0:00,86,0,Monday,12,0,0,random_or_none,1,rainy,0.791,260,0,0,0,0,0,0,0,extreme_weather,2,81,75
12/29/2025 1:00,81,0,Monday,12,0,0,random_or_none,2,cold,0.967,260,0,0,0,0,0,0,0,extreme_weather,2,78,78
12/29/2025 2:00,78,0,Monday,12,0,0,random_or_none,2,cold,0.573,260,0,0,0,0,0,0,0,normal,0,74,65
12/29/2025 3:00,74,0,Monday,12,0,0,random_or_none,4,dusty,0.733,260,0,0,0,0,0,0,0,normal,0,76,64
12/29/2025 4:00,76,0,Monday,12,0,0,random_or_none,2,cold,1,260,0,0,0,0,0,0,0,extreme_weather,2,78,67
12/29/2025 5:00,78,0,Monday,12,0,0,random_or_none,2,cold,0.558,260,0,0,0,0,0,0,0,normal,0,74,72
12/29/2025 6:00,74,0,Monday,12,0,0,random_or_none,0,sunny,0.169,260,0,0,0,0,0,0,0,normal,0,81,81
12/29/2025 7:00,81,0,Monday,12,0,0,random_or_none,2,cold,0.864,260,0,0,0,0,0,0,0,extreme_weather,2,84,82
12/29/2025 8:00,84,0,Monday,12,0,0,random_or_none,5,windy,0.375,260,0,0,0,0,0,0,0,normal,0,93,88
12/29/2025 9:00,93,0,Monday,12,0,0,random_or_none,1,rainy,0.853,260,0,0,0,0,0,0,0,extreme_weather,2,92,83
12/29/2025 10:00,92,0,Monday,12,0,0,random_or_none,0,sunny,0.261,260,0,0,0,0,0,0,0,normal,0,95,96
12/29/2025 11:00,95,0,Monday,12,0,0,random_or_none,0,sunny,0.162,260,0,0,0,0,0,0,0,normal,0,98,100
12/29/2025 12:00,98,0,Monday,12,0,0,random_or_none,5,windy,0.191,260,0,0,0,0,0,0,0,normal,0,103,99
12/29/2025 13:00,103,0,Monday,12,0,0,random_or_none,5,windy,0.409,260,0,0,0,0,0,0,0,normal,0,104,105
12/29/2025 14:00,104,0,Monday,12,0,0,random_or_none,2,cold,0.485,260,0,0,0,0,0,0,0,normal,0,116,115
12/29/2025 15:00,116,0,Monday,12,0,0,random_or_none,1,rainy,0.893,260,0,0,0,0,0,0,0,extreme_weather,2,117,116
12/29/2025 16:00,117,0,Monday,12,0,0,random_or_none,5,windy,0.407,260,0,0,0,0,0,0,0,normal,0,120,113
12/29/2025 17:00,120,0,Monday,12,0,0,random_or_none,2,cold,0.886,260,0,0,0,0,0,0,0,extreme_weather,2,120,108
12/29/2025 18:00,120,0,Monday,12,0,0,random_or_none,2,cold,0.667,260,0,0,0,0,0,0,0,normal,0,108,107
12/29/2025 19:00,108,0,Monday,12,0,0,random_or_none,2,cold,0.334,260,0,0,0,0,0,0,0,normal,0,101,144
12/29/2025 20:00,101,0,Monday,12,0,0,random_or_none,1,rainy,0.437,260,0,0,0,0,0,0,0,normal,0,101,122
12/29/2025 21:00,101,0,Monday,12,0,0,random_or_none,2,cold,0.358,260,0,0,0,0,0,0,0,normal,0,100,107
12/29/2025 22:00,100,0,Monday,12,0,0,random_or_none,2,cold,0.752,260,0,0,0,0,0,0,0,extreme_weather,2,86,97
12/29/2025 23:00,86,0,Monday,12,0,0,random_or_none,1,rainy,0.648,260,0,0,0,0,0,0,0,normal,0,75,85
12/30/2025 0:00,75,1,Tuesday,12,0,0,random_or_none,0,sunny,0.019,260,0,0,0,0,0,0,0,normal,0,78,82
12/30/2025 1:00,78,1,Tuesday,12,0,0,random_or_none,1,rainy,0.372,260,0,0,0,0,0,0,0,normal,0,65,77
12/30/2025 2:00,65,1,Tuesday,12,0,0,random_or_none,2,cold,0.486,260,0,0,0,0,0,0,0,normal,0,64,75
12/30/2025 3:00,64,1,Tuesday,12,0,0,random_or_none,2,cold,0.664,260,0,0,0,0,0,0,0,normal,0,67,109
12/30/2025 4:00,67,1,Tuesday,12,0,0,random_or_none,0,sunny,0.162,260,0,0,0,0,0,0,0,normal,0,72,85
12/30/2025 5:00,72,1,Tuesday,12,0,0,random_or_none,1,rainy,1,260,0,0,0,0,0,0,0,extreme_weather,2,81,85
12/30/2025 6:00,81,1,Tuesday,12,0,0,random_or_none,2,cold,1,260,0,0,0,0,0,0,0,extreme_weather,2,82,78
12/30/2025 7:00,82,1,Tuesday,12,0,0,random_or_none,1,rainy,0.502,260,0,0,0,0,0,0,0,normal,0,88,79
12/30/2025 8:00,88,1,Tuesday,12,0,0,random_or_none,4,dusty,0.922,260,0,0,0,0,0,0,0,extreme_weather,2,83,84
12/30/2025 9:00,83,1,Tuesday,12,0,0,random_or_none,2,cold,0.221,260,0,0,0,0,0,0,0,normal,0,96,85
12/30/2025 10:00,96,1,Tuesday,12,0,0,random_or_none,2,cold,0.934,260,0,0,0,0,0,0,0,extreme_weather,2,100,95
12/30/2025 11:00,100,1,Tuesday,12,0,0,random_or_none,5,windy,0.864,260,0,0,0,0,0,0,0,extreme_weather,2,99,93
12/30/2025 12:00,99,1,Tuesday,12,0,0,random_or_none,2,cold,0.536,260,0,0,0,0,0,0,0,normal,0,105,100
12/30/2025 13:00,105,1,Tuesday,12,0,0,random_or_none,2,cold,0.545,260,0,0,0,0,0,0,0,normal,0,115,111
12/30/2025 14:00,115,1,Tuesday,12,0,0,random_or_none,1,rainy,1,260,0,0,0,0,0,0,0,extreme_weather,2,116,120
12/30/2025 15:00,116,1,Tuesday,12,0,0,random_or_none,2,cold,0.778,260,0,0,0,0,0,0,0,extreme_weather,2,113,111
12/30/2025 16:00,113,1,Tuesday,12,0,0,random_or_none,1,rainy,0.427,260,0,0,0,0,0,0,0,normal,0,108,111
12/30/2025 17:00,108,1,Tuesday,12,0,0,random_or_none,2,cold,0.68,260,0,0,0,0,0,0,0,normal,0,107,108
12/30/2025 18:00,107,1,Tuesday,12,0,0,random_or_none,0,sunny,0.191,260,0,0,0,0,0,0,0,normal,0,144,106
12/30/2025 19:00,144,1,Tuesday,12,0,0,random_or_none,1,rainy,0.999,260,0,1,79.92,0,0,0,0,emergency_spike,5,122,98
12/30/2025 20:00,122,1,Tuesday,12,0,0,random_or_none,1,rainy,0.243,260,0,0,0,0,0,0,0,normal,0,107,98
12/30/2025 21:00,107,1,Tuesday,12,0,0,random_or_none,2,cold,0.464,260,0,0,0,0,0,0,0,normal,0,97,88
12/30/2025 22:00,97,1,Tuesday,12,0,0,random_or_none,2,cold,0.613,260,0,0,0,0,0,0,0,normal,0,85,85
12/30/2025 23:00,85,1,Tuesday,12,0,0,random_or_none,2,cold,0.402,260,0,0,0,0,0,0,0,normal,0,82,81
12/31/2025 0:00,82,2,Wednesday,12,0,0,random_or_none,1,rainy,0.693,260,0,0,0,0,0,0,0,normal,0,77,73
12/31/2025 1:00,77,2,Wednesday,12,0,0,random_or_none,2,cold,0.961,260,0,0,0,0,0,0,0,extreme_weather,2,75,71
12/31/2025 2:00,75,2,Wednesday,12,0,0,random_or_none,1,rainy,0.491,260,0,0,0,0,0,0,0,normal,0,109,69
12/31/2025 3:00,109,2,Wednesday,12,0,0,random_or_none,2,cold,1,260,0,1,76.96,0,0,0,0,emergency_spike,5,85,95
12/31/2025 4:00,85,2,Wednesday,12,0,0,random_or_none,0,sunny,0.342,260,0,0,0,0,0,0,0,normal,0,85,80
12/31/2025 5:00,85,2,Wednesday,12,0,0,random_or_none,1,rainy,0.963,260,0,0,0,0,0,0,0,extreme_weather,2,78,77
12/31/2025 6:00,78,2,Wednesday,12,0,0,random_or_none,2,cold,0.599,260,0,0,0,0,0,0,0,normal,0,79,77
12/31/2025 7:00,79,2,Wednesday,12,0,0,random_or_none,0,sunny,0.093,260,0,0,0,0,0,0,0,normal,0,84,80
12/31/2025 8:00,84,2,Wednesday,12,0,0,random_or_none,1,rainy,0.696,260,0,0,0,0,0,0,0,normal,0,85,133
12/31/2025 9:00,85,2,Wednesday,12,0,0,random_or_none,2,cold,0.383,260,0,0,0,0,0,0,0,normal,0,95,110
12/31/2025 10:00,95,2,Wednesday,12,0,0,random_or_none,2,cold,0.874,260,0,0,0,0,0,0,0,extreme_weather,2,93,107
12/31/2025 11:00,93,2,Wednesday,12,0,0,random_or_none,2,cold,0.481,260,0,0,0,0,0,0,0,normal,0,100,104
12/31/2025 12:00,100,2,Wednesday,12,0,0,random_or_none,2,cold,0.583,260,0,0,0,0,0,0,0,normal,0,111,102
12/31/2025 13:00,111,2,Wednesday,12,0,0,random_or_none,1,rainy,0.96,260,0,0,0,0,0,0,0,extreme_weather,2,120,100
12/31/2025 14:00,120,2,Wednesday,12,0,0,random_or_none,1,rainy,0.772,260,0,0,0,0,0,0,0,extreme_weather,2,111,108
12/31/2025 15:00,111,2,Wednesday,12,0,0,random_or_none,5,windy,0.597,260,0,0,0,0,0,0,0,normal,0,111,111
12/31/2025 16:00,111,2,Wednesday,12,0,0,random_or_none,2,cold,0.63,260,0,0,0,0,0,0,0,normal,0,108,113
12/31/2025 17:00,108,2,Wednesday,12,0,0,random_or_none,3,hot,0.883,260,0,0,0,0,0,0,0,extreme_weather,2,106,112
12/31/2025 18:00,106,2,Wednesday,12,0,0,random_or_none,2,cold,0.837,260,0,0,0,0,0,0,0,extreme_weather,2,98,109
12/31/2025 19:00,98,2,Wednesday,12,0,0,random_or_none,0,sunny,0.273,260,0,0,0,0,0,0,0,normal,0,98,105
12/31/2025 20:00,98,2,Wednesday,12,0,0,random_or_none,1,rainy,0.267,260,0,0,0,0,0,0,0,normal,0,88,105
12/31/2025 21:00,88,2,Wednesday,12,0,0,random_or_none,0,sunny,0.242,260,0,0,0,0,0,0,0,normal,0,85,107
12/31/2025 22:00,85,2,Wednesday,12,0,0,random_or_none,5,windy,0.228,260,0,0,0,0,0,0,0,normal,0,81,97
12/31/2025 23:00,81,2,Wednesday,12,0,0,random_or_none,2,cold,0.844,260,0,0,0,0,0,0,0,extreme_weather,2,73,143
