datetime,patients,day_of_week,month,is_weekend,holiday,holiday,weather
2024-01-01 00:00:00,128,0,1,0,1,1,0
2024-01-01 01:00:00,121,0,1,0,1,1,0
2024-01-01 02:00:00,122,0,1,0,1,1,0
2024-01-01 03:00:00,121,0,1,0,1,1,0
2024-01-01 04:00:00,123,0,1,0,1,1,0
2024-01-01 05:00:00,129,0,1,0,1,1,0
2024-01-01 06:00:00,154,0,1,0,1,1,0
2024-01-01 07:00:00,154,0,1,0,1,1,0
2024-01-01 08:00:00,186,0,1,0,1,1,0
2024-01-01 09:00:00,201,0,1,0,1,1,0
2024-01-01 10:00:00,203,0,1,0,1,1,0
2024-01-01 11:00:00,210,0,1,0,1,1,0
2024-01-01 12:00:00,207,0,1,0,1,1,0
2024-01-01 13:00:00,185,0,1,0,1,1,0
2024-01-01 14:00:00,191,0,1,0,1,1,0
2024-01-01 15:00:00,180,0,1,0,1,1,0
2024-01-01 16:00:00,182,0,1,0,1,1,0
2024-01-01 17:00:00,172,0,1,0,1,1,0
2024-01-01 18:00:00,172,0,1,0,1,1,0
2024-01-01 19:00:00,173,0,1,0,1,1,0
2024-01-01 20:00:00,167,0,1,0,1,1,0
2024-01-01 21:00:00,154,0,1,0,1,1,0
2024-01-01 22:00:00,165,0,1,0,1,1,0
2024-01-01 23:00:00,161,0,1,0,1,1,0
2024-01-02 00:00:00,128,1,1,0,0,0,0
2024-01-02 01:00:00,130,1,1,0,0,0,0
2024-01-02 02:00:00,128,1,1,0,0,0,0
2024-01-02 03:00:00,130,1,1,0,0,0,0
2024-01-02 04:00:00,126,1,1,0,0,0,0
2024-01-02 05:00:00,125,1,1,0,0,0,0
2024-01-02 06:00:00,162,1,1,0,0,0,0
2024-01-02 07:00:00,152,1,1,0,0,0,0
2024-01-02 08:00:00,193,1,1,0,0,0,0
2024-01-02 09:00:00,200,1,1,0,0,0,0
2024-01-02 10:00:00,211,1,1,0,0,0,0
2024-01-02 11:00:00,202,1,1,0,0,0,0
2024-01-02 12:00:00,207,1,1,0,0,0,0
2024-01-02 13:00:00,192,1,1,0,0,0,0
2024-01-02 14:00:00,176,1,1,0,0,0,0
2024-01-02 15:00:00,188,1,1,0,0,0,0
2024-01-02 16:00:00,192,1,1,0,0,0,0
2024-01-02 17:00:00,172,1,1,0,0,0,0
2024-01-02 18:00:00,176,1,1,0,0,0,0
2024-01-02 19:00:00,171,1,1,0,0,0,0
2024-01-02 20:00:00,172,1,1,0,0,0,0
2024-01-02 21:00:00,162,1,1,0,0,0,0
2024-01-02 22:00:00,155,1,1,0,0,0,0
2024-01-02 23:00:00,155,1,1,0,0,0,0
2024-01-03 00:00:00,118,2,1,0,0,0,0
2024-01-03 01:00:00,119,2,1,0,0,0,0
2024-01-03 02:00:00,133,2,1,0,0,0,0
2024-01-03 03:00:00,121,2,1,0,0,0,0
2024-01-03 04:00:00,119,2,1,0,0,0,0
2024-01-03 05:00:00,126,2,1,0,0,0,0
2024-01-03 06:00:00,159,2,1,0,0,0,0
2024-01-03 07:00:00,148,2,1,0,0,0,0
2024-01-03 08:00:00,190,2,1,0,0,0,0
2024-01-03 09:00:00,202,2,1,0,0,0,0
2024-01-03 10:00:00,206,2,1,0,0,0,0
2024-01-03 11:00:00,202,2,1,0,0,0,0
2024-01-03 12:00:00,198,2,1,0,0,0,0
2024-01-03 13:00:00,182,2,1,0,0,0,0
2024-01-03 14:00:00,178,2,1,0,0,0,0
2024-01-03 15:00:00,187,2,1,0,0,0,0
2024-01-03 16:00:00,182,2,1,0,0,0,0
2024-01-03 17:00:00,173,2,1,0,0,0,0
2024-01-03 18:00:00,168,2,1,0,0,0,0
2024-01-03 19:00:00,179,2,1,0,0,0,0
2024-01-03 20:00:00,167,2,1,0,0,0,0
2024-01-03 21:00:00,145,2,1,0,0,0,0
2024-01-03 22:00:00,159,2,1,0,0,0,0
2024-01-03 23:00:00,155,2,1,0,0,0,0
2024-01-04 00:00:00,121,3,1,0,0,0,0
2024-01-04 01:00:00,121,3,1,0,0,0,0
2024-01-04 02:00:00,110,3,1,0,0,0,0
2024-01-04 03:00:00,116,3,1,0,0,0,0
2024-01-04 04:00:00,118,3,1,0,0,0,0
2024-01-04 05:00:00,119,3,1,0,0,0,0
2024-01-04 06:00:00,148,3,1,0,0,0,0
2024-01-04 07:00:00,144,3,1,0,0,0,0
2024-01-04 08:00:00,181,3,1,0,0,0,0
2024-01-04 09:00:00,187,3,1,0,0,0,0
2024-01-04 10:00:00,187,3,1,0,0,0,0
2024-01-04 11:00:00,198,3,1,0,0,0,0
2024-01-04 12:00:00,185,3,1,0,0,0,0
2024-01-04 13:00:00,179,3,1,0,0,0,0
2024-01-04 14:00:00,181,3,1,0,0,0,0
2024-01-04 15:00:00,183,3,1,0,0,0,0
2024-01-04 16:00:00,177,3,1,0,0,0,0
2024-01-04 17:00:00,165,3,1,0,0,0,0
2024-01-04 18:00:00,167,3,1,0,0,0,0
2024-01-04 19:00:00,165,3,1,0,0,0,0
2024-01-04 20:00:00,168,3,1,0,0,0,0
2024-01-04 21:00:00,152,3,1,0,0,0,0
2024-01-04 22:00:00,148,3,1,0,0,0,0
2024-01-04 23:00:00,151,3,1,0,0,0,0
2024-01-05 00:00:00,118,4,1,0,0,0,0
2024-01-05 01:00:00,117,4,1,0,0,0,0
2024-01-05 02:00:00,106,4,1,0,0,0,0
2024-01-05 03:00:00,113,4,1,0,0,0,0
2024-01-05 04:00:00,111,4,1,0,0,0,0
2024-01-05 05:00:00,114,4,1,0,0,0,0
2024-01-05 06:00:00,145,4,1,0,0,0,0
2024-01-05 07:00:00,142,4,1,0,0,0,0
2024-01-05 08:00:00,176,4,1,0,0,0,0
2024-01-05 09:00:00,187,4,1,0,0,0,0
2024-01-05 10:00:00,189,4,1,0,0,0,0
2024-01-05 11:00:00,191,4,1,0,0,0,0
2024-01-05 12:00:00,194,4,1,0,0,0,0
2024-01-05 13:00:00,173,4,1,0,0,0,0
2024-01-05 14:00:00,163,4,1,0,0,0,0
2024-01-05 15:00:00,173,4,1,0,0,0,0
2024-01-05 16:00:00,178,4,1,0,0,0,0
2024-01-05 17:00:00,161,4,1,0,0,0,0
2024-01-05 18:00:00,166,4,1,0,0,0,0
2024-01-05 19:00:00,161,4,1,0,0,0,0
2024-01-05 20:00:00,161,4,1,0,0,0,0
2024-01-05 21:00:00,145,4,1,0,0,0,0
2024-01-05 22:00:00,140,4,1,0,0,0,0
2024-01-05 23:00:00,155,4,1,0,0,0,0
2024-01-06 00:00:00,89,5,1,1,0,0,0
2024-01-06 01:00:00,92,5,1,1,0,0,0
2024-01-06 02:00:00,100,5,1,1,0,0,0
2024-01-06 03:00:00,99,5,1,1,0,0,0
2024-01-06 04:00:00,88,5,1,1,0,0,0
2024-01-06 05:00:00,91,5,1,1,0,0,0
2024-01-06 06:00:00,112,5,1,1,0,0,0
2024-01-06 07:00:00,109,5,1,1,0,0,0
2024-01-06 08:00:00,142,5,1,1,0,0,0
2024-01-06 09:00:00,145,5,1,1,0,0,0
2024-01-06 10:00:00,156,5,1,1,0,0,0
2024-01-06 11:00:00,154,5,1,1,0,0,0
2024-01-06 12:00:00,149,5,1,1,0,0,0
2024-01-06 13:00:00,135,5,1,1,0,0,0
2024-01-06 14:00:00,139,5,1,1,0,0,0
2024-01-06 15:00:00,132,5,1,1,0,0,0
2024-01-06 16:00:00,138,5,1,1,0,0,0
2024-01-06 17:00:00,122,5,1,1,0,0,0
2024-01-06 18:00:00,121,5,1,1,0,0,0
2024-01-06 19:00:00,133,5,1,1,0,0,0
2024-01-06 20:00:00,120,5,1,1,0,0,0
2024-01-06 21:00:00,109,5,1,1,0,0,0
2024-01-06 22:00:00,113,5,1,1,0,0,0
2024-01-06 23:00:00,109,5,1,1,0,0,0
2024-01-07 00:00:00,93,6,1,1,0,0,0
2024-01-07 01:00:00,102,6,1,1,0,0,0
2024-01-07 02:00:00,89,6,1,1,0,0,0
2024-01-07 03:00:00,99,6,1,1,0,0,0
2024-01-07 04:00:00,98,6,1,1,0,0,0
2024-01-07 05:00:00,98,6,1,1,0,0,0
2024-01-07 06:00:00,124,6,1,1,0,0,0
2024-01-07 07:00:00,131,6,1,1,0,0,0
2024-01-07 08:00:00,154,6,1,1,0,0,0
2024-01-07 09:00:00,158,6,1,1,0,0,0
2024-01-07 10:00:00,157,6,1,1,0,0,0
2024-01-07 11:00:00,162,6,1,1,0,0,0
2024-01-07 12:00:00,160,6,1,1,0,0,0
2024-01-07 13:00:00,151,6,1,1,0,0,0
2024-01-07 14:00:00,143,6,1,1,0,0,0
2024-01-07 15:00:00,146,6,1,1,0,0,0
2024-01-07 16:00:00,141,6,1,1,0,0,0
2024-01-07 17:00:00,144,6,1,1,0,0,0
2024-01-07 18:00:00,132,6,1,1,0,0,0
2024-01-07 19:00:00,136,6,1,1,0,0,0
2024-01-07 20:00:00,133,6,1,1,0,0,0
2024-01-07 21:00:00,119,6,1,1,0,0,0
2024-01-07 22:00:00,124,6,1,1,0,0,0
2024-01-07 23:00:00,120,6,1,1,0,0,0
2024-01-08 00:00:00,130,0,1,0,0,0,0
2024-01-08 01:00:00,133,0,1,0,0,0,0
2024-01-08 02:00:00,128,0,1,0,0,0,0
2024-01-08 03:00:00,129,0,1,0,0,0,0
2024-01-08 04:00:00,118,0,1,0,0,0,0
2024-01-08 05:00:00,122,0,1,0,0,0,0
2024-01-08 06:00:00,157,0,1,0,0,0,0
2024-01-08 07:00:00,160,0,1,0,0,0,0
2024-01-08 08:00:00,192,0,1,0,0,0,0
2024-01-08 09:00:00,199,0,1,0,0,0,0
2024-01-08 10:00:00,197,0,1,0,0,0,0
2024-01-08 11:00:00,200,0,1,0,0,0,0
2024-01-08 12:00:00,206,0,1,0,0,0,0
2024-01-08 13:00:00,185,0,1,0,0,0,0
2024-01-08 14:00:00,183,0,1,0,0,0,0
2024-01-08 15:00:00,181,0,1,0,0,0,0
2024-01-08 16:00:00,188,0,1,0,0,0,0
2024-01-08 17:00:00,163,0,1,0,0,0,0
2024-01-08 18:00:00,172,0,1,0,0,0,0
2024-01-08 19:00:00,170,0,1,0,0,0,0
2024-01-08 20:00:00,177,0,1,0,0,0,0
2024-01-08 21:00:00,164,0,1,0,0,0,0
2024-01-08 22:00:00,159,0,1,0,0,0,0
2024-01-08 23:00:00,152,0,1,0,0,0,0
2024-01-09 00:00:00,131,1,1,0,0,0,0
2024-01-09 01:00:00,132,1,1,0,0,0,0
2024-01-09 02:00:00,131,1,1,0,0,0,0
2024-01-09 03:00:00,124,1,1,0,0,0,0
2024-01-09 04:00:00,130,1,1,0,0,0,0
2024-01-09 05:00:00,128,1,1,0,0,0,0
2024-01-09 06:00:00,163,1,1,0,0,0,0
2024-01-09 07:00:00,156,1,1,0,0,0,0
2024-01-09 08:00:00,196,1,1,0,0,0,0
2024-01-09 09:00:00,207,1,1,0,0,0,0
2024-01-09 10:00:00,206,1,1,0,0,0,0
2024-01-09 11:00:00,207,1,1,0,0,0,0
2024-01-09 12:00:00,199,1,1,0,0,0,0
2024-01-09 13:00:00,184,1,1,0,0,0,0
2024-01-09 14:00:00,199,1,1,0,0,0,0
2024-01-09 15:00:00,182,1,1,0,0,0,0
2024-01-09 16:00:00,185,1,1,0,0,0,0
2024-01-09 17:00:00,169,1,1,0,0,0,0
2024-01-09 18:00:00,171,1,1,0,0,0,0
2024-01-09 19:00:00,175,1,1,0,0,0,0
2024-01-09 20:00:00,177,1,1,0,0,0,0
2024-01-09 21:00:00,158,1,1,0,0,0,0
2024-01-09 22:00:00,160,1,1,0,0,0,0
2024-01-09 23:00:00,156,1,1,0,0,0,0
2024-01-10 00:00:00,128,2,1,0,0,0,0
2024-01-10 01:00:00,125,2,1,0,0,0,0
2024-01-10 02:00:00,127,2,1,0,0,0,0
2024-01-10 03:00:00,126,2,1,0,0,0,0
2024-01-10 04:00:00,126,2,1,0,0,0,0
2024-01-10 05:00:00,130,2,1,0,0,0,0
2024-01-10 06:00:00,151,2,1,0,0,0,0
2024-01-10 07:00:00,152,2,1,0,0,0,0
2024-01-10 08:00:00,192,2,1,0,0,0,0
2024-01-10 09:00:00,201,2,1,0,0,0,0
2024-01-10 10:00:00,207,2,1,0,0,0,0
2024-01-10 11:00:00,197,2,1,0,0,0,0
2024-01-10 12:00:00,195,2,1,0,0,0,0
2024-01-10 13:00:00,178,2,1,0,0,0,0
2024-01-10 14:00:00,187,2,1,0,0,0,0
2024-01-10 15:00:00,185,2,1,0,0,0,0
2024-01-10 16:00:00,184,2,1,0,0,0,0
2024-01-10 17:00:00,173,2,1,0,0,0,0
2024-01-10 18:00:00,164,2,1,0,0,0,0
2024-01-10 19:00:00,173,2,1,0,0,0,0
2024-01-10 20:00:00,169,2,1,0,0,0,0
2024-01-10 21:00:00,155,2,1,0,0,0,0
2024-01-10 22:00:00,158,2,1,0,0,0,0
2024-01-10 23:00:00,153,2,1,0,0,0,0
2024-01-11 00:00:00,119,3,1,0,0,0,0
2024-01-11 01:00:00,117,3,1,0,0,0,0
2024-01-11 02:00:00,114,3,1,0,0,0,0
2024-01-11 03:00:00,122,3,1,0,0,0,0
2024-01-11 04:00:00,114,3,1,0,0,0,0
2024-01-11 05:00:00,124,3,1,0,0,0,0
2024-01-11 06:00:00,157,3,1,0,0,0,0
2024-01-11 07:00:00,143,3,1,0,0,0,0
2024-01-11 08:00:00,184,3,1,0,0,0,0
2024-01-11 09:00:00,195,3,1,0,0,0,0
2024-01-11 10:00:00,188,3,1,0,0,0,0
2024-01-11 11:00:00,189,3,1,0,0,0,0
2024-01-11 12:00:00,199,3,1,0,0,0,0
2024-01-11 13:00:00,179,3,1,0,0,0,0
2024-01-11 14:00:00,180,3,1,0,0,0,0
2024-01-11 15:00:00,169,3,1,0,0,0,0
2024-01-11 16:00:00,178,3,1,0,0,0,0
2024-01-11 17:00:00,157,3,1,0,0,0,0
2024-01-11 18:00:00,161,3,1,0,0,0,0
2024-01-11 19:00:00,163,3,1,0,0,0,0
2024-01-11 20:00:00,170,3,1,0,0,0,0
2024-01-11 21:00:00,143,3,1,0,0,0,0
2024-01-11 22:00:00,141,3,1,0,0,0,0
2024-01-11 23:00:00,153,3,1,0,0,0,0
2024-01-12 00:00:00,119,4,1,0,0,0,0
2024-01-12 01:00:00,125,4,1,0,0,0,0
2024-01-12 02:00:00,117,4,1,0,0,0,0
2024-01-12 03:00:00,111,4,1,0,0,0,0
2024-01-12 04:00:00,110,4,1,0,0,0,0
2024-01-12 05:00:00,115,4,1,0,0,0,0
2024-01-12 06:00:00,151,4,1,0,0,0,0
2024-01-12 07:00:00,144,4,1,0,0,0,0
2024-01-12 08:00:00,180,4,1,0,0,0,0
2024-01-12 09:00:00,190,4,1,0,0,0,0
2024-01-12 10:00:00,195,4,1,0,0,0,0
2024-01-12 11:00:00,193,4,1,0,0,0,0
2024-01-12 12:00:00,190,4,1,0,0,0,0
2024-01-12 13:00:00,168,4,1,0,0,0,0
2024-01-12 14:00:00,178,4,1,0,0,0,0
2024-01-12 15:00:00,171,4,1,0,0,0,0
2024-01-12 16:00:00,171,4,1,0,0,0,0
2024-01-12 17:00:00,160,4,1,0,0,0,0
2024-01-12 18:00:00,159,4,1,0,0,0,0
2024-01-12 19:00:00,161,4,1,0,0,0,0
2024-01-12 20:00:00,168,4,1,0,0,0,0
2024-01-12 21:00:00,143,4,1,0,0,0,0
2024-01-12 22:00:00,145,4,1,0,0,0,0
2024-01-12 23:00:00,148,4,1,0,0,0,0
2024-01-13 00:00:00,96,5,1,1,0,0,0
2024-01-13 01:00:00,92,5,1,1,0,0,0
2024-01-13 02:00:00,91,5,1,1,0,0,0
2024-01-13 03:00:00,92,5,1,1,0,0,0
2024-01-13 04:00:00,88,5,1,1,0,0,0
2024-01-13 05:00:00,95,5,1,1,0,0,0
2024-01-13 06:00:00,123,5,1,1,0,0,0
2024-01-13 07:00:00,115,5,1,1,0,0,0
2024-01-13 08:00:00,147,5,1,1,0,0,0
2024-01-13 09:00:00,153,5,1,1,0,0,0
2024-01-13 10:00:00,151,5,1,1,0,0,0
2024-01-13 11:00:00,148,5,1,1,0,0,0
2024-01-13 12:00:00,158,5,1,1,0,0,0
2024-01-13 13:00:00,131,5,1,1,0,0,0
2024-01-13 14:00:00,136,5,1,1,0,0,0
2024-01-13 15:00:00,133,5,1,1,0,0,0
2024-01-13 16:00:00,143,5,1,1,0,0,0
2024-01-13 17:00:00,123,5,1,1,0,0,0
2024-01-13 18:00:00,131,5,1,1,0,0,0
2024-01-13 19:00:00,125,5,1,1,0,0,0
2024-01-13 20:00:00,128,5,1,1,0,0,0
2024-01-13 21:00:00,125,5,1,1,0,0,0
2024-01-13 22:00:00,118,5,1,1,0,0,0
2024-01-13 23:00:00,115,5,1,1,0,0,0
2024-01-14 00:00:00,98,6,1,1,0,0,0
2024-01-14 01:00:00,99,6,1,1,0,0,0
2024-01-14 02:00:00,101,6,1,1,0,0,0
2024-01-14 03:00:00,96,6,1,1,0,0,0
2024-01-14 04:00:00,102,6,1,1,0,0,0
2024-01-14 05:00:00,94,6,1,1,0,0,0
2024-01-14 06:00:00,119,6,1,1,0,0,0
2024-01-14 07:00:00,117,6,1,1,0,0,0
2024-01-14 08:00:00,147,6,1,1,0,0,0
2024-01-14 09:00:00,156,6,1,1,0,0,0
2024-01-14 10:00:00,157,6,1,1,0,0,0
2024-01-14 11:00:00,154,6,1,1,0,0,0
2024-01-14 12:00:00,157,6,1,1,0,0,0
2024-01-14 13:00:00,144,6,1,1,0,0,0
2024-01-14 14:00:00,145,6,1,1,0,0,0
2024-01-14 15:00:00,139,6,1,1,0,0,0
2024-01-14 16:00:00,157,6,1,1,0,0,0
2024-01-14 17:00:00,127,6,1,1,0,0,0
2024-01-14 18:00:00,139,6,1,1,0,0,0
2024-01-14 19:00:00,127,6,1,1,0,0,0
2024-01-14 20:00:00,127,6,1,1,0,0,0
2024-01-14 21:00:00,123,6,1,1,0,0,0
2024-01-14 22:00:00,119,6,1,1,0,0,0
2024-01-14 23:00:00,119,6,1,1,0,0,0
2024-01-15 00:00:00,127,0,1,0,0,0,0
2024-01-15 01:00:00,127,0,1,0,0,0,0
2024-01-15 02:00:00,123,0,1,0,0,0,0
2024-01-15 03:00:00,124,0,1,0,0,0,0
2024-01-15 04:00:00,127,0,1,0,0,0,0
2024-01-15 05:00:00,121,0,1,0,0,0,0
2024-01-15 06:00:00,151,0,1,0,0,0,0
2024-01-15 07:00:00,155,0,1,0,0,0,0
2024-01-15 08:00:00,186,0,1,0,0,0,0
2024-01-15 09:00:00,205,0,1,0,0,0,0
2024-01-15 10:00:00,205,0,1,0,0,0,0
2024-01-15 11:00:00,203,0,1,0,0,0,0
2024-01-15 12:00:00,200,0,1,0,0,0,0
2024-01-15 13:00:00,184,0,1,0,0,0,0
2024-01-15 14:00:00,182,0,1,0,0,0,0
2024-01-15 15:00:00,189,0,1,0,0,0,0
2024-01-15 16:00:00,181,0,1,0,0,0,0
2024-01-15 17:00:00,174,0,1,0,0,0,0
2024-01-15 18:00:00,172,0,1,0,0,0,0
2024-01-15 19:00:00,170,0,1,0,0,0,0
2024-01-15 20:00:00,175,0,1,0,0,0,0
2024-01-15 21:00:00,153,0,1,0,0,0,0
2024-01-15 22:00:00,152,0,1,0,0,0,0
2024-01-15 23:00:00,154,0,1,0,0,0,0
2024-01-16 00:00:00,127,1,1,0,0,0,0
2024-01-16 01:00:00,130,1,1,0,0,0,0
2024-01-16 02:00:00,138,1,1,0,0,0,0
2024-01-16 03:00:00,128,1,1,0,0,0,0
2024-01-16 04:00:00,132,1,1,0,0,0,0
2024-01-16 05:00:00,129,1,1,0,0,0,0
2024-01-16 06:00:00,164,1,1,0,0,0,0
2024-01-16 07:00:00,160,1,1,0,0,0,0
2024-01-16 08:00:00,200,1,1,0,0,0,0
2024-01-16 09:00:00,206,1,1,0,0,0,0
2024-01-16 10:00:00,211,1,1,0,0,0,0
2024-01-16 11:00:00,203,1,1,0,0,0,0
2024-01-16 12:00:00,207,1,1,0,0,0,0
2024-01-16 13:00:00,185,1,1,0,0,0,0
2024-01-16 14:00:00,186,1,1,0,0,0,0
2024-01-16 15:00:00,188,1,1,0,0,0,0
2024-01-16 16:00:00,183,1,1,0,0,0,0
2024-01-16 17:00:00,177,1,1,0,0,0,0
2024-01-16 18:00:00,178,1,1,0,0,0,0
2024-01-16 19:00:00,171,1,1,0,0,0,0
2024-01-16 20:00:00,170,1,1,0,0,0,0
2024-01-16 21:00:00,160,1,1,0,0,0,0
2024-01-16 22:00:00,161,1,1,0,0,0,0
2024-01-16 23:00:00,155,1,1,0,0,0,0
2024-01-17 00:00:00,121,2,1,0,0,0,0
2024-01-17 01:00:00,126,2,1,0,0,0,0
2024-01-17 02:00:00,126,2,1,0,0,0,0
2024-01-17 03:00:00,120,2,1,0,0,0,0
2024-01-17 04:00:00,133,2,1,0,0,0,0
2024-01-17 05:00:00,125,2,1,0,0,0,0
2024-01-17 06:00:00,158,2,1,0,0,0,0
2024-01-17 07:00:00,156,2,1,0,0,0,0
2024-01-17 08:00:00,194,2,1,0,0,0,0
2024-01-17 09:00:00,199,2,1,0,0,0,0
2024-01-17 10:00:00,195,2,1,0,0,0,0
2024-01-17 11:00:00,199,2,1,0,0,0,0
2024-01-17 12:00:00,202,2,1,0,0,0,0
2024-01-17 13:00:00,185,2,1,0,0,0,0
2024-01-17 14:00:00,178,2,1,0,0,0,0
2024-01-17 15:00:00,179,2,1,0,0,0,0
2024-01-17 16:00:00,183,2,1,0,0,0,0
2024-01-17 17:00:00,173,2,1,0,0,0,0
2024-01-17 18:00:00,164,2,1,0,0,0,0
2024-01-17 19:00:00,165,2,1,0,0,0,0
2024-01-17 20:00:00,171,2,1,0,0,0,0
2024-01-17 21:00:00,150,2,1,0,0,0,0
2024-01-17 22:00:00,156,2,1,0,0,0,0
2024-01-17 23:00:00,155,2,1,0,0,0,0
2024-01-18 00:00:00,122,3,1,0,0,0,0
2024-01-18 01:00:00,115,3,1,0,0,0,0
2024-01-18 02:00:00,121,3,1,0,0,0,0
2024-01-18 03:00:00,119,3,1,0,0,0,0
2024-01-18 04:00:00,120,3,1,0,0,0,0
2024-01-18 05:00:00,120,3,1,0,0,0,0
2024-01-18 06:00:00,149,3,1,0,0,0,0
2024-01-18 07:00:00,152,3,1,0,0,0,0
2024-01-18 08:00:00,186,3,1,0,0,0,0
2024-01-18 09:00:00,201,3,1,0,0,0,0
2024-01-18 10:00:00,194,3,1,0,0,0,0
2024-01-18 11:00:00,197,3,1,0,0,0,0
2024-01-18 12:00:00,193,3,1,0,0,0,0
2024-01-18 13:00:00,178,3,1,0,0,0,0
2024-01-18 14:00:00,182,3,1,0,0,0,0
2024-01-18 15:00:00,176,3,1,0,0,0,0
2024-01-18 16:00:00,174,3,1,0,0,0,0
2024-01-18 17:00:00,163,3,1,0,0,0,0
2024-01-18 18:00:00,164,3,1,0,0,0,0
2024-01-18 19:00:00,169,3,1,0,0,0,0
2024-01-18 20:00:00,165,3,1,0,0,0,0
2024-01-18 21:00:00,151,3,1,0,0,0,0
2024-01-18 22:00:00,147,3,1,0,0,0,0
2024-01-18 23:00:00,143,3,1,0,0,0,0
2024-01-19 00:00:00,112,4,1,0,0,0,0
2024-01-19 01:00:00,121,4,1,0,0,0,0
2024-01-19 02:00:00,113,4,1,0,0,0,0
2024-01-19 03:00:00,115,4,1,0,0,0,0
2024-01-19 04:00:00,120,4,1,0,0,0,0
2024-01-19 05:00:00,110,4,1,0,0,0,0
2024-01-19 06:00:00,149,4,1,0,0,0,0
2024-01-19 07:00:00,145,4,1,0,0,0,0
2024-01-19 08:00:00,180,4,1,0,0,0,0
2024-01-19 09:00:00,191,4,1,0,0,0,0
2024-01-19 10:00:00,191,4,1,0,0,0,0
2024-01-19 11:00:00,190,4,1,0,0,0,0
2024-01-19 12:00:00,195,4,1,0,0,0,0
2024-01-19 13:00:00,167,4,1,0,0,0,0
2024-01-19 14:00:00,176,4,1,0,0,0,0
2024-01-19 15:00:00,173,4,1,0,0,0,0
2024-01-19 16:00:00,177,4,1,0,0,0,0
2024-01-19 17:00:00,160,4,1,0,0,0,0
2024-01-19 18:00:00,161,4,1,0,0,0,0
2024-01-19 19:00:00,159,4,1,0,0,0,0
2024-01-19 20:00:00,154,4,1,0,0,0,0
2024-01-19 21:00:00,140,4,1,0,0,0,0
2024-01-19 22:00:00,146,4,1,0,0,0,0
2024-01-19 23:00:00,146,4,1,0,0,0,0
2024-01-20 00:00:00,91,5,1,1,0,0,0
2024-01-20 01:00:00,90,5,1,1,0,0,0
2024-01-20 02:00:00,90,5,1,1,0,0,0
2024-01-20 03:00:00,92,5,1,1,0,0,0
2024-01-20 04:00:00,92,5,1,1,0,0,0
2024-01-20 05:00:00,92,5,1,1,0,0,0
2024-01-20 06:00:00,120,5,1,1,0,0,0
2024-01-20 07:00:00,117,5,1,1,0,0,0
2024-01-20 08:00:00,147,5,1,1,0,0,0
2024-01-20 09:00:00,152,5,1,1,0,0,0
2024-01-20 10:00:00,152,5,1,1,0,0,0
2024-01-20 11:00:00,157,5,1,1,0,0,0
2024-01-20 12:00:00,150,5,1,1,0,0,0
2024-01-20 13:00:00,131,5,1,1,0,0,0
2024-01-20 14:00:00,137,5,1,1,0,0,0
2024-01-20 15:00:00,137,5,1,1,0,0,0
2024-01-20 16:00:00,143,5,1,1,0,0,0
2024-01-20 17:00:00,129,5,1,1,0,0,0
2024-01-20 18:00:00,127,5,1,1,0,0,0
2024-01-20 19:00:00,126,5,1,1,0,0,0
2024-01-20 20:00:00,129,5,1,1,0,0,0
2024-01-20 21:00:00,112,5,1,1,0,0,0
2024-01-20 22:00:00,119,5,1,1,0,0,0
2024-01-20 23:00:00,120,5,1,1,0,0,0
2024-01-21 00:00:00,98,6,1,1,0,0,0
2024-01-21 01:00:00,95,6,1,1,0,0,0
2024-01-21 02:00:00,97,6,1,1,0,0,0
2024-01-21 03:00:00,93,6,1,1,0,0,0
2024-01-21 04:00:00,102,6,1,1,0,0,0
2024-01-21 05:00:00,97,6,1,1,0,0,0
2024-01-21 06:00:00,124,6,1,1,0,0,0
2024-01-21 07:00:00,122,6,1,1,0,0,0
2024-01-21 08:00:00,150,6,1,1,0,0,0
2024-01-21 09:00:00,155,6,1,1,0,0,0
2024-01-21 10:00:00,157,6,1,1,0,0,0
2024-01-21 11:00:00,157,6,1,1,0,0,0
2024-01-21 12:00:00,164,6,1,1,0,0,0
2024-01-21 13:00:00,140,6,1,1,0,0,0
2024-01-21 14:00:00,144,6,1,1,0,0,0
2024-01-21 15:00:00,148,6,1,1,0,0,0
2024-01-21 16:00:00,144,6,1,1,0,0,0
2024-01-21 17:00:00,138,6,1,1,0,0,0
2024-01-21 18:00:00,138,6,1,1,0,0,0
2024-01-21 19:00:00,137,6,1,1,0,0,0
2024-01-21 20:00:00,129,6,1,1,0,0,0
2024-01-21 21:00:00,126,6,1,1,0,0,0
2024-01-21 22:00:00,127,6,1,1,0,0,0
2024-01-21 23:00:00,128,6,1,1,0,0,0
2024-01-22 00:00:00,128,0,1,0,0,0,0
2024-01-22 01:00:00,123,0,1,0,0,0,0
2024-01-22 02:00:00,131,0,1,0,0,0,0
2024-01-22 03:00:00,134,0,1,0,0,0,0
2024-01-22 04:00:00,131,0,1,0,0,0,0
2024-01-22 05:00:00,128,0,1,0,0,0,0
2024-01-22 06:00:00,152,0,1,0,0,0,0
2024-01-22 07:00:00,152,0,1,0,0,0,0
2024-01-22 08:00:00,189,0,1,0,0,0,0
2024-01-22 09:00:00,202,0,1,0,0,0,0
2024-01-22 10:00:00,195,0,1,0,0,0,0
2024-01-22 11:00:00,200,0,1,0,0,0,0
2024-01-22 12:00:00,208,0,1,0,0,0,0
2024-01-22 13:00:00,197,0,1,0,0,0,0
2024-01-22 14:00:00,181,0,1,0,0,0,0
2024-01-22 15:00:00,188,0,1,0,0,0,0
2024-01-22 16:00:00,189,0,1,0,0,0,0
2024-01-22 17:00:00,173,0,1,0,0,0,0
2024-01-22 18:00:00,168,0,1,0,0,0,0
2024-01-22 19:00:00,174,0,1,0,0,0,0
2024-01-22 20:00:00,178,0,1,0,0,0,0
2024-01-22 21:00:00,156,0,1,0,0,0,0
2024-01-22 22:00:00,159,0,1,0,0,0,0
2024-01-22 23:00:00,157,0,1,0,0,0,0
2024-01-23 00:00:00,135,1,1,0,0,0,0
2024-01-23 01:00:00,134,1,1,0,0,0,0
2024-01-23 02:00:00,129,1,1,0,0,0,0
2024-01-23 03:00:00,125,1,1,0,0,0,0
2024-01-23 04:00:00,126,1,1,0,0,0,0
2024-01-23 05:00:00,129,1,1,0,0,0,0
2024-01-23 06:00:00,162,1,1,0,0,0,0
2024-01-23 07:00:00,159,1,1,0,0,0,0
2024-01-23 08:00:00,197,1,1,0,0,0,0
2024-01-23 09:00:00,201,1,1,0,0,0,0
2024-01-23 10:00:00,201,1,1,0,0,0,0
2024-01-23 11:00:00,203,1,1,0,0,0,0
2024-01-23 12:00:00,204,1,1,0,0,0,0
2024-01-23 13:00:00,189,1,1,0,0,0,0
2024-01-23 14:00:00,190,1,1,0,0,0,0
2024-01-23 15:00:00,189,1,1,0,0,0,0
2024-01-23 16:00:00,184,1,1,0,0,0,0
2024-01-23 17:00:00,177,1,1,0,0,0,0
2024-01-23 18:00:00,173,1,1,0,0,0,0
2024-01-23 19:00:00,177,1,1,0,0,0,0
2024-01-23 20:00:00,176,1,1,0,0,0,0
2024-01-23 21:00:00,159,1,1,0,0,0,0
2024-01-23 22:00:00,163,1,1,0,0,0,0
2024-01-23 23:00:00,158,1,1,0,0,0,0
2024-01-24 00:00:00,133,2,1,0,0,0,0
2024-01-24 01:00:00,123,2,1,0,0,0,0
2024-01-24 02:00:00,122,2,1,0,0,0,0
2024-01-24 03:00:00,119,2,1,0,0,0,0
2024-01-24 04:00:00,118,2,1,0,0,0,0
2024-01-24 05:00:00,122,2,1,0,0,0,0
2024-01-24 06:00:00,157,2,1,0,0,0,0
2024-01-24 07:00:00,143,2,1,0,0,0,0
2024-01-24 08:00:00,186,2,1,0,0,0,0
2024-01-24 09:00:00,204,2,1,0,0,0,0
2024-01-24 10:00:00,200,2,1,0,0,0,0
2024-01-24 11:00:00,208,2,1,0,0,0,0
2024-01-24 12:00:00,202,2,1,0,0,0,0
2024-01-24 13:00:00,186,2,1,0,0,0,0
2024-01-24 14:00:00,185,2,1,0,0,0,0
2024-01-24 15:00:00,187,2,1,0,0,0,0
2024-01-24 16:00:00,180,2,1,0,0,0,0
2024-01-24 17:00:00,173,2,1,0,0,0,0
2024-01-24 18:00:00,166,2,1,0,0,0,0
2024-01-24 19:00:00,167,2,1,0,0,0,0
2024-01-24 20:00:00,168,2,1,0,0,0,0
2024-01-24 21:00:00,157,2,1,0,0,0,0
2024-01-24 22:00:00,149,2,1,0,0,0,0
2024-01-24 23:00:00,162,2,1,0,0,0,0
2024-01-25 00:00:00,119,3,1,0,0,0,0
2024-01-25 01:00:00,122,3,1,0,0,0,0
2024-01-25 02:00:00,115,3,1,0,0,0,0
2024-01-25 03:00:00,124,3,1,0,0,0,0
2024-01-25 04:00:00,121,3,1,0,0,0,0
2024-01-25 05:00:00,117,3,1,0,0,0,0
2024-01-25 06:00:00,149,3,1,0,0,0,0
2024-01-25 07:00:00,146,3,1,0,0,0,0
2024-01-25 08:00:00,185,3,1,0,0,0,0
2024-01-25 09:00:00,196,3,1,0,0,0,0
2024-01-25 10:00:00,192,3,1,0,0,0,0
2024-01-25 11:00:00,193,3,1,0,0,0,0
2024-01-25 12:00:00,189,3,1,0,0,0,0
2024-01-25 13:00:00,180,3,1,0,0,0,0
2024-01-25 14:00:00,178,3,1,0,0,0,0
2024-01-25 15:00:00,180,3,1,0,0,0,0
2024-01-25 16:00:00,180,3,1,0,0,0,0
2024-01-25 17:00:00,151,3,1,0,0,0,0
2024-01-25 18:00:00,161,3,1,0,0,0,0
2024-01-25 19:00:00,166,3,1,0,0,0,0
2024-01-25 20:00:00,168,3,1,0,0,0,0
2024-01-25 21:00:00,155,3,1,0,0,0,0
2024-01-25 22:00:00,154,3,1,0,0,0,0
2024-01-25 23:00:00,150,3,1,0,0,0,0
2024-01-26 00:00:00,116,4,1,0,0,0,0
2024-01-26 01:00:00,117,4,1,0,0,0,0
2024-01-26 02:00:00,113,4,1,0,0,0,0
2024-01-26 03:00:00,112,4,1,0,0,0,0
2024-01-26 04:00:00,120,4,1,0,0,0,0
2024-01-26 05:00:00,116,4,1,0,0,0,0
2024-01-26 06:00:00,143,4,1,0,0,0,0
2024-01-26 07:00:00,146,4,1,0,0,0,0
2024-01-26 08:00:00,180,4,1,0,0,0,0
2024-01-26 09:00:00,197,4,1,0,0,0,0
2024-01-26 10:00:00,195,4,1,0,0,0,0
2024-01-26 11:00:00,190,4,1,0,0,0,0
2024-01-26 12:00:00,183,4,1,0,0,0,0
2024-01-26 13:00:00,178,4,1,0,0,0,0
2024-01-26 14:00:00,179,4,1,0,0,0,0
2024-01-26 15:00:00,179,4,1,0,0,0,0
2024-01-26 16:00:00,171,4,1,0,0,0,0
2024-01-26 17:00:00,169,4,1,0,0,0,0
2024-01-26 18:00:00,163,4,1,0,0,0,0
2024-01-26 19:00:00,158,4,1,0,0,0,0
2024-01-26 20:00:00,163,4,1,0,0,0,0
2024-01-26 21:00:00,141,4,1,0,0,0,0
2024-01-26 22:00:00,148,4,1,0,0,0,0
2024-01-26 23:00:00,147,4,1,0,0,0,0
2024-01-27 00:00:00,93,5,1,1,0,0,0
2024-01-27 01:00:00,96,5,1,1,0,0,0
2024-01-27 02:00:00,88,5,1,1,0,0,0
2024-01-27 03:00:00,93,5,1,1,0,0,0
2024-01-27 04:00:00,91,5,1,1,0,0,0
2024-01-27 05:00:00,88,5,1,1,0,0,0
2024-01-27 06:00:00,115,5,1,1,0,0,0
2024-01-27 07:00:00,114,5,1,1,0,0,0
2024-01-27 08:00:00,144,5,1,1,0,0,0
2024-01-27 09:00:00,148,5,1,1,0,0,0
2024-01-27 10:00:00,146,5,1,1,0,0,0
2024-01-27 11:00:00,150,5,1,1,0,0,0
2024-01-27 12:00:00,158,5,1,1,0,0,0
2024-01-27 13:00:00,135,5,1,1,0,0,0
2024-01-27 14:00:00,137,5,1,1,0,0,0
2024-01-27 15:00:00,133,5,1,1,0,0,0
2024-01-27 16:00:00,139,5,1,1,0,0,0
2024-01-27 17:00:00,125,5,1,1,0,0,0
2024-01-27 18:00:00,132,5,1,1,0,0,0
2024-01-27 19:00:00,124,5,1,1,0,0,0
2024-01-27 20:00:00,133,5,1,1,0,0,0
2024-01-27 21:00:00,120,5,1,1,0,0,0
2024-01-27 22:00:00,119,5,1,1,0,0,0
2024-01-27 23:00:00,115,5,1,1,0,0,0
2024-01-28 00:00:00,100,6,1,1,0,0,0
2024-01-28 01:00:00,91,6,1,1,0,0,0
2024-01-28 02:00:00,88,6,1,1,0,0,0
2024-01-28 03:00:00,100,6,1,1,0,0,0
2024-01-28 04:00:00,99,6,1,1,0,0,0
2024-01-28 05:00:00,91,6,1,1,0,0,0
2024-01-28 06:00:00,122,6,1,1,0,0,0
2024-01-28 07:00:00,120,6,1,1,0,0,0
2024-01-28 08:00:00,147,6,1,1,0,0,0
2024-01-28 09:00:00,157,6,1,1,0,0,0
2024-01-28 10:00:00,161,6,1,1,0,0,0
2024-01-28 11:00:00,157,6,1,1,0,0,0
2024-01-28 12:00:00,166,6,1,1,0,0,0
2024-01-28 13:00:00,136,6,1,1,0,0,0
2024-01-28 14:00:00,142,6,1,1,0,0,0
2024-01-28 15:00:00,139,6,1,1,0,0,0
2024-01-28 16:00:00,143,6,1,1,0,0,0
2024-01-28 17:00:00,135,6,1,1,0,0,0
2024-01-28 18:00:00,130,6,1,1,0,0,0
2024-01-28 19:00:00,135,6,1,1,0,0,0
2024-01-28 20:00:00,137,6,1,1,0,0,0
2024-01-28 21:00:00,126,6,1,1,0,0,0
2024-01-28 22:00:00,122,6,1,1,0,0,0
2024-01-28 23:00:00,121,6,1,1,0,0,0
2024-01-29 00:00:00,128,0,1,0,0,0,0
2024-01-29 01:00:00,125,0,1,0,0,0,0
2024-01-29 02:00:00,124,0,1,0,0,0,0
2024-01-29 03:00:00,123,0,1,0,0,0,0
2024-01-29 04:00:00,131,0,1,0,0,0,0
2024-01-29 05:00:00,130,0,1,0,0,0,0
2024-01-29 06:00:00,157,0,1,0,0,0,0
2024-01-29 07:00:00,158,0,1,0,0,0,0
2024-01-29 08:00:00,192,0,1,0,0,0,0
2024-01-29 09:00:00,204,0,1,0,0,0,0
2024-01-29 10:00:00,203,0,1,0,0,0,0
2024-01-29 11:00:00,195,0,1,0,0,0,0
2024-01-29 12:00:00,195,0,1,0,0,0,0
2024-01-29 13:00:00,189,0,1,0,0,0,0
2024-01-29 14:00:00,187,0,1,0,0,0,0
2024-01-29 15:00:00,177,0,1,0,0,0,0
2024-01-29 16:00:00,187,0,1,0,0,0,0
2024-01-29 17:00:00,172,0,1,0,0,0,0
2024-01-29 18:00:00,176,0,1,0,0,0,0
2024-01-29 19:00:00,172,0,1,0,0,0,0
2024-01-29 20:00:00,166,0,1,0,0,0,0
2024-01-29 21:00:00,164,0,1,0,0,0,0
2024-01-29 22:00:00,154,0,1,0,0,0,0
2024-01-29 23:00:00,153,0,1,0,0,0,0
2024-01-30 00:00:00,128,1,1,0,0,0,0
2024-01-30 01:00:00,123,1,1,0,0,0,0
2024-01-30 02:00:00,128,1,1,0,0,0,0
2024-01-30 03:00:00,124,1,1,0,0,0,0
2024-01-30 04:00:00,131,1,1,0,0,0,0
2024-01-30 05:00:00,122,1,1,0,0,0,0
2024-01-30 06:00:00,164,1,1,0,0,0,0
2024-01-30 07:00:00,156,1,1,0,0,0,0
2024-01-30 08:00:00,196,1,1,0,0,0,0
2024-01-30 09:00:00,200,1,1,0,0,0,0
2024-01-30 10:00:00,196,1,1,0,0,0,0
2024-01-30 11:00:00,203,1,1,0,0,0,0
2024-01-30 12:00:00,210,1,1,0,0,0,0
2024-01-30 13:00:00,186,1,1,0,0,0,0
2024-01-30 14:00:00,185,1,1,0,0,0,0
2024-01-30 15:00:00,191,1,1,0,0,0,0
2024-01-30 16:00:00,186,1,1,0,0,0,0
2024-01-30 17:00:00,176,1,1,0,0,0,0
2024-01-30 18:00:00,173,1,1,0,0,0,0
2024-01-30 19:00:00,174,1,1,0,0,0,0
2024-01-30 20:00:00,170,1,1,0,0,0,0
2024-01-30 21:00:00,163,1,1,0,0,0,0
2024-01-30 22:00:00,154,1,1,0,0,0,0
2024-01-30 23:00:00,154,1,1,0,0,0,0
2024-01-31 00:00:00,125,2,1,0,0,0,0
2024-01-31 01:00:00,121,2,1,0,0,0,0
2024-01-31 02:00:00,124,2,1,0,0,0,0
2024-01-31 03:00:00,126,2,1,0,0,0,0
2024-01-31 04:00:00,128,2,1,0,0,0,0
2024-01-31 05:00:00,118,2,1,0,0,0,0
2024-01-31 06:00:00,162,2,1,0,0,0,0
2024-01-31 07:00:00,160,2,1,0,0,0,0
2024-01-31 08:00:00,194,2,1,0,0,0,0
2024-01-31 09:00:00,203,2,1,0,0,0,0
2024-01-31 10:00:00,193,2,1,0,0,0,0
2024-01-31 11:00:00,204,2,1,0,0,0,0
2024-01-31 12:00:00,198,2,1,0,0,0,0
2024-01-31 13:00:00,186,2,1,0,0,0,0
2024-01-31 14:00:00,183,2,1,0,0,0,0
2024-01-31 15:00:00,179,2,1,0,0,0,0
2024-01-31 16:00:00,183,2,1,0,0,0,0
2024-01-31 17:00:00,163,2,1,0,0,0,0
2024-01-31 18:00:00,169,2,1,0,0,0,0
2024-01-31 19:00:00,166,2,1,0,0,0,0
2024-01-31 20:00:00,172,2,1,0,0,0,0
2024-01-31 21:00:00,158,2,1,0,0,0,0
2024-01-31 22:00:00,154,2,1,0,0,0,0
2024-01-31 23:00:00,152,2,1,0,0,0,0
2024-02-01 00:00:00,120,3,2,0,0,0,0
2024-02-01 01:00:00,122,3,2,0,0,0,0
2024-02-01 02:00:00,117,3,2,0,0,0,0
2024-02-01 03:00:00,121,3,2,0,0,0,0
2024-02-01 04:00:00,123,3,2,0,0,0,0
2024-02-01 05:00:00,120,3,2,0,0,0,0
2024-02-01 06:00:00,147,3,2,0,0,0,0
2024-02-01 07:00:00,143,3,2,0,0,0,0
2024-02-01 08:00:00,182,3,2,0,0,0,0
2024-02-01 09:00:00,189,3,2,0,0,0,0
2024-02-01 10:00:00,196,3,2,0,0,0,0
2024-02-01 11:00:00,186,3,2,0,0,0,0
2024-02-01 12:00:00,197,3,2,0,0,0,0
2024-02-01 13:00:00,170,3,2,0,0,0,0
2024-02-01 14:00:00,175,3,2,0,0,0,0
2024-02-01 15:00:00,170,3,2,0,0,0,0
2024-02-01 16:00:00,168,3,2,0,0,0,0
2024-02-01 17:00:00,169,3,2,0,0,0,0
2024-02-01 18:00:00,165,3,2,0,0,0,0
2024-02-01 19:00:00,163,3,2,0,0,0,0
2024-02-01 20:00:00,160,3,2,0,0,0,0
2024-02-01 21:00:00,151,3,2,0,0,0,0
2024-02-01 22:00:00,145,3,2,0,0,0,0
2024-02-01 23:00:00,147,3,2,0,0,0,0
2024-02-02 00:00:00,116,4,2,0,0,0,0
2024-02-02 01:00:00,116,4,2,0,0,0,0
2024-02-02 02:00:00,113,4,2,0,0,0,0
2024-02-02 03:00:00,117,4,2,0,0,0,0
2024-02-02 04:00:00,115,4,2,0,0,0,0
2024-02-02 05:00:00,107,4,2,0,0,0,0
2024-02-02 06:00:00,141,4,2,0,0,0,0
2024-02-02 07:00:00,140,4,2,0,0,0,0
2024-02-02 08:00:00,173,4,2,0,0,0,0
2024-02-02 09:00:00,190,4,2,0,0,0,0
2024-02-02 10:00:00,193,4,2,0,0,0,0
2024-02-02 11:00:00,184,4,2,0,0,0,0
2024-02-02 12:00:00,195,4,2,0,0,0,0
2024-02-02 13:00:00,173,4,2,0,0,0,0
2024-02-02 14:00:00,174,4,2,0,0,0,0
2024-02-02 15:00:00,169,4,2,0,0,0,0
2024-02-02 16:00:00,176,4,2,0,0,0,0
2024-02-02 17:00:00,161,4,2,0,0,0,0
2024-02-02 18:00:00,161,4,2,0,0,0,0
2024-02-02 19:00:00,157,4,2,0,0,0,0
2024-02-02 20:00:00,162,4,2,0,0,0,0
2024-02-02 21:00:00,143,4,2,0,0,0,0
2024-02-02 22:00:00,138,4,2,0,0,0,0
2024-02-02 23:00:00,143,4,2,0,0,0,0
2024-02-03 00:00:00,91,5,2,1,0,0,0
2024-02-03 01:00:00,93,5,2,1,0,0,0
2024-02-03 02:00:00,95,5,2,1,0,0,0
2024-02-03 03:00:00,91,5,2,1,0,0,0
2024-02-03 04:00:00,90,5,2,1,0,0,0
2024-02-03 05:00:00,88,5,2,1,0,0,0
2024-02-03 06:00:00,121,5,2,1,0,0,0
2024-02-03 07:00:00,117,5,2,1,0,0,0
2024-02-03 08:00:00,146,5,2,1,0,0,0
2024-02-03 09:00:00,150,5,2,1,0,0,0
2024-02-03 10:00:00,153,5,2,1,0,0,0
2024-02-03 11:00:00,151,5,2,1,0,0,0
2024-02-03 12:00:00,145,5,2,1,0,0,0
2024-02-03 13:00:00,136,5,2,1,0,0,0
2024-02-03 14:00:00,139,5,2,1,0,0,0
2024-02-03 15:00:00,134,5,2,1,0,0,0
2024-02-03 16:00:00,135,5,2,1,0,0,0
2024-02-03 17:00:00,128,5,2,1,0,0,0
2024-02-03 18:00:00,129,5,2,1,0,0,0
2024-02-03 19:00:00,126,5,2,1,0,0,0
2024-02-03 20:00:00,127,5,2,1,0,0,0
2024-02-03 21:00:00,112,5,2,1,0,0,0
2024-02-03 22:00:00,121,5,2,1,0,0,0
2024-02-03 23:00:00,112,5,2,1,0,0,0
2024-02-04 00:00:00,94,6,2,1,0,0,0
2024-02-04 01:00:00,98,6,2,1,0,0,0
2024-02-04 02:00:00,94,6,2,1,0,0,0
2024-02-04 03:00:00,95,6,2,1,0,0,0
2024-02-04 04:00:00,90,6,2,1,0,0,0
2024-02-04 05:00:00,91,6,2,1,0,0,0
2024-02-04 06:00:00,118,6,2,1,0,0,0
2024-02-04 07:00:00,134,6,2,1,0,0,0
2024-02-04 08:00:00,151,6,2,1,0,0,0
2024-02-04 09:00:00,157,6,2,1,0,0,0
2024-02-04 10:00:00,160,6,2,1,0,0,0
2024-02-04 11:00:00,158,6,2,1,0,0,0
2024-02-04 12:00:00,160,6,2,1,0,0,0
2024-02-04 13:00:00,146,6,2,1,0,0,0
2024-02-04 14:00:00,140,6,2,1,0,0,0
2024-02-04 15:00:00,143,6,2,1,0,0,0
2024-02-04 16:00:00,139,6,2,1,0,0,0
2024-02-04 17:00:00,132,6,2,1,0,0,0
2024-02-04 18:00:00,137,6,2,1,0,0,0
2024-02-04 19:00:00,123,6,2,1,0,0,0
2024-02-04 20:00:00,138,6,2,1,0,0,0
2024-02-04 21:00:00,115,6,2,1,0,0,0
2024-02-04 22:00:00,122,6,2,1,0,0,0
2024-02-04 23:00:00,122,6,2,1,0,0,0
2024-02-05 00:00:00,131,0,2,0,0,0,0
2024-02-05 01:00:00,124,0,2,0,0,0,0
2024-02-05 02:00:00,132,0,2,0,0,0,0
2024-02-05 03:00:00,129,0,2,0,0,0,0
2024-02-05 04:00:00,129,0,2,0,0,0,0
2024-02-05 05:00:00,121,0,2,0,0,0,0
2024-02-05 06:00:00,158,0,2,0,0,0,0
2024-02-05 07:00:00,152,0,2,0,0,0,0
2024-02-05 08:00:00,189,0,2,0,0,0,0
2024-02-05 09:00:00,208,0,2,0,0,0,0
2024-02-05 10:00:00,206,0,2,0,0,0,0
2024-02-05 11:00:00,199,0,2,0,0,0,0
2024-02-05 12:00:00,202,0,2,0,0,0,0
2024-02-05 13:00:00,189,0,2,0,0,0,0
2024-02-05 14:00:00,180,0,2,0,0,0,0
2024-02-05 15:00:00,191,0,2,0,0,0,0
2024-02-05 16:00:00,187,0,2,0,0,0,0
2024-02-05 17:00:00,177,0,2,0,0,0,0
2024-02-05 18:00:00,170,0,2,0,0,0,0
2024-02-05 19:00:00,178,0,2,0,0,0,0
2024-02-05 20:00:00,168,0,2,0,0,0,0
2024-02-05 21:00:00,152,0,2,0,0,0,0
2024-02-05 22:00:00,147,0,2,0,0,0,0
2024-02-05 23:00:00,156,0,2,0,0,0,0
2024-02-06 00:00:00,133,1,2,0,0,0,0
2024-02-06 01:00:00,118,1,2,0,0,0,0
2024-02-06 02:00:00,128,1,2,0,0,0,0
2024-02-06 03:00:00,124,1,2,0,0,0,0
2024-02-06 04:00:00,135,1,2,0,0,0,0
2024-02-06 05:00:00,121,1,2,0,0,0,0
2024-02-06 06:00:00,165,1,2,0,0,0,0
2024-02-06 07:00:00,158,1,2,0,0,0,0
2024-02-06 08:00:00,196,1,2,0,0,0,0
2024-02-06 09:00:00,199,1,2,0,0,0,0
2024-02-06 10:00:00,205,1,2,0,0,0,0
2024-02-06 11:00:00,206,1,2,0,0,0,0
2024-02-06 12:00:00,209,1,2,0,0,0,0
2024-02-06 13:00:00,188,1,2,0,0,0,0
2024-02-06 14:00:00,182,1,2,0,0,0,0
2024-02-06 15:00:00,187,1,2,0,0,0,0
2024-02-06 16:00:00,192,1,2,0,0,0,0
2024-02-06 17:00:00,172,1,2,0,0,0,0
2024-02-06 18:00:00,169,1,2,0,0,0,0
2024-02-06 19:00:00,180,1,2,0,0,0,0
2024-02-06 20:00:00,174,1,2,0,0,0,0
2024-02-06 21:00:00,165,1,2,0,0,0,0
2024-02-06 22:00:00,162,1,2,0,0,0,0
2024-02-06 23:00:00,161,1,2,0,0,0,0
2024-02-07 00:00:00,129,2,2,0,0,0,0
2024-02-07 01:00:00,118,2,2,0,0,0,0
2024-02-07 02:00:00,123,2,2,0,0,0,0
2024-02-07 03:00:00,136,2,2,0,0,0,0
2024-02-07 04:00:00,126,2,2,0,0,0,0
2024-02-07 05:00:00,128,2,2,0,0,0,0
2024-02-07 06:00:00,153,2,2,0,0,0,0
2024-02-07 07:00:00,153,2,2,0,0,0,0
2024-02-07 08:00:00,193,2,2,0,0,0,0
2024-02-07 09:00:00,203,2,2,0,0,0,0
2024-02-07 10:00:00,206,2,2,0,0,0,0
2024-02-07 11:00:00,207,2,2,0,0,0,0
2024-02-07 12:00:00,203,2,2,0,0,0,0
2024-02-07 13:00:00,186,2,2,0,0,0,0
2024-02-07 14:00:00,178,2,2,0,0,0,0
2024-02-07 15:00:00,187,2,2,0,0,0,0
2024-02-07 16:00:00,182,2,2,0,0,0,0
2024-02-07 17:00:00,160,2,2,0,0,0,0
2024-02-07 18:00:00,171,2,2,0,0,0,0
2024-02-07 19:00:00,162,2,2,0,0,0,0
2024-02-07 20:00:00,167,2,2,0,0,0,0
2024-02-07 21:00:00,153,2,2,0,0,0,0
2024-02-07 22:00:00,153,2,2,0,0,0,0
2024-02-07 23:00:00,146,2,2,0,0,0,0
2024-02-08 00:00:00,110,3,2,0,0,0,0
2024-02-08 01:00:00,123,3,2,0,0,0,0
2024-02-08 02:00:00,122,3,2,0,0,0,0
2024-02-08 03:00:00,120,3,2,0,0,0,0
2024-02-08 04:00:00,117,3,2,0,0,0,0
2024-02-08 05:00:00,122,3,2,0,0,0,0
2024-02-08 06:00:00,144,3,2,0,0,0,0
2024-02-08 07:00:00,152,3,2,0,0,0,0
2024-02-08 08:00:00,184,3,2,0,0,0,0
2024-02-08 09:00:00,195,3,2,0,0,0,0
2024-02-08 10:00:00,193,3,2,0,0,0,0
2024-02-08 11:00:00,189,3,2,0,0,0,0
2024-02-08 12:00:00,193,3,2,0,0,0,0
2024-02-08 13:00:00,179,3,2,0,0,0,0
2024-02-08 14:00:00,174,3,2,0,0,0,0
2024-02-08 15:00:00,176,3,2,0,0,0,0
2024-02-08 16:00:00,176,3,2,0,0,0,0
2024-02-08 17:00:00,168,3,2,0,0,0,0
2024-02-08 18:00:00,164,3,2,0,0,0,0
2024-02-08 19:00:00,163,3,2,0,0,0,0
2024-02-08 20:00:00,155,3,2,0,0,0,0
2024-02-08 21:00:00,150,3,2,0,0,0,0
2024-02-08 22:00:00,149,3,2,0,0,0,0
2024-02-08 23:00:00,150,3,2,0,0,0,0
2024-02-09 00:00:00,118,4,2,0,0,0,0
2024-02-09 01:00:00,114,4,2,0,0,0,0
2024-02-09 02:00:00,105,4,2,0,0,0,0
2024-02-09 03:00:00,120,4,2,0,0,0,0
2024-02-09 04:00:00,116,4,2,0,0,0,0
2024-02-09 05:00:00,117,4,2,0,0,0,0
2024-02-09 06:00:00,140,4,2,0,0,0,0
2024-02-09 07:00:00,148,4,2,0,0,0,0
2024-02-09 08:00:00,178,4,2,0,0,0,0
2024-02-09 09:00:00,191,4,2,0,0,0,0
2024-02-09 10:00:00,194,4,2,0,0,0,0
2024-02-09 11:00:00,186,4,2,0,0,0,0
2024-02-09 12:00:00,190,4,2,0,0,0,0
2024-02-09 13:00:00,170,4,2,0,0,0,0
2024-02-09 14:00:00,167,4,2,0,0,0,0
2024-02-09 15:00:00,177,4,2,0,0,0,0
2024-02-09 16:00:00,169,4,2,0,0,0,0
2024-02-09 17:00:00,163,4,2,0,0,0,0
2024-02-09 18:00:00,163,4,2,0,0,0,0
2024-02-09 19:00:00,163,4,2,0,0,0,0
2024-02-09 20:00:00,165,4,2,0,0,0,0
2024-02-09 21:00:00,143,4,2,0,0,0,0
2024-02-09 22:00:00,138,4,2,0,0,0,0
2024-02-09 23:00:00,140,4,2,0,0,0,0
2024-02-10 00:00:00,82,5,2,1,0,0,0
2024-02-10 01:00:00,94,5,2,1,0,0,0
2024-02-10 02:00:00,90,5,2,1,0,0,0
2024-02-10 03:00:00,95,5,2,1,0,0,0
2024-02-10 04:00:00,90,5,2,1,0,0,0
2024-02-10 05:00:00,94,5,2,1,0,0,0
2024-02-10 06:00:00,119,5,2,1,0,0,0
2024-02-10 07:00:00,111,5,2,1,0,0,0
2024-02-10 08:00:00,144,5,2,1,0,0,0
2024-02-10 09:00:00,152,5,2,1,0,0,0
2024-02-10 10:00:00,152,5,2,1,0,0,0
2024-02-10 11:00:00,156,5,2,1,0,0,0
2024-02-10 12:00:00,147,5,2,1,0,0,0
2024-02-10 13:00:00,133,5,2,1,0,0,0
2024-02-10 14:00:00,138,5,2,1,0,0,0
2024-02-10 15:00:00,142,5,2,1,0,0,0
2024-02-10 16:00:00,137,5,2,1,0,0,0
2024-02-10 17:00:00,128,5,2,1,0,0,0
2024-02-10 18:00:00,124,5,2,1,0,0,0
2024-02-10 19:00:00,131,5,2,1,0,0,0
2024-02-10 20:00:00,124,5,2,1,0,0,0
2024-02-10 21:00:00,120,5,2,1,0,0,0
2024-02-10 22:00:00,113,5,2,1,0,0,0
2024-02-10 23:00:00,118,5,2,1,0,0,0
2024-02-11 00:00:00,96,6,2,1,0,0,0
2024-02-11 01:00:00,96,6,2,1,0,0,0
2024-02-11 02:00:00,98,6,2,1,0,0,0
2024-02-11 03:00:00,91,6,2,1,0,0,0
2024-02-11 04:00:00,99,6,2,1,0,0,0
2024-02-11 05:00:00,92,6,2,1,0,0,0
2024-02-11 06:00:00,118,6,2,1,0,0,0
2024-02-11 07:00:00,123,6,2,1,0,0,0
2024-02-11 08:00:00,147,6,2,1,0,0,0
2024-02-11 09:00:00,157,6,2,1,0,0,0
2024-02-11 10:00:00,157,6,2,1,0,0,0
2024-02-11 11:00:00,151,6,2,1,0,0,0
2024-02-11 12:00:00,153,6,2,1,0,0,0
2024-02-11 13:00:00,141,6,2,1,0,0,0
2024-02-11 14:00:00,142,6,2,1,0,0,0
2024-02-11 15:00:00,141,6,2,1,0,0,0
2024-02-11 16:00:00,140,6,2,1,0,0,0
2024-02-11 17:00:00,129,6,2,1,0,0,0
2024-02-11 18:00:00,132,6,2,1,0,0,0
2024-02-11 19:00:00,132,6,2,1,0,0,0
2024-02-11 20:00:00,126,6,2,1,0,0,0
2024-02-11 21:00:00,113,6,2,1,0,0,0
2024-02-11 22:00:00,124,6,2,1,0,0,0
2024-02-11 23:00:00,120,6,2,1,0,0,0
2024-02-12 00:00:00,130,0,2,0,0,0,0
2024-02-12 01:00:00,130,0,2,0,0,0,0
2024-02-12 02:00:00,124,0,2,0,0,0,0
2024-02-12 03:00:00,125,0,2,0,0,0,0
2024-02-12 04:00:00,132,0,2,0,0,0,0
2024-02-12 05:00:00,128,0,2,0,0,0,0
2024-02-12 06:00:00,161,0,2,0,0,0,0
2024-02-12 07:00:00,157,0,2,0,0,0,0
2024-02-12 08:00:00,193,0,2,0,0,0,0
2024-02-12 09:00:00,201,0,2,0,0,0,0
2024-02-12 10:00:00,203,0,2,0,0,0,0
2024-02-12 11:00:00,199,0,2,0,0,0,0
2024-02-12 12:00:00,200,0,2,0,0,0,0
2024-02-12 13:00:00,182,0,2,0,0,0,0
2024-02-12 14:00:00,184,0,2,0,0,0,0
2024-02-12 15:00:00,185,0,2,0,0,0,0
2024-02-12 16:00:00,187,0,2,0,0,0,0
2024-02-12 17:00:00,173,0,2,0,0,0,0
2024-02-12 18:00:00,177,0,2,0,0,0,0
2024-02-12 19:00:00,165,0,2,0,0,0,0
2024-02-12 20:00:00,166,0,2,0,0,0,0
2024-02-12 21:00:00,159,0,2,0,0,0,0
2024-02-12 22:00:00,155,0,2,0,0,0,0
2024-02-12 23:00:00,161,0,2,0,0,0,0
2024-02-13 00:00:00,128,1,2,0,0,0,0
2024-02-13 01:00:00,129,1,2,0,0,0,0
2024-02-13 02:00:00,126,1,2,0,0,0,0
2024-02-13 03:00:00,117,1,2,0,0,0,0
2024-02-13 04:00:00,133,1,2,0,0,0,0
2024-02-13 05:00:00,132,1,2,0,0,0,0
2024-02-13 06:00:00,155,1,2,0,0,0,0
2024-02-13 07:00:00,155,1,2,0,0,0,0
2024-02-13 08:00:00,193,1,2,0,0,0,0
2024-02-13 09:00:00,208,1,2,0,0,0,0
2024-02-13 10:00:00,207,1,2,0,0,0,0
2024-02-13 11:00:00,202,1,2,0,0,0,0
2024-02-13 12:00:00,205,1,2,0,0,0,0
2024-02-13 13:00:00,182,1,2,0,0,0,0
2024-02-13 14:00:00,188,1,2,0,0,0,0
2024-02-13 15:00:00,185,1,2,0,0,0,0
2024-02-13 16:00:00,186,1,2,0,0,0,0
2024-02-13 17:00:00,167,1,2,0,0,0,0
2024-02-13 18:00:00,178,1,2,0,0,0,0
2024-02-13 19:00:00,167,1,2,0,0,0,0
2024-02-13 20:00:00,176,1,2,0,0,0,0
2024-02-13 21:00:00,164,1,2,0,0,0,0
2024-02-13 22:00:00,161,1,2,0,0,0,0
2024-02-13 23:00:00,161,1,2,0,0,0,0
2024-02-14 00:00:00,114,2,2,0,0,0,0
2024-02-14 01:00:00,124,2,2,0,0,0,0
2024-02-14 02:00:00,126,2,2,0,0,0,0
2024-02-14 03:00:00,129,2,2,0,0,0,0
2024-02-14 04:00:00,122,2,2,0,0,0,0
2024-02-14 05:00:00,126,2,2,0,0,0,0
2024-02-14 06:00:00,155,2,2,0,0,0,0
2024-02-14 07:00:00,149,2,2,0,0,0,0
2024-02-14 08:00:00,189,2,2,0,0,0,0
2024-02-14 09:00:00,203,2,2,0,0,0,0
2024-02-14 10:00:00,201,2,2,0,0,0,0
2024-02-14 11:00:00,193,2,2,0,0,0,0
2024-02-14 12:00:00,198,2,2,0,0,0,0
2024-02-14 13:00:00,186,2,2,0,0,0,0
2024-02-14 14:00:00,172,2,2,0,0,0,0
2024-02-14 15:00:00,172,2,2,0,0,0,0
2024-02-14 16:00:00,173,2,2,0,0,0,0
2024-02-14 17:00:00,169,2,2,0,0,0,0
2024-02-14 18:00:00,170,2,2,0,0,0,0
2024-02-14 19:00:00,174,2,2,0,0,0,0
2024-02-14 20:00:00,170,2,2,0,0,0,0
2024-02-14 21:00:00,157,2,2,0,0,0,0
2024-02-14 22:00:00,152,2,2,0,0,0,0
2024-02-14 23:00:00,155,2,2,0,0,0,0
2024-02-15 00:00:00,118,3,2,0,0,0,0
2024-02-15 01:00:00,113,3,2,0,0,0,0
2024-02-15 02:00:00,115,3,2,0,0,0,0
2024-02-15 03:00:00,117,3,2,0,0,0,0
2024-02-15 04:00:00,112,3,2,0,0,0,0
2024-02-15 05:00:00,120,3,2,0,0,0,0
2024-02-15 06:00:00,142,3,2,0,0,0,0
2024-02-15 07:00:00,145,3,2,0,0,0,0
2024-02-15 08:00:00,180,3,2,0,0,0,0
2024-02-15 09:00:00,194,3,2,0,0,0,0
2024-02-15 10:00:00,202,3,2,0,0,0,0
2024-02-15 11:00:00,191,3,2,0,0,0,0
2024-02-15 12:00:00,192,3,2,0,0,0,0
2024-02-15 13:00:00,174,3,2,0,0,0,0
2024-02-15 14:00:00,175,3,2,0,0,0,0
2024-02-15 15:00:00,173,3,2,0,0,0,0
2024-02-15 16:00:00,173,3,2,0,0,0,0
2024-02-15 17:00:00,162,3,2,0,0,0,0
2024-02-15 18:00:00,167,3,2,0,0,0,0
2024-02-15 19:00:00,159,3,2,0,0,0,0
2024-02-15 20:00:00,161,3,2,0,0,0,0
2024-02-15 21:00:00,145,3,2,0,0,0,0
2024-02-15 22:00:00,150,3,2,0,0,0,0
2024-02-15 23:00:00,148,3,2,0,0,0,0
2024-02-16 00:00:00,111,4,2,0,0,0,0
2024-02-16 01:00:00,115,4,2,0,0,0,0
2024-02-16 02:00:00,113,4,2,0,0,0,0
2024-02-16 03:00:00,111,4,2,0,0,0,0
2024-02-16 04:00:00,110,4,2,0,0,0,0
2024-02-16 05:00:00,110,4,2,0,0,0,0
2024-02-16 06:00:00,146,4,2,0,0,0,0
2024-02-16 07:00:00,140,4,2,0,0,0,0
2024-02-16 08:00:00,174,4,2,0,0,0,0
2024-02-16 09:00:00,192,4,2,0,0,0,0
2024-02-16 10:00:00,189,4,2,0,0,0,0
2024-02-16 11:00:00,198,4,2,0,0,0,0
2024-02-16 12:00:00,186,4,2,0,0,0,0
2024-02-16 13:00:00,171,4,2,0,0,0,0
2024-02-16 14:00:00,172,4,2,0,0,0,0
2024-02-16 15:00:00,174,4,2,0,0,0,0
2024-02-16 16:00:00,171,4,2,0,0,0,0
2024-02-16 17:00:00,165,4,2,0,0,0,0
2024-02-16 18:00:00,156,4,2,0,0,0,0
2024-02-16 19:00:00,158,4,2,0,0,0,0
2024-02-16 20:00:00,159,4,2,0,0,0,0
2024-02-16 21:00:00,146,4,2,0,0,0,0
2024-02-16 22:00:00,146,4,2,0,0,0,0
2024-02-16 23:00:00,141,4,2,0,0,0,0
2024-02-17 00:00:00,95,5,2,1,0,0,0
2024-02-17 01:00:00,90,5,2,1,0,0,0
2024-02-17 02:00:00,94,5,2,1,0,0,0
2024-02-17 03:00:00,96,5,2,1,0,0,0
2024-02-17 04:00:00,88,5,2,1,0,0,0
2024-02-17 05:00:00,90,5,2,1,0,0,0
2024-02-17 06:00:00,112,5,2,1,0,0,0
2024-02-17 07:00:00,112,5,2,1,0,0,0
2024-02-17 08:00:00,142,5,2,1,0,0,0
2024-02-17 09:00:00,150,5,2,1,0,0,0
2024-02-17 10:00:00,153,5,2,1,0,0,0
2024-02-17 11:00:00,159,5,2,1,0,0,0
2024-02-17 12:00:00,155,5,2,1,0,0,0
2024-02-17 13:00:00,138,5,2,1,0,0,0
2024-02-17 14:00:00,135,5,2,1,0,0,0
2024-02-17 15:00:00,132,5,2,1,0,0,0
2024-02-17 16:00:00,137,5,2,1,0,0,0
2024-02-17 17:00:00,126,5,2,1,0,0,0
2024-02-17 18:00:00,133,5,2,1,0,0,0
2024-02-17 19:00:00,125,5,2,1,0,0,0
2024-02-17 20:00:00,127,5,2,1,0,0,0
2024-02-17 21:00:00,115,5,2,1,0,0,0
2024-02-17 22:00:00,120,5,2,1,0,0,0
2024-02-17 23:00:00,118,5,2,1,0,0,0
2024-02-18 00:00:00,94,6,2,1,0,0,0
2024-02-18 01:00:00,99,6,2,1,0,0,0
2024-02-18 02:00:00,92,6,2,1,0,0,0
2024-02-18 03:00:00,102,6,2,1,0,0,0
2024-02-18 04:00:00,97,6,2,1,0,0,0
2024-02-18 05:00:00,94,6,2,1,0,0,0
2024-02-18 06:00:00,116,6,2,1,0,0,0
2024-02-18 07:00:00,124,6,2,1,0,0,0
2024-02-18 08:00:00,148,6,2,1,0,0,0
2024-02-18 09:00:00,161,6,2,1,0,0,0
2024-02-18 10:00:00,158,6,2,1,0,0,0
2024-02-18 11:00:00,151,6,2,1,0,0,0
2024-02-18 12:00:00,163,6,2,1,0,0,0
2024-02-18 13:00:00,138,6,2,1,0,0,0
2024-02-18 14:00:00,146,6,2,1,0,0,0
2024-02-18 15:00:00,143,6,2,1,0,0,0
2024-02-18 16:00:00,137,6,2,1,0,0,0
2024-02-18 17:00:00,134,6,2,1,0,0,0
2024-02-18 18:00:00,134,6,2,1,0,0,0
2024-02-18 19:00:00,133,6,2,1,0,0,0
2024-02-18 20:00:00,127,6,2,1,0,0,0
2024-02-18 21:00:00,125,6,2,1,0,0,0
2024-02-18 22:00:00,121,6,2,1,0,0,0
2024-02-18 23:00:00,123,6,2,1,0,0,0
2024-02-19 00:00:00,131,0,2,0,0,0,0
2024-02-19 01:00:00,126,0,2,0,0,0,0
2024-02-19 02:00:00,127,0,2,0,0,0,0
2024-02-19 03:00:00,123,0,2,0,0,0,0
2024-02-19 04:00:00,127,0,2,0,0,0,0
2024-02-19 05:00:00,125,0,2,0,0,0,0
2024-02-19 06:00:00,158,0,2,0,0,0,0
2024-02-19 07:00:00,161,0,2,0,0,0,0
2024-02-19 08:00:00,192,0,2,0,0,0,0
2024-02-19 09:00:00,202,0,2,0,0,0,0
2024-02-19 10:00:00,199,0,2,0,0,0,0
2024-02-19 11:00:00,206,0,2,0,0,0,0
2024-02-19 12:00:00,205,0,2,0,0,0,0
2024-02-19 13:00:00,181,0,2,0,0,0,0
2024-02-19 14:00:00,189,0,2,0,0,0,0
2024-02-19 15:00:00,185,0,2,0,0,0,0
2024-02-19 16:00:00,188,0,2,0,0,0,0
2024-02-19 17:00:00,171,0,2,0,0,0,0
2024-02-19 18:00:00,161,0,2,0,0,0,0
2024-02-19 19:00:00,176,0,2,0,0,0,0
2024-02-19 20:00:00,170,0,2,0,0,0,0
2024-02-19 21:00:00,156,0,2,0,0,0,0
2024-02-19 22:00:00,154,0,2,0,0,0,0
2024-02-19 23:00:00,162,0,2,0,0,0,0
2024-02-20 00:00:00,126,1,2,0,0,0,0
2024-02-20 01:00:00,127,1,2,0,0,0,0
2024-02-20 02:00:00,126,1,2,0,0,0,0
2024-02-20 03:00:00,120,1,2,0,0,0,0
2024-02-20 04:00:00,136,1,2,0,0,0,0
2024-02-20 05:00:00,127,1,2,0,0,0,0
2024-02-20 06:00:00,149,1,2,0,0,0,0
2024-02-20 07:00:00,151,1,2,0,0,0,0
2024-02-20 08:00:00,190,1,2,0,0,0,0
2024-02-20 09:00:00,205,1,2,0,0,0,0
2024-02-20 10:00:00,204,1,2,0,0,0,0
2024-02-20 11:00:00,200,1,2,0,0,0,0
2024-02-20 12:00:00,200,1,2,0,0,0,0
2024-02-20 13:00:00,183,1,2,0,0,0,0
2024-02-20 14:00:00,185,1,2,0,0,0,0
2024-02-20 15:00:00,182,1,2,0,0,0,0
2024-02-20 16:00:00,183,1,2,0,0,0,0
2024-02-20 17:00:00,170,1,2,0,0,0,0
2024-02-20 18:00:00,166,1,2,0,0,0,0
2024-02-20 19:00:00,174,1,2,0,0,0,0
2024-02-20 20:00:00,172,1,2,0,0,0,0
2024-02-20 21:00:00,151,1,2,0,0,0,0
2024-02-20 22:00:00,155,1,2,0,0,0,0
2024-02-20 23:00:00,164,1,2,0,0,0,0
2024-02-21 00:00:00,120,2,2,0,0,0,0
2024-02-21 01:00:00,119,2,2,0,0,0,0
2024-02-21 02:00:00,124,2,2,0,0,0,0
2024-02-21 03:00:00,127,2,2,0,0,0,0
2024-02-21 04:00:00,123,2,2,0,0,0,0
2024-02-21 05:00:00,125,2,2,0,0,0,0
2024-02-21 06:00:00,154,2,2,0,0,0,0
2024-02-21 07:00:00,156,2,2,0,0,0,0
2024-02-21 08:00:00,192,2,2,0,0,0,0
2024-02-21 09:00:00,199,2,2,0,0,0,0
2024-02-21 10:00:00,198,2,2,0,0,0,0
2024-02-21 11:00:00,194,2,2,0,0,0,0
2024-02-21 12:00:00,202,2,2,0,0,0,0
2024-02-21 13:00:00,189,2,2,0,0,0,0
2024-02-21 14:00:00,178,2,2,0,0,0,0
2024-02-21 15:00:00,176,2,2,0,0,0,0
2024-02-21 16:00:00,181,2,2,0,0,0,0
2024-02-21 17:00:00,165,2,2,0,0,0,0
2024-02-21 18:00:00,174,2,2,0,0,0,0
2024-02-21 19:00:00,168,2,2,0,0,0,0
2024-02-21 20:00:00,166,2,2,0,0,0,0
2024-02-21 21:00:00,149,2,2,0,0,0,0
2024-02-21 22:00:00,156,2,2,0,0,0,0
2024-02-21 23:00:00,151,2,2,0,0,0,0
2024-02-22 00:00:00,117,3,2,0,0,0,0
2024-02-22 01:00:00,116,3,2,0,0,0,0
2024-02-22 02:00:00,116,3,2,0,0,0,0
2024-02-22 03:00:00,112,3,2,0,0,0,0
2024-02-22 04:00:00,120,3,2,0,0,0,0
2024-02-22 05:00:00,111,3,2,0,0,0,0
2024-02-22 06:00:00,150,3,2,0,0,0,0
2024-02-22 07:00:00,150,3,2,0,0,0,0
2024-02-22 08:00:00,182,3,2,0,0,0,0
2024-02-22 09:00:00,199,3,2,0,0,0,0
2024-02-22 10:00:00,192,3,2,0,0,0,0
2024-02-22 11:00:00,193,3,2,0,0,0,0
2024-02-22 12:00:00,199,3,2,0,0,0,0
2024-02-22 13:00:00,173,3,2,0,0,0,0
2024-02-22 14:00:00,180,3,2,0,0,0,0
2024-02-22 15:00:00,177,3,2,0,0,0,0
2024-02-22 16:00:00,178,3,2,0,0,0,0
2024-02-22 17:00:00,160,3,2,0,0,0,0
2024-02-22 18:00:00,159,3,2,0,0,0,0
2024-02-22 19:00:00,160,3,2,0,0,0,0
2024-02-22 20:00:00,161,3,2,0,0,0,0
2024-02-22 21:00:00,147,3,2,0,0,0,0
2024-02-22 22:00:00,144,3,2,0,0,0,0
2024-02-22 23:00:00,149,3,2,0,0,0,0
2024-02-23 00:00:00,110,4,2,0,0,0,0
2024-02-23 01:00:00,113,4,2,0,0,0,0
2024-02-23 02:00:00,113,4,2,0,0,0,0
2024-02-23 03:00:00,112,4,2,0,0,0,0
2024-02-23 04:00:00,113,4,2,0,0,0,0
2024-02-23 05:00:00,111,4,2,0,0,0,0
2024-02-23 06:00:00,136,4,2,0,0,0,0
2024-02-23 07:00:00,148,4,2,0,0,0,0
2024-02-23 08:00:00,174,4,2,0,0,0,0
2024-02-23 09:00:00,186,4,2,0,0,0,0
2024-02-23 10:00:00,191,4,2,0,0,0,0
2024-02-23 11:00:00,188,4,2,0,0,0,0
2024-02-23 12:00:00,186,4,2,0,0,0,0
2024-02-23 13:00:00,165,4,2,0,0,0,0
2024-02-23 14:00:00,174,4,2,0,0,0,0
2024-02-23 15:00:00,172,4,2,0,0,0,0
2024-02-23 16:00:00,175,4,2,0,0,0,0
2024-02-23 17:00:00,160,4,2,0,0,0,0
2024-02-23 18:00:00,162,4,2,0,0,0,0
2024-02-23 19:00:00,159,4,2,0,0,0,0
2024-02-23 20:00:00,155,4,2,0,0,0,0
2024-02-23 21:00:00,144,4,2,0,0,0,0
2024-02-23 22:00:00,144,4,2,0,0,0,0
2024-02-23 23:00:00,144,4,2,0,0,0,0
2024-02-24 00:00:00,95,5,2,1,0,0,0
2024-02-24 01:00:00,92,5,2,1,0,0,0
2024-02-24 02:00:00,99,5,2,1,0,0,0
2024-02-24 03:00:00,89,5,2,1,0,0,0
2024-02-24 04:00:00,93,5,2,1,0,0,0
2024-02-24 05:00:00,88,5,2,1,0,0,0
2024-02-24 06:00:00,116,5,2,1,0,0,0
2024-02-24 07:00:00,119,5,2,1,0,0,0
2024-02-24 08:00:00,147,5,2,1,0,0,0
2024-02-24 09:00:00,152,5,2,1,0,0,0
2024-02-24 10:00:00,149,5,2,1,0,0,0
2024-02-24 11:00:00,151,5,2,1,0,0,0
2024-02-24 12:00:00,150,5,2,1,0,0,0
2024-02-24 13:00:00,143,5,2,1,0,0,0
2024-02-24 14:00:00,135,5,2,1,0,0,0
2024-02-24 15:00:00,136,5,2,1,0,0,0
2024-02-24 16:00:00,139,5,2,1,0,0,0
2024-02-24 17:00:00,128,5,2,1,0,0,0
2024-02-24 18:00:00,126,5,2,1,0,0,0
2024-02-24 19:00:00,127,5,2,1,0,0,0
2024-02-24 20:00:00,124,5,2,1,0,0,0
2024-02-24 21:00:00,108,5,2,1,0,0,0
2024-02-24 22:00:00,115,5,2,1,0,0,0
2024-02-24 23:00:00,110,5,2,1,0,0,0
2024-02-25 00:00:00,95,6,2,1,0,0,0
2024-02-25 01:00:00,91,6,2,1,0,0,0
2024-02-25 02:00:00,89,6,2,1,0,0,0
2024-02-25 03:00:00,98,6,2,1,0,0,0
2024-02-25 04:00:00,96,6,2,1,0,0,0
2024-02-25 05:00:00,94,6,2,1,0,0,0
2024-02-25 06:00:00,120,6,2,1,0,0,0
2024-02-25 07:00:00,117,6,2,1,0,0,0
2024-02-25 08:00:00,146,6,2,1,0,0,0
2024-02-25 09:00:00,156,6,2,1,0,0,0
2024-02-25 10:00:00,158,6,2,1,0,0,0
2024-02-25 11:00:00,157,6,2,1,0,0,0
2024-02-25 12:00:00,154,6,2,1,0,0,0
2024-02-25 13:00:00,134,6,2,1,0,0,0
2024-02-25 14:00:00,148,6,2,1,0,0,0
2024-02-25 15:00:00,142,6,2,1,0,0,0
2024-02-25 16:00:00,140,6,2,1,0,0,0
2024-02-25 17:00:00,131,6,2,1,0,0,0
2024-02-25 18:00:00,132,6,2,1,0,0,0
2024-02-25 19:00:00,136,6,2,1,0,0,0
2024-02-25 20:00:00,125,6,2,1,0,0,0
2024-02-25 21:00:00,117,6,2,1,0,0,0
2024-02-25 22:00:00,124,6,2,1,0,0,0
2024-02-25 23:00:00,114,6,2,1,0,0,0
2024-02-26 00:00:00,132,0,2,0,0,0,0
2024-02-26 01:00:00,128,0,2,0,0,0,0
2024-02-26 02:00:00,120,0,2,0,0,0,0
2024-02-26 03:00:00,125,0,2,0,0,0,0
2024-02-26 04:00:00,120,0,2,0,0,0,0
2024-02-26 05:00:00,117,0,2,0,0,0,0
2024-02-26 06:00:00,156,0,2,0,0,0,0
2024-02-26 07:00:00,158,0,2,0,0,0,0
2024-02-26 08:00:00,186,0,2,0,0,0,0
2024-02-26 09:00:00,200,0,2,0,0,0,0
2024-02-26 10:00:00,198,0,2,0,0,0,0
2024-02-26 11:00:00,196,0,2,0,0,0,0
2024-02-26 12:00:00,204,0,2,0,0,0,0
2024-02-26 13:00:00,184,0,2,0,0,0,0
2024-02-26 14:00:00,186,0,2,0,0,0,0
2024-02-26 15:00:00,187,0,2,0,0,0,0
2024-02-26 16:00:00,184,0,2,0,0,0,0
2024-02-26 17:00:00,175,0,2,0,0,0,0
2024-02-26 18:00:00,174,0,2,0,0,0,0
2024-02-26 19:00:00,172,0,2,0,0,0,0
2024-02-26 20:00:00,171,0,2,0,0,0,0
2024-02-26 21:00:00,164,0,2,0,0,0,0
2024-02-26 22:00:00,151,0,2,0,0,0,0
2024-02-26 23:00:00,158,0,2,0,0,0,0
2024-02-27 00:00:00,131,1,2,0,0,0,0
2024-02-27 01:00:00,131,1,2,0,0,0,0
2024-02-27 02:00:00,125,1,2,0,0,0,0
2024-02-27 03:00:00,125,1,2,0,0,0,0
2024-02-27 04:00:00,123,1,2,0,0,0,0
2024-02-27 05:00:00,128,1,2,0,0,0,0
2024-02-27 06:00:00,154,1,2,0,0,0,0
2024-02-27 07:00:00,150,1,2,0,0,0,0
2024-02-27 08:00:00,190,1,2,0,0,0,0
2024-02-27 09:00:00,203,1,2,0,0,0,0
2024-02-27 10:00:00,207,1,2,0,0,0,0
2024-02-27 11:00:00,207,1,2,0,0,0,0
2024-02-27 12:00:00,205,1,2,0,0,0,0
2024-02-27 13:00:00,185,1,2,0,0,0,0
2024-02-27 14:00:00,188,1,2,0,0,0,0
2024-02-27 15:00:00,178,1,2,0,0,0,0
2024-02-27 16:00:00,183,1,2,0,0,0,0
2024-02-27 17:00:00,180,1,2,0,0,0,0
2024-02-27 18:00:00,173,1,2,0,0,0,0
2024-02-27 19:00:00,172,1,2,0,0,0,0
2024-02-27 20:00:00,167,1,2,0,0,0,0
2024-02-27 21:00:00,156,1,2,0,0,0,0
2024-02-27 22:00:00,157,1,2,0,0,0,0
2024-02-27 23:00:00,156,1,2,0,0,0,0
2024-02-28 00:00:00,117,2,2,0,0,0,0
2024-02-28 01:00:00,124,2,2,0,0,0,0
2024-02-28 02:00:00,115,2,2,0,0,0,0
2024-02-28 03:00:00,123,2,2,0,0,0,0
2024-02-28 04:00:00,119,2,2,0,0,0,0
2024-02-28 05:00:00,118,2,2,0,0,0,0
2024-02-28 06:00:00,152,2,2,0,0,0,0
2024-02-28 07:00:00,158,2,2,0,0,0,0
2024-02-28 08:00:00,189,2,2,0,0,0,0
2024-02-28 09:00:00,194,2,2,0,0,0,0
2024-02-28 10:00:00,188,2,2,0,0,0,0
2024-02-28 11:00:00,203,2,2,0,0,0,0
2024-02-28 12:00:00,201,2,2,0,0,0,0
2024-02-28 13:00:00,184,2,2,0,0,0,0
2024-02-28 14:00:00,179,2,2,0,0,0,0
2024-02-28 15:00:00,180,2,2,0,0,0,0
2024-02-28 16:00:00,179,2,2,0,0,0,0
2024-02-28 17:00:00,163,2,2,0,0,0,0
2024-02-28 18:00:00,169,2,2,0,0,0,0
2024-02-28 19:00:00,168,2,2,0,0,0,0
2024-02-28 20:00:00,166,2,2,0,0,0,0
2024-02-28 21:00:00,156,2,2,0,0,0,0
2024-02-28 22:00:00,156,2,2,0,0,0,0
2024-02-28 23:00:00,153,2,2,0,0,0,0
2024-03-01 00:00:00,88,4,3,0,0,0,0
2024-03-01 01:00:00,93,4,3,0,0,0,0
2024-03-01 02:00:00,100,4,3,0,0,0,0
2024-03-01 03:00:00,98,4,3,0,0,0,0
2024-03-01 04:00:00,96,4,3,0,0,0,0
2024-03-01 05:00:00,99,4,3,0,0,0,0
2024-03-01 06:00:00,123,4,3,0,0,0,0
2024-03-01 07:00:00,120,4,3,0,0,0,0
2024-03-01 08:00:00,154,4,3,0,0,0,0
2024-03-01 09:00:00,156,4,3,0,0,0,0
2024-03-01 10:00:00,165,4,3,0,0,0,0
2024-03-01 11:00:00,169,4,3,0,0,0,0
2024-03-01 12:00:00,163,4,3,0,0,0,0
2024-03-01 13:00:00,145,4,3,0,0,0,0
2024-03-01 14:00:00,142,4,3,0,0,0,0
2024-03-01 15:00:00,146,4,3,0,0,0,0
2024-03-01 16:00:00,152,4,3,0,0,0,0
2024-03-01 17:00:00,138,4,3,0,0,0,0
2024-03-01 18:00:00,140,4,3,0,0,0,0
2024-03-01 19:00:00,136,4,3,0,0,0,0
2024-03-01 20:00:00,136,4,3,0,0,0,0
2024-03-01 21:00:00,127,4,3,0,0,0,0
2024-03-01 22:00:00,128,4,3,0,0,0,0
2024-03-01 23:00:00,124,4,3,0,0,0,0
2024-03-02 00:00:00,70,5,3,1,0,0,0
2024-03-02 01:00:00,78,5,3,1,0,0,0
2024-03-02 02:00:00,92,5,3,1,0,0,0
2024-03-02 03:00:00,80,5,3,1,0,0,0
2024-03-02 04:00:00,71,5,3,1,0,0,0
2024-03-02 05:00:00,68,5,3,1,0,0,0
2024-03-02 06:00:00,99,5,3,1,0,0,0
2024-03-02 07:00:00,100,5,3,1,0,0,0
2024-03-02 08:00:00,123,5,3,1,0,0,0
2024-03-02 09:00:00,127,5,3,1,0,0,0
2024-03-02 10:00:00,132,5,3,1,0,0,0
2024-03-02 11:00:00,132,5,3,1,0,0,0
2024-03-02 12:00:00,133,5,3,1,0,0,0
2024-03-02 13:00:00,119,5,3,1,0,0,0
2024-03-02 14:00:00,120,5,3,1,0,0,0
2024-03-02 15:00:00,117,5,3,1,0,0,0
2024-03-02 16:00:00,119,5,3,1,0,0,0
2024-03-02 17:00:00,108,5,3,1,0,0,0
2024-03-02 18:00:00,108,5,3,1,0,0,0
2024-03-02 19:00:00,109,5,3,1,0,0,0
2024-03-02 20:00:00,109,5,3,1,0,0,0
2024-03-02 21:00:00,98,5,3,1,0,0,0
2024-03-02 22:00:00,96,5,3,1,0,0,0
2024-03-02 23:00:00,95,5,3,1,0,0,0
2024-03-03 00:00:00,85,6,3,1,0,0,0
2024-03-03 01:00:00,85,6,3,1,0,0,0
2024-03-03 02:00:00,92,6,3,1,0,0,0
2024-03-03 03:00:00,78,6,3,1,0,0,0
2024-03-03 04:00:00,80,6,3,1,0,0,0
2024-03-03 05:00:00,82,6,3,1,0,0,0
2024-03-03 06:00:00,104,6,3,1,0,0,0
2024-03-03 07:00:00,102,6,3,1,0,0,0
2024-03-03 08:00:00,127,6,3,1,0,0,0
2024-03-03 09:00:00,136,6,3,1,0,0,0
2024-03-03 10:00:00,134,6,3,1,0,0,0
2024-03-03 11:00:00,133,6,3,1,0,0,0
2024-03-03 12:00:00,144,6,3,1,0,0,0
2024-03-03 13:00:00,118,6,3,1,0,0,0
2024-03-03 14:00:00,120,6,3,1,0,0,0
2024-03-03 15:00:00,125,6,3,1,0,0,0
2024-03-03 16:00:00,125,6,3,1,0,0,0
2024-03-03 17:00:00,117,6,3,1,0,0,0
2024-03-03 18:00:00,109,6,3,1,0,0,0
2024-03-03 19:00:00,112,6,3,1,0,0,0
2024-03-03 20:00:00,115,6,3,1,0,0,0
2024-03-03 21:00:00,95,6,3,1,0,0,0
2024-03-03 22:00:00,96,6,3,1,0,0,0
2024-03-03 23:00:00,105,6,3,1,0,0,0
2024-03-04 00:00:00,117,0,3,0,0,0,0
2024-03-04 01:00:00,105,0,3,0,0,0,0
2024-03-04 02:00:00,112,0,3,0,0,0,0
2024-03-04 03:00:00,106,0,3,0,0,0,0
2024-03-04 04:00:00,114,0,3,0,0,0,0
2024-03-04 05:00:00,105,0,3,0,0,0,0
2024-03-04 06:00:00,129,0,3,0,0,0,0
2024-03-04 07:00:00,134,0,3,0,0,0,0
2024-03-04 08:00:00,162,0,3,0,0,0,0
2024-03-04 09:00:00,174,0,3,0,0,0,0
2024-03-04 10:00:00,172,0,3,0,0,0,0
2024-03-04 11:00:00,176,0,3,0,0,0,0
2024-03-04 12:00:00,175,0,3,0,0,0,0
2024-03-04 13:00:00,159,0,3,0,0,0,0
2024-03-04 14:00:00,166,0,3,0,0,0,0
2024-03-04 15:00:00,166,0,3,0,0,0,0
2024-03-04 16:00:00,156,0,3,0,0,0,0
2024-03-04 17:00:00,142,0,3,0,0,0,0
2024-03-04 18:00:00,147,0,3,0,0,0,0
2024-03-04 19:00:00,151,0,3,0,0,0,0
2024-03-04 20:00:00,153,0,3,0,0,0,0
2024-03-04 21:00:00,138,0,3,0,0,0,0
2024-03-04 22:00:00,141,0,3,0,0,0,0
2024-03-04 23:00:00,136,0,3,0,0,0,0
2024-03-05 00:00:00,110,1,3,0,0,0,0
2024-03-05 01:00:00,110,1,3,0,0,0,0
2024-03-05 02:00:00,105,1,3,0,0,0,0
2024-03-05 03:00:00,105,1,3,0,0,0,0
2024-03-05 04:00:00,106,1,3,0,0,0,0
2024-03-05 05:00:00,107,1,3,0,0,0,0
2024-03-05 06:00:00,134,1,3,0,0,0,0
2024-03-05 07:00:00,138,1,3,0,0,0,0
2024-03-05 08:00:00,166,1,3,0,0,0,0
2024-03-05 09:00:00,179,1,3,0,0,0,0
2024-03-05 10:00:00,180,1,3,0,0,0,0
2024-03-05 11:00:00,167,1,3,0,0,0,0
2024-03-05 12:00:00,179,1,3,0,0,0,0
2024-03-05 13:00:00,156,1,3,0,0,0,0
2024-03-05 14:00:00,168,1,3,0,0,0,0
2024-03-05 15:00:00,167,1,3,0,0,0,0
2024-03-05 16:00:00,159,1,3,0,0,0,0
2024-03-05 17:00:00,140,1,3,0,0,0,0
2024-03-05 18:00:00,146,1,3,0,0,0,0
2024-03-05 19:00:00,142,1,3,0,0,0,0
2024-03-05 20:00:00,149,1,3,0,0,0,0
2024-03-05 21:00:00,128,1,3,0,0,0,0
2024-03-05 22:00:00,135,1,3,0,0,0,0
2024-03-05 23:00:00,136,1,3,0,0,0,0
2024-03-06 00:00:00,107,2,3,0,0,0,0
2024-03-06 01:00:00,106,2,3,0,0,0,0
2024-03-06 02:00:00,108,2,3,0,0,0,0
2024-03-06 03:00:00,105,2,3,0,0,0,0
2024-03-06 04:00:00,115,2,3,0,0,0,0
2024-03-06 05:00:00,103,2,3,0,0,0,0
2024-03-06 06:00:00,132,2,3,0,0,0,0
2024-03-06 07:00:00,130,2,3,0,0,0,0
2024-03-06 08:00:00,163,2,3,0,0,0,0
2024-03-06 09:00:00,170,2,3,0,0,0,0
2024-03-06 10:00:00,178,2,3,0,0,0,0
2024-03-06 11:00:00,176,2,3,0,0,0,0
2024-03-06 12:00:00,173,2,3,0,0,0,0
2024-03-06 13:00:00,155,2,3,0,0,0,0
2024-03-06 14:00:00,156,2,3,0,0,0,0
2024-03-06 15:00:00,165,2,3,0,0,0,0
2024-03-06 16:00:00,162,2,3,0,0,0,0
2024-03-06 17:00:00,151,2,3,0,0,0,0
2024-03-06 18:00:00,145,2,3,0,0,0,0
2024-03-06 19:00:00,143,2,3,0,0,0,0
2024-03-06 20:00:00,144,2,3,0,0,0,0
2024-03-06 21:00:00,135,2,3,0,0,0,0
2024-03-06 22:00:00,126,2,3,0,0,0,0
2024-03-06 23:00:00,125,2,3,0,0,0,0
2024-03-07 00:00:00,98,3,3,0,0,0,0
2024-03-07 01:00:00,105,3,3,0,0,0,0
2024-03-07 02:00:00,107,3,3,0,0,0,0
2024-03-07 03:00:00,94,3,3,0,0,0,0
2024-03-07 04:00:00,108,3,3,0,0,0,0
2024-03-07 05:00:00,104,3,3,0,0,0,0
2024-03-07 06:00:00,128,3,3,0,0,0,0
2024-03-07 07:00:00,124,3,3,0,0,0,0
2024-03-07 08:00:00,158,3,3,0,0,0,0
2024-03-07 09:00:00,158,3,3,0,0,0,0
2024-03-07 10:00:00,166,3,3,0,0,0,0
2024-03-07 11:00:00,169,3,3,0,0,0,0
2024-03-07 12:00:00,161,3,3,0,0,0,0
2024-03-07 13:00:00,155,3,3,0,0,0,0
2024-03-07 14:00:00,154,3,3,0,0,0,0
2024-03-07 15:00:00,151,3,3,0,0,0,0
2024-03-07 16:00:00,153,3,3,0,0,0,0
2024-03-07 17:00:00,136,3,3,0,0,0,0
2024-03-07 18:00:00,136,3,3,0,0,0,0
2024-03-07 19:00:00,143,3,3,0,0,0,0
2024-03-07 20:00:00,147,3,3,0,0,0,0
2024-03-07 21:00:00,127,3,3,0,0,0,0
2024-03-07 22:00:00,126,3,3,0,0,0,0
2024-03-07 23:00:00,126,3,3,0,0,0,0
2024-03-08 00:00:00,91,4,3,0,0,0,0
2024-03-08 01:00:00,97,4,3,0,0,0,0
2024-03-08 02:00:00,101,4,3,0,0,0,0
2024-03-08 03:00:00,100,4,3,0,0,0,0
2024-03-08 04:00:00,89,4,3,0,0,0,0
2024-03-08 05:00:00,92,4,3,0,0,0,0
2024-03-08 06:00:00,115,4,3,0,0,0,0
2024-03-08 07:00:00,123,4,3,0,0,0,0
2024-03-08 08:00:00,147,4,3,0,0,0,0
2024-03-08 09:00:00,162,4,3,0,0,0,0
2024-03-08 10:00:00,161,4,3,0,0,0,0
2024-03-08 11:00:00,161,4,3,0,0,0,0
2024-03-08 12:00:00,157,4,3,0,0,0,0
2024-03-08 13:00:00,152,4,3,0,0,0,0
2024-03-08 14:00:00,148,4,3,0,0,0,0
2024-03-08 15:00:00,139,4,3,0,0,0,0
2024-03-08 16:00:00,150,4,3,0,0,0,0
2024-03-08 17:00:00,134,4,3,0,0,0,0
2024-03-08 18:00:00,136,4,3,0,0,0,0
2024-03-08 19:00:00,136,4,3,0,0,0,0
2024-03-08 20:00:00,141,4,3,0,0,0,0
2024-03-08 21:00:00,120,4,3,0,0,0,0
2024-03-08 22:00:00,125,4,3,0,0,0,0
2024-03-08 23:00:00,125,4,3,0,0,0,0
2024-03-09 00:00:00,78,5,3,1,0,0,0
2024-03-09 01:00:00,81,5,3,1,0,0,0
2024-03-09 02:00:00,75,5,3,1,0,0,0
2024-03-09 03:00:00,81,5,3,1,0,0,0
2024-03-09 04:00:00,76,5,3,1,0,0,0
2024-03-09 05:00:00,80,5,3,1,0,0,0
2024-03-09 06:00:00,96,5,3,1,0,0,0
2024-03-09 07:00:00,95,5,3,1,0,0,0
2024-03-09 08:00:00,122,5,3,1,0,0,0
2024-03-09 09:00:00,134,5,3,1,0,0,0
2024-03-09 10:00:00,132,5,3,1,0,0,0
2024-03-09 11:00:00,131,5,3,1,0,0,0
2024-03-09 12:00:00,127,5,3,1,0,0,0
2024-03-09 13:00:00,114,5,3,1,0,0,0
2024-03-09 14:00:00,119,5,3,1,0,0,0
2024-03-09 15:00:00,114,5,3,1,0,0,0
2024-03-09 16:00:00,117,5,3,1,0,0,0
2024-03-09 17:00:00,100,5,3,1,0,0,0
2024-03-09 18:00:00,107,5,3,1,0,0,0
2024-03-09 19:00:00,107,5,3,1,0,0,0
2024-03-09 20:00:00,111,5,3,1,0,0,0
2024-03-09 21:00:00,94,5,3,1,0,0,0
2024-03-09 22:00:00,97,5,3,1,0,0,0
2024-03-09 23:00:00,95,5,3,1,0,0,0
2024-03-10 00:00:00,79,6,3,1,0,0,0
2024-03-10 01:00:00,80,6,3,1,0,0,0
2024-03-10 02:00:00,81,6,3,1,0,0,0
2024-03-10 03:00:00,82,6,3,1,0,0,0
2024-03-10 04:00:00,82,6,3,1,0,0,0
2024-03-10 05:00:00,84,6,3,1,0,0,0
2024-03-10 06:00:00,110,6,3,1,0,0,0
2024-03-10 07:00:00,106,6,3,1,0,0,0
2024-03-10 08:00:00,130,6,3,1,0,0,0
2024-03-10 09:00:00,137,6,3,1,0,0,0
2024-03-10 10:00:00,135,6,3,1,0,0,0
2024-03-10 11:00:00,135,6,3,1,0,0,0
2024-03-10 12:00:00,139,6,3,1,0,0,0
2024-03-10 13:00:00,118,6,3,1,0,0,0
2024-03-10 14:00:00,120,6,3,1,0,0,0
2024-03-10 15:00:00,126,6,3,1,0,0,0
2024-03-10 16:00:00,119,6,3,1,0,0,0
2024-03-10 17:00:00,116,6,3,1,0,0,0
2024-03-10 18:00:00,109,6,3,1,0,0,0
2024-03-10 19:00:00,112,6,3,1,0,0,0
2024-03-10 20:00:00,115,6,3,1,0,0,0
2024-03-10 21:00:00,100,6,3,1,0,0,0
2024-03-10 22:00:00,102,6,3,1,0,0,0
2024-03-10 23:00:00,105,6,3,1,0,0,0
2024-03-11 00:00:00,110,0,3,0,0,0,0
2024-03-11 01:00:00,106,0,3,0,0,0,0
2024-03-11 02:00:00,110,0,3,0,0,0,0
2024-03-11 03:00:00,107,0,3,0,0,0,0
2024-03-11 04:00:00,108,0,3,0,0,0,0
2024-03-11 05:00:00,104,0,3,0,0,0,0
2024-03-11 06:00:00,135,0,3,0,0,0,0
2024-03-11 07:00:00,130,0,3,0,0,0,0
2024-03-11 08:00:00,161,0,3,0,0,0,0
2024-03-11 09:00:00,169,0,3,0,0,0,0
2024-03-11 10:00:00,171,0,3,0,0,0,0
2024-03-11 11:00:00,179,0,3,0,0,0,0
2024-03-11 12:00:00,175,0,3,0,0,0,0
2024-03-11 13:00:00,157,0,3,0,0,0,0
2024-03-11 14:00:00,156,0,3,0,0,0,0
2024-03-11 15:00:00,156,0,3,0,0,0,0
2024-03-11 16:00:00,153,0,3,0,0,0,0
2024-03-11 17:00:00,143,0,3,0,0,0,0
2024-03-11 18:00:00,144,0,3,0,0,0,0
2024-03-11 19:00:00,150,0,3,0,0,0,0
2024-03-11 20:00:00,150,0,3,0,0,0,0
2024-03-11 21:00:00,137,0,3,0,0,0,0
2024-03-11 22:00:00,138,0,3,0,0,0,0
2024-03-11 23:00:00,131,0,3,0,0,0,0
2024-03-12 00:00:00,108,1,3,0,0,0,0
2024-03-12 01:00:00,104,1,3,0,0,0,0
2024-03-12 02:00:00,108,1,3,0,0,0,0
2024-03-12 03:00:00,108,1,3,0,0,0,0
2024-03-12 04:00:00,108,1,3,0,0,0,0
2024-03-12 05:00:00,115,1,3,0,0,0,0
2024-03-12 06:00:00,138,1,3,0,0,0,0
2024-03-12 07:00:00,129,1,3,0,0,0,0
2024-03-12 08:00:00,166,1,3,0,0,0,0
2024-03-12 09:00:00,178,1,3,0,0,0,0
2024-03-12 10:00:00,180,1,3,0,0,0,0
2024-03-12 11:00:00,174,1,3,0,0,0,0
2024-03-12 12:00:00,178,1,3,0,0,0,0
2024-03-12 13:00:00,166,1,3,0,0,0,0
2024-03-12 14:00:00,158,1,3,0,0,0,0
2024-03-12 15:00:00,155,1,3,0,0,0,0
2024-03-12 16:00:00,159,1,3,0,0,0,0
2024-03-12 17:00:00,145,1,3,0,0,0,0
2024-03-12 18:00:00,149,1,3,0,0,0,0
2024-03-12 19:00:00,151,1,3,0,0,0,0
2024-03-12 20:00:00,157,1,3,0,0,0,0
2024-03-12 21:00:00,132,1,3,0,0,0,0
2024-03-12 22:00:00,132,1,3,0,0,0,0
2024-03-12 23:00:00,138,1,3,0,0,0,0
2024-03-13 00:00:00,110,2,3,0,0,0,0
2024-03-13 01:00:00,95,2,3,0,0,0,0
2024-03-13 02:00:00,100,2,3,0,0,0,0
2024-03-13 03:00:00,109,2,3,0,0,0,0
2024-03-13 04:00:00,107,2,3,0,0,0,0
2024-03-13 05:00:00,107,2,3,0,0,0,0
2024-03-13 06:00:00,126,2,3,0,0,0,0
2024-03-13 07:00:00,136,2,3,0,0,0,0
2024-03-13 08:00:00,163,2,3,0,0,0,0
2024-03-13 09:00:00,172,2,3,0,0,0,0
2024-03-13 10:00:00,166,2,3,0,0,0,0
2024-03-13 11:00:00,170,2,3,0,0,0,0
2024-03-13 12:00:00,170,2,3,0,0,0,0
2024-03-13 13:00:00,154,2,3,0,0,0,0
2024-03-13 14:00:00,152,2,3,0,0,0,0
2024-03-13 15:00:00,157,2,3,0,0,0,0
2024-03-13 16:00:00,157,2,3,0,0,0,0
2024-03-13 17:00:00,151,2,3,0,0,0,0
2024-03-13 18:00:00,142,2,3,0,0,0,0
2024-03-13 19:00:00,153,2,3,0,0,0,0
2024-03-13 20:00:00,142,2,3,0,0,0,0
2024-03-13 21:00:00,139,2,3,0,0,0,0
2024-03-13 22:00:00,133,2,3,0,0,0,0
2024-03-13 23:00:00,130,2,3,0,0,0,0
2024-03-14 00:00:00,97,3,3,0,0,0,0
2024-03-14 01:00:00,92,3,3,0,0,0,0
2024-03-14 02:00:00,98,3,3,0,0,0,0
2024-03-14 03:00:00,101,3,3,0,0,0,0
2024-03-14 04:00:00,97,3,3,0,0,0,0
2024-03-14 05:00:00,96,3,3,0,0,0,0
2024-03-14 06:00:00,127,3,3,0,0,0,0
2024-03-14 07:00:00,123,3,3,0,0,0,0
2024-03-14 08:00:00,154,3,3,0,0,0,0
2024-03-14 09:00:00,166,3,3,0,0,0,0
2024-03-14 10:00:00,167,3,3,0,0,0,0
2024-03-14 11:00:00,162,3,3,0,0,0,0
2024-03-14 12:00:00,173,3,3,0,0,0,0
2024-03-14 13:00:00,152,3,3,0,0,0,0
2024-03-14 14:00:00,144,3,3,0,0,0,0
2024-03-14 15:00:00,143,3,3,0,0,0,0
2024-03-14 16:00:00,151,3,3,0,0,0,0
2024-03-14 17:00:00,142,3,3,0,0,0,0
2024-03-14 18:00:00,142,3,3,0,0,0,0
2024-03-14 19:00:00,142,3,3,0,0,0,0
2024-03-14 20:00:00,134,3,3,0,0,0,0
2024-03-14 21:00:00,126,3,3,0,0,0,0
2024-03-14 22:00:00,128,3,3,0,0,0,0
2024-03-14 23:00:00,121,3,3,0,0,0,0
2024-03-15 00:00:00,88,4,3,0,0,0,0
2024-03-15 01:00:00,104,4,3,0,0,0,0
2024-03-15 02:00:00,94,4,3,0,0,0,0
2024-03-15 03:00:00,99,4,3,0,0,0,0
2024-03-15 04:00:00,100,4,3,0,0,0,0
2024-03-15 05:00:00,93,4,3,0,0,0,0
2024-03-15 06:00:00,124,4,3,0,0,0,0
2024-03-15 07:00:00,117,4,3,0,0,0,0
2024-03-15 08:00:00,148,4,3,0,0,0,0
2024-03-15 09:00:00,161,4,3,0,0,0,0
2024-03-15 10:00:00,158,4,3,0,0,0,0
2024-03-15 11:00:00,163,4,3,0,0,0,0
2024-03-15 12:00:00,159,4,3,0,0,0,0
2024-03-15 13:00:00,137,4,3,0,0,0,0
2024-03-15 14:00:00,147,4,3,0,0,0,0
2024-03-15 15:00:00,147,4,3,0,0,0,0
2024-03-15 16:00:00,153,4,3,0,0,0,0
2024-03-15 17:00:00,139,4,3,0,0,0,0
2024-03-15 18:00:00,143,4,3,0,0,0,0
2024-03-15 19:00:00,136,4,3,0,0,0,0
2024-03-15 20:00:00,127,4,3,0,0,0,0
2024-03-15 21:00:00,118,4,3,0,0,0,0
2024-03-15 22:00:00,121,4,3,0,0,0,0
2024-03-15 23:00:00,116,4,3,0,0,0,0
2024-03-16 00:00:00,72,5,3,1,0,0,0
2024-03-16 01:00:00,87,5,3,1,0,0,0
2024-03-16 02:00:00,75,5,3,1,0,0,0
2024-03-16 03:00:00,78,5,3,1,0,0,0
2024-03-16 04:00:00,67,5,3,1,0,0,0
2024-03-16 05:00:00,70,5,3,1,0,0,0
2024-03-16 06:00:00,98,5,3,1,0,0,0
2024-03-16 07:00:00,89,5,3,1,0,0,0
2024-03-16 08:00:00,116,5,3,1,0,0,0
2024-03-16 09:00:00,118,5,3,1,0,0,0
2024-03-16 10:00:00,117,5,3,1,0,0,0
2024-03-16 11:00:00,127,5,3,1,0,0,0
2024-03-16 12:00:00,131,5,3,1,0,0,0
2024-03-16 13:00:00,113,5,3,1,0,0,0
2024-03-16 14:00:00,121,5,3,1,0,0,0
2024-03-16 15:00:00,112,5,3,1,0,0,0
2024-03-16 16:00:00,114,5,3,1,0,0,0
2024-03-16 17:00:00,108,5,3,1,0,0,0
2024-03-16 18:00:00,110,5,3,1,0,0,0
2024-03-16 19:00:00,109,5,3,1,0,0,0
2024-03-16 20:00:00,107,5,3,1,0,0,0
2024-03-16 21:00:00,90,5,3,1,0,0,0
2024-03-16 22:00:00,92,5,3,1,0,0,0
2024-03-16 23:00:00,95,5,3,1,0,0,0
2024-03-17 00:00:00,77,6,3,1,0,0,0
2024-03-17 01:00:00,74,6,3,1,0,0,0
2024-03-17 02:00:00,78,6,3,1,0,0,0
2024-03-17 03:00:00,74,6,3,1,0,0,0
2024-03-17 04:00:00,74,6,3,1,0,0,0
2024-03-17 05:00:00,79,6,3,1,0,0,0
2024-03-17 06:00:00,102,6,3,1,0,0,0
2024-03-17 07:00:00,103,6,3,1,0,0,0
2024-03-17 08:00:00,123,6,3,1,0,0,0
2024-03-17 09:00:00,135,6,3,1,0,0,0
2024-03-17 10:00:00,136,6,3,1,0,0,0
2024-03-17 11:00:00,138,6,3,1,0,0,0
2024-03-17 12:00:00,129,6,3,1,0,0,0
2024-03-17 13:00:00,124,6,3,1,0,0,0
2024-03-17 14:00:00,123,6,3,1,0,0,0
2024-03-17 15:00:00,112,6,3,1,0,0,0
2024-03-17 16:00:00,127,6,3,1,0,0,0
2024-03-17 17:00:00,110,6,3,1,0,0,0
2024-03-17 18:00:00,110,6,3,1,0,0,0
2024-03-17 19:00:00,117,6,3,1,0,0,0
2024-03-17 20:00:00,116,6,3,1,0,0,0
2024-03-17 21:00:00,100,6,3,1,0,0,0
2024-03-17 22:00:00,94,6,3,1,0,0,0
2024-03-17 23:00:00,101,6,3,1,0,0,0
2024-03-18 00:00:00,103,0,3,0,0,0,0
2024-03-18 01:00:00,98,0,3,0,0,0,0
2024-03-18 02:00:00,107,0,3,0,0,0,0
2024-03-18 03:00:00,117,0,3,0,0,0,0
2024-03-18 04:00:00,111,0,3,0,0,0,0
2024-03-18 05:00:00,105,0,3,0,0,0,0
2024-03-18 06:00:00,127,0,3,0,0,0,0
2024-03-18 07:00:00,137,0,3,0,0,0,0
2024-03-18 08:00:00,162,0,3,0,0,0,0
2024-03-18 09:00:00,174,0,3,0,0,0,0
2024-03-18 10:00:00,178,0,3,0,0,0,0
2024-03-18 11:00:00,173,0,3,0,0,0,0
2024-03-18 12:00:00,172,0,3,0,0,0,0
2024-03-18 13:00:00,151,0,3,0,0,0,0
2024-03-18 14:00:00,156,0,3,0,0,0,0
2024-03-18 15:00:00,153,0,3,0,0,0,0
2024-03-18 16:00:00,158,0,3,0,0,0,0
2024-03-18 17:00:00,148,0,3,0,0,0,0
2024-03-18 18:00:00,143,0,3,0,0,0,0
2024-03-18 19:00:00,143,0,3,0,0,0,0
2024-03-18 20:00:00,149,0,3,0,0,0,0
2024-03-18 21:00:00,134,0,3,0,0,0,0
2024-03-18 22:00:00,138,0,3,0,0,0,0
2024-03-18 23:00:00,135,0,3,0,0,0,0
2024-03-19 00:00:00,113,1,3,0,0,0,0
2024-03-19 01:00:00,115,1,3,0,0,0,0
2024-03-19 02:00:00,105,1,3,0,0,0,0
2024-03-19 03:00:00,105,1,3,0,0,0,0
2024-03-19 04:00:00,115,1,3,0,0,0,0
2024-03-19 05:00:00,115,1,3,0,0,0,0
2024-03-19 06:00:00,131,1,3,0,0,0,0
2024-03-19 07:00:00,132,1,3,0,0,0,0
2024-03-19 08:00:00,167,1,3,0,0,0,0
2024-03-19 09:00:00,175,1,3,0,0,0,0
2024-03-19 10:00:00,170,1,3,0,0,0,0
2024-03-19 11:00:00,172,1,3,0,0,0,0
2024-03-19 12:00:00,169,1,3,0,0,0,0
2024-03-19 13:00:00,158,1,3,0,0,0,0
2024-03-19 14:00:00,156,1,3,0,0,0,0
2024-03-19 15:00:00,156,1,3,0,0,0,0
2024-03-19 16:00:00,159,1,3,0,0,0,0
2024-03-19 17:00:00,144,1,3,0,0,0,0
2024-03-19 18:00:00,154,1,3,0,0,0,0
2024-03-19 19:00:00,152,1,3,0,0,0,0
2024-03-19 20:00:00,147,1,3,0,0,0,0
2024-03-19 21:00:00,138,1,3,0,0,0,0
2024-03-19 22:00:00,135,1,3,0,0,0,0
2024-03-19 23:00:00,133,1,3,0,0,0,0
2024-03-20 00:00:00,108,2,3,0,0,0,0
2024-03-20 01:00:00,114,2,3,0,0,0,0
2024-03-20 02:00:00,103,2,3,0,0,0,0
2024-03-20 03:00:00,106,2,3,0,0,0,0
2024-03-20 04:00:00,103,2,3,0,0,0,0
2024-03-20 05:00:00,106,2,3,0,0,0,0
2024-03-20 06:00:00,131,2,3,0,0,0,0
2024-03-20 07:00:00,130,2,3,0,0,0,0
2024-03-20 08:00:00,162,2,3,0,0,0,0
2024-03-20 09:00:00,167,2,3,0,0,0,0
2024-03-20 10:00:00,175,2,3,0,0,0,0
2024-03-20 11:00:00,166,2,3,0,0,0,0
2024-03-20 12:00:00,170,2,3,0,0,0,0
2024-03-20 13:00:00,157,2,3,0,0,0,0
2024-03-20 14:00:00,152,2,3,0,0,0,0
2024-03-20 15:00:00,157,2,3,0,0,0,0
2024-03-20 16:00:00,153,2,3,0,0,0,0
2024-03-20 17:00:00,145,2,3,0,0,0,0
2024-03-20 18:00:00,144,2,3,0,0,0,0
2024-03-20 19:00:00,144,2,3,0,0,0,0
2024-03-20 20:00:00,148,2,3,0,0,0,0
2024-03-20 21:00:00,126,2,3,0,0,0,0
2024-03-20 22:00:00,127,2,3,0,0,0,0
2024-03-20 23:00:00,141,2,3,0,0,0,0
2024-03-21 00:00:00,90,3,3,0,0,0,0
2024-03-21 01:00:00,97,3,3,0,0,0,0
2024-03-21 02:00:00,93,3,3,0,0,0,0
2024-03-21 03:00:00,100,3,3,0,0,0,0
2024-03-21 04:00:00,103,3,3,0,0,0,0
2024-03-21 05:00:00,93,3,3,0,0,0,0
2024-03-21 06:00:00,124,3,3,0,0,0,0
2024-03-21 07:00:00,121,3,3,0,0,0,0
2024-03-21 08:00:00,151,3,3,0,0,0,0
2024-03-21 09:00:00,162,3,3,0,0,0,0
2024-03-21 10:00:00,169,3,3,0,0,0,0
2024-03-21 11:00:00,164,3,3,0,0,0,0
2024-03-21 12:00:00,170,3,3,0,0,0,0
2024-03-21 13:00:00,146,3,3,0,0,0,0
2024-03-21 14:00:00,148,3,3,0,0,0,0
2024-03-21 15:00:00,146,3,3,0,0,0,0
2024-03-21 16:00:00,148,3,3,0,0,0,0
2024-03-21 17:00:00,138,3,3,0,0,0,0
2024-03-21 18:00:00,137,3,3,0,0,0,0
2024-03-21 19:00:00,141,3,3,0,0,0,0
2024-03-21 20:00:00,143,3,3,0,0,0,0
2024-03-21 21:00:00,124,3,3,0,0,0,0
2024-03-21 22:00:00,126,3,3,0,0,0,0
2024-03-21 23:00:00,125,3,3,0,0,0,0
2024-03-22 00:00:00,100,4,3,0,0,0,0
2024-03-22 01:00:00,93,4,3,0,0,0,0
2024-03-22 02:00:00,98,4,3,0,0,0,0
2024-03-22 03:00:00,98,4,3,0,0,0,0
2024-03-22 04:00:00,91,4,3,0,0,0,0
2024-03-22 05:00:00,90,4,3,0,0,0,0
2024-03-22 06:00:00,121,4,3,0,0,0,0
2024-03-22 07:00:00,116,4,3,0,0,0,0
2024-03-22 08:00:00,146,4,3,0,0,0,0
2024-03-22 09:00:00,158,4,3,0,0,0,0
2024-03-22 10:00:00,154,4,3,0,0,0,0
2024-03-22 11:00:00,159,4,3,0,0,0,0
2024-03-22 12:00:00,169,4,3,0,0,0,0
2024-03-22 13:00:00,147,4,3,0,0,0,0
2024-03-22 14:00:00,136,4,3,0,0,0,0
2024-03-22 15:00:00,143,4,3,0,0,0,0
2024-03-22 16:00:00,145,4,3,0,0,0,0
2024-03-22 17:00:00,126,4,3,0,0,0,0
2024-03-22 18:00:00,129,4,3,0,0,0,0
2024-03-22 19:00:00,140,4,3,0,0,0,0
2024-03-22 20:00:00,141,4,3,0,0,0,0
2024-03-22 21:00:00,118,4,3,0,0,0,0
2024-03-22 22:00:00,123,4,3,0,0,0,0
2024-03-22 23:00:00,125,4,3,0,0,0,0
2024-03-23 00:00:00,69,5,3,1,0,0,0
2024-03-23 01:00:00,69,5,3,1,0,0,0
2024-03-23 02:00:00,79,5,3,1,0,0,0
2024-03-23 03:00:00,77,5,3,1,0,0,0
2024-03-23 04:00:00,70,5,3,1,0,0,0
2024-03-23 05:00:00,71,5,3,1,0,0,0
2024-03-23 06:00:00,92,5,3,1,0,0,0
2024-03-23 07:00:00,99,5,3,1,0,0,0
2024-03-23 08:00:00,117,5,3,1,0,0,0
2024-03-23 09:00:00,130,5,3,1,0,0,0
2024-03-23 10:00:00,127,5,3,1,0,0,0
2024-03-23 11:00:00,127,5,3,1,0,0,0
2024-03-23 12:00:00,130,5,3,1,0,0,0
2024-03-23 13:00:00,112,5,3,1,0,0,0
2024-03-23 14:00:00,122,5,3,1,0,0,0
2024-03-23 15:00:00,117,5,3,1,0,0,0
2024-03-23 16:00:00,112,5,3,1,0,0,0
2024-03-23 17:00:00,103,5,3,1,0,0,0
2024-03-23 18:00:00,101,5,3,1,0,0,0
2024-03-23 19:00:00,110,5,3,1,0,0,0
2024-03-23 20:00:00,106,5,3,1,0,0,0
2024-03-23 21:00:00,95,5,3,1,0,0,0
2024-03-23 22:00:00,96,5,3,1,0,0,0
2024-03-23 23:00:00,97,5,3,1,0,0,0
2024-03-24 00:00:00,85,6,3,1,0,0,0
2024-03-24 01:00:00,76,6,3,1,0,0,0
2024-03-24 02:00:00,83,6,3,1,0,0,0
2024-03-24 03:00:00,82,6,3,1,0,0,0
2024-03-24 04:00:00,80,6,3,1,0,0,0
2024-03-24 05:00:00,75,6,3,1,0,0,0
2024-03-24 06:00:00,99,6,3,1,0,0,0
2024-03-24 07:00:00,104,6,3,1,0,0,0
2024-03-24 08:00:00,124,6,3,1,0,0,0
2024-03-24 09:00:00,132,6,3,1,0,0,0
2024-03-24 10:00:00,135,6,3,1,0,0,0
2024-03-24 11:00:00,131,6,3,1,0,0,0
2024-03-24 12:00:00,134,6,3,1,0,0,0
2024-03-24 13:00:00,120,6,3,1,0,0,0
2024-03-24 14:00:00,118,6,3,1,0,0,0
2024-03-24 15:00:00,117,6,3,1,0,0,0
2024-03-24 16:00:00,120,6,3,1,0,0,0
2024-03-24 17:00:00,107,6,3,1,0,0,0
2024-03-24 18:00:00,116,6,3,1,0,0,0
2024-03-24 19:00:00,102,6,3,1,0,0,0
2024-03-24 20:00:00,111,6,3,1,0,0,0
2024-03-24 21:00:00,101,6,3,1,0,0,0
2024-03-24 22:00:00,99,6,3,1,0,0,0
2024-03-24 23:00:00,96,6,3,1,0,0,0
2024-03-25 00:00:00,107,0,3,0,0,0,0
2024-03-25 01:00:00,106,0,3,0,0,0,0
2024-03-25 02:00:00,106,0,3,0,0,0,0
2024-03-25 03:00:00,102,0,3,0,0,0,0
2024-03-25 04:00:00,104,0,3,0,0,0,0
2024-03-25 05:00:00,105,0,3,0,0,0,0
2024-03-25 06:00:00,132,0,3,0,0,0,0
2024-03-25 07:00:00,127,0,3,0,0,0,0
2024-03-25 08:00:00,157,0,3,0,0,0,0
2024-03-25 09:00:00,171,0,3,0,0,0,0
2024-03-25 10:00:00,180,0,3,0,0,0,0
2024-03-25 11:00:00,169,0,3,0,0,0,0
2024-03-25 12:00:00,168,0,3,0,0,0,0
2024-03-25 13:00:00,155,0,3,0,0,0,0
2024-03-25 14:00:00,158,0,3,0,0,0,0
2024-03-25 15:00:00,157,0,3,0,0,0,0
2024-03-25 16:00:00,153,0,3,0,0,0,0
2024-03-25 17:00:00,138,0,3,0,0,0,0
2024-03-25 18:00:00,141,0,3,0,0,0,0
2024-03-25 19:00:00,142,0,3,0,0,0,0
2024-03-25 20:00:00,148,0,3,0,0,0,0
2024-03-25 21:00:00,139,0,3,0,0,0,0
2024-03-25 22:00:00,132,0,3,0,0,0,0
2024-03-25 23:00:00,135,0,3,0,0,0,0
2024-03-26 00:00:00,112,1,3,0,0,0,0
2024-03-26 01:00:00,102,1,3,0,0,0,0
2024-03-26 02:00:00,109,1,3,0,0,0,0
2024-03-26 03:00:00,102,1,3,0,0,0,0
2024-03-26 04:00:00,103,1,3,0,0,0,0
2024-03-26 05:00:00,105,1,3,0,0,0,0
2024-03-26 06:00:00,137,1,3,0,0,0,0
2024-03-26 07:00:00,133,1,3,0,0,0,0
2024-03-26 08:00:00,165,1,3,0,0,0,0
2024-03-26 09:00:00,170,1,3,0,0,0,0
2024-03-26 10:00:00,169,1,3,0,0,0,0
2024-03-26 11:00:00,169,1,3,0,0,0,0
2024-03-26 12:00:00,178,1,3,0,0,0,0
2024-03-26 13:00:00,159,1,3,0,0,0,0
2024-03-26 14:00:00,164,1,3,0,0,0,0
2024-03-26 15:00:00,153,1,3,0,0,0,0
2024-03-26 16:00:00,152,1,3,0,0,0,0
2024-03-26 17:00:00,136,1,3,0,0,0,0
2024-03-26 18:00:00,143,1,3,0,0,0,0
2024-03-26 19:00:00,148,1,3,0,0,0,0
2024-03-26 20:00:00,143,1,3,0,0,0,0
2024-03-26 21:00:00,125,1,3,0,0,0,0
2024-03-26 22:00:00,133,1,3,0,0,0,0
2024-03-26 23:00:00,134,1,3,0,0,0,0
2024-03-27 00:00:00,104,2,3,0,0,0,0
2024-03-27 01:00:00,101,2,3,0,0,0,0
2024-03-27 02:00:00,98,2,3,0,0,0,0
2024-03-27 03:00:00,105,2,3,0,0,0,0
2024-03-27 04:00:00,105,2,3,0,0,0,0
2024-03-27 05:00:00,98,2,3,0,0,0,0
2024-03-27 06:00:00,127,2,3,0,0,0,0
2024-03-27 07:00:00,128,2,3,0,0,0,0
2024-03-27 08:00:00,157,2,3,0,0,0,0
2024-03-27 09:00:00,169,2,3,0,0,0,0
2024-03-27 10:00:00,170,2,3,0,0,0,0
2024-03-27 11:00:00,165,2,3,0,0,0,0
2024-03-27 12:00:00,162,2,3,0,0,0,0
2024-03-27 13:00:00,151,2,3,0,0,0,0
2024-03-27 14:00:00,155,2,3,0,0,0,0
2024-03-27 15:00:00,159,2,3,0,0,0,0
2024-03-27 16:00:00,153,2,3,0,0,0,0
2024-03-27 17:00:00,136,2,3,0,0,0,0
2024-03-27 18:00:00,140,2,3,0,0,0,0
2024-03-27 19:00:00,142,2,3,0,0,0,0
2024-03-27 20:00:00,147,2,3,0,0,0,0
2024-03-27 21:00:00,131,2,3,0,0,0,0
2024-03-27 22:00:00,128,2,3,0,0,0,0
2024-03-27 23:00:00,129,2,3,0,0,0,0
2024-03-28 00:00:00,92,3,3,0,0,0,0
2024-03-28 01:00:00,101,3,3,0,0,0,0
2024-03-28 02:00:00,96,3,3,0,0,0,0
2024-03-28 03:00:00,94,3,3,0,0,0,0
2024-03-28 04:00:00,101,3,3,0,0,0,0
2024-03-28 05:00:00,91,3,3,0,0,0,0
2024-03-28 06:00:00,123,3,3,0,0,0,0
2024-03-28 07:00:00,123,3,3,0,0,0,0
2024-03-28 08:00:00,151,3,3,0,0,0,0
2024-03-28 09:00:00,164,3,3,0,0,0,0
2024-03-28 10:00:00,161,3,3,0,0,0,0
2024-03-28 11:00:00,170,3,3,0,0,0,0
2024-03-28 12:00:00,165,3,3,0,0,0,0
2024-03-28 13:00:00,148,3,3,0,0,0,0
2024-03-28 14:00:00,151,3,3,0,0,0,0
2024-03-28 15:00:00,149,3,3,0,0,0,0
2024-03-28 16:00:00,151,3,3,0,0,0,0
2024-03-28 17:00:00,134,3,3,0,0,0,0
2024-03-28 18:00:00,142,3,3,0,0,0,0
2024-03-28 19:00:00,135,3,3,0,0,0,0
2024-03-28 20:00:00,140,3,3,0,0,0,0
2024-03-28 21:00:00,131,3,3,0,0,0,0
2024-03-28 22:00:00,123,3,3,0,0,0,0
2024-03-28 23:00:00,121,3,3,0,0,0,0
2024-03-29 00:00:00,87,4,3,0,0,0,0
2024-03-29 01:00:00,91,4,3,0,0,0,0
2024-03-29 02:00:00,90,4,3,0,0,0,0
2024-03-29 03:00:00,92,4,3,0,0,0,0
2024-03-29 04:00:00,93,4,3,0,0,0,0
2024-03-29 05:00:00,95,4,3,0,0,0,0
2024-03-29 06:00:00,126,4,3,0,0,0,0
2024-03-29 07:00:00,128,4,3,0,0,0,0
2024-03-29 08:00:00,151,4,3,0,0,0,0
2024-03-29 09:00:00,160,4,3,0,0,0,0
2024-03-29 10:00:00,166,4,3,0,0,0,0
2024-03-29 11:00:00,158,4,3,0,0,0,0
2024-03-29 12:00:00,158,4,3,0,0,0,0
2024-03-29 13:00:00,137,4,3,0,0,0,0
2024-03-29 14:00:00,142,4,3,0,0,0,0
2024-03-29 15:00:00,146,4,3,0,0,0,0
2024-03-29 16:00:00,141,4,3,0,0,0,0
2024-03-29 17:00:00,135,4,3,0,0,0,0
2024-03-29 18:00:00,137,4,3,0,0,0,0
2024-03-29 19:00:00,134,4,3,0,0,0,0
2024-03-29 20:00:00,134,4,3,0,0,0,0
2024-03-29 21:00:00,113,4,3,0,0,0,0
2024-03-29 22:00:00,117,4,3,0,0,0,0
2024-03-29 23:00:00,117,4,3,0,0,0,0
2024-03-30 00:00:00,69,5,3,1,0,0,0
2024-03-30 01:00:00,74,5,3,1,0,0,0
2024-03-30 02:00:00,73,5,3,1,0,0,0
2024-03-30 03:00:00,67,5,3,1,0,0,0
2024-03-30 04:00:00,71,5,3,1,0,0,0
2024-03-30 05:00:00,76,5,3,1,0,0,0
2024-03-30 06:00:00,99,5,3,1,0,0,0
2024-03-30 07:00:00,88,5,3,1,0,0,0
2024-03-30 08:00:00,116,5,3,1,0,0,0
2024-03-30 09:00:00,127,5,3,1,0,0,0
2024-03-30 10:00:00,117,5,3,1,0,0,0
2024-03-30 11:00:00,127,5,3,1,0,0,0
2024-03-30 12:00:00,124,5,3,1,0,0,0
2024-03-30 13:00:00,113,5,3,1,0,0,0
2024-03-30 14:00:00,109,5,3,1,0,0,0
2024-03-30 15:00:00,110,5,3,1,0,0,0
2024-03-30 16:00:00,113,5,3,1,0,0,0
2024-03-30 17:00:00,107,5,3,1,0,0,0
2024-03-30 18:00:00,105,5,3,1,0,0,0
2024-03-30 19:00:00,106,5,3,1,0,0,0
2024-03-30 20:00:00,107,5,3,1,0,0,0
2024-03-30 21:00:00,98,5,3,1,0,0,0
2024-03-30 22:00:00,98,5,3,1,0,0,0
2024-03-30 23:00:00,90,5,3,1,0,0,0
2024-03-31 00:00:00,82,6,3,1,0,0,0
2024-03-31 01:00:00,84,6,3,1,0,0,0
2024-03-31 02:00:00,78,6,3,1,0,0,0
2024-03-31 03:00:00,75,6,3,1,0,0,0
2024-03-31 04:00:00,81,6,3,1,0,0,0
2024-03-31 05:00:00,82,6,3,1,0,0,0
2024-03-31 06:00:00,98,6,3,1,0,0,0
2024-03-31 07:00:00,99,6,3,1,0,0,0
2024-03-31 08:00:00,122,6,3,1,0,0,0
2024-03-31 09:00:00,132,6,3,1,0,0,0
2024-03-31 10:00:00,129,6,3,1,0,0,0
2024-03-31 11:00:00,130,6,3,1,0,0,0
2024-03-31 12:00:00,132,6,3,1,0,0,0
2024-03-31 13:00:00,114,6,3,1,0,0,0
2024-03-31 14:00:00,112,6,3,1,0,0,0
2024-03-31 15:00:00,120,6,3,1,0,0,0
2024-03-31 16:00:00,114,6,3,1,0,0,0
2024-03-31 17:00:00,114,6,3,1,0,0,0
2024-03-31 18:00:00,108,6,3,1,0,0,0
2024-03-31 19:00:00,111,6,3,1,0,0,0
2024-03-31 20:00:00,112,6,3,1,0,0,0
2024-03-31 21:00:00,107,6,3,1,0,0,0
2024-03-31 22:00:00,98,6,3,1,0,0,0
2024-03-31 23:00:00,96,6,3,1,0,0,0
2024-04-01 00:00:00,99,0,4,0,0,0,0
2024-04-01 01:00:00,101,0,4,0,0,0,0
2024-04-01 02:00:00,105,0,4,0,0,0,0
2024-04-01 03:00:00,105,0,4,0,0,0,0
2024-04-01 04:00:00,107,0,4,0,0,0,0
2024-04-01 05:00:00,100,0,4,0,0,0,0
2024-04-01 06:00:00,135,0,4,0,0,0,0
2024-04-01 07:00:00,132,0,4,0,0,0,0
2024-04-01 08:00:00,159,0,4,0,0,0,0
2024-04-01 09:00:00,174,0,4,0,0,0,0
2024-04-01 10:00:00,165,0,4,0,0,0,0
2024-04-01 11:00:00,171,0,4,0,0,0,0
2024-04-01 12:00:00,164,0,4,0,0,0,0
2024-04-01 13:00:00,148,0,4,0,0,0,0
2024-04-01 14:00:00,151,0,4,0,0,0,0
2024-04-01 15:00:00,155,0,4,0,0,0,0
2024-04-01 16:00:00,153,0,4,0,0,0,0
2024-04-01 17:00:00,147,0,4,0,0,0,0
2024-04-01 18:00:00,147,0,4,0,0,0,0
2024-04-01 19:00:00,141,0,4,0,0,0,0
2024-04-01 20:00:00,132,0,4,0,0,0,0
2024-04-01 21:00:00,129,0,4,0,0,0,0
2024-04-01 22:00:00,136,0,4,0,0,0,0
2024-04-01 23:00:00,128,0,4,0,0,0,0
2024-04-02 00:00:00,110,1,4,0,0,0,0
2024-04-02 01:00:00,103,1,4,0,0,0,0
2024-04-02 02:00:00,106,1,4,0,0,0,0
2024-04-02 03:00:00,112,1,4,0,0,0,0
2024-04-02 04:00:00,100,1,4,0,0,0,0
2024-04-02 05:00:00,109,1,4,0,0,0,0
2024-04-02 06:00:00,133,1,4,0,0,0,0
2024-04-02 07:00:00,136,1,4,0,0,0,0
2024-04-02 08:00:00,165,1,4,0,0,0,0
2024-04-02 09:00:00,168,1,4,0,0,0,0
2024-04-02 10:00:00,172,1,4,0,0,0,0
2024-04-02 11:00:00,172,1,4,0,0,0,0
2024-04-02 12:00:00,178,1,4,0,0,0,0
2024-04-02 13:00:00,154,1,4,0,0,0,0
2024-04-02 14:00:00,151,1,4,0,0,0,0
2024-04-02 15:00:00,160,1,4,0,0,0,0
2024-04-02 16:00:00,154,1,4,0,0,0,0
2024-04-02 17:00:00,142,1,4,0,0,0,0
2024-04-02 18:00:00,138,1,4,0,0,0,0
2024-04-02 19:00:00,139,1,4,0,0,0,0
2024-04-02 20:00:00,144,1,4,0,0,0,0
2024-04-02 21:00:00,128,1,4,0,0,0,0
2024-04-02 22:00:00,135,1,4,0,0,0,0
2024-04-02 23:00:00,130,1,4,0,0,0,0
2024-04-03 00:00:00,108,2,4,0,0,0,0
2024-04-03 01:00:00,105,2,4,0,0,0,0
2024-04-03 02:00:00,100,2,4,0,0,0,0
2024-04-03 03:00:00,99,2,4,0,0,0,0
2024-04-03 04:00:00,101,2,4,0,0,0,0
2024-04-03 05:00:00,93,2,4,0,0,0,0
2024-04-03 06:00:00,127,2,4,0,0,0,0
2024-04-03 07:00:00,124,2,4,0,0,0,0
2024-04-03 08:00:00,154,2,4,0,0,0,0
2024-04-03 09:00:00,161,2,4,0,0,0,0
2024-04-03 10:00:00,168,2,4,0,0,0,0
2024-04-03 11:00:00,171,2,4,0,0,0,0
2024-04-03 12:00:00,167,2,4,0,0,0,0
2024-04-03 13:00:00,154,2,4,0,0,0,0
2024-04-03 14:00:00,150,2,4,0,0,0,0
2024-04-03 15:00:00,154,2,4,0,0,0,0
2024-04-03 16:00:00,148,2,4,0,0,0,0
2024-04-03 17:00:00,141,2,4,0,0,0,0
2024-04-03 18:00:00,144,2,4,0,0,0,0
2024-04-03 19:00:00,141,2,4,0,0,0,0
2024-04-03 20:00:00,134,2,4,0,0,0,0
2024-04-03 21:00:00,133,2,4,0,0,0,0
2024-04-03 22:00:00,131,2,4,0,0,0,0
2024-04-03 23:00:00,124,2,4,0,0,0,0
2024-04-04 00:00:00,92,3,4,0,0,0,0
2024-04-04 01:00:00,100,3,4,0,0,0,0
2024-04-04 02:00:00,93,3,4,0,0,0,0
2024-04-04 03:00:00,97,3,4,0,0,0,0
2024-04-04 04:00:00,95,3,4,0,0,0,0
2024-04-04 05:00:00,105,3,4,0,0,0,0
2024-04-04 06:00:00,122,3,4,0,0,0,0
2024-04-04 07:00:00,122,3,4,0,0,0,0
2024-04-04 08:00:00,153,3,4,0,0,0,0
2024-04-04 09:00:00,162,3,4,0,0,0,0
2024-04-04 10:00:00,158,3,4,0,0,0,0
2024-04-04 11:00:00,157,3,4,0,0,0,0
2024-04-04 12:00:00,162,3,4,0,0,0,0
2024-04-04 13:00:00,144,3,4,0,0,0,0
2024-04-04 14:00:00,146,3,4,0,0,0,0
2024-04-04 15:00:00,145,3,4,0,0,0,0
2024-04-04 16:00:00,146,3,4,0,0,0,0
2024-04-04 17:00:00,135,3,4,0,0,0,0
2024-04-04 18:00:00,140,3,4,0,0,0,0
2024-04-04 19:00:00,133,3,4,0,0,0,0
2024-04-04 20:00:00,131,3,4,0,0,0,0
2024-04-04 21:00:00,120,3,4,0,0,0,0
2024-04-04 22:00:00,124,3,4,0,0,0,0
2024-04-04 23:00:00,120,3,4,0,0,0,0
2024-04-05 00:00:00,91,4,4,0,0,0,0
2024-04-05 01:00:00,91,4,4,0,0,0,0
2024-04-05 02:00:00,92,4,4,0,0,0,0
2024-04-05 03:00:00,98,4,4,0,0,0,0
2024-04-05 04:00:00,91,4,4,0,0,0,0
2024-04-05 05:00:00,89,4,4,0,0,0,0
2024-04-05 06:00:00,115,4,4,0,0,0,0
2024-04-05 07:00:00,125,4,4,0,0,0,0
2024-04-05 08:00:00,146,4,4,0,0,0,0
2024-04-05 09:00:00,161,4,4,0,0,0,0
2024-04-05 10:00:00,153,4,4,0,0,0,0
2024-04-05 11:00:00,156,4,4,0,0,0,0
2024-04-05 12:00:00,159,4,4,0,0,0,0
2024-04-05 13:00:00,135,4,4,0,0,0,0
2024-04-05 14:00:00,138,4,4,0,0,0,0
2024-04-05 15:00:00,137,4,4,0,0,0,0
2024-04-05 16:00:00,136,4,4,0,0,0,0
2024-04-05 17:00:00,130,4,4,0,0,0,0
2024-04-05 18:00:00,127,4,4,0,0,0,0
2024-04-05 19:00:00,126,4,4,0,0,0,0
2024-04-05 20:00:00,124,4,4,0,0,0,0
2024-04-05 21:00:00,116,4,4,0,0,0,0
2024-04-05 22:00:00,115,4,4,0,0,0,0
2024-04-05 23:00:00,122,4,4,0,0,0,0
2024-04-06 00:00:00,76,5,4,1,0,0,0
2024-04-06 01:00:00,72,5,4,1,0,0,0
2024-04-06 02:00:00,78,5,4,1,0,0,0
2024-04-06 03:00:00,78,5,4,1,0,0,0
2024-04-06 04:00:00,73,5,4,1,0,0,0
2024-04-06 05:00:00,77,5,4,1,0,0,0
2024-04-06 06:00:00,94,5,4,1,0,0,0
2024-04-06 07:00:00,92,5,4,1,0,0,0
2024-04-06 08:00:00,119,5,4,1,0,0,0
2024-04-06 09:00:00,127,5,4,1,0,0,0
2024-04-06 10:00:00,121,5,4,1,0,0,0
2024-04-06 11:00:00,124,5,4,1,0,0,0
2024-04-06 12:00:00,126,5,4,1,0,0,0
2024-04-06 13:00:00,102,5,4,1,0,0,0
2024-04-06 14:00:00,110,5,4,1,0,0,0
2024-04-06 15:00:00,118,5,4,1,0,0,0
2024-04-06 16:00:00,114,5,4,1,0,0,0
2024-04-06 17:00:00,100,5,4,1,0,0,0
2024-04-06 18:00:00,96,5,4,1,0,0,0
2024-04-06 19:00:00,100,5,4,1,0,0,0
2024-04-06 20:00:00,99,5,4,1,0,0,0
2024-04-06 21:00:00,96,5,4,1,0,0,0
2024-04-06 22:00:00,96,5,4,1,0,0,0
2024-04-06 23:00:00,97,5,4,1,0,0,0
2024-04-07 00:00:00,71,6,4,1,0,0,0
2024-04-07 01:00:00,74,6,4,1,0,0,0
2024-04-07 02:00:00,79,6,4,1,0,0,0
2024-04-07 03:00:00,81,6,4,1,0,0,0
2024-04-07 04:00:00,72,6,4,1,0,0,0
2024-04-07 05:00:00,83,6,4,1,0,0,0
2024-04-07 06:00:00,98,6,4,1,0,0,0
2024-04-07 07:00:00,92,6,4,1,0,0,0
2024-04-07 08:00:00,119,6,4,1,0,0,0
2024-04-07 09:00:00,128,6,4,1,0,0,0
2024-04-07 10:00:00,123,6,4,1,0,0,0
2024-04-07 11:00:00,128,6,4,1,0,0,0
2024-04-07 12:00:00,132,6,4,1,0,0,0
2024-04-07 13:00:00,113,6,4,1,0,0,0
2024-04-07 14:00:00,123,6,4,1,0,0,0
2024-04-07 15:00:00,116,6,4,1,0,0,0
2024-04-07 16:00:00,113,6,4,1,0,0,0
2024-04-07 17:00:00,104,6,4,1,0,0,0
2024-04-07 18:00:00,112,6,4,1,0,0,0
2024-04-07 19:00:00,121,6,4,1,0,0,0
2024-04-07 20:00:00,108,6,4,1,0,0,0
2024-04-07 21:00:00,93,6,4,1,0,0,0
2024-04-07 22:00:00,92,6,4,1,0,0,0
2024-04-07 23:00:00,101,6,4,1,0,0,0
2024-04-08 00:00:00,96,0,4,0,0,0,0
2024-04-08 01:00:00,95,0,4,0,0,0,0
2024-04-08 02:00:00,100,0,4,0,0,0,0
2024-04-08 03:00:00,106,0,4,0,0,0,0
2024-04-08 04:00:00,101,0,4,0,0,0,0
2024-04-08 05:00:00,103,0,4,0,0,0,0
2024-04-08 06:00:00,134,0,4,0,0,0,0
2024-04-08 07:00:00,126,0,4,0,0,0,0
2024-04-08 08:00:00,155,0,4,0,0,0,0
2024-04-08 09:00:00,170,0,4,0,0,0,0
2024-04-08 10:00:00,172,0,4,0,0,0,0
2024-04-08 11:00:00,171,0,4,0,0,0,0
2024-04-08 12:00:00,173,0,4,0,0,0,0
2024-04-08 13:00:00,153,0,4,0,0,0,0
2024-04-08 14:00:00,154,0,4,0,0,0,0
2024-04-08 15:00:00,154,0,4,0,0,0,0
2024-04-08 16:00:00,156,0,4,0,0,0,0
2024-04-08 17:00:00,135,0,4,0,0,0,0
2024-04-08 18:00:00,138,0,4,0,0,0,0
2024-04-08 19:00:00,138,0,4,0,0,0,0
2024-04-08 20:00:00,138,0,4,0,0,0,0
2024-04-08 21:00:00,129,0,4,0,0,0,0
2024-04-08 22:00:00,131,0,4,0,0,0,0
2024-04-08 23:00:00,130,0,4,0,0,0,0
2024-04-09 00:00:00,110,1,4,0,0,0,0
2024-04-09 01:00:00,103,1,4,0,0,0,0
2024-04-09 02:00:00,107,1,4,0,0,0,0
2024-04-09 03:00:00,102,1,4,0,0,0,0
2024-04-09 04:00:00,105,1,4,0,0,0,0
2024-04-09 05:00:00,101,1,4,0,0,0,0
2024-04-09 06:00:00,128,1,4,0,0,0,0
2024-04-09 07:00:00,131,1,4,0,0,0,0
2024-04-09 08:00:00,159,1,4,0,0,0,0
2024-04-09 09:00:00,173,1,4,0,0,0,0
2024-04-09 10:00:00,183,1,4,0,0,0,0
2024-04-09 11:00:00,173,1,4,0,0,0,0
2024-04-09 12:00:00,166,1,4,0,0,0,0
2024-04-09 13:00:00,158,1,4,0,0,0,0
2024-04-09 14:00:00,156,1,4,0,0,0,0
2024-04-09 15:00:00,163,1,4,0,0,0,0
2024-04-09 16:00:00,153,1,4,0,0,0,0
2024-04-09 17:00:00,137,1,4,0,0,0,0
2024-04-09 18:00:00,145,1,4,0,0,0,0
2024-04-09 19:00:00,146,1,4,0,0,0,0
2024-04-09 20:00:00,142,1,4,0,0,0,0
2024-04-09 21:00:00,133,1,4,0,0,0,0
2024-04-09 22:00:00,135,1,4,0,0,0,0
2024-04-09 23:00:00,136,1,4,0,0,0,0
2024-04-10 00:00:00,102,2,4,0,0,0,0
2024-04-10 01:00:00,101,2,4,0,0,0,0
2024-04-10 02:00:00,101,2,4,0,0,0,0
2024-04-10 03:00:00,103,2,4,0,0,0,0
2024-04-10 04:00:00,108,2,4,0,0,0,0
2024-04-10 05:00:00,101,2,4,0,0,0,0
2024-04-10 06:00:00,128,2,4,0,0,0,0
2024-04-10 07:00:00,131,2,4,0,0,0,0
2024-04-10 08:00:00,161,2,4,0,0,0,0
2024-04-10 09:00:00,159,2,4,0,0,0,0
2024-04-10 10:00:00,165,2,4,0,0,0,0
2024-04-10 11:00:00,170,2,4,0,0,0,0
2024-04-10 12:00:00,173,2,4,0,0,0,0
2024-04-10 13:00:00,149,2,4,0,0,0,0
2024-04-10 14:00:00,157,2,4,0,0,0,0
2024-04-10 15:00:00,146,2,4,0,0,0,0
2024-04-10 16:00:00,152,2,4,0,0,0,0
2024-04-10 17:00:00,142,2,4,0,0,0,0
2024-04-10 18:00:00,145,2,4,0,0,0,0
2024-04-10 19:00:00,139,2,4,0,0,0,0
2024-04-10 20:00:00,142,2,4,0,0,0,0
2024-04-10 21:00:00,127,2,4,0,0,0,0
2024-04-10 22:00:00,130,2,4,0,0,0,0
2024-04-10 23:00:00,122,2,4,0,0,0,0
2024-04-11 00:00:00,85,3,4,0,0,0,0
2024-04-11 01:00:00,87,3,4,0,0,0,0
2024-04-11 02:00:00,96,3,4,0,0,0,0
2024-04-11 03:00:00,97,3,4,0,0,0,0
2024-04-11 04:00:00,87,3,4,0,0,0,0
2024-04-11 05:00:00,95,3,4,0,0,0,0
2024-04-11 06:00:00,117,3,4,0,0,0,0
2024-04-11 07:00:00,111,3,4,0,0,0,0
2024-04-11 08:00:00,142,3,4,0,0,0,0
2024-04-11 09:00:00,155,3,4,0,0,0,0
2024-04-11 10:00:00,162,3,4,0,0,0,0
2024-04-11 11:00:00,157,3,4,0,0,0,0
2024-04-11 12:00:00,161,3,4,0,0,0,0
2024-04-11 13:00:00,149,3,4,0,0,0,0
2024-04-11 14:00:00,138,3,4,0,0,0,0
2024-04-11 15:00:00,143,3,4,0,0,0,0
2024-04-11 16:00:00,139,3,4,0,0,0,0
2024-04-11 17:00:00,130,3,4,0,0,0,0
2024-04-11 18:00:00,143,3,4,0,0,0,0
2024-04-11 19:00:00,131,3,4,0,0,0,0
2024-04-11 20:00:00,141,3,4,0,0,0,0
2024-04-11 21:00:00,119,3,4,0,0,0,0
2024-04-11 22:00:00,119,3,4,0,0,0,0
2024-04-11 23:00:00,124,3,4,0,0,0,0
2024-04-12 00:00:00,93,4,4,0,0,0,0
2024-04-12 01:00:00,86,4,4,0,0,0,0
2024-04-12 02:00:00,89,4,4,0,0,0,0
2024-04-12 03:00:00,93,4,4,0,0,0,0
2024-04-12 04:00:00,92,4,4,0,0,0,0
2024-04-12 05:00:00,92,4,4,0,0,0,0
2024-04-12 06:00:00,114,4,4,0,0,0,0
2024-04-12 07:00:00,116,4,4,0,0,0,0
2024-04-12 08:00:00,142,4,4,0,0,0,0
2024-04-12 09:00:00,155,4,4,0,0,0,0
2024-04-12 10:00:00,154,4,4,0,0,0,0
2024-04-12 11:00:00,154,4,4,0,0,0,0
2024-04-12 12:00:00,157,4,4,0,0,0,0
2024-04-12 13:00:00,138,4,4,0,0,0,0
2024-04-12 14:00:00,139,4,4,0,0,0,0
2024-04-12 15:00:00,135,4,4,0,0,0,0
2024-04-12 16:00:00,138,4,4,0,0,0,0
2024-04-12 17:00:00,134,4,4,0,0,0,0
2024-04-12 18:00:00,130,4,4,0,0,0,0
2024-04-12 19:00:00,134,4,4,0,0,0,0
2024-04-12 20:00:00,131,4,4,0,0,0,0
2024-04-12 21:00:00,118,4,4,0,0,0,0
2024-04-12 22:00:00,114,4,4,0,0,0,0
2024-04-12 23:00:00,114,4,4,0,0,0,0
2024-04-13 00:00:00,79,5,4,1,0,0,0
2024-04-13 01:00:00,69,5,4,1,0,0,0
2024-04-13 02:00:00,78,5,4,1,0,0,0
2024-04-13 03:00:00,71,5,4,1,0,0,0
2024-04-13 04:00:00,65,5,4,1,0,0,0
2024-04-13 05:00:00,69,5,4,1,0,0,0
2024-04-13 06:00:00,96,5,4,1,0,0,0
2024-04-13 07:00:00,95,5,4,1,0,0,0
2024-04-13 08:00:00,116,5,4,1,0,0,0
2024-04-13 09:00:00,120,5,4,1,0,0,0
2024-04-13 10:00:00,124,5,4,1,0,0,0
2024-04-13 11:00:00,118,5,4,1,0,0,0
2024-04-13 12:00:00,121,5,4,1,0,0,0
2024-04-13 13:00:00,108,5,4,1,0,0,0
2024-04-13 14:00:00,111,5,4,1,0,0,0
2024-04-13 15:00:00,109,5,4,1,0,0,0
2024-04-13 16:00:00,107,5,4,1,0,0,0
2024-04-13 17:00:00,99,5,4,1,0,0,0
2024-04-13 18:00:00,96,5,4,1,0,0,0
2024-04-13 19:00:00,103,5,4,1,0,0,0
2024-04-13 20:00:00,103,5,4,1,0,0,0
2024-04-13 21:00:00,87,5,4,1,0,0,0
2024-04-13 22:00:00,87,5,4,1,0,0,0
2024-04-13 23:00:00,85,5,4,1,0,0,0
2024-04-14 00:00:00,71,6,4,1,0,0,0
2024-04-14 01:00:00,85,6,4,1,0,0,0
2024-04-14 02:00:00,74,6,4,1,0,0,0
2024-04-14 03:00:00,82,6,4,1,0,0,0
2024-04-14 04:00:00,78,6,4,1,0,0,0
2024-04-14 05:00:00,81,6,4,1,0,0,0
2024-04-14 06:00:00,95,6,4,1,0,0,0
2024-04-14 07:00:00,102,6,4,1,0,0,0
2024-04-14 08:00:00,122,6,4,1,0,0,0
2024-04-14 09:00:00,128,6,4,1,0,0,0
2024-04-14 10:00:00,127,6,4,1,0,0,0
2024-04-14 11:00:00,130,6,4,1,0,0,0
2024-04-14 12:00:00,132,6,4,1,0,0,0
2024-04-14 13:00:00,124,6,4,1,0,0,0
2024-04-14 14:00:00,113,6,4,1,0,0,0
2024-04-14 15:00:00,115,6,4,1,0,0,0
2024-04-14 16:00:00,113,6,4,1,0,0,0
2024-04-14 17:00:00,103,6,4,1,0,0,0
2024-04-14 18:00:00,102,6,4,1,0,0,0
2024-04-14 19:00:00,106,6,4,1,0,0,0
2024-04-14 20:00:00,112,6,4,1,0,0,0
2024-04-14 21:00:00,98,6,4,1,0,0,0
2024-04-14 22:00:00,104,6,4,1,0,0,0
2024-04-14 23:00:00,96,6,4,1,0,0,0
2024-04-15 00:00:00,98,0,4,0,0,0,0
2024-04-15 01:00:00,101,0,4,0,0,0,0
2024-04-15 02:00:00,100,0,4,0,0,0,0
2024-04-15 03:00:00,108,0,4,0,0,0,0
2024-04-15 04:00:00,107,0,4,0,0,0,0
2024-04-15 05:00:00,100,0,4,0,0,0,0
2024-04-15 06:00:00,124,0,4,0,0,0,0
2024-04-15 07:00:00,134,0,4,0,0,0,0
2024-04-15 08:00:00,157,0,4,0,0,0,0
2024-04-15 09:00:00,171,0,4,0,0,0,0
2024-04-15 10:00:00,163,0,4,0,0,0,0
2024-04-15 11:00:00,163,0,4,0,0,0,0
2024-04-15 12:00:00,175,0,4,0,0,0,0
2024-04-15 13:00:00,145,0,4,0,0,0,0
2024-04-15 14:00:00,161,0,4,0,0,0,0
2024-04-15 15:00:00,153,0,4,0,0,0,0
2024-04-15 16:00:00,154,0,4,0,0,0,0
2024-04-15 17:00:00,144,0,4,0,0,0,0
2024-04-15 18:00:00,138,0,4,0,0,0,0
2024-04-15 19:00:00,146,0,4,0,0,0,0
2024-04-15 20:00:00,142,0,4,0,0,0,0
2024-04-15 21:00:00,124,0,4,0,0,0,0
2024-04-15 22:00:00,137,0,4,0,0,0,0
2024-04-15 23:00:00,126,0,4,0,0,0,0
2024-04-16 00:00:00,105,1,4,0,0,0,0
2024-04-16 01:00:00,110,1,4,0,0,0,0
2024-04-16 02:00:00,100,1,4,0,0,0,0
2024-04-16 03:00:00,105,1,4,0,0,0,0
2024-04-16 04:00:00,107,1,4,0,0,0,0
2024-04-16 05:00:00,97,1,4,0,0,0,0
2024-04-16 06:00:00,131,1,4,0,0,0,0
2024-04-16 07:00:00,128,1,4,0,0,0,0
2024-04-16 08:00:00,159,1,4,0,0,0,0
2024-04-16 09:00:00,168,1,4,0,0,0,0
2024-04-16 10:00:00,169,1,4,0,0,0,0
2024-04-16 11:00:00,170,1,4,0,0,0,0
2024-04-16 12:00:00,171,1,4,0,0,0,0
2024-04-16 13:00:00,156,1,4,0,0,0,0
2024-04-16 14:00:00,151,1,4,0,0,0,0
2024-04-16 15:00:00,154,1,4,0,0,0,0
2024-04-16 16:00:00,153,1,4,0,0,0,0
2024-04-16 17:00:00,139,1,4,0,0,0,0
2024-04-16 18:00:00,144,1,4,0,0,0,0
2024-04-16 19:00:00,142,1,4,0,0,0,0
2024-04-16 20:00:00,146,1,4,0,0,0,0
2024-04-16 21:00:00,133,1,4,0,0,0,0
2024-04-16 22:00:00,131,1,4,0,0,0,0
2024-04-16 23:00:00,133,1,4,0,0,0,0
2024-04-17 00:00:00,94,2,4,0,0,0,0
2024-04-17 01:00:00,96,2,4,0,0,0,0
2024-04-17 02:00:00,98,2,4,0,0,0,0
2024-04-17 03:00:00,101,2,4,0,0,0,0
2024-04-17 04:00:00,97,2,4,0,0,0,0
2024-04-17 05:00:00,100,2,4,0,0,0,0
2024-04-17 06:00:00,124,2,4,0,0,0,0
2024-04-17 07:00:00,127,2,4,0,0,0,0
2024-04-17 08:00:00,155,2,4,0,0,0,0
2024-04-17 09:00:00,167,2,4,0,0,0,0
2024-04-17 10:00:00,174,2,4,0,0,0,0
2024-04-17 11:00:00,169,2,4,0,0,0,0
2024-04-17 12:00:00,162,2,4,0,0,0,0
2024-04-17 13:00:00,147,2,4,0,0,0,0
2024-04-17 14:00:00,148,2,4,0,0,0,0
2024-04-17 15:00:00,153,2,4,0,0,0,0
2024-04-17 16:00:00,148,2,4,0,0,0,0
2024-04-17 17:00:00,139,2,4,0,0,0,0
2024-04-17 18:00:00,132,2,4,0,0,0,0
2024-04-17 19:00:00,140,2,4,0,0,0,0
2024-04-17 20:00:00,137,2,4,0,0,0,0
2024-04-17 21:00:00,125,2,4,0,0,0,0
2024-04-17 22:00:00,128,2,4,0,0,0,0
2024-04-17 23:00:00,127,2,4,0,0,0,0
2024-04-18 00:00:00,96,3,4,0,0,0,0
2024-04-18 01:00:00,89,3,4,0,0,0,0
2024-04-18 02:00:00,92,3,4,0,0,0,0
2024-04-18 03:00:00,90,3,4,0,0,0,0
2024-04-18 04:00:00,98,3,4,0,0,0,0
2024-04-18 05:00:00,97,3,4,0,0,0,0
2024-04-18 06:00:00,117,3,4,0,0,0,0
2024-04-18 07:00:00,121,3,4,0,0,0,0
2024-04-18 08:00:00,147,3,4,0,0,0,0
2024-04-18 09:00:00,160,3,4,0,0,0,0
2024-04-18 10:00:00,155,3,4,0,0,0,0
2024-04-18 11:00:00,162,3,4,0,0,0,0
2024-04-18 12:00:00,164,3,4,0,0,0,0
2024-04-18 13:00:00,149,3,4,0,0,0,0
2024-04-18 14:00:00,143,3,4,0,0,0,0
2024-04-18 15:00:00,142,3,4,0,0,0,0
2024-04-18 16:00:00,137,3,4,0,0,0,0
2024-04-18 17:00:00,137,3,4,0,0,0,0
2024-04-18 18:00:00,132,3,4,0,0,0,0
2024-04-18 19:00:00,132,3,4,0,0,0,0
2024-04-18 20:00:00,128,3,4,0,0,0,0
2024-04-18 21:00:00,117,3,4,0,0,0,0
2024-04-18 22:00:00,117,3,4,0,0,0,0
2024-04-18 23:00:00,125,3,4,0,0,0,0
2024-04-19 00:00:00,89,4,4,0,0,0,0
2024-04-19 01:00:00,91,4,4,0,0,0,0
2024-04-19 02:00:00,92,4,4,0,0,0,0
2024-04-19 03:00:00,83,4,4,0,0,0,0
2024-04-19 04:00:00,92,4,4,0,0,0,0
2024-04-19 05:00:00,93,4,4,0,0,0,0
2024-04-19 06:00:00,108,4,4,0,0,0,0
2024-04-19 07:00:00,119,4,4,0,0,0,0
2024-04-19 08:00:00,142,4,4,0,0,0,0
2024-04-19 09:00:00,148,4,4,0,0,0,0
2024-04-19 10:00:00,148,4,4,0,0,0,0
2024-04-19 11:00:00,162,4,4,0,0,0,0
2024-04-19 12:00:00,158,4,4,0,0,0,0
2024-04-19 13:00:00,134,4,4,0,0,0,0
2024-04-19 14:00:00,140,4,4,0,0,0,0
2024-04-19 15:00:00,141,4,4,0,0,0,0
2024-04-19 16:00:00,147,4,4,0,0,0,0
2024-04-19 17:00:00,130,4,4,0,0,0,0
2024-04-19 18:00:00,131,4,4,0,0,0,0
2024-04-19 19:00:00,129,4,4,0,0,0,0
2024-04-19 20:00:00,131,4,4,0,0,0,0
2024-04-19 21:00:00,115,4,4,0,0,0,0
2024-04-19 22:00:00,111,4,4,0,0,0,0
2024-04-19 23:00:00,120,4,4,0,0,0,0
2024-04-20 00:00:00,75,5,4,1,0,0,0
2024-04-20 01:00:00,72,5,4,1,0,0,0
2024-04-20 02:00:00,69,5,4,1,0,0,0
2024-04-20 03:00:00,67,5,4,1,0,0,0
2024-04-20 04:00:00,69,5,4,1,0,0,0
2024-04-20 05:00:00,67,5,4,1,0,0,0
2024-04-20 06:00:00,88,5,4,1,0,0,0
2024-04-20 07:00:00,91,5,4,1,0,0,0
2024-04-20 08:00:00,111,5,4,1,0,0,0
2024-04-20 09:00:00,122,5,4,1,0,0,0
2024-04-20 10:00:00,123,5,4,1,0,0,0
2024-04-20 11:00:00,123,5,4,1,0,0,0
2024-04-20 12:00:00,112,5,4,1,0,0,0
2024-04-20 13:00:00,110,5,4,1,0,0,0
2024-04-20 14:00:00,113,5,4,1,0,0,0
2024-04-20 15:00:00,113,5,4,1,0,0,0
2024-04-20 16:00:00,109,5,4,1,0,0,0
2024-04-20 17:00:00,103,5,4,1,0,0,0
2024-04-20 18:00:00,97,5,4,1,0,0,0
2024-04-20 19:00:00,95,5,4,1,0,0,0
2024-04-20 20:00:00,97,5,4,1,0,0,0
2024-04-20 21:00:00,86,5,4,1,0,0,0
2024-04-20 22:00:00,81,5,4,1,0,0,0
2024-04-20 23:00:00,82,5,4,1,0,0,0
2024-04-21 00:00:00,72,6,4,1,0,0,0
2024-04-21 01:00:00,79,6,4,1,0,0,0
2024-04-21 02:00:00,77,6,4,1,0,0,0
2024-04-21 03:00:00,73,6,4,1,0,0,0
2024-04-21 04:00:00,72,6,4,1,0,0,0
2024-04-21 05:00:00,67,6,4,1,0,0,0
2024-04-21 06:00:00,94,6,4,1,0,0,0
2024-04-21 07:00:00,94,6,4,1,0,0,0
2024-04-21 08:00:00,113,6,4,1,0,0,0
2024-04-21 09:00:00,124,6,4,1,0,0,0
2024-04-21 10:00:00,133,6,4,1,0,0,0
2024-04-21 11:00:00,116,6,4,1,0,0,0
2024-04-21 12:00:00,120,6,4,1,0,0,0
2024-04-21 13:00:00,109,6,4,1,0,0,0
2024-04-21 14:00:00,119,6,4,1,0,0,0
2024-04-21 15:00:00,113,6,4,1,0,0,0
2024-04-21 16:00:00,111,6,4,1,0,0,0
2024-04-21 17:00:00,103,6,4,1,0,0,0
2024-04-21 18:00:00,109,6,4,1,0,0,0
2024-04-21 19:00:00,102,6,4,1,0,0,0
2024-04-21 20:00:00,107,6,4,1,0,0,0
2024-04-21 21:00:00,95,6,4,1,0,0,0
2024-04-21 22:00:00,95,6,4,1,0,0,0
2024-04-21 23:00:00,92,6,4,1,0,0,0
2024-04-22 00:00:00,104,0,4,0,0,0,0
2024-04-22 01:00:00,99,0,4,0,0,0,0
2024-04-22 02:00:00,105,0,4,0,0,0,0
2024-04-22 03:00:00,101,0,4,0,0,0,0
2024-04-22 04:00:00,104,0,4,0,0,0,0
2024-04-22 05:00:00,99,0,4,0,0,0,0
2024-04-22 06:00:00,129,0,4,0,0,0,0
2024-04-22 07:00:00,127,0,4,0,0,0,0
2024-04-22 08:00:00,154,0,4,0,0,0,0
2024-04-22 09:00:00,169,0,4,0,0,0,0
2024-04-22 10:00:00,171,0,4,0,0,0,0
2024-04-22 11:00:00,166,0,4,0,0,0,0
2024-04-22 12:00:00,168,0,4,0,0,0,0
2024-04-22 13:00:00,147,0,4,0,0,0,0
2024-04-22 14:00:00,145,0,4,0,0,0,0
2024-04-22 15:00:00,145,0,4,0,0,0,0
2024-04-22 16:00:00,150,0,4,0,0,0,0
2024-04-22 17:00:00,143,0,4,0,0,0,0
2024-04-22 18:00:00,143,0,4,0,0,0,0
2024-04-22 19:00:00,145,0,4,0,0,0,0
2024-04-22 20:00:00,141,0,4,0,0,0,0
2024-04-22 21:00:00,130,0,4,0,0,0,0
2024-04-22 22:00:00,136,0,4,0,0,0,0
2024-04-22 23:00:00,123,0,4,0,0,0,0
2024-04-23 00:00:00,103,1,4,0,0,0,0
2024-04-23 01:00:00,106,1,4,0,0,0,0
2024-04-23 02:00:00,112,1,4,0,0,0,0
2024-04-23 03:00:00,103,1,4,0,0,0,0
2024-04-23 04:00:00,105,1,4,0,0,0,0
2024-04-23 05:00:00,97,1,4,0,0,0,0
2024-04-23 06:00:00,127,1,4,0,0,0,0
2024-04-23 07:00:00,129,1,4,0,0,0,0
2024-04-23 08:00:00,158,1,4,0,0,0,0
2024-04-23 09:00:00,167,1,4,0,0,0,0
2024-04-23 10:00:00,165,1,4,0,0,0,0
2024-04-23 11:00:00,170,1,4,0,0,0,0
2024-04-23 12:00:00,167,1,4,0,0,0,0
2024-04-23 13:00:00,145,1,4,0,0,0,0
2024-04-23 14:00:00,151,1,4,0,0,0,0
2024-04-23 15:00:00,143,1,4,0,0,0,0
2024-04-23 16:00:00,147,1,4,0,0,0,0
2024-04-23 17:00:00,133,1,4,0,0,0,0
2024-04-23 18:00:00,137,1,4,0,0,0,0
2024-04-23 19:00:00,142,1,4,0,0,0,0
2024-04-23 20:00:00,143,1,4,0,0,0,0
2024-04-23 21:00:00,133,1,4,0,0,0,0
2024-04-23 22:00:00,134,1,4,0,0,0,0
2024-04-23 23:00:00,129,1,4,0,0,0,0
2024-04-24 00:00:00,96,2,4,0,0,0,0
2024-04-24 01:00:00,100,2,4,0,0,0,0
2024-04-24 02:00:00,95,2,4,0,0,0,0
2024-04-24 03:00:00,92,2,4,0,0,0,0
2024-04-24 04:00:00,97,2,4,0,0,0,0
2024-04-24 05:00:00,99,2,4,0,0,0,0
2024-04-24 06:00:00,126,2,4,0,0,0,0
2024-04-24 07:00:00,122,2,4,0,0,0,0
2024-04-24 08:00:00,153,2,4,0,0,0,0
2024-04-24 09:00:00,166,2,4,0,0,0,0
2024-04-24 10:00:00,165,2,4,0,0,0,0
2024-04-24 11:00:00,165,2,4,0,0,0,0
2024-04-24 12:00:00,158,2,4,0,0,0,0
2024-04-24 13:00:00,145,2,4,0,0,0,0
2024-04-24 14:00:00,144,2,4,0,0,0,0
2024-04-24 15:00:00,150,2,4,0,0,0,0
2024-04-24 16:00:00,144,2,4,0,0,0,0
2024-04-24 17:00:00,138,2,4,0,0,0,0
2024-04-24 18:00:00,133,2,4,0,0,0,0
2024-04-24 19:00:00,140,2,4,0,0,0,0
2024-04-24 20:00:00,142,2,4,0,0,0,0
2024-04-24 21:00:00,118,2,4,0,0,0,0
2024-04-24 22:00:00,127,2,4,0,0,0,0
2024-04-24 23:00:00,122,2,4,0,0,0,0
2024-04-25 00:00:00,89,3,4,0,1,1,0
2024-04-25 01:00:00,97,3,4,0,1,1,0
2024-04-25 02:00:00,84,3,4,0,1,1,0
2024-04-25 03:00:00,94,3,4,0,1,1,0
2024-04-25 04:00:00,88,3,4,0,1,1,0
2024-04-25 05:00:00,83,3,4,0,1,1,0
2024-04-25 06:00:00,120,3,4,0,1,1,0
2024-04-25 07:00:00,117,3,4,0,1,1,0
2024-04-25 08:00:00,143,3,4,0,1,1,0
2024-04-25 09:00:00,157,3,4,0,1,1,0
2024-04-25 10:00:00,162,3,4,0,1,1,0
2024-04-25 11:00:00,158,3,4,0,1,1,0
2024-04-25 12:00:00,163,3,4,0,1,1,0
2024-04-25 13:00:00,140,3,4,0,1,1,0
2024-04-25 14:00:00,138,3,4,0,1,1,0
2024-04-25 15:00:00,138,3,4,0,1,1,0
2024-04-25 16:00:00,146,3,4,0,1,1,0
2024-04-25 17:00:00,138,3,4,0,1,1,0
2024-04-25 18:00:00,126,3,4,0,1,1,0
2024-04-25 19:00:00,139,3,4,0,1,1,0
2024-04-25 20:00:00,132,3,4,0,1,1,0
2024-04-25 21:00:00,115,3,4,0,1,1,0
2024-04-25 22:00:00,115,3,4,0,1,1,0
2024-04-25 23:00:00,119,3,4,0,1,1,0
2024-04-26 00:00:00,91,4,4,0,0,0,0
2024-04-26 01:00:00,85,4,4,0,0,0,0
2024-04-26 02:00:00,90,4,4,0,0,0,0
2024-04-26 03:00:00,86,4,4,0,0,0,0
2024-04-26 04:00:00,86,4,4,0,0,0,0
2024-04-26 05:00:00,86,4,4,0,0,0,0
2024-04-26 06:00:00,111,4,4,0,0,0,0
2024-04-26 07:00:00,110,4,4,0,0,0,0
2024-04-26 08:00:00,136,4,4,0,0,0,0
2024-04-26 09:00:00,148,4,4,0,0,0,0
2024-04-26 10:00:00,149,4,4,0,0,0,0
2024-04-26 11:00:00,150,4,4,0,0,0,0
2024-04-26 12:00:00,154,4,4,0,0,0,0
2024-04-26 13:00:00,136,4,4,0,0,0,0
2024-04-26 14:00:00,137,4,4,0,0,0,0
2024-04-26 15:00:00,138,4,4,0,0,0,0
2024-04-26 16:00:00,131,4,4,0,0,0,0
2024-04-26 17:00:00,135,4,4,0,0,0,0
2024-04-26 18:00:00,124,4,4,0,0,0,0
2024-04-26 19:00:00,123,4,4,0,0,0,0
2024-04-26 20:00:00,127,4,4,0,0,0,0
2024-04-26 21:00:00,117,4,4,0,0,0,0
2024-04-26 22:00:00,108,4,4,0,0,0,0
2024-04-26 23:00:00,110,4,4,0,0,0,0
2024-04-27 00:00:00,76,5,4,1,0,0,0
2024-04-27 01:00:00,68,5,4,1,0,0,0
2024-04-27 02:00:00,70,5,4,1,0,0,0
2024-04-27 03:00:00,67,5,4,1,0,0,0
2024-04-27 04:00:00,70,5,4,1,0,0,0
2024-04-27 05:00:00,67,5,4,1,0,0,0
2024-04-27 06:00:00,88,5,4,1,0,0,0
2024-04-27 07:00:00,88,5,4,1,0,0,0
2024-04-27 08:00:00,109,5,4,1,0,0,0
2024-04-27 09:00:00,112,5,4,1,0,0,0
2024-04-27 10:00:00,120,5,4,1,0,0,0
2024-04-27 11:00:00,115,5,4,1,0,0,0
2024-04-27 12:00:00,118,5,4,1,0,0,0
2024-04-27 13:00:00,108,5,4,1,0,0,0
2024-04-27 14:00:00,102,5,4,1,0,0,0
2024-04-27 15:00:00,104,5,4,1,0,0,0
2024-04-27 16:00:00,106,5,4,1,0,0,0
2024-04-27 17:00:00,91,5,4,1,0,0,0
2024-04-27 18:00:00,101,5,4,1,0,0,0
2024-04-27 19:00:00,102,5,4,1,0,0,0
2024-04-27 20:00:00,105,5,4,1,0,0,0
2024-04-27 21:00:00,92,5,4,1,0,0,0
2024-04-27 22:00:00,81,5,4,1,0,0,0
2024-04-27 23:00:00,88,5,4,1,0,0,0
2024-04-28 00:00:00,71,6,4,1,0,0,0
2024-04-28 01:00:00,68,6,4,1,0,0,0
2024-04-28 02:00:00,70,6,4,1,0,0,0
2024-04-28 03:00:00,70,6,4,1,0,0,0
2024-04-28 04:00:00,69,6,4,1,0,0,0
2024-04-28 05:00:00,74,6,4,1,0,0,0
2024-04-28 06:00:00,98,6,4,1,0,0,0
2024-04-28 07:00:00,94,6,4,1,0,0,0
2024-04-28 08:00:00,115,6,4,1,0,0,0
2024-04-28 09:00:00,126,6,4,1,0,0,0
2024-04-28 10:00:00,129,6,4,1,0,0,0
2024-04-28 11:00:00,124,6,4,1,0,0,0
2024-04-28 12:00:00,124,6,4,1,0,0,0
2024-04-28 13:00:00,118,6,4,1,0,0,0
2024-04-28 14:00:00,116,6,4,1,0,0,0
2024-04-28 15:00:00,112,6,4,1,0,0,0
2024-04-28 16:00:00,113,6,4,1,0,0,0
2024-04-28 17:00:00,97,6,4,1,0,0,0
2024-04-28 18:00:00,103,6,4,1,0,0,0
2024-04-28 19:00:00,107,6,4,1,0,0,0
2024-04-28 20:00:00,103,6,4,1,0,0,0
2024-04-28 21:00:00,94,6,4,1,0,0,0
2024-04-28 22:00:00,87,6,4,1,0,0,0
2024-04-28 23:00:00,87,6,4,1,0,0,0
2024-04-29 00:00:00,105,0,4,0,0,0,0
2024-04-29 01:00:00,100,0,4,0,0,0,0
2024-04-29 02:00:00,108,0,4,0,0,0,0
2024-04-29 03:00:00,99,0,4,0,0,0,0
2024-04-29 04:00:00,95,0,4,0,0,0,0
2024-04-29 05:00:00,100,0,4,0,0,0,0
2024-04-29 06:00:00,124,0,4,0,0,0,0
2024-04-29 07:00:00,128,0,4,0,0,0,0
2024-04-29 08:00:00,151,0,4,0,0,0,0
2024-04-29 09:00:00,165,0,4,0,0,0,0
2024-04-29 10:00:00,170,0,4,0,0,0,0
2024-04-29 11:00:00,165,0,4,0,0,0,0
2024-04-29 12:00:00,161,0,4,0,0,0,0
2024-04-29 13:00:00,142,0,4,0,0,0,0
2024-04-29 14:00:00,154,0,4,0,0,0,0
2024-04-29 15:00:00,154,0,4,0,0,0,0
2024-04-29 16:00:00,148,0,4,0,0,0,0
2024-04-29 17:00:00,143,0,4,0,0,0,0
2024-04-29 18:00:00,141,0,4,0,0,0,0
2024-04-29 19:00:00,131,0,4,0,0,0,0
2024-04-29 20:00:00,150,0,4,0,0,0,0
2024-04-29 21:00:00,122,0,4,0,0,0,0
2024-04-29 22:00:00,130,0,4,0,0,0,0
2024-04-29 23:00:00,122,0,4,0,0,0,0
2024-04-30 00:00:00,93,1,4,0,0,0,0
2024-04-30 01:00:00,96,1,4,0,0,0,0
2024-04-30 02:00:00,99,1,4,0,0,0,0
2024-04-30 03:00:00,100,1,4,0,0,0,0
2024-04-30 04:00:00,103,1,4,0,0,0,0
2024-04-30 05:00:00,100,1,4,0,0,0,0
2024-04-30 06:00:00,130,1,4,0,0,0,0
2024-04-30 07:00:00,123,1,4,0,0,0,0
2024-04-30 08:00:00,154,1,4,0,0,0,0
2024-04-30 09:00:00,162,1,4,0,0,0,0
2024-04-30 10:00:00,166,1,4,0,0,0,0
2024-04-30 11:00:00,173,1,4,0,0,0,0
2024-04-30 12:00:00,173,1,4,0,0,0,0
2024-04-30 13:00:00,149,1,4,0,0,0,0
2024-04-30 14:00:00,145,1,4,0,0,0,0
2024-04-30 15:00:00,149,1,4,0,0,0,0
2024-04-30 16:00:00,154,1,4,0,0,0,0
2024-04-30 17:00:00,136,1,4,0,0,0,0
2024-04-30 18:00:00,140,1,4,0,0,0,0
2024-04-30 19:00:00,143,1,4,0,0,0,0
2024-04-30 20:00:00,132,1,4,0,0,0,0
2024-04-30 21:00:00,131,1,4,0,0,0,0
2024-04-30 22:00:00,125,1,4,0,0,0,0
2024-04-30 23:00:00,128,1,4,0,0,0,0
2024-05-01 00:00:00,96,2,5,0,1,1,0
2024-05-01 01:00:00,87,2,5,0,1,1,0
2024-05-01 02:00:00,101,2,5,0,1,1,0
2024-05-01 03:00:00,91,2,5,0,1,1,0
2024-05-01 04:00:00,92,2,5,0,1,1,0
2024-05-01 05:00:00,99,2,5,0,1,1,0
2024-05-01 06:00:00,132,2,5,0,1,1,0
2024-05-01 07:00:00,123,2,5,0,1,1,0
2024-05-01 08:00:00,153,2,5,0,1,1,0
2024-05-01 09:00:00,160,2,5,0,1,1,0
2024-05-01 10:00:00,158,2,5,0,1,1,0
2024-05-01 11:00:00,159,2,5,0,1,1,0
2024-05-01 12:00:00,167,2,5,0,1,1,0
2024-05-01 13:00:00,149,2,5,0,1,1,0
2024-05-01 14:00:00,155,2,5,0,1,1,0
2024-05-01 15:00:00,143,2,5,0,1,1,0
2024-05-01 16:00:00,144,2,5,0,1,1,0
2024-05-01 17:00:00,142,2,5,0,1,1,0
2024-05-01 18:00:00,141,2,5,0,1,1,0
2024-05-01 19:00:00,137,2,5,0,1,1,0
2024-05-01 20:00:00,134,2,5,0,1,1,0
2024-05-01 21:00:00,124,2,5,0,1,1,0
2024-05-01 22:00:00,123,2,5,0,1,1,0
2024-05-01 23:00:00,124,2,5,0,1,1,0
2024-05-02 00:00:00,86,3,5,0,0,0,0
2024-05-02 01:00:00,88,3,5,0,0,0,0
2024-05-02 02:00:00,97,3,5,0,0,0,0
2024-05-02 03:00:00,91,3,5,0,0,0,0
2024-05-02 04:00:00,95,3,5,0,0,0,0
2024-05-02 05:00:00,91,3,5,0,0,0,0
2024-05-02 06:00:00,119,3,5,0,0,0,0
2024-05-02 07:00:00,117,3,5,0,0,0,0
2024-05-02 08:00:00,144,3,5,0,0,0,0
2024-05-02 09:00:00,157,3,5,0,0,0,0
2024-05-02 10:00:00,156,3,5,0,0,0,0
2024-05-02 11:00:00,156,3,5,0,0,0,0
2024-05-02 12:00:00,152,3,5,0,0,0,0
2024-05-02 13:00:00,136,3,5,0,0,0,0
2024-05-02 14:00:00,142,3,5,0,0,0,0
2024-05-02 15:00:00,140,3,5,0,0,0,0
2024-05-02 16:00:00,141,3,5,0,0,0,0
2024-05-02 17:00:00,125,3,5,0,0,0,0
2024-05-02 18:00:00,135,3,5,0,0,0,0
2024-05-02 19:00:00,134,3,5,0,0,0,0
2024-05-02 20:00:00,133,3,5,0,0,0,0
2024-05-02 21:00:00,109,3,5,0,0,0,0
2024-05-02 22:00:00,118,3,5,0,0,0,0
2024-05-02 23:00:00,122,3,5,0,0,0,0
2024-05-03 00:00:00,90,4,5,0,0,0,0
2024-05-03 01:00:00,91,4,5,0,0,0,0
2024-05-03 02:00:00,82,4,5,0,0,0,0
2024-05-03 03:00:00,89,4,5,0,0,0,0
2024-05-03 04:00:00,85,4,5,0,0,0,0
2024-05-03 05:00:00,82,4,5,0,0,0,0
2024-05-03 06:00:00,112,4,5,0,0,0,0
2024-05-03 07:00:00,116,4,5,0,0,0,0
2024-05-03 08:00:00,138,4,5,0,0,0,0
2024-05-03 09:00:00,151,4,5,0,0,0,0
2024-05-03 10:00:00,156,4,5,0,0,0,0
2024-05-03 11:00:00,150,4,5,0,0,0,0
2024-05-03 12:00:00,151,4,5,0,0,0,0
2024-05-03 13:00:00,137,4,5,0,0,0,0
2024-05-03 14:00:00,141,4,5,0,0,0,0
2024-05-03 15:00:00,136,4,5,0,0,0,0
2024-05-03 16:00:00,139,4,5,0,0,0,0
2024-05-03 17:00:00,127,4,5,0,0,0,0
2024-05-03 18:00:00,129,4,5,0,0,0,0
2024-05-03 19:00:00,131,4,5,0,0,0,0
2024-05-03 20:00:00,130,4,5,0,0,0,0
2024-05-03 21:00:00,109,4,5,0,0,0,0
2024-05-03 22:00:00,113,4,5,0,0,0,0
2024-05-03 23:00:00,109,4,5,0,0,0,0
2024-05-04 00:00:00,67,5,5,1,0,0,0
2024-05-04 01:00:00,60,5,5,1,0,0,0
2024-05-04 02:00:00,64,5,5,1,0,0,0
2024-05-04 03:00:00,67,5,5,1,0,0,0
2024-05-04 04:00:00,64,5,5,1,0,0,0
2024-05-04 05:00:00,73,5,5,1,0,0,0
2024-05-04 06:00:00,85,5,5,1,0,0,0
2024-05-04 07:00:00,84,5,5,1,0,0,0
2024-05-04 08:00:00,107,5,5,1,0,0,0
2024-05-04 09:00:00,114,5,5,1,0,0,0
2024-05-04 10:00:00,118,5,5,1,0,0,0
2024-05-04 11:00:00,118,5,5,1,0,0,0
2024-05-04 12:00:00,119,5,5,1,0,0,0
2024-05-04 13:00:00,102,5,5,1,0,0,0
2024-05-04 14:00:00,109,5,5,1,0,0,0
2024-05-04 15:00:00,96,5,5,1,0,0,0
2024-05-04 16:00:00,108,5,5,1,0,0,0
2024-05-04 17:00:00,100,5,5,1,0,0,0
2024-05-04 18:00:00,97,5,5,1,0,0,0
2024-05-04 19:00:00,89,5,5,1,0,0,0
2024-05-04 20:00:00,97,5,5,1,0,0,0
2024-05-04 21:00:00,88,5,5,1,0,0,0
2024-05-04 22:00:00,86,5,5,1,0,0,0
2024-05-04 23:00:00,83,5,5,1,0,0,0
2024-05-05 00:00:00,73,6,5,1,0,0,0
2024-05-05 01:00:00,64,6,5,1,0,0,0
2024-05-05 02:00:00,66,6,5,1,0,0,0
2024-05-05 03:00:00,72,6,5,1,0,0,0
2024-05-05 04:00:00,73,6,5,1,0,0,0
2024-05-05 05:00:00,70,6,5,1,0,0,0
2024-05-05 06:00:00,98,6,5,1,0,0,0
2024-05-05 07:00:00,93,6,5,1,0,0,0
2024-05-05 08:00:00,113,6,5,1,0,0,0
2024-05-05 09:00:00,123,6,5,1,0,0,0
2024-05-05 10:00:00,126,6,5,1,0,0,0
2024-05-05 11:00:00,125,6,5,1,0,0,0
2024-05-05 12:00:00,124,6,5,1,0,0,0
2024-05-05 13:00:00,112,6,5,1,0,0,0
2024-05-05 14:00:00,98,6,5,1,0,0,0
2024-05-05 15:00:00,114,6,5,1,0,0,0
2024-05-05 16:00:00,112,6,5,1,0,0,0
2024-05-05 17:00:00,103,6,5,1,0,0,0
2024-05-05 18:00:00,101,6,5,1,0,0,0
2024-05-05 19:00:00,99,6,5,1,0,0,0
2024-05-05 20:00:00,105,6,5,1,0,0,0
2024-05-05 21:00:00,96,6,5,1,0,0,0
2024-05-05 22:00:00,94,6,5,1,0,0,0
2024-05-05 23:00:00,98,6,5,1,0,0,0
2024-05-06 00:00:00,103,0,5,0,0,0,0
2024-05-06 01:00:00,94,0,5,0,0,0,0
2024-05-06 02:00:00,96,0,5,0,0,0,0
2024-05-06 03:00:00,102,0,5,0,0,0,0
2024-05-06 04:00:00,106,0,5,0,0,0,0
2024-05-06 05:00:00,100,0,5,0,0,0,0
2024-05-06 06:00:00,118,0,5,0,0,0,0
2024-05-06 07:00:00,126,0,5,0,0,0,0
2024-05-06 08:00:00,151,0,5,0,0,0,0
2024-05-06 09:00:00,166,0,5,0,0,0,0
2024-05-06 10:00:00,169,0,5,0,0,0,0
2024-05-06 11:00:00,169,0,5,0,0,0,0
2024-05-06 12:00:00,162,0,5,0,0,0,0
2024-05-06 13:00:00,147,0,5,0,0,0,0
2024-05-06 14:00:00,146,0,5,0,0,0,0
2024-05-06 15:00:00,138,0,5,0,0,0,0
2024-05-06 16:00:00,147,0,5,0,0,0,0
2024-05-06 17:00:00,131,0,5,0,0,0,0
2024-05-06 18:00:00,135,0,5,0,0,0,0
2024-05-06 19:00:00,137,0,5,0,0,0,0
2024-05-06 20:00:00,142,0,5,0,0,0,0
2024-05-06 21:00:00,120,0,5,0,0,0,0
2024-05-06 22:00:00,130,0,5,0,0,0,0
2024-05-06 23:00:00,133,0,5,0,0,0,0
2024-05-07 00:00:00,105,1,5,0,0,0,0
2024-05-07 01:00:00,98,1,5,0,0,0,0
2024-05-07 02:00:00,94,1,5,0,0,0,0
2024-05-07 03:00:00,96,1,5,0,0,0,0
2024-05-07 04:00:00,104,1,5,0,0,0,0
2024-05-07 05:00:00,89,1,5,0,0,0,0
2024-05-07 06:00:00,124,1,5,0,0,0,0
2024-05-07 07:00:00,127,1,5,0,0,0,0
2024-05-07 08:00:00,153,1,5,0,0,0,0
2024-05-07 09:00:00,167,1,5,0,0,0,0
2024-05-07 10:00:00,166,1,5,0,0,0,0
2024-05-07 11:00:00,159,1,5,0,0,0,0
2024-05-07 12:00:00,173,1,5,0,0,0,0
2024-05-07 13:00:00,142,1,5,0,0,0,0
2024-05-07 14:00:00,146,1,5,0,0,0,0
2024-05-07 15:00:00,146,1,5,0,0,0,0
2024-05-07 16:00:00,145,1,5,0,0,0,0
2024-05-07 17:00:00,133,1,5,0,0,0,0
2024-05-07 18:00:00,136,1,5,0,0,0,0
2024-05-07 19:00:00,137,1,5,0,0,0,0
2024-05-07 20:00:00,133,1,5,0,0,0,0
2024-05-07 21:00:00,122,1,5,0,0,0,0
2024-05-07 22:00:00,124,1,5,0,0,0,0
2024-05-07 23:00:00,123,1,5,0,0,0,0
2024-05-08 00:00:00,99,2,5,0,0,0,0
2024-05-08 01:00:00,95,2,5,0,0,0,0
2024-05-08 02:00:00,93,2,5,0,0,0,0
2024-05-08 03:00:00,95,2,5,0,0,0,0
2024-05-08 04:00:00,94,2,5,0,0,0,0
2024-05-08 05:00:00,100,2,5,0,0,0,0
2024-05-08 06:00:00,125,2,5,0,0,0,0
2024-05-08 07:00:00,124,2,5,0,0,0,0
2024-05-08 08:00:00,153,2,5,0,0,0,0
2024-05-08 09:00:00,158,2,5,0,0,0,0
2024-05-08 10:00:00,160,2,5,0,0,0,0
2024-05-08 11:00:00,165,2,5,0,0,0,0
2024-05-08 12:00:00,155,2,5,0,0,0,0
2024-05-08 13:00:00,148,2,5,0,0,0,0
2024-05-08 14:00:00,144,2,5,0,0,0,0
2024-05-08 15:00:00,145,2,5,0,0,0,0
2024-05-08 16:00:00,147,2,5,0,0,0,0
2024-05-08 17:00:00,128,2,5,0,0,0,0
2024-05-08 18:00:00,138,2,5,0,0,0,0
2024-05-08 19:00:00,137,2,5,0,0,0,0
2024-05-08 20:00:00,135,2,5,0,0,0,0
2024-05-08 21:00:00,125,2,5,0,0,0,0
2024-05-08 22:00:00,119,2,5,0,0,0,0
2024-05-08 23:00:00,131,2,5,0,0,0,0
2024-05-09 00:00:00,80,3,5,0,0,0,0
2024-05-09 01:00:00,89,3,5,0,0,0,0
2024-05-09 02:00:00,92,3,5,0,0,0,0
2024-05-09 03:00:00,92,3,5,0,0,0,0
2024-05-09 04:00:00,91,3,5,0,0,0,0
2024-05-09 05:00:00,91,3,5,0,0,0,0
2024-05-09 06:00:00,113,3,5,0,0,0,0
2024-05-09 07:00:00,119,3,5,0,0,0,0
2024-05-09 08:00:00,143,3,5,0,0,0,0
2024-05-09 09:00:00,154,3,5,0,0,0,0
2024-05-09 10:00:00,157,3,5,0,0,0,0
2024-05-09 11:00:00,155,3,5,0,0,0,0
2024-05-09 12:00:00,153,3,5,0,0,0,0
2024-05-09 13:00:00,138,3,5,0,0,0,0
2024-05-09 14:00:00,146,3,5,0,0,0,0
2024-05-09 15:00:00,138,3,5,0,0,0,0
2024-05-09 16:00:00,148,3,5,0,0,0,0
2024-05-09 17:00:00,129,3,5,0,0,0,0
2024-05-09 18:00:00,132,3,5,0,0,0,0
2024-05-09 19:00:00,133,3,5,0,0,0,0
2024-05-09 20:00:00,133,3,5,0,0,0,0
2024-05-09 21:00:00,118,3,5,0,0,0,0
2024-05-09 22:00:00,122,3,5,0,0,0,0
2024-05-09 23:00:00,114,3,5,0,0,0,0
2024-05-10 00:00:00,84,4,5,0,0,0,0
2024-05-10 01:00:00,83,4,5,0,0,0,0
2024-05-10 02:00:00,87,4,5,0,0,0,0
2024-05-10 03:00:00,87,4,5,0,0,0,0
2024-05-10 04:00:00,88,4,5,0,0,0,0
2024-05-10 05:00:00,91,4,5,0,0,0,0
2024-05-10 06:00:00,113,4,5,0,0,0,0
2024-05-10 07:00:00,110,4,5,0,0,0,0
2024-05-10 08:00:00,138,4,5,0,0,0,0
2024-05-10 09:00:00,149,4,5,0,0,0,0
2024-05-10 10:00:00,145,4,5,0,0,0,0
2024-05-10 11:00:00,155,4,5,0,0,0,0
2024-05-10 12:00:00,155,4,5,0,0,0,0
2024-05-10 13:00:00,144,4,5,0,0,0,0
2024-05-10 14:00:00,135,4,5,0,0,0,0
2024-05-10 15:00:00,136,4,5,0,0,0,0
2024-05-10 16:00:00,134,4,5,0,0,0,0
2024-05-10 17:00:00,124,4,5,0,0,0,0
2024-05-10 18:00:00,126,4,5,0,0,0,0
2024-05-10 19:00:00,124,4,5,0,0,0,0
2024-05-10 20:00:00,125,4,5,0,0,0,0
2024-05-10 21:00:00,116,4,5,0,0,0,0
2024-05-10 22:00:00,104,4,5,0,0,0,0
2024-05-10 23:00:00,115,4,5,0,0,0,0
2024-05-11 00:00:00,58,5,5,1,0,0,0
2024-05-11 01:00:00,64,5,5,1,0,0,0
2024-05-11 02:00:00,63,5,5,1,0,0,0
2024-05-11 03:00:00,64,5,5,1,0,0,0
2024-05-11 04:00:00,66,5,5,1,0,0,0
2024-05-11 05:00:00,65,5,5,1,0,0,0
2024-05-11 06:00:00,83,5,5,1,0,0,0
2024-05-11 07:00:00,92,5,5,1,0,0,0
2024-05-11 08:00:00,108,5,5,1,0,0,0
2024-05-11 09:00:00,117,5,5,1,0,0,0
2024-05-11 10:00:00,114,5,5,1,0,0,0
2024-05-11 11:00:00,121,5,5,1,0,0,0
2024-05-11 12:00:00,116,5,5,1,0,0,0
2024-05-11 13:00:00,107,5,5,1,0,0,0
2024-05-11 14:00:00,103,5,5,1,0,0,0
2024-05-11 15:00:00,95,5,5,1,0,0,0
2024-05-11 16:00:00,106,5,5,1,0,0,0
2024-05-11 17:00:00,90,5,5,1,0,0,0
2024-05-11 18:00:00,99,5,5,1,0,0,0
2024-05-11 19:00:00,95,5,5,1,0,0,0
2024-05-11 20:00:00,97,5,5,1,0,0,0
2024-05-11 21:00:00,94,5,5,1,0,0,0
2024-05-11 22:00:00,83,5,5,1,0,0,0
2024-05-11 23:00:00,83,5,5,1,0,0,0
2024-05-12 00:00:00,63,6,5,1,0,0,0
2024-05-12 01:00:00,65,6,5,1,0,0,0
2024-05-12 02:00:00,73,6,5,1,0,0,0
2024-05-12 03:00:00,68,6,5,1,0,0,0
2024-05-12 04:00:00,76,6,5,1,0,0,0
2024-05-12 05:00:00,68,6,5,1,0,0,0
2024-05-12 06:00:00,88,6,5,1,0,0,0
2024-05-12 07:00:00,89,6,5,1,0,0,0
2024-05-12 08:00:00,108,6,5,1,0,0,0
2024-05-12 09:00:00,119,6,5,1,0,0,0
2024-05-12 10:00:00,117,6,5,1,0,0,0
2024-05-12 11:00:00,125,6,5,1,0,0,0
2024-05-12 12:00:00,120,6,5,1,0,0,0
2024-05-12 13:00:00,107,6,5,1,0,0,0
2024-05-12 14:00:00,113,6,5,1,0,0,0
2024-05-12 15:00:00,108,6,5,1,0,0,0
2024-05-12 16:00:00,114,6,5,1,0,0,0
2024-05-12 17:00:00,106,6,5,1,0,0,0
2024-05-12 18:00:00,98,6,5,1,0,0,0
2024-05-12 19:00:00,99,6,5,1,0,0,0
2024-05-12 20:00:00,102,6,5,1,0,0,0
2024-05-12 21:00:00,92,6,5,1,0,0,0
2024-05-12 22:00:00,91,6,5,1,0,0,0
2024-05-12 23:00:00,89,6,5,1,0,0,0
2024-05-13 00:00:00,95,0,5,0,0,0,0
2024-05-13 01:00:00,91,0,5,0,0,0,0
2024-05-13 02:00:00,100,0,5,0,0,0,0
2024-05-13 03:00:00,100,0,5,0,0,0,0
2024-05-13 04:00:00,95,0,5,0,0,0,0
2024-05-13 05:00:00,102,0,5,0,0,0,0
2024-05-13 06:00:00,123,0,5,0,0,0,0
2024-05-13 07:00:00,122,0,5,0,0,0,0
2024-05-13 08:00:00,148,0,5,0,0,0,0
2024-05-13 09:00:00,157,0,5,0,0,0,0
2024-05-13 10:00:00,166,0,5,0,0,0,0
2024-05-13 11:00:00,166,0,5,0,0,0,0
2024-05-13 12:00:00,162,0,5,0,0,0,0
2024-05-13 13:00:00,145,0,5,0,0,0,0
2024-05-13 14:00:00,152,0,5,0,0,0,0
2024-05-13 15:00:00,144,0,5,0,0,0,0
2024-05-13 16:00:00,152,0,5,0,0,0,0
2024-05-13 17:00:00,129,0,5,0,0,0,0
2024-05-13 18:00:00,132,0,5,0,0,0,0
2024-05-13 19:00:00,129,0,5,0,0,0,0
2024-05-13 20:00:00,143,0,5,0,0,0,0
2024-05-13 21:00:00,129,0,5,0,0,0,0
2024-05-13 22:00:00,121,0,5,0,0,0,0
2024-05-13 23:00:00,121,0,5,0,0,0,0
2024-05-14 00:00:00,94,1,5,0,0,0,0
2024-05-14 01:00:00,101,1,5,0,0,0,0
2024-05-14 02:00:00,106,1,5,0,0,0,0
2024-05-14 03:00:00,97,1,5,0,0,0,0
2024-05-14 04:00:00,97,1,5,0,0,0,0
2024-05-14 05:00:00,100,1,5,0,0,0,0
2024-05-14 06:00:00,128,1,5,0,0,0,0
2024-05-14 07:00:00,123,1,5,0,0,0,0
2024-05-14 08:00:00,154,1,5,0,0,0,0
2024-05-14 09:00:00,169,1,5,0,0,0,0
2024-05-14 10:00:00,165,1,5,0,0,0,0
2024-05-14 11:00:00,163,1,5,0,0,0,0
2024-05-14 12:00:00,165,1,5,0,0,0,0
2024-05-14 13:00:00,155,1,5,0,0,0,0
2024-05-14 14:00:00,145,1,5,0,0,0,0
2024-05-14 15:00:00,155,1,5,0,0,0,0
2024-05-14 16:00:00,153,1,5,0,0,0,0
2024-05-14 17:00:00,139,1,5,0,0,0,0
2024-05-14 18:00:00,132,1,5,0,0,0,0
2024-05-14 19:00:00,136,1,5,0,0,0,0
2024-05-14 20:00:00,134,1,5,0,0,0,0
2024-05-14 21:00:00,120,1,5,0,0,0,0
2024-05-14 22:00:00,122,1,5,0,0,0,0
2024-05-14 23:00:00,128,1,5,0,0,0,0
2024-05-15 00:00:00,98,2,5,0,0,0,0
2024-05-15 01:00:00,94,2,5,0,0,0,0
2024-05-15 02:00:00,92,2,5,0,0,0,0
2024-05-15 03:00:00,99,2,5,0,0,0,0
2024-05-15 04:00:00,93,2,5,0,0,0,0
2024-05-15 05:00:00,99,2,5,0,0,0,0
2024-05-15 06:00:00,126,2,5,0,0,0,0
2024-05-15 07:00:00,113,2,5,0,0,0,0
2024-05-15 08:00:00,147,2,5,0,0,0,0
2024-05-15 09:00:00,162,2,5,0,0,0,0
2024-05-15 10:00:00,154,2,5,0,0,0,0
2024-05-15 11:00:00,164,2,5,0,0,0,0
2024-05-15 12:00:00,161,2,5,0,0,0,0
2024-05-15 13:00:00,142,2,5,0,0,0,0
2024-05-15 14:00:00,146,2,5,0,0,0,0
2024-05-15 15:00:00,147,2,5,0,0,0,0
2024-05-15 16:00:00,141,2,5,0,0,0,0
2024-05-15 17:00:00,129,2,5,0,0,0,0
2024-05-15 18:00:00,136,2,5,0,0,0,0
2024-05-15 19:00:00,124,2,5,0,0,0,0
2024-05-15 20:00:00,130,2,5,0,0,0,0
2024-05-15 21:00:00,120,2,5,0,0,0,0
2024-05-15 22:00:00,114,2,5,0,0,0,0
2024-05-15 23:00:00,120,2,5,0,0,0,0
2024-05-16 00:00:00,85,3,5,0,0,0,0
2024-05-16 01:00:00,84,3,5,0,0,0,0
2024-05-16 02:00:00,88,3,5,0,0,0,0
2024-05-16 03:00:00,82,3,5,0,0,0,0
2024-05-16 04:00:00,84,3,5,0,0,0,0
2024-05-16 05:00:00,90,3,5,0,0,0,0
2024-05-16 06:00:00,120,3,5,0,0,0,0
2024-05-16 07:00:00,116,3,5,0,0,0,0
2024-05-16 08:00:00,142,3,5,0,0,0,0
2024-05-16 09:00:00,155,3,5,0,0,0,0
2024-05-16 10:00:00,157,3,5,0,0,0,0
2024-05-16 11:00:00,158,3,5,0,0,0,0
2024-05-16 12:00:00,152,3,5,0,0,0,0
2024-05-16 13:00:00,130,3,5,0,0,0,0
2024-05-16 14:00:00,137,3,5,0,0,0,0
2024-05-16 15:00:00,142,3,5,0,0,0,0
2024-05-16 16:00:00,133,3,5,0,0,0,0
2024-05-16 17:00:00,126,3,5,0,0,0,0
2024-05-16 18:00:00,131,3,5,0,0,0,0
2024-05-16 19:00:00,118,3,5,0,0,0,0
2024-05-16 20:00:00,123,3,5,0,0,0,0
2024-05-16 21:00:00,123,3,5,0,0,0,0
2024-05-16 22:00:00,121,3,5,0,0,0,0
2024-05-16 23:00:00,115,3,5,0,0,0,0
2024-05-17 00:00:00,83,4,5,0,0,0,0
2024-05-17 01:00:00,82,4,5,0,0,0,0
2024-05-17 02:00:00,86,4,5,0,0,0,0
2024-05-17 03:00:00,84,4,5,0,0,0,0
2024-05-17 04:00:00,82,4,5,0,0,0,0
2024-05-17 05:00:00,87,4,5,0,0,0,0
2024-05-17 06:00:00,115,4,5,0,0,0,0
2024-05-17 07:00:00,105,4,5,0,0,0,0
2024-05-17 08:00:00,134,4,5,0,0,0,0
2024-05-17 09:00:00,142,4,5,0,0,0,0
2024-05-17 10:00:00,150,4,5,0,0,0,0
2024-05-17 11:00:00,152,4,5,0,0,0,0
2024-05-17 12:00:00,143,4,5,0,0,0,0
2024-05-17 13:00:00,139,4,5,0,0,0,0
2024-05-17 14:00:00,127,4,5,0,0,0,0
2024-05-17 15:00:00,134,4,5,0,0,0,0
2024-05-17 16:00:00,136,4,5,0,0,0,0
2024-05-17 17:00:00,123,4,5,0,0,0,0
2024-05-17 18:00:00,119,4,5,0,0,0,0
2024-05-17 19:00:00,132,4,5,0,0,0,0
2024-05-17 20:00:00,129,4,5,0,0,0,0
2024-05-17 21:00:00,109,4,5,0,0,0,0
2024-05-17 22:00:00,114,4,5,0,0,0,0
2024-05-17 23:00:00,110,4,5,0,0,0,0
2024-05-18 00:00:00,63,5,5,1,0,0,0
2024-05-18 01:00:00,62,5,5,1,0,0,0
2024-05-18 02:00:00,66,5,5,1,0,0,0
2024-05-18 03:00:00,58,5,5,1,0,0,0
2024-05-18 04:00:00,65,5,5,1,0,0,0
2024-05-18 05:00:00,64,5,5,1,0,0,0
2024-05-18 06:00:00,91,5,5,1,0,0,0
2024-05-18 07:00:00,91,5,5,1,0,0,0
2024-05-18 08:00:00,109,5,5,1,0,0,0
2024-05-18 09:00:00,112,5,5,1,0,0,0
2024-05-18 10:00:00,110,5,5,1,0,0,0
2024-05-18 11:00:00,110,5,5,1,0,0,0
2024-05-18 12:00:00,110,5,5,1,0,0,0
2024-05-18 13:00:00,108,5,5,1,0,0,0
2024-05-18 14:00:00,109,5,5,1,0,0,0
2024-05-18 15:00:00,109,5,5,1,0,0,0
2024-05-18 16:00:00,102,5,5,1,0,0,0
2024-05-18 17:00:00,92,5,5,1,0,0,0
2024-05-18 18:00:00,98,5,5,1,0,0,0
2024-05-18 19:00:00,90,5,5,1,0,0,0
2024-05-18 20:00:00,97,5,5,1,0,0,0
2024-05-18 21:00:00,79,5,5,1,0,0,0
2024-05-18 22:00:00,83,5,5,1,0,0,0
2024-05-18 23:00:00,89,5,5,1,0,0,0
2024-05-19 00:00:00,67,6,5,1,0,0,0
2024-05-19 01:00:00,69,6,5,1,0,0,0
2024-05-19 02:00:00,69,6,5,1,0,0,0
2024-05-19 03:00:00,74,6,5,1,0,0,0
2024-05-19 04:00:00,69,6,5,1,0,0,0
2024-05-19 05:00:00,71,6,5,1,0,0,0
2024-05-19 06:00:00,85,6,5,1,0,0,0
2024-05-19 07:00:00,92,6,5,1,0,0,0
2024-05-19 08:00:00,109,6,5,1,0,0,0
2024-05-19 09:00:00,118,6,5,1,0,0,0
2024-05-19 10:00:00,126,6,5,1,0,0,0
2024-05-19 11:00:00,129,6,5,1,0,0,0
2024-05-19 12:00:00,123,6,5,1,0,0,0
2024-05-19 13:00:00,111,6,5,1,0,0,0
2024-05-19 14:00:00,100,6,5,1,0,0,0
2024-05-19 15:00:00,105,6,5,1,0,0,0
2024-05-19 16:00:00,108,6,5,1,0,0,0
2024-05-19 17:00:00,101,6,5,1,0,0,0
2024-05-19 18:00:00,105,6,5,1,0,0,0
2024-05-19 19:00:00,102,6,5,1,0,0,0
2024-05-19 20:00:00,100,6,5,1,0,0,0
2024-05-19 21:00:00,82,6,5,1,0,0,0
2024-05-19 22:00:00,92,6,5,1,0,0,0
2024-05-19 23:00:00,80,6,5,1,0,0,0
2024-05-20 00:00:00,100,0,5,0,0,0,0
2024-05-20 01:00:00,102,0,5,0,0,0,0
2024-05-20 02:00:00,99,0,5,0,0,0,0
2024-05-20 03:00:00,91,0,5,0,0,0,0
2024-05-20 04:00:00,91,0,5,0,0,0,0
2024-05-20 05:00:00,90,0,5,0,0,0,0
2024-05-20 06:00:00,114,0,5,0,0,0,0
2024-05-20 07:00:00,121,0,5,0,0,0,0
2024-05-20 08:00:00,142,0,5,0,0,0,0
2024-05-20 09:00:00,155,0,5,0,0,0,0
2024-05-20 10:00:00,162,0,5,0,0,0,0
2024-05-20 11:00:00,169,0,5,0,0,0,0
2024-05-20 12:00:00,164,0,5,0,0,0,0
2024-05-20 13:00:00,146,0,5,0,0,0,0
2024-05-20 14:00:00,148,0,5,0,0,0,0
2024-05-20 15:00:00,150,0,5,0,0,0,0
2024-05-20 16:00:00,145,0,5,0,0,0,0
2024-05-20 17:00:00,137,0,5,0,0,0,0
2024-05-20 18:00:00,133,0,5,0,0,0,0
2024-05-20 19:00:00,137,0,5,0,0,0,0
2024-05-20 20:00:00,129,0,5,0,0,0,0
2024-05-20 21:00:00,116,0,5,0,0,0,0
2024-05-20 22:00:00,124,0,5,0,0,0,0
2024-05-20 23:00:00,121,0,5,0,0,0,0
2024-05-21 00:00:00,96,1,5,0,0,0,0
2024-05-21 01:00:00,91,1,5,0,0,0,0
2024-05-21 02:00:00,95,1,5,0,0,0,0
2024-05-21 03:00:00,97,1,5,0,0,0,0
2024-05-21 04:00:00,105,1,5,0,0,0,0
2024-05-21 05:00:00,101,1,5,0,0,0,0
2024-05-21 06:00:00,122,1,5,0,0,0,0
2024-05-21 07:00:00,130,1,5,0,0,0,0
2024-05-21 08:00:00,154,1,5,0,0,0,0
2024-05-21 09:00:00,166,1,5,0,0,0,0
2024-05-21 10:00:00,168,1,5,0,0,0,0
2024-05-21 11:00:00,159,1,5,0,0,0,0
2024-05-21 12:00:00,171,1,5,0,0,0,0
2024-05-21 13:00:00,147,1,5,0,0,0,0
2024-05-21 14:00:00,151,1,5,0,0,0,0
2024-05-21 15:00:00,139,1,5,0,0,0,0
2024-05-21 16:00:00,152,1,5,0,0,0,0
2024-05-21 17:00:00,134,1,5,0,0,0,0
2024-05-21 18:00:00,138,1,5,0,0,0,0
2024-05-21 19:00:00,138,1,5,0,0,0,0
2024-05-21 20:00:00,138,1,5,0,0,0,0
2024-05-21 21:00:00,132,1,5,0,0,0,0
2024-05-21 22:00:00,121,1,5,0,0,0,0
2024-05-21 23:00:00,121,1,5,0,0,0,0
2024-05-22 00:00:00,91,2,5,0,0,0,0
2024-05-22 01:00:00,95,2,5,0,0,0,0
2024-05-22 02:00:00,96,2,5,0,0,0,0
2024-05-22 03:00:00,95,2,5,0,0,0,0
2024-05-22 04:00:00,92,2,5,0,0,0,0
2024-05-22 05:00:00,93,2,5,0,0,0,0
2024-05-22 06:00:00,116,2,5,0,0,0,0
2024-05-22 07:00:00,118,2,5,0,0,0,0
2024-05-22 08:00:00,146,2,5,0,0,0,0
2024-05-22 09:00:00,158,2,5,0,0,0,0
2024-05-22 10:00:00,161,2,5,0,0,0,0
2024-05-22 11:00:00,160,2,5,0,0,0,0
2024-05-22 12:00:00,161,2,5,0,0,0,0
2024-05-22 13:00:00,142,2,5,0,0,0,0
2024-05-22 14:00:00,143,2,5,0,0,0,0
2024-05-22 15:00:00,139,2,5,0,0,0,0
2024-05-22 16:00:00,145,2,5,0,0,0,0
2024-05-22 17:00:00,130,2,5,0,0,0,0
2024-05-22 18:00:00,135,2,5,0,0,0,0
2024-05-22 19:00:00,134,2,5,0,0,0,0
2024-05-22 20:00:00,134,2,5,0,0,0,0
2024-05-22 21:00:00,119,2,5,0,0,0,0
2024-05-22 22:00:00,120,2,5,0,0,0,0
2024-05-22 23:00:00,119,2,5,0,0,0,0
2024-05-23 00:00:00,91,3,5,0,0,0,0
2024-05-23 01:00:00,91,3,5,0,0,0,0
2024-05-23 02:00:00,91,3,5,0,0,0,0
2024-05-23 03:00:00,92,3,5,0,0,0,0
2024-05-23 04:00:00,80,3,5,0,0,0,0
2024-05-23 05:00:00,85,3,5,0,0,0,0
2024-05-23 06:00:00,108,3,5,0,0,0,0
2024-05-23 07:00:00,113,3,5,0,0,0,0
2024-05-23 08:00:00,136,3,5,0,0,0,0
2024-05-23 09:00:00,150,3,5,0,0,0,0
2024-05-23 10:00:00,153,3,5,0,0,0,0
2024-05-23 11:00:00,150,3,5,0,0,0,0
2024-05-23 12:00:00,155,3,5,0,0,0,0
2024-05-23 13:00:00,139,3,5,0,0,0,0
2024-05-23 14:00:00,137,3,5,0,0,0,0
2024-05-23 15:00:00,132,3,5,0,0,0,0
2024-05-23 16:00:00,136,3,5,0,0,0,0
2024-05-23 17:00:00,125,3,5,0,0,0,0
2024-05-23 18:00:00,136,3,5,0,0,0,0
2024-05-23 19:00:00,122,3,5,0,0,0,0
2024-05-23 20:00:00,127,3,5,0,0,0,0
2024-05-23 21:00:00,104,3,5,0,0,0,0
2024-05-23 22:00:00,111,3,5,0,0,0,0
2024-05-23 23:00:00,102,3,5,0,0,0,0
2024-05-24 00:00:00,74,4,5,0,0,0,0
2024-05-24 01:00:00,80,4,5,0,0,0,0
2024-05-24 02:00:00,85,4,5,0,0,0,0
2024-05-24 03:00:00,74,4,5,0,0,0,0
2024-05-24 04:00:00,76,4,5,0,0,0,0
2024-05-24 05:00:00,85,4,5,0,0,0,0
2024-05-24 06:00:00,110,4,5,0,0,0,0
2024-05-24 07:00:00,110,4,5,0,0,0,0
2024-05-24 08:00:00,131,4,5,0,0,0,0
2024-05-24 09:00:00,144,4,5,0,0,0,0
2024-05-24 10:00:00,145,4,5,0,0,0,0
2024-05-24 11:00:00,145,4,5,0,0,0,0
2024-05-24 12:00:00,154,4,5,0,0,0,0
2024-05-24 13:00:00,137,4,5,0,0,0,0
2024-05-24 14:00:00,135,4,5,0,0,0,0
2024-05-24 15:00:00,143,4,5,0,0,0,0
2024-05-24 16:00:00,132,4,5,0,0,0,0
2024-05-24 17:00:00,128,4,5,0,0,0,0
2024-05-24 18:00:00,122,4,5,0,0,0,0
2024-05-24 19:00:00,124,4,5,0,0,0,0
2024-05-24 20:00:00,124,4,5,0,0,0,0
2024-05-24 21:00:00,104,4,5,0,0,0,0
2024-05-24 22:00:00,110,4,5,0,0,0,0
2024-05-24 23:00:00,104,4,5,0,0,0,0
2024-05-25 00:00:00,55,5,5,1,0,0,0
2024-05-25 01:00:00,61,5,5,1,0,0,0
2024-05-25 02:00:00,66,5,5,1,0,0,0
2024-05-25 03:00:00,59,5,5,1,0,0,0
2024-05-25 04:00:00,59,5,5,1,0,0,0
2024-05-25 05:00:00,62,5,5,1,0,0,0
2024-05-25 06:00:00,85,5,5,1,0,0,0
2024-05-25 07:00:00,84,5,5,1,0,0,0
2024-05-25 08:00:00,103,5,5,1,0,0,0
2024-05-25 09:00:00,112,5,5,1,0,0,0
2024-05-25 10:00:00,116,5,5,1,0,0,0
2024-05-25 11:00:00,118,5,5,1,0,0,0
2024-05-25 12:00:00,114,5,5,1,0,0,0
2024-05-25 13:00:00,105,5,5,1,0,0,0
2024-05-25 14:00:00,101,5,5,1,0,0,0
2024-05-25 15:00:00,97,5,5,1,0,0,0
2024-05-25 16:00:00,98,5,5,1,0,0,0
2024-05-25 17:00:00,102,5,5,1,0,0,0
2024-05-25 18:00:00,100,5,5,1,0,0,0
2024-05-25 19:00:00,92,5,5,1,0,0,0
2024-05-25 20:00:00,89,5,5,1,0,0,0
2024-05-25 21:00:00,81,5,5,1,0,0,0
2024-05-25 22:00:00,81,5,5,1,0,0,0
2024-05-25 23:00:00,90,5,5,1,0,0,0
2024-05-26 00:00:00,65,6,5,1,0,0,0
2024-05-26 01:00:00,72,6,5,1,0,0,0
2024-05-26 02:00:00,69,6,5,1,0,0,0
2024-05-26 03:00:00,65,6,5,1,0,0,0
2024-05-26 04:00:00,72,6,5,1,0,0,0
2024-05-26 05:00:00,68,6,5,1,0,0,0
2024-05-26 06:00:00,89,6,5,1,0,0,0
2024-05-26 07:00:00,91,6,5,1,0,0,0
2024-05-26 08:00:00,109,6,5,1,0,0,0
2024-05-26 09:00:00,120,6,5,1,0,0,0
2024-05-26 10:00:00,111,6,5,1,0,0,0
2024-05-26 11:00:00,117,6,5,1,0,0,0
2024-05-26 12:00:00,123,6,5,1,0,0,0
2024-05-26 13:00:00,111,6,5,1,0,0,0
2024-05-26 14:00:00,112,6,5,1,0,0,0
2024-05-26 15:00:00,106,6,5,1,0,0,0
2024-05-26 16:00:00,105,6,5,1,0,0,0
2024-05-26 17:00:00,103,6,5,1,0,0,0
2024-05-26 18:00:00,98,6,5,1,0,0,0
2024-05-26 19:00:00,95,6,5,1,0,0,0
2024-05-26 20:00:00,96,6,5,1,0,0,0
2024-05-26 21:00:00,82,6,5,1,0,0,0
2024-05-26 22:00:00,90,6,5,1,0,0,0
2024-05-26 23:00:00,84,6,5,1,0,0,0
2024-05-27 00:00:00,98,0,5,0,0,0,0
2024-05-27 01:00:00,95,0,5,0,0,0,0
2024-05-27 02:00:00,93,0,5,0,0,0,0
2024-05-27 03:00:00,94,0,5,0,0,0,0
2024-05-27 04:00:00,90,0,5,0,0,0,0
2024-05-27 05:00:00,95,0,5,0,0,0,0
2024-05-27 06:00:00,120,0,5,0,0,0,0
2024-05-27 07:00:00,124,0,5,0,0,0,0
2024-05-27 08:00:00,144,0,5,0,0,0,0
2024-05-27 09:00:00,158,0,5,0,0,0,0
2024-05-27 10:00:00,158,0,5,0,0,0,0
2024-05-27 11:00:00,159,0,5,0,0,0,0
2024-05-27 12:00:00,163,0,5,0,0,0,0
2024-05-27 13:00:00,147,0,5,0,0,0,0
2024-05-27 14:00:00,146,0,5,0,0,0,0
2024-05-27 15:00:00,142,0,5,0,0,0,0
2024-05-27 16:00:00,143,0,5,0,0,0,0
2024-05-27 17:00:00,134,0,5,0,0,0,0
2024-05-27 18:00:00,133,0,5,0,0,0,0
2024-05-27 19:00:00,135,0,5,0,0,0,0
2024-05-27 20:00:00,134,0,5,0,0,0,0
2024-05-27 21:00:00,118,0,5,0,0,0,0
2024-05-27 22:00:00,123,0,5,0,0,0,0
2024-05-27 23:00:00,125,0,5,0,0,0,0
2024-05-28 00:00:00,99,1,5,0,0,0,0
2024-05-28 01:00:00,96,1,5,0,0,0,0
2024-05-28 02:00:00,90,1,5,0,0,0,0
2024-05-28 03:00:00,94,1,5,0,0,0,0
2024-05-28 04:00:00,94,1,5,0,0,0,0
2024-05-28 05:00:00,102,1,5,0,0,0,0
2024-05-28 06:00:00,127,1,5,0,0,0,0
2024-05-28 07:00:00,123,1,5,0,0,0,0
2024-05-28 08:00:00,151,1,5,0,0,0,0
2024-05-28 09:00:00,160,1,5,0,0,0,0
2024-05-28 10:00:00,164,1,5,0,0,0,0
2024-05-28 11:00:00,165,1,5,0,0,0,0
2024-05-28 12:00:00,162,1,5,0,0,0,0
2024-05-28 13:00:00,145,1,5,0,0,0,0
2024-05-28 14:00:00,142,1,5,0,0,0,0
2024-05-28 15:00:00,146,1,5,0,0,0,0
2024-05-28 16:00:00,152,1,5,0,0,0,0
2024-05-28 17:00:00,132,1,5,0,0,0,0
2024-05-28 18:00:00,134,1,5,0,0,0,0
2024-05-28 19:00:00,136,1,5,0,0,0,0
2024-05-28 20:00:00,137,1,5,0,0,0,0
2024-05-28 21:00:00,122,1,5,0,0,0,0
2024-05-28 22:00:00,120,1,5,0,0,0,0
2024-05-28 23:00:00,121,1,5,0,0,0,0
2024-05-29 00:00:00,94,2,5,0,0,0,0
2024-05-29 01:00:00,96,2,5,0,0,0,0
2024-05-29 02:00:00,89,2,5,0,0,0,0
2024-05-29 03:00:00,93,2,5,0,0,0,0
2024-05-29 04:00:00,98,2,5,0,0,0,0
2024-05-29 05:00:00,86,2,5,0,0,0,0
2024-05-29 06:00:00,124,2,5,0,0,0,0
2024-05-29 07:00:00,118,2,5,0,0,0,0
2024-05-29 08:00:00,147,2,5,0,0,0,0
2024-05-29 09:00:00,159,2,5,0,0,0,0
2024-05-29 10:00:00,162,2,5,0,0,0,0
2024-05-29 11:00:00,158,2,5,0,0,0,0
2024-05-29 12:00:00,160,2,5,0,0,0,0
2024-05-29 13:00:00,145,2,5,0,0,0,0
2024-05-29 14:00:00,141,2,5,0,0,0,0
2024-05-29 15:00:00,146,2,5,0,0,0,0
2024-05-29 16:00:00,143,2,5,0,0,0,0
2024-05-29 17:00:00,127,2,5,0,0,0,0
2024-05-29 18:00:00,130,2,5,0,0,0,0
2024-05-29 19:00:00,132,2,5,0,0,0,0
2024-05-29 20:00:00,133,2,5,0,0,0,0
2024-05-29 21:00:00,116,2,5,0,0,0,0
2024-05-29 22:00:00,120,2,5,0,0,0,0
2024-05-29 23:00:00,117,2,5,0,0,0,0
2024-05-30 00:00:00,91,3,5,0,0,0,0
2024-05-30 01:00:00,84,3,5,0,0,0,0
2024-05-30 02:00:00,95,3,5,0,0,0,0
2024-05-30 03:00:00,83,3,5,0,0,0,0
2024-05-30 04:00:00,90,3,5,0,0,0,0
2024-05-30 05:00:00,87,3,5,0,0,0,0
2024-05-30 06:00:00,116,3,5,0,0,0,0
2024-05-30 07:00:00,105,3,5,0,0,0,0
2024-05-30 08:00:00,136,3,5,0,0,0,0
2024-05-30 09:00:00,150,3,5,0,0,0,0
2024-05-30 10:00:00,151,3,5,0,0,0,0
2024-05-30 11:00:00,150,3,5,0,0,0,0
2024-05-30 12:00:00,155,3,5,0,0,0,0
2024-05-30 13:00:00,134,3,5,0,0,0,0
2024-05-30 14:00:00,137,3,5,0,0,0,0
2024-05-30 15:00:00,132,3,5,0,0,0,0
2024-05-30 16:00:00,138,3,5,0,0,0,0
2024-05-30 17:00:00,116,3,5,0,0,0,0
2024-05-30 18:00:00,124,3,5,0,0,0,0
2024-05-30 19:00:00,127,3,5,0,0,0,0
2024-05-30 20:00:00,122,3,5,0,0,0,0
2024-05-30 21:00:00,110,3,5,0,0,0,0
2024-05-30 22:00:00,110,3,5,0,0,0,0
2024-05-30 23:00:00,111,3,5,0,0,0,0
2024-05-31 00:00:00,74,4,5,0,0,0,0
2024-05-31 01:00:00,80,4,5,0,0,0,0
2024-05-31 02:00:00,83,4,5,0,0,0,0
2024-05-31 03:00:00,79,4,5,0,0,0,0
2024-05-31 04:00:00,83,4,5,0,0,0,0
2024-05-31 05:00:00,79,4,5,0,0,0,0
2024-05-31 06:00:00,112,4,5,0,0,0,0
2024-05-31 07:00:00,102,4,5,0,0,0,0
2024-05-31 08:00:00,128,4,5,0,0,0,0
2024-05-31 09:00:00,140,4,5,0,0,0,0
2024-05-31 10:00:00,148,4,5,0,0,0,0
2024-05-31 11:00:00,147,4,5,0,0,0,0
2024-05-31 12:00:00,144,4,5,0,0,0,0
2024-05-31 13:00:00,128,4,5,0,0,0,0
2024-05-31 14:00:00,132,4,5,0,0,0,0
2024-05-31 15:00:00,136,4,5,0,0,0,0
2024-05-31 16:00:00,129,4,5,0,0,0,0
2024-05-31 17:00:00,121,4,5,0,0,0,0
2024-05-31 18:00:00,118,4,5,0,0,0,0
2024-05-31 19:00:00,128,4,5,0,0,0,0
2024-05-31 20:00:00,120,4,5,0,0,0,0
2024-05-31 21:00:00,101,4,5,0,0,0,0
2024-05-31 22:00:00,111,4,5,0,0,0,0
2024-05-31 23:00:00,116,4,5,0,0,0,0
2024-06-01 00:00:00,54,5,6,1,0,0,0
2024-06-01 01:00:00,56,5,6,1,0,0,0
2024-06-01 02:00:00,58,5,6,1,0,0,0
2024-06-01 03:00:00,53,5,6,1,0,0,0
2024-06-01 04:00:00,56,5,6,1,0,0,0
2024-06-01 05:00:00,55,5,6,1,0,0,0
2024-06-01 06:00:00,69,5,6,1,0,0,0
2024-06-01 07:00:00,79,5,6,1,0,0,0
2024-06-01 08:00:00,93,5,6,1,0,0,0
2024-06-01 09:00:00,96,5,6,1,0,0,0
2024-06-01 10:00:00,96,5,6,1,0,0,0
2024-06-01 11:00:00,102,5,6,1,0,0,0
2024-06-01 12:00:00,104,5,6,1,0,0,0
2024-06-01 13:00:00,88,5,6,1,0,0,0
2024-06-01 14:00:00,88,5,6,1,0,0,0
2024-06-01 15:00:00,91,5,6,1,0,0,0
2024-06-01 16:00:00,88,5,6,1,0,0,0
2024-06-01 17:00:00,76,5,6,1,0,0,0
2024-06-01 18:00:00,86,5,6,1,0,0,0
2024-06-01 19:00:00,77,5,6,1,0,0,0
2024-06-01 20:00:00,85,5,6,1,0,0,0
2024-06-01 21:00:00,81,5,6,1,0,0,0
2024-06-01 22:00:00,76,5,6,1,0,0,0
2024-06-01 23:00:00,73,5,6,1,0,0,0
2024-06-02 00:00:00,69,6,6,1,0,0,0
2024-06-02 01:00:00,58,6,6,1,0,0,0
2024-06-02 02:00:00,55,6,6,1,0,0,0
2024-06-02 03:00:00,60,6,6,1,0,0,0
2024-06-02 04:00:00,66,6,6,1,0,0,0
2024-06-02 05:00:00,57,6,6,1,0,0,0
2024-06-02 06:00:00,80,6,6,1,0,0,0
2024-06-02 07:00:00,75,6,6,1,0,0,0
2024-06-02 08:00:00,94,6,6,1,0,0,0
2024-06-02 09:00:00,101,6,6,1,0,0,0
2024-06-02 10:00:00,108,6,6,1,0,0,0
2024-06-02 11:00:00,105,6,6,1,0,0,0
2024-06-02 12:00:00,101,6,6,1,0,0,0
2024-06-02 13:00:00,97,6,6,1,0,0,0
2024-06-02 14:00:00,95,6,6,1,0,0,0
2024-06-02 15:00:00,92,6,6,1,0,0,0
2024-06-02 16:00:00,90,6,6,1,0,0,0
2024-06-02 17:00:00,87,6,6,1,0,0,0
2024-06-02 18:00:00,87,6,6,1,0,0,0
2024-06-02 19:00:00,86,6,6,1,0,0,0
2024-06-02 20:00:00,94,6,6,1,0,0,0
2024-06-02 21:00:00,77,6,6,1,0,0,0
2024-06-02 22:00:00,81,6,6,1,0,0,0
2024-06-02 23:00:00,74,6,6,1,0,0,0
2024-06-03 00:00:00,86,0,6,0,0,0,0
2024-06-03 01:00:00,86,0,6,0,0,0,0
2024-06-03 02:00:00,79,0,6,0,0,0,0
2024-06-03 03:00:00,86,0,6,0,0,0,0
2024-06-03 04:00:00,81,0,6,0,0,0,0
2024-06-03 05:00:00,84,0,6,0,0,0,0
2024-06-03 06:00:00,108,0,6,0,0,0,0
2024-06-03 07:00:00,110,0,6,0,0,0,0
2024-06-03 08:00:00,130,0,6,0,0,0,0
2024-06-03 09:00:00,141,0,6,0,0,0,0
2024-06-03 10:00:00,145,0,6,0,0,0,0
2024-06-03 11:00:00,138,0,6,0,0,0,0
2024-06-03 12:00:00,145,0,6,0,0,0,0
2024-06-03 13:00:00,122,0,6,0,0,0,0
2024-06-03 14:00:00,133,0,6,0,0,0,0
2024-06-03 15:00:00,121,0,6,0,0,0,0
2024-06-03 16:00:00,135,0,6,0,0,0,0
2024-06-03 17:00:00,117,0,6,0,0,0,0
2024-06-03 18:00:00,121,0,6,0,0,0,0
2024-06-03 19:00:00,116,0,6,0,0,0,0
2024-06-03 20:00:00,122,0,6,0,0,0,0
2024-06-03 21:00:00,101,0,6,0,0,0,0
2024-06-03 22:00:00,111,0,6,0,0,0,0
2024-06-03 23:00:00,111,0,6,0,0,0,0
2024-06-04 00:00:00,79,1,6,0,0,0,0
2024-06-04 01:00:00,91,1,6,0,0,0,0
2024-06-04 02:00:00,89,1,6,0,0,0,0
2024-06-04 03:00:00,86,1,6,0,0,0,0
2024-06-04 04:00:00,89,1,6,0,0,0,0
2024-06-04 05:00:00,83,1,6,0,0,0,0
2024-06-04 06:00:00,107,1,6,0,0,0,0
2024-06-04 07:00:00,111,1,6,0,0,0,0
2024-06-04 08:00:00,135,1,6,0,0,0,0
2024-06-04 09:00:00,141,1,6,0,0,0,0
2024-06-04 10:00:00,146,1,6,0,0,0,0
2024-06-04 11:00:00,146,1,6,0,0,0,0
2024-06-04 12:00:00,151,1,6,0,0,0,0
2024-06-04 13:00:00,119,1,6,0,0,0,0
2024-06-04 14:00:00,134,1,6,0,0,0,0
2024-06-04 15:00:00,129,1,6,0,0,0,0
2024-06-04 16:00:00,133,1,6,0,0,0,0
2024-06-04 17:00:00,126,1,6,0,0,0,0
2024-06-04 18:00:00,124,1,6,0,0,0,0
2024-06-04 19:00:00,126,1,6,0,0,0,0
2024-06-04 20:00:00,131,1,6,0,0,0,0
2024-06-04 21:00:00,115,1,6,0,0,0,0
2024-06-04 22:00:00,107,1,6,0,0,0,0
2024-06-04 23:00:00,103,1,6,0,0,0,0
2024-06-05 00:00:00,82,2,6,0,0,0,0
2024-06-05 01:00:00,90,2,6,0,0,0,0
2024-06-05 02:00:00,84,2,6,0,0,0,0
2024-06-05 03:00:00,75,2,6,0,0,0,0
2024-06-05 04:00:00,86,2,6,0,0,0,0
2024-06-05 05:00:00,72,2,6,0,0,0,0
2024-06-05 06:00:00,105,2,6,0,0,0,0
2024-06-05 07:00:00,110,2,6,0,0,0,0
2024-06-05 08:00:00,130,2,6,0,0,0,0
2024-06-05 09:00:00,141,2,6,0,0,0,0
2024-06-05 10:00:00,139,2,6,0,0,0,0
2024-06-05 11:00:00,136,2,6,0,0,0,0
2024-06-05 12:00:00,141,2,6,0,0,0,0
2024-06-05 13:00:00,130,2,6,0,0,0,0
2024-06-05 14:00:00,130,2,6,0,0,0,0
2024-06-05 15:00:00,127,2,6,0,0,0,0
2024-06-05 16:00:00,133,2,6,0,0,0,0
2024-06-05 17:00:00,119,2,6,0,0,0,0
2024-06-05 18:00:00,117,2,6,0,0,0,0
2024-06-05 19:00:00,115,2,6,0,0,0,0
2024-06-05 20:00:00,121,2,6,0,0,0,0
2024-06-05 21:00:00,106,2,6,0,0,0,0
2024-06-05 22:00:00,102,2,6,0,0,0,0
2024-06-05 23:00:00,106,2,6,0,0,0,0
2024-06-06 00:00:00,76,3,6,0,0,0,0
2024-06-06 01:00:00,73,3,6,0,0,0,0
2024-06-06 02:00:00,71,3,6,0,0,0,0
2024-06-06 03:00:00,79,3,6,0,0,0,0
2024-06-06 04:00:00,68,3,6,0,0,0,0
2024-06-06 05:00:00,68,3,6,0,0,0,0
2024-06-06 06:00:00,95,3,6,0,0,0,0
2024-06-06 07:00:00,110,3,6,0,0,0,0
2024-06-06 08:00:00,122,3,6,0,0,0,0
2024-06-06 09:00:00,134,3,6,0,0,0,0
2024-06-06 10:00:00,133,3,6,0,0,0,0
2024-06-06 11:00:00,133,3,6,0,0,0,0
2024-06-06 12:00:00,136,3,6,0,0,0,0
2024-06-06 13:00:00,123,3,6,0,0,0,0
2024-06-06 14:00:00,115,3,6,0,0,0,0
2024-06-06 15:00:00,114,3,6,0,0,0,0
2024-06-06 16:00:00,126,3,6,0,0,0,0
2024-06-06 17:00:00,117,3,6,0,0,0,0
2024-06-06 18:00:00,114,3,6,0,0,0,0
2024-06-06 19:00:00,124,3,6,0,0,0,0
2024-06-06 20:00:00,105,3,6,0,0,0,0
2024-06-06 21:00:00,102,3,6,0,0,0,0
2024-06-06 22:00:00,93,3,6,0,0,0,0
2024-06-06 23:00:00,104,3,6,0,0,0,0
2024-06-07 00:00:00,71,4,6,0,0,0,0
2024-06-07 01:00:00,71,4,6,0,0,0,0
2024-06-07 02:00:00,73,4,6,0,0,0,0
2024-06-07 03:00:00,65,4,6,0,0,0,0
2024-06-07 04:00:00,78,4,6,0,0,0,0
2024-06-07 05:00:00,69,4,6,0,0,0,0
2024-06-07 06:00:00,91,4,6,0,0,0,0
2024-06-07 07:00:00,95,4,6,0,0,0,0
2024-06-07 08:00:00,113,4,6,0,0,0,0
2024-06-07 09:00:00,124,4,6,0,0,0,0
2024-06-07 10:00:00,130,4,6,0,0,0,0
2024-06-07 11:00:00,131,4,6,0,0,0,0
2024-06-07 12:00:00,130,4,6,0,0,0,0
2024-06-07 13:00:00,112,4,6,0,0,0,0
2024-06-07 14:00:00,108,4,6,0,0,0,0
2024-06-07 15:00:00,126,4,6,0,0,0,0
2024-06-07 16:00:00,113,4,6,0,0,0,0
2024-06-07 17:00:00,105,4,6,0,0,0,0
2024-06-07 18:00:00,107,4,6,0,0,0,0
2024-06-07 19:00:00,104,4,6,0,0,0,0
2024-06-07 20:00:00,109,4,6,0,0,0,0
2024-06-07 21:00:00,97,4,6,0,0,0,0
2024-06-07 22:00:00,92,4,6,0,0,0,0
2024-06-07 23:00:00,95,4,6,0,0,0,0
2024-06-08 00:00:00,61,5,6,1,0,0,0
2024-06-08 01:00:00,53,5,6,1,0,0,0
2024-06-08 02:00:00,56,5,6,1,0,0,0
2024-06-08 03:00:00,53,5,6,1,0,0,0
2024-06-08 04:00:00,47,5,6,1,0,0,0
2024-06-08 05:00:00,56,5,6,1,0,0,0
2024-06-08 06:00:00,65,5,6,1,0,0,0
2024-06-08 07:00:00,76,5,6,1,0,0,0
2024-06-08 08:00:00,88,5,6,1,0,0,0
2024-06-08 09:00:00,96,5,6,1,0,0,0
2024-06-08 10:00:00,97,5,6,1,0,0,0
2024-06-08 11:00:00,101,5,6,1,0,0,0
2024-06-08 12:00:00,98,5,6,1,0,0,0
2024-06-08 13:00:00,90,5,6,1,0,0,0
2024-06-08 14:00:00,88,5,6,1,0,0,0
2024-06-08 15:00:00,85,5,6,1,0,0,0
2024-06-08 16:00:00,97,5,6,1,0,0,0
2024-06-08 17:00:00,76,5,6,1,0,0,0
2024-06-08 18:00:00,81,5,6,1,0,0,0
2024-06-08 19:00:00,83,5,6,1,0,0,0
2024-06-08 20:00:00,83,5,6,1,0,0,0
2024-06-08 21:00:00,72,5,6,1,0,0,0
2024-06-08 22:00:00,68,5,6,1,0,0,0
2024-06-08 23:00:00,73,5,6,1,0,0,0
2024-06-09 00:00:00,55,6,6,1,0,0,0
2024-06-09 01:00:00,59,6,6,1,0,0,0
2024-06-09 02:00:00,59,6,6,1,0,0,0
2024-06-09 03:00:00,61,6,6,1,0,0,0
2024-06-09 04:00:00,55,6,6,1,0,0,0
2024-06-09 05:00:00,53,6,6,1,0,0,0
2024-06-09 06:00:00,81,6,6,1,0,0,0
2024-06-09 07:00:00,75,6,6,1,0,0,0
2024-06-09 08:00:00,92,6,6,1,0,0,0
2024-06-09 09:00:00,101,6,6,1,0,0,0
2024-06-09 10:00:00,106,6,6,1,0,0,0
2024-06-09 11:00:00,106,6,6,1,0,0,0
2024-06-09 12:00:00,99,6,6,1,0,0,0
2024-06-09 13:00:00,99,6,6,1,0,0,0
2024-06-09 14:00:00,93,6,6,1,0,0,0
2024-06-09 15:00:00,93,6,6,1,0,0,0
2024-06-09 16:00:00,90,6,6,1,0,0,0
2024-06-09 17:00:00,82,6,6,1,0,0,0
2024-06-09 18:00:00,85,6,6,1,0,0,0
2024-06-09 19:00:00,85,6,6,1,0,0,0
2024-06-09 20:00:00,91,6,6,1,0,0,0
2024-06-09 21:00:00,77,6,6,1,0,0,0
2024-06-09 22:00:00,73,6,6,1,0,0,0
2024-06-09 23:00:00,79,6,6,1,0,0,0
2024-06-10 00:00:00,84,0,6,0,0,0,0
2024-06-10 01:00:00,80,0,6,0,0,0,0
2024-06-10 02:00:00,85,0,6,0,0,0,0
2024-06-10 03:00:00,87,0,6,0,0,0,0
2024-06-10 04:00:00,84,0,6,0,0,0,0
2024-06-10 05:00:00,85,0,6,0,0,0,0
2024-06-10 06:00:00,107,0,6,0,0,0,0
2024-06-10 07:00:00,109,0,6,0,0,0,0
2024-06-10 08:00:00,128,0,6,0,0,0,0
2024-06-10 09:00:00,140,0,6,0,0,0,0
2024-06-10 10:00:00,138,0,6,0,0,0,0
2024-06-10 11:00:00,143,0,6,0,0,0,0
2024-06-10 12:00:00,141,0,6,0,0,0,0
2024-06-10 13:00:00,130,0,6,0,0,0,0
2024-06-10 14:00:00,130,0,6,0,0,0,0
2024-06-10 15:00:00,127,0,6,0,0,0,0
2024-06-10 16:00:00,126,0,6,0,0,0,0
2024-06-10 17:00:00,113,0,6,0,0,0,0
2024-06-10 18:00:00,119,0,6,0,0,0,0
2024-06-10 19:00:00,114,0,6,0,0,0,0
2024-06-10 20:00:00,124,0,6,0,0,0,0
2024-06-10 21:00:00,108,0,6,0,0,0,0
2024-06-10 22:00:00,107,0,6,0,0,0,0
2024-06-10 23:00:00,108,0,6,0,0,0,0
2024-06-11 00:00:00,84,1,6,0,0,0,0
2024-06-11 01:00:00,87,1,6,0,0,0,0
2024-06-11 02:00:00,83,1,6,0,0,0,0
2024-06-11 03:00:00,88,1,6,0,0,0,0
2024-06-11 04:00:00,84,1,6,0,0,0,0
2024-06-11 05:00:00,87,1,6,0,0,0,0
2024-06-11 06:00:00,104,1,6,0,0,0,0
2024-06-11 07:00:00,106,1,6,0,0,0,0
2024-06-11 08:00:00,131,1,6,0,0,0,0
2024-06-11 09:00:00,144,1,6,0,0,0,0
2024-06-11 10:00:00,138,1,6,0,0,0,0
2024-06-11 11:00:00,136,1,6,0,0,0,0
2024-06-11 12:00:00,147,1,6,0,0,0,0
2024-06-11 13:00:00,128,1,6,0,0,0,0
2024-06-11 14:00:00,133,1,6,0,0,0,0
2024-06-11 15:00:00,133,1,6,0,0,0,0
2024-06-11 16:00:00,129,1,6,0,0,0,0
2024-06-11 17:00:00,114,1,6,0,0,0,0
2024-06-11 18:00:00,116,1,6,0,0,0,0
2024-06-11 19:00:00,114,1,6,0,0,0,0
2024-06-11 20:00:00,125,1,6,0,0,0,0
2024-06-11 21:00:00,104,1,6,0,0,0,0
2024-06-11 22:00:00,103,1,6,0,0,0,0
2024-06-11 23:00:00,105,1,6,0,0,0,0
2024-06-12 00:00:00,78,2,6,0,0,0,0
2024-06-12 01:00:00,82,2,6,0,0,0,0
2024-06-12 02:00:00,81,2,6,0,0,0,0
2024-06-12 03:00:00,81,2,6,0,0,0,0
2024-06-12 04:00:00,74,2,6,0,0,0,0
2024-06-12 05:00:00,78,2,6,0,0,0,0
2024-06-12 06:00:00,99,2,6,0,0,0,0
2024-06-12 07:00:00,102,2,6,0,0,0,0
2024-06-12 08:00:00,124,2,6,0,0,0,0
2024-06-12 09:00:00,136,2,6,0,0,0,0
2024-06-12 10:00:00,140,2,6,0,0,0,0
2024-06-12 11:00:00,142,2,6,0,0,0,0
2024-06-12 12:00:00,142,2,6,0,0,0,0
2024-06-12 13:00:00,127,2,6,0,0,0,0
2024-06-12 14:00:00,131,2,6,0,0,0,0
2024-06-12 15:00:00,123,2,6,0,0,0,0
2024-06-12 16:00:00,130,2,6,0,0,0,0
2024-06-12 17:00:00,115,2,6,0,0,0,0
2024-06-12 18:00:00,123,2,6,0,0,0,0
2024-06-12 19:00:00,117,2,6,0,0,0,0
2024-06-12 20:00:00,117,2,6,0,0,0,0
2024-06-12 21:00:00,101,2,6,0,0,0,0
2024-06-12 22:00:00,107,2,6,0,0,0,0
2024-06-12 23:00:00,105,2,6,0,0,0,0
2024-06-13 00:00:00,80,3,6,0,0,0,0
2024-06-13 01:00:00,76,3,6,0,0,0,0
2024-06-13 02:00:00,66,3,6,0,0,0,0
2024-06-13 03:00:00,64,3,6,0,0,0,0
2024-06-13 04:00:00,78,3,6,0,0,0,0
2024-06-13 05:00:00,67,3,6,0,0,0,0
2024-06-13 06:00:00,100,3,6,0,0,0,0
2024-06-13 07:00:00,91,3,6,0,0,0,0
2024-06-13 08:00:00,115,3,6,0,0,0,0
2024-06-13 09:00:00,126,3,6,0,0,0,0
2024-06-13 10:00:00,136,3,6,0,0,0,0
2024-06-13 11:00:00,136,3,6,0,0,0,0
2024-06-13 12:00:00,141,3,6,0,0,0,0
2024-06-13 13:00:00,119,3,6,0,0,0,0
2024-06-13 14:00:00,123,3,6,0,0,0,0
2024-06-13 15:00:00,125,3,6,0,0,0,0
2024-06-13 16:00:00,126,3,6,0,0,0,0
2024-06-13 17:00:00,111,3,6,0,0,0,0
2024-06-13 18:00:00,109,3,6,0,0,0,0
2024-06-13 19:00:00,102,3,6,0,0,0,0
2024-06-13 20:00:00,122,3,6,0,0,0,0
2024-06-13 21:00:00,99,3,6,0,0,0,0
2024-06-13 22:00:00,100,3,6,0,0,0,0
2024-06-13 23:00:00,97,3,6,0,0,0,0
2024-06-14 00:00:00,73,4,6,0,0,0,0
2024-06-14 01:00:00,70,4,6,0,0,0,0
2024-06-14 02:00:00,67,4,6,0,0,0,0
2024-06-14 03:00:00,68,4,6,0,0,0,0
2024-06-14 04:00:00,60,4,6,0,0,0,0
2024-06-14 05:00:00,74,4,6,0,0,0,0
2024-06-14 06:00:00,97,4,6,0,0,0,0
2024-06-14 07:00:00,97,4,6,0,0,0,0
2024-06-14 08:00:00,115,4,6,0,0,0,0
2024-06-14 09:00:00,126,4,6,0,0,0,0
2024-06-14 10:00:00,138,4,6,0,0,0,0
2024-06-14 11:00:00,137,4,6,0,0,0,0
2024-06-14 12:00:00,127,4,6,0,0,0,0
2024-06-14 13:00:00,116,4,6,0,0,0,0
2024-06-14 14:00:00,113,4,6,0,0,0,0
2024-06-14 15:00:00,118,4,6,0,0,0,0
2024-06-14 16:00:00,116,4,6,0,0,0,0
2024-06-14 17:00:00,108,4,6,0,0,0,0
2024-06-14 18:00:00,105,4,6,0,0,0,0
2024-06-14 19:00:00,99,4,6,0,0,0,0
2024-06-14 20:00:00,111,4,6,0,0,0,0
2024-06-14 21:00:00,91,4,6,0,0,0,0
2024-06-14 22:00:00,92,4,6,0,0,0,0
2024-06-14 23:00:00,92,4,6,0,0,0,0
2024-06-15 00:00:00,54,5,6,1,0,0,0
2024-06-15 01:00:00,46,5,6,1,0,0,0
2024-06-15 02:00:00,57,5,6,1,0,0,0
2024-06-15 03:00:00,55,5,6,1,0,0,0
2024-06-15 04:00:00,50,5,6,1,0,0,0
2024-06-15 05:00:00,56,5,6,1,0,0,0
2024-06-15 06:00:00,74,5,6,1,0,0,0
2024-06-15 07:00:00,79,5,6,1,0,0,0
2024-06-15 08:00:00,92,5,6,1,0,0,0
2024-06-15 09:00:00,99,5,6,1,0,0,0
2024-06-15 10:00:00,96,5,6,1,0,0,0
2024-06-15 11:00:00,98,5,6,1,0,0,0
2024-06-15 12:00:00,107,5,6,1,0,0,0
2024-06-15 13:00:00,92,5,6,1,0,0,0
2024-06-15 14:00:00,85,5,6,1,0,0,0
2024-06-15 15:00:00,91,5,6,1,0,0,0
2024-06-15 16:00:00,93,5,6,1,0,0,0
2024-06-15 17:00:00,81,5,6,1,0,0,0
2024-06-15 18:00:00,77,5,6,1,0,0,0
2024-06-15 19:00:00,75,5,6,1,0,0,0
2024-06-15 20:00:00,78,5,6,1,0,0,0
2024-06-15 21:00:00,66,5,6,1,0,0,0
2024-06-15 22:00:00,75,5,6,1,0,0,0
2024-06-15 23:00:00,74,5,6,1,0,0,0
2024-06-16 00:00:00,54,6,6,1,0,0,0
2024-06-16 01:00:00,52,6,6,1,0,0,0
2024-06-16 02:00:00,52,6,6,1,0,0,0
2024-06-16 03:00:00,62,6,6,1,0,0,0
2024-06-16 04:00:00,63,6,6,1,0,0,0
2024-06-16 05:00:00,67,6,6,1,0,0,0
2024-06-16 06:00:00,78,6,6,1,0,0,0
2024-06-16 07:00:00,79,6,6,1,0,0,0
2024-06-16 08:00:00,94,6,6,1,0,0,0
2024-06-16 09:00:00,104,6,6,1,0,0,0
2024-06-16 10:00:00,106,6,6,1,0,0,0
2024-06-16 11:00:00,105,6,6,1,0,0,0
2024-06-16 12:00:00,107,6,6,1,0,0,0
2024-06-16 13:00:00,93,6,6,1,0,0,0
2024-06-16 14:00:00,91,6,6,1,0,0,0
2024-06-16 15:00:00,105,6,6,1,0,0,0
2024-06-16 16:00:00,92,6,6,1,0,0,0
2024-06-16 17:00:00,87,6,6,1,0,0,0
2024-06-16 18:00:00,92,6,6,1,0,0,0
2024-06-16 19:00:00,89,6,6,1,0,0,0
2024-06-16 20:00:00,94,6,6,1,0,0,0
2024-06-16 21:00:00,77,6,6,1,0,0,0
2024-06-16 22:00:00,81,6,6,1,0,0,0
2024-06-16 23:00:00,79,6,6,1,0,0,0
2024-06-17 00:00:00,86,0,6,0,0,0,0
2024-06-17 01:00:00,79,0,6,0,0,0,0
2024-06-17 02:00:00,89,0,6,0,0,0,0
2024-06-17 03:00:00,83,0,6,0,0,0,0
2024-06-17 04:00:00,87,0,6,0,0,0,0
2024-06-17 05:00:00,80,0,6,0,0,0,0
2024-06-17 06:00:00,108,0,6,0,0,0,0
2024-06-17 07:00:00,113,0,6,0,0,0,0
2024-06-17 08:00:00,131,0,6,0,0,0,0
2024-06-17 09:00:00,144,0,6,0,0,0,0
2024-06-17 10:00:00,143,0,6,0,0,0,0
2024-06-17 11:00:00,137,0,6,0,0,0,0
2024-06-17 12:00:00,142,0,6,0,0,0,0
2024-06-17 13:00:00,134,0,6,0,0,0,0
2024-06-17 14:00:00,124,0,6,0,0,0,0
2024-06-17 15:00:00,126,0,6,0,0,0,0
2024-06-17 16:00:00,131,0,6,0,0,0,0
2024-06-17 17:00:00,119,0,6,0,0,0,0
2024-06-17 18:00:00,116,0,6,0,0,0,0
2024-06-17 19:00:00,116,0,6,0,0,0,0
2024-06-17 20:00:00,114,0,6,0,0,0,0
2024-06-17 21:00:00,110,0,6,0,0,0,0
2024-06-17 22:00:00,104,0,6,0,0,0,0
2024-06-17 23:00:00,100,0,6,0,0,0,0
2024-06-18 00:00:00,81,1,6,0,0,0,0
2024-06-18 01:00:00,80,1,6,0,0,0,0
2024-06-18 02:00:00,82,1,6,0,0,0,0
2024-06-18 03:00:00,79,1,6,0,0,0,0
2024-06-18 04:00:00,79,1,6,0,0,0,0
2024-06-18 05:00:00,87,1,6,0,0,0,0
2024-06-18 06:00:00,113,1,6,0,0,0,0
2024-06-18 07:00:00,116,1,6,0,0,0,0
2024-06-18 08:00:00,135,1,6,0,0,0,0
2024-06-18 09:00:00,146,1,6,0,0,0,0
2024-06-18 10:00:00,140,1,6,0,0,0,0
2024-06-18 11:00:00,144,1,6,0,0,0,0
2024-06-18 12:00:00,137,1,6,0,0,0,0
2024-06-18 13:00:00,127,1,6,0,0,0,0
2024-06-18 14:00:00,129,1,6,0,0,0,0
2024-06-18 15:00:00,137,1,6,0,0,0,0
2024-06-18 16:00:00,130,1,6,0,0,0,0
2024-06-18 17:00:00,122,1,6,0,0,0,0
2024-06-18 18:00:00,121,1,6,0,0,0,0
2024-06-18 19:00:00,117,1,6,0,0,0,0
2024-06-18 20:00:00,118,1,6,0,0,0,0
2024-06-18 21:00:00,103,1,6,0,0,0,0
2024-06-18 22:00:00,110,1,6,0,0,0,0
2024-06-18 23:00:00,105,1,6,0,0,0,0
2024-06-19 00:00:00,84,2,6,0,0,0,0
2024-06-19 01:00:00,67,2,6,0,0,0,0
2024-06-19 02:00:00,77,2,6,0,0,0,0
2024-06-19 03:00:00,73,2,6,0,0,0,0
2024-06-19 04:00:00,79,2,6,0,0,0,0
2024-06-19 05:00:00,75,2,6,0,0,0,0
2024-06-19 06:00:00,103,2,6,0,0,0,0
2024-06-19 07:00:00,110,2,6,0,0,0,0
2024-06-19 08:00:00,127,2,6,0,0,0,0
2024-06-19 09:00:00,139,2,6,0,0,0,0
2024-06-19 10:00:00,132,2,6,0,0,0,0
2024-06-19 11:00:00,140,2,6,0,0,0,0
2024-06-19 12:00:00,139,2,6,0,0,0,0
2024-06-19 13:00:00,121,2,6,0,0,0,0
2024-06-19 14:00:00,129,2,6,0,0,0,0
2024-06-19 15:00:00,123,2,6,0,0,0,0
2024-06-19 16:00:00,123,2,6,0,0,0,0
2024-06-19 17:00:00,112,2,6,0,0,0,0
2024-06-19 18:00:00,124,2,6,0,0,0,0
2024-06-19 19:00:00,110,2,6,0,0,0,0
2024-06-19 20:00:00,112,2,6,0,0,0,0
2024-06-19 21:00:00,107,2,6,0,0,0,0
2024-06-19 22:00:00,106,2,6,0,0,0,0
2024-06-19 23:00:00,105,2,6,0,0,0,0
2024-06-20 00:00:00,71,3,6,0,0,0,0
2024-06-20 01:00:00,76,3,6,0,0,0,0
2024-06-20 02:00:00,72,3,6,0,0,0,0
2024-06-20 03:00:00,70,3,6,0,0,0,0
2024-06-20 04:00:00,78,3,6,0,0,0,0
2024-06-20 05:00:00,73,3,6,0,0,0,0
2024-06-20 06:00:00,106,3,6,0,0,0,0
2024-06-20 07:00:00,100,3,6,0,0,0,0
2024-06-20 08:00:00,122,3,6,0,0,0,0
2024-06-20 09:00:00,134,3,6,0,0,0,0
2024-06-20 10:00:00,135,3,6,0,0,0,0
2024-06-20 11:00:00,132,3,6,0,0,0,0
2024-06-20 12:00:00,132,3,6,0,0,0,0
2024-06-20 13:00:00,117,3,6,0,0,0,0
2024-06-20 14:00:00,120,3,6,0,0,0,0
2024-06-20 15:00:00,116,3,6,0,0,0,0
2024-06-20 16:00:00,112,3,6,0,0,0,0
2024-06-20 17:00:00,114,3,6,0,0,0,0
2024-06-20 18:00:00,111,3,6,0,0,0,0
2024-06-20 19:00:00,99,3,6,0,0,0,0
2024-06-20 20:00:00,109,3,6,0,0,0,0
2024-06-20 21:00:00,101,3,6,0,0,0,0
2024-06-20 22:00:00,93,3,6,0,0,0,0
2024-06-20 23:00:00,104,3,6,0,0,0,0
2024-06-21 00:00:00,69,4,6,0,0,0,0
2024-06-21 01:00:00,72,4,6,0,0,0,0
2024-06-21 02:00:00,67,4,6,0,0,0,0
2024-06-21 03:00:00,70,4,6,0,0,0,0
2024-06-21 04:00:00,70,4,6,0,0,0,0
2024-06-21 05:00:00,62,4,6,0,0,0,0
2024-06-21 06:00:00,92,4,6,0,0,0,0
2024-06-21 07:00:00,97,4,6,0,0,0,0
2024-06-21 08:00:00,112,4,6,0,0,0,0
2024-06-21 09:00:00,123,4,6,0,0,0,0
2024-06-21 10:00:00,124,4,6,0,0,0,0
2024-06-21 11:00:00,125,4,6,0,0,0,0
2024-06-21 12:00:00,122,4,6,0,0,0,0
2024-06-21 13:00:00,110,4,6,0,0,0,0
2024-06-21 14:00:00,126,4,6,0,0,0,0
2024-06-21 15:00:00,120,4,6,0,0,0,0
2024-06-21 16:00:00,118,4,6,0,0,0,0
2024-06-21 17:00:00,105,4,6,0,0,0,0
2024-06-21 18:00:00,114,4,6,0,0,0,0
2024-06-21 19:00:00,94,4,6,0,0,0,0
2024-06-21 20:00:00,106,4,6,0,0,0,0
2024-06-21 21:00:00,93,4,6,0,0,0,0
2024-06-21 22:00:00,96,4,6,0,0,0,0
2024-06-21 23:00:00,85,4,6,0,0,0,0
2024-06-22 00:00:00,47,5,6,1,0,0,0
2024-06-22 01:00:00,54,5,6,1,0,0,0
2024-06-22 02:00:00,46,5,6,1,0,0,0
2024-06-22 03:00:00,52,5,6,1,0,0,0
2024-06-22 04:00:00,45,5,6,1,0,0,0
2024-06-22 05:00:00,53,5,6,1,0,0,0
2024-06-22 06:00:00,71,5,6,1,0,0,0
2024-06-22 07:00:00,70,5,6,1,0,0,0
2024-06-22 08:00:00,85,5,6,1,0,0,0
2024-06-22 09:00:00,93,5,6,1,0,0,0
2024-06-22 10:00:00,92,5,6,1,0,0,0
2024-06-22 11:00:00,96,5,6,1,0,0,0
2024-06-22 12:00:00,95,5,6,1,0,0,0
2024-06-22 13:00:00,92,5,6,1,0,0,0
2024-06-22 14:00:00,73,5,6,1,0,0,0
2024-06-22 15:00:00,93,5,6,1,0,0,0
2024-06-22 16:00:00,90,5,6,1,0,0,0
2024-06-22 17:00:00,80,5,6,1,0,0,0
2024-06-22 18:00:00,79,5,6,1,0,0,0
2024-06-22 19:00:00,77,5,6,1,0,0,0
2024-06-22 20:00:00,77,5,6,1,0,0,0
2024-06-22 21:00:00,75,5,6,1,0,0,0
2024-06-22 22:00:00,66,5,6,1,0,0,0
2024-06-22 23:00:00,77,5,6,1,0,0,0
2024-06-23 00:00:00,59,6,6,1,0,0,0
2024-06-23 01:00:00,61,6,6,1,0,0,0
2024-06-23 02:00:00,58,6,6,1,0,0,0
2024-06-23 03:00:00,54,6,6,1,0,0,0
2024-06-23 04:00:00,52,6,6,1,0,0,0
2024-06-23 05:00:00,47,6,6,1,0,0,0
2024-06-23 06:00:00,64,6,6,1,0,0,0
2024-06-23 07:00:00,81,6,6,1,0,0,0
2024-06-23 08:00:00,86,6,6,1,0,0,0
2024-06-23 09:00:00,94,6,6,1,0,0,0
2024-06-23 10:00:00,104,6,6,1,0,0,0
2024-06-23 11:00:00,100,6,6,1,0,0,0
2024-06-23 12:00:00,109,6,6,1,0,0,0
2024-06-23 13:00:00,91,6,6,1,0,0,0
2024-06-23 14:00:00,89,6,6,1,0,0,0
2024-06-23 15:00:00,89,6,6,1,0,0,0
2024-06-23 16:00:00,90,6,6,1,0,0,0
2024-06-23 17:00:00,79,6,6,1,0,0,0
2024-06-23 18:00:00,83,6,6,1,0,0,0
2024-06-23 19:00:00,93,6,6,1,0,0,0
2024-06-23 20:00:00,84,6,6,1,0,0,0
2024-06-23 21:00:00,79,6,6,1,0,0,0
2024-06-23 22:00:00,72,6,6,1,0,0,0
2024-06-23 23:00:00,79,6,6,1,0,0,0
2024-06-24 00:00:00,76,0,6,0,0,0,0
2024-06-24 01:00:00,84,0,6,0,0,0,0
2024-06-24 02:00:00,84,0,6,0,0,0,0
2024-06-24 03:00:00,81,0,6,0,0,0,0
2024-06-24 04:00:00,88,0,6,0,0,0,0
2024-06-24 05:00:00,82,0,6,0,0,0,0
2024-06-24 06:00:00,98,0,6,0,0,0,0
2024-06-24 07:00:00,107,0,6,0,0,0,0
2024-06-24 08:00:00,126,0,6,0,0,0,0
2024-06-24 09:00:00,138,0,6,0,0,0,0
2024-06-24 10:00:00,147,0,6,0,0,0,0
2024-06-24 11:00:00,140,0,6,0,0,0,0
2024-06-24 12:00:00,145,0,6,0,0,0,0
2024-06-24 13:00:00,122,0,6,0,0,0,0
2024-06-24 14:00:00,125,0,6,0,0,0,0
2024-06-24 15:00:00,119,0,6,0,0,0,0
2024-06-24 16:00:00,124,0,6,0,0,0,0
2024-06-24 17:00:00,109,0,6,0,0,0,0
2024-06-24 18:00:00,116,0,6,0,0,0,0
2024-06-24 19:00:00,115,0,6,0,0,0,0
2024-06-24 20:00:00,116,0,6,0,0,0,0
2024-06-24 21:00:00,105,0,6,0,0,0,0
2024-06-24 22:00:00,105,0,6,0,0,0,0
2024-06-24 23:00:00,102,0,6,0,0,0,0
2024-06-25 00:00:00,82,1,6,0,0,0,0
2024-06-25 01:00:00,79,1,6,0,0,0,0
2024-06-25 02:00:00,82,1,6,0,0,0,0
2024-06-25 03:00:00,78,1,6,0,0,0,0
2024-06-25 04:00:00,78,1,6,0,0,0,0
2024-06-25 05:00:00,86,1,6,0,0,0,0
2024-06-25 06:00:00,107,1,6,0,0,0,0
2024-06-25 07:00:00,107,1,6,0,0,0,0
2024-06-25 08:00:00,130,1,6,0,0,0,0
2024-06-25 09:00:00,138,1,6,0,0,0,0
2024-06-25 10:00:00,149,1,6,0,0,0,0
2024-06-25 11:00:00,140,1,6,0,0,0,0
2024-06-25 12:00:00,141,1,6,0,0,0,0
2024-06-25 13:00:00,131,1,6,0,0,0,0
2024-06-25 14:00:00,137,1,6,0,0,0,0
2024-06-25 15:00:00,131,1,6,0,0,0,0
2024-06-25 16:00:00,125,1,6,0,0,0,0
2024-06-25 17:00:00,124,1,6,0,0,0,0
2024-06-25 18:00:00,122,1,6,0,0,0,0
2024-06-25 19:00:00,123,1,6,0,0,0,0
2024-06-25 20:00:00,120,1,6,0,0,0,0
2024-06-25 21:00:00,104,1,6,0,0,0,0
2024-06-25 22:00:00,107,1,6,0,0,0,0
2024-06-25 23:00:00,105,1,6,0,0,0,0
2024-06-26 00:00:00,79,2,6,0,0,0,0
2024-06-26 01:00:00,76,2,6,0,0,0,0
2024-06-26 02:00:00,81,2,6,0,0,0,0
2024-06-26 03:00:00,76,2,6,0,0,0,0
2024-06-26 04:00:00,78,2,6,0,0,0,0
2024-06-26 05:00:00,80,2,6,0,0,0,0
2024-06-26 06:00:00,98,2,6,0,0,0,0
2024-06-26 07:00:00,102,2,6,0,0,0,0
2024-06-26 08:00:00,123,2,6,0,0,0,0
2024-06-26 09:00:00,135,2,6,0,0,0,0
2024-06-26 10:00:00,137,2,6,0,0,0,0
2024-06-26 11:00:00,140,2,6,0,0,0,0
2024-06-26 12:00:00,142,2,6,0,0,0,0
2024-06-26 13:00:00,125,2,6,0,0,0,0
2024-06-26 14:00:00,128,2,6,0,0,0,0
2024-06-26 15:00:00,124,2,6,0,0,0,0
2024-06-26 16:00:00,126,2,6,0,0,0,0
2024-06-26 17:00:00,119,2,6,0,0,0,0
2024-06-26 18:00:00,115,2,6,0,0,0,0
2024-06-26 19:00:00,120,2,6,0,0,0,0
2024-06-26 20:00:00,108,2,6,0,0,0,0
2024-06-26 21:00:00,103,2,6,0,0,0,0
2024-06-26 22:00:00,109,2,6,0,0,0,0
2024-06-26 23:00:00,102,2,6,0,0,0,0
2024-06-27 00:00:00,72,3,6,0,0,0,0
2024-06-27 01:00:00,69,3,6,0,0,0,0
2024-06-27 02:00:00,74,3,6,0,0,0,0
2024-06-27 03:00:00,65,3,6,0,0,0,0
2024-06-27 04:00:00,74,3,6,0,0,0,0
2024-06-27 05:00:00,65,3,6,0,0,0,0
2024-06-27 06:00:00,100,3,6,0,0,0,0
2024-06-27 07:00:00,104,3,6,0,0,0,0
2024-06-27 08:00:00,119,3,6,0,0,0,0
2024-06-27 09:00:00,131,3,6,0,0,0,0
2024-06-27 10:00:00,126,3,6,0,0,0,0
2024-06-27 11:00:00,132,3,6,0,0,0,0
2024-06-27 12:00:00,131,3,6,0,0,0,0
2024-06-27 13:00:00,111,3,6,0,0,0,0
2024-06-27 14:00:00,119,3,6,0,0,0,0
2024-06-27 15:00:00,117,3,6,0,0,0,0
2024-06-27 16:00:00,119,3,6,0,0,0,0
2024-06-27 17:00:00,104,3,6,0,0,0,0
2024-06-27 18:00:00,101,3,6,0,0,0,0
2024-06-27 19:00:00,106,3,6,0,0,0,0
2024-06-27 20:00:00,112,3,6,0,0,0,0
2024-06-27 21:00:00,91,3,6,0,0,0,0
2024-06-27 22:00:00,91,3,6,0,0,0,0
2024-06-27 23:00:00,93,3,6,0,0,0,0
2024-06-28 00:00:00,77,4,6,0,0,0,0
2024-06-28 01:00:00,67,4,6,0,0,0,0
2024-06-28 02:00:00,71,4,6,0,0,0,0
2024-06-28 03:00:00,68,4,6,0,0,0,0
2024-06-28 04:00:00,67,4,6,0,0,0,0
2024-06-28 05:00:00,68,4,6,0,0,0,0
2024-06-28 06:00:00,88,4,6,0,0,0,0
2024-06-28 07:00:00,93,4,6,0,0,0,0
2024-06-28 08:00:00,111,4,6,0,0,0,0
2024-06-28 09:00:00,122,4,6,0,0,0,0
2024-06-28 10:00:00,130,4,6,0,0,0,0
2024-06-28 11:00:00,128,4,6,0,0,0,0
2024-06-28 12:00:00,135,4,6,0,0,0,0
2024-06-28 13:00:00,110,4,6,0,0,0,0
2024-06-28 14:00:00,113,4,6,0,0,0,0
2024-06-28 15:00:00,119,4,6,0,0,0,0
2024-06-28 16:00:00,119,4,6,0,0,0,0
2024-06-28 17:00:00,104,4,6,0,0,0,0
2024-06-28 18:00:00,106,4,6,0,0,0,0
2024-06-28 19:00:00,103,4,6,0,0,0,0
2024-06-28 20:00:00,108,4,6,0,0,0,0
2024-06-28 21:00:00,92,4,6,0,0,0,0
2024-06-28 22:00:00,96,4,6,0,0,0,0
2024-06-28 23:00:00,89,4,6,0,0,0,0
2024-06-29 00:00:00,51,5,6,1,0,0,0
2024-06-29 01:00:00,52,5,6,1,0,0,0
2024-06-29 02:00:00,56,5,6,1,0,0,0
2024-06-29 03:00:00,51,5,6,1,0,0,0
2024-06-29 04:00:00,50,5,6,1,0,0,0
2024-06-29 05:00:00,46,5,6,1,0,0,0
2024-06-29 06:00:00,71,5,6,1,0,0,0
2024-06-29 07:00:00,70,5,6,1,0,0,0
2024-06-29 08:00:00,86,5,6,1,0,0,0
2024-06-29 09:00:00,94,5,6,1,0,0,0
2024-06-29 10:00:00,104,5,6,1,0,0,0
2024-06-29 11:00:00,101,5,6,1,0,0,0
2024-06-29 12:00:00,97,5,6,1,0,0,0
2024-06-29 13:00:00,90,5,6,1,0,0,0
2024-06-29 14:00:00,88,5,6,1,0,0,0
2024-06-29 15:00:00,87,5,6,1,0,0,0
2024-06-29 16:00:00,86,5,6,1,0,0,0
2024-06-29 17:00:00,83,5,6,1,0,0,0
2024-06-29 18:00:00,79,5,6,1,0,0,0
2024-06-29 19:00:00,80,5,6,1,0,0,0
2024-06-29 20:00:00,78,5,6,1,0,0,0
2024-06-29 21:00:00,79,5,6,1,0,0,0
2024-06-29 22:00:00,67,5,6,1,0,0,0
2024-06-29 23:00:00,69,5,6,1,0,0,0
2024-06-30 00:00:00,59,6,6,1,0,0,0
2024-06-30 01:00:00,62,6,6,1,0,0,0
2024-06-30 02:00:00,56,6,6,1,0,0,0
2024-06-30 03:00:00,60,6,6,1,0,0,0
2024-06-30 04:00:00,52,6,6,1,0,0,0
2024-06-30 05:00:00,62,6,6,1,0,0,0
2024-06-30 06:00:00,82,6,6,1,0,0,0
2024-06-30 07:00:00,79,6,6,1,0,0,0
2024-06-30 08:00:00,94,6,6,1,0,0,0
2024-06-30 09:00:00,104,6,6,1,0,0,0
2024-06-30 10:00:00,102,6,6,1,0,0,0
2024-06-30 11:00:00,102,6,6,1,0,0,0
2024-06-30 12:00:00,104,6,6,1,0,0,0
2024-06-30 13:00:00,93,6,6,1,0,0,0
2024-06-30 14:00:00,93,6,6,1,0,0,0
2024-06-30 15:00:00,91,6,6,1,0,0,0
2024-06-30 16:00:00,93,6,6,1,0,0,0
2024-06-30 17:00:00,86,6,6,1,0,0,0
2024-06-30 18:00:00,81,6,6,1,0,0,0
2024-06-30 19:00:00,87,6,6,1,0,0,0
2024-06-30 20:00:00,88,6,6,1,0,0,0
2024-06-30 21:00:00,78,6,6,1,0,0,0
2024-06-30 22:00:00,76,6,6,1,0,0,0
2024-06-30 23:00:00,73,6,6,1,0,0,0
2024-07-01 00:00:00,88,0,7,0,0,0,0
2024-07-01 01:00:00,79,0,7,0,0,0,0
2024-07-01 02:00:00,84,0,7,0,0,0,0
2024-07-01 03:00:00,88,0,7,0,0,0,0
2024-07-01 04:00:00,82,0,7,0,0,0,0
2024-07-01 05:00:00,76,0,7,0,0,0,0
2024-07-01 06:00:00,103,0,7,0,0,0,0
2024-07-01 07:00:00,103,0,7,0,0,0,0
2024-07-01 08:00:00,124,0,7,0,0,0,0
2024-07-01 09:00:00,136,0,7,0,0,0,0
2024-07-01 10:00:00,147,0,7,0,0,0,0
2024-07-01 11:00:00,140,0,7,0,0,0,0
2024-07-01 12:00:00,142,0,7,0,0,0,0
2024-07-01 13:00:00,121,0,7,0,0,0,0
2024-07-01 14:00:00,133,0,7,0,0,0,0
2024-07-01 15:00:00,129,0,7,0,0,0,0
2024-07-01 16:00:00,122,0,7,0,0,0,0
2024-07-01 17:00:00,125,0,7,0,0,0,0
2024-07-01 18:00:00,117,0,7,0,0,0,0
2024-07-01 19:00:00,115,0,7,0,0,0,0
2024-07-01 20:00:00,114,0,7,0,0,0,0
2024-07-01 21:00:00,95,0,7,0,0,0,0
2024-07-01 22:00:00,111,0,7,0,0,0,0
2024-07-01 23:00:00,101,0,7,0,0,0,0
2024-07-02 00:00:00,72,1,7,0,0,0,0
2024-07-02 01:00:00,87,1,7,0,0,0,0
2024-07-02 02:00:00,86,1,7,0,0,0,0
2024-07-02 03:00:00,84,1,7,0,0,0,0
2024-07-02 04:00:00,82,1,7,0,0,0,0
2024-07-02 05:00:00,82,1,7,0,0,0,0
2024-07-02 06:00:00,104,1,7,0,0,0,0
2024-07-02 07:00:00,110,1,7,0,0,0,0
2024-07-02 08:00:00,130,1,7,0,0,0,0
2024-07-02 09:00:00,142,1,7,0,0,0,0
2024-07-02 10:00:00,138,1,7,0,0,0,0
2024-07-02 11:00:00,142,1,7,0,0,0,0
2024-07-02 12:00:00,153,1,7,0,0,0,0
2024-07-02 13:00:00,126,1,7,0,0,0,0
2024-07-02 14:00:00,132,1,7,0,0,0,0
2024-07-02 15:00:00,127,1,7,0,0,0,0
2024-07-02 16:00:00,125,1,7,0,0,0,0
2024-07-02 17:00:00,116,1,7,0,0,0,0
2024-07-02 18:00:00,121,1,7,0,0,0,0
2024-07-02 19:00:00,116,1,7,0,0,0,0
2024-07-02 20:00:00,128,1,7,0,0,0,0
2024-07-02 21:00:00,111,1,7,0,0,0,0
2024-07-02 22:00:00,113,1,7,0,0,0,0
2024-07-02 23:00:00,105,1,7,0,0,0,0
2024-07-03 00:00:00,78,2,7,0,0,0,0
2024-07-03 01:00:00,83,2,7,0,0,0,0
2024-07-03 02:00:00,84,2,7,0,0,0,0
2024-07-03 03:00:00,76,2,7,0,0,0,0
2024-07-03 04:00:00,84,2,7,0,0,0,0
2024-07-03 05:00:00,83,2,7,0,0,0,0
2024-07-03 06:00:00,105,2,7,0,0,0,0
2024-07-03 07:00:00,100,2,7,0,0,0,0
2024-07-03 08:00:00,127,2,7,0,0,0,0
2024-07-03 09:00:00,138,2,7,0,0,0,0
2024-07-03 10:00:00,134,2,7,0,0,0,0
2024-07-03 11:00:00,134,2,7,0,0,0,0
2024-07-03 12:00:00,141,2,7,0,0,0,0
2024-07-03 13:00:00,122,2,7,0,0,0,0
2024-07-03 14:00:00,123,2,7,0,0,0,0
2024-07-03 15:00:00,128,2,7,0,0,0,0
2024-07-03 16:00:00,129,2,7,0,0,0,0
2024-07-03 17:00:00,116,2,7,0,0,0,0
2024-07-03 18:00:00,118,2,7,0,0,0,0
2024-07-03 19:00:00,109,2,7,0,0,0,0
2024-07-03 20:00:00,115,2,7,0,0,0,0
2024-07-03 21:00:00,104,2,7,0,0,0,0
2024-07-03 22:00:00,103,2,7,0,0,0,0
2024-07-03 23:00:00,103,2,7,0,0,0,0
2024-07-04 00:00:00,72,3,7,0,0,0,0
2024-07-04 01:00:00,66,3,7,0,0,0,0
2024-07-04 02:00:00,73,3,7,0,0,0,0
2024-07-04 03:00:00,73,3,7,0,0,0,0
2024-07-04 04:00:00,70,3,7,0,0,0,0
2024-07-04 05:00:00,62,3,7,0,0,0,0
2024-07-04 06:00:00,99,3,7,0,0,0,0
2024-07-04 07:00:00,95,3,7,0,0,0,0
2024-07-04 08:00:00,113,3,7,0,0,0,0
2024-07-04 09:00:00,124,3,7,0,0,0,0
2024-07-04 10:00:00,129,3,7,0,0,0,0
2024-07-04 11:00:00,127,3,7,0,0,0,0
2024-07-04 12:00:00,132,3,7,0,0,0,0
2024-07-04 13:00:00,123,3,7,0,0,0,0
2024-07-04 14:00:00,113,3,7,0,0,0,0
2024-07-04 15:00:00,115,3,7,0,0,0,0
2024-07-04 16:00:00,117,3,7,0,0,0,0
2024-07-04 17:00:00,109,3,7,0,0,0,0
2024-07-04 18:00:00,111,3,7,0,0,0,0
2024-07-04 19:00:00,111,3,7,0,0,0,0
2024-07-04 20:00:00,106,3,7,0,0,0,0
2024-07-04 21:00:00,92,3,7,0,0,0,0
2024-07-04 22:00:00,99,3,7,0,0,0,0
2024-07-04 23:00:00,94,3,7,0,0,0,0
2024-07-05 00:00:00,71,4,7,0,0,0,0
2024-07-05 01:00:00,66,4,7,0,0,0,0
2024-07-05 02:00:00,68,4,7,0,0,0,0
2024-07-05 03:00:00,67,4,7,0,0,0,0
2024-07-05 04:00:00,66,4,7,0,0,0,0
2024-07-05 05:00:00,67,4,7,0,0,0,0
2024-07-05 06:00:00,90,4,7,0,0,0,0
2024-07-05 07:00:00,99,4,7,0,0,0,0
2024-07-05 08:00:00,111,4,7,0,0,0,0
2024-07-05 09:00:00,122,4,7,0,0,0,0
2024-07-05 10:00:00,125,4,7,0,0,0,0
2024-07-05 11:00:00,119,4,7,0,0,0,0
2024-07-05 12:00:00,126,4,7,0,0,0,0
2024-07-05 13:00:00,108,4,7,0,0,0,0
2024-07-05 14:00:00,116,4,7,0,0,0,0
2024-07-05 15:00:00,117,4,7,0,0,0,0
2024-07-05 16:00:00,116,4,7,0,0,0,0
2024-07-05 17:00:00,111,4,7,0,0,0,0
2024-07-05 18:00:00,106,4,7,0,0,0,0
2024-07-05 19:00:00,104,4,7,0,0,0,0
2024-07-05 20:00:00,106,4,7,0,0,0,0
2024-07-05 21:00:00,98,4,7,0,0,0,0
2024-07-05 22:00:00,93,4,7,0,0,0,0
2024-07-05 23:00:00,86,4,7,0,0,0,0
2024-07-06 00:00:00,57,5,7,1,0,0,0
2024-07-06 01:00:00,53,5,7,1,0,0,0
2024-07-06 02:00:00,49,5,7,1,0,0,0
2024-07-06 03:00:00,46,5,7,1,0,0,0
2024-07-06 04:00:00,53,5,7,1,0,0,0
2024-07-06 05:00:00,48,5,7,1,0,0,0
2024-07-06 06:00:00,67,5,7,1,0,0,0
2024-07-06 07:00:00,70,5,7,1,0,0,0
2024-07-06 08:00:00,84,5,7,1,0,0,0
2024-07-06 09:00:00,92,5,7,1,0,0,0
2024-07-06 10:00:00,98,5,7,1,0,0,0
2024-07-06 11:00:00,97,5,7,1,0,0,0
2024-07-06 12:00:00,95,5,7,1,0,0,0
2024-07-06 13:00:00,92,5,7,1,0,0,0
2024-07-06 14:00:00,89,5,7,1,0,0,0
2024-07-06 15:00:00,88,5,7,1,0,0,0
2024-07-06 16:00:00,89,5,7,1,0,0,0
2024-07-06 17:00:00,80,5,7,1,0,0,0
2024-07-06 18:00:00,86,5,7,1,0,0,0
2024-07-06 19:00:00,73,5,7,1,0,0,0
2024-07-06 20:00:00,77,5,7,1,0,0,0
2024-07-06 21:00:00,68,5,7,1,0,0,0
2024-07-06 22:00:00,74,5,7,1,0,0,0
2024-07-06 23:00:00,74,5,7,1,0,0,0
2024-07-07 00:00:00,57,6,7,1,0,0,0
2024-07-07 01:00:00,64,6,7,1,0,0,0
2024-07-07 02:00:00,53,6,7,1,0,0,0
2024-07-07 03:00:00,53,6,7,1,0,0,0
2024-07-07 04:00:00,59,6,7,1,0,0,0
2024-07-07 05:00:00,53,6,7,1,0,0,0
2024-07-07 06:00:00,72,6,7,1,0,0,0
2024-07-07 07:00:00,76,6,7,1,0,0,0
2024-07-07 08:00:00,90,6,7,1,0,0,0
2024-07-07 09:00:00,100,6,7,1,0,0,0
2024-07-07 10:00:00,103,6,7,1,0,0,0
2024-07-07 11:00:00,98,6,7,1,0,0,0
2024-07-07 12:00:00,99,6,7,1,0,0,0
2024-07-07 13:00:00,96,6,7,1,0,0,0
2024-07-07 14:00:00,96,6,7,1,0,0,0
2024-07-07 15:00:00,93,6,7,1,0,0,0
2024-07-07 16:00:00,97,6,7,1,0,0,0
2024-07-07 17:00:00,87,6,7,1,0,0,0
2024-07-07 18:00:00,84,6,7,1,0,0,0
2024-07-07 19:00:00,88,6,7,1,0,0,0
2024-07-07 20:00:00,80,6,7,1,0,0,0
2024-07-07 21:00:00,74,6,7,1,0,0,0
2024-07-07 22:00:00,71,6,7,1,0,0,0
2024-07-07 23:00:00,74,6,7,1,0,0,0
2024-07-08 00:00:00,78,0,7,0,0,0,0
2024-07-08 01:00:00,83,0,7,0,0,0,0
2024-07-08 02:00:00,83,0,7,0,0,0,0
2024-07-08 03:00:00,81,0,7,0,0,0,0
2024-07-08 04:00:00,78,0,7,0,0,0,0
2024-07-08 05:00:00,76,0,7,0,0,0,0
2024-07-08 06:00:00,107,0,7,0,0,0,0
2024-07-08 07:00:00,100,0,7,0,0,0,0
2024-07-08 08:00:00,123,0,7,0,0,0,0
2024-07-08 09:00:00,135,0,7,0,0,0,0
2024-07-08 10:00:00,142,0,7,0,0,0,0
2024-07-08 11:00:00,141,0,7,0,0,0,0
2024-07-08 12:00:00,143,0,7,0,0,0,0
2024-07-08 13:00:00,116,0,7,0,0,0,0
2024-07-08 14:00:00,133,0,7,0,0,0,0
2024-07-08 15:00:00,129,0,7,0,0,0,0
2024-07-08 16:00:00,121,0,7,0,0,0,0
2024-07-08 17:00:00,109,0,7,0,0,0,0
2024-07-08 18:00:00,118,0,7,0,0,0,0
2024-07-08 19:00:00,118,0,7,0,0,0,0
2024-07-08 20:00:00,113,0,7,0,0,0,0
2024-07-08 21:00:00,101,0,7,0,0,0,0
2024-07-08 22:00:00,109,0,7,0,0,0,0
2024-07-08 23:00:00,106,0,7,0,0,0,0
2024-07-09 00:00:00,81,1,7,0,0,0,0
2024-07-09 01:00:00,82,1,7,0,0,0,0
2024-07-09 02:00:00,78,1,7,0,0,0,0
2024-07-09 03:00:00,88,1,7,0,0,0,0
2024-07-09 04:00:00,78,1,7,0,0,0,0
2024-07-09 05:00:00,81,1,7,0,0,0,0
2024-07-09 06:00:00,108,1,7,0,0,0,0
2024-07-09 07:00:00,114,1,7,0,0,0,0
2024-07-09 08:00:00,132,1,7,0,0,0,0
2024-07-09 09:00:00,144,1,7,0,0,0,0
2024-07-09 10:00:00,140,1,7,0,0,0,0
2024-07-09 11:00:00,144,1,7,0,0,0,0
2024-07-09 12:00:00,141,1,7,0,0,0,0
2024-07-09 13:00:00,126,1,7,0,0,0,0
2024-07-09 14:00:00,128,1,7,0,0,0,0
2024-07-09 15:00:00,130,1,7,0,0,0,0
2024-07-09 16:00:00,126,1,7,0,0,0,0
2024-07-09 17:00:00,114,1,7,0,0,0,0
2024-07-09 18:00:00,114,1,7,0,0,0,0
2024-07-09 19:00:00,123,1,7,0,0,0,0
2024-07-09 20:00:00,122,1,7,0,0,0,0
2024-07-09 21:00:00,111,1,7,0,0,0,0
2024-07-09 22:00:00,110,1,7,0,0,0,0
2024-07-09 23:00:00,112,1,7,0,0,0,0
2024-07-10 00:00:00,77,2,7,0,0,0,0
2024-07-10 01:00:00,83,2,7,0,0,0,0
2024-07-10 02:00:00,78,2,7,0,0,0,0
2024-07-10 03:00:00,79,2,7,0,0,0,0
2024-07-10 04:00:00,78,2,7,0,0,0,0
2024-07-10 05:00:00,75,2,7,0,0,0,0
2024-07-10 06:00:00,98,2,7,0,0,0,0
2024-07-10 07:00:00,101,2,7,0,0,0,0
2024-07-10 08:00:00,123,2,7,0,0,0,0
2024-07-10 09:00:00,135,2,7,0,0,0,0
2024-07-10 10:00:00,144,2,7,0,0,0,0
2024-07-10 11:00:00,137,2,7,0,0,0,0
2024-07-10 12:00:00,145,2,7,0,0,0,0
2024-07-10 13:00:00,126,2,7,0,0,0,0
2024-07-10 14:00:00,125,2,7,0,0,0,0
2024-07-10 15:00:00,127,2,7,0,0,0,0
2024-07-10 16:00:00,128,2,7,0,0,0,0
2024-07-10 17:00:00,119,2,7,0,0,0,0
2024-07-10 18:00:00,110,2,7,0,0,0,0
2024-07-10 19:00:00,121,2,7,0,0,0,0
2024-07-10 20:00:00,123,2,7,0,0,0,0
2024-07-10 21:00:00,105,2,7,0,0,0,0
2024-07-10 22:00:00,98,2,7,0,0,0,0
2024-07-10 23:00:00,109,2,7,0,0,0,0
2024-07-11 00:00:00,66,3,7,0,0,0,0
2024-07-11 01:00:00,71,3,7,0,0,0,0
2024-07-11 02:00:00,71,3,7,0,0,0,0
2024-07-11 03:00:00,65,3,7,0,0,0,0
2024-07-11 04:00:00,69,3,7,0,0,0,0
2024-07-11 05:00:00,78,3,7,0,0,0,0
2024-07-11 06:00:00,98,3,7,0,0,0,0
2024-07-11 07:00:00,93,3,7,0,0,0,0
2024-07-11 08:00:00,116,3,7,0,0,0,0
2024-07-11 09:00:00,127,3,7,0,0,0,0
2024-07-11 10:00:00,137,3,7,0,0,0,0
2024-07-11 11:00:00,136,3,7,0,0,0,0
2024-07-11 12:00:00,132,3,7,0,0,0,0
2024-07-11 13:00:00,126,3,7,0,0,0,0
2024-07-11 14:00:00,120,3,7,0,0,0,0
2024-07-11 15:00:00,116,3,7,0,0,0,0
2024-07-11 16:00:00,114,3,7,0,0,0,0
2024-07-11 17:00:00,105,3,7,0,0,0,0
2024-07-11 18:00:00,105,3,7,0,0,0,0
2024-07-11 19:00:00,109,3,7,0,0,0,0
2024-07-11 20:00:00,108,3,7,0,0,0,0
2024-07-11 21:00:00,88,3,7,0,0,0,0
2024-07-11 22:00:00,89,3,7,0,0,0,0
2024-07-11 23:00:00,95,3,7,0,0,0,0
2024-07-12 00:00:00,66,4,7,0,0,0,0
2024-07-12 01:00:00,74,4,7,0,0,0,0
2024-07-12 02:00:00,63,4,7,0,0,0,0
2024-07-12 03:00:00,68,4,7,0,0,0,0
2024-07-12 04:00:00,59,4,7,0,0,0,0
2024-07-12 05:00:00,68,4,7,0,0,0,0
2024-07-12 06:00:00,94,4,7,0,0,0,0
2024-07-12 07:00:00,95,4,7,0,0,0,0
2024-07-12 08:00:00,111,4,7,0,0,0,0
2024-07-12 09:00:00,122,4,7,0,0,0,0
2024-07-12 10:00:00,127,4,7,0,0,0,0
2024-07-12 11:00:00,128,4,7,0,0,0,0
2024-07-12 12:00:00,129,4,7,0,0,0,0
2024-07-12 13:00:00,106,4,7,0,0,0,0
2024-07-12 14:00:00,109,4,7,0,0,0,0
2024-07-12 15:00:00,112,4,7,0,0,0,0
2024-07-12 16:00:00,114,4,7,0,0,0,0
2024-07-12 17:00:00,101,4,7,0,0,0,0
2024-07-12 18:00:00,110,4,7,0,0,0,0
2024-07-12 19:00:00,109,4,7,0,0,0,0
2024-07-12 20:00:00,109,4,7,0,0,0,0
2024-07-12 21:00:00,93,4,7,0,0,0,0
2024-07-12 22:00:00,97,4,7,0,0,0,0
2024-07-12 23:00:00,94,4,7,0,0,0,0
2024-07-13 00:00:00,51,5,7,1,0,0,0
2024-07-13 01:00:00,43,5,7,1,0,0,0
2024-07-13 02:00:00,47,5,7,1,0,0,0
2024-07-13 03:00:00,51,5,7,1,0,0,0
2024-07-13 04:00:00,49,5,7,1,0,0,0
2024-07-13 05:00:00,52,5,7,1,0,0,0
2024-07-13 06:00:00,72,5,7,1,0,0,0
2024-07-13 07:00:00,71,5,7,1,0,0,0
2024-07-13 08:00:00,85,5,7,1,0,0,0
2024-07-13 09:00:00,93,5,7,1,0,0,0
2024-07-13 10:00:00,102,5,7,1,0,0,0
2024-07-13 11:00:00,95,5,7,1,0,0,0
2024-07-13 12:00:00,95,5,7,1,0,0,0
2024-07-13 13:00:00,86,5,7,1,0,0,0
2024-07-13 14:00:00,93,5,7,1,0,0,0
2024-07-13 15:00:00,86,5,7,1,0,0,0
2024-07-13 16:00:00,84,5,7,1,0,0,0
2024-07-13 17:00:00,80,5,7,1,0,0,0
2024-07-13 18:00:00,82,5,7,1,0,0,0
2024-07-13 19:00:00,82,5,7,1,0,0,0
2024-07-13 20:00:00,77,5,7,1,0,0,0
2024-07-13 21:00:00,64,5,7,1,0,0,0
2024-07-13 22:00:00,69,5,7,1,0,0,0
2024-07-13 23:00:00,74,5,7,1,0,0,0
2024-07-14 00:00:00,62,6,7,1,0,0,0
2024-07-14 01:00:00,55,6,7,1,0,0,0
2024-07-14 02:00:00,52,6,7,1,0,0,0
2024-07-14 03:00:00,59,6,7,1,0,0,0
2024-07-14 04:00:00,61,6,7,1,0,0,0
2024-07-14 05:00:00,54,6,7,1,0,0,0
2024-07-14 06:00:00,77,6,7,1,0,0,0
2024-07-14 07:00:00,71,6,7,1,0,0,0
2024-07-14 08:00:00,90,6,7,1,0,0,0
2024-07-14 09:00:00,100,6,7,1,0,0,0
2024-07-14 10:00:00,105,6,7,1,0,0,0
2024-07-14 11:00:00,94,6,7,1,0,0,0
2024-07-14 12:00:00,100,6,7,1,0,0,0
2024-07-14 13:00:00,90,6,7,1,0,0,0
2024-07-14 14:00:00,99,6,7,1,0,0,0
2024-07-14 15:00:00,99,6,7,1,0,0,0
2024-07-14 16:00:00,96,6,7,1,0,0,0
2024-07-14 17:00:00,87,6,7,1,0,0,0
2024-07-14 18:00:00,87,6,7,1,0,0,0
2024-07-14 19:00:00,80,6,7,1,0,0,0
2024-07-14 20:00:00,84,6,7,1,0,0,0
2024-07-14 21:00:00,80,6,7,1,0,0,0
2024-07-14 22:00:00,82,6,7,1,0,0,0
2024-07-14 23:00:00,76,6,7,1,0,0,0
2024-07-15 00:00:00,76,0,7,0,0,0,0
2024-07-15 01:00:00,82,0,7,0,0,0,0
2024-07-15 02:00:00,78,0,7,0,0,0,0
2024-07-15 03:00:00,81,0,7,0,0,0,0
2024-07-15 04:00:00,69,0,7,0,0,0,0
2024-07-15 05:00:00,79,0,7,0,0,0,0
2024-07-15 06:00:00,104,0,7,0,0,0,0
2024-07-15 07:00:00,105,0,7,0,0,0,0
2024-07-15 08:00:00,123,0,7,0,0,0,0
2024-07-15 09:00:00,135,0,7,0,0,0,0
2024-07-15 10:00:00,136,0,7,0,0,0,0
2024-07-15 11:00:00,142,0,7,0,0,0,0
2024-07-15 12:00:00,143,0,7,0,0,0,0
2024-07-15 13:00:00,126,0,7,0,0,0,0
2024-07-15 14:00:00,123,0,7,0,0,0,0
2024-07-15 15:00:00,128,0,7,0,0,0,0
2024-07-15 16:00:00,124,0,7,0,0,0,0
2024-07-15 17:00:00,117,0,7,0,0,0,0
2024-07-15 18:00:00,120,0,7,0,0,0,0
2024-07-15 19:00:00,113,0,7,0,0,0,0
2024-07-15 20:00:00,111,0,7,0,0,0,0
2024-07-15 21:00:00,110,0,7,0,0,0,0
2024-07-15 22:00:00,113,0,7,0,0,0,0
2024-07-15 23:00:00,106,0,7,0,0,0,0
2024-07-16 00:00:00,85,1,7,0,0,0,0
2024-07-16 01:00:00,83,1,7,0,0,0,0
2024-07-16 02:00:00,76,1,7,0,0,0,0
2024-07-16 03:00:00,81,1,7,0,0,0,0
2024-07-16 04:00:00,79,1,7,0,0,0,0
2024-07-16 05:00:00,77,1,7,0,0,0,0
2024-07-16 06:00:00,106,1,7,0,0,0,0
2024-07-16 07:00:00,108,1,7,0,0,0,0
2024-07-16 08:00:00,128,1,7,0,0,0,0
2024-07-16 09:00:00,140,1,7,0,0,0,0
2024-07-16 10:00:00,138,1,7,0,0,0,0
2024-07-16 11:00:00,140,1,7,0,0,0,0
2024-07-16 12:00:00,140,1,7,0,0,0,0
2024-07-16 13:00:00,131,1,7,0,0,0,0
2024-07-16 14:00:00,128,1,7,0,0,0,0
2024-07-16 15:00:00,135,1,7,0,0,0,0
2024-07-16 16:00:00,126,1,7,0,0,0,0
2024-07-16 17:00:00,113,1,7,0,0,0,0
2024-07-16 18:00:00,119,1,7,0,0,0,0
2024-07-16 19:00:00,120,1,7,0,0,0,0
2024-07-16 20:00:00,125,1,7,0,0,0,0
2024-07-16 21:00:00,105,1,7,0,0,0,0
2024-07-16 22:00:00,107,1,7,0,0,0,0
2024-07-16 23:00:00,105,1,7,0,0,0,0
2024-07-17 00:00:00,71,2,7,0,0,0,0
2024-07-17 01:00:00,78,2,7,0,0,0,0
2024-07-17 02:00:00,77,2,7,0,0,0,0
2024-07-17 03:00:00,73,2,7,0,0,0,0
2024-07-17 04:00:00,77,2,7,0,0,0,0
2024-07-17 05:00:00,77,2,7,0,0,0,0
2024-07-17 06:00:00,104,2,7,0,0,0,0
2024-07-17 07:00:00,100,2,7,0,0,0,0
2024-07-17 08:00:00,123,2,7,0,0,0,0
2024-07-17 09:00:00,135,2,7,0,0,0,0
2024-07-17 10:00:00,130,2,7,0,0,0,0
2024-07-17 11:00:00,133,2,7,0,0,0,0
2024-07-17 12:00:00,138,2,7,0,0,0,0
2024-07-17 13:00:00,121,2,7,0,0,0,0
2024-07-17 14:00:00,121,2,7,0,0,0,0
2024-07-17 15:00:00,130,2,7,0,0,0,0
2024-07-17 16:00:00,126,2,7,0,0,0,0
2024-07-17 17:00:00,105,2,7,0,0,0,0
2024-07-17 18:00:00,111,2,7,0,0,0,0
2024-07-17 19:00:00,112,2,7,0,0,0,0
2024-07-17 20:00:00,113,2,7,0,0,0,0
2024-07-17 21:00:00,101,2,7,0,0,0,0
2024-07-17 22:00:00,106,2,7,0,0,0,0
2024-07-17 23:00:00,105,2,7,0,0,0,0
2024-07-18 00:00:00,76,3,7,0,0,0,0
2024-07-18 01:00:00,78,3,7,0,0,0,0
2024-07-18 02:00:00,68,3,7,0,0,0,0
2024-07-18 03:00:00,77,3,7,0,0,0,0
2024-07-18 04:00:00,72,3,7,0,0,0,0
2024-07-18 05:00:00,73,3,7,0,0,0,0
2024-07-18 06:00:00,100,3,7,0,0,0,0
2024-07-18 07:00:00,98,3,7,0,0,0,0
2024-07-18 08:00:00,120,3,7,0,0,0,0
2024-07-18 09:00:00,132,3,7,0,0,0,0
2024-07-18 10:00:00,132,3,7,0,0,0,0
2024-07-18 11:00:00,131,3,7,0,0,0,0
2024-07-18 12:00:00,128,3,7,0,0,0,0
2024-07-18 13:00:00,121,3,7,0,0,0,0
2024-07-18 14:00:00,122,3,7,0,0,0,0
2024-07-18 15:00:00,126,3,7,0,0,0,0
2024-07-18 16:00:00,120,3,7,0,0,0,0
2024-07-18 17:00:00,110,3,7,0,0,0,0
2024-07-18 18:00:00,105,3,7,0,0,0,0
2024-07-18 19:00:00,109,3,7,0,0,0,0
2024-07-18 20:00:00,107,3,7,0,0,0,0
2024-07-18 21:00:00,101,3,7,0,0,0,0
2024-07-18 22:00:00,98,3,7,0,0,0,0
2024-07-18 23:00:00,92,3,7,0,0,0,0
2024-07-19 00:00:00,74,4,7,0,0,0,0
2024-07-19 01:00:00,68,4,7,0,0,0,0
2024-07-19 02:00:00,65,4,7,0,0,0,0
2024-07-19 03:00:00,69,4,7,0,0,0,0
2024-07-19 04:00:00,62,4,7,0,0,0,0
2024-07-19 05:00:00,70,4,7,0,0,0,0
2024-07-19 06:00:00,91,4,7,0,0,0,0
2024-07-19 07:00:00,93,4,7,0,0,0,0
2024-07-19 08:00:00,111,4,7,0,0,0,0
2024-07-19 09:00:00,122,4,7,0,0,0,0
2024-07-19 10:00:00,130,4,7,0,0,0,0
2024-07-19 11:00:00,128,4,7,0,0,0,0
2024-07-19 12:00:00,128,4,7,0,0,0,0
2024-07-19 13:00:00,111,4,7,0,0,0,0
2024-07-19 14:00:00,111,4,7,0,0,0,0
2024-07-19 15:00:00,109,4,7,0,0,0,0
2024-07-19 16:00:00,109,4,7,0,0,0,0
2024-07-19 17:00:00,105,4,7,0,0,0,0
2024-07-19 18:00:00,99,4,7,0,0,0,0
2024-07-19 19:00:00,101,4,7,0,0,0,0
2024-07-19 20:00:00,108,4,7,0,0,0,0
2024-07-19 21:00:00,88,4,7,0,0,0,0
2024-07-19 22:00:00,98,4,7,0,0,0,0
2024-07-19 23:00:00,93,4,7,0,0,0,0
2024-07-20 00:00:00,51,5,7,1,0,0,0
2024-07-20 01:00:00,48,5,7,1,0,0,0
2024-07-20 02:00:00,50,5,7,1,0,0,0
2024-07-20 03:00:00,50,5,7,1,0,0,0
2024-07-20 04:00:00,50,5,7,1,0,0,0
2024-07-20 05:00:00,52,5,7,1,0,0,0
2024-07-20 06:00:00,67,5,7,1,0,0,0
2024-07-20 07:00:00,71,5,7,1,0,0,0
2024-07-20 08:00:00,85,5,7,1,0,0,0
2024-07-20 09:00:00,85,5,7,1,0,0,0
2024-07-20 10:00:00,100,5,7,1,0,0,0
2024-07-20 11:00:00,96,5,7,1,0,0,0
2024-07-20 12:00:00,97,5,7,1,0,0,0
2024-07-20 13:00:00,87,5,7,1,0,0,0
2024-07-20 14:00:00,89,5,7,1,0,0,0
2024-07-20 15:00:00,85,5,7,1,0,0,0
2024-07-20 16:00:00,87,5,7,1,0,0,0
2024-07-20 17:00:00,76,5,7,1,0,0,0
2024-07-20 18:00:00,77,5,7,1,0,0,0
2024-07-20 19:00:00,84,5,7,1,0,0,0
2024-07-20 20:00:00,83,5,7,1,0,0,0
2024-07-20 21:00:00,68,5,7,1,0,0,0
2024-07-20 22:00:00,75,5,7,1,0,0,0
2024-07-20 23:00:00,62,5,7,1,0,0,0
2024-07-21 00:00:00,55,6,7,1,0,0,0
2024-07-21 01:00:00,59,6,7,1,0,0,0
2024-07-21 02:00:00,55,6,7,1,0,0,0
2024-07-21 03:00:00,54,6,7,1,0,0,0
2024-07-21 04:00:00,55,6,7,1,0,0,0
2024-07-21 05:00:00,63,6,7,1,0,0,0
2024-07-21 06:00:00,71,6,7,1,0,0,0
2024-07-21 07:00:00,72,6,7,1,0,0,0
2024-07-21 08:00:00,88,6,7,1,0,0,0
2024-07-21 09:00:00,96,6,7,1,0,0,0
2024-07-21 10:00:00,105,6,7,1,0,0,0
2024-07-21 11:00:00,103,6,7,1,0,0,0
2024-07-21 12:00:00,102,6,7,1,0,0,0
2024-07-21 13:00:00,92,6,7,1,0,0,0
2024-07-21 14:00:00,91,6,7,1,0,0,0
2024-07-21 15:00:00,90,6,7,1,0,0,0
2024-07-21 16:00:00,95,6,7,1,0,0,0
2024-07-21 17:00:00,75,6,7,1,0,0,0
2024-07-21 18:00:00,95,6,7,1,0,0,0
2024-07-21 19:00:00,82,6,7,1,0,0,0
2024-07-21 20:00:00,83,6,7,1,0,0,0
2024-07-21 21:00:00,68,6,7,1,0,0,0
2024-07-21 22:00:00,78,6,7,1,0,0,0
2024-07-21 23:00:00,74,6,7,1,0,0,0
2024-07-22 00:00:00,72,0,7,0,0,0,0
2024-07-22 01:00:00,82,0,7,0,0,0,0
2024-07-22 02:00:00,77,0,7,0,0,0,0
2024-07-22 03:00:00,79,0,7,0,0,0,0
2024-07-22 04:00:00,83,0,7,0,0,0,0
2024-07-22 05:00:00,83,0,7,0,0,0,0
2024-07-22 06:00:00,107,0,7,0,0,0,0
2024-07-22 07:00:00,109,0,7,0,0,0,0
2024-07-22 08:00:00,126,0,7,0,0,0,0
2024-07-22 09:00:00,138,0,7,0,0,0,0
2024-07-22 10:00:00,141,0,7,0,0,0,0
2024-07-22 11:00:00,144,0,7,0,0,0,0
2024-07-22 12:00:00,138,0,7,0,0,0,0
2024-07-22 13:00:00,127,0,7,0,0,0,0
2024-07-22 14:00:00,131,0,7,0,0,0,0
2024-07-22 15:00:00,118,0,7,0,0,0,0
2024-07-22 16:00:00,126,0,7,0,0,0,0
2024-07-22 17:00:00,115,0,7,0,0,0,0
2024-07-22 18:00:00,116,0,7,0,0,0,0
2024-07-22 19:00:00,106,0,7,0,0,0,0
2024-07-22 20:00:00,120,0,7,0,0,0,0
2024-07-22 21:00:00,105,0,7,0,0,0,0
2024-07-22 22:00:00,103,0,7,0,0,0,0
2024-07-22 23:00:00,98,0,7,0,0,0,0
2024-07-23 00:00:00,81,1,7,0,1,1,0
2024-07-23 01:00:00,79,1,7,0,1,1,0
2024-07-23 02:00:00,84,1,7,0,1,1,0
2024-07-23 03:00:00,84,1,7,0,1,1,0
2024-07-23 04:00:00,83,1,7,0,1,1,0
2024-07-23 05:00:00,87,1,7,0,1,1,0
2024-07-23 06:00:00,105,1,7,0,1,1,0
2024-07-23 07:00:00,109,1,7,0,1,1,0
2024-07-23 08:00:00,131,1,7,0,1,1,0
2024-07-23 09:00:00,142,1,7,0,1,1,0
2024-07-23 10:00:00,136,1,7,0,1,1,0
2024-07-23 11:00:00,140,1,7,0,1,1,0
2024-07-23 12:00:00,139,1,7,0,1,1,0
2024-07-23 13:00:00,127,1,7,0,1,1,0
2024-07-23 14:00:00,128,1,7,0,1,1,0
2024-07-23 15:00:00,119,1,7,0,1,1,0
2024-07-23 16:00:00,127,1,7,0,1,1,0
2024-07-23 17:00:00,109,1,7,0,1,1,0
2024-07-23 18:00:00,120,1,7,0,1,1,0
2024-07-23 19:00:00,125,1,7,0,1,1,0
2024-07-23 20:00:00,110,1,7,0,1,1,0
2024-07-23 21:00:00,105,1,7,0,1,1,0
2024-07-23 22:00:00,107,1,7,0,1,1,0
2024-07-23 23:00:00,106,1,7,0,1,1,0
2024-07-24 00:00:00,83,2,7,0,0,0,0
2024-07-24 01:00:00,82,2,7,0,0,0,0
2024-07-24 02:00:00,74,2,7,0,0,0,0
2024-07-24 03:00:00,77,2,7,0,0,0,0
2024-07-24 04:00:00,69,2,7,0,0,0,0
2024-07-24 05:00:00,75,2,7,0,0,0,0
2024-07-24 06:00:00,101,2,7,0,0,0,0
2024-07-24 07:00:00,96,2,7,0,0,0,0
2024-07-24 08:00:00,119,2,7,0,0,0,0
2024-07-24 09:00:00,131,2,7,0,0,0,0
2024-07-24 10:00:00,135,2,7,0,0,0,0
2024-07-24 11:00:00,137,2,7,0,0,0,0
2024-07-24 12:00:00,138,2,7,0,0,0,0
2024-07-24 13:00:00,122,2,7,0,0,0,0
2024-07-24 14:00:00,117,2,7,0,0,0,0
2024-07-24 15:00:00,122,2,7,0,0,0,0
2024-07-24 16:00:00,125,2,7,0,0,0,0
2024-07-24 17:00:00,114,2,7,0,0,0,0
2024-07-24 18:00:00,116,2,7,0,0,0,0
2024-07-24 19:00:00,119,2,7,0,0,0,0
2024-07-24 20:00:00,107,2,7,0,0,0,0
2024-07-24 21:00:00,101,2,7,0,0,0,0
2024-07-24 22:00:00,104,2,7,0,0,0,0
2024-07-24 23:00:00,102,2,7,0,0,0,0
2024-07-25 00:00:00,75,3,7,0,0,0,0
2024-07-25 01:00:00,76,3,7,0,0,0,0
2024-07-25 02:00:00,76,3,7,0,0,0,0
2024-07-25 03:00:00,68,3,7,0,0,0,0
2024-07-25 04:00:00,74,3,7,0,0,0,0
2024-07-25 05:00:00,74,3,7,0,0,0,0
2024-07-25 06:00:00,95,3,7,0,0,0,0
2024-07-25 07:00:00,96,3,7,0,0,0,0
2024-07-25 08:00:00,117,3,7,0,0,0,0
2024-07-25 09:00:00,130,3,7,0,0,0,0
2024-07-25 10:00:00,131,3,7,0,0,0,0
2024-07-25 11:00:00,131,3,7,0,0,0,0
2024-07-25 12:00:00,140,3,7,0,0,0,0
2024-07-25 13:00:00,121,3,7,0,0,0,0
2024-07-25 14:00:00,119,3,7,0,0,0,0
2024-07-25 15:00:00,115,3,7,0,0,0,0
2024-07-25 16:00:00,121,3,7,0,0,0,0
2024-07-25 17:00:00,112,3,7,0,0,0,0
2024-07-25 18:00:00,114,3,7,0,0,0,0
2024-07-25 19:00:00,107,3,7,0,0,0,0
2024-07-25 20:00:00,112,3,7,0,0,0,0
2024-07-25 21:00:00,103,3,7,0,0,0,0
2024-07-25 22:00:00,95,3,7,0,0,0,0
2024-07-25 23:00:00,92,3,7,0,0,0,0
2024-07-26 00:00:00,76,4,7,0,0,0,0
2024-07-26 01:00:00,72,4,7,0,0,0,0
2024-07-26 02:00:00,68,4,7,0,0,0,0
2024-07-26 03:00:00,73,4,7,0,0,0,0
2024-07-26 04:00:00,63,4,7,0,0,0,0
2024-07-26 05:00:00,71,4,7,0,0,0,0
2024-07-26 06:00:00,93,4,7,0,0,0,0
2024-07-26 07:00:00,99,4,7,0,0,0,0
2024-07-26 08:00:00,115,4,7,0,0,0,0
2024-07-26 09:00:00,126,4,7,0,0,0,0
2024-07-26 10:00:00,131,4,7,0,0,0,0
2024-07-26 11:00:00,133,4,7,0,0,0,0
2024-07-26 12:00:00,126,4,7,0,0,0,0
2024-07-26 13:00:00,115,4,7,0,0,0,0
2024-07-26 14:00:00,116,4,7,0,0,0,0
2024-07-26 15:00:00,116,4,7,0,0,0,0
2024-07-26 16:00:00,112,4,7,0,0,0,0
2024-07-26 17:00:00,107,4,7,0,0,0,0
2024-07-26 18:00:00,108,4,7,0,0,0,0
2024-07-26 19:00:00,98,4,7,0,0,0,0
2024-07-26 20:00:00,106,4,7,0,0,0,0
2024-07-26 21:00:00,90,4,7,0,0,0,0
2024-07-26 22:00:00,88,4,7,0,0,0,0
2024-07-26 23:00:00,85,4,7,0,0,0,0
2024-07-27 00:00:00,48,5,7,1,0,0,0
2024-07-27 01:00:00,51,5,7,1,0,0,0
2024-07-27 02:00:00,53,5,7,1,0,0,0
2024-07-27 03:00:00,58,5,7,1,0,0,0
2024-07-27 04:00:00,52,5,7,1,0,0,0
2024-07-27 05:00:00,54,5,7,1,0,0,0
2024-07-27 06:00:00,60,5,7,1,0,0,0
2024-07-27 07:00:00,67,5,7,1,0,0,0
2024-07-27 08:00:00,82,5,7,1,0,0,0
2024-07-27 09:00:00,90,5,7,1,0,0,0
2024-07-27 10:00:00,100,5,7,1,0,0,0
2024-07-27 11:00:00,96,5,7,1,0,0,0
2024-07-27 12:00:00,95,5,7,1,0,0,0
2024-07-27 13:00:00,93,5,7,1,0,0,0
2024-07-27 14:00:00,87,5,7,1,0,0,0
2024-07-27 15:00:00,89,5,7,1,0,0,0
2024-07-27 16:00:00,95,5,7,1,0,0,0
2024-07-27 17:00:00,83,5,7,1,0,0,0
2024-07-27 18:00:00,75,5,7,1,0,0,0
2024-07-27 19:00:00,80,5,7,1,0,0,0
2024-07-27 20:00:00,82,5,7,1,0,0,0
2024-07-27 21:00:00,70,5,7,1,0,0,0
2024-07-27 22:00:00,60,5,7,1,0,0,0
2024-07-27 23:00:00,72,5,7,1,0,0,0
2024-07-28 00:00:00,62,6,7,1,0,0,0
2024-07-28 01:00:00,52,6,7,1,0,0,0
2024-07-28 02:00:00,54,6,7,1,0,0,0
2024-07-28 03:00:00,55,6,7,1,0,0,0
2024-07-28 04:00:00,51,6,7,1,0,0,0
2024-07-28 05:00:00,61,6,7,1,0,0,0
2024-07-28 06:00:00,74,6,7,1,0,0,0
2024-07-28 07:00:00,74,6,7,1,0,0,0
2024-07-28 08:00:00,88,6,7,1,0,0,0
2024-07-28 09:00:00,96,6,7,1,0,0,0
2024-07-28 10:00:00,105,6,7,1,0,0,0
2024-07-28 11:00:00,108,6,7,1,0,0,0
2024-07-28 12:00:00,99,6,7,1,0,0,0
2024-07-28 13:00:00,93,6,7,1,0,0,0
2024-07-28 14:00:00,95,6,7,1,0,0,0
2024-07-28 15:00:00,94,6,7,1,0,0,0
2024-07-28 16:00:00,95,6,7,1,0,0,0
2024-07-28 17:00:00,82,6,7,1,0,0,0
2024-07-28 18:00:00,88,6,7,1,0,0,0
2024-07-28 19:00:00,86,6,7,1,0,0,0
2024-07-28 20:00:00,93,6,7,1,0,0,0
2024-07-28 21:00:00,77,6,7,1,0,0,0
2024-07-28 22:00:00,73,6,7,1,0,0,0
2024-07-28 23:00:00,77,6,7,1,0,0,0
2024-07-29 00:00:00,82,0,7,0,0,0,0
2024-07-29 01:00:00,74,0,7,0,0,0,0
2024-07-29 02:00:00,82,0,7,0,0,0,0
2024-07-29 03:00:00,79,0,7,0,0,0,0
2024-07-29 04:00:00,75,0,7,0,0,0,0
2024-07-29 05:00:00,85,0,7,0,0,0,0
2024-07-29 06:00:00,102,0,7,0,0,0,0
2024-07-29 07:00:00,101,0,7,0,0,0,0
2024-07-29 08:00:00,123,0,7,0,0,0,0
2024-07-29 09:00:00,135,0,7,0,0,0,0
2024-07-29 10:00:00,135,0,7,0,0,0,0
2024-07-29 11:00:00,138,0,7,0,0,0,0
2024-07-29 12:00:00,136,0,7,0,0,0,0
2024-07-29 13:00:00,129,0,7,0,0,0,0
2024-07-29 14:00:00,125,0,7,0,0,0,0
2024-07-29 15:00:00,131,0,7,0,0,0,0
2024-07-29 16:00:00,124,0,7,0,0,0,0
2024-07-29 17:00:00,118,0,7,0,0,0,0
2024-07-29 18:00:00,110,0,7,0,0,0,0
2024-07-29 19:00:00,115,0,7,0,0,0,0
2024-07-29 20:00:00,119,0,7,0,0,0,0
2024-07-29 21:00:00,102,0,7,0,0,0,0
2024-07-29 22:00:00,102,0,7,0,0,0,0
2024-07-29 23:00:00,102,0,7,0,0,0,0
2024-07-30 00:00:00,86,1,7,0,0,0,0
2024-07-30 01:00:00,92,1,7,0,0,0,0
2024-07-30 02:00:00,85,1,7,0,0,0,0
2024-07-30 03:00:00,81,1,7,0,0,0,0
2024-07-30 04:00:00,83,1,7,0,0,0,0
2024-07-30 05:00:00,80,1,7,0,0,0,0
2024-07-30 06:00:00,104,1,7,0,0,0,0
2024-07-30 07:00:00,104,1,7,0,0,0,0
2024-07-30 08:00:00,128,1,7,0,0,0,0
2024-07-30 09:00:00,140,1,7,0,0,0,0
2024-07-30 10:00:00,143,1,7,0,0,0,0
2024-07-30 11:00:00,138,1,7,0,0,0,0
2024-07-30 12:00:00,143,1,7,0,0,0,0
2024-07-30 13:00:00,125,1,7,0,0,0,0
2024-07-30 14:00:00,128,1,7,0,0,0,0
2024-07-30 15:00:00,126,1,7,0,0,0,0
2024-07-30 16:00:00,123,1,7,0,0,0,0
2024-07-30 17:00:00,122,1,7,0,0,0,0
2024-07-30 18:00:00,114,1,7,0,0,0,0
2024-07-30 19:00:00,114,1,7,0,0,0,0
2024-07-30 20:00:00,115,1,7,0,0,0,0
2024-07-30 21:00:00,100,1,7,0,0,0,0
2024-07-30 22:00:00,100,1,7,0,0,0,0
2024-07-30 23:00:00,106,1,7,0,0,0,0
2024-07-31 00:00:00,83,2,7,0,0,0,0
2024-07-31 01:00:00,76,2,7,0,0,0,0
2024-07-31 02:00:00,80,2,7,0,0,0,0
2024-07-31 03:00:00,77,2,7,0,0,0,0
2024-07-31 04:00:00,81,2,7,0,0,0,0
2024-07-31 05:00:00,75,2,7,0,0,0,0
2024-07-31 06:00:00,101,2,7,0,0,0,0
2024-07-31 07:00:00,98,2,7,0,0,0,0
2024-07-31 08:00:00,122,2,7,0,0,0,0
2024-07-31 09:00:00,134,2,7,0,0,0,0
2024-07-31 10:00:00,139,2,7,0,0,0,0
2024-07-31 11:00:00,138,2,7,0,0,0,0
2024-07-31 12:00:00,136,2,7,0,0,0,0
2024-07-31 13:00:00,126,2,7,0,0,0,0
2024-07-31 14:00:00,128,2,7,0,0,0,0
2024-07-31 15:00:00,122,2,7,0,0,0,0
2024-07-31 16:00:00,125,2,7,0,0,0,0
2024-07-31 17:00:00,121,2,7,0,0,0,0
2024-07-31 18:00:00,109,2,7,0,0,0,0
2024-07-31 19:00:00,113,2,7,0,0,0,0
2024-07-31 20:00:00,118,2,7,0,0,0,0
2024-07-31 21:00:00,105,2,7,0,0,0,0
2024-07-31 22:00:00,107,2,7,0,0,0,0
2024-07-31 23:00:00,99,2,7,0,0,0,0
2024-08-01 00:00:00,74,3,8,0,0,0,0
2024-08-01 01:00:00,76,3,8,0,0,0,0
2024-08-01 02:00:00,73,3,8,0,0,0,0
2024-08-01 03:00:00,65,3,8,0,0,0,0
2024-08-01 04:00:00,71,3,8,0,0,0,0
2024-08-01 05:00:00,72,3,8,0,0,0,0
2024-08-01 06:00:00,91,3,8,0,0,0,0
2024-08-01 07:00:00,92,3,8,0,0,0,0
2024-08-01 08:00:00,112,3,8,0,0,0,0
2024-08-01 09:00:00,123,3,8,0,0,0,0
2024-08-01 10:00:00,135,3,8,0,0,0,0
2024-08-01 11:00:00,128,3,8,0,0,0,0
2024-08-01 12:00:00,129,3,8,0,0,0,0
2024-08-01 13:00:00,119,3,8,0,0,0,0
2024-08-01 14:00:00,122,3,8,0,0,0,0
2024-08-01 15:00:00,115,3,8,0,0,0,0
2024-08-01 16:00:00,110,3,8,0,0,0,0
2024-08-01 17:00:00,106,3,8,0,0,0,0
2024-08-01 18:00:00,107,3,8,0,0,0,0
2024-08-01 19:00:00,107,3,8,0,0,0,0
2024-08-01 20:00:00,106,3,8,0,0,0,0
2024-08-01 21:00:00,96,3,8,0,0,0,0
2024-08-01 22:00:00,93,3,8,0,0,0,0
2024-08-01 23:00:00,98,3,8,0,0,0,0
2024-08-02 00:00:00,62,4,8,0,0,0,0
2024-08-02 01:00:00,68,4,8,0,0,0,0
2024-08-02 02:00:00,71,4,8,0,0,0,0
2024-08-02 03:00:00,69,4,8,0,0,0,0
2024-08-02 04:00:00,65,4,8,0,0,0,0
2024-08-02 05:00:00,63,4,8,0,0,0,0
2024-08-02 06:00:00,96,4,8,0,0,0,0
2024-08-02 07:00:00,89,4,8,0,0,0,0
2024-08-02 08:00:00,109,4,8,0,0,0,0
2024-08-02 09:00:00,120,4,8,0,0,0,0
2024-08-02 10:00:00,130,4,8,0,0,0,0
2024-08-02 11:00:00,123,4,8,0,0,0,0
2024-08-02 12:00:00,125,4,8,0,0,0,0
2024-08-02 13:00:00,121,4,8,0,0,0,0
2024-08-02 14:00:00,111,4,8,0,0,0,0
2024-08-02 15:00:00,112,4,8,0,0,0,0
2024-08-02 16:00:00,120,4,8,0,0,0,0
2024-08-02 17:00:00,112,4,8,0,0,0,0
2024-08-02 18:00:00,99,4,8,0,0,0,0
2024-08-02 19:00:00,103,4,8,0,0,0,0
2024-08-02 20:00:00,108,4,8,0,0,0,0
2024-08-02 21:00:00,102,4,8,0,0,0,0
2024-08-02 22:00:00,90,4,8,0,0,0,0
2024-08-02 23:00:00,95,4,8,0,0,0,0
2024-08-03 00:00:00,49,5,8,1,0,0,0
2024-08-03 01:00:00,52,5,8,1,0,0,0
2024-08-03 02:00:00,51,5,8,1,0,0,0
2024-08-03 03:00:00,53,5,8,1,0,0,0
2024-08-03 04:00:00,45,5,8,1,0,0,0
2024-08-03 05:00:00,51,5,8,1,0,0,0
2024-08-03 06:00:00,73,5,8,1,0,0,0
2024-08-03 07:00:00,72,5,8,1,0,0,0
2024-08-03 08:00:00,86,5,8,1,0,0,0
2024-08-03 09:00:00,94,5,8,1,0,0,0
2024-08-03 10:00:00,104,5,8,1,0,0,0
2024-08-03 11:00:00,91,5,8,1,0,0,0
2024-08-03 12:00:00,100,5,8,1,0,0,0
2024-08-03 13:00:00,80,5,8,1,0,0,0
2024-08-03 14:00:00,86,5,8,1,0,0,0
2024-08-03 15:00:00,85,5,8,1,0,0,0
2024-08-03 16:00:00,87,5,8,1,0,0,0
2024-08-03 17:00:00,78,5,8,1,0,0,0
2024-08-03 18:00:00,76,5,8,1,0,0,0
2024-08-03 19:00:00,82,5,8,1,0,0,0
2024-08-03 20:00:00,79,5,8,1,0,0,0
2024-08-03 21:00:00,63,5,8,1,0,0,0
2024-08-03 22:00:00,73,5,8,1,0,0,0
2024-08-03 23:00:00,62,5,8,1,0,0,0
2024-08-04 00:00:00,48,6,8,1,0,0,0
2024-08-04 01:00:00,59,6,8,1,0,0,0
2024-08-04 02:00:00,52,6,8,1,0,0,0
2024-08-04 03:00:00,57,6,8,1,0,0,0
2024-08-04 04:00:00,52,6,8,1,0,0,0
2024-08-04 05:00:00,54,6,8,1,0,0,0
2024-08-04 06:00:00,75,6,8,1,0,0,0
2024-08-04 07:00:00,78,6,8,1,0,0,0
2024-08-04 08:00:00,89,6,8,1,0,0,0
2024-08-04 09:00:00,97,6,8,1,0,0,0
2024-08-04 10:00:00,103,6,8,1,0,0,0
2024-08-04 11:00:00,104,6,8,1,0,0,0
2024-08-04 12:00:00,102,6,8,1,0,0,0
2024-08-04 13:00:00,100,6,8,1,0,0,0
2024-08-04 14:00:00,94,6,8,1,0,0,0
2024-08-04 15:00:00,89,6,8,1,0,0,0
2024-08-04 16:00:00,91,6,8,1,0,0,0
2024-08-04 17:00:00,84,6,8,1,0,0,0
2024-08-04 18:00:00,83,6,8,1,0,0,0
2024-08-04 19:00:00,84,6,8,1,0,0,0
2024-08-04 20:00:00,78,6,8,1,0,0,0
2024-08-04 21:00:00,79,6,8,1,0,0,0
2024-08-04 22:00:00,72,6,8,1,0,0,0
2024-08-04 23:00:00,76,6,8,1,0,0,0
2024-08-05 00:00:00,80,0,8,0,0,0,0
2024-08-05 01:00:00,83,0,8,0,0,0,0
2024-08-05 02:00:00,81,0,8,0,0,0,0
2024-08-05 03:00:00,81,0,8,0,0,0,0
2024-08-05 04:00:00,87,0,8,0,0,0,0
2024-08-05 05:00:00,84,0,8,0,0,0,0
2024-08-05 06:00:00,99,0,8,0,0,0,0
2024-08-05 07:00:00,101,0,8,0,0,0,0
2024-08-05 08:00:00,124,0,8,0,0,0,0
2024-08-05 09:00:00,136,0,8,0,0,0,0
2024-08-05 10:00:00,138,0,8,0,0,0,0
2024-08-05 11:00:00,137,0,8,0,0,0,0
2024-08-05 12:00:00,138,0,8,0,0,0,0
2024-08-05 13:00:00,119,0,8,0,0,0,0
2024-08-05 14:00:00,127,0,8,0,0,0,0
2024-08-05 15:00:00,128,0,8,0,0,0,0
2024-08-05 16:00:00,127,0,8,0,0,0,0
2024-08-05 17:00:00,116,0,8,0,0,0,0
2024-08-05 18:00:00,119,0,8,0,0,0,0
2024-08-05 19:00:00,116,0,8,0,0,0,0
2024-08-05 20:00:00,108,0,8,0,0,0,0
2024-08-05 21:00:00,108,0,8,0,0,0,0
2024-08-05 22:00:00,105,0,8,0,0,0,0
2024-08-05 23:00:00,100,0,8,0,0,0,0
2024-08-06 00:00:00,80,1,8,0,0,0,0
2024-08-06 01:00:00,86,1,8,0,0,0,0
2024-08-06 02:00:00,75,1,8,0,0,0,0
2024-08-06 03:00:00,79,1,8,0,0,0,0
2024-08-06 04:00:00,84,1,8,0,0,0,0
2024-08-06 05:00:00,80,1,8,0,0,0,0
2024-08-06 06:00:00,110,1,8,0,0,0,0
2024-08-06 07:00:00,105,1,8,0,0,0,0
2024-08-06 08:00:00,128,1,8,0,0,0,0
2024-08-06 09:00:00,140,1,8,0,0,0,0
2024-08-06 10:00:00,140,1,8,0,0,0,0
2024-08-06 11:00:00,146,1,8,0,0,0,0
2024-08-06 12:00:00,144,1,8,0,0,0,0
2024-08-06 13:00:00,137,1,8,0,0,0,0
2024-08-06 14:00:00,123,1,8,0,0,0,0
2024-08-06 15:00:00,141,1,8,0,0,0,0
2024-08-06 16:00:00,134,1,8,0,0,0,0
2024-08-06 17:00:00,125,1,8,0,0,0,0
2024-08-06 18:00:00,116,1,8,0,0,0,0
2024-08-06 19:00:00,111,1,8,0,0,0,0
2024-08-06 20:00:00,121,1,8,0,0,0,0
2024-08-06 21:00:00,112,1,8,0,0,0,0
2024-08-06 22:00:00,112,1,8,0,0,0,0
2024-08-06 23:00:00,112,1,8,0,0,0,0
2024-08-07 00:00:00,77,2,8,0,0,0,0
2024-08-07 01:00:00,81,2,8,0,0,0,0
2024-08-07 02:00:00,81,2,8,0,0,0,0
2024-08-07 03:00:00,81,2,8,0,0,0,0
2024-08-07 04:00:00,77,2,8,0,0,0,0
2024-08-07 05:00:00,82,2,8,0,0,0,0
2024-08-07 06:00:00,107,2,8,0,0,0,0
2024-08-07 07:00:00,102,2,8,0,0,0,0
2024-08-07 08:00:00,127,2,8,0,0,0,0
2024-08-07 09:00:00,136,2,8,0,0,0,0
2024-08-07 10:00:00,137,2,8,0,0,0,0
2024-08-07 11:00:00,136,2,8,0,0,0,0
2024-08-07 12:00:00,134,2,8,0,0,0,0
2024-08-07 13:00:00,122,2,8,0,0,0,0
2024-08-07 14:00:00,127,2,8,0,0,0,0
2024-08-07 15:00:00,123,2,8,0,0,0,0
2024-08-07 16:00:00,127,2,8,0,0,0,0
2024-08-07 17:00:00,116,2,8,0,0,0,0
2024-08-07 18:00:00,115,2,8,0,0,0,0
2024-08-07 19:00:00,116,2,8,0,0,0,0
2024-08-07 20:00:00,114,2,8,0,0,0,0
2024-08-07 21:00:00,104,2,8,0,0,0,0
2024-08-07 22:00:00,100,2,8,0,0,0,0
2024-08-07 23:00:00,99,2,8,0,0,0,0
2024-08-08 00:00:00,77,3,8,0,0,0,0
2024-08-08 01:00:00,70,3,8,0,0,0,0
2024-08-08 02:00:00,66,3,8,0,0,0,0
2024-08-08 03:00:00,76,3,8,0,0,0,0
2024-08-08 04:00:00,77,3,8,0,0,0,0
2024-08-08 05:00:00,70,3,8,0,0,0,0
2024-08-08 06:00:00,101,3,8,0,0,0,0
2024-08-08 07:00:00,94,3,8,0,0,0,0
2024-08-08 08:00:00,117,3,8,0,0,0,0
2024-08-08 09:00:00,126,3,8,0,0,0,0
2024-08-08 10:00:00,124,3,8,0,0,0,0
2024-08-08 11:00:00,137,3,8,0,0,0,0
2024-08-08 12:00:00,135,3,8,0,0,0,0
2024-08-08 13:00:00,124,3,8,0,0,0,0
2024-08-08 14:00:00,121,3,8,0,0,0,0
2024-08-08 15:00:00,115,3,8,0,0,0,0
2024-08-08 16:00:00,118,3,8,0,0,0,0
2024-08-08 17:00:00,108,3,8,0,0,0,0
2024-08-08 18:00:00,104,3,8,0,0,0,0
2024-08-08 19:00:00,100,3,8,0,0,0,0
2024-08-08 20:00:00,108,3,8,0,0,0,0
2024-08-08 21:00:00,100,3,8,0,0,0,0
2024-08-08 22:00:00,102,3,8,0,0,0,0
2024-08-08 23:00:00,101,3,8,0,0,0,0
2024-08-09 00:00:00,63,4,8,0,0,0,0
2024-08-09 01:00:00,61,4,8,0,0,0,0
2024-08-09 02:00:00,61,4,8,0,0,0,0
2024-08-09 03:00:00,73,4,8,0,0,0,0
2024-08-09 04:00:00,67,4,8,0,0,0,0
2024-08-09 05:00:00,68,4,8,0,0,0,0
2024-08-09 06:00:00,94,4,8,0,0,0,0
2024-08-09 07:00:00,101,4,8,0,0,0,0
2024-08-09 08:00:00,115,4,8,0,0,0,0
2024-08-09 09:00:00,121,4,8,0,0,0,0
2024-08-09 10:00:00,133,4,8,0,0,0,0
2024-08-09 11:00:00,140,4,8,0,0,0,0
2024-08-09 12:00:00,129,4,8,0,0,0,0
2024-08-09 13:00:00,118,4,8,0,0,0,0
2024-08-09 14:00:00,102,4,8,0,0,0,0
2024-08-09 15:00:00,117,4,8,0,0,0,0
2024-08-09 16:00:00,114,4,8,0,0,0,0
2024-08-09 17:00:00,104,4,8,0,0,0,0
2024-08-09 18:00:00,112,4,8,0,0,0,0
2024-08-09 19:00:00,102,4,8,0,0,0,0
2024-08-09 20:00:00,103,4,8,0,0,0,0
2024-08-09 21:00:00,89,4,8,0,0,0,0
2024-08-09 22:00:00,93,4,8,0,0,0,0
2024-08-09 23:00:00,94,4,8,0,0,0,0
2024-08-10 00:00:00,50,5,8,1,0,0,0
2024-08-10 01:00:00,52,5,8,1,0,0,0
2024-08-10 02:00:00,52,5,8,1,0,0,0
2024-08-10 03:00:00,57,5,8,1,0,0,0
2024-08-10 04:00:00,47,5,8,1,0,0,0
2024-08-10 05:00:00,51,5,8,1,0,0,0
2024-08-10 06:00:00,68,5,8,1,0,0,0
2024-08-10 07:00:00,65,5,8,1,0,0,0
2024-08-10 08:00:00,84,5,8,1,0,0,0
2024-08-10 09:00:00,92,5,8,1,0,0,0
2024-08-10 10:00:00,98,5,8,1,0,0,0
2024-08-10 11:00:00,98,5,8,1,0,0,0
2024-08-10 12:00:00,105,5,8,1,0,0,0
2024-08-10 13:00:00,94,5,8,1,0,0,0
2024-08-10 14:00:00,86,5,8,1,0,0,0
2024-08-10 15:00:00,90,5,8,1,0,0,0
2024-08-10 16:00:00,85,5,8,1,0,0,0
2024-08-10 17:00:00,84,5,8,1,0,0,0
2024-08-10 18:00:00,78,5,8,1,0,0,0
2024-08-10 19:00:00,85,5,8,1,0,0,0
2024-08-10 20:00:00,82,5,8,1,0,0,0
2024-08-10 21:00:00,76,5,8,1,0,0,0
2024-08-10 22:00:00,68,5,8,1,0,0,0
2024-08-10 23:00:00,66,5,8,1,0,0,0
2024-08-11 00:00:00,55,6,8,1,0,0,0
2024-08-11 01:00:00,52,6,8,1,0,0,0
2024-08-11 02:00:00,59,6,8,1,0,0,0
2024-08-11 03:00:00,62,6,8,1,0,0,0
2024-08-11 04:00:00,57,6,8,1,0,0,0
2024-08-11 05:00:00,61,6,8,1,0,0,0
2024-08-11 06:00:00,78,6,8,1,0,0,0
2024-08-11 07:00:00,72,6,8,1,0,0,0
2024-08-11 08:00:00,92,6,8,1,0,0,0
2024-08-11 09:00:00,101,6,8,1,0,0,0
2024-08-11 10:00:00,111,6,8,1,0,0,0
2024-08-11 11:00:00,103,6,8,1,0,0,0
2024-08-11 12:00:00,103,6,8,1,0,0,0
2024-08-11 13:00:00,93,6,8,1,0,0,0
2024-08-11 14:00:00,102,6,8,1,0,0,0
2024-08-11 15:00:00,91,6,8,1,0,0,0
2024-08-11 16:00:00,88,6,8,1,0,0,0
2024-08-11 17:00:00,90,6,8,1,0,0,0
2024-08-11 18:00:00,82,6,8,1,0,0,0
2024-08-11 19:00:00,74,6,8,1,0,0,0
2024-08-11 20:00:00,89,6,8,1,0,0,0
2024-08-11 21:00:00,80,6,8,1,0,0,0
2024-08-11 22:00:00,82,6,8,1,0,0,0
2024-08-11 23:00:00,78,6,8,1,0,0,0
2024-08-12 00:00:00,71,0,8,0,0,0,0
2024-08-12 01:00:00,78,0,8,0,0,0,0
2024-08-12 02:00:00,73,0,8,0,0,0,0
2024-08-12 03:00:00,76,0,8,0,0,0,0
2024-08-12 04:00:00,76,0,8,0,0,0,0
2024-08-12 05:00:00,89,0,8,0,0,0,0
2024-08-12 06:00:00,104,0,8,0,0,0,0
2024-08-12 07:00:00,103,0,8,0,0,0,0
2024-08-12 08:00:00,123,0,8,0,0,0,0
2024-08-12 09:00:00,135,0,8,0,0,0,0
2024-08-12 10:00:00,137,0,8,0,0,0,0
2024-08-12 11:00:00,144,0,8,0,0,0,0
2024-08-12 12:00:00,131,0,8,0,0,0,0
2024-08-12 13:00:00,127,0,8,0,0,0,0
2024-08-12 14:00:00,121,0,8,0,0,0,0
2024-08-12 15:00:00,124,0,8,0,0,0,0
2024-08-12 16:00:00,126,0,8,0,0,0,0
2024-08-12 17:00:00,118,0,8,0,0,0,0
2024-08-12 18:00:00,111,0,8,0,0,0,0
2024-08-12 19:00:00,110,0,8,0,0,0,0
2024-08-12 20:00:00,124,0,8,0,0,0,0
2024-08-12 21:00:00,107,0,8,0,0,0,0
2024-08-12 22:00:00,105,0,8,0,0,0,0
2024-08-12 23:00:00,105,0,8,0,0,0,0
2024-08-13 00:00:00,80,1,8,0,0,0,0
2024-08-13 01:00:00,92,1,8,0,0,0,0
2024-08-13 02:00:00,83,1,8,0,0,0,0
2024-08-13 03:00:00,81,1,8,0,0,0,0
2024-08-13 04:00:00,92,1,8,0,0,0,0
2024-08-13 05:00:00,84,1,8,0,0,0,0
2024-08-13 06:00:00,107,1,8,0,0,0,0
2024-08-13 07:00:00,105,1,8,0,0,0,0
2024-08-13 08:00:00,130,1,8,0,0,0,0
2024-08-13 09:00:00,142,1,8,0,0,0,0
2024-08-13 10:00:00,138,1,8,0,0,0,0
2024-08-13 11:00:00,139,1,8,0,0,0,0
2024-08-13 12:00:00,142,1,8,0,0,0,0
2024-08-13 13:00:00,132,1,8,0,0,0,0
2024-08-13 14:00:00,131,1,8,0,0,0,0
2024-08-13 15:00:00,126,1,8,0,0,0,0
2024-08-13 16:00:00,132,1,8,0,0,0,0
2024-08-13 17:00:00,123,1,8,0,0,0,0
2024-08-13 18:00:00,120,1,8,0,0,0,0
2024-08-13 19:00:00,117,1,8,0,0,0,0
2024-08-13 20:00:00,115,1,8,0,0,0,0
2024-08-13 21:00:00,109,1,8,0,0,0,0
2024-08-13 22:00:00,112,1,8,0,0,0,0
2024-08-13 23:00:00,101,1,8,0,0,0,0
2024-08-14 00:00:00,78,2,8,0,0,0,0
2024-08-14 01:00:00,81,2,8,0,0,0,0
2024-08-14 02:00:00,72,2,8,0,0,0,0
2024-08-14 03:00:00,79,2,8,0,0,0,0
2024-08-14 04:00:00,81,2,8,0,0,0,0
2024-08-14 05:00:00,83,2,8,0,0,0,0
2024-08-14 06:00:00,107,2,8,0,0,0,0
2024-08-14 07:00:00,102,2,8,0,0,0,0
2024-08-14 08:00:00,126,2,8,0,0,0,0
2024-08-14 09:00:00,138,2,8,0,0,0,0
2024-08-14 10:00:00,138,2,8,0,0,0,0
2024-08-14 11:00:00,141,2,8,0,0,0,0
2024-08-14 12:00:00,137,2,8,0,0,0,0
2024-08-14 13:00:00,126,2,8,0,0,0,0
2024-08-14 14:00:00,124,2,8,0,0,0,0
2024-08-14 15:00:00,128,2,8,0,0,0,0
2024-08-14 16:00:00,118,2,8,0,0,0,0
2024-08-14 17:00:00,112,2,8,0,0,0,0
2024-08-14 18:00:00,117,2,8,0,0,0,0
2024-08-14 19:00:00,114,2,8,0,0,0,0
2024-08-14 20:00:00,112,2,8,0,0,0,0
2024-08-14 21:00:00,104,2,8,0,0,0,0
2024-08-14 22:00:00,100,2,8,0,0,0,0
2024-08-14 23:00:00,105,2,8,0,0,0,0
2024-08-15 00:00:00,76,3,8,0,0,0,0
2024-08-15 01:00:00,75,3,8,0,0,0,0
2024-08-15 02:00:00,78,3,8,0,0,0,0
2024-08-15 03:00:00,76,3,8,0,0,0,0
2024-08-15 04:00:00,79,3,8,0,0,0,0
2024-08-15 05:00:00,74,3,8,0,0,0,0
2024-08-15 06:00:00,101,3,8,0,0,0,0
2024-08-15 07:00:00,92,3,8,0,0,0,0
2024-08-15 08:00:00,119,3,8,0,0,0,0
2024-08-15 09:00:00,131,3,8,0,0,0,0
2024-08-15 10:00:00,134,3,8,0,0,0,0
2024-08-15 11:00:00,134,3,8,0,0,0,0
2024-08-15 12:00:00,128,3,8,0,0,0,0
2024-08-15 13:00:00,120,3,8,0,0,0,0
2024-08-15 14:00:00,123,3,8,0,0,0,0
2024-08-15 15:00:00,116,3,8,0,0,0,0
2024-08-15 16:00:00,114,3,8,0,0,0,0
2024-08-15 17:00:00,105,3,8,0,0,0,0
2024-08-15 18:00:00,111,3,8,0,0,0,0
2024-08-15 19:00:00,108,3,8,0,0,0,0
2024-08-15 20:00:00,108,3,8,0,0,0,0
2024-08-15 21:00:00,86,3,8,0,0,0,0
2024-08-15 22:00:00,95,3,8,0,0,0,0
2024-08-15 23:00:00,92,3,8,0,0,0,0
2024-08-16 00:00:00,71,4,8,0,0,0,0
2024-08-16 01:00:00,68,4,8,0,0,0,0
2024-08-16 02:00:00,71,4,8,0,0,0,0
2024-08-16 03:00:00,71,4,8,0,0,0,0
2024-08-16 04:00:00,68,4,8,0,0,0,0
2024-08-16 05:00:00,65,4,8,0,0,0,0
2024-08-16 06:00:00,89,4,8,0,0,0,0
2024-08-16 07:00:00,92,4,8,0,0,0,0
2024-08-16 08:00:00,109,4,8,0,0,0,0
2024-08-16 09:00:00,120,4,8,0,0,0,0
2024-08-16 10:00:00,131,4,8,0,0,0,0
2024-08-16 11:00:00,127,4,8,0,0,0,0
2024-08-16 12:00:00,127,4,8,0,0,0,0
2024-08-16 13:00:00,115,4,8,0,0,0,0
2024-08-16 14:00:00,115,4,8,0,0,0,0
2024-08-16 15:00:00,114,4,8,0,0,0,0
2024-08-16 16:00:00,116,4,8,0,0,0,0
2024-08-16 17:00:00,111,4,8,0,0,0,0
2024-08-16 18:00:00,105,4,8,0,0,0,0
2024-08-16 19:00:00,104,4,8,0,0,0,0
2024-08-16 20:00:00,110,4,8,0,0,0,0
2024-08-16 21:00:00,86,4,8,0,0,0,0
2024-08-16 22:00:00,92,4,8,0,0,0,0
2024-08-16 23:00:00,103,4,8,0,0,0,0
2024-08-17 00:00:00,42,5,8,1,0,0,0
2024-08-17 01:00:00,56,5,8,1,0,0,0
2024-08-17 02:00:00,50,5,8,1,0,0,0
2024-08-17 03:00:00,46,5,8,1,0,0,0
2024-08-17 04:00:00,54,5,8,1,0,0,0
2024-08-17 05:00:00,55,5,8,1,0,0,0
2024-08-17 06:00:00,62,5,8,1,0,0,0
2024-08-17 07:00:00,66,5,8,1,0,0,0
2024-08-17 08:00:00,84,5,8,1,0,0,0
2024-08-17 09:00:00,92,5,8,1,0,0,0
2024-08-17 10:00:00,101,5,8,1,0,0,0
2024-08-17 11:00:00,105,5,8,1,0,0,0
2024-08-17 12:00:00,98,5,8,1,0,0,0
2024-08-17 13:00:00,86,5,8,1,0,0,0
2024-08-17 14:00:00,94,5,8,1,0,0,0
2024-08-17 15:00:00,87,5,8,1,0,0,0
2024-08-17 16:00:00,85,5,8,1,0,0,0
2024-08-17 17:00:00,90,5,8,1,0,0,0
2024-08-17 18:00:00,78,5,8,1,0,0,0
2024-08-17 19:00:00,78,5,8,1,0,0,0
2024-08-17 20:00:00,81,5,8,1,0,0,0
2024-08-17 21:00:00,72,5,8,1,0,0,0
2024-08-17 22:00:00,72,5,8,1,0,0,0
2024-08-17 23:00:00,72,5,8,1,0,0,0
2024-08-18 00:00:00,59,6,8,1,0,0,0
2024-08-18 01:00:00,63,6,8,1,0,0,0
2024-08-18 02:00:00,66,6,8,1,0,0,0
2024-08-18 03:00:00,55,6,8,1,0,0,0
2024-08-18 04:00:00,55,6,8,1,0,0,0
2024-08-18 05:00:00,58,6,8,1,0,0,0
2024-08-18 06:00:00,79,6,8,1,0,0,0
2024-08-18 07:00:00,81,6,8,1,0,0,0
2024-08-18 08:00:00,94,6,8,1,0,0,0
2024-08-18 09:00:00,104,6,8,1,0,0,0
2024-08-18 10:00:00,108,6,8,1,0,0,0
2024-08-18 11:00:00,106,6,8,1,0,0,0
2024-08-18 12:00:00,102,6,8,1,0,0,0
2024-08-18 13:00:00,88,6,8,1,0,0,0
2024-08-18 14:00:00,100,6,8,1,0,0,0
2024-08-18 15:00:00,96,6,8,1,0,0,0
2024-08-18 16:00:00,96,6,8,1,0,0,0
2024-08-18 17:00:00,83,6,8,1,0,0,0
2024-08-18 18:00:00,81,6,8,1,0,0,0
2024-08-18 19:00:00,93,6,8,1,0,0,0
2024-08-18 20:00:00,87,6,8,1,0,0,0
2024-08-18 21:00:00,87,6,8,1,0,0,0
2024-08-18 22:00:00,73,6,8,1,0,0,0
2024-08-18 23:00:00,73,6,8,1,0,0,0
2024-08-19 00:00:00,79,0,8,0,0,0,0
2024-08-19 01:00:00,82,0,8,0,0,0,0
2024-08-19 02:00:00,83,0,8,0,0,0,0
2024-08-19 03:00:00,90,0,8,0,0,0,0
2024-08-19 04:00:00,85,0,8,0,0,0,0
2024-08-19 05:00:00,84,0,8,0,0,0,0
2024-08-19 06:00:00,107,0,8,0,0,0,0
2024-08-19 07:00:00,104,0,8,0,0,0,0
2024-08-19 08:00:00,127,0,8,0,0,0,0
2024-08-19 09:00:00,135,0,8,0,0,0,0
2024-08-19 10:00:00,142,0,8,0,0,0,0
2024-08-19 11:00:00,142,0,8,0,0,0,0
2024-08-19 12:00:00,145,0,8,0,0,0,0
2024-08-19 13:00:00,130,0,8,0,0,0,0
2024-08-19 14:00:00,122,0,8,0,0,0,0
2024-08-19 15:00:00,120,0,8,0,0,0,0
2024-08-19 16:00:00,124,0,8,0,0,0,0
2024-08-19 17:00:00,124,0,8,0,0,0,0
2024-08-19 18:00:00,114,0,8,0,0,0,0
2024-08-19 19:00:00,121,0,8,0,0,0,0
2024-08-19 20:00:00,117,0,8,0,0,0,0
2024-08-19 21:00:00,105,0,8,0,0,0,0
2024-08-19 22:00:00,103,0,8,0,0,0,0
2024-08-19 23:00:00,109,0,8,0,0,0,0
2024-08-20 00:00:00,89,1,8,0,0,0,0
2024-08-20 01:00:00,83,1,8,0,0,0,0
2024-08-20 02:00:00,78,1,8,0,0,0,0
2024-08-20 03:00:00,85,1,8,0,0,0,0
2024-08-20 04:00:00,79,1,8,0,0,0,0
2024-08-20 05:00:00,85,1,8,0,0,0,0
2024-08-20 06:00:00,109,1,8,0,0,0,0
2024-08-20 07:00:00,106,1,8,0,0,0,0
2024-08-20 08:00:00,131,1,8,0,0,0,0
2024-08-20 09:00:00,143,1,8,0,0,0,0
2024-08-20 10:00:00,143,1,8,0,0,0,0
2024-08-20 11:00:00,144,1,8,0,0,0,0
2024-08-20 12:00:00,140,1,8,0,0,0,0
2024-08-20 13:00:00,127,1,8,0,0,0,0
2024-08-20 14:00:00,125,1,8,0,0,0,0
2024-08-20 15:00:00,128,1,8,0,0,0,0
2024-08-20 16:00:00,125,1,8,0,0,0,0
2024-08-20 17:00:00,113,1,8,0,0,0,0
2024-08-20 18:00:00,115,1,8,0,0,0,0
2024-08-20 19:00:00,119,1,8,0,0,0,0
2024-08-20 20:00:00,116,1,8,0,0,0,0
2024-08-20 21:00:00,108,1,8,0,0,0,0
2024-08-20 22:00:00,99,1,8,0,0,0,0
2024-08-20 23:00:00,107,1,8,0,0,0,0
2024-08-21 00:00:00,80,2,8,0,0,0,0
2024-08-21 01:00:00,82,2,8,0,0,0,0
2024-08-21 02:00:00,74,2,8,0,0,0,0
2024-08-21 03:00:00,74,2,8,0,0,0,0
2024-08-21 04:00:00,79,2,8,0,0,0,0
2024-08-21 05:00:00,83,2,8,0,0,0,0
2024-08-21 06:00:00,97,2,8,0,0,0,0
2024-08-21 07:00:00,108,2,8,0,0,0,0
2024-08-21 08:00:00,126,2,8,0,0,0,0
2024-08-21 09:00:00,138,2,8,0,0,0,0
2024-08-21 10:00:00,132,2,8,0,0,0,0
2024-08-21 11:00:00,135,2,8,0,0,0,0
2024-08-21 12:00:00,136,2,8,0,0,0,0
2024-08-21 13:00:00,124,2,8,0,0,0,0
2024-08-21 14:00:00,131,2,8,0,0,0,0
2024-08-21 15:00:00,120,2,8,0,0,0,0
2024-08-21 16:00:00,128,2,8,0,0,0,0
2024-08-21 17:00:00,111,2,8,0,0,0,0
2024-08-21 18:00:00,111,2,8,0,0,0,0
2024-08-21 19:00:00,120,2,8,0,0,0,0
2024-08-21 20:00:00,117,2,8,0,0,0,0
2024-08-21 21:00:00,107,2,8,0,0,0,0
2024-08-21 22:00:00,104,2,8,0,0,0,0
2024-08-21 23:00:00,105,2,8,0,0,0,0
2024-08-22 00:00:00,74,3,8,0,0,0,0
2024-08-22 01:00:00,74,3,8,0,0,0,0
2024-08-22 02:00:00,69,3,8,0,0,0,0
2024-08-22 03:00:00,65,3,8,0,0,0,0
2024-08-22 04:00:00,76,3,8,0,0,0,0
2024-08-22 05:00:00,76,3,8,0,0,0,0
2024-08-22 06:00:00,98,3,8,0,0,0,0
2024-08-22 07:00:00,98,3,8,0,0,0,0
2024-08-22 08:00:00,119,3,8,0,0,0,0
2024-08-22 09:00:00,131,3,8,0,0,0,0
2024-08-22 10:00:00,132,3,8,0,0,0,0
2024-08-22 11:00:00,129,3,8,0,0,0,0
2024-08-22 12:00:00,134,3,8,0,0,0,0
2024-08-22 13:00:00,124,3,8,0,0,0,0
2024-08-22 14:00:00,122,3,8,0,0,0,0
2024-08-22 15:00:00,118,3,8,0,0,0,0
2024-08-22 16:00:00,113,3,8,0,0,0,0
2024-08-22 17:00:00,110,3,8,0,0,0,0
2024-08-22 18:00:00,117,3,8,0,0,0,0
2024-08-22 19:00:00,115,3,8,0,0,0,0
2024-08-22 20:00:00,108,3,8,0,0,0,0
2024-08-22 21:00:00,91,3,8,0,0,0,0
2024-08-22 22:00:00,104,3,8,0,0,0,0
2024-08-22 23:00:00,95,3,8,0,0,0,0
2024-08-23 00:00:00,68,4,8,0,0,0,0
2024-08-23 01:00:00,68,4,8,0,0,0,0
2024-08-23 02:00:00,74,4,8,0,0,0,0
2024-08-23 03:00:00,73,4,8,0,0,0,0
2024-08-23 04:00:00,68,4,8,0,0,0,0
2024-08-23 05:00:00,75,4,8,0,0,0,0
2024-08-23 06:00:00,92,4,8,0,0,0,0
2024-08-23 07:00:00,89,4,8,0,0,0,0
2024-08-23 08:00:00,112,4,8,0,0,0,0
2024-08-23 09:00:00,123,4,8,0,0,0,0
2024-08-23 10:00:00,125,4,8,0,0,0,0
2024-08-23 11:00:00,129,4,8,0,0,0,0
2024-08-23 12:00:00,125,4,8,0,0,0,0
2024-08-23 13:00:00,119,4,8,0,0,0,0
2024-08-23 14:00:00,112,4,8,0,0,0,0
2024-08-23 15:00:00,111,4,8,0,0,0,0
2024-08-23 16:00:00,120,4,8,0,0,0,0
2024-08-23 17:00:00,107,4,8,0,0,0,0
2024-08-23 18:00:00,100,4,8,0,0,0,0
2024-08-23 19:00:00,103,4,8,0,0,0,0
2024-08-23 20:00:00,108,4,8,0,0,0,0
2024-08-23 21:00:00,97,4,8,0,0,0,0
2024-08-23 22:00:00,90,4,8,0,0,0,0
2024-08-23 23:00:00,97,4,8,0,0,0,0
2024-08-24 00:00:00,60,5,8,1,0,0,0
2024-08-24 01:00:00,55,5,8,1,0,0,0
2024-08-24 02:00:00,53,5,8,1,0,0,0
2024-08-24 03:00:00,46,5,8,1,0,0,0
2024-08-24 04:00:00,53,5,8,1,0,0,0
2024-08-24 05:00:00,53,5,8,1,0,0,0
2024-08-24 06:00:00,69,5,8,1,0,0,0
2024-08-24 07:00:00,73,5,8,1,0,0,0
2024-08-24 08:00:00,88,5,8,1,0,0,0
2024-08-24 09:00:00,96,5,8,1,0,0,0
2024-08-24 10:00:00,97,5,8,1,0,0,0
2024-08-24 11:00:00,100,5,8,1,0,0,0
2024-08-24 12:00:00,102,5,8,1,0,0,0
2024-08-24 13:00:00,87,5,8,1,0,0,0
2024-08-24 14:00:00,89,5,8,1,0,0,0
2024-08-24 15:00:00,92,5,8,1,0,0,0
2024-08-24 16:00:00,88,5,8,1,0,0,0
2024-08-24 17:00:00,89,5,8,1,0,0,0
2024-08-24 18:00:00,81,5,8,1,0,0,0
2024-08-24 19:00:00,85,5,8,1,0,0,0
2024-08-24 20:00:00,86,5,8,1,0,0,0
2024-08-24 21:00:00,78,5,8,1,0,0,0
2024-08-24 22:00:00,74,5,8,1,0,0,0
2024-08-24 23:00:00,79,5,8,1,0,0,0
2024-08-25 00:00:00,55,6,8,1,0,0,0
2024-08-25 01:00:00,65,6,8,1,0,0,0
2024-08-25 02:00:00,58,6,8,1,0,0,0
2024-08-25 03:00:00,51,6,8,1,0,0,0
2024-08-25 04:00:00,57,6,8,1,0,0,0
2024-08-25 05:00:00,56,6,8,1,0,0,0
2024-08-25 06:00:00,75,6,8,1,0,0,0
2024-08-25 07:00:00,78,6,8,1,0,0,0
2024-08-25 08:00:00,92,6,8,1,0,0,0
2024-08-25 09:00:00,101,6,8,1,0,0,0
2024-08-25 10:00:00,109,6,8,1,0,0,0
2024-08-25 11:00:00,109,6,8,1,0,0,0
2024-08-25 12:00:00,103,6,8,1,0,0,0
2024-08-25 13:00:00,93,6,8,1,0,0,0
2024-08-25 14:00:00,94,6,8,1,0,0,0
2024-08-25 15:00:00,91,6,8,1,0,0,0
2024-08-25 16:00:00,92,6,8,1,0,0,0
2024-08-25 17:00:00,89,6,8,1,0,0,0
2024-08-25 18:00:00,83,6,8,1,0,0,0
2024-08-25 19:00:00,91,6,8,1,0,0,0
2024-08-25 20:00:00,90,6,8,1,0,0,0
2024-08-25 21:00:00,80,6,8,1,0,0,0
2024-08-25 22:00:00,81,6,8,1,0,0,0
2024-08-25 23:00:00,76,6,8,1,0,0,0
2024-08-26 00:00:00,82,0,8,0,0,0,0
2024-08-26 01:00:00,80,0,8,0,0,0,0
2024-08-26 02:00:00,88,0,8,0,0,0,0
2024-08-26 03:00:00,89,0,8,0,0,0,0
2024-08-26 04:00:00,79,0,8,0,0,0,0
2024-08-26 05:00:00,87,0,8,0,0,0,0
2024-08-26 06:00:00,113,0,8,0,0,0,0
2024-08-26 07:00:00,110,0,8,0,0,0,0
2024-08-26 08:00:00,131,0,8,0,0,0,0
2024-08-26 09:00:00,144,0,8,0,0,0,0
2024-08-26 10:00:00,140,0,8,0,0,0,0
2024-08-26 11:00:00,141,0,8,0,0,0,0
2024-08-26 12:00:00,145,0,8,0,0,0,0
2024-08-26 13:00:00,128,0,8,0,0,0,0
2024-08-26 14:00:00,127,0,8,0,0,0,0
2024-08-26 15:00:00,132,0,8,0,0,0,0
2024-08-26 16:00:00,128,0,8,0,0,0,0
2024-08-26 17:00:00,127,0,8,0,0,0,0
2024-08-26 18:00:00,118,0,8,0,0,0,0
2024-08-26 19:00:00,119,0,8,0,0,0,0
2024-08-26 20:00:00,115,0,8,0,0,0,0
2024-08-26 21:00:00,111,0,8,0,0,0,0
2024-08-26 22:00:00,109,0,8,0,0,0,0
2024-08-26 23:00:00,105,0,8,0,0,0,0
2024-08-27 00:00:00,77,1,8,0,0,0,0
2024-08-27 01:00:00,83,1,8,0,0,0,0
2024-08-27 02:00:00,79,1,8,0,0,0,0
2024-08-27 03:00:00,88,1,8,0,0,0,0
2024-08-27 04:00:00,78,1,8,0,0,0,0
2024-08-27 05:00:00,79,1,8,0,0,0,0
2024-08-27 06:00:00,106,1,8,0,0,0,0
2024-08-27 07:00:00,105,1,8,0,0,0,0
2024-08-27 08:00:00,130,1,8,0,0,0,0
2024-08-27 09:00:00,142,1,8,0,0,0,0
2024-08-27 10:00:00,142,1,8,0,0,0,0
2024-08-27 11:00:00,146,1,8,0,0,0,0
2024-08-27 12:00:00,139,1,8,0,0,0,0
2024-08-27 13:00:00,127,1,8,0,0,0,0
2024-08-27 14:00:00,131,1,8,0,0,0,0
2024-08-27 15:00:00,128,1,8,0,0,0,0
2024-08-27 16:00:00,120,1,8,0,0,0,0
2024-08-27 17:00:00,124,1,8,0,0,0,0
2024-08-27 18:00:00,117,1,8,0,0,0,0
2024-08-27 19:00:00,124,1,8,0,0,0,0
2024-08-27 20:00:00,118,1,8,0,0,0,0
2024-08-27 21:00:00,108,1,8,0,0,0,0
2024-08-27 22:00:00,102,1,8,0,0,0,0
2024-08-27 23:00:00,105,1,8,0,0,0,0
2024-08-28 00:00:00,78,2,8,0,0,0,0
2024-08-28 01:00:00,79,2,8,0,0,0,0
2024-08-28 02:00:00,73,2,8,0,0,0,0
2024-08-28 03:00:00,81,2,8,0,0,0,0
2024-08-28 04:00:00,79,2,8,0,0,0,0
2024-08-28 05:00:00,85,2,8,0,0,0,0
2024-08-28 06:00:00,104,2,8,0,0,0,0
2024-08-28 07:00:00,107,2,8,0,0,0,0
2024-08-28 08:00:00,128,2,8,0,0,0,0
2024-08-28 09:00:00,140,2,8,0,0,0,0
2024-08-28 10:00:00,136,2,8,0,0,0,0
2024-08-28 11:00:00,142,2,8,0,0,0,0
2024-08-28 12:00:00,129,2,8,0,0,0,0
2024-08-28 13:00:00,125,2,8,0,0,0,0
2024-08-28 14:00:00,127,2,8,0,0,0,0
2024-08-28 15:00:00,126,2,8,0,0,0,0
2024-08-28 16:00:00,129,2,8,0,0,0,0
2024-08-28 17:00:00,115,2,8,0,0,0,0
2024-08-28 18:00:00,120,2,8,0,0,0,0
2024-08-28 19:00:00,112,2,8,0,0,0,0
2024-08-28 20:00:00,114,2,8,0,0,0,0
2024-08-28 21:00:00,113,2,8,0,0,0,0
2024-08-28 22:00:00,109,2,8,0,0,0,0
2024-08-28 23:00:00,105,2,8,0,0,0,0
2024-08-29 00:00:00,72,3,8,0,0,0,0
2024-08-29 01:00:00,76,3,8,0,0,0,0
2024-08-29 02:00:00,71,3,8,0,0,0,0
2024-08-29 03:00:00,82,3,8,0,0,0,0
2024-08-29 04:00:00,79,3,8,0,0,0,0
2024-08-29 05:00:00,78,3,8,0,0,0,0
2024-08-29 06:00:00,103,3,8,0,0,0,0
2024-08-29 07:00:00,100,3,8,0,0,0,0
2024-08-29 08:00:00,123,3,8,0,0,0,0
2024-08-29 09:00:00,135,3,8,0,0,0,0
2024-08-29 10:00:00,135,3,8,0,0,0,0
2024-08-29 11:00:00,140,3,8,0,0,0,0
2024-08-29 12:00:00,132,3,8,0,0,0,0
2024-08-29 13:00:00,116,3,8,0,0,0,0
2024-08-29 14:00:00,117,3,8,0,0,0,0
2024-08-29 15:00:00,122,3,8,0,0,0,0
2024-08-29 16:00:00,125,3,8,0,0,0,0
2024-08-29 17:00:00,109,3,8,0,0,0,0
2024-08-29 18:00:00,110,3,8,0,0,0,0
2024-08-29 19:00:00,113,3,8,0,0,0,0
2024-08-29 20:00:00,110,3,8,0,0,0,0
2024-08-29 21:00:00,97,3,8,0,0,0,0
2024-08-29 22:00:00,97,3,8,0,0,0,0
2024-08-29 23:00:00,101,3,8,0,0,0,0
2024-08-30 00:00:00,73,4,8,0,0,0,0
2024-08-30 01:00:00,66,4,8,0,0,0,0
2024-08-30 02:00:00,77,4,8,0,0,0,0
2024-08-30 03:00:00,71,4,8,0,0,0,0
2024-08-30 04:00:00,71,4,8,0,0,0,0
2024-08-30 05:00:00,68,4,8,0,0,0,0
2024-08-30 06:00:00,92,4,8,0,0,0,0
2024-08-30 07:00:00,91,4,8,0,0,0,0
2024-08-30 08:00:00,112,4,8,0,0,0,0
2024-08-30 09:00:00,123,4,8,0,0,0,0
2024-08-30 10:00:00,124,4,8,0,0,0,0
2024-08-30 11:00:00,135,4,8,0,0,0,0
2024-08-30 12:00:00,133,4,8,0,0,0,0
2024-08-30 13:00:00,115,4,8,0,0,0,0
2024-08-30 14:00:00,121,4,8,0,0,0,0
2024-08-30 15:00:00,120,4,8,0,0,0,0
2024-08-30 16:00:00,115,4,8,0,0,0,0
2024-08-30 17:00:00,106,4,8,0,0,0,0
2024-08-30 18:00:00,101,4,8,0,0,0,0
2024-08-30 19:00:00,112,4,8,0,0,0,0
2024-08-30 20:00:00,101,4,8,0,0,0,0
2024-08-30 21:00:00,96,4,8,0,0,0,0
2024-08-30 22:00:00,87,4,8,0,0,0,0
2024-08-30 23:00:00,91,4,8,0,0,0,0
2024-08-31 00:00:00,51,5,8,1,0,0,0
2024-08-31 01:00:00,59,5,8,1,0,0,0
2024-08-31 02:00:00,51,5,8,1,0,0,0
2024-08-31 03:00:00,55,5,8,1,0,0,0
2024-08-31 04:00:00,55,5,8,1,0,0,0
2024-08-31 05:00:00,50,5,8,1,0,0,0
2024-08-31 06:00:00,62,5,8,1,0,0,0
2024-08-31 07:00:00,72,5,8,1,0,0,0
2024-08-31 08:00:00,85,5,8,1,0,0,0
2024-08-31 09:00:00,93,5,8,1,0,0,0
2024-08-31 10:00:00,101,5,8,1,0,0,0
2024-08-31 11:00:00,98,5,8,1,0,0,0
2024-08-31 12:00:00,102,5,8,1,0,0,0
2024-08-31 13:00:00,89,5,8,1,0,0,0
2024-08-31 14:00:00,87,5,8,1,0,0,0
2024-08-31 15:00:00,85,5,8,1,0,0,0
2024-08-31 16:00:00,81,5,8,1,0,0,0
2024-08-31 17:00:00,82,5,8,1,0,0,0
2024-08-31 18:00:00,80,5,8,1,0,0,0
2024-08-31 19:00:00,82,5,8,1,0,0,0
2024-08-31 20:00:00,80,5,8,1,0,0,0
2024-08-31 21:00:00,69,5,8,1,0,0,0
2024-08-31 22:00:00,67,5,8,1,0,0,0
2024-08-31 23:00:00,68,5,8,1,0,0,0
2024-09-01 00:00:00,68,6,9,1,0,0,0
2024-09-01 01:00:00,65,6,9,1,0,0,0
2024-09-01 02:00:00,74,6,9,1,0,0,0
2024-09-01 03:00:00,64,6,9,1,0,0,0
2024-09-01 04:00:00,67,6,9,1,0,0,0
2024-09-01 05:00:00,70,6,9,1,0,0,0
2024-09-01 06:00:00,90,6,9,1,0,0,0
2024-09-01 07:00:00,95,6,9,1,0,0,0
2024-09-01 08:00:00,108,6,9,1,0,0,0
2024-09-01 09:00:00,119,6,9,1,0,0,0
2024-09-01 10:00:00,125,6,9,1,0,0,0
2024-09-01 11:00:00,120,6,9,1,0,0,0
2024-09-01 12:00:00,120,6,9,1,0,0,0
2024-09-01 13:00:00,106,6,9,1,0,0,0
2024-09-01 14:00:00,107,6,9,1,0,0,0
2024-09-01 15:00:00,114,6,9,1,0,0,0
2024-09-01 16:00:00,110,6,9,1,0,0,0
2024-09-01 17:00:00,101,6,9,1,0,0,0
2024-09-01 18:00:00,106,6,9,1,0,0,0
2024-09-01 19:00:00,99,6,9,1,0,0,0
2024-09-01 20:00:00,94,6,9,1,0,0,0
2024-09-01 21:00:00,90,6,9,1,0,0,0
2024-09-01 22:00:00,89,6,9,1,0,0,0
2024-09-01 23:00:00,97,6,9,1,0,0,0
2024-09-02 00:00:00,101,0,9,0,0,0,0
2024-09-02 01:00:00,97,0,9,0,0,0,0
2024-09-02 02:00:00,100,0,9,0,0,0,0
2024-09-02 03:00:00,98,0,9,0,0,0,0
2024-09-02 04:00:00,92,0,9,0,0,0,0
2024-09-02 05:00:00,94,0,9,0,0,0,0
2024-09-02 06:00:00,122,0,9,0,0,0,0
2024-09-02 07:00:00,127,0,9,0,0,0,0
2024-09-02 08:00:00,147,0,9,0,0,0,0
2024-09-02 09:00:00,162,0,9,0,0,0,0
2024-09-02 10:00:00,164,0,9,0,0,0,0
2024-09-02 11:00:00,167,0,9,0,0,0,0
2024-09-02 12:00:00,168,0,9,0,0,0,0
2024-09-02 13:00:00,141,0,9,0,0,0,0
2024-09-02 14:00:00,146,0,9,0,0,0,0
2024-09-02 15:00:00,151,0,9,0,0,0,0
2024-09-02 16:00:00,147,0,9,0,0,0,0
2024-09-02 17:00:00,127,0,9,0,0,0,0
2024-09-02 18:00:00,133,0,9,0,0,0,0
2024-09-02 19:00:00,138,0,9,0,0,0,0
2024-09-02 20:00:00,138,0,9,0,0,0,0
2024-09-02 21:00:00,122,0,9,0,0,0,0
2024-09-02 22:00:00,128,0,9,0,0,0,0
2024-09-02 23:00:00,128,0,9,0,0,0,0
2024-09-03 00:00:00,95,1,9,0,0,0,0
2024-09-03 01:00:00,89,1,9,0,0,0,0
2024-09-03 02:00:00,88,1,9,0,0,0,0
2024-09-03 03:00:00,95,1,9,0,0,0,0
2024-09-03 04:00:00,100,1,9,0,0,0,0
2024-09-03 05:00:00,93,1,9,0,0,0,0
2024-09-03 06:00:00,127,1,9,0,0,0,0
2024-09-03 07:00:00,127,1,9,0,0,0,0
2024-09-03 08:00:00,153,1,9,0,0,0,0
2024-09-03 09:00:00,167,1,9,0,0,0,0
2024-09-03 10:00:00,164,1,9,0,0,0,0
2024-09-03 11:00:00,160,1,9,0,0,0,0
2024-09-03 12:00:00,164,1,9,0,0,0,0
2024-09-03 13:00:00,153,1,9,0,0,0,0
2024-09-03 14:00:00,152,1,9,0,0,0,0
2024-09-03 15:00:00,150,1,9,0,0,0,0
2024-09-03 16:00:00,155,1,9,0,0,0,0
2024-09-03 17:00:00,128,1,9,0,0,0,0
2024-09-03 18:00:00,138,1,9,0,0,0,0
2024-09-03 19:00:00,136,1,9,0,0,0,0
2024-09-03 20:00:00,137,1,9,0,0,0,0
2024-09-03 21:00:00,122,1,9,0,0,0,0
2024-09-03 22:00:00,123,1,9,0,0,0,0
2024-09-03 23:00:00,125,1,9,0,0,0,0
2024-09-04 00:00:00,94,2,9,0,0,0,0
2024-09-04 01:00:00,96,2,9,0,0,0,0
2024-09-04 02:00:00,93,2,9,0,0,0,0
2024-09-04 03:00:00,92,2,9,0,0,0,0
2024-09-04 04:00:00,94,2,9,0,0,0,0
2024-09-04 05:00:00,92,2,9,0,0,0,0
2024-09-04 06:00:00,122,2,9,0,0,0,0
2024-09-04 07:00:00,120,2,9,0,0,0,0
2024-09-04 08:00:00,147,2,9,0,0,0,0
2024-09-04 09:00:00,162,2,9,0,0,0,0
2024-09-04 10:00:00,164,2,9,0,0,0,0
2024-09-04 11:00:00,157,2,9,0,0,0,0
2024-09-04 12:00:00,160,2,9,0,0,0,0
2024-09-04 13:00:00,149,2,9,0,0,0,0
2024-09-04 14:00:00,147,2,9,0,0,0,0
2024-09-04 15:00:00,151,2,9,0,0,0,0
2024-09-04 16:00:00,143,2,9,0,0,0,0
2024-09-04 17:00:00,136,2,9,0,0,0,0
2024-09-04 18:00:00,144,2,9,0,0,0,0
2024-09-04 19:00:00,140,2,9,0,0,0,0
2024-09-04 20:00:00,138,2,9,0,0,0,0
2024-09-04 21:00:00,121,2,9,0,0,0,0
2024-09-04 22:00:00,124,2,9,0,0,0,0
2024-09-04 23:00:00,120,2,9,0,0,0,0
2024-09-05 00:00:00,83,3,9,0,0,0,0
2024-09-05 01:00:00,85,3,9,0,0,0,0
2024-09-05 02:00:00,89,3,9,0,0,0,0
2024-09-05 03:00:00,82,3,9,0,0,0,0
2024-09-05 04:00:00,92,3,9,0,0,0,0
2024-09-05 05:00:00,88,3,9,0,0,0,0
2024-09-05 06:00:00,112,3,9,0,0,0,0
2024-09-05 07:00:00,111,3,9,0,0,0,0
2024-09-05 08:00:00,138,3,9,0,0,0,0
2024-09-05 09:00:00,151,3,9,0,0,0,0
2024-09-05 10:00:00,154,3,9,0,0,0,0
2024-09-05 11:00:00,157,3,9,0,0,0,0
2024-09-05 12:00:00,152,3,9,0,0,0,0
2024-09-05 13:00:00,144,3,9,0,0,0,0
2024-09-05 14:00:00,142,3,9,0,0,0,0
2024-09-05 15:00:00,133,3,9,0,0,0,0
2024-09-05 16:00:00,139,3,9,0,0,0,0
2024-09-05 17:00:00,125,3,9,0,0,0,0
2024-09-05 18:00:00,125,3,9,0,0,0,0
2024-09-05 19:00:00,140,3,9,0,0,0,0
2024-09-05 20:00:00,130,3,9,0,0,0,0
2024-09-05 21:00:00,118,3,9,0,0,0,0
2024-09-05 22:00:00,112,3,9,0,0,0,0
2024-09-05 23:00:00,112,3,9,0,0,0,0
2024-09-06 00:00:00,86,4,9,0,0,0,0
2024-09-06 01:00:00,82,4,9,0,0,0,0
2024-09-06 02:00:00,89,4,9,0,0,0,0
2024-09-06 03:00:00,75,4,9,0,0,0,0
2024-09-06 04:00:00,85,4,9,0,0,0,0
2024-09-06 05:00:00,85,4,9,0,0,0,0
2024-09-06 06:00:00,115,4,9,0,0,0,0
2024-09-06 07:00:00,115,4,9,0,0,0,0
2024-09-06 08:00:00,136,4,9,0,0,0,0
2024-09-06 09:00:00,150,4,9,0,0,0,0
2024-09-06 10:00:00,144,4,9,0,0,0,0
2024-09-06 11:00:00,152,4,9,0,0,0,0
2024-09-06 12:00:00,147,4,9,0,0,0,0
2024-09-06 13:00:00,141,4,9,0,0,0,0
2024-09-06 14:00:00,134,4,9,0,0,0,0
2024-09-06 15:00:00,139,4,9,0,0,0,0
2024-09-06 16:00:00,137,4,9,0,0,0,0
2024-09-06 17:00:00,125,4,9,0,0,0,0
2024-09-06 18:00:00,123,4,9,0,0,0,0
2024-09-06 19:00:00,123,4,9,0,0,0,0
2024-09-06 20:00:00,123,4,9,0,0,0,0
2024-09-06 21:00:00,109,4,9,0,0,0,0
2024-09-06 22:00:00,111,4,9,0,0,0,0
2024-09-06 23:00:00,108,4,9,0,0,0,0
2024-09-07 00:00:00,67,5,9,1,0,0,0
2024-09-07 01:00:00,61,5,9,1,0,0,0
2024-09-07 02:00:00,66,5,9,1,0,0,0
2024-09-07 03:00:00,62,5,9,1,0,0,0
2024-09-07 04:00:00,60,5,9,1,0,0,0
2024-09-07 05:00:00,63,5,9,1,0,0,0
2024-09-07 06:00:00,84,5,9,1,0,0,0
2024-09-07 07:00:00,86,5,9,1,0,0,0
2024-09-07 08:00:00,104,5,9,1,0,0,0
2024-09-07 09:00:00,115,5,9,1,0,0,0
2024-09-07 10:00:00,122,5,9,1,0,0,0
2024-09-07 11:00:00,118,5,9,1,0,0,0
2024-09-07 12:00:00,114,5,9,1,0,0,0
2024-09-07 13:00:00,110,5,9,1,0,0,0
2024-09-07 14:00:00,107,5,9,1,0,0,0
2024-09-07 15:00:00,102,5,9,1,0,0,0
2024-09-07 16:00:00,109,5,9,1,0,0,0
2024-09-07 17:00:00,93,5,9,1,0,0,0
2024-09-07 18:00:00,100,5,9,1,0,0,0
2024-09-07 19:00:00,90,5,9,1,0,0,0
2024-09-07 20:00:00,97,5,9,1,0,0,0
2024-09-07 21:00:00,89,5,9,1,0,0,0
2024-09-07 22:00:00,90,5,9,1,0,0,0
2024-09-07 23:00:00,84,5,9,1,0,0,0
2024-09-08 00:00:00,74,6,9,1,0,0,0
2024-09-08 01:00:00,70,6,9,1,0,0,0
2024-09-08 02:00:00,67,6,9,1,0,0,0
2024-09-08 03:00:00,65,6,9,1,0,0,0
2024-09-08 04:00:00,66,6,9,1,0,0,0
2024-09-08 05:00:00,69,6,9,1,0,0,0
2024-09-08 06:00:00,90,6,9,1,0,0,0
2024-09-08 07:00:00,88,6,9,1,0,0,0
2024-09-08 08:00:00,107,6,9,1,0,0,0
2024-09-08 09:00:00,117,6,9,1,0,0,0
2024-09-08 10:00:00,130,6,9,1,0,0,0
2024-09-08 11:00:00,119,6,9,1,0,0,0
2024-09-08 12:00:00,124,6,9,1,0,0,0
2024-09-08 13:00:00,106,6,9,1,0,0,0
2024-09-08 14:00:00,114,6,9,1,0,0,0
2024-09-08 15:00:00,115,6,9,1,0,0,0
2024-09-08 16:00:00,109,6,9,1,0,0,0
2024-09-08 17:00:00,99,6,9,1,0,0,0
2024-09-08 18:00:00,96,6,9,1,0,0,0
2024-09-08 19:00:00,92,6,9,1,0,0,0
2024-09-08 20:00:00,103,6,9,1,0,0,0
2024-09-08 21:00:00,85,6,9,1,0,0,0
2024-09-08 22:00:00,83,6,9,1,0,0,0
2024-09-08 23:00:00,90,6,9,1,0,0,0
2024-09-09 00:00:00,95,0,9,0,0,0,0
2024-09-09 01:00:00,101,0,9,0,0,0,0
2024-09-09 02:00:00,95,0,9,0,0,0,0
2024-09-09 03:00:00,98,0,9,0,0,0,0
2024-09-09 04:00:00,97,0,9,0,0,0,0
2024-09-09 05:00:00,105,0,9,0,0,0,0
2024-09-09 06:00:00,125,0,9,0,0,0,0
2024-09-09 07:00:00,124,0,9,0,0,0,0
2024-09-09 08:00:00,148,0,9,0,0,0,0
2024-09-09 09:00:00,163,0,9,0,0,0,0
2024-09-09 10:00:00,163,0,9,0,0,0,0
2024-09-09 11:00:00,158,0,9,0,0,0,0
2024-09-09 12:00:00,163,0,9,0,0,0,0
2024-09-09 13:00:00,150,0,9,0,0,0,0
2024-09-09 14:00:00,149,0,9,0,0,0,0
2024-09-09 15:00:00,153,0,9,0,0,0,0
2024-09-09 16:00:00,146,0,9,0,0,0,0
2024-09-09 17:00:00,136,0,9,0,0,0,0
2024-09-09 18:00:00,131,0,9,0,0,0,0
2024-09-09 19:00:00,134,0,9,0,0,0,0
2024-09-09 20:00:00,137,0,9,0,0,0,0
2024-09-09 21:00:00,118,0,9,0,0,0,0
2024-09-09 22:00:00,119,0,9,0,0,0,0
2024-09-09 23:00:00,124,0,9,0,0,0,0
2024-09-10 00:00:00,91,1,9,0,0,0,0
2024-09-10 01:00:00,97,1,9,0,0,0,0
2024-09-10 02:00:00,96,1,9,0,0,0,0
2024-09-10 03:00:00,95,1,9,0,0,0,0
2024-09-10 04:00:00,97,1,9,0,0,0,0
2024-09-10 05:00:00,94,1,9,0,0,0,0
2024-09-10 06:00:00,124,1,9,0,0,0,0
2024-09-10 07:00:00,121,1,9,0,0,0,0
2024-09-10 08:00:00,150,1,9,0,0,0,0
2024-09-10 09:00:00,165,1,9,0,0,0,0
2024-09-10 10:00:00,170,1,9,0,0,0,0
2024-09-10 11:00:00,166,1,9,0,0,0,0
2024-09-10 12:00:00,158,1,9,0,0,0,0
2024-09-10 13:00:00,154,1,9,0,0,0,0
2024-09-10 14:00:00,148,1,9,0,0,0,0
2024-09-10 15:00:00,147,1,9,0,0,0,0
2024-09-10 16:00:00,155,1,9,0,0,0,0
2024-09-10 17:00:00,139,1,9,0,0,0,0
2024-09-10 18:00:00,136,1,9,0,0,0,0
2024-09-10 19:00:00,140,1,9,0,0,0,0
2024-09-10 20:00:00,141,1,9,0,0,0,0
2024-09-10 21:00:00,122,1,9,0,0,0,0
2024-09-10 22:00:00,125,1,9,0,0,0,0
2024-09-10 23:00:00,129,1,9,0,0,0,0
2024-09-11 00:00:00,98,2,9,0,0,0,0
2024-09-11 01:00:00,92,2,9,0,0,0,0
2024-09-11 02:00:00,96,2,9,0,0,0,0
2024-09-11 03:00:00,103,2,9,0,0,0,0
2024-09-11 04:00:00,102,2,9,0,0,0,0
2024-09-11 05:00:00,101,2,9,0,0,0,0
2024-09-11 06:00:00,116,2,9,0,0,0,0
2024-09-11 07:00:00,119,2,9,0,0,0,0
2024-09-11 08:00:00,148,2,9,0,0,0,0
2024-09-11 09:00:00,163,2,9,0,0,0,0
2024-09-11 10:00:00,163,2,9,0,0,0,0
2024-09-11 11:00:00,162,2,9,0,0,0,0
2024-09-11 12:00:00,162,2,9,0,0,0,0
2024-09-11 13:00:00,145,2,9,0,0,0,0
2024-09-11 14:00:00,151,2,9,0,0,0,0
2024-09-11 15:00:00,139,2,9,0,0,0,0
2024-09-11 16:00:00,137,2,9,0,0,0,0
2024-09-11 17:00:00,132,2,9,0,0,0,0
2024-09-11 18:00:00,140,2,9,0,0,0,0
2024-09-11 19:00:00,141,2,9,0,0,0,0
2024-09-11 20:00:00,139,2,9,0,0,0,0
2024-09-11 21:00:00,119,2,9,0,0,0,0
2024-09-11 22:00:00,122,2,9,0,0,0,0
2024-09-11 23:00:00,124,2,9,0,0,0,0
2024-09-12 00:00:00,89,3,9,0,0,0,0
2024-09-12 01:00:00,92,3,9,0,0,0,0
2024-09-12 02:00:00,92,3,9,0,0,0,0
2024-09-12 03:00:00,84,3,9,0,0,0,0
2024-09-12 04:00:00,86,3,9,0,0,0,0
2024-09-12 05:00:00,84,3,9,0,0,0,0
2024-09-12 06:00:00,116,3,9,0,0,0,0
2024-09-12 07:00:00,113,3,9,0,0,0,0
2024-09-12 08:00:00,140,3,9,0,0,0,0
2024-09-12 09:00:00,154,3,9,0,0,0,0
2024-09-12 10:00:00,157,3,9,0,0,0,0
2024-09-12 11:00:00,156,3,9,0,0,0,0
2024-09-12 12:00:00,157,3,9,0,0,0,0
2024-09-12 13:00:00,141,3,9,0,0,0,0
2024-09-12 14:00:00,139,3,9,0,0,0,0
2024-09-12 15:00:00,142,3,9,0,0,0,0
2024-09-12 16:00:00,139,3,9,0,0,0,0
2024-09-12 17:00:00,130,3,9,0,0,0,0
2024-09-12 18:00:00,128,3,9,0,0,0,0
2024-09-12 19:00:00,127,3,9,0,0,0,0
2024-09-12 20:00:00,129,3,9,0,0,0,0
2024-09-12 21:00:00,114,3,9,0,0,0,0
2024-09-12 22:00:00,121,3,9,0,0,0,0
2024-09-12 23:00:00,119,3,9,0,0,0,0
2024-09-13 00:00:00,87,4,9,0,0,0,0
2024-09-13 01:00:00,84,4,9,0,0,0,0
2024-09-13 02:00:00,88,4,9,0,0,0,0
2024-09-13 03:00:00,87,4,9,0,0,0,0
2024-09-13 04:00:00,80,4,9,0,0,0,0
2024-09-13 05:00:00,85,4,9,0,0,0,0
2024-09-13 06:00:00,110,4,9,0,0,0,0
2024-09-13 07:00:00,102,4,9,0,0,0,0
2024-09-13 08:00:00,131,4,9,0,0,0,0
2024-09-13 09:00:00,144,4,9,0,0,0,0
2024-09-13 10:00:00,149,4,9,0,0,0,0
2024-09-13 11:00:00,148,4,9,0,0,0,0
2024-09-13 12:00:00,158,4,9,0,0,0,0
2024-09-13 13:00:00,132,4,9,0,0,0,0
2024-09-13 14:00:00,141,4,9,0,0,0,0
2024-09-13 15:00:00,132,4,9,0,0,0,0
2024-09-13 16:00:00,135,4,9,0,0,0,0
2024-09-13 17:00:00,120,4,9,0,0,0,0
2024-09-13 18:00:00,127,4,9,0,0,0,0
2024-09-13 19:00:00,123,4,9,0,0,0,0
2024-09-13 20:00:00,130,4,9,0,0,0,0
2024-09-13 21:00:00,109,4,9,0,0,0,0
2024-09-13 22:00:00,121,4,9,0,0,0,0
2024-09-13 23:00:00,110,4,9,0,0,0,0
2024-09-14 00:00:00,70,5,9,1,0,0,0
2024-09-14 01:00:00,62,5,9,1,0,0,0
2024-09-14 02:00:00,63,5,9,1,0,0,0
2024-09-14 03:00:00,68,5,9,1,0,0,0
2024-09-14 04:00:00,61,5,9,1,0,0,0
2024-09-14 05:00:00,63,5,9,1,0,0,0
2024-09-14 06:00:00,85,5,9,1,0,0,0
2024-09-14 07:00:00,82,5,9,1,0,0,0
2024-09-14 08:00:00,104,5,9,1,0,0,0
2024-09-14 09:00:00,115,5,9,1,0,0,0
2024-09-14 10:00:00,116,5,9,1,0,0,0
2024-09-14 11:00:00,114,5,9,1,0,0,0
2024-09-14 12:00:00,110,5,9,1,0,0,0
2024-09-14 13:00:00,101,5,9,1,0,0,0
2024-09-14 14:00:00,104,5,9,1,0,0,0
2024-09-14 15:00:00,104,5,9,1,0,0,0
2024-09-14 16:00:00,110,5,9,1,0,0,0
2024-09-14 17:00:00,98,5,9,1,0,0,0
2024-09-14 18:00:00,95,5,9,1,0,0,0
2024-09-14 19:00:00,92,5,9,1,0,0,0
2024-09-14 20:00:00,100,5,9,1,0,0,0
2024-09-14 21:00:00,90,5,9,1,0,0,0
2024-09-14 22:00:00,85,5,9,1,0,0,0
2024-09-14 23:00:00,94,5,9,1,0,0,0
2024-09-15 00:00:00,81,6,9,1,0,0,0
2024-09-15 01:00:00,72,6,9,1,0,0,0
2024-09-15 02:00:00,71,6,9,1,0,0,0
2024-09-15 03:00:00,73,6,9,1,0,0,0
2024-09-15 04:00:00,74,6,9,1,0,0,0
2024-09-15 05:00:00,73,6,9,1,0,0,0
2024-09-15 06:00:00,90,6,9,1,0,0,0
2024-09-15 07:00:00,96,6,9,1,0,0,0
2024-09-15 08:00:00,115,6,9,1,0,0,0
2024-09-15 09:00:00,123,6,9,1,0,0,0
2024-09-15 10:00:00,122,6,9,1,0,0,0
2024-09-15 11:00:00,125,6,9,1,0,0,0
2024-09-15 12:00:00,117,6,9,1,0,0,0
2024-09-15 13:00:00,109,6,9,1,0,0,0
2024-09-15 14:00:00,104,6,9,1,0,0,0
2024-09-15 15:00:00,119,6,9,1,0,0,0
2024-09-15 16:00:00,113,6,9,1,0,0,0
2024-09-15 17:00:00,96,6,9,1,0,0,0
2024-09-15 18:00:00,104,6,9,1,0,0,0
2024-09-15 19:00:00,99,6,9,1,0,0,0
2024-09-15 20:00:00,102,6,9,1,0,0,0
2024-09-15 21:00:00,95,6,9,1,0,0,0
2024-09-15 22:00:00,91,6,9,1,0,0,0
2024-09-15 23:00:00,88,6,9,1,0,0,0
2024-09-16 00:00:00,102,0,9,0,0,0,0
2024-09-16 01:00:00,96,0,9,0,0,0,0
2024-09-16 02:00:00,98,0,9,0,0,0,0
2024-09-16 03:00:00,104,0,9,0,0,0,0
2024-09-16 04:00:00,104,0,9,0,0,0,0
2024-09-16 05:00:00,100,0,9,0,0,0,0
2024-09-16 06:00:00,125,0,9,0,0,0,0
2024-09-16 07:00:00,127,0,9,0,0,0,0
2024-09-16 08:00:00,153,0,9,0,0,0,0
2024-09-16 09:00:00,167,0,9,0,0,0,0
2024-09-16 10:00:00,161,0,9,0,0,0,0
2024-09-16 11:00:00,170,0,9,0,0,0,0
2024-09-16 12:00:00,166,0,9,0,0,0,0
2024-09-16 13:00:00,149,0,9,0,0,0,0
2024-09-16 14:00:00,149,0,9,0,0,0,0
2024-09-16 15:00:00,146,0,9,0,0,0,0
2024-09-16 16:00:00,149,0,9,0,0,0,0
2024-09-16 17:00:00,137,0,9,0,0,0,0
2024-09-16 18:00:00,131,0,9,0,0,0,0
2024-09-16 19:00:00,142,0,9,0,0,0,0
2024-09-16 20:00:00,137,0,9,0,0,0,0
2024-09-16 21:00:00,122,0,9,0,0,0,0
2024-09-16 22:00:00,131,0,9,0,0,0,0
2024-09-16 23:00:00,124,0,9,0,0,0,0
2024-09-17 00:00:00,100,1,9,0,0,0,0
2024-09-17 01:00:00,101,1,9,0,0,0,0
2024-09-17 02:00:00,91,1,9,0,0,0,0
2024-09-17 03:00:00,96,1,9,0,0,0,0
2024-09-17 04:00:00,98,1,9,0,0,0,0
2024-09-17 05:00:00,102,1,9,0,0,0,0
2024-09-17 06:00:00,126,1,9,0,0,0,0
2024-09-17 07:00:00,130,1,9,0,0,0,0
2024-09-17 08:00:00,157,1,9,0,0,0,0
2024-09-17 09:00:00,168,1,9,0,0,0,0
2024-09-17 10:00:00,159,1,9,0,0,0,0
2024-09-17 11:00:00,168,1,9,0,0,0,0
2024-09-17 12:00:00,173,1,9,0,0,0,0
2024-09-17 13:00:00,148,1,9,0,0,0,0
2024-09-17 14:00:00,147,1,9,0,0,0,0
2024-09-17 15:00:00,152,1,9,0,0,0,0
2024-09-17 16:00:00,153,1,9,0,0,0,0
2024-09-17 17:00:00,129,1,9,0,0,0,0
2024-09-17 18:00:00,146,1,9,0,0,0,0
2024-09-17 19:00:00,144,1,9,0,0,0,0
2024-09-17 20:00:00,139,1,9,0,0,0,0
2024-09-17 21:00:00,133,1,9,0,0,0,0
2024-09-17 22:00:00,135,1,9,0,0,0,0
2024-09-17 23:00:00,125,1,9,0,0,0,0
2024-09-18 00:00:00,98,2,9,0,0,0,0
2024-09-18 01:00:00,95,2,9,0,0,0,0
2024-09-18 02:00:00,94,2,9,0,0,0,0
2024-09-18 03:00:00,97,2,9,0,0,0,0
2024-09-18 04:00:00,104,2,9,0,0,0,0
2024-09-18 05:00:00,90,2,9,0,0,0,0
2024-09-18 06:00:00,119,2,9,0,0,0,0
2024-09-18 07:00:00,119,2,9,0,0,0,0
2024-09-18 08:00:00,148,2,9,0,0,0,0
2024-09-18 09:00:00,163,2,9,0,0,0,0
2024-09-18 10:00:00,153,2,9,0,0,0,0
2024-09-18 11:00:00,158,2,9,0,0,0,0
2024-09-18 12:00:00,164,2,9,0,0,0,0
2024-09-18 13:00:00,150,2,9,0,0,0,0
2024-09-18 14:00:00,149,2,9,0,0,0,0
2024-09-18 15:00:00,146,2,9,0,0,0,0
2024-09-18 16:00:00,148,2,9,0,0,0,0
2024-09-18 17:00:00,139,2,9,0,0,0,0
2024-09-18 18:00:00,134,2,9,0,0,0,0
2024-09-18 19:00:00,139,2,9,0,0,0,0
2024-09-18 20:00:00,139,2,9,0,0,0,0
2024-09-18 21:00:00,117,2,9,0,0,0,0
2024-09-18 22:00:00,116,2,9,0,0,0,0
2024-09-18 23:00:00,121,2,9,0,0,0,0
2024-09-19 00:00:00,95,3,9,0,0,0,0
2024-09-19 01:00:00,86,3,9,0,0,0,0
2024-09-19 02:00:00,92,3,9,0,0,0,0
2024-09-19 03:00:00,89,3,9,0,0,0,0
2024-09-19 04:00:00,85,3,9,0,0,0,0
2024-09-19 05:00:00,86,3,9,0,0,0,0
2024-09-19 06:00:00,116,3,9,0,0,0,0
2024-09-19 07:00:00,119,3,9,0,0,0,0
2024-09-19 08:00:00,142,3,9,0,0,0,0
2024-09-19 09:00:00,155,3,9,0,0,0,0
2024-09-19 10:00:00,159,3,9,0,0,0,0
2024-09-19 11:00:00,161,3,9,0,0,0,0
2024-09-19 12:00:00,164,3,9,0,0,0,0
2024-09-19 13:00:00,144,3,9,0,0,0,0
2024-09-19 14:00:00,147,3,9,0,0,0,0
2024-09-19 15:00:00,142,3,9,0,0,0,0
2024-09-19 16:00:00,137,3,9,0,0,0,0
2024-09-19 17:00:00,132,3,9,0,0,0,0
2024-09-19 18:00:00,132,3,9,0,0,0,0
2024-09-19 19:00:00,135,3,9,0,0,0,0
2024-09-19 20:00:00,131,3,9,0,0,0,0
2024-09-19 21:00:00,119,3,9,0,0,0,0
2024-09-19 22:00:00,110,3,9,0,0,0,0
2024-09-19 23:00:00,115,3,9,0,0,0,0
2024-09-20 00:00:00,84,4,9,0,0,0,0
2024-09-20 01:00:00,79,4,9,0,0,0,0
2024-09-20 02:00:00,91,4,9,0,0,0,0
2024-09-20 03:00:00,83,4,9,0,0,0,0
2024-09-20 04:00:00,86,4,9,0,0,0,0
2024-09-20 05:00:00,83,4,9,0,0,0,0
2024-09-20 06:00:00,120,4,9,0,0,0,0
2024-09-20 07:00:00,118,4,9,0,0,0,0
2024-09-20 08:00:00,140,4,9,0,0,0,0
2024-09-20 09:00:00,154,4,9,0,0,0,0
2024-09-20 10:00:00,153,4,9,0,0,0,0
2024-09-20 11:00:00,156,4,9,0,0,0,0
2024-09-20 12:00:00,151,4,9,0,0,0,0
2024-09-20 13:00:00,140,4,9,0,0,0,0
2024-09-20 14:00:00,135,4,9,0,0,0,0
2024-09-20 15:00:00,128,4,9,0,0,0,0
2024-09-20 16:00:00,139,4,9,0,0,0,0
2024-09-20 17:00:00,126,4,9,0,0,0,0
2024-09-20 18:00:00,129,4,9,0,0,0,0
2024-09-20 19:00:00,130,4,9,0,0,0,0
2024-09-20 20:00:00,135,4,9,0,0,0,0
2024-09-20 21:00:00,115,4,9,0,0,0,0
2024-09-20 22:00:00,108,4,9,0,0,0,0
2024-09-20 23:00:00,118,4,9,0,0,0,0
2024-09-21 00:00:00,57,5,9,1,0,0,0
2024-09-21 01:00:00,65,5,9,1,0,0,0
2024-09-21 02:00:00,60,5,9,1,0,0,0
2024-09-21 03:00:00,62,5,9,1,0,0,0
2024-09-21 04:00:00,69,5,9,1,0,0,0
2024-09-21 05:00:00,64,5,9,1,0,0,0
2024-09-21 06:00:00,85,5,9,1,0,0,0
2024-09-21 07:00:00,84,5,9,1,0,0,0
2024-09-21 08:00:00,105,5,9,1,0,0,0
2024-09-21 09:00:00,116,5,9,1,0,0,0
2024-09-21 10:00:00,126,5,9,1,0,0,0
2024-09-21 11:00:00,118,5,9,1,0,0,0
2024-09-21 12:00:00,115,5,9,1,0,0,0
2024-09-21 13:00:00,106,5,9,1,0,0,0
2024-09-21 14:00:00,105,5,9,1,0,0,0
2024-09-21 15:00:00,113,5,9,1,0,0,0
2024-09-21 16:00:00,109,5,9,1,0,0,0
2024-09-21 17:00:00,101,5,9,1,0,0,0
2024-09-21 18:00:00,96,5,9,1,0,0,0
2024-09-21 19:00:00,99,5,9,1,0,0,0
2024-09-21 20:00:00,96,5,9,1,0,0,0
2024-09-21 21:00:00,80,5,9,1,0,0,0
2024-09-21 22:00:00,81,5,9,1,0,0,0
2024-09-21 23:00:00,88,5,9,1,0,0,0
2024-09-22 00:00:00,73,6,9,1,0,0,0
2024-09-22 01:00:00,75,6,9,1,0,0,0
2024-09-22 02:00:00,69,6,9,1,0,0,0
2024-09-22 03:00:00,72,6,9,1,0,0,0
2024-09-22 04:00:00,73,6,9,1,0,0,0
2024-09-22 05:00:00,73,6,9,1,0,0,0
2024-09-22 06:00:00,96,6,9,1,0,0,0
2024-09-22 07:00:00,88,6,9,1,0,0,0
2024-09-22 08:00:00,111,6,9,1,0,0,0
2024-09-22 09:00:00,122,6,9,1,0,0,0
2024-09-22 10:00:00,117,6,9,1,0,0,0
2024-09-22 11:00:00,127,6,9,1,0,0,0
2024-09-22 12:00:00,123,6,9,1,0,0,0
2024-09-22 13:00:00,110,6,9,1,0,0,0
2024-09-22 14:00:00,111,6,9,1,0,0,0
2024-09-22 15:00:00,115,6,9,1,0,0,0
2024-09-22 16:00:00,113,6,9,1,0,0,0
2024-09-22 17:00:00,103,6,9,1,0,0,0
2024-09-22 18:00:00,98,6,9,1,0,0,0
2024-09-22 19:00:00,110,6,9,1,0,0,0
2024-09-22 20:00:00,105,6,9,1,0,0,0
2024-09-22 21:00:00,91,6,9,1,0,0,0
2024-09-22 22:00:00,87,6,9,1,0,0,0
2024-09-22 23:00:00,103,6,9,1,0,0,0
2024-09-23 00:00:00,105,0,9,0,0,0,0
2024-09-23 01:00:00,108,0,9,0,0,0,0
2024-09-23 02:00:00,94,0,9,0,0,0,0
2024-09-23 03:00:00,105,0,9,0,0,0,0
2024-09-23 04:00:00,104,0,9,0,0,0,0
2024-09-23 05:00:00,91,0,9,0,0,0,0
2024-09-23 06:00:00,130,0,9,0,0,0,0
2024-09-23 07:00:00,123,0,9,0,0,0,0
2024-09-23 08:00:00,151,0,9,0,0,0,0
2024-09-23 09:00:00,165,0,9,0,0,0,0
2024-09-23 10:00:00,160,0,9,0,0,0,0
2024-09-23 11:00:00,171,0,9,0,0,0,0
2024-09-23 12:00:00,168,0,9,0,0,0,0
2024-09-23 13:00:00,150,0,9,0,0,0,0
2024-09-23 14:00:00,146,0,9,0,0,0,0
2024-09-23 15:00:00,146,0,9,0,0,0,0
2024-09-23 16:00:00,152,0,9,0,0,0,0
2024-09-23 17:00:00,143,0,9,0,0,0,0
2024-09-23 18:00:00,140,0,9,0,0,0,0
2024-09-23 19:00:00,150,0,9,0,0,0,0
2024-09-23 20:00:00,142,0,9,0,0,0,0
2024-09-23 21:00:00,125,0,9,0,0,0,0
2024-09-23 22:00:00,130,0,9,0,0,0,0
2024-09-23 23:00:00,113,0,9,0,0,0,0
2024-09-24 00:00:00,99,1,9,0,0,0,0
2024-09-24 01:00:00,105,1,9,0,0,0,0
2024-09-24 02:00:00,99,1,9,0,0,0,0
2024-09-24 03:00:00,104,1,9,0,0,0,0
2024-09-24 04:00:00,96,1,9,0,0,0,0
2024-09-24 05:00:00,101,1,9,0,0,0,0
2024-09-24 06:00:00,125,1,9,0,0,0,0
2024-09-24 07:00:00,130,1,9,0,0,0,0
2024-09-24 08:00:00,157,1,9,0,0,0,0
2024-09-24 09:00:00,170,1,9,0,0,0,0
2024-09-24 10:00:00,174,1,9,0,0,0,0
2024-09-24 11:00:00,171,1,9,0,0,0,0
2024-09-24 12:00:00,178,1,9,0,0,0,0
2024-09-24 13:00:00,147,1,9,0,0,0,0
2024-09-24 14:00:00,149,1,9,0,0,0,0
2024-09-24 15:00:00,152,1,9,0,0,0,0
2024-09-24 16:00:00,152,1,9,0,0,0,0
2024-09-24 17:00:00,144,1,9,0,0,0,0
2024-09-24 18:00:00,146,1,9,0,0,0,0
2024-09-24 19:00:00,143,1,9,0,0,0,0
2024-09-24 20:00:00,142,1,9,0,0,0,0
2024-09-24 21:00:00,123,1,9,0,0,0,0
2024-09-24 22:00:00,137,1,9,0,0,0,0
2024-09-24 23:00:00,127,1,9,0,0,0,0
2024-09-25 00:00:00,98,2,9,0,0,0,0
2024-09-25 01:00:00,96,2,9,0,0,0,0
2024-09-25 02:00:00,97,2,9,0,0,0,0
2024-09-25 03:00:00,99,2,9,0,0,0,0
2024-09-25 04:00:00,102,2,9,0,0,0,0
2024-09-25 05:00:00,92,2,9,0,0,0,0
2024-09-25 06:00:00,125,2,9,0,0,0,0
2024-09-25 07:00:00,117,2,9,0,0,0,0
2024-09-25 08:00:00,150,2,9,0,0,0,0
2024-09-25 09:00:00,165,2,9,0,0,0,0
2024-09-25 10:00:00,171,2,9,0,0,0,0
2024-09-25 11:00:00,162,2,9,0,0,0,0
2024-09-25 12:00:00,162,2,9,0,0,0,0
2024-09-25 13:00:00,152,2,9,0,0,0,0
2024-09-25 14:00:00,151,2,9,0,0,0,0
2024-09-25 15:00:00,143,2,9,0,0,0,0
2024-09-25 16:00:00,144,2,9,0,0,0,0
2024-09-25 17:00:00,128,2,9,0,0,0,0
2024-09-25 18:00:00,144,2,9,0,0,0,0
2024-09-25 19:00:00,136,2,9,0,0,0,0
2024-09-25 20:00:00,139,2,9,0,0,0,0
2024-09-25 21:00:00,120,2,9,0,0,0,0
2024-09-25 22:00:00,126,2,9,0,0,0,0
2024-09-25 23:00:00,127,2,9,0,0,0,0
2024-09-26 00:00:00,90,3,9,0,0,0,0
2024-09-26 01:00:00,87,3,9,0,0,0,0
2024-09-26 02:00:00,92,3,9,0,0,0,0
2024-09-26 03:00:00,91,3,9,0,0,0,0
2024-09-26 04:00:00,90,3,9,0,0,0,0
2024-09-26 05:00:00,91,3,9,0,0,0,0
2024-09-26 06:00:00,124,3,9,0,0,0,0
2024-09-26 07:00:00,117,3,9,0,0,0,0
2024-09-26 08:00:00,146,3,9,0,0,0,0
2024-09-26 09:00:00,161,3,9,0,0,0,0
2024-09-26 10:00:00,161,3,9,0,0,0,0
2024-09-26 11:00:00,154,3,9,0,0,0,0
2024-09-26 12:00:00,160,3,9,0,0,0,0
2024-09-26 13:00:00,141,3,9,0,0,0,0
2024-09-26 14:00:00,137,3,9,0,0,0,0
2024-09-26 15:00:00,139,3,9,0,0,0,0
2024-09-26 16:00:00,140,3,9,0,0,0,0
2024-09-26 17:00:00,126,3,9,0,0,0,0
2024-09-26 18:00:00,128,3,9,0,0,0,0
2024-09-26 19:00:00,130,3,9,0,0,0,0
2024-09-26 20:00:00,131,3,9,0,0,0,0
2024-09-26 21:00:00,116,3,9,0,0,0,0
2024-09-26 22:00:00,126,3,9,0,0,0,0
2024-09-26 23:00:00,112,3,9,0,0,0,0
2024-09-27 00:00:00,89,4,9,0,0,0,0
2024-09-27 01:00:00,88,4,9,0,0,0,0
2024-09-27 02:00:00,83,4,9,0,0,0,0
2024-09-27 03:00:00,87,4,9,0,0,0,0
2024-09-27 04:00:00,91,4,9,0,0,0,0
2024-09-27 05:00:00,91,4,9,0,0,0,0
2024-09-27 06:00:00,114,4,9,0,0,0,0
2024-09-27 07:00:00,113,4,9,0,0,0,0
2024-09-27 08:00:00,140,4,9,0,0,0,0
2024-09-27 09:00:00,154,4,9,0,0,0,0
2024-09-27 10:00:00,154,4,9,0,0,0,0
2024-09-27 11:00:00,150,4,9,0,0,0,0
2024-09-27 12:00:00,152,4,9,0,0,0,0
2024-09-27 13:00:00,131,4,9,0,0,0,0
2024-09-27 14:00:00,137,4,9,0,0,0,0
2024-09-27 15:00:00,135,4,9,0,0,0,0
2024-09-27 16:00:00,136,4,9,0,0,0,0
2024-09-27 17:00:00,122,4,9,0,0,0,0
2024-09-27 18:00:00,130,4,9,0,0,0,0
2024-09-27 19:00:00,124,4,9,0,0,0,0
2024-09-27 20:00:00,135,4,9,0,0,0,0
2024-09-27 21:00:00,112,4,9,0,0,0,0
2024-09-27 22:00:00,115,4,9,0,0,0,0
2024-09-27 23:00:00,112,4,9,0,0,0,0
2024-09-28 00:00:00,55,5,9,1,0,0,0
2024-09-28 01:00:00,67,5,9,1,0,0,0
2024-09-28 02:00:00,67,5,9,1,0,0,0
2024-09-28 03:00:00,61,5,9,1,0,0,0
2024-09-28 04:00:00,65,5,9,1,0,0,0
2024-09-28 05:00:00,65,5,9,1,0,0,0
2024-09-28 06:00:00,90,5,9,1,0,0,0
2024-09-28 07:00:00,94,5,9,1,0,0,0
2024-09-28 08:00:00,109,5,9,1,0,0,0
2024-09-28 09:00:00,120,5,9,1,0,0,0
2024-09-28 10:00:00,121,5,9,1,0,0,0
2024-09-28 11:00:00,114,5,9,1,0,0,0
2024-09-28 12:00:00,121,5,9,1,0,0,0
2024-09-28 13:00:00,104,5,9,1,0,0,0
2024-09-28 14:00:00,110,5,9,1,0,0,0
2024-09-28 15:00:00,99,5,9,1,0,0,0
2024-09-28 16:00:00,106,5,9,1,0,0,0
2024-09-28 17:00:00,100,5,9,1,0,0,0
2024-09-28 18:00:00,97,5,9,1,0,0,0
2024-09-28 19:00:00,105,5,9,1,0,0,0
2024-09-28 20:00:00,99,5,9,1,0,0,0
2024-09-28 21:00:00,87,5,9,1,0,0,0
2024-09-28 22:00:00,86,5,9,1,0,0,0
2024-09-28 23:00:00,88,5,9,1,0,0,0
2024-09-29 00:00:00,78,6,9,1,0,0,0
2024-09-29 01:00:00,80,6,9,1,0,0,0
2024-09-29 02:00:00,71,6,9,1,0,0,0
2024-09-29 03:00:00,71,6,9,1,0,0,0
2024-09-29 04:00:00,72,6,9,1,0,0,0
2024-09-29 05:00:00,78,6,9,1,0,0,0
2024-09-29 06:00:00,86,6,9,1,0,0,0
2024-09-29 07:00:00,99,6,9,1,0,0,0
2024-09-29 08:00:00,113,6,9,1,0,0,0
2024-09-29 09:00:00,116,6,9,1,0,0,0
2024-09-29 10:00:00,132,6,9,1,0,0,0
2024-09-29 11:00:00,128,6,9,1,0,0,0
2024-09-29 12:00:00,121,6,9,1,0,0,0
2024-09-29 13:00:00,114,6,9,1,0,0,0
2024-09-29 14:00:00,118,6,9,1,0,0,0
2024-09-29 15:00:00,115,6,9,1,0,0,0
2024-09-29 16:00:00,115,6,9,1,0,0,0
2024-09-29 17:00:00,97,6,9,1,0,0,0
2024-09-29 18:00:00,109,6,9,1,0,0,0
2024-09-29 19:00:00,105,6,9,1,0,0,0
2024-09-29 20:00:00,103,6,9,1,0,0,0
2024-09-29 21:00:00,95,6,9,1,0,0,0
2024-09-29 22:00:00,94,6,9,1,0,0,0
2024-09-29 23:00:00,90,6,9,1,0,0,0
2024-09-30 00:00:00,110,0,9,0,0,0,0
2024-09-30 01:00:00,98,0,9,0,0,0,0
2024-09-30 02:00:00,103,0,9,0,0,0,0
2024-09-30 03:00:00,104,0,9,0,0,0,0
2024-09-30 04:00:00,104,0,9,0,0,0,0
2024-09-30 05:00:00,103,0,9,0,0,0,0
2024-09-30 06:00:00,126,0,9,0,0,0,0
2024-09-30 07:00:00,132,0,9,0,0,0,0
2024-09-30 08:00:00,155,0,9,0,0,0,0
2024-09-30 09:00:00,165,0,9,0,0,0,0
2024-09-30 10:00:00,168,0,9,0,0,0,0
2024-09-30 11:00:00,159,0,9,0,0,0,0
2024-09-30 12:00:00,168,0,9,0,0,0,0
2024-09-30 13:00:00,155,0,9,0,0,0,0
2024-09-30 14:00:00,158,0,9,0,0,0,0
2024-09-30 15:00:00,159,0,9,0,0,0,0
2024-09-30 16:00:00,152,0,9,0,0,0,0
2024-09-30 17:00:00,136,0,9,0,0,0,0
2024-09-30 18:00:00,144,0,9,0,0,0,0
2024-09-30 19:00:00,143,0,9,0,0,0,0
2024-09-30 20:00:00,144,0,9,0,0,0,0
2024-09-30 21:00:00,133,0,9,0,0,0,0
2024-09-30 22:00:00,127,0,9,0,0,0,0
2024-09-30 23:00:00,122,0,9,0,0,0,0
2024-10-01 00:00:00,102,1,10,0,0,0,0
2024-10-01 01:00:00,98,1,10,0,0,0,0
2024-10-01 02:00:00,96,1,10,0,0,0,0
2024-10-01 03:00:00,100,1,10,0,0,0,0
2024-10-01 04:00:00,94,1,10,0,0,0,0
2024-10-01 05:00:00,97,1,10,0,0,0,0
2024-10-01 06:00:00,129,1,10,0,0,0,0
2024-10-01 07:00:00,132,1,10,0,0,0,0
2024-10-01 08:00:00,157,1,10,0,0,0,0
2024-10-01 09:00:00,171,1,10,0,0,0,0
2024-10-01 10:00:00,157,1,10,0,0,0,0
2024-10-01 11:00:00,173,1,10,0,0,0,0
2024-10-01 12:00:00,174,1,10,0,0,0,0
2024-10-01 13:00:00,146,1,10,0,0,0,0
2024-10-01 14:00:00,147,1,10,0,0,0,0
2024-10-01 15:00:00,153,1,10,0,0,0,0
2024-10-01 16:00:00,148,1,10,0,0,0,0
2024-10-01 17:00:00,135,1,10,0,0,0,0
2024-10-01 18:00:00,144,1,10,0,0,0,0
2024-10-01 19:00:00,143,1,10,0,0,0,0
2024-10-01 20:00:00,145,1,10,0,0,0,0
2024-10-01 21:00:00,130,1,10,0,0,0,0
2024-10-01 22:00:00,123,1,10,0,0,0,0
2024-10-01 23:00:00,121,1,10,0,0,0,0
2024-10-02 00:00:00,92,2,10,0,0,0,0
2024-10-02 01:00:00,99,2,10,0,0,0,0
2024-10-02 02:00:00,100,2,10,0,0,0,0
2024-10-02 03:00:00,99,2,10,0,0,0,0
2024-10-02 04:00:00,97,2,10,0,0,0,0
2024-10-02 05:00:00,101,2,10,0,0,0,0
2024-10-02 06:00:00,127,2,10,0,0,0,0
2024-10-02 07:00:00,129,2,10,0,0,0,0
2024-10-02 08:00:00,155,2,10,0,0,0,0
2024-10-02 09:00:00,167,2,10,0,0,0,0
2024-10-02 10:00:00,158,2,10,0,0,0,0
2024-10-02 11:00:00,170,2,10,0,0,0,0
2024-10-02 12:00:00,166,2,10,0,0,0,0
2024-10-02 13:00:00,153,2,10,0,0,0,0
2024-10-02 14:00:00,151,2,10,0,0,0,0
2024-10-02 15:00:00,155,2,10,0,0,0,0
2024-10-02 16:00:00,155,2,10,0,0,0,0
2024-10-02 17:00:00,141,2,10,0,0,0,0
2024-10-02 18:00:00,139,2,10,0,0,0,0
2024-10-02 19:00:00,141,2,10,0,0,0,0
2024-10-02 20:00:00,143,2,10,0,0,0,0
2024-10-02 21:00:00,125,2,10,0,0,0,0
2024-10-02 22:00:00,127,2,10,0,0,0,0
2024-10-02 23:00:00,129,2,10,0,0,0,0
2024-10-03 00:00:00,93,3,10,0,0,0,0
2024-10-03 01:00:00,84,3,10,0,0,0,0
2024-10-03 02:00:00,91,3,10,0,0,0,0
2024-10-03 03:00:00,90,3,10,0,0,0,0
2024-10-03 04:00:00,90,3,10,0,0,0,0
2024-10-03 05:00:00,88,3,10,0,0,0,0
2024-10-03 06:00:00,119,3,10,0,0,0,0
2024-10-03 07:00:00,119,3,10,0,0,0,0
2024-10-03 08:00:00,144,3,10,0,0,0,0
2024-10-03 09:00:00,158,3,10,0,0,0,0
2024-10-03 10:00:00,152,3,10,0,0,0,0
2024-10-03 11:00:00,164,3,10,0,0,0,0
2024-10-03 12:00:00,162,3,10,0,0,0,0
2024-10-03 13:00:00,138,3,10,0,0,0,0
2024-10-03 14:00:00,145,3,10,0,0,0,0
2024-10-03 15:00:00,144,3,10,0,0,0,0
2024-10-03 16:00:00,140,3,10,0,0,0,0
2024-10-03 17:00:00,129,3,10,0,0,0,0
2024-10-03 18:00:00,129,3,10,0,0,0,0
2024-10-03 19:00:00,136,3,10,0,0,0,0
2024-10-03 20:00:00,141,3,10,0,0,0,0
2024-10-03 21:00:00,120,3,10,0,0,0,0
2024-10-03 22:00:00,123,3,10,0,0,0,0
2024-10-03 23:00:00,115,3,10,0,0,0,0
2024-10-04 00:00:00,90,4,10,0,0,0,0
2024-10-04 01:00:00,87,4,10,0,0,0,0
2024-10-04 02:00:00,85,4,10,0,0,0,0
2024-10-04 03:00:00,90,4,10,0,0,0,0
2024-10-04 04:00:00,89,4,10,0,0,0,0
2024-10-04 05:00:00,83,4,10,0,0,0,0
2024-10-04 06:00:00,117,4,10,0,0,0,0
2024-10-04 07:00:00,116,4,10,0,0,0,0
2024-10-04 08:00:00,140,4,10,0,0,0,0
2024-10-04 09:00:00,154,4,10,0,0,0,0
2024-10-04 10:00:00,163,4,10,0,0,0,0
2024-10-04 11:00:00,155,4,10,0,0,0,0
2024-10-04 12:00:00,157,4,10,0,0,0,0
2024-10-04 13:00:00,138,4,10,0,0,0,0
2024-10-04 14:00:00,139,4,10,0,0,0,0
2024-10-04 15:00:00,144,4,10,0,0,0,0
2024-10-04 16:00:00,137,4,10,0,0,0,0
2024-10-04 17:00:00,130,4,10,0,0,0,0
2024-10-04 18:00:00,130,4,10,0,0,0,0
2024-10-04 19:00:00,129,4,10,0,0,0,0
2024-10-04 20:00:00,129,4,10,0,0,0,0
2024-10-04 21:00:00,116,4,10,0,0,0,0
2024-10-04 22:00:00,117,4,10,0,0,0,0
2024-10-04 23:00:00,124,4,10,0,0,0,0
2024-10-05 00:00:00,67,5,10,1,0,0,0
2024-10-05 01:00:00,71,5,10,1,0,0,0
2024-10-05 02:00:00,66,5,10,1,0,0,0
2024-10-05 03:00:00,60,5,10,1,0,0,0
2024-10-05 04:00:00,58,5,10,1,0,0,0
2024-10-05 05:00:00,66,5,10,1,0,0,0
2024-10-05 06:00:00,85,5,10,1,0,0,0
2024-10-05 07:00:00,92,5,10,1,0,0,0
2024-10-05 08:00:00,109,5,10,1,0,0,0
2024-10-05 09:00:00,120,5,10,1,0,0,0
2024-10-05 10:00:00,126,5,10,1,0,0,0
2024-10-05 11:00:00,128,5,10,1,0,0,0
2024-10-05 12:00:00,110,5,10,1,0,0,0
2024-10-05 13:00:00,105,5,10,1,0,0,0
2024-10-05 14:00:00,113,5,10,1,0,0,0
2024-10-05 15:00:00,113,5,10,1,0,0,0
2024-10-05 16:00:00,104,5,10,1,0,0,0
2024-10-05 17:00:00,99,5,10,1,0,0,0
2024-10-05 18:00:00,97,5,10,1,0,0,0
2024-10-05 19:00:00,94,5,10,1,0,0,0
2024-10-05 20:00:00,103,5,10,1,0,0,0
2024-10-05 21:00:00,89,5,10,1,0,0,0
2024-10-05 22:00:00,89,5,10,1,0,0,0
2024-10-05 23:00:00,98,5,10,1,0,0,0
2024-10-06 00:00:00,77,6,10,1,1,1,0
2024-10-06 01:00:00,79,6,10,1,1,1,0
2024-10-06 02:00:00,76,6,10,1,1,1,0
2024-10-06 03:00:00,71,6,10,1,1,1,0
2024-10-06 04:00:00,77,6,10,1,1,1,0
2024-10-06 05:00:00,78,6,10,1,1,1,0
2024-10-06 06:00:00,93,6,10,1,1,1,0
2024-10-06 07:00:00,100,6,10,1,1,1,0
2024-10-06 08:00:00,119,6,10,1,1,1,0
2024-10-06 09:00:00,125,6,10,1,1,1,0
2024-10-06 10:00:00,123,6,10,1,1,1,0
2024-10-06 11:00:00,131,6,10,1,1,1,0
2024-10-06 12:00:00,129,6,10,1,1,1,0
2024-10-06 13:00:00,110,6,10,1,1,1,0
2024-10-06 14:00:00,110,6,10,1,1,1,0
2024-10-06 15:00:00,118,6,10,1,1,1,0
2024-10-06 16:00:00,118,6,10,1,1,1,0
2024-10-06 17:00:00,108,6,10,1,1,1,0
2024-10-06 18:00:00,100,6,10,1,1,1,0
2024-10-06 19:00:00,108,6,10,1,1,1,0
2024-10-06 20:00:00,109,6,10,1,1,1,0
2024-10-06 21:00:00,88,6,10,1,1,1,0
2024-10-06 22:00:00,90,6,10,1,1,1,0
2024-10-06 23:00:00,89,6,10,1,1,1,0
2024-10-07 00:00:00,99,0,10,0,0,0,0
2024-10-07 01:00:00,99,0,10,0,0,0,0
2024-10-07 02:00:00,98,0,10,0,0,0,0
2024-10-07 03:00:00,98,0,10,0,0,0,0
2024-10-07 04:00:00,96,0,10,0,0,0,0
2024-10-07 05:00:00,101,0,10,0,0,0,0
2024-10-07 06:00:00,125,0,10,0,0,0,0
2024-10-07 07:00:00,125,0,10,0,0,0,0
2024-10-07 08:00:00,150,0,10,0,0,0,0
2024-10-07 09:00:00,165,0,10,0,0,0,0
2024-10-07 10:00:00,174,0,10,0,0,0,0
2024-10-07 11:00:00,175,0,10,0,0,0,0
2024-10-07 12:00:00,166,0,10,0,0,0,0
2024-10-07 13:00:00,146,0,10,0,0,0,0
2024-10-07 14:00:00,153,0,10,0,0,0,0
2024-10-07 15:00:00,152,0,10,0,0,0,0
2024-10-07 16:00:00,153,0,10,0,0,0,0
2024-10-07 17:00:00,149,0,10,0,0,0,0
2024-10-07 18:00:00,145,0,10,0,0,0,0
2024-10-07 19:00:00,138,0,10,0,0,0,0
2024-10-07 20:00:00,139,0,10,0,0,0,0
2024-10-07 21:00:00,126,0,10,0,0,0,0
2024-10-07 22:00:00,127,0,10,0,0,0,0
2024-10-07 23:00:00,122,0,10,0,0,0,0
2024-10-08 00:00:00,97,1,10,0,0,0,0
2024-10-08 01:00:00,96,1,10,0,0,0,0
2024-10-08 02:00:00,104,1,10,0,0,0,0
2024-10-08 03:00:00,103,1,10,0,0,0,0
2024-10-08 04:00:00,108,1,10,0,0,0,0
2024-10-08 05:00:00,104,1,10,0,0,0,0
2024-10-08 06:00:00,128,1,10,0,0,0,0
2024-10-08 07:00:00,123,1,10,0,0,0,0
2024-10-08 08:00:00,157,1,10,0,0,0,0
2024-10-08 09:00:00,171,1,10,0,0,0,0
2024-10-08 10:00:00,166,1,10,0,0,0,0
2024-10-08 11:00:00,173,1,10,0,0,0,0
2024-10-08 12:00:00,172,1,10,0,0,0,0
2024-10-08 13:00:00,160,1,10,0,0,0,0
2024-10-08 14:00:00,154,1,10,0,0,0,0
2024-10-08 15:00:00,154,1,10,0,0,0,0
2024-10-08 16:00:00,158,1,10,0,0,0,0
2024-10-08 17:00:00,148,1,10,0,0,0,0
2024-10-08 18:00:00,143,1,10,0,0,0,0
2024-10-08 19:00:00,145,1,10,0,0,0,0
2024-10-08 20:00:00,144,1,10,0,0,0,0
2024-10-08 21:00:00,128,1,10,0,0,0,0
2024-10-08 22:00:00,130,1,10,0,0,0,0
2024-10-08 23:00:00,128,1,10,0,0,0,0
2024-10-09 00:00:00,97,2,10,0,0,0,0
2024-10-09 01:00:00,101,2,10,0,0,0,0
2024-10-09 02:00:00,95,2,10,0,0,0,0
2024-10-09 03:00:00,94,2,10,0,0,0,0
2024-10-09 04:00:00,96,2,10,0,0,0,0
2024-10-09 05:00:00,94,2,10,0,0,0,0
2024-10-09 06:00:00,127,2,10,0,0,0,0
2024-10-09 07:00:00,121,2,10,0,0,0,0
2024-10-09 08:00:00,151,2,10,0,0,0,0
2024-10-09 09:00:00,166,2,10,0,0,0,0
2024-10-09 10:00:00,167,2,10,0,0,0,0
2024-10-09 11:00:00,168,2,10,0,0,0,0
2024-10-09 12:00:00,161,2,10,0,0,0,0
2024-10-09 13:00:00,153,2,10,0,0,0,0
2024-10-09 14:00:00,149,2,10,0,0,0,0
2024-10-09 15:00:00,144,2,10,0,0,0,0
2024-10-09 16:00:00,155,2,10,0,0,0,0
2024-10-09 17:00:00,143,2,10,0,0,0,0
2024-10-09 18:00:00,136,2,10,0,0,0,0
2024-10-09 19:00:00,145,2,10,0,0,0,0
2024-10-09 20:00:00,142,2,10,0,0,0,0
2024-10-09 21:00:00,121,2,10,0,0,0,0
2024-10-09 22:00:00,124,2,10,0,0,0,0
2024-10-09 23:00:00,125,2,10,0,0,0,0
2024-10-10 00:00:00,98,3,10,0,0,0,0
2024-10-10 01:00:00,92,3,10,0,0,0,0
2024-10-10 02:00:00,82,3,10,0,0,0,0
2024-10-10 03:00:00,93,3,10,0,0,0,0
2024-10-10 04:00:00,95,3,10,0,0,0,0
2024-10-10 05:00:00,94,3,10,0,0,0,0
2024-10-10 06:00:00,125,3,10,0,0,0,0
2024-10-10 07:00:00,118,3,10,0,0,0,0
2024-10-10 08:00:00,147,3,10,0,0,0,0
2024-10-10 09:00:00,157,3,10,0,0,0,0
2024-10-10 10:00:00,162,3,10,0,0,0,0
2024-10-10 11:00:00,166,3,10,0,0,0,0
2024-10-10 12:00:00,163,3,10,0,0,0,0
2024-10-10 13:00:00,146,3,10,0,0,0,0
2024-10-10 14:00:00,149,3,10,0,0,0,0
2024-10-10 15:00:00,151,3,10,0,0,0,0
2024-10-10 16:00:00,143,3,10,0,0,0,0
2024-10-10 17:00:00,135,3,10,0,0,0,0
2024-10-10 18:00:00,133,3,10,0,0,0,0
2024-10-10 19:00:00,135,3,10,0,0,0,0
2024-10-10 20:00:00,131,3,10,0,0,0,0
2024-10-10 21:00:00,120,3,10,0,0,0,0
2024-10-10 22:00:00,117,3,10,0,0,0,0
2024-10-10 23:00:00,118,3,10,0,0,0,0
2024-10-11 00:00:00,88,4,10,0,0,0,0
2024-10-11 01:00:00,87,4,10,0,0,0,0
2024-10-11 02:00:00,96,4,10,0,0,0,0
2024-10-11 03:00:00,88,4,10,0,0,0,0
2024-10-11 04:00:00,96,4,10,0,0,0,0
2024-10-11 05:00:00,85,4,10,0,0,0,0
2024-10-11 06:00:00,122,4,10,0,0,0,0
2024-10-11 07:00:00,114,4,10,0,0,0,0
2024-10-11 08:00:00,143,4,10,0,0,0,0
2024-10-11 09:00:00,157,4,10,0,0,0,0
2024-10-11 10:00:00,159,4,10,0,0,0,0
2024-10-11 11:00:00,162,4,10,0,0,0,0
2024-10-11 12:00:00,162,4,10,0,0,0,0
2024-10-11 13:00:00,145,4,10,0,0,0,0
2024-10-11 14:00:00,139,4,10,0,0,0,0
2024-10-11 15:00:00,140,4,10,0,0,0,0
2024-10-11 16:00:00,140,4,10,0,0,0,0
2024-10-11 17:00:00,123,4,10,0,0,0,0
2024-10-11 18:00:00,129,4,10,0,0,0,0
2024-10-11 19:00:00,131,4,10,0,0,0,0
2024-10-11 20:00:00,133,4,10,0,0,0,0
2024-10-11 21:00:00,119,4,10,0,0,0,0
2024-10-11 22:00:00,116,4,10,0,0,0,0
2024-10-11 23:00:00,117,4,10,0,0,0,0
2024-10-12 00:00:00,75,5,10,1,0,0,0
2024-10-12 01:00:00,61,5,10,1,0,0,0
2024-10-12 02:00:00,70,5,10,1,0,0,0
2024-10-12 03:00:00,68,5,10,1,0,0,0
2024-10-12 04:00:00,70,5,10,1,0,0,0
2024-10-12 05:00:00,66,5,10,1,0,0,0
2024-10-12 06:00:00,89,5,10,1,0,0,0
2024-10-12 07:00:00,93,5,10,1,0,0,0
2024-10-12 08:00:00,112,5,10,1,0,0,0
2024-10-12 09:00:00,123,5,10,1,0,0,0
2024-10-12 10:00:00,119,5,10,1,0,0,0
2024-10-12 11:00:00,125,5,10,1,0,0,0
2024-10-12 12:00:00,123,5,10,1,0,0,0
2024-10-12 13:00:00,100,5,10,1,0,0,0
2024-10-12 14:00:00,112,5,10,1,0,0,0
2024-10-12 15:00:00,116,5,10,1,0,0,0
2024-10-12 16:00:00,108,5,10,1,0,0,0
2024-10-12 17:00:00,98,5,10,1,0,0,0
2024-10-12 18:00:00,98,5,10,1,0,0,0
2024-10-12 19:00:00,100,5,10,1,0,0,0
2024-10-12 20:00:00,102,5,10,1,0,0,0
2024-10-12 21:00:00,88,5,10,1,0,0,0
2024-10-12 22:00:00,92,5,10,1,0,0,0
2024-10-12 23:00:00,95,5,10,1,0,0,0
2024-10-13 00:00:00,76,6,10,1,0,0,0
2024-10-13 01:00:00,74,6,10,1,0,0,0
2024-10-13 02:00:00,79,6,10,1,0,0,0
2024-10-13 03:00:00,76,6,10,1,0,0,0
2024-10-13 04:00:00,71,6,10,1,0,0,0
2024-10-13 05:00:00,77,6,10,1,0,0,0
2024-10-13 06:00:00,98,6,10,1,0,0,0
2024-10-13 07:00:00,103,6,10,1,0,0,0
2024-10-13 08:00:00,120,6,10,1,0,0,0
2024-10-13 09:00:00,132,6,10,1,0,0,0
2024-10-13 10:00:00,126,6,10,1,0,0,0
2024-10-13 11:00:00,132,6,10,1,0,0,0
2024-10-13 12:00:00,126,6,10,1,0,0,0
2024-10-13 13:00:00,117,6,10,1,0,0,0
2024-10-13 14:00:00,110,6,10,1,0,0,0
2024-10-13 15:00:00,124,6,10,1,0,0,0
2024-10-13 16:00:00,117,6,10,1,0,0,0
2024-10-13 17:00:00,102,6,10,1,0,0,0
2024-10-13 18:00:00,109,6,10,1,0,0,0
2024-10-13 19:00:00,111,6,10,1,0,0,0
2024-10-13 20:00:00,103,6,10,1,0,0,0
2024-10-13 21:00:00,98,6,10,1,0,0,0
2024-10-13 22:00:00,99,6,10,1,0,0,0
2024-10-13 23:00:00,103,6,10,1,0,0,0
2024-10-14 00:00:00,110,0,10,0,0,0,0
2024-10-14 01:00:00,104,0,10,0,0,0,0
2024-10-14 02:00:00,102,0,10,0,0,0,0
2024-10-14 03:00:00,103,0,10,0,0,0,0
2024-10-14 04:00:00,103,0,10,0,0,0,0
2024-10-14 05:00:00,101,0,10,0,0,0,0
2024-10-14 06:00:00,129,0,10,0,0,0,0
2024-10-14 07:00:00,133,0,10,0,0,0,0
2024-10-14 08:00:00,157,0,10,0,0,0,0
2024-10-14 09:00:00,164,0,10,0,0,0,0
2024-10-14 10:00:00,166,0,10,0,0,0,0
2024-10-14 11:00:00,170,0,10,0,0,0,0
2024-10-14 12:00:00,167,0,10,0,0,0,0
2024-10-14 13:00:00,159,0,10,0,0,0,0
2024-10-14 14:00:00,153,0,10,0,0,0,0
2024-10-14 15:00:00,166,0,10,0,0,0,0
2024-10-14 16:00:00,160,0,10,0,0,0,0
2024-10-14 17:00:00,140,0,10,0,0,0,0
2024-10-14 18:00:00,146,0,10,0,0,0,0
2024-10-14 19:00:00,145,0,10,0,0,0,0
2024-10-14 20:00:00,142,0,10,0,0,0,0
2024-10-14 21:00:00,129,0,10,0,0,0,0
2024-10-14 22:00:00,128,0,10,0,0,0,0
2024-10-14 23:00:00,133,0,10,0,0,0,0
2024-10-15 00:00:00,99,1,10,0,0,0,0
2024-10-15 01:00:00,108,1,10,0,0,0,0
2024-10-15 02:00:00,101,1,10,0,0,0,0
2024-10-15 03:00:00,102,1,10,0,0,0,0
2024-10-15 04:00:00,102,1,10,0,0,0,0
2024-10-15 05:00:00,100,1,10,0,0,0,0
2024-10-15 06:00:00,131,1,10,0,0,0,0
2024-10-15 07:00:00,133,1,10,0,0,0,0
2024-10-15 08:00:00,161,1,10,0,0,0,0
2024-10-15 09:00:00,171,1,10,0,0,0,0
2024-10-15 10:00:00,174,1,10,0,0,0,0
2024-10-15 11:00:00,175,1,10,0,0,0,0
2024-10-15 12:00:00,171,1,10,0,0,0,0
2024-10-15 13:00:00,157,1,10,0,0,0,0
2024-10-15 14:00:00,155,1,10,0,0,0,0
2024-10-15 15:00:00,159,1,10,0,0,0,0
2024-10-15 16:00:00,157,1,10,0,0,0,0
2024-10-15 17:00:00,142,1,10,0,0,0,0
2024-10-15 18:00:00,150,1,10,0,0,0,0
2024-10-15 19:00:00,145,1,10,0,0,0,0
2024-10-15 20:00:00,141,1,10,0,0,0,0
2024-10-15 21:00:00,126,1,10,0,0,0,0
2024-10-15 22:00:00,129,1,10,0,0,0,0
2024-10-15 23:00:00,134,1,10,0,0,0,0
2024-10-16 00:00:00,109,2,10,0,0,0,0
2024-10-16 01:00:00,110,2,10,0,0,0,0
2024-10-16 02:00:00,93,2,10,0,0,0,0
2024-10-16 03:00:00,98,2,10,0,0,0,0
2024-10-16 04:00:00,100,2,10,0,0,0,0
2024-10-16 05:00:00,98,2,10,0,0,0,0
2024-10-16 06:00:00,128,2,10,0,0,0,0
2024-10-16 07:00:00,129,2,10,0,0,0,0
2024-10-16 08:00:00,157,2,10,0,0,0,0
2024-10-16 09:00:00,171,2,10,0,0,0,0
2024-10-16 10:00:00,166,2,10,0,0,0,0
2024-10-16 11:00:00,168,2,10,0,0,0,0
2024-10-16 12:00:00,166,2,10,0,0,0,0
2024-10-16 13:00:00,146,2,10,0,0,0,0
2024-10-16 14:00:00,153,2,10,0,0,0,0
2024-10-16 15:00:00,147,2,10,0,0,0,0
2024-10-16 16:00:00,155,2,10,0,0,0,0
2024-10-16 17:00:00,140,2,10,0,0,0,0
2024-10-16 18:00:00,139,2,10,0,0,0,0
2024-10-16 19:00:00,144,2,10,0,0,0,0
2024-10-16 20:00:00,140,2,10,0,0,0,0
2024-10-16 21:00:00,130,2,10,0,0,0,0
2024-10-16 22:00:00,128,2,10,0,0,0,0
2024-10-16 23:00:00,128,2,10,0,0,0,0
2024-10-17 00:00:00,97,3,10,0,0,0,0
2024-10-17 01:00:00,92,3,10,0,0,0,0
2024-10-17 02:00:00,97,3,10,0,0,0,0
2024-10-17 03:00:00,97,3,10,0,0,0,0
2024-10-17 04:00:00,95,3,10,0,0,0,0
2024-10-17 05:00:00,92,3,10,0,0,0,0
2024-10-17 06:00:00,116,3,10,0,0,0,0
2024-10-17 07:00:00,123,3,10,0,0,0,0
2024-10-17 08:00:00,148,3,10,0,0,0,0
2024-10-17 09:00:00,155,3,10,0,0,0,0
2024-10-17 10:00:00,160,3,10,0,0,0,0
2024-10-17 11:00:00,164,3,10,0,0,0,0
2024-10-17 12:00:00,162,3,10,0,0,0,0
2024-10-17 13:00:00,152,3,10,0,0,0,0
2024-10-17 14:00:00,144,3,10,0,0,0,0
2024-10-17 15:00:00,147,3,10,0,0,0,0
2024-10-17 16:00:00,140,3,10,0,0,0,0
2024-10-17 17:00:00,132,3,10,0,0,0,0
2024-10-17 18:00:00,130,3,10,0,0,0,0
2024-10-17 19:00:00,133,3,10,0,0,0,0
2024-10-17 20:00:00,131,3,10,0,0,0,0
2024-10-17 21:00:00,123,3,10,0,0,0,0
2024-10-17 22:00:00,122,3,10,0,0,0,0
2024-10-17 23:00:00,116,3,10,0,0,0,0
2024-10-18 00:00:00,89,4,10,0,0,0,0
2024-10-18 01:00:00,94,4,10,0,0,0,0
2024-10-18 02:00:00,87,4,10,0,0,0,0
2024-10-18 03:00:00,94,4,10,0,0,0,0
2024-10-18 04:00:00,93,4,10,0,0,0,0
2024-10-18 05:00:00,88,4,10,0,0,0,0
2024-10-18 06:00:00,112,4,10,0,0,0,0
2024-10-18 07:00:00,121,4,10,0,0,0,0
2024-10-18 08:00:00,143,4,10,0,0,0,0
2024-10-18 09:00:00,157,4,10,0,0,0,0
2024-10-18 10:00:00,156,4,10,0,0,0,0
2024-10-18 11:00:00,158,4,10,0,0,0,0
2024-10-18 12:00:00,156,4,10,0,0,0,0
2024-10-18 13:00:00,142,4,10,0,0,0,0
2024-10-18 14:00:00,146,4,10,0,0,0,0
2024-10-18 15:00:00,140,4,10,0,0,0,0
2024-10-18 16:00:00,146,4,10,0,0,0,0
2024-10-18 17:00:00,132,4,10,0,0,0,0
2024-10-18 18:00:00,127,4,10,0,0,0,0
2024-10-18 19:00:00,130,4,10,0,0,0,0
2024-10-18 20:00:00,140,4,10,0,0,0,0
2024-10-18 21:00:00,120,4,10,0,0,0,0
2024-10-18 22:00:00,116,4,10,0,0,0,0
2024-10-18 23:00:00,121,4,10,0,0,0,0
2024-10-19 00:00:00,70,5,10,1,0,0,0
2024-10-19 01:00:00,72,5,10,1,0,0,0
2024-10-19 02:00:00,74,5,10,1,0,0,0
2024-10-19 03:00:00,72,5,10,1,0,0,0
2024-10-19 04:00:00,61,5,10,1,0,0,0
2024-10-19 05:00:00,76,5,10,1,0,0,0
2024-10-19 06:00:00,88,5,10,1,0,0,0
2024-10-19 07:00:00,90,5,10,1,0,0,0
2024-10-19 08:00:00,113,5,10,1,0,0,0
2024-10-19 09:00:00,118,5,10,1,0,0,0
2024-10-19 10:00:00,127,5,10,1,0,0,0
2024-10-19 11:00:00,122,5,10,1,0,0,0
2024-10-19 12:00:00,119,5,10,1,0,0,0
2024-10-19 13:00:00,105,5,10,1,0,0,0
2024-10-19 14:00:00,112,5,10,1,0,0,0
2024-10-19 15:00:00,110,5,10,1,0,0,0
2024-10-19 16:00:00,115,5,10,1,0,0,0
2024-10-19 17:00:00,98,5,10,1,0,0,0
2024-10-19 18:00:00,105,5,10,1,0,0,0
2024-10-19 19:00:00,101,5,10,1,0,0,0
2024-10-19 20:00:00,106,5,10,1,0,0,0
2024-10-19 21:00:00,98,5,10,1,0,0,0
2024-10-19 22:00:00,88,5,10,1,0,0,0
2024-10-19 23:00:00,96,5,10,1,0,0,0
2024-10-20 00:00:00,78,6,10,1,0,0,0
2024-10-20 01:00:00,82,6,10,1,0,0,0
2024-10-20 02:00:00,75,6,10,1,0,0,0
2024-10-20 03:00:00,77,6,10,1,0,0,0
2024-10-20 04:00:00,78,6,10,1,0,0,0
2024-10-20 05:00:00,65,6,10,1,0,0,0
2024-10-20 06:00:00,103,6,10,1,0,0,0
2024-10-20 07:00:00,97,6,10,1,0,0,0
2024-10-20 08:00:00,117,6,10,1,0,0,0
2024-10-20 09:00:00,130,6,10,1,0,0,0
2024-10-20 10:00:00,134,6,10,1,0,0,0
2024-10-20 11:00:00,134,6,10,1,0,0,0
2024-10-20 12:00:00,131,6,10,1,0,0,0
2024-10-20 13:00:00,121,6,10,1,0,0,0
2024-10-20 14:00:00,119,6,10,1,0,0,0
2024-10-20 15:00:00,115,6,10,1,0,0,0
2024-10-20 16:00:00,115,6,10,1,0,0,0
2024-10-20 17:00:00,110,6,10,1,0,0,0
2024-10-20 18:00:00,104,6,10,1,0,0,0
2024-10-20 19:00:00,113,6,10,1,0,0,0
2024-10-20 20:00:00,103,6,10,1,0,0,0
2024-10-20 21:00:00,103,6,10,1,0,0,0
2024-10-20 22:00:00,103,6,10,1,0,0,0
2024-10-20 23:00:00,95,6,10,1,0,0,0
2024-10-21 00:00:00,104,0,10,0,0,0,0
2024-10-21 01:00:00,102,0,10,0,0,0,0
2024-10-21 02:00:00,106,0,10,0,0,0,0
2024-10-21 03:00:00,104,0,10,0,0,0,0
2024-10-21 04:00:00,103,0,10,0,0,0,0
2024-10-21 05:00:00,105,0,10,0,0,0,0
2024-10-21 06:00:00,134,0,10,0,0,0,0
2024-10-21 07:00:00,123,0,10,0,0,0,0
2024-10-21 08:00:00,155,0,10,0,0,0,0
2024-10-21 09:00:00,168,0,10,0,0,0,0
2024-10-21 10:00:00,177,0,10,0,0,0,0
2024-10-21 11:00:00,172,0,10,0,0,0,0
2024-10-21 12:00:00,173,0,10,0,0,0,0
2024-10-21 13:00:00,155,0,10,0,0,0,0
2024-10-21 14:00:00,151,0,10,0,0,0,0
2024-10-21 15:00:00,156,0,10,0,0,0,0
2024-10-21 16:00:00,153,0,10,0,0,0,0
2024-10-21 17:00:00,150,0,10,0,0,0,0
2024-10-21 18:00:00,144,0,10,0,0,0,0
2024-10-21 19:00:00,141,0,10,0,0,0,0
2024-10-21 20:00:00,153,0,10,0,0,0,0
2024-10-21 21:00:00,129,0,10,0,0,0,0
2024-10-21 22:00:00,136,0,10,0,0,0,0
2024-10-21 23:00:00,132,0,10,0,0,0,0
2024-10-22 00:00:00,97,1,10,0,0,0,0
2024-10-22 01:00:00,109,1,10,0,0,0,0
2024-10-22 02:00:00,108,1,10,0,0,0,0
2024-10-22 03:00:00,106,1,10,0,0,0,0
2024-10-22 04:00:00,100,1,10,0,0,0,0
2024-10-22 05:00:00,111,1,10,0,0,0,0
2024-10-22 06:00:00,136,1,10,0,0,0,0
2024-10-22 07:00:00,134,1,10,0,0,0,0
2024-10-22 08:00:00,165,1,10,0,0,0,0
2024-10-22 09:00:00,173,1,10,0,0,0,0
2024-10-22 10:00:00,172,1,10,0,0,0,0
2024-10-22 11:00:00,175,1,10,0,0,0,0
2024-10-22 12:00:00,167,1,10,0,0,0,0
2024-10-22 13:00:00,162,1,10,0,0,0,0
2024-10-22 14:00:00,157,1,10,0,0,0,0
2024-10-22 15:00:00,158,1,10,0,0,0,0
2024-10-22 16:00:00,160,1,10,0,0,0,0
2024-10-22 17:00:00,144,1,10,0,0,0,0
2024-10-22 18:00:00,149,1,10,0,0,0,0
2024-10-22 19:00:00,143,1,10,0,0,0,0
2024-10-22 20:00:00,135,1,10,0,0,0,0
2024-10-22 21:00:00,134,1,10,0,0,0,0
2024-10-22 22:00:00,132,1,10,0,0,0,0
2024-10-22 23:00:00,131,1,10,0,0,0,0
2024-10-23 00:00:00,107,2,10,0,0,0,0
2024-10-23 01:00:00,97,2,10,0,0,0,0
2024-10-23 02:00:00,104,2,10,0,0,0,0
2024-10-23 03:00:00,101,2,10,0,0,0,0
2024-10-23 04:00:00,105,2,10,0,0,0,0
2024-10-23 05:00:00,98,2,10,0,0,0,0
2024-10-23 06:00:00,132,2,10,0,0,0,0
2024-10-23 07:00:00,130,2,10,0,0,0,0
2024-10-23 08:00:00,159,2,10,0,0,0,0
2024-10-23 09:00:00,175,2,10,0,0,0,0
2024-10-23 10:00:00,170,2,10,0,0,0,0
2024-10-23 11:00:00,168,2,10,0,0,0,0
2024-10-23 12:00:00,174,2,10,0,0,0,0
2024-10-23 13:00:00,146,2,10,0,0,0,0
2024-10-23 14:00:00,157,2,10,0,0,0,0
2024-10-23 15:00:00,160,2,10,0,0,0,0
2024-10-23 16:00:00,153,2,10,0,0,0,0
2024-10-23 17:00:00,145,2,10,0,0,0,0
2024-10-23 18:00:00,146,2,10,0,0,0,0
2024-10-23 19:00:00,142,2,10,0,0,0,0
2024-10-23 20:00:00,138,2,10,0,0,0,0
2024-10-23 21:00:00,132,2,10,0,0,0,0
2024-10-23 22:00:00,128,2,10,0,0,0,0
2024-10-23 23:00:00,125,2,10,0,0,0,0
2024-10-24 00:00:00,96,3,10,0,0,0,0
2024-10-24 01:00:00,101,3,10,0,0,0,0
2024-10-24 02:00:00,93,3,10,0,0,0,0
2024-10-24 03:00:00,94,3,10,0,0,0,0
2024-10-24 04:00:00,93,3,10,0,0,0,0
2024-10-24 05:00:00,92,3,10,0,0,0,0
2024-10-24 06:00:00,126,3,10,0,0,0,0
2024-10-24 07:00:00,118,3,10,0,0,0,0
2024-10-24 08:00:00,148,3,10,0,0,0,0
2024-10-24 09:00:00,163,3,10,0,0,0,0
2024-10-24 10:00:00,166,3,10,0,0,0,0
2024-10-24 11:00:00,161,3,10,0,0,0,0
2024-10-24 12:00:00,161,3,10,0,0,0,0
2024-10-24 13:00:00,144,3,10,0,0,0,0
2024-10-24 14:00:00,145,3,10,0,0,0,0
2024-10-24 15:00:00,147,3,10,0,0,0,0
2024-10-24 16:00:00,143,3,10,0,0,0,0
2024-10-24 17:00:00,131,3,10,0,0,0,0
2024-10-24 18:00:00,137,3,10,0,0,0,0
2024-10-24 19:00:00,137,3,10,0,0,0,0
2024-10-24 20:00:00,136,3,10,0,0,0,0
2024-10-24 21:00:00,125,3,10,0,0,0,0
2024-10-24 22:00:00,122,3,10,0,0,0,0
2024-10-24 23:00:00,125,3,10,0,0,0,0
2024-10-25 00:00:00,96,4,10,0,0,0,0
2024-10-25 01:00:00,91,4,10,0,0,0,0
2024-10-25 02:00:00,92,4,10,0,0,0,0
2024-10-25 03:00:00,101,4,10,0,0,0,0
2024-10-25 04:00:00,87,4,10,0,0,0,0
2024-10-25 05:00:00,99,4,10,0,0,0,0
2024-10-25 06:00:00,125,4,10,0,0,0,0
2024-10-25 07:00:00,118,4,10,0,0,0,0
2024-10-25 08:00:00,148,4,10,0,0,0,0
2024-10-25 09:00:00,163,4,10,0,0,0,0
2024-10-25 10:00:00,162,4,10,0,0,0,0
2024-10-25 11:00:00,161,4,10,0,0,0,0
2024-10-25 12:00:00,149,4,10,0,0,0,0
2024-10-25 13:00:00,146,4,10,0,0,0,0
2024-10-25 14:00:00,143,4,10,0,0,0,0
2024-10-25 15:00:00,139,4,10,0,0,0,0
2024-10-25 16:00:00,145,4,10,0,0,0,0
2024-10-25 17:00:00,128,4,10,0,0,0,0
2024-10-25 18:00:00,133,4,10,0,0,0,0
2024-10-25 19:00:00,131,4,10,0,0,0,0
2024-10-25 20:00:00,135,4,10,0,0,0,0
2024-10-25 21:00:00,112,4,10,0,0,0,0
2024-10-25 22:00:00,127,4,10,0,0,0,0
2024-10-25 23:00:00,121,4,10,0,0,0,0
2024-10-26 00:00:00,76,5,10,1,0,0,0
2024-10-26 01:00:00,74,5,10,1,0,0,0
2024-10-26 02:00:00,70,5,10,1,0,0,0
2024-10-26 03:00:00,74,5,10,1,0,0,0
2024-10-26 04:00:00,73,5,10,1,0,0,0
2024-10-26 05:00:00,74,5,10,1,0,0,0
2024-10-26 06:00:00,90,5,10,1,0,0,0
2024-10-26 07:00:00,95,5,10,1,0,0,0
2024-10-26 08:00:00,117,5,10,1,0,0,0
2024-10-26 09:00:00,121,5,10,1,0,0,0
2024-10-26 10:00:00,121,5,10,1,0,0,0
2024-10-26 11:00:00,127,5,10,1,0,0,0
2024-10-26 12:00:00,124,5,10,1,0,0,0
2024-10-26 13:00:00,111,5,10,1,0,0,0
2024-10-26 14:00:00,111,5,10,1,0,0,0
2024-10-26 15:00:00,113,5,10,1,0,0,0
2024-10-26 16:00:00,116,5,10,1,0,0,0
2024-10-26 17:00:00,100,5,10,1,0,0,0
2024-10-26 18:00:00,100,5,10,1,0,0,0
2024-10-26 19:00:00,103,5,10,1,0,0,0
2024-10-26 20:00:00,103,5,10,1,0,0,0
2024-10-26 21:00:00,89,5,10,1,0,0,0
2024-10-26 22:00:00,100,5,10,1,0,0,0
2024-10-26 23:00:00,92,5,10,1,0,0,0
2024-10-27 00:00:00,76,6,10,1,0,0,0
2024-10-27 01:00:00,81,6,10,1,0,0,0
2024-10-27 02:00:00,82,6,10,1,0,0,0
2024-10-27 03:00:00,78,6,10,1,0,0,0
2024-10-27 04:00:00,78,6,10,1,0,0,0
2024-10-27 05:00:00,81,6,10,1,0,0,0
2024-10-27 06:00:00,99,6,10,1,0,0,0
2024-10-27 07:00:00,97,6,10,1,0,0,0
2024-10-27 08:00:00,122,6,10,1,0,0,0
2024-10-27 09:00:00,124,6,10,1,0,0,0
2024-10-27 10:00:00,133,6,10,1,0,0,0
2024-10-27 11:00:00,131,6,10,1,0,0,0
2024-10-27 12:00:00,142,6,10,1,0,0,0
2024-10-27 13:00:00,122,6,10,1,0,0,0
2024-10-27 14:00:00,126,6,10,1,0,0,0
2024-10-27 15:00:00,115,6,10,1,0,0,0
2024-10-27 16:00:00,117,6,10,1,0,0,0
2024-10-27 17:00:00,103,6,10,1,0,0,0
2024-10-27 18:00:00,112,6,10,1,0,0,0
2024-10-27 19:00:00,108,6,10,1,0,0,0
2024-10-27 20:00:00,120,6,10,1,0,0,0
2024-10-27 21:00:00,95,6,10,1,0,0,0
2024-10-27 22:00:00,102,6,10,1,0,0,0
2024-10-27 23:00:00,95,6,10,1,0,0,0
2024-10-28 00:00:00,105,0,10,0,0,0,0
2024-10-28 01:00:00,96,0,10,0,0,0,0
2024-10-28 02:00:00,110,0,10,0,0,0,0
2024-10-28 03:00:00,102,0,10,0,0,0,0
2024-10-28 04:00:00,108,0,10,0,0,0,0
2024-10-28 05:00:00,107,0,10,0,0,0,0
2024-10-28 06:00:00,132,0,10,0,0,0,0
2024-10-28 07:00:00,131,0,10,0,0,0,0
2024-10-28 08:00:00,159,0,10,0,0,0,0
2024-10-28 09:00:00,176,0,10,0,0,0,0
2024-10-28 10:00:00,175,0,10,0,0,0,0
2024-10-28 11:00:00,169,0,10,0,0,0,0
2024-10-28 12:00:00,180,0,10,0,0,0,0
2024-10-28 13:00:00,159,0,10,0,0,0,0
2024-10-28 14:00:00,162,0,10,0,0,0,0
2024-10-28 15:00:00,159,0,10,0,0,0,0
2024-10-28 16:00:00,161,0,10,0,0,0,0
2024-10-28 17:00:00,145,0,10,0,0,0,0
2024-10-28 18:00:00,145,0,10,0,0,0,0
2024-10-28 19:00:00,142,0,10,0,0,0,0
2024-10-28 20:00:00,147,0,10,0,0,0,0
2024-10-28 21:00:00,139,0,10,0,0,0,0
2024-10-28 22:00:00,133,0,10,0,0,0,0
2024-10-28 23:00:00,140,0,10,0,0,0,0
2024-10-29 00:00:00,106,1,10,0,0,0,0
2024-10-29 01:00:00,110,1,10,0,0,0,0
2024-10-29 02:00:00,111,1,10,0,0,0,0
2024-10-29 03:00:00,112,1,10,0,0,0,0
2024-10-29 04:00:00,105,1,10,0,0,0,0
2024-10-29 05:00:00,108,1,10,0,0,0,0
2024-10-29 06:00:00,127,1,10,0,0,0,0
2024-10-29 07:00:00,137,1,10,0,0,0,0
2024-10-29 08:00:00,165,1,10,0,0,0,0
2024-10-29 09:00:00,178,1,10,0,0,0,0
2024-10-29 10:00:00,171,1,10,0,0,0,0
2024-10-29 11:00:00,169,1,10,0,0,0,0
2024-10-29 12:00:00,166,1,10,0,0,0,0
2024-10-29 13:00:00,159,1,10,0,0,0,0
2024-10-29 14:00:00,161,1,10,0,0,0,0
2024-10-29 15:00:00,157,1,10,0,0,0,0
2024-10-29 16:00:00,157,1,10,0,0,0,0
2024-10-29 17:00:00,148,1,10,0,0,0,0
2024-10-29 18:00:00,147,1,10,0,0,0,0
2024-10-29 19:00:00,145,1,10,0,0,0,0
2024-10-29 20:00:00,152,1,10,0,0,0,0
2024-10-29 21:00:00,129,1,10,0,0,0,0
2024-10-29 22:00:00,134,1,10,0,0,0,0
2024-10-29 23:00:00,138,1,10,0,0,0,0
2024-10-30 00:00:00,111,2,10,0,0,0,0
2024-10-30 01:00:00,105,2,10,0,0,0,0
2024-10-30 02:00:00,107,2,10,0,0,0,0
2024-10-30 03:00:00,106,2,10,0,0,0,0
2024-10-30 04:00:00,109,2,10,0,0,0,0
2024-10-30 05:00:00,98,2,10,0,0,0,0
2024-10-30 06:00:00,124,2,10,0,0,0,0
2024-10-30 07:00:00,130,2,10,0,0,0,0
2024-10-30 08:00:00,161,2,10,0,0,0,0
2024-10-30 09:00:00,175,2,10,0,0,0,0
2024-10-30 10:00:00,176,2,10,0,0,0,0
2024-10-30 11:00:00,176,2,10,0,0,0,0
2024-10-30 12:00:00,171,2,10,0,0,0,0
2024-10-30 13:00:00,157,2,10,0,0,0,0
2024-10-30 14:00:00,152,2,10,0,0,0,0
2024-10-30 15:00:00,154,2,10,0,0,0,0
2024-10-30 16:00:00,162,2,10,0,0,0,0
2024-10-30 17:00:00,152,2,10,0,0,0,0
2024-10-30 18:00:00,144,2,10,0,0,0,0
2024-10-30 19:00:00,145,2,10,0,0,0,0
2024-10-30 20:00:00,142,2,10,0,0,0,0
2024-10-30 21:00:00,134,2,10,0,0,0,0
2024-10-30 22:00:00,126,2,10,0,0,0,0
2024-10-30 23:00:00,126,2,10,0,0,0,0
2024-10-31 00:00:00,96,3,10,0,0,0,0
2024-10-31 01:00:00,103,3,10,0,0,0,0
2024-10-31 02:00:00,100,3,10,0,0,0,0
2024-10-31 03:00:00,96,3,10,0,0,0,0
2024-10-31 04:00:00,97,3,10,0,0,0,0
2024-10-31 05:00:00,100,3,10,0,0,0,0
2024-10-31 06:00:00,134,3,10,0,0,0,0
2024-10-31 07:00:00,125,3,10,0,0,0,0
2024-10-31 08:00:00,157,3,10,0,0,0,0
2024-10-31 09:00:00,169,3,10,0,0,0,0
2024-10-31 10:00:00,167,3,10,0,0,0,0
2024-10-31 11:00:00,171,3,10,0,0,0,0
2024-10-31 12:00:00,168,3,10,0,0,0,0
2024-10-31 13:00:00,144,3,10,0,0,0,0
2024-10-31 14:00:00,151,3,10,0,0,0,0
2024-10-31 15:00:00,144,3,10,0,0,0,0
2024-10-31 16:00:00,149,3,10,0,0,0,0
2024-10-31 17:00:00,136,3,10,0,0,0,0
2024-10-31 18:00:00,142,3,10,0,0,0,0
2024-10-31 19:00:00,134,3,10,0,0,0,0
2024-10-31 20:00:00,137,3,10,0,0,0,0
2024-10-31 21:00:00,122,3,10,0,0,0,0
2024-10-31 22:00:00,124,3,10,0,0,0,0
2024-10-31 23:00:00,120,3,10,0,0,0,0
2024-11-01 00:00:00,94,4,11,0,0,0,0
2024-11-01 01:00:00,91,4,11,0,0,0,0
2024-11-01 02:00:00,90,4,11,0,0,0,0
2024-11-01 03:00:00,94,4,11,0,0,0,0
2024-11-01 04:00:00,94,4,11,0,0,0,0
2024-11-01 05:00:00,89,4,11,0,0,0,0
2024-11-01 06:00:00,117,4,11,0,0,0,0
2024-11-01 07:00:00,115,4,11,0,0,0,0
2024-11-01 08:00:00,143,4,11,0,0,0,0
2024-11-01 09:00:00,154,4,11,0,0,0,0
2024-11-01 10:00:00,164,4,11,0,0,0,0
2024-11-01 11:00:00,153,4,11,0,0,0,0
2024-11-01 12:00:00,165,4,11,0,0,0,0
2024-11-01 13:00:00,143,4,11,0,0,0,0
2024-11-01 14:00:00,137,4,11,0,0,0,0
2024-11-01 15:00:00,147,4,11,0,0,0,0
2024-11-01 16:00:00,144,4,11,0,0,0,0
2024-11-01 17:00:00,135,4,11,0,0,0,0
2024-11-01 18:00:00,136,4,11,0,0,0,0
2024-11-01 19:00:00,131,4,11,0,0,0,0
2024-11-01 20:00:00,131,4,11,0,0,0,0
2024-11-01 21:00:00,127,4,11,0,0,0,0
2024-11-01 22:00:00,120,4,11,0,0,0,0
2024-11-01 23:00:00,120,4,11,0,0,0,0
2024-11-02 00:00:00,69,5,11,1,0,0,0
2024-11-02 01:00:00,77,5,11,1,0,0,0
2024-11-02 02:00:00,72,5,11,1,0,0,0
2024-11-02 03:00:00,74,5,11,1,0,0,0
2024-11-02 04:00:00,72,5,11,1,0,0,0
2024-11-02 05:00:00,83,5,11,1,0,0,0
2024-11-02 06:00:00,96,5,11,1,0,0,0
2024-11-02 07:00:00,95,5,11,1,0,0,0
2024-11-02 08:00:00,120,5,11,1,0,0,0
2024-11-02 09:00:00,131,5,11,1,0,0,0
2024-11-02 10:00:00,129,5,11,1,0,0,0
2024-11-02 11:00:00,127,5,11,1,0,0,0
2024-11-02 12:00:00,121,5,11,1,0,0,0
2024-11-02 13:00:00,121,5,11,1,0,0,0
2024-11-02 14:00:00,116,5,11,1,0,0,0
2024-11-02 15:00:00,112,5,11,1,0,0,0
2024-11-02 16:00:00,123,5,11,1,0,0,0
2024-11-02 17:00:00,103,5,11,1,0,0,0
2024-11-02 18:00:00,106,5,11,1,0,0,0
2024-11-02 19:00:00,105,5,11,1,0,0,0
2024-11-02 20:00:00,106,5,11,1,0,0,0
2024-11-02 21:00:00,97,5,11,1,0,0,0
2024-11-02 22:00:00,95,5,11,1,0,0,0
2024-11-02 23:00:00,90,5,11,1,0,0,0
2024-11-03 00:00:00,77,6,11,1,0,0,0
2024-11-03 01:00:00,81,6,11,1,0,0,0
2024-11-03 02:00:00,72,6,11,1,0,0,0
2024-11-03 03:00:00,77,6,11,1,0,0,0
2024-11-03 04:00:00,82,6,11,1,0,0,0
2024-11-03 05:00:00,76,6,11,1,0,0,0
2024-11-03 06:00:00,104,6,11,1,0,0,0
2024-11-03 07:00:00,104,6,11,1,0,0,0
2024-11-03 08:00:00,124,6,11,1,0,0,0
2024-11-03 09:00:00,128,6,11,1,0,0,0
2024-11-03 10:00:00,131,6,11,1,0,0,0
2024-11-03 11:00:00,142,6,11,1,0,0,0
2024-11-03 12:00:00,133,6,11,1,0,0,0
2024-11-03 13:00:00,122,6,11,1,0,0,0
2024-11-03 14:00:00,118,6,11,1,0,0,0
2024-11-03 15:00:00,120,6,11,1,0,0,0
2024-11-03 16:00:00,124,6,11,1,0,0,0
2024-11-03 17:00:00,109,6,11,1,0,0,0
2024-11-03 18:00:00,116,6,11,1,0,0,0
2024-11-03 19:00:00,111,6,11,1,0,0,0
2024-11-03 20:00:00,121,6,11,1,0,0,0
2024-11-03 21:00:00,100,6,11,1,0,0,0
2024-11-03 22:00:00,103,6,11,1,0,0,0
2024-11-03 23:00:00,107,6,11,1,0,0,0
2024-11-04 00:00:00,111,0,11,0,0,0,0
2024-11-04 01:00:00,104,0,11,0,0,0,0
2024-11-04 02:00:00,102,0,11,0,0,0,0
2024-11-04 03:00:00,108,0,11,0,0,0,0
2024-11-04 04:00:00,108,0,11,0,0,0,0
2024-11-04 05:00:00,95,0,11,0,0,0,0
2024-11-04 06:00:00,134,0,11,0,0,0,0
2024-11-04 07:00:00,133,0,11,0,0,0,0
2024-11-04 08:00:00,159,0,11,0,0,0,0
2024-11-04 09:00:00,174,0,11,0,0,0,0
2024-11-04 10:00:00,169,0,11,0,0,0,0
2024-11-04 11:00:00,171,0,11,0,0,0,0
2024-11-04 12:00:00,173,0,11,0,0,0,0
2024-11-04 13:00:00,156,0,11,0,0,0,0
2024-11-04 14:00:00,158,0,11,0,0,0,0
2024-11-04 15:00:00,164,0,11,0,0,0,0
2024-11-04 16:00:00,158,0,11,0,0,0,0
2024-11-04 17:00:00,142,0,11,0,0,0,0
2024-11-04 18:00:00,148,0,11,0,0,0,0
2024-11-04 19:00:00,143,0,11,0,0,0,0
2024-11-04 20:00:00,151,0,11,0,0,0,0
2024-11-04 21:00:00,134,0,11,0,0,0,0
2024-11-04 22:00:00,136,0,11,0,0,0,0
2024-11-04 23:00:00,131,0,11,0,0,0,0
2024-11-05 00:00:00,109,1,11,0,0,0,0
2024-11-05 01:00:00,104,1,11,0,0,0,0
2024-11-05 02:00:00,109,1,11,0,0,0,0
2024-11-05 03:00:00,107,1,11,0,0,0,0
2024-11-05 04:00:00,105,1,11,0,0,0,0
2024-11-05 05:00:00,114,1,11,0,0,0,0
2024-11-05 06:00:00,142,1,11,0,0,0,0
2024-11-05 07:00:00,135,1,11,0,0,0,0
2024-11-05 08:00:00,169,1,11,0,0,0,0
2024-11-05 09:00:00,180,1,11,0,0,0,0
2024-11-05 10:00:00,174,1,11,0,0,0,0
2024-11-05 11:00:00,179,1,11,0,0,0,0
2024-11-05 12:00:00,180,1,11,0,0,0,0
2024-11-05 13:00:00,165,1,11,0,0,0,0
2024-11-05 14:00:00,161,1,11,0,0,0,0
2024-11-05 15:00:00,157,1,11,0,0,0,0
2024-11-05 16:00:00,157,1,11,0,0,0,0
2024-11-05 17:00:00,146,1,11,0,0,0,0
2024-11-05 18:00:00,151,1,11,0,0,0,0
2024-11-05 19:00:00,149,1,11,0,0,0,0
2024-11-05 20:00:00,153,1,11,0,0,0,0
2024-11-05 21:00:00,135,1,11,0,0,0,0
2024-11-05 22:00:00,131,1,11,0,0,0,0
2024-11-05 23:00:00,132,1,11,0,0,0,0
2024-11-06 00:00:00,103,2,11,0,0,0,0
2024-11-06 01:00:00,110,2,11,0,0,0,0
2024-11-06 02:00:00,106,2,11,0,0,0,0
2024-11-06 03:00:00,107,2,11,0,0,0,0
2024-11-06 04:00:00,109,2,11,0,0,0,0
2024-11-06 05:00:00,110,2,11,0,0,0,0
2024-11-06 06:00:00,133,2,11,0,0,0,0
2024-11-06 07:00:00,131,2,11,0,0,0,0
2024-11-06 08:00:00,165,2,11,0,0,0,0
2024-11-06 09:00:00,171,2,11,0,0,0,0
2024-11-06 10:00:00,173,2,11,0,0,0,0
2024-11-06 11:00:00,174,2,11,0,0,0,0
2024-11-06 12:00:00,173,2,11,0,0,0,0
2024-11-06 13:00:00,158,2,11,0,0,0,0
2024-11-06 14:00:00,158,2,11,0,0,0,0
2024-11-06 15:00:00,156,2,11,0,0,0,0
2024-11-06 16:00:00,153,2,11,0,0,0,0
2024-11-06 17:00:00,142,2,11,0,0,0,0
2024-11-06 18:00:00,152,2,11,0,0,0,0
2024-11-06 19:00:00,149,2,11,0,0,0,0
2024-11-06 20:00:00,140,2,11,0,0,0,0
2024-11-06 21:00:00,130,2,11,0,0,0,0
2024-11-06 22:00:00,130,2,11,0,0,0,0
2024-11-06 23:00:00,138,2,11,0,0,0,0
2024-11-07 00:00:00,89,3,11,0,0,0,0
2024-11-07 01:00:00,95,3,11,0,0,0,0
2024-11-07 02:00:00,92,3,11,0,0,0,0
2024-11-07 03:00:00,87,3,11,0,0,0,0
2024-11-07 04:00:00,103,3,11,0,0,0,0
2024-11-07 05:00:00,96,3,11,0,0,0,0
2024-11-07 06:00:00,125,3,11,0,0,0,0
2024-11-07 07:00:00,127,3,11,0,0,0,0
2024-11-07 08:00:00,153,3,11,0,0,0,0
2024-11-07 09:00:00,167,3,11,0,0,0,0
2024-11-07 10:00:00,164,3,11,0,0,0,0
2024-11-07 11:00:00,168,3,11,0,0,0,0
2024-11-07 12:00:00,168,3,11,0,0,0,0
2024-11-07 13:00:00,157,3,11,0,0,0,0
2024-11-07 14:00:00,155,3,11,0,0,0,0
2024-11-07 15:00:00,156,3,11,0,0,0,0
2024-11-07 16:00:00,148,3,11,0,0,0,0
2024-11-07 17:00:00,137,3,11,0,0,0,0
2024-11-07 18:00:00,142,3,11,0,0,0,0
2024-11-07 19:00:00,142,3,11,0,0,0,0
2024-11-07 20:00:00,141,3,11,0,0,0,0
2024-11-07 21:00:00,122,3,11,0,0,0,0
2024-11-07 22:00:00,124,3,11,0,0,0,0
2024-11-07 23:00:00,127,3,11,0,0,0,0
2024-11-08 00:00:00,82,4,11,0,0,0,0
2024-11-08 01:00:00,93,4,11,0,0,0,0
2024-11-08 02:00:00,95,4,11,0,0,0,0
2024-11-08 03:00:00,94,4,11,0,0,0,0
2024-11-08 04:00:00,90,4,11,0,0,0,0
2024-11-08 05:00:00,101,4,11,0,0,0,0
2024-11-08 06:00:00,134,4,11,0,0,0,0
2024-11-08 07:00:00,125,4,11,0,0,0,0
2024-11-08 08:00:00,154,4,11,0,0,0,0
2024-11-08 09:00:00,164,4,11,0,0,0,0
2024-11-08 10:00:00,161,4,11,0,0,0,0
2024-11-08 11:00:00,163,4,11,0,0,0,0
2024-11-08 12:00:00,159,4,11,0,0,0,0
2024-11-08 13:00:00,145,4,11,0,0,0,0
2024-11-08 14:00:00,148,4,11,0,0,0,0
2024-11-08 15:00:00,146,4,11,0,0,0,0
2024-11-08 16:00:00,150,4,11,0,0,0,0
2024-11-08 17:00:00,133,4,11,0,0,0,0
2024-11-08 18:00:00,143,4,11,0,0,0,0
2024-11-08 19:00:00,137,4,11,0,0,0,0
2024-11-08 20:00:00,135,4,11,0,0,0,0
2024-11-08 21:00:00,119,4,11,0,0,0,0
2024-11-08 22:00:00,129,4,11,0,0,0,0
2024-11-08 23:00:00,125,4,11,0,0,0,0
2024-11-09 00:00:00,74,5,11,1,0,0,0
2024-11-09 01:00:00,78,5,11,1,0,0,0
2024-11-09 02:00:00,70,5,11,1,0,0,0
2024-11-09 03:00:00,74,5,11,1,0,0,0
2024-11-09 04:00:00,75,5,11,1,0,0,0
2024-11-09 05:00:00,75,5,11,1,0,0,0
2024-11-09 06:00:00,86,5,11,1,0,0,0
2024-11-09 07:00:00,95,5,11,1,0,0,0
2024-11-09 08:00:00,116,5,11,1,0,0,0
2024-11-09 09:00:00,119,5,11,1,0,0,0
2024-11-09 10:00:00,128,5,11,1,0,0,0
2024-11-09 11:00:00,126,5,11,1,0,0,0
2024-11-09 12:00:00,120,5,11,1,0,0,0
2024-11-09 13:00:00,120,5,11,1,0,0,0
2024-11-09 14:00:00,110,5,11,1,0,0,0
2024-11-09 15:00:00,115,5,11,1,0,0,0
2024-11-09 16:00:00,113,5,11,1,0,0,0
2024-11-09 17:00:00,110,5,11,1,0,0,0
2024-11-09 18:00:00,111,5,11,1,0,0,0
2024-11-09 19:00:00,108,5,11,1,0,0,0
2024-11-09 20:00:00,105,5,11,1,0,0,0
2024-11-09 21:00:00,99,5,11,1,0,0,0
2024-11-09 22:00:00,96,5,11,1,0,0,0
2024-11-09 23:00:00,98,5,11,1,0,0,0
2024-11-10 00:00:00,79,6,11,1,0,0,0
2024-11-10 01:00:00,78,6,11,1,0,0,0
2024-11-10 02:00:00,80,6,11,1,0,0,0
2024-11-10 03:00:00,85,6,11,1,0,0,0
2024-11-10 04:00:00,80,6,11,1,0,0,0
2024-11-10 05:00:00,79,6,11,1,0,0,0
2024-11-10 06:00:00,99,6,11,1,0,0,0
2024-11-10 07:00:00,108,6,11,1,0,0,0
2024-11-10 08:00:00,127,6,11,1,0,0,0
2024-11-10 09:00:00,136,6,11,1,0,0,0
2024-11-10 10:00:00,138,6,11,1,0,0,0
2024-11-10 11:00:00,138,6,11,1,0,0,0
2024-11-10 12:00:00,130,6,11,1,0,0,0
2024-11-10 13:00:00,119,6,11,1,0,0,0
2024-11-10 14:00:00,114,6,11,1,0,0,0
2024-11-10 15:00:00,119,6,11,1,0,0,0
2024-11-10 16:00:00,124,6,11,1,0,0,0
2024-11-10 17:00:00,108,6,11,1,0,0,0
2024-11-10 18:00:00,101,6,11,1,0,0,0
2024-11-10 19:00:00,111,6,11,1,0,0,0
2024-11-10 20:00:00,112,6,11,1,0,0,0
2024-11-10 21:00:00,108,6,11,1,0,0,0
2024-11-10 22:00:00,105,6,11,1,0,0,0
2024-11-10 23:00:00,105,6,11,1,0,0,0
2024-11-11 00:00:00,111,0,11,0,0,0,0
2024-11-11 01:00:00,109,0,11,0,0,0,0
2024-11-11 02:00:00,104,0,11,0,0,0,0
2024-11-11 03:00:00,103,0,11,0,0,0,0
2024-11-11 04:00:00,104,0,11,0,0,0,0
2024-11-11 05:00:00,106,0,11,0,0,0,0
2024-11-11 06:00:00,138,0,11,0,0,0,0
2024-11-11 07:00:00,130,0,11,0,0,0,0
2024-11-11 08:00:00,161,0,11,0,0,0,0
2024-11-11 09:00:00,170,0,11,0,0,0,0
2024-11-11 10:00:00,184,0,11,0,0,0,0
2024-11-11 11:00:00,174,0,11,0,0,0,0
2024-11-11 12:00:00,175,0,11,0,0,0,0
2024-11-11 13:00:00,165,0,11,0,0,0,0
2024-11-11 14:00:00,163,0,11,0,0,0,0
2024-11-11 15:00:00,153,0,11,0,0,0,0
2024-11-11 16:00:00,164,0,11,0,0,0,0
2024-11-11 17:00:00,148,0,11,0,0,0,0
2024-11-11 18:00:00,139,0,11,0,0,0,0
2024-11-11 19:00:00,150,0,11,0,0,0,0
2024-11-11 20:00:00,147,0,11,0,0,0,0
2024-11-11 21:00:00,136,0,11,0,0,0,0
2024-11-11 22:00:00,123,0,11,0,0,0,0
2024-11-11 23:00:00,134,0,11,0,0,0,0
2024-11-12 00:00:00,112,1,11,0,0,0,0
2024-11-12 01:00:00,116,1,11,0,0,0,0
2024-11-12 02:00:00,105,1,11,0,0,0,0
2024-11-12 03:00:00,110,1,11,0,0,0,0
2024-11-12 04:00:00,113,1,11,0,0,0,0
2024-11-12 05:00:00,107,1,11,0,0,0,0
2024-11-12 06:00:00,140,1,11,0,0,0,0
2024-11-12 07:00:00,128,1,11,0,0,0,0
2024-11-12 08:00:00,166,1,11,0,0,0,0
2024-11-12 09:00:00,181,1,11,0,0,0,0
2024-11-12 10:00:00,175,1,11,0,0,0,0
2024-11-12 11:00:00,176,1,11,0,0,0,0
2024-11-12 12:00:00,179,1,11,0,0,0,0
2024-11-12 13:00:00,157,1,11,0,0,0,0
2024-11-12 14:00:00,167,1,11,0,0,0,0
2024-11-12 15:00:00,169,1,11,0,0,0,0
2024-11-12 16:00:00,158,1,11,0,0,0,0
2024-11-12 17:00:00,156,1,11,0,0,0,0
2024-11-12 18:00:00,150,1,11,0,0,0,0
2024-11-12 19:00:00,148,1,11,0,0,0,0
2024-11-12 20:00:00,151,1,11,0,0,0,0
2024-11-12 21:00:00,128,1,11,0,0,0,0
2024-11-12 22:00:00,133,1,11,0,0,0,0
2024-11-12 23:00:00,138,1,11,0,0,0,0
2024-11-13 00:00:00,106,2,11,0,0,0,0
2024-11-13 01:00:00,109,2,11,0,0,0,0
2024-11-13 02:00:00,116,2,11,0,0,0,0
2024-11-13 03:00:00,110,2,11,0,0,0,0
2024-11-13 04:00:00,104,2,11,0,0,0,0
2024-11-13 05:00:00,109,2,11,0,0,0,0
2024-11-13 06:00:00,134,2,11,0,0,0,0
2024-11-13 07:00:00,142,2,11,0,0,0,0
2024-11-13 08:00:00,169,2,11,0,0,0,0
2024-11-13 09:00:00,174,2,11,0,0,0,0
2024-11-13 10:00:00,176,2,11,0,0,0,0
2024-11-13 11:00:00,177,2,11,0,0,0,0
2024-11-13 12:00:00,175,2,11,0,0,0,0
2024-11-13 13:00:00,164,2,11,0,0,0,0
2024-11-13 14:00:00,158,2,11,0,0,0,0
2024-11-13 15:00:00,162,2,11,0,0,0,0
2024-11-13 16:00:00,157,2,11,0,0,0,0
2024-11-13 17:00:00,151,2,11,0,0,0,0
2024-11-13 18:00:00,148,2,11,0,0,0,0
2024-11-13 19:00:00,148,2,11,0,0,0,0
2024-11-13 20:00:00,145,2,11,0,0,0,0
2024-11-13 21:00:00,131,2,11,0,0,0,0
2024-11-13 22:00:00,137,2,11,0,0,0,0
2024-11-13 23:00:00,133,2,11,0,0,0,0
2024-11-14 00:00:00,106,3,11,0,0,0,0
2024-11-14 01:00:00,94,3,11,0,0,0,0
2024-11-14 02:00:00,100,3,11,0,0,0,0
2024-11-14 03:00:00,96,3,11,0,0,0,0
2024-11-14 04:00:00,101,3,11,0,0,0,0
2024-11-14 05:00:00,102,3,11,0,0,0,0
2024-11-14 06:00:00,136,3,11,0,0,0,0
2024-11-14 07:00:00,124,3,11,0,0,0,0
2024-11-14 08:00:00,158,3,11,0,0,0,0
2024-11-14 09:00:00,170,3,11,0,0,0,0
2024-11-14 10:00:00,164,3,11,0,0,0,0
2024-11-14 11:00:00,165,3,11,0,0,0,0
2024-11-14 12:00:00,171,3,11,0,0,0,0
2024-11-14 13:00:00,156,3,11,0,0,0,0
2024-11-14 14:00:00,151,3,11,0,0,0,0
2024-11-14 15:00:00,156,3,11,0,0,0,0
2024-11-14 16:00:00,154,3,11,0,0,0,0
2024-11-14 17:00:00,140,3,11,0,0,0,0
2024-11-14 18:00:00,143,3,11,0,0,0,0
2024-11-14 19:00:00,139,3,11,0,0,0,0
2024-11-14 20:00:00,133,3,11,0,0,0,0
2024-11-14 21:00:00,139,3,11,0,0,0,0
2024-11-14 22:00:00,129,3,11,0,0,0,0
2024-11-14 23:00:00,131,3,11,0,0,0,0
2024-11-15 00:00:00,87,4,11,0,0,0,0
2024-11-15 01:00:00,94,4,11,0,0,0,0
2024-11-15 02:00:00,91,4,11,0,0,0,0
2024-11-15 03:00:00,95,4,11,0,0,0,0
2024-11-15 04:00:00,87,4,11,0,0,0,0
2024-11-15 05:00:00,92,4,11,0,0,0,0
2024-11-15 06:00:00,123,4,11,0,0,0,0
2024-11-15 07:00:00,123,4,11,0,0,0,0
2024-11-15 08:00:00,147,4,11,0,0,0,0
2024-11-15 09:00:00,157,4,11,0,0,0,0
2024-11-15 10:00:00,162,4,11,0,0,0,0
2024-11-15 11:00:00,157,4,11,0,0,0,0
2024-11-15 12:00:00,164,4,11,0,0,0,0
2024-11-15 13:00:00,153,4,11,0,0,0,0
2024-11-15 14:00:00,153,4,11,0,0,0,0
2024-11-15 15:00:00,152,4,11,0,0,0,0
2024-11-15 16:00:00,143,4,11,0,0,0,0
2024-11-15 17:00:00,135,4,11,0,0,0,0
2024-11-15 18:00:00,131,4,11,0,0,0,0
2024-11-15 19:00:00,132,4,11,0,0,0,0
2024-11-15 20:00:00,133,4,11,0,0,0,0
2024-11-15 21:00:00,132,4,11,0,0,0,0
2024-11-15 22:00:00,126,4,11,0,0,0,0
2024-11-15 23:00:00,125,4,11,0,0,0,0
2024-11-16 00:00:00,78,5,11,1,0,0,0
2024-11-16 01:00:00,79,5,11,1,0,0,0
2024-11-16 02:00:00,83,5,11,1,0,0,0
2024-11-16 03:00:00,73,5,11,1,0,0,0
2024-11-16 04:00:00,74,5,11,1,0,0,0
2024-11-16 05:00:00,74,5,11,1,0,0,0
2024-11-16 06:00:00,103,5,11,1,0,0,0
2024-11-16 07:00:00,101,5,11,1,0,0,0
2024-11-16 08:00:00,124,5,11,1,0,0,0
2024-11-16 09:00:00,127,5,11,1,0,0,0
2024-11-16 10:00:00,129,5,11,1,0,0,0
2024-11-16 11:00:00,130,5,11,1,0,0,0
2024-11-16 12:00:00,126,5,11,1,0,0,0
2024-11-16 13:00:00,119,5,11,1,0,0,0
2024-11-16 14:00:00,116,5,11,1,0,0,0
2024-11-16 15:00:00,114,5,11,1,0,0,0
2024-11-16 16:00:00,112,5,11,1,0,0,0
2024-11-16 17:00:00,108,5,11,1,0,0,0
2024-11-16 18:00:00,110,5,11,1,0,0,0
2024-11-16 19:00:00,107,5,11,1,0,0,0
2024-11-16 20:00:00,111,5,11,1,0,0,0
2024-11-16 21:00:00,107,5,11,1,0,0,0
2024-11-16 22:00:00,91,5,11,1,0,0,0
2024-11-16 23:00:00,96,5,11,1,0,0,0
2024-11-17 00:00:00,78,6,11,1,0,0,0
2024-11-17 01:00:00,86,6,11,1,0,0,0
2024-11-17 02:00:00,77,6,11,1,0,0,0
2024-11-17 03:00:00,82,6,11,1,0,0,0
2024-11-17 04:00:00,85,6,11,1,0,0,0
2024-11-17 05:00:00,83,6,11,1,0,0,0
2024-11-17 06:00:00,104,6,11,1,0,0,0
2024-11-17 07:00:00,109,6,11,1,0,0,0
2024-11-17 08:00:00,130,6,11,1,0,0,0
2024-11-17 09:00:00,138,6,11,1,0,0,0
2024-11-17 10:00:00,132,6,11,1,0,0,0
2024-11-17 11:00:00,142,6,11,1,0,0,0
2024-11-17 12:00:00,130,6,11,1,0,0,0
2024-11-17 13:00:00,122,6,11,1,0,0,0
2024-11-17 14:00:00,119,6,11,1,0,0,0
2024-11-17 15:00:00,122,6,11,1,0,0,0
2024-11-17 16:00:00,114,6,11,1,0,0,0
2024-11-17 17:00:00,114,6,11,1,0,0,0
2024-11-17 18:00:00,114,6,11,1,0,0,0
2024-11-17 19:00:00,118,6,11,1,0,0,0
2024-11-17 20:00:00,111,6,11,1,0,0,0
2024-11-17 21:00:00,102,6,11,1,0,0,0
2024-11-17 22:00:00,103,6,11,1,0,0,0
2024-11-17 23:00:00,104,6,11,1,0,0,0
2024-11-18 00:00:00,113,0,11,0,0,0,0
2024-11-18 01:00:00,110,0,11,0,0,0,0
2024-11-18 02:00:00,107,0,11,0,0,0,0
2024-11-18 03:00:00,103,0,11,0,0,0,0
2024-11-18 04:00:00,102,0,11,0,0,0,0
2024-11-18 05:00:00,114,0,11,0,0,0,0
2024-11-18 06:00:00,139,0,11,0,0,0,0
2024-11-18 07:00:00,140,0,11,0,0,0,0
2024-11-18 08:00:00,167,0,11,0,0,0,0
2024-11-18 09:00:00,184,0,11,0,0,0,0
2024-11-18 10:00:00,177,0,11,0,0,0,0
2024-11-18 11:00:00,174,0,11,0,0,0,0
2024-11-18 12:00:00,178,0,11,0,0,0,0
2024-11-18 13:00:00,158,0,11,0,0,0,0
2024-11-18 14:00:00,155,0,11,0,0,0,0
2024-11-18 15:00:00,163,0,11,0,0,0,0
2024-11-18 16:00:00,164,0,11,0,0,0,0
2024-11-18 17:00:00,147,0,11,0,0,0,0
2024-11-18 18:00:00,154,0,11,0,0,0,0
2024-11-18 19:00:00,152,0,11,0,0,0,0
2024-11-18 20:00:00,155,0,11,0,0,0,0
2024-11-18 21:00:00,135,0,11,0,0,0,0
2024-11-18 22:00:00,130,0,11,0,0,0,0
2024-11-18 23:00:00,133,0,11,0,0,0,0
2024-11-19 00:00:00,115,1,11,0,0,0,0
2024-11-19 01:00:00,112,1,11,0,0,0,0
2024-11-19 02:00:00,107,1,11,0,0,0,0
2024-11-19 03:00:00,115,1,11,0,0,0,0
2024-11-19 04:00:00,102,1,11,0,0,0,0
2024-11-19 05:00:00,108,1,11,0,0,0,0
2024-11-19 06:00:00,140,1,11,0,0,0,0
2024-11-19 07:00:00,135,1,11,0,0,0,0
2024-11-19 08:00:00,169,1,11,0,0,0,0
2024-11-19 09:00:00,178,1,11,0,0,0,0
2024-11-19 10:00:00,176,1,11,0,0,0,0
2024-11-19 11:00:00,177,1,11,0,0,0,0
2024-11-19 12:00:00,180,1,11,0,0,0,0
2024-11-19 13:00:00,167,1,11,0,0,0,0
2024-11-19 14:00:00,161,1,11,0,0,0,0
2024-11-19 15:00:00,157,1,11,0,0,0,0
2024-11-19 16:00:00,166,1,11,0,0,0,0
2024-11-19 17:00:00,150,1,11,0,0,0,0
2024-11-19 18:00:00,146,1,11,0,0,0,0
2024-11-19 19:00:00,154,1,11,0,0,0,0
2024-11-19 20:00:00,149,1,11,0,0,0,0
2024-11-19 21:00:00,139,1,11,0,0,0,0
2024-11-19 22:00:00,132,1,11,0,0,0,0
2024-11-19 23:00:00,141,1,11,0,0,0,0
2024-11-20 00:00:00,109,2,11,0,0,0,0
2024-11-20 01:00:00,104,2,11,0,0,0,0
2024-11-20 02:00:00,95,2,11,0,0,0,0
2024-11-20 03:00:00,109,2,11,0,0,0,0
2024-11-20 04:00:00,106,2,11,0,0,0,0
2024-11-20 05:00:00,105,2,11,0,0,0,0
2024-11-20 06:00:00,127,2,11,0,0,0,0
2024-11-20 07:00:00,129,2,11,0,0,0,0
2024-11-20 08:00:00,161,2,11,0,0,0,0
2024-11-20 09:00:00,177,2,11,0,0,0,0
2024-11-20 10:00:00,178,2,11,0,0,0,0
2024-11-20 11:00:00,178,2,11,0,0,0,0
2024-11-20 12:00:00,175,2,11,0,0,0,0
2024-11-20 13:00:00,153,2,11,0,0,0,0
2024-11-20 14:00:00,159,2,11,0,0,0,0
2024-11-20 15:00:00,161,2,11,0,0,0,0
2024-11-20 16:00:00,158,2,11,0,0,0,0
2024-11-20 17:00:00,141,2,11,0,0,0,0
2024-11-20 18:00:00,145,2,11,0,0,0,0
2024-11-20 19:00:00,148,2,11,0,0,0,0
2024-11-20 20:00:00,150,2,11,0,0,0,0
2024-11-20 21:00:00,132,2,11,0,0,0,0
2024-11-20 22:00:00,130,2,11,0,0,0,0
2024-11-20 23:00:00,137,2,11,0,0,0,0
2024-11-21 00:00:00,106,3,11,0,0,0,0
2024-11-21 01:00:00,106,3,11,0,0,0,0
2024-11-21 02:00:00,103,3,11,0,0,0,0
2024-11-21 03:00:00,95,3,11,0,0,0,0
2024-11-21 04:00:00,102,3,11,0,0,0,0
2024-11-21 05:00:00,102,3,11,0,0,0,0
2024-11-21 06:00:00,124,3,11,0,0,0,0
2024-11-21 07:00:00,131,3,11,0,0,0,0
2024-11-21 08:00:00,158,3,11,0,0,0,0
2024-11-21 09:00:00,173,3,11,0,0,0,0
2024-11-21 10:00:00,165,3,11,0,0,0,0
2024-11-21 11:00:00,163,3,11,0,0,0,0
2024-11-21 12:00:00,170,3,11,0,0,0,0
2024-11-21 13:00:00,149,3,11,0,0,0,0
2024-11-21 14:00:00,158,3,11,0,0,0,0
2024-11-21 15:00:00,158,3,11,0,0,0,0
2024-11-21 16:00:00,149,3,11,0,0,0,0
2024-11-21 17:00:00,148,3,11,0,0,0,0
2024-11-21 18:00:00,143,3,11,0,0,0,0
2024-11-21 19:00:00,141,3,11,0,0,0,0
2024-11-21 20:00:00,142,3,11,0,0,0,0
2024-11-21 21:00:00,127,3,11,0,0,0,0
2024-11-21 22:00:00,128,3,11,0,0,0,0
2024-11-21 23:00:00,123,3,11,0,0,0,0
2024-11-22 00:00:00,98,4,11,0,0,0,0
2024-11-22 01:00:00,100,4,11,0,0,0,0
2024-11-22 02:00:00,97,4,11,0,0,0,0
2024-11-22 03:00:00,102,4,11,0,0,0,0
2024-11-22 04:00:00,98,4,11,0,0,0,0
2024-11-22 05:00:00,98,4,11,0,0,0,0
2024-11-22 06:00:00,125,4,11,0,0,0,0
2024-11-22 07:00:00,130,4,11,0,0,0,0
2024-11-22 08:00:00,155,4,11,0,0,0,0
2024-11-22 09:00:00,170,4,11,0,0,0,0
2024-11-22 10:00:00,165,4,11,0,0,0,0
2024-11-22 11:00:00,160,4,11,0,0,0,0
2024-11-22 12:00:00,170,4,11,0,0,0,0
2024-11-22 13:00:00,147,4,11,0,0,0,0
2024-11-22 14:00:00,142,4,11,0,0,0,0
2024-11-22 15:00:00,145,4,11,0,0,0,0
2024-11-22 16:00:00,149,4,11,0,0,0,0
2024-11-22 17:00:00,139,4,11,0,0,0,0
2024-11-22 18:00:00,141,4,11,0,0,0,0
2024-11-22 19:00:00,134,4,11,0,0,0,0
2024-11-22 20:00:00,139,4,11,0,0,0,0
2024-11-22 21:00:00,128,4,11,0,0,0,0
2024-11-22 22:00:00,124,4,11,0,0,0,0
2024-11-22 23:00:00,115,4,11,0,0,0,0
2024-11-23 00:00:00,75,5,11,1,0,0,0
2024-11-23 01:00:00,78,5,11,1,0,0,0
2024-11-23 02:00:00,74,5,11,1,0,0,0
2024-11-23 03:00:00,85,5,11,1,0,0,0
2024-11-23 04:00:00,79,5,11,1,0,0,0
2024-11-23 05:00:00,82,5,11,1,0,0,0
2024-11-23 06:00:00,98,5,11,1,0,0,0
2024-11-23 07:00:00,95,5,11,1,0,0,0
2024-11-23 08:00:00,123,5,11,1,0,0,0
2024-11-23 09:00:00,129,5,11,1,0,0,0
2024-11-23 10:00:00,130,5,11,1,0,0,0
2024-11-23 11:00:00,131,5,11,1,0,0,0
2024-11-23 12:00:00,125,5,11,1,0,0,0
2024-11-23 13:00:00,128,5,11,1,0,0,0
2024-11-23 14:00:00,117,5,11,1,0,0,0
2024-11-23 15:00:00,122,5,11,1,0,0,0
2024-11-23 16:00:00,114,5,11,1,0,0,0
2024-11-23 17:00:00,115,5,11,1,0,0,0
2024-11-23 18:00:00,108,5,11,1,0,0,0
2024-11-23 19:00:00,109,5,11,1,0,0,0
2024-11-23 20:00:00,113,5,11,1,0,0,0
2024-11-23 21:00:00,101,5,11,1,0,0,0
2024-11-23 22:00:00,104,5,11,1,0,0,0
2024-11-23 23:00:00,108,5,11,1,0,0,0
2024-11-24 00:00:00,81,6,11,1,0,0,0
2024-11-24 01:00:00,76,6,11,1,0,0,0
2024-11-24 02:00:00,77,6,11,1,0,0,0
2024-11-24 03:00:00,82,6,11,1,0,0,0
2024-11-24 04:00:00,88,6,11,1,0,0,0
2024-11-24 05:00:00,76,6,11,1,0,0,0
2024-11-24 06:00:00,104,6,11,1,0,0,0
2024-11-24 07:00:00,101,6,11,1,0,0,0
2024-11-24 08:00:00,126,6,11,1,0,0,0
2024-11-24 09:00:00,131,6,11,1,0,0,0
2024-11-24 10:00:00,133,6,11,1,0,0,0
2024-11-24 11:00:00,139,6,11,1,0,0,0
2024-11-24 12:00:00,133,6,11,1,0,0,0
2024-11-24 13:00:00,126,6,11,1,0,0,0
2024-11-24 14:00:00,125,6,11,1,0,0,0
2024-11-24 15:00:00,124,6,11,1,0,0,0
2024-11-24 16:00:00,127,6,11,1,0,0,0
2024-11-24 17:00:00,113,6,11,1,0,0,0
2024-11-24 18:00:00,113,6,11,1,0,0,0
2024-11-24 19:00:00,109,6,11,1,0,0,0
2024-11-24 20:00:00,114,6,11,1,0,0,0
2024-11-24 21:00:00,105,6,11,1,0,0,0
2024-11-24 22:00:00,105,6,11,1,0,0,0
2024-11-24 23:00:00,110,6,11,1,0,0,0
2024-11-25 00:00:00,111,0,11,0,0,0,0
2024-11-25 01:00:00,119,0,11,0,0,0,0
2024-11-25 02:00:00,107,0,11,0,0,0,0
2024-11-25 03:00:00,115,0,11,0,0,0,0
2024-11-25 04:00:00,109,0,11,0,0,0,0
2024-11-25 05:00:00,109,0,11,0,0,0,0
2024-11-25 06:00:00,129,0,11,0,0,0,0
2024-11-25 07:00:00,142,0,11,0,0,0,0
2024-11-25 08:00:00,166,0,11,0,0,0,0
2024-11-25 09:00:00,173,0,11,0,0,0,0
2024-11-25 10:00:00,174,0,11,0,0,0,0
2024-11-25 11:00:00,178,0,11,0,0,0,0
2024-11-25 12:00:00,182,0,11,0,0,0,0
2024-11-25 13:00:00,158,0,11,0,0,0,0
2024-11-25 14:00:00,164,0,11,0,0,0,0
2024-11-25 15:00:00,168,0,11,0,0,0,0
2024-11-25 16:00:00,156,0,11,0,0,0,0
2024-11-25 17:00:00,161,0,11,0,0,0,0
2024-11-25 18:00:00,145,0,11,0,0,0,0
2024-11-25 19:00:00,148,0,11,0,0,0,0
2024-11-25 20:00:00,152,0,11,0,0,0,0
2024-11-25 21:00:00,146,0,11,0,0,0,0
2024-11-25 22:00:00,132,0,11,0,0,0,0
2024-11-25 23:00:00,132,0,11,0,0,0,0
2024-11-26 00:00:00,113,1,11,0,0,0,0
2024-11-26 01:00:00,109,1,11,0,0,0,0
2024-11-26 02:00:00,110,1,11,0,0,0,0
2024-11-26 03:00:00,110,1,11,0,0,0,0
2024-11-26 04:00:00,108,1,11,0,0,0,0
2024-11-26 05:00:00,105,1,11,0,0,0,0
2024-11-26 06:00:00,139,1,11,0,0,0,0
2024-11-26 07:00:00,138,1,11,0,0,0,0
2024-11-26 08:00:00,169,1,11,0,0,0,0
2024-11-26 09:00:00,181,1,11,0,0,0,0
2024-11-26 10:00:00,181,1,11,0,0,0,0
2024-11-26 11:00:00,175,1,11,0,0,0,0
2024-11-26 12:00:00,190,1,11,0,0,0,0
2024-11-26 13:00:00,158,1,11,0,0,0,0
2024-11-26 14:00:00,166,1,11,0,0,0,0
2024-11-26 15:00:00,163,1,11,0,0,0,0
2024-11-26 16:00:00,158,1,11,0,0,0,0
2024-11-26 17:00:00,152,1,11,0,0,0,0
2024-11-26 18:00:00,157,1,11,0,0,0,0
2024-11-26 19:00:00,151,1,11,0,0,0,0
2024-11-26 20:00:00,151,1,11,0,0,0,0
2024-11-26 21:00:00,143,1,11,0,0,0,0
2024-11-26 22:00:00,137,1,11,0,0,0,0
2024-11-26 23:00:00,140,1,11,0,0,0,0
2024-11-27 00:00:00,110,2,11,0,0,0,0
2024-11-27 01:00:00,116,2,11,0,0,0,0
2024-11-27 02:00:00,111,2,11,0,0,0,0
2024-11-27 03:00:00,107,2,11,0,0,0,0
2024-11-27 04:00:00,104,2,11,0,0,0,0
2024-11-27 05:00:00,109,2,11,0,0,0,0
2024-11-27 06:00:00,140,2,11,0,0,0,0
2024-11-27 07:00:00,142,2,11,0,0,0,0
2024-11-27 08:00:00,171,2,11,0,0,0,0
2024-11-27 09:00:00,181,2,11,0,0,0,0
2024-11-27 10:00:00,170,2,11,0,0,0,0
2024-11-27 11:00:00,174,2,11,0,0,0,0
2024-11-27 12:00:00,170,2,11,0,0,0,0
2024-11-27 13:00:00,156,2,11,0,0,0,0
2024-11-27 14:00:00,161,2,11,0,0,0,0
2024-11-27 15:00:00,159,2,11,0,0,0,0
2024-11-27 16:00:00,153,2,11,0,0,0,0
2024-11-27 17:00:00,146,2,11,0,0,0,0
2024-11-27 18:00:00,144,2,11,0,0,0,0
2024-11-27 19:00:00,149,2,11,0,0,0,0
2024-11-27 20:00:00,152,2,11,0,0,0,0
2024-11-27 21:00:00,136,2,11,0,0,0,0
2024-11-27 22:00:00,133,2,11,0,0,0,0
2024-11-27 23:00:00,131,2,11,0,0,0,0
2024-11-28 00:00:00,103,3,11,0,0,0,0
2024-11-28 01:00:00,107,3,11,0,0,0,0
2024-11-28 02:00:00,98,3,11,0,0,0,0
2024-11-28 03:00:00,100,3,11,0,0,0,0
2024-11-28 04:00:00,100,3,11,0,0,0,0
2024-11-28 05:00:00,106,3,11,0,0,0,0
2024-11-28 06:00:00,141,3,11,0,0,0,0
2024-11-28 07:00:00,127,3,11,0,0,0,0
2024-11-28 08:00:00,162,3,11,0,0,0,0
2024-11-28 09:00:00,165,3,11,0,0,0,0
2024-11-28 10:00:00,168,3,11,0,0,0,0
2024-11-28 11:00:00,172,3,11,0,0,0,0
2024-11-28 12:00:00,173,3,11,0,0,0,0
2024-11-28 13:00:00,153,3,11,0,0,0,0
2024-11-28 14:00:00,146,3,11,0,0,0,0
2024-11-28 15:00:00,150,3,11,0,0,0,0
2024-11-28 16:00:00,155,3,11,0,0,0,0
2024-11-28 17:00:00,140,3,11,0,0,0,0
2024-11-28 18:00:00,140,3,11,0,0,0,0
2024-11-28 19:00:00,144,3,11,0,0,0,0
2024-11-28 20:00:00,144,3,11,0,0,0,0
2024-11-28 21:00:00,135,3,11,0,0,0,0
2024-11-28 22:00:00,128,3,11,0,0,0,0
2024-11-28 23:00:00,131,3,11,0,0,0,0
2024-11-29 00:00:00,104,4,11,0,0,0,0
2024-11-29 01:00:00,90,4,11,0,0,0,0
2024-11-29 02:00:00,100,4,11,0,0,0,0
2024-11-29 03:00:00,99,4,11,0,0,0,0
2024-11-29 04:00:00,95,4,11,0,0,0,0
2024-11-29 05:00:00,101,4,11,0,0,0,0
2024-11-29 06:00:00,124,4,11,0,0,0,0
2024-11-29 07:00:00,122,4,11,0,0,0,0
2024-11-29 08:00:00,153,4,11,0,0,0,0
2024-11-29 09:00:00,167,4,11,0,0,0,0
2024-11-29 10:00:00,170,4,11,0,0,0,0
2024-11-29 11:00:00,166,4,11,0,0,0,0
2024-11-29 12:00:00,164,4,11,0,0,0,0
2024-11-29 13:00:00,146,4,11,0,0,0,0
2024-11-29 14:00:00,144,4,11,0,0,0,0
2024-11-29 15:00:00,152,4,11,0,0,0,0
2024-11-29 16:00:00,152,4,11,0,0,0,0
2024-11-29 17:00:00,133,4,11,0,0,0,0
2024-11-29 18:00:00,144,4,11,0,0,0,0
2024-11-29 19:00:00,138,4,11,0,0,0,0
2024-11-29 20:00:00,139,4,11,0,0,0,0
2024-11-29 21:00:00,123,4,11,0,0,0,0
2024-11-29 22:00:00,118,4,11,0,0,0,0
2024-11-29 23:00:00,120,4,11,0,0,0,0
2024-11-30 00:00:00,67,5,11,1,0,0,0
2024-11-30 01:00:00,84,5,11,1,0,0,0
2024-11-30 02:00:00,83,5,11,1,0,0,0
2024-11-30 03:00:00,81,5,11,1,0,0,0
2024-11-30 04:00:00,82,5,11,1,0,0,0
2024-11-30 05:00:00,81,5,11,1,0,0,0
2024-11-30 06:00:00,106,5,11,1,0,0,0
2024-11-30 07:00:00,101,5,11,1,0,0,0
2024-11-30 08:00:00,127,5,11,1,0,0,0
2024-11-30 09:00:00,129,5,11,1,0,0,0
2024-11-30 10:00:00,136,5,11,1,0,0,0
2024-11-30 11:00:00,127,5,11,1,0,0,0
2024-11-30 12:00:00,132,5,11,1,0,0,0
2024-11-30 13:00:00,122,5,11,1,0,0,0
2024-11-30 14:00:00,117,5,11,1,0,0,0
2024-11-30 15:00:00,120,5,11,1,0,0,0
2024-11-30 16:00:00,120,5,11,1,0,0,0
2024-11-30 17:00:00,111,5,11,1,0,0,0
2024-11-30 18:00:00,111,5,11,1,0,0,0
2024-11-30 19:00:00,103,5,11,1,0,0,0
2024-11-30 20:00:00,110,5,11,1,0,0,0
2024-11-30 21:00:00,94,5,11,1,0,0,0
2024-11-30 22:00:00,104,5,11,1,0,0,0
2024-11-30 23:00:00,93,5,11,1,0,0,0
2024-12-01 00:00:00,95,6,12,1,0,0,0
2024-12-01 01:00:00,101,6,12,1,0,0,0
2024-12-01 02:00:00,91,6,12,1,0,0,0
2024-12-01 03:00:00,92,6,12,1,0,0,0
2024-12-01 04:00:00,96,6,12,1,0,0,0
2024-12-01 05:00:00,102,6,12,1,0,0,0
2024-12-01 06:00:00,117,6,12,1,0,0,0
2024-12-01 07:00:00,124,6,12,1,0,0,0
2024-12-01 08:00:00,147,6,12,1,0,0,0
2024-12-01 09:00:00,151,6,12,1,0,0,0
2024-12-01 10:00:00,156,6,12,1,0,0,0
2024-12-01 11:00:00,152,6,12,1,0,0,0
2024-12-01 12:00:00,156,6,12,1,0,0,0
2024-12-01 13:00:00,139,6,12,1,0,0,0
2024-12-01 14:00:00,149,6,12,1,0,0,0
2024-12-01 15:00:00,135,6,12,1,0,0,0
2024-12-01 16:00:00,145,6,12,1,0,0,0
2024-12-01 17:00:00,123,6,12,1,0,0,0
2024-12-01 18:00:00,125,6,12,1,0,0,0
2024-12-01 19:00:00,120,6,12,1,0,0,0
2024-12-01 20:00:00,133,6,12,1,0,0,0
2024-12-01 21:00:00,116,6,12,1,0,0,0
2024-12-01 22:00:00,122,6,12,1,0,0,0
2024-12-01 23:00:00,119,6,12,1,0,0,0
2024-12-02 00:00:00,123,0,12,0,0,0,0
2024-12-02 01:00:00,124,0,12,0,0,0,0
2024-12-02 02:00:00,118,0,12,0,0,0,0
2024-12-02 03:00:00,125,0,12,0,0,0,0
2024-12-02 04:00:00,125,0,12,0,0,0,0
2024-12-02 05:00:00,119,0,12,0,0,0,0
2024-12-02 06:00:00,154,0,12,0,0,0,0
2024-12-02 07:00:00,153,0,12,0,0,0,0
2024-12-02 08:00:00,186,0,12,0,0,0,0
2024-12-02 09:00:00,187,0,12,0,0,0,0
2024-12-02 10:00:00,196,0,12,0,0,0,0
2024-12-02 11:00:00,202,0,12,0,0,0,0
2024-12-02 12:00:00,203,0,12,0,0,0,0
2024-12-02 13:00:00,180,0,12,0,0,0,0
2024-12-02 14:00:00,181,0,12,0,0,0,0
2024-12-02 15:00:00,186,0,12,0,0,0,0
2024-12-02 16:00:00,179,0,12,0,0,0,0
2024-12-02 17:00:00,172,0,12,0,0,0,0
2024-12-02 18:00:00,163,0,12,0,0,0,0
2024-12-02 19:00:00,173,0,12,0,0,0,0
2024-12-02 20:00:00,170,0,12,0,0,0,0
2024-12-02 21:00:00,147,0,12,0,0,0,0
2024-12-02 22:00:00,147,0,12,0,0,0,0
2024-12-02 23:00:00,151,0,12,0,0,0,0
2024-12-03 00:00:00,119,1,12,0,0,0,0
2024-12-03 01:00:00,132,1,12,0,0,0,0
2024-12-03 02:00:00,118,1,12,0,0,0,0
2024-12-03 03:00:00,125,1,12,0,0,0,0
2024-12-03 04:00:00,122,1,12,0,0,0,0
2024-12-03 05:00:00,124,1,12,0,0,0,0
2024-12-03 06:00:00,156,1,12,0,0,0,0
2024-12-03 07:00:00,162,1,12,0,0,0,0
2024-12-03 08:00:00,193,1,12,0,0,0,0
2024-12-03 09:00:00,196,1,12,0,0,0,0
2024-12-03 10:00:00,200,1,12,0,0,0,0
2024-12-03 11:00:00,200,1,12,0,0,0,0
2024-12-03 12:00:00,196,1,12,0,0,0,0
2024-12-03 13:00:00,188,1,12,0,0,0,0
2024-12-03 14:00:00,183,1,12,0,0,0,0
2024-12-03 15:00:00,180,1,12,0,0,0,0
2024-12-03 16:00:00,179,1,12,0,0,0,0
2024-12-03 17:00:00,170,1,12,0,0,0,0
2024-12-03 18:00:00,170,1,12,0,0,0,0
2024-12-03 19:00:00,170,1,12,0,0,0,0
2024-12-03 20:00:00,169,1,12,0,0,0,0
2024-12-03 21:00:00,156,1,12,0,0,0,0
2024-12-03 22:00:00,153,1,12,0,0,0,0
2024-12-03 23:00:00,150,1,12,0,0,0,0
2024-12-04 00:00:00,113,2,12,0,0,0,0
2024-12-04 01:00:00,126,2,12,0,0,0,0
2024-12-04 02:00:00,122,2,12,0,0,0,0
2024-12-04 03:00:00,122,2,12,0,0,0,0
2024-12-04 04:00:00,118,2,12,0,0,0,0
2024-12-04 05:00:00,122,2,12,0,0,0,0
2024-12-04 06:00:00,151,2,12,0,0,0,0
2024-12-04 07:00:00,151,2,12,0,0,0,0
2024-12-04 08:00:00,186,2,12,0,0,0,0
2024-12-04 09:00:00,198,2,12,0,0,0,0
2024-12-04 10:00:00,198,2,12,0,0,0,0
2024-12-04 11:00:00,196,2,12,0,0,0,0
2024-12-04 12:00:00,192,2,12,0,0,0,0
2024-12-04 13:00:00,176,2,12,0,0,0,0
2024-12-04 14:00:00,180,2,12,0,0,0,0
2024-12-04 15:00:00,177,2,12,0,0,0,0
2024-12-04 16:00:00,181,2,12,0,0,0,0
2024-12-04 17:00:00,174,2,12,0,0,0,0
2024-12-04 18:00:00,168,2,12,0,0,0,0
2024-12-04 19:00:00,161,2,12,0,0,0,0
2024-12-04 20:00:00,169,2,12,0,0,0,0
2024-12-04 21:00:00,149,2,12,0,0,0,0
2024-12-04 22:00:00,151,2,12,0,0,0,0
2024-12-04 23:00:00,156,2,12,0,0,0,0
2024-12-05 00:00:00,118,3,12,0,0,0,0
2024-12-05 01:00:00,122,3,12,0,0,0,0
2024-12-05 02:00:00,120,3,12,0,0,0,0
2024-12-05 03:00:00,111,3,12,0,0,0,0
2024-12-05 04:00:00,121,3,12,0,0,0,0
2024-12-05 05:00:00,110,3,12,0,0,0,0
2024-12-05 06:00:00,146,3,12,0,0,0,0
2024-12-05 07:00:00,146,3,12,0,0,0,0
2024-12-05 08:00:00,180,3,12,0,0,0,0
2024-12-05 09:00:00,188,3,12,0,0,0,0
2024-12-05 10:00:00,199,3,12,0,0,0,0
2024-12-05 11:00:00,194,3,12,0,0,0,0
2024-12-05 12:00:00,194,3,12,0,0,0,0
2024-12-05 13:00:00,173,3,12,0,0,0,0
2024-12-05 14:00:00,173,3,12,0,0,0,0
2024-12-05 15:00:00,175,3,12,0,0,0,0
2024-12-05 16:00:00,174,3,12,0,0,0,0
2024-12-05 17:00:00,164,3,12,0,0,0,0
2024-12-05 18:00:00,164,3,12,0,0,0,0
2024-12-05 19:00:00,160,3,12,0,0,0,0
2024-12-05 20:00:00,164,3,12,0,0,0,0
2024-12-05 21:00:00,148,3,12,0,0,0,0
2024-12-05 22:00:00,147,3,12,0,0,0,0
2024-12-05 23:00:00,148,3,12,0,0,0,0
2024-12-06 00:00:00,116,4,12,0,0,0,0
2024-12-06 01:00:00,113,4,12,0,0,0,0
2024-12-06 02:00:00,115,4,12,0,0,0,0
2024-12-06 03:00:00,111,4,12,0,0,0,0
2024-12-06 04:00:00,118,4,12,0,0,0,0
2024-12-06 05:00:00,108,4,12,0,0,0,0
2024-12-06 06:00:00,139,4,12,0,0,0,0
2024-12-06 07:00:00,142,4,12,0,0,0,0
2024-12-06 08:00:00,174,4,12,0,0,0,0
2024-12-06 09:00:00,185,4,12,0,0,0,0
2024-12-06 10:00:00,189,4,12,0,0,0,0
2024-12-06 11:00:00,190,4,12,0,0,0,0
2024-12-06 12:00:00,195,4,12,0,0,0,0
2024-12-06 13:00:00,170,4,12,0,0,0,0
2024-12-06 14:00:00,167,4,12,0,0,0,0
2024-12-06 15:00:00,168,4,12,0,0,0,0
2024-12-06 16:00:00,167,4,12,0,0,0,0
2024-12-06 17:00:00,163,4,12,0,0,0,0
2024-12-06 18:00:00,163,4,12,0,0,0,0
2024-12-06 19:00:00,161,4,12,0,0,0,0
2024-12-06 20:00:00,154,4,12,0,0,0,0
2024-12-06 21:00:00,138,4,12,0,0,0,0
2024-12-06 22:00:00,134,4,12,0,0,0,0
2024-12-06 23:00:00,140,4,12,0,0,0,0
2024-12-07 00:00:00,91,5,12,1,0,0,0
2024-12-07 01:00:00,90,5,12,1,0,0,0
2024-12-07 02:00:00,84,5,12,1,0,0,0
2024-12-07 03:00:00,89,5,12,1,0,0,0
2024-12-07 04:00:00,92,5,12,1,0,0,0
2024-12-07 05:00:00,92,5,12,1,0,0,0
2024-12-07 06:00:00,114,5,12,1,0,0,0
2024-12-07 07:00:00,108,5,12,1,0,0,0
2024-12-07 08:00:00,140,5,12,1,0,0,0
2024-12-07 09:00:00,149,5,12,1,0,0,0
2024-12-07 10:00:00,150,5,12,1,0,0,0
2024-12-07 11:00:00,151,5,12,1,0,0,0
2024-12-07 12:00:00,155,5,12,1,0,0,0
2024-12-07 13:00:00,130,5,12,1,0,0,0
2024-12-07 14:00:00,137,5,12,1,0,0,0
2024-12-07 15:00:00,136,5,12,1,0,0,0
2024-12-07 16:00:00,136,5,12,1,0,0,0
2024-12-07 17:00:00,125,5,12,1,0,0,0
2024-12-07 18:00:00,123,5,12,1,0,0,0
2024-12-07 19:00:00,123,5,12,1,0,0,0
2024-12-07 20:00:00,129,5,12,1,0,0,0
2024-12-07 21:00:00,107,5,12,1,0,0,0
2024-12-07 22:00:00,115,5,12,1,0,0,0
2024-12-07 23:00:00,115,5,12,1,0,0,0
2024-12-08 00:00:00,92,6,12,1,0,0,0
2024-12-08 01:00:00,99,6,12,1,0,0,0
2024-12-08 02:00:00,96,6,12,1,0,0,0
2024-12-08 03:00:00,98,6,12,1,0,0,0
2024-12-08 04:00:00,95,6,12,1,0,0,0
2024-12-08 05:00:00,94,6,12,1,0,0,0
2024-12-08 06:00:00,121,6,12,1,0,0,0
2024-12-08 07:00:00,117,6,12,1,0,0,0
2024-12-08 08:00:00,146,6,12,1,0,0,0
2024-12-08 09:00:00,154,6,12,1,0,0,0
2024-12-08 10:00:00,153,6,12,1,0,0,0
2024-12-08 11:00:00,149,6,12,1,0,0,0
2024-12-08 12:00:00,161,6,12,1,0,0,0
2024-12-08 13:00:00,133,6,12,1,0,0,0
2024-12-08 14:00:00,134,6,12,1,0,0,0
2024-12-08 15:00:00,144,6,12,1,0,0,0
2024-12-08 16:00:00,139,6,12,1,0,0,0
2024-12-08 17:00:00,134,6,12,1,0,0,0
2024-12-08 18:00:00,134,6,12,1,0,0,0
2024-12-08 19:00:00,124,6,12,1,0,0,0
2024-12-08 20:00:00,133,6,12,1,0,0,0
2024-12-08 21:00:00,118,6,12,1,0,0,0
2024-12-08 22:00:00,118,6,12,1,0,0,0
2024-12-08 23:00:00,124,6,12,1,0,0,0
2024-12-09 00:00:00,124,0,12,0,0,0,0
2024-12-09 01:00:00,128,0,12,0,0,0,0
2024-12-09 02:00:00,124,0,12,0,0,0,0
2024-12-09 03:00:00,125,0,12,0,0,0,0
2024-12-09 04:00:00,128,0,12,0,0,0,0
2024-12-09 05:00:00,122,0,12,0,0,0,0
2024-12-09 06:00:00,152,0,12,0,0,0,0
2024-12-09 07:00:00,149,0,12,0,0,0,0
2024-12-09 08:00:00,186,0,12,0,0,0,0
2024-12-09 09:00:00,194,0,12,0,0,0,0
2024-12-09 10:00:00,199,0,12,0,0,0,0
2024-12-09 11:00:00,202,0,12,0,0,0,0
2024-12-09 12:00:00,195,0,12,0,0,0,0
2024-12-09 13:00:00,185,0,12,0,0,0,0
2024-12-09 14:00:00,185,0,12,0,0,0,0
2024-12-09 15:00:00,175,0,12,0,0,0,0
2024-12-09 16:00:00,185,0,12,0,0,0,0
2024-12-09 17:00:00,168,0,12,0,0,0,0
2024-12-09 18:00:00,174,0,12,0,0,0,0
2024-12-09 19:00:00,171,0,12,0,0,0,0
2024-12-09 20:00:00,170,0,12,0,0,0,0
2024-12-09 21:00:00,150,0,12,0,0,0,0
2024-12-09 22:00:00,156,0,12,0,0,0,0
2024-12-09 23:00:00,155,0,12,0,0,0,0
2024-12-10 00:00:00,123,1,12,0,0,0,0
2024-12-10 01:00:00,130,1,12,0,0,0,0
2024-12-10 02:00:00,121,1,12,0,0,0,0
2024-12-10 03:00:00,130,1,12,0,0,0,0
2024-12-10 04:00:00,120,1,12,0,0,0,0
2024-12-10 05:00:00,126,1,12,0,0,0,0
2024-12-10 06:00:00,151,1,12,0,0,0,0
2024-12-10 07:00:00,153,1,12,0,0,0,0
2024-12-10 08:00:00,190,1,12,0,0,0,0
2024-12-10 09:00:00,205,1,12,0,0,0,0
2024-12-10 10:00:00,202,1,12,0,0,0,0
2024-12-10 11:00:00,205,1,12,0,0,0,0
2024-12-10 12:00:00,205,1,12,0,0,0,0
2024-12-10 13:00:00,188,1,12,0,0,0,0
2024-12-10 14:00:00,178,1,12,0,0,0,0
2024-12-10 15:00:00,189,1,12,0,0,0,0
2024-12-10 16:00:00,183,1,12,0,0,0,0
2024-12-10 17:00:00,167,1,12,0,0,0,0
2024-12-10 18:00:00,173,1,12,0,0,0,0
2024-12-10 19:00:00,171,1,12,0,0,0,0
2024-12-10 20:00:00,171,1,12,0,0,0,0
2024-12-10 21:00:00,152,1,12,0,0,0,0
2024-12-10 22:00:00,157,1,12,0,0,0,0
2024-12-10 23:00:00,152,1,12,0,0,0,0
2024-12-11 00:00:00,125,2,12,0,0,0,0
2024-12-11 01:00:00,115,2,12,0,0,0,0
2024-12-11 02:00:00,129,2,12,0,0,0,0
2024-12-11 03:00:00,124,2,12,0,0,0,0
2024-12-11 04:00:00,122,2,12,0,0,0,0
2024-12-11 05:00:00,117,2,12,0,0,0,0
2024-12-11 06:00:00,159,2,12,0,0,0,0
2024-12-11 07:00:00,149,2,12,0,0,0,0
2024-12-11 08:00:00,189,2,12,0,0,0,0
2024-12-11 09:00:00,199,2,12,0,0,0,0
2024-12-11 10:00:00,197,2,12,0,0,0,0
2024-12-11 11:00:00,197,2,12,0,0,0,0
2024-12-11 12:00:00,195,2,12,0,0,0,0
2024-12-11 13:00:00,184,2,12,0,0,0,0
2024-12-11 14:00:00,182,2,12,0,0,0,0
2024-12-11 15:00:00,183,2,12,0,0,0,0
2024-12-11 16:00:00,181,2,12,0,0,0,0
2024-12-11 17:00:00,170,2,12,0,0,0,0
2024-12-11 18:00:00,177,2,12,0,0,0,0
2024-12-11 19:00:00,157,2,12,0,0,0,0
2024-12-11 20:00:00,162,2,12,0,0,0,0
2024-12-11 21:00:00,158,2,12,0,0,0,0
2024-12-11 22:00:00,147,2,12,0,0,0,0
2024-12-11 23:00:00,150,2,12,0,0,0,0
2024-12-12 00:00:00,108,3,12,0,0,0,0
2024-12-12 01:00:00,119,3,12,0,0,0,0
2024-12-12 02:00:00,117,3,12,0,0,0,0
2024-12-12 03:00:00,115,3,12,0,0,0,0
2024-12-12 04:00:00,115,3,12,0,0,0,0
2024-12-12 05:00:00,120,3,12,0,0,0,0
2024-12-12 06:00:00,151,3,12,0,0,0,0
2024-12-12 07:00:00,147,3,12,0,0,0,0
2024-12-12 08:00:00,182,3,12,0,0,0,0
2024-12-12 09:00:00,197,3,12,0,0,0,0
2024-12-12 10:00:00,187,3,12,0,0,0,0
2024-12-12 11:00:00,183,3,12,0,0,0,0
2024-12-12 12:00:00,192,3,12,0,0,0,0
2024-12-12 13:00:00,178,3,12,0,0,0,0
2024-12-12 14:00:00,174,3,12,0,0,0,0
2024-12-12 15:00:00,169,3,12,0,0,0,0
2024-12-12 16:00:00,173,3,12,0,0,0,0
2024-12-12 17:00:00,157,3,12,0,0,0,0
2024-12-12 18:00:00,168,3,12,0,0,0,0
2024-12-12 19:00:00,164,3,12,0,0,0,0
2024-12-12 20:00:00,163,3,12,0,0,0,0
2024-12-12 21:00:00,144,3,12,0,0,0,0
2024-12-12 22:00:00,150,3,12,0,0,0,0
2024-12-12 23:00:00,144,3,12,0,0,0,0
2024-12-13 00:00:00,115,4,12,0,0,0,0
2024-12-13 01:00:00,111,4,12,0,0,0,0
2024-12-13 02:00:00,115,4,12,0,0,0,0
2024-12-13 03:00:00,113,4,12,0,0,0,0
2024-12-13 04:00:00,112,4,12,0,0,0,0
2024-12-13 05:00:00,106,4,12,0,0,0,0
2024-12-13 06:00:00,144,4,12,0,0,0,0
2024-12-13 07:00:00,149,4,12,0,0,0,0
2024-12-13 08:00:00,178,4,12,0,0,0,0
2024-12-13 09:00:00,187,4,12,0,0,0,0
2024-12-13 10:00:00,197,4,12,0,0,0,0
2024-12-13 11:00:00,195,4,12,0,0,0,0
2024-12-13 12:00:00,189,4,12,0,0,0,0
2024-12-13 13:00:00,174,4,12,0,0,0,0
2024-12-13 14:00:00,168,4,12,0,0,0,0
2024-12-13 15:00:00,167,4,12,0,0,0,0
2024-12-13 16:00:00,168,4,12,0,0,0,0
2024-12-13 17:00:00,153,4,12,0,0,0,0
2024-12-13 18:00:00,149,4,12,0,0,0,0
2024-12-13 19:00:00,156,4,12,0,0,0,0
2024-12-13 20:00:00,164,4,12,0,0,0,0
2024-12-13 21:00:00,144,4,12,0,0,0,0
2024-12-13 22:00:00,143,4,12,0,0,0,0
2024-12-13 23:00:00,147,4,12,0,0,0,0
2024-12-14 00:00:00,88,5,12,1,0,0,0
2024-12-14 01:00:00,88,5,12,1,0,0,0
2024-12-14 02:00:00,93,5,12,1,0,0,0
2024-12-14 03:00:00,89,5,12,1,0,0,0
2024-12-14 04:00:00,84,5,12,1,0,0,0
2024-12-14 05:00:00,94,5,12,1,0,0,0
2024-12-14 06:00:00,114,5,12,1,0,0,0
2024-12-14 07:00:00,111,5,12,1,0,0,0
2024-12-14 08:00:00,142,5,12,1,0,0,0
2024-12-14 09:00:00,153,5,12,1,0,0,0
2024-12-14 10:00:00,153,5,12,1,0,0,0
2024-12-14 11:00:00,141,5,12,1,0,0,0
2024-12-14 12:00:00,163,5,12,1,0,0,0
2024-12-14 13:00:00,140,5,12,1,0,0,0
2024-12-14 14:00:00,137,5,12,1,0,0,0
2024-12-14 15:00:00,137,5,12,1,0,0,0
2024-12-14 16:00:00,136,5,12,1,0,0,0
2024-12-14 17:00:00,120,5,12,1,0,0,0
2024-12-14 18:00:00,127,5,12,1,0,0,0
2024-12-14 19:00:00,126,5,12,1,0,0,0
2024-12-14 20:00:00,127,5,12,1,0,0,0
2024-12-14 21:00:00,120,5,12,1,0,0,0
2024-12-14 22:00:00,114,5,12,1,0,0,0
2024-12-14 23:00:00,111,5,12,1,0,0,0
2024-12-15 00:00:00,94,6,12,1,0,0,0
2024-12-15 01:00:00,97,6,12,1,0,0,0
2024-12-15 02:00:00,97,6,12,1,0,0,0
2024-12-15 03:00:00,100,6,12,1,0,0,0
2024-12-15 04:00:00,97,6,12,1,0,0,0
2024-12-15 05:00:00,97,6,12,1,0,0,0
2024-12-15 06:00:00,122,6,12,1,0,0,0
2024-12-15 07:00:00,120,6,12,1,0,0,0
2024-12-15 08:00:00,150,6,12,1,0,0,0
2024-12-15 09:00:00,155,6,12,1,0,0,0
2024-12-15 10:00:00,150,6,12,1,0,0,0
2024-12-15 11:00:00,156,6,12,1,0,0,0
2024-12-15 12:00:00,159,6,12,1,0,0,0
2024-12-15 13:00:00,135,6,12,1,0,0,0
2024-12-15 14:00:00,136,6,12,1,0,0,0
2024-12-15 15:00:00,146,6,12,1,0,0,0
2024-12-15 16:00:00,147,6,12,1,0,0,0
2024-12-15 17:00:00,128,6,12,1,0,0,0
2024-12-15 18:00:00,137,6,12,1,0,0,0
2024-12-15 19:00:00,130,6,12,1,0,0,0
2024-12-15 20:00:00,129,6,12,1,0,0,0
2024-12-15 21:00:00,124,6,12,1,0,0,0
2024-12-15 22:00:00,115,6,12,1,0,0,0
2024-12-15 23:00:00,111,6,12,1,0,0,0
2024-12-16 00:00:00,122,0,12,0,0,0,0
2024-12-16 01:00:00,129,0,12,0,0,0,0
2024-12-16 02:00:00,128,0,12,0,0,0,0
2024-12-16 03:00:00,130,0,12,0,0,0,0
2024-12-16 04:00:00,125,0,12,0,0,0,0
2024-12-16 05:00:00,124,0,12,0,0,0,0
2024-12-16 06:00:00,157,0,12,0,0,0,0
2024-12-16 07:00:00,153,0,12,0,0,0,0
2024-12-16 08:00:00,188,0,12,0,0,0,0
2024-12-16 09:00:00,202,0,12,0,0,0,0
2024-12-16 10:00:00,207,0,12,0,0,0,0
2024-12-16 11:00:00,207,0,12,0,0,0,0
2024-12-16 12:00:00,199,0,12,0,0,0,0
2024-12-16 13:00:00,188,0,12,0,0,0,0
2024-12-16 14:00:00,190,0,12,0,0,0,0
2024-12-16 15:00:00,180,0,12,0,0,0,0
2024-12-16 16:00:00,180,0,12,0,0,0,0
2024-12-16 17:00:00,172,0,12,0,0,0,0
2024-12-16 18:00:00,175,0,12,0,0,0,0
2024-12-16 19:00:00,168,0,12,0,0,0,0
2024-12-16 20:00:00,175,0,12,0,0,0,0
2024-12-16 21:00:00,151,0,12,0,0,0,0
2024-12-16 22:00:00,149,0,12,0,0,0,0
2024-12-16 23:00:00,158,0,12,0,0,0,0
2024-12-17 00:00:00,128,1,12,0,0,0,0
2024-12-17 01:00:00,122,1,12,0,0,0,0
2024-12-17 02:00:00,130,1,12,0,0,0,0
2024-12-17 03:00:00,122,1,12,0,0,0,0
2024-12-17 04:00:00,132,1,12,0,0,0,0
2024-12-17 05:00:00,131,1,12,0,0,0,0
2024-12-17 06:00:00,158,1,12,0,0,0,0
2024-12-17 07:00:00,160,1,12,0,0,0,0
2024-12-17 08:00:00,197,1,12,0,0,0,0
2024-12-17 09:00:00,207,1,12,0,0,0,0
2024-12-17 10:00:00,205,1,12,0,0,0,0
2024-12-17 11:00:00,203,1,12,0,0,0,0
2024-12-17 12:00:00,200,1,12,0,0,0,0
2024-12-17 13:00:00,188,1,12,0,0,0,0
2024-12-17 14:00:00,186,1,12,0,0,0,0
2024-12-17 15:00:00,185,1,12,0,0,0,0
2024-12-17 16:00:00,185,1,12,0,0,0,0
2024-12-17 17:00:00,171,1,12,0,0,0,0
2024-12-17 18:00:00,166,1,12,0,0,0,0
2024-12-17 19:00:00,177,1,12,0,0,0,0
2024-12-17 20:00:00,169,1,12,0,0,0,0
2024-12-17 21:00:00,158,1,12,0,0,0,0
2024-12-17 22:00:00,150,1,12,0,0,0,0
2024-12-17 23:00:00,159,1,12,0,0,0,0
2024-12-18 00:00:00,125,2,12,0,0,0,0
2024-12-18 01:00:00,126,2,12,0,0,0,0
2024-12-18 02:00:00,120,2,12,0,0,0,0
2024-12-18 03:00:00,124,2,12,0,0,0,0
2024-12-18 04:00:00,124,2,12,0,0,0,0
2024-12-18 05:00:00,119,2,12,0,0,0,0
2024-12-18 06:00:00,152,2,12,0,0,0,0
2024-12-18 07:00:00,154,2,12,0,0,0,0
2024-12-18 08:00:00,189,2,12,0,0,0,0
2024-12-18 09:00:00,202,2,12,0,0,0,0
2024-12-18 10:00:00,204,2,12,0,0,0,0
2024-12-18 11:00:00,207,2,12,0,0,0,0
2024-12-18 12:00:00,195,2,12,0,0,0,0
2024-12-18 13:00:00,185,2,12,0,0,0,0
2024-12-18 14:00:00,182,2,12,0,0,0,0
2024-12-18 15:00:00,179,2,12,0,0,0,0
2024-12-18 16:00:00,179,2,12,0,0,0,0
2024-12-18 17:00:00,171,2,12,0,0,0,0
2024-12-18 18:00:00,164,2,12,0,0,0,0
2024-12-18 19:00:00,166,2,12,0,0,0,0
2024-12-18 20:00:00,171,2,12,0,0,0,0
2024-12-18 21:00:00,155,2,12,0,0,0,0
2024-12-18 22:00:00,155,2,12,0,0,0,0
2024-12-18 23:00:00,149,2,12,0,0,0,0
2024-12-19 00:00:00,114,3,12,0,0,0,0
2024-12-19 01:00:00,116,3,12,0,0,0,0
2024-12-19 02:00:00,118,3,12,0,0,0,0
2024-12-19 03:00:00,121,3,12,0,0,0,0
2024-12-19 04:00:00,112,3,12,0,0,0,0
2024-12-19 05:00:00,118,3,12,0,0,0,0
2024-12-19 06:00:00,145,3,12,0,0,0,0
2024-12-19 07:00:00,149,3,12,0,0,0,0
2024-12-19 08:00:00,181,3,12,0,0,0,0
2024-12-19 09:00:00,192,3,12,0,0,0,0
2024-12-19 10:00:00,193,3,12,0,0,0,0
2024-12-19 11:00:00,195,3,12,0,0,0,0
2024-12-19 12:00:00,187,3,12,0,0,0,0
2024-12-19 13:00:00,168,3,12,0,0,0,0
2024-12-19 14:00:00,178,3,12,0,0,0,0
2024-12-19 15:00:00,169,3,12,0,0,0,0
2024-12-19 16:00:00,180,3,12,0,0,0,0
2024-12-19 17:00:00,160,3,12,0,0,0,0
2024-12-19 18:00:00,165,3,12,0,0,0,0
2024-12-19 19:00:00,159,3,12,0,0,0,0
2024-12-19 20:00:00,160,3,12,0,0,0,0
2024-12-19 21:00:00,152,3,12,0,0,0,0
2024-12-19 22:00:00,146,3,12,0,0,0,0
2024-12-19 23:00:00,150,3,12,0,0,0,0
2024-12-20 00:00:00,112,4,12,0,0,0,0
2024-12-20 01:00:00,111,4,12,0,0,0,0
2024-12-20 02:00:00,112,4,12,0,0,0,0
2024-12-20 03:00:00,114,4,12,0,0,0,0
2024-12-20 04:00:00,118,4,12,0,0,0,0
2024-12-20 05:00:00,117,4,12,0,0,0,0
2024-12-20 06:00:00,144,4,12,0,0,0,0
2024-12-20 07:00:00,152,4,12,0,0,0,0
2024-12-20 08:00:00,182,4,12,0,0,0,0
2024-12-20 09:00:00,186,4,12,0,0,0,0
2024-12-20 10:00:00,188,4,12,0,0,0,0
2024-12-20 11:00:00,187,4,12,0,0,0,0
2024-12-20 12:00:00,193,4,12,0,0,0,0
2024-12-20 13:00:00,174,4,12,0,0,0,0
2024-12-20 14:00:00,171,4,12,0,0,0,0
2024-12-20 15:00:00,176,4,12,0,0,0,0
2024-12-20 16:00:00,168,4,12,0,0,0,0
2024-12-20 17:00:00,159,4,12,0,0,0,0
2024-12-20 18:00:00,164,4,12,0,0,0,0
2024-12-20 19:00:00,166,4,12,0,0,0,0
2024-12-20 20:00:00,154,4,12,0,0,0,0
2024-12-20 21:00:00,148,4,12,0,0,0,0
2024-12-20 22:00:00,137,4,12,0,0,0,0
2024-12-20 23:00:00,145,4,12,0,0,0,0
2024-12-21 00:00:00,90,5,12,1,0,0,0
2024-12-21 01:00:00,90,5,12,1,0,0,0
2024-12-21 02:00:00,88,5,12,1,0,0,0
2024-12-21 03:00:00,91,5,12,1,0,0,0
2024-12-21 04:00:00,93,5,12,1,0,0,0
2024-12-21 05:00:00,90,5,12,1,0,0,0
2024-12-21 06:00:00,110,5,12,1,0,0,0
2024-12-21 07:00:00,115,5,12,1,0,0,0
2024-12-21 08:00:00,143,5,12,1,0,0,0
2024-12-21 09:00:00,149,5,12,1,0,0,0
2024-12-21 10:00:00,142,5,12,1,0,0,0
2024-12-21 11:00:00,155,5,12,1,0,0,0
2024-12-21 12:00:00,152,5,12,1,0,0,0
2024-12-21 13:00:00,129,5,12,1,0,0,0
2024-12-21 14:00:00,136,5,12,1,0,0,0
2024-12-21 15:00:00,134,5,12,1,0,0,0
2024-12-21 16:00:00,141,5,12,1,0,0,0
2024-12-21 17:00:00,127,5,12,1,0,0,0
2024-12-21 18:00:00,124,5,12,1,0,0,0
2024-12-21 19:00:00,132,5,12,1,0,0,0
2024-12-21 20:00:00,125,5,12,1,0,0,0
2024-12-21 21:00:00,105,5,12,1,0,0,0
2024-12-21 22:00:00,118,5,12,1,0,0,0
2024-12-21 23:00:00,106,5,12,1,0,0,0
2024-12-22 00:00:00,94,6,12,1,0,0,0
2024-12-22 01:00:00,92,6,12,1,0,0,0
2024-12-22 02:00:00,95,6,12,1,0,0,0
2024-12-22 03:00:00,101,6,12,1,0,0,0
2024-12-22 04:00:00,96,6,12,1,0,0,0
2024-12-22 05:00:00,92,6,12,1,0,0,0
2024-12-22 06:00:00,122,6,12,1,0,0,0
2024-12-22 07:00:00,120,6,12,1,0,0,0
2024-12-22 08:00:00,147,6,12,1,0,0,0
2024-12-22 09:00:00,162,6,12,1,0,0,0
2024-12-22 10:00:00,156,6,12,1,0,0,0
2024-12-22 11:00:00,155,6,12,1,0,0,0
2024-12-22 12:00:00,162,6,12,1,0,0,0
2024-12-22 13:00:00,145,6,12,1,0,0,0
2024-12-22 14:00:00,140,6,12,1,0,0,0
2024-12-22 15:00:00,138,6,12,1,0,0,0
2024-12-22 16:00:00,142,6,12,1,0,0,0
2024-12-22 17:00:00,134,6,12,1,0,0,0
2024-12-22 18:00:00,135,6,12,1,0,0,0
2024-12-22 19:00:00,125,6,12,1,0,0,0
2024-12-22 20:00:00,135,6,12,1,0,0,0
2024-12-22 21:00:00,120,6,12,1,0,0,0
2024-12-22 22:00:00,120,6,12,1,0,0,0
2024-12-22 23:00:00,119,6,12,1,0,0,0
2024-12-23 00:00:00,123,0,12,0,0,0,0
2024-12-23 01:00:00,125,0,12,0,0,0,0
2024-12-23 02:00:00,129,0,12,0,0,0,0
2024-12-23 03:00:00,132,0,12,0,0,0,0
2024-12-23 04:00:00,126,0,12,0,0,0,0
2024-12-23 05:00:00,124,0,12,0,0,0,0
2024-12-23 06:00:00,152,0,12,0,0,0,0
2024-12-23 07:00:00,160,0,12,0,0,0,0
2024-12-23 08:00:00,190,0,12,0,0,0,0
2024-12-23 09:00:00,202,0,12,0,0,0,0
2024-12-23 10:00:00,196,0,12,0,0,0,0
2024-12-23 11:00:00,195,0,12,0,0,0,0
2024-12-23 12:00:00,202,0,12,0,0,0,0
2024-12-23 13:00:00,183,0,12,0,0,0,0
2024-12-23 14:00:00,183,0,12,0,0,0,0
2024-12-23 15:00:00,187,0,12,0,0,0,0
2024-12-23 16:00:00,183,0,12,0,0,0,0
2024-12-23 17:00:00,177,0,12,0,0,0,0
2024-12-23 18:00:00,168,0,12,0,0,0,0
2024-12-23 19:00:00,168,0,12,0,0,0,0
2024-12-23 20:00:00,170,0,12,0,0,0,0
2024-12-23 21:00:00,141,0,12,0,0,0,0
2024-12-23 22:00:00,157,0,12,0,0,0,0
2024-12-23 23:00:00,157,0,12,0,0,0,0
2024-12-24 00:00:00,129,1,12,0,0,0,0
2024-12-24 01:00:00,128,1,12,0,0,0,0
2024-12-24 02:00:00,137,1,12,0,0,0,0
2024-12-24 03:00:00,128,1,12,0,0,0,0
2024-12-24 04:00:00,125,1,12,0,0,0,0
2024-12-24 05:00:00,125,1,12,0,0,0,0
2024-12-24 06:00:00,163,1,12,0,0,0,0
2024-12-24 07:00:00,162,1,12,0,0,0,0
2024-12-24 08:00:00,198,1,12,0,0,0,0
2024-12-24 09:00:00,213,1,12,0,0,0,0
2024-12-24 10:00:00,207,1,12,0,0,0,0
2024-12-24 11:00:00,196,1,12,0,0,0,0
2024-12-24 12:00:00,204,1,12,0,0,0,0
2024-12-24 13:00:00,183,1,12,0,0,0,0
2024-12-24 14:00:00,183,1,12,0,0,0,0
2024-12-24 15:00:00,183,1,12,0,0,0,0
2024-12-24 16:00:00,182,1,12,0,0,0,0
2024-12-24 17:00:00,173,1,12,0,0,0,0
2024-12-24 18:00:00,174,1,12,0,0,0,0
2024-12-24 19:00:00,176,1,12,0,0,0,0
2024-12-24 20:00:00,168,1,12,0,0,0,0
2024-12-24 21:00:00,155,1,12,0,0,0,0
2024-12-24 22:00:00,154,1,12,0,0,0,0
2024-12-24 23:00:00,154,1,12,0,0,0,0
2024-12-25 00:00:00,116,2,12,0,1,1,0
2024-12-25 01:00:00,128,2,12,0,1,1,0
2024-12-25 02:00:00,124,2,12,0,1,1,0
2024-12-25 03:00:00,125,2,12,0,1,1,0
2024-12-25 04:00:00,123,2,12,0,1,1,0
2024-12-25 05:00:00,126,2,12,0,1,1,0
2024-12-25 06:00:00,152,2,12,0,1,1,0
2024-12-25 07:00:00,162,2,12,0,1,1,0
2024-12-25 08:00:00,193,2,12,0,1,1,0
2024-12-25 09:00:00,202,2,12,0,1,1,0
2024-12-25 10:00:00,204,2,12,0,1,1,0
2024-12-25 11:00:00,204,2,12,0,1,1,0
2024-12-25 12:00:00,194,2,12,0,1,1,0
2024-12-25 13:00:00,175,2,12,0,1,1,0
2024-12-25 14:00:00,177,2,12,0,1,1,0
2024-12-25 15:00:00,178,2,12,0,1,1,0
2024-12-25 16:00:00,183,2,12,0,1,1,0
2024-12-25 17:00:00,165,2,12,0,1,1,0
2024-12-25 18:00:00,167,2,12,0,1,1,0
2024-12-25 19:00:00,168,2,12,0,1,1,0
2024-12-25 20:00:00,167,2,12,0,1,1,0
2024-12-25 21:00:00,154,2,12,0,1,1,0
2024-12-25 22:00:00,158,2,12,0,1,1,0
2024-12-25 23:00:00,152,2,12,0,1,1,0
2024-12-26 00:00:00,122,3,12,0,0,0,0
2024-12-26 01:00:00,119,3,12,0,0,0,0
2024-12-26 02:00:00,120,3,12,0,0,0,0
2024-12-26 03:00:00,115,3,12,0,0,0,0
2024-12-26 04:00:00,116,3,12,0,0,0,0
2024-12-26 05:00:00,115,3,12,0,0,0,0
2024-12-26 06:00:00,140,3,12,0,0,0,0
2024-12-26 07:00:00,145,3,12,0,0,0,0
2024-12-26 08:00:00,178,3,12,0,0,0,0
2024-12-26 09:00:00,194,3,12,0,0,0,0
2024-12-26 10:00:00,193,3,12,0,0,0,0
2024-12-26 11:00:00,194,3,12,0,0,0,0
2024-12-26 12:00:00,195,3,12,0,0,0,0
2024-12-26 13:00:00,175,3,12,0,0,0,0
2024-12-26 14:00:00,171,3,12,0,0,0,0
2024-12-26 15:00:00,179,3,12,0,0,0,0
2024-12-26 16:00:00,177,3,12,0,0,0,0
2024-12-26 17:00:00,171,3,12,0,0,0,0
2024-12-26 18:00:00,164,3,12,0,0,0,0
2024-12-26 19:00:00,154,3,12,0,0,0,0
2024-12-26 20:00:00,164,3,12,0,0,0,0
2024-12-26 21:00:00,144,3,12,0,0,0,0
2024-12-26 22:00:00,145,3,12,0,0,0,0
2024-12-26 23:00:00,148,3,12,0,0,0,0
2024-12-27 00:00:00,117,4,12,0,0,0,0
2024-12-27 01:00:00,115,4,12,0,0,0,0
2024-12-27 02:00:00,110,4,12,0,0,0,0
2024-12-27 03:00:00,112,4,12,0,0,0,0
2024-12-27 04:00:00,113,4,12,0,0,0,0
2024-12-27 05:00:00,116,4,12,0,0,0,0
2024-12-27 06:00:00,147,4,12,0,0,0,0
2024-12-27 07:00:00,141,4,12,0,0,0,0
2024-12-27 08:00:00,177,4,12,0,0,0,0
2024-12-27 09:00:00,185,4,12,0,0,0,0
2024-12-27 10:00:00,187,4,12,0,0,0,0
2024-12-27 11:00:00,189,4,12,0,0,0,0
2024-12-27 12:00:00,187,4,12,0,0,0,0
2024-12-27 13:00:00,170,4,12,0,0,0,0
2024-12-27 14:00:00,169,4,12,0,0,0,0
2024-12-27 15:00:00,174,4,12,0,0,0,0
2024-12-27 16:00:00,170,4,12,0,0,0,0
2024-12-27 17:00:00,167,4,12,0,0,0,0
2024-12-27 18:00:00,148,4,12,0,0,0,0
2024-12-27 19:00:00,160,4,12,0,0,0,0
2024-12-27 20:00:00,156,4,12,0,0,0,0
2024-12-27 21:00:00,139,4,12,0,0,0,0
2024-12-27 22:00:00,146,4,12,0,0,0,0
2024-12-27 23:00:00,149,4,12,0,0,0,0
2024-12-28 00:00:00,90,5,12,1,0,0,0
2024-12-28 01:00:00,90,5,12,1,0,0,0
2024-12-28 02:00:00,95,5,12,1,0,0,0
2024-12-28 03:00:00,92,5,12,1,0,0,0
2024-12-28 04:00:00,90,5,12,1,0,0,0
2024-12-28 05:00:00,93,5,12,1,0,0,0
2024-12-28 06:00:00,110,5,12,1,0,0,0
2024-12-28 07:00:00,117,5,12,1,0,0,0
2024-12-28 08:00:00,144,5,12,1,0,0,0
2024-12-28 09:00:00,153,5,12,1,0,0,0
2024-12-28 10:00:00,152,5,12,1,0,0,0
2024-12-28 11:00:00,152,5,12,1,0,0,0
2024-12-28 12:00:00,151,5,12,1,0,0,0
2024-12-28 13:00:00,135,5,12,1,0,0,0
2024-12-28 14:00:00,136,5,12,1,0,0,0
2024-12-28 15:00:00,138,5,12,1,0,0,0
2024-12-28 16:00:00,140,5,12,1,0,0,0
2024-12-28 17:00:00,136,5,12,1,0,0,0
2024-12-28 18:00:00,122,5,12,1,0,0,0
2024-12-28 19:00:00,129,5,12,1,0,0,0
2024-12-28 20:00:00,122,5,12,1,0,0,0
2024-12-28 21:00:00,116,5,12,1,0,0,0
2024-12-28 22:00:00,110,5,12,1,0,0,0
2024-12-28 23:00:00,115,5,12,1,0,0,0
2024-12-29 00:00:00,91,6,12,1,0,0,0
2024-12-29 01:00:00,92,6,12,1,0,0,0
2024-12-29 02:00:00,98,6,12,1,0,0,0
2024-12-29 03:00:00,91,6,12,1,0,0,0
2024-12-29 04:00:00,97,6,12,1,0,0,0
2024-12-29 05:00:00,97,6,12,1,0,0,0
2024-12-29 06:00:00,121,6,12,1,0,0,0
2024-12-29 07:00:00,111,6,12,1,0,0,0
2024-12-29 08:00:00,143,6,12,1,0,0,0
2024-12-29 09:00:00,151,6,12,1,0,0,0
2024-12-29 10:00:00,159,6,12,1,0,0,0
2024-12-29 11:00:00,157,6,12,1,0,0,0
2024-12-29 12:00:00,153,6,12,1,0,0,0
2024-12-29 13:00:00,150,6,12,1,0,0,0
2024-12-29 14:00:00,148,6,12,1,0,0,0
2024-12-29 15:00:00,133,6,12,1,0,0,0
2024-12-29 16:00:00,142,6,12,1,0,0,0
2024-12-29 17:00:00,137,6,12,1,0,0,0
2024-12-29 18:00:00,128,6,12,1,0,0,0
2024-12-29 19:00:00,126,6,12,1,0,0,0
2024-12-29 20:00:00,127,6,12,1,0,0,0
2024-12-29 21:00:00,116,6,12,1,0,0,0
2024-12-29 22:00:00,117,6,12,1,0,0,0
2024-12-29 23:00:00,120,6,12,1,0,0,0
2024-12-30 00:00:00,126,0,12,0,0,0,0
2024-12-30 01:00:00,123,0,12,0,0,0,0
2024-12-30 02:00:00,123,0,12,0,0,0,0
2024-12-30 03:00:00,125,0,12,0,0,0,0
2024-12-30 04:00:00,125,0,12,0,0,0,0
2024-12-30 05:00:00,119,0,12,0,0,0,0
2024-12-30 06:00:00,161,0,12,0,0,0,0
2024-12-30 07:00:00,159,0,12,0,0,0,0
2024-12-30 08:00:00,190,0,12,0,0,0,0
2024-12-30 09:00:00,196,0,12,0,0,0,0
2024-12-30 10:00:00,202,0,12,0,0,0,0
2024-12-30 11:00:00,206,0,12,0,0,0,0
2024-12-30 12:00:00,202,0,12,0,0,0,0
2024-12-30 13:00:00,178,0,12,0,0,0,0
2024-12-30 14:00:00,186,0,12,0,0,0,0
2024-12-30 15:00:00,186,0,12,0,0,0,0
2024-12-30 16:00:00,179,0,12,0,0,0,0
2024-12-30 17:00:00,173,0,12,0,0,0,0
2024-12-30 18:00:00,179,0,12,0,0,0,0
2024-12-30 19:00:00,170,0,12,0,0,0,0
2024-12-30 20:00:00,168,0,12,0,0,0,0
2024-12-30 21:00:00,160,0,12,0,0,0,0
2024-12-30 22:00:00,155,0,12,0,0,0,0
2024-12-30 23:00:00,153,0,12,0,0,0,0
2024-12-31 00:00:00,130,1,12,0,0,0,0
2024-12-31 01:00:00,125,1,12,0,0,0,0
2024-12-31 02:00:00,127,1,12,0,0,0,0
2024-12-31 03:00:00,130,1,12,0,0,0,0
2024-12-31 04:00:00,129,1,12,0,0,0,0
2024-12-31 05:00:00,122,1,12,0,0,0,0
2024-12-31 06:00:00,151,1,12,0,0,0,0
2024-12-31 07:00:00,156,1,12,0,0,0,0
2024-12-31 08:00:00,192,1,12,0,0,0,0
2024-12-31 09:00:00,207,1,12,0,0,0,0
2024-12-31 10:00:00,209,1,12,0,0,0,0
2024-12-31 11:00:00,206,1,12,0,0,0,0
2024-12-31 12:00:00,203,1,12,0,0,0,0
2024-12-31 13:00:00,185,1,12,0,0,0,0
2024-12-31 14:00:00,186,1,12,0,0,0,0
2024-12-31 15:00:00,184,1,12,0,0,0,0
2024-12-31 16:00:00,191,1,12,0,0,0,0
2024-12-31 17:00:00,174,1,12,0,0,0,0
2024-12-31 18:00:00,171,1,12,0,0,0,0
2024-12-31 19:00:00,170,1,12,0,0,0,0
2024-12-31 20:00:00,173,1,12,0,0,0,0
2024-12-31 21:00:00,158,1,12,0,0,0,0
2024-12-31 22:00:00,157,1,12,0,0,0,0
2024-12-31 23:00:00,152,1,12,0,0,0,0
2025-01-01 00:00:00,122,2,1,0,1,1,0
2025-01-01 01:00:00,136,2,1,0,1,1,0
2025-01-01 02:00:00,134,2,1,0,1,1,0
2025-01-01 03:00:00,145,2,1,0,1,1,0
2025-01-01 04:00:00,134,2,1,0,1,1,0
2025-01-01 05:00:00,134,2,1,0,1,1,0
2025-01-01 06:00:00,165,2,1,0,1,1,0
2025-01-01 07:00:00,168,2,1,0,1,1,0
2025-01-01 08:00:00,205,2,1,0,1,1,0
2025-01-01 09:00:00,219,2,1,0,1,1,0
2025-01-01 10:00:00,216,2,1,0,1,1,0
2025-01-01 11:00:00,219,2,1,0,1,1,0
2025-01-01 12:00:00,211,2,1,0,1,1,0
2025-01-01 13:00:00,202,2,1,0,1,1,0
2025-01-01 14:00:00,200,2,1,0,1,1,0
2025-01-01 15:00:00,198,2,1,0,1,1,0
2025-01-01 16:00:00,197,2,1,0,1,1,0
2025-01-01 17:00:00,181,2,1,0,1,1,0
2025-01-01 18:00:00,178,2,1,0,1,1,0
2025-01-01 19:00:00,183,2,1,0,1,1,0
2025-01-01 20:00:00,186,2,1,0,1,1,0
2025-01-01 21:00:00,159,2,1,0,1,1,0
2025-01-01 22:00:00,164,2,1,0,1,1,0
2025-01-01 23:00:00,167,2,1,0,1,1,0
2025-01-02 00:00:00,145,3,1,0,0,0,0
2025-01-02 01:00:00,133,3,1,0,0,0,0
2025-01-02 02:00:00,133,3,1,0,0,0,0
2025-01-02 03:00:00,141,3,1,0,0,0,0
2025-01-02 04:00:00,133,3,1,0,0,0,0
2025-01-02 05:00:00,135,3,1,0,0,0,0
2025-01-02 06:00:00,164,3,1,0,0,0,0
2025-01-02 07:00:00,168,3,1,0,0,0,0
2025-01-02 08:00:00,207,3,1,0,0,0,0
2025-01-02 09:00:00,216,3,1,0,0,0,0
2025-01-02 10:00:00,221,3,1,0,0,0,0
2025-01-02 11:00:00,214,3,1,0,0,0,0
2025-01-02 12:00:00,218,3,1,0,0,0,0
2025-01-02 13:00:00,193,3,1,0,0,0,0
2025-01-02 14:00:00,197,3,1,0,0,0,0
2025-01-02 15:00:00,204,3,1,0,0,0,0
2025-01-02 16:00:00,207,3,1,0,0,0,0
2025-01-02 17:00:00,191,3,1,0,0,0,0
2025-01-02 18:00:00,180,3,1,0,0,0,0
2025-01-02 19:00:00,188,3,1,0,0,0,0
2025-01-02 20:00:00,187,3,1,0,0,0,0
2025-01-02 21:00:00,164,3,1,0,0,0,0
2025-01-02 22:00:00,167,3,1,0,0,0,0
2025-01-02 23:00:00,173,3,1,0,0,0,0
2025-01-03 00:00:00,136,4,1,0,0,0,0
2025-01-03 01:00:00,129,4,1,0,0,0,0
2025-01-03 02:00:00,134,4,1,0,0,0,0
2025-01-03 03:00:00,130,4,1,0,0,0,0
2025-01-03 04:00:00,131,4,1,0,0,0,0
2025-01-03 05:00:00,128,4,1,0,0,0,0
2025-01-03 06:00:00,174,4,1,0,0,0,0
2025-01-03 07:00:00,163,4,1,0,0,0,0
2025-01-03 08:00:00,205,4,1,0,0,0,0
2025-01-03 09:00:00,215,4,1,0,0,0,0
2025-01-03 10:00:00,221,4,1,0,0,0,0
2025-01-03 11:00:00,214,4,1,0,0,0,0
2025-01-03 12:00:00,221,4,1,0,0,0,0
2025-01-03 13:00:00,191,4,1,0,0,0,0
2025-01-03 14:00:00,194,4,1,0,0,0,0
2025-01-03 15:00:00,195,4,1,0,0,0,0
2025-01-03 16:00:00,195,4,1,0,0,0,0
2025-01-03 17:00:00,182,4,1,0,0,0,0
2025-01-03 18:00:00,188,4,1,0,0,0,0
2025-01-03 19:00:00,186,4,1,0,0,0,0
2025-01-03 20:00:00,188,4,1,0,0,0,0
2025-01-03 21:00:00,153,4,1,0,0,0,0
2025-01-03 22:00:00,164,4,1,0,0,0,0
2025-01-03 23:00:00,159,4,1,0,0,0,0
2025-01-04 00:00:00,93,5,1,1,0,0,0
2025-01-04 01:00:00,106,5,1,1,0,0,0
2025-01-04 02:00:00,92,5,1,1,0,0,0
2025-01-04 03:00:00,102,5,1,1,0,0,0
2025-01-04 04:00:00,103,5,1,1,0,0,0
2025-01-04 05:00:00,101,5,1,1,0,0,0
2025-01-04 06:00:00,126,5,1,1,0,0,0
2025-01-04 07:00:00,122,5,1,1,0,0,0
2025-01-04 08:00:00,158,5,1,1,0,0,0
2025-01-04 09:00:00,167,5,1,1,0,0,0
2025-01-04 10:00:00,159,5,1,1,0,0,0
2025-01-04 11:00:00,165,5,1,1,0,0,0
2025-01-04 12:00:00,164,5,1,1,0,0,0
2025-01-04 13:00:00,148,5,1,1,0,0,0
2025-01-04 14:00:00,146,5,1,1,0,0,0
2025-01-04 15:00:00,155,5,1,1,0,0,0
2025-01-04 16:00:00,156,5,1,1,0,0,0
2025-01-04 17:00:00,136,5,1,1,0,0,0
2025-01-04 18:00:00,138,5,1,1,0,0,0
2025-01-04 19:00:00,141,5,1,1,0,0,0
2025-01-04 20:00:00,144,5,1,1,0,0,0
2025-01-04 21:00:00,133,5,1,1,0,0,0
2025-01-04 22:00:00,129,5,1,1,0,0,0
2025-01-04 23:00:00,123,5,1,1,0,0,0
2025-01-05 00:00:00,100,6,1,1,0,0,0
2025-01-05 01:00:00,98,6,1,1,0,0,0
2025-01-05 02:00:00,92,6,1,1,0,0,0
2025-01-05 03:00:00,99,6,1,1,0,0,0
2025-01-05 04:00:00,91,6,1,1,0,0,0
2025-01-05 05:00:00,92,6,1,1,0,0,0
2025-01-05 06:00:00,118,6,1,1,0,0,0
2025-01-05 07:00:00,123,6,1,1,0,0,0
2025-01-05 08:00:00,148,6,1,1,0,0,0
2025-01-05 09:00:00,159,6,1,1,0,0,0
2025-01-05 10:00:00,155,6,1,1,0,0,0
2025-01-05 11:00:00,158,6,1,1,0,0,0
2025-01-05 12:00:00,163,6,1,1,0,0,0
2025-01-05 13:00:00,149,6,1,1,0,0,0
2025-01-05 14:00:00,139,6,1,1,0,0,0
2025-01-05 15:00:00,149,6,1,1,0,0,0
2025-01-05 16:00:00,144,6,1,1,0,0,0
2025-01-05 17:00:00,138,6,1,1,0,0,0
2025-01-05 18:00:00,136,6,1,1,0,0,0
2025-01-05 19:00:00,139,6,1,1,0,0,0
2025-01-05 20:00:00,136,6,1,1,0,0,0
2025-01-05 21:00:00,122,6,1,1,0,0,0
2025-01-05 22:00:00,123,6,1,1,0,0,0
2025-01-05 23:00:00,124,6,1,1,0,0,0
2025-01-06 00:00:00,122,0,1,0,0,0,0
2025-01-06 01:00:00,128,0,1,0,0,0,0
2025-01-06 02:00:00,124,0,1,0,0,0,0
2025-01-06 03:00:00,129,0,1,0,0,0,0
2025-01-06 04:00:00,121,0,1,0,0,0,0
2025-01-06 05:00:00,120,0,1,0,0,0,0
2025-01-06 06:00:00,163,0,1,0,0,0,0
2025-01-06 07:00:00,154,0,1,0,0,0,0
2025-01-06 08:00:00,189,0,1,0,0,0,0
2025-01-06 09:00:00,208,0,1,0,0,0,0
2025-01-06 10:00:00,208,0,1,0,0,0,0
2025-01-06 11:00:00,203,0,1,0,0,0,0
2025-01-06 12:00:00,202,0,1,0,0,0,0
2025-01-06 13:00:00,189,0,1,0,0,0,0
2025-01-06 14:00:00,186,0,1,0,0,0,0
2025-01-06 15:00:00,179,0,1,0,0,0,0
2025-01-06 16:00:00,185,0,1,0,0,0,0
2025-01-06 17:00:00,175,0,1,0,0,0,0
2025-01-06 18:00:00,167,0,1,0,0,0,0
2025-01-06 19:00:00,174,0,1,0,0,0,0
2025-01-06 20:00:00,179,0,1,0,0,0,0
2025-01-06 21:00:00,161,0,1,0,0,0,0
2025-01-06 22:00:00,158,0,1,0,0,0,0
2025-01-06 23:00:00,153,0,1,0,0,0,0
2025-01-07 00:00:00,134,1,1,0,0,0,0
2025-01-07 01:00:00,125,1,1,0,0,0,0
2025-01-07 02:00:00,128,1,1,0,0,0,0
2025-01-07 03:00:00,135,1,1,0,0,0,0
2025-01-07 04:00:00,131,1,1,0,0,0,0
2025-01-07 05:00:00,126,1,1,0,0,0,0
2025-01-07 06:00:00,167,1,1,0,0,0,0
2025-01-07 07:00:00,165,1,1,0,0,0,0
2025-01-07 08:00:00,201,1,1,0,0,0,0
2025-01-07 09:00:00,209,1,1,0,0,0,0
2025-01-07 10:00:00,211,1,1,0,0,0,0
2025-01-07 11:00:00,206,1,1,0,0,0,0
2025-01-07 12:00:00,208,1,1,0,0,0,0
2025-01-07 13:00:00,195,1,1,0,0,0,0
2025-01-07 14:00:00,192,1,1,0,0,0,0
2025-01-07 15:00:00,195,1,1,0,0,0,0
2025-01-07 16:00:00,194,1,1,0,0,0,0
2025-01-07 17:00:00,180,1,1,0,0,0,0
2025-01-07 18:00:00,177,1,1,0,0,0,0
2025-01-07 19:00:00,179,1,1,0,0,0,0
2025-01-07 20:00:00,176,1,1,0,0,0,0
2025-01-07 21:00:00,165,1,1,0,0,0,0
2025-01-07 22:00:00,158,1,1,0,0,0,0
2025-01-07 23:00:00,162,1,1,0,0,0,0
2025-01-08 00:00:00,136,2,1,0,0,0,0
2025-01-08 01:00:00,136,2,1,0,0,0,0
2025-01-08 02:00:00,139,2,1,0,0,0,0
2025-01-08 03:00:00,138,2,1,0,0,0,0
2025-01-08 04:00:00,136,2,1,0,0,0,0
2025-01-08 05:00:00,137,2,1,0,0,0,0
2025-01-08 06:00:00,169,2,1,0,0,0,0
2025-01-08 07:00:00,167,2,1,0,0,0,0
2025-01-08 08:00:00,208,2,1,0,0,0,0
2025-01-08 09:00:00,216,2,1,0,0,0,0
2025-01-08 10:00:00,213,2,1,0,0,0,0
2025-01-08 11:00:00,214,2,1,0,0,0,0
2025-01-08 12:00:00,216,2,1,0,0,0,0
2025-01-08 13:00:00,195,2,1,0,0,0,0
2025-01-08 14:00:00,193,2,1,0,0,0,0
2025-01-08 15:00:00,197,2,1,0,0,0,0
2025-01-08 16:00:00,201,2,1,0,0,0,0
2025-01-08 17:00:00,187,2,1,0,0,0,0
2025-01-08 18:00:00,183,2,1,0,0,0,0
2025-01-08 19:00:00,186,2,1,0,0,0,0
2025-01-08 20:00:00,182,2,1,0,0,0,0
2025-01-08 21:00:00,177,2,1,0,0,0,0
2025-01-08 22:00:00,172,2,1,0,0,0,0
2025-01-08 23:00:00,169,2,1,0,0,0,0
2025-01-09 00:00:00,134,3,1,0,0,0,0
2025-01-09 01:00:00,129,3,1,0,0,0,0
2025-01-09 02:00:00,136,3,1,0,0,0,0
2025-01-09 03:00:00,132,3,1,0,0,0,0
2025-01-09 04:00:00,141,3,1,0,0,0,0
2025-01-09 05:00:00,141,3,1,0,0,0,0
2025-01-09 06:00:00,161,3,1,0,0,0,0
2025-01-09 07:00:00,168,3,1,0,0,0,0
2025-01-09 08:00:00,208,3,1,0,0,0,0
2025-01-09 09:00:00,214,3,1,0,0,0,0
2025-01-09 10:00:00,220,3,1,0,0,0,0
2025-01-09 11:00:00,225,3,1,0,0,0,0
2025-01-09 12:00:00,219,3,1,0,0,0,0
2025-01-09 13:00:00,194,3,1,0,0,0,0
2025-01-09 14:00:00,197,3,1,0,0,0,0
2025-01-09 15:00:00,200,3,1,0,0,0,0
2025-01-09 16:00:00,202,3,1,0,0,0,0
2025-01-09 17:00:00,191,3,1,0,0,0,0
2025-01-09 18:00:00,181,3,1,0,0,0,0
2025-01-09 19:00:00,181,3,1,0,0,0,0
2025-01-09 20:00:00,194,3,1,0,0,0,0
2025-01-09 21:00:00,170,3,1,0,0,0,0
2025-01-09 22:00:00,170,3,1,0,0,0,0
2025-01-09 23:00:00,166,3,1,0,0,0,0
2025-01-10 00:00:00,135,4,1,0,0,0,0
2025-01-10 01:00:00,132,4,1,0,0,0,0
2025-01-10 02:00:00,139,4,1,0,0,0,0
2025-01-10 03:00:00,134,4,1,0,0,0,0
2025-01-10 04:00:00,127,4,1,0,0,0,0
2025-01-10 05:00:00,128,4,1,0,0,0,0
2025-01-10 06:00:00,167,4,1,0,0,0,0
2025-01-10 07:00:00,166,4,1,0,0,0,0
2025-01-10 08:00:00,204,4,1,0,0,0,0
2025-01-10 09:00:00,212,4,1,0,0,0,0
2025-01-10 10:00:00,217,4,1,0,0,0,0
2025-01-10 11:00:00,212,4,1,0,0,0,0
2025-01-10 12:00:00,207,4,1,0,0,0,0
2025-01-10 13:00:00,185,4,1,0,0,0,0
2025-01-10 14:00:00,193,4,1,0,0,0,0
2025-01-10 15:00:00,194,4,1,0,0,0,0
2025-01-10 16:00:00,190,4,1,0,0,0,0
2025-01-10 17:00:00,182,4,1,0,0,0,0
2025-01-10 18:00:00,187,4,1,0,0,0,0
2025-01-10 19:00:00,182,4,1,0,0,0,0
2025-01-10 20:00:00,178,4,1,0,0,0,0
2025-01-10 21:00:00,169,4,1,0,0,0,0
2025-01-10 22:00:00,162,4,1,0,0,0,0
2025-01-10 23:00:00,157,4,1,0,0,0,0
2025-01-11 00:00:00,93,5,1,1,0,0,0
2025-01-11 01:00:00,102,5,1,1,0,0,0
2025-01-11 02:00:00,102,5,1,1,0,0,0
2025-01-11 03:00:00,100,5,1,1,0,0,0
2025-01-11 04:00:00,95,5,1,1,0,0,0
2025-01-11 05:00:00,101,5,1,1,0,0,0
2025-01-11 06:00:00,126,5,1,1,0,0,0
2025-01-11 07:00:00,128,5,1,1,0,0,0
2025-01-11 08:00:00,159,5,1,1,0,0,0
2025-01-11 09:00:00,161,5,1,1,0,0,0
2025-01-11 10:00:00,164,5,1,1,0,0,0
2025-01-11 11:00:00,166,5,1,1,0,0,0
2025-01-11 12:00:00,162,5,1,1,0,0,0
2025-01-11 13:00:00,156,5,1,1,0,0,0
2025-01-11 14:00:00,147,5,1,1,0,0,0
2025-01-11 15:00:00,152,5,1,1,0,0,0
2025-01-11 16:00:00,146,5,1,1,0,0,0
2025-01-11 17:00:00,143,5,1,1,0,0,0
2025-01-11 18:00:00,139,5,1,1,0,0,0
2025-01-11 19:00:00,134,5,1,1,0,0,0
2025-01-11 20:00:00,139,5,1,1,0,0,0
2025-01-11 21:00:00,132,5,1,1,0,0,0
2025-01-11 22:00:00,131,5,1,1,0,0,0
2025-01-11 23:00:00,127,5,1,1,0,0,0
2025-01-12 00:00:00,102,6,1,1,0,0,0
2025-01-12 01:00:00,100,6,1,1,0,0,0
2025-01-12 02:00:00,102,6,1,1,0,0,0
2025-01-12 03:00:00,94,6,1,1,0,0,0
2025-01-12 04:00:00,90,6,1,1,0,0,0
2025-01-12 05:00:00,95,6,1,1,0,0,0
2025-01-12 06:00:00,122,6,1,1,0,0,0
2025-01-12 07:00:00,117,6,1,1,0,0,0
2025-01-12 08:00:00,148,6,1,1,0,0,0
2025-01-12 09:00:00,163,6,1,1,0,0,0
2025-01-12 10:00:00,160,6,1,1,0,0,0
2025-01-12 11:00:00,158,6,1,1,0,0,0
2025-01-12 12:00:00,162,6,1,1,0,0,0
2025-01-12 13:00:00,150,6,1,1,0,0,0
2025-01-12 14:00:00,156,6,1,1,0,0,0
2025-01-12 15:00:00,140,6,1,1,0,0,0
2025-01-12 16:00:00,144,6,1,1,0,0,0
2025-01-12 17:00:00,134,6,1,1,0,0,0
2025-01-12 18:00:00,130,6,1,1,0,0,0
2025-01-12 19:00:00,132,6,1,1,0,0,0
2025-01-12 20:00:00,136,6,1,1,0,0,0
2025-01-12 21:00:00,122,6,1,1,0,0,0
2025-01-12 22:00:00,120,6,1,1,0,0,0
2025-01-12 23:00:00,122,6,1,1,0,0,0
2025-01-13 00:00:00,127,0,1,0,0,0,0
2025-01-13 01:00:00,125,0,1,0,0,0,0
2025-01-13 02:00:00,125,0,1,0,0,0,0
2025-01-13 03:00:00,121,0,1,0,0,0,0
2025-01-13 04:00:00,120,0,1,0,0,0,0
2025-01-13 05:00:00,123,0,1,0,0,0,0
2025-01-13 06:00:00,160,0,1,0,0,0,0
2025-01-13 07:00:00,159,0,1,0,0,0,0
2025-01-13 08:00:00,190,0,1,0,0,0,0
2025-01-13 09:00:00,209,0,1,0,0,0,0
2025-01-13 10:00:00,209,0,1,0,0,0,0
2025-01-13 11:00:00,205,0,1,0,0,0,0
2025-01-13 12:00:00,208,0,1,0,0,0,0
2025-01-13 13:00:00,187,0,1,0,0,0,0
2025-01-13 14:00:00,185,0,1,0,0,0,0
2025-01-13 15:00:00,187,0,1,0,0,0,0
2025-01-13 16:00:00,185,0,1,0,0,0,0
2025-01-13 17:00:00,180,0,1,0,0,0,0
2025-01-13 18:00:00,174,0,1,0,0,0,0
2025-01-13 19:00:00,170,0,1,0,0,0,0
2025-01-13 20:00:00,171,0,1,0,0,0,0
2025-01-13 21:00:00,154,0,1,0,0,0,0
2025-01-13 22:00:00,159,0,1,0,0,0,0
2025-01-13 23:00:00,162,0,1,0,0,0,0
2025-01-14 00:00:00,128,1,1,0,0,0,0
2025-01-14 01:00:00,135,1,1,0,0,0,0
2025-01-14 02:00:00,127,1,1,0,0,0,0
2025-01-14 03:00:00,131,1,1,0,0,0,0
2025-01-14 04:00:00,129,1,1,0,0,0,0
2025-01-14 05:00:00,131,1,1,0,0,0,0
2025-01-14 06:00:00,162,1,1,0,0,0,0
2025-01-14 07:00:00,160,1,1,0,0,0,0
2025-01-14 08:00:00,200,1,1,0,0,0,0
2025-01-14 09:00:00,208,1,1,0,0,0,0
2025-01-14 10:00:00,214,1,1,0,0,0,0
2025-01-14 11:00:00,214,1,1,0,0,0,0
2025-01-14 12:00:00,209,1,1,0,0,0,0
2025-01-14 13:00:00,193,1,1,0,0,0,0
2025-01-14 14:00:00,191,1,1,0,0,0,0
2025-01-14 15:00:00,191,1,1,0,0,0,0
2025-01-14 16:00:00,187,1,1,0,0,0,0
2025-01-14 17:00:00,178,1,1,0,0,0,0
2025-01-14 18:00:00,171,1,1,0,0,0,0
2025-01-14 19:00:00,176,1,1,0,0,0,0
2025-01-14 20:00:00,178,1,1,0,0,0,0
2025-01-14 21:00:00,165,1,1,0,0,0,0
2025-01-14 22:00:00,157,1,1,0,0,0,0
2025-01-14 23:00:00,165,1,1,0,0,0,0
2025-01-15 00:00:00,138,2,1,0,0,0,0
2025-01-15 01:00:00,139,2,1,0,0,0,0
2025-01-15 02:00:00,142,2,1,0,0,0,0
2025-01-15 03:00:00,133,2,1,0,0,0,0
2025-01-15 04:00:00,130,2,1,0,0,0,0
2025-01-15 05:00:00,135,2,1,0,0,0,0
2025-01-15 06:00:00,170,2,1,0,0,0,0
2025-01-15 07:00:00,166,2,1,0,0,0,0
2025-01-15 08:00:00,207,2,1,0,0,0,0
2025-01-15 09:00:00,212,2,1,0,0,0,0
2025-01-15 10:00:00,220,2,1,0,0,0,0
2025-01-15 11:00:00,219,2,1,0,0,0,0
2025-01-15 12:00:00,214,2,1,0,0,0,0
2025-01-15 13:00:00,195,2,1,0,0,0,0
2025-01-15 14:00:00,191,2,1,0,0,0,0
2025-01-15 15:00:00,193,2,1,0,0,0,0
2025-01-15 16:00:00,200,2,1,0,0,0,0
2025-01-15 17:00:00,183,2,1,0,0,0,0
2025-01-15 18:00:00,181,2,1,0,0,0,0
2025-01-15 19:00:00,183,2,1,0,0,0,0
2025-01-15 20:00:00,186,2,1,0,0,0,0
2025-01-15 21:00:00,175,2,1,0,0,0,0
2025-01-15 22:00:00,168,2,1,0,0,0,0
2025-01-15 23:00:00,180,2,1,0,0,0,0
2025-01-16 00:00:00,135,3,1,0,0,0,0
2025-01-16 01:00:00,130,3,1,0,0,0,0
2025-01-16 02:00:00,137,3,1,0,0,0,0
2025-01-16 03:00:00,132,3,1,0,0,0,0
2025-01-16 04:00:00,138,3,1,0,0,0,0
2025-01-16 05:00:00,134,3,1,0,0,0,0
2025-01-16 06:00:00,168,3,1,0,0,0,0
2025-01-16 07:00:00,174,3,1,0,0,0,0
2025-01-16 08:00:00,209,3,1,0,0,0,0
2025-01-16 09:00:00,215,3,1,0,0,0,0
2025-01-16 10:00:00,214,3,1,0,0,0,0
2025-01-16 11:00:00,223,3,1,0,0,0,0
2025-01-16 12:00:00,225,3,1,0,0,0,0
2025-01-16 13:00:00,197,3,1,0,0,0,0
2025-01-16 14:00:00,199,3,1,0,0,0,0
2025-01-16 15:00:00,206,3,1,0,0,0,0
2025-01-16 16:00:00,201,3,1,0,0,0,0
2025-01-16 17:00:00,184,3,1,0,0,0,0
2025-01-16 18:00:00,192,3,1,0,0,0,0
2025-01-16 19:00:00,191,3,1,0,0,0,0
2025-01-16 20:00:00,192,3,1,0,0,0,0
2025-01-16 21:00:00,164,3,1,0,0,0,0
2025-01-16 22:00:00,171,3,1,0,0,0,0
2025-01-16 23:00:00,160,3,1,0,0,0,0
2025-01-17 00:00:00,127,4,1,0,0,0,0
2025-01-17 01:00:00,127,4,1,0,0,0,0
2025-01-17 02:00:00,138,4,1,0,0,0,0
2025-01-17 03:00:00,127,4,1,0,0,0,0
2025-01-17 04:00:00,133,4,1,0,0,0,0
2025-01-17 05:00:00,130,4,1,0,0,0,0
2025-01-17 06:00:00,165,4,1,0,0,0,0
2025-01-17 07:00:00,165,4,1,0,0,0,0
2025-01-17 08:00:00,204,4,1,0,0,0,0
2025-01-17 09:00:00,216,4,1,0,0,0,0
2025-01-17 10:00:00,213,4,1,0,0,0,0
2025-01-17 11:00:00,216,4,1,0,0,0,0
2025-01-17 12:00:00,219,4,1,0,0,0,0
2025-01-17 13:00:00,202,4,1,0,0,0,0
2025-01-17 14:00:00,199,4,1,0,0,0,0
2025-01-17 15:00:00,188,4,1,0,0,0,0
2025-01-17 16:00:00,196,4,1,0,0,0,0
2025-01-17 17:00:00,179,4,1,0,0,0,0
2025-01-17 18:00:00,177,4,1,0,0,0,0
2025-01-17 19:00:00,181,4,1,0,0,0,0
2025-01-17 20:00:00,188,4,1,0,0,0,0
2025-01-17 21:00:00,161,4,1,0,0,0,0
2025-01-17 22:00:00,167,4,1,0,0,0,0
2025-01-17 23:00:00,162,4,1,0,0,0,0
2025-01-18 00:00:00,98,5,1,1,0,0,0
2025-01-18 01:00:00,101,5,1,1,0,0,0
2025-01-18 02:00:00,97,5,1,1,0,0,0
2025-01-18 03:00:00,103,5,1,1,0,0,0
2025-01-18 04:00:00,93,5,1,1,0,0,0
2025-01-18 05:00:00,103,5,1,1,0,0,0
2025-01-18 06:00:00,129,5,1,1,0,0,0
2025-01-18 07:00:00,132,5,1,1,0,0,0
2025-01-18 08:00:00,160,5,1,1,0,0,0
2025-01-18 09:00:00,167,5,1,1,0,0,0
2025-01-18 10:00:00,166,5,1,1,0,0,0
2025-01-18 11:00:00,158,5,1,1,0,0,0
2025-01-18 12:00:00,165,5,1,1,0,0,0
2025-01-18 13:00:00,154,5,1,1,0,0,0
2025-01-18 14:00:00,142,5,1,1,0,0,0
2025-01-18 15:00:00,153,5,1,1,0,0,0
2025-01-18 16:00:00,146,5,1,1,0,0,0
2025-01-18 17:00:00,145,5,1,1,0,0,0
2025-01-18 18:00:00,135,5,1,1,0,0,0
2025-01-18 19:00:00,139,5,1,1,0,0,0
2025-01-18 20:00:00,134,5,1,1,0,0,0
2025-01-18 21:00:00,132,5,1,1,0,0,0
2025-01-18 22:00:00,128,5,1,1,0,0,0
2025-01-18 23:00:00,122,5,1,1,0,0,0
2025-01-19 00:00:00,95,6,1,1,0,0,0
2025-01-19 01:00:00,94,6,1,1,0,0,0
2025-01-19 02:00:00,102,6,1,1,0,0,0
2025-01-19 03:00:00,98,6,1,1,0,0,0
2025-01-19 04:00:00,97,6,1,1,0,0,0
2025-01-19 05:00:00,94,6,1,1,0,0,0
2025-01-19 06:00:00,123,6,1,1,0,0,0
2025-01-19 07:00:00,126,6,1,1,0,0,0
2025-01-19 08:00:00,151,6,1,1,0,0,0
2025-01-19 09:00:00,158,6,1,1,0,0,0
2025-01-19 10:00:00,161,6,1,1,0,0,0
2025-01-19 11:00:00,161,6,1,1,0,0,0
2025-01-19 12:00:00,161,6,1,1,0,0,0
2025-01-19 13:00:00,146,6,1,1,0,0,0
2025-01-19 14:00:00,151,6,1,1,0,0,0
2025-01-19 15:00:00,145,6,1,1,0,0,0
2025-01-19 16:00:00,143,6,1,1,0,0,0
2025-01-19 17:00:00,136,6,1,1,0,0,0
2025-01-19 18:00:00,142,6,1,1,0,0,0
2025-01-19 19:00:00,133,6,1,1,0,0,0
2025-01-19 20:00:00,136,6,1,1,0,0,0
2025-01-19 21:00:00,116,6,1,1,0,0,0
2025-01-19 22:00:00,121,6,1,1,0,0,0
2025-01-19 23:00:00,119,6,1,1,0,0,0
2025-01-20 00:00:00,126,0,1,0,0,0,0
2025-01-20 01:00:00,131,0,1,0,0,0,0
2025-01-20 02:00:00,118,0,1,0,0,0,0
2025-01-20 03:00:00,123,0,1,0,0,0,0
2025-01-20 04:00:00,124,0,1,0,0,0,0
2025-01-20 05:00:00,128,0,1,0,0,0,0
2025-01-20 06:00:00,157,0,1,0,0,0,0
2025-01-20 07:00:00,165,0,1,0,0,0,0
2025-01-20 08:00:00,193,0,1,0,0,0,0
2025-01-20 09:00:00,210,0,1,0,0,0,0
2025-01-20 10:00:00,210,0,1,0,0,0,0
2025-01-20 11:00:00,209,0,1,0,0,0,0
2025-01-20 12:00:00,202,0,1,0,0,0,0
2025-01-20 13:00:00,185,0,1,0,0,0,0
2025-01-20 14:00:00,193,0,1,0,0,0,0
2025-01-20 15:00:00,188,0,1,0,0,0,0
2025-01-20 16:00:00,185,0,1,0,0,0,0
2025-01-20 17:00:00,172,0,1,0,0,0,0
2025-01-20 18:00:00,170,0,1,0,0,0,0
2025-01-20 19:00:00,182,0,1,0,0,0,0
2025-01-20 20:00:00,173,0,1,0,0,0,0
2025-01-20 21:00:00,161,0,1,0,0,0,0
2025-01-20 22:00:00,153,0,1,0,0,0,0
2025-01-20 23:00:00,161,0,1,0,0,0,0
2025-01-21 00:00:00,131,1,1,0,0,0,0
2025-01-21 01:00:00,130,1,1,0,0,0,0
2025-01-21 02:00:00,132,1,1,0,0,0,0
2025-01-21 03:00:00,135,1,1,0,0,0,0
2025-01-21 04:00:00,136,1,1,0,0,0,0
2025-01-21 05:00:00,136,1,1,0,0,0,0
2025-01-21 06:00:00,163,1,1,0,0,0,0
2025-01-21 07:00:00,164,1,1,0,0,0,0
2025-01-21 08:00:00,202,1,1,0,0,0,0
2025-01-21 09:00:00,212,1,1,0,0,0,0
2025-01-21 10:00:00,214,1,1,0,0,0,0
2025-01-21 11:00:00,219,1,1,0,0,0,0
2025-01-21 12:00:00,216,1,1,0,0,0,0
2025-01-21 13:00:00,194,1,1,0,0,0,0
2025-01-21 14:00:00,189,1,1,0,0,0,0
2025-01-21 15:00:00,193,1,1,0,0,0,0
2025-01-21 16:00:00,201,1,1,0,0,0,0
2025-01-21 17:00:00,174,1,1,0,0,0,0
2025-01-21 18:00:00,175,1,1,0,0,0,0
2025-01-21 19:00:00,185,1,1,0,0,0,0
2025-01-21 20:00:00,175,1,1,0,0,0,0
2025-01-21 21:00:00,167,1,1,0,0,0,0
2025-01-21 22:00:00,159,1,1,0,0,0,0
2025-01-21 23:00:00,159,1,1,0,0,0,0
2025-01-22 00:00:00,135,2,1,0,0,0,0
2025-01-22 01:00:00,132,2,1,0,0,0,0
2025-01-22 02:00:00,130,2,1,0,0,0,0
2025-01-22 03:00:00,135,2,1,0,0,0,0
2025-01-22 04:00:00,128,2,1,0,0,0,0
2025-01-22 05:00:00,137,2,1,0,0,0,0
2025-01-22 06:00:00,169,2,1,0,0,0,0
2025-01-22 07:00:00,167,2,1,0,0,0,0
2025-01-22 08:00:00,207,2,1,0,0,0,0
2025-01-22 09:00:00,221,2,1,0,0,0,0
2025-01-22 10:00:00,224,2,1,0,0,0,0
2025-01-22 11:00:00,214,2,1,0,0,0,0
2025-01-22 12:00:00,214,2,1,0,0,0,0
2025-01-22 13:00:00,194,2,1,0,0,0,0
2025-01-22 14:00:00,190,2,1,0,0,0,0
2025-01-22 15:00:00,199,2,1,0,0,0,0
2025-01-22 16:00:00,200,2,1,0,0,0,0
2025-01-22 17:00:00,181,2,1,0,0,0,0
2025-01-22 18:00:00,181,2,1,0,0,0,0
2025-01-22 19:00:00,185,2,1,0,0,0,0
2025-01-22 20:00:00,185,2,1,0,0,0,0
2025-01-22 21:00:00,170,2,1,0,0,0,0
2025-01-22 22:00:00,164,2,1,0,0,0,0
2025-01-22 23:00:00,166,2,1,0,0,0,0
2025-01-23 00:00:00,132,3,1,0,0,0,0
2025-01-23 01:00:00,131,3,1,0,0,0,0
2025-01-23 02:00:00,141,3,1,0,0,0,0
2025-01-23 03:00:00,143,3,1,0,0,0,0
2025-01-23 04:00:00,134,3,1,0,0,0,0
2025-01-23 05:00:00,134,3,1,0,0,0,0
2025-01-23 06:00:00,177,3,1,0,0,0,0
2025-01-23 07:00:00,170,3,1,0,0,0,0
2025-01-23 08:00:00,211,3,1,0,0,0,0
2025-01-23 09:00:00,220,3,1,0,0,0,0
2025-01-23 10:00:00,232,3,1,0,0,0,0
2025-01-23 11:00:00,220,3,1,0,0,0,0
2025-01-23 12:00:00,219,3,1,0,0,0,0
2025-01-23 13:00:00,203,3,1,0,0,0,0
2025-01-23 14:00:00,199,3,1,0,0,0,0
2025-01-23 15:00:00,204,3,1,0,0,0,0
2025-01-23 16:00:00,195,3,1,0,0,0,0
2025-01-23 17:00:00,183,3,1,0,0,0,0
2025-01-23 18:00:00,190,3,1,0,0,0,0
2025-01-23 19:00:00,188,3,1,0,0,0,0
2025-01-23 20:00:00,187,3,1,0,0,0,0
2025-01-23 21:00:00,174,3,1,0,0,0,0
2025-01-23 22:00:00,178,3,1,0,0,0,0
2025-01-23 23:00:00,171,3,1,0,0,0,0
2025-01-24 00:00:00,130,4,1,0,0,0,0
2025-01-24 01:00:00,136,4,1,0,0,0,0
2025-01-24 02:00:00,134,4,1,0,0,0,0
2025-01-24 03:00:00,130,4,1,0,0,0,0
2025-01-24 04:00:00,130,4,1,0,0,0,0
2025-01-24 05:00:00,134,4,1,0,0,0,0
2025-01-24 06:00:00,167,4,1,0,0,0,0
2025-01-24 07:00:00,164,4,1,0,0,0,0
2025-01-24 08:00:00,205,4,1,0,0,0,0
2025-01-24 09:00:00,220,4,1,0,0,0,0
2025-01-24 10:00:00,215,4,1,0,0,0,0
2025-01-24 11:00:00,215,4,1,0,0,0,0
2025-01-24 12:00:00,214,4,1,0,0,0,0
2025-01-24 13:00:00,196,4,1,0,0,0,0
2025-01-24 14:00:00,191,4,1,0,0,0,0
2025-01-24 15:00:00,196,4,1,0,0,0,0
2025-01-24 16:00:00,207,4,1,0,0,0,0
2025-01-24 17:00:00,175,4,1,0,0,0,0
2025-01-24 18:00:00,181,4,1,0,0,0,0
2025-01-24 19:00:00,188,4,1,0,0,0,0
2025-01-24 20:00:00,179,4,1,0,0,0,0
2025-01-24 21:00:00,160,4,1,0,0,0,0
2025-01-24 22:00:00,167,4,1,0,0,0,0
2025-01-24 23:00:00,168,4,1,0,0,0,0
2025-01-25 00:00:00,103,5,1,1,0,0,0
2025-01-25 01:00:00,99,5,1,1,0,0,0
2025-01-25 02:00:00,106,5,1,1,0,0,0
2025-01-25 03:00:00,103,5,1,1,0,0,0
2025-01-25 04:00:00,97,5,1,1,0,0,0
2025-01-25 05:00:00,102,5,1,1,0,0,0
2025-01-25 06:00:00,131,5,1,1,0,0,0
2025-01-25 07:00:00,128,5,1,1,0,0,0
2025-01-25 08:00:00,162,5,1,1,0,0,0
2025-01-25 09:00:00,161,5,1,1,0,0,0
2025-01-25 10:00:00,159,5,1,1,0,0,0
2025-01-25 11:00:00,167,5,1,1,0,0,0
2025-01-25 12:00:00,159,5,1,1,0,0,0
2025-01-25 13:00:00,155,5,1,1,0,0,0
2025-01-25 14:00:00,148,5,1,1,0,0,0
2025-01-25 15:00:00,148,5,1,1,0,0,0
2025-01-25 16:00:00,156,5,1,1,0,0,0
2025-01-25 17:00:00,138,5,1,1,0,0,0
2025-01-25 18:00:00,136,5,1,1,0,0,0
2025-01-25 19:00:00,149,5,1,1,0,0,0
2025-01-25 20:00:00,141,5,1,1,0,0,0
2025-01-25 21:00:00,122,5,1,1,0,0,0
2025-01-25 22:00:00,122,5,1,1,0,0,0
2025-01-25 23:00:00,132,5,1,1,0,0,0
2025-01-26 00:00:00,100,6,1,1,0,0,0
2025-01-26 01:00:00,96,6,1,1,0,0,0
2025-01-26 02:00:00,88,6,1,1,0,0,0
2025-01-26 03:00:00,99,6,1,1,0,0,0
2025-01-26 04:00:00,100,6,1,1,0,0,0
2025-01-26 05:00:00,102,6,1,1,0,0,0
2025-01-26 06:00:00,122,6,1,1,0,0,0
2025-01-26 07:00:00,116,6,1,1,0,0,0
2025-01-26 08:00:00,148,6,1,1,0,0,0
2025-01-26 09:00:00,160,6,1,1,0,0,0
2025-01-26 10:00:00,160,6,1,1,0,0,0
2025-01-26 11:00:00,162,6,1,1,0,0,0
2025-01-26 12:00:00,163,6,1,1,0,0,0
2025-01-26 13:00:00,145,6,1,1,0,0,0
2025-01-26 14:00:00,152,6,1,1,0,0,0
2025-01-26 15:00:00,151,6,1,1,0,0,0
2025-01-26 16:00:00,139,6,1,1,0,0,0
2025-01-26 17:00:00,140,6,1,1,0,0,0
2025-01-26 18:00:00,131,6,1,1,0,0,0
2025-01-26 19:00:00,134,6,1,1,0,0,0
2025-01-26 20:00:00,133,6,1,1,0,0,0
2025-01-26 21:00:00,120,6,1,1,0,0,0
2025-01-26 22:00:00,125,6,1,1,0,0,0
2025-01-26 23:00:00,124,6,1,1,0,0,0
2025-01-27 00:00:00,130,0,1,0,0,0,0
2025-01-27 01:00:00,125,0,1,0,0,0,0
2025-01-27 02:00:00,126,0,1,0,0,0,0
2025-01-27 03:00:00,127,0,1,0,0,0,0
2025-01-27 04:00:00,130,0,1,0,0,0,0
2025-01-27 05:00:00,117,0,1,0,0,0,0
2025-01-27 06:00:00,155,0,1,0,0,0,0
2025-01-27 07:00:00,152,0,1,0,0,0,0
2025-01-27 08:00:00,186,0,1,0,0,0,0
2025-01-27 09:00:00,205,0,1,0,0,0,0
2025-01-27 10:00:00,206,0,1,0,0,0,0
2025-01-27 11:00:00,203,0,1,0,0,0,0
2025-01-27 12:00:00,209,0,1,0,0,0,0
2025-01-27 13:00:00,185,0,1,0,0,0,0
2025-01-27 14:00:00,185,0,1,0,0,0,0
2025-01-27 15:00:00,183,0,1,0,0,0,0
2025-01-27 16:00:00,192,0,1,0,0,0,0
2025-01-27 17:00:00,172,0,1,0,0,0,0
2025-01-27 18:00:00,174,0,1,0,0,0,0
2025-01-27 19:00:00,173,0,1,0,0,0,0
2025-01-27 20:00:00,170,0,1,0,0,0,0
2025-01-27 21:00:00,163,0,1,0,0,0,0
2025-01-27 22:00:00,159,0,1,0,0,0,0
2025-01-27 23:00:00,153,0,1,0,0,0,0
2025-01-28 00:00:00,127,1,1,0,0,0,0
2025-01-28 01:00:00,126,1,1,0,0,0,0
2025-01-28 02:00:00,124,1,1,0,0,0,0
2025-01-28 03:00:00,122,1,1,0,0,0,0
2025-01-28 04:00:00,133,1,1,0,0,0,0
2025-01-28 05:00:00,127,1,1,0,0,0,0
2025-01-28 06:00:00,161,1,1,0,0,0,0
2025-01-28 07:00:00,158,1,1,0,0,0,0
2025-01-28 08:00:00,196,1,1,0,0,0,0
2025-01-28 09:00:00,212,1,1,0,0,0,0
2025-01-28 10:00:00,213,1,1,0,0,0,0
2025-01-28 11:00:00,211,1,1,0,0,0,0
2025-01-28 12:00:00,217,1,1,0,0,0,0
2025-01-28 13:00:00,186,1,1,0,0,0,0
2025-01-28 14:00:00,189,1,1,0,0,0,0
2025-01-28 15:00:00,199,1,1,0,0,0,0
2025-01-28 16:00:00,188,1,1,0,0,0,0
2025-01-28 17:00:00,179,1,1,0,0,0,0
2025-01-28 18:00:00,182,1,1,0,0,0,0
2025-01-28 19:00:00,174,1,1,0,0,0,0
2025-01-28 20:00:00,180,1,1,0,0,0,0
2025-01-28 21:00:00,154,1,1,0,0,0,0
2025-01-28 22:00:00,162,1,1,0,0,0,0
2025-01-28 23:00:00,166,1,1,0,0,0,0
2025-01-29 00:00:00,135,2,1,0,0,0,0
2025-01-29 01:00:00,129,2,1,0,0,0,0
2025-01-29 02:00:00,137,2,1,0,0,0,0
2025-01-29 03:00:00,135,2,1,0,0,0,0
2025-01-29 04:00:00,137,2,1,0,0,0,0
2025-01-29 05:00:00,134,2,1,0,0,0,0
2025-01-29 06:00:00,169,2,1,0,0,0,0
2025-01-29 07:00:00,168,2,1,0,0,0,0
2025-01-29 08:00:00,208,2,1,0,0,0,0
2025-01-29 09:00:00,221,2,1,0,0,0,0
2025-01-29 10:00:00,212,2,1,0,0,0,0
2025-01-29 11:00:00,215,2,1,0,0,0,0
2025-01-29 12:00:00,223,2,1,0,0,0,0
2025-01-29 13:00:00,200,2,1,0,0,0,0
2025-01-29 14:00:00,198,2,1,0,0,0,0
2025-01-29 15:00:00,198,2,1,0,0,0,0
2025-01-29 16:00:00,195,2,1,0,0,0,0
2025-01-29 17:00:00,184,2,1,0,0,0,0
2025-01-29 18:00:00,182,2,1,0,0,0,0
2025-01-29 19:00:00,181,2,1,0,0,0,0
2025-01-29 20:00:00,186,2,1,0,0,0,0
2025-01-29 21:00:00,162,2,1,0,0,0,0
2025-01-29 22:00:00,170,2,1,0,0,0,0
2025-01-29 23:00:00,163,2,1,0,0,0,0
2025-01-30 00:00:00,137,3,1,0,0,0,0
2025-01-30 01:00:00,135,3,1,0,0,0,0
2025-01-30 02:00:00,134,3,1,0,0,0,0
2025-01-30 03:00:00,139,3,1,0,0,0,0
2025-01-30 04:00:00,137,3,1,0,0,0,0
2025-01-30 05:00:00,136,3,1,0,0,0,0
2025-01-30 06:00:00,159,3,1,0,0,0,0
2025-01-30 07:00:00,175,3,1,0,0,0,0
2025-01-30 08:00:00,208,3,1,0,0,0,0
2025-01-30 09:00:00,217,3,1,0,0,0,0
2025-01-30 10:00:00,224,3,1,0,0,0,0
2025-01-30 11:00:00,215,3,1,0,0,0,0
2025-01-30 12:00:00,219,3,1,0,0,0,0
2025-01-30 13:00:00,201,3,1,0,0,0,0
2025-01-30 14:00:00,197,3,1,0,0,0,0
2025-01-30 15:00:00,198,3,1,0,0,0,0
2025-01-30 16:00:00,206,3,1,0,0,0,0
2025-01-30 17:00:00,181,3,1,0,0,0,0
2025-01-30 18:00:00,187,3,1,0,0,0,0
2025-01-30 19:00:00,185,3,1,0,0,0,0
2025-01-30 20:00:00,185,3,1,0,0,0,0
2025-01-30 21:00:00,169,3,1,0,0,0,0
2025-01-30 22:00:00,172,3,1,0,0,0,0
2025-01-30 23:00:00,163,3,1,0,0,0,0
2025-01-31 00:00:00,134,4,1,0,0,0,0
2025-01-31 01:00:00,128,4,1,0,0,0,0
2025-01-31 02:00:00,129,4,1,0,0,0,0
2025-01-31 03:00:00,133,4,1,0,0,0,0
2025-01-31 04:00:00,130,4,1,0,0,0,0
2025-01-31 05:00:00,140,4,1,0,0,0,0
2025-01-31 06:00:00,167,4,1,0,0,0,0
2025-01-31 07:00:00,169,4,1,0,0,0,0
2025-01-31 08:00:00,203,4,1,0,0,0,0
2025-01-31 09:00:00,210,4,1,0,0,0,0
2025-01-31 10:00:00,208,4,1,0,0,0,0
2025-01-31 11:00:00,214,4,1,0,0,0,0
2025-01-31 12:00:00,214,4,1,0,0,0,0
2025-01-31 13:00:00,187,4,1,0,0,0,0
2025-01-31 14:00:00,187,4,1,0,0,0,0
2025-01-31 15:00:00,193,4,1,0,0,0,0
2025-01-31 16:00:00,192,4,1,0,0,0,0
2025-01-31 17:00:00,177,4,1,0,0,0,0
2025-01-31 18:00:00,185,4,1,0,0,0,0
2025-01-31 19:00:00,176,4,1,0,0,0,0
2025-01-31 20:00:00,178,4,1,0,0,0,0
2025-01-31 21:00:00,165,4,1,0,0,0,0
2025-01-31 22:00:00,166,4,1,0,0,0,0
2025-01-31 23:00:00,162,4,1,0,0,0,0
2025-02-01 00:00:00,105,5,2,1,0,0,0
2025-02-01 01:00:00,98,5,2,1,0,0,0
2025-02-01 02:00:00,99,5,2,1,0,0,0
2025-02-01 03:00:00,97,5,2,1,0,0,0
2025-02-01 04:00:00,97,5,2,1,0,0,0
2025-02-01 05:00:00,97,5,2,1,0,0,0
2025-02-01 06:00:00,127,5,2,1,0,0,0
2025-02-01 07:00:00,130,5,2,1,0,0,0
2025-02-01 08:00:00,159,5,2,1,0,0,0
2025-02-01 09:00:00,157,5,2,1,0,0,0
2025-02-01 10:00:00,168,5,2,1,0,0,0
2025-02-01 11:00:00,160,5,2,1,0,0,0
2025-02-01 12:00:00,168,5,2,1,0,0,0
2025-02-01 13:00:00,152,5,2,1,0,0,0
2025-02-01 14:00:00,147,5,2,1,0,0,0
2025-02-01 15:00:00,153,5,2,1,0,0,0
2025-02-01 16:00:00,155,5,2,1,0,0,0
2025-02-01 17:00:00,139,5,2,1,0,0,0
2025-02-01 18:00:00,135,5,2,1,0,0,0
2025-02-01 19:00:00,137,5,2,1,0,0,0
2025-02-01 20:00:00,139,5,2,1,0,0,0
2025-02-01 21:00:00,130,5,2,1,0,0,0
2025-02-01 22:00:00,124,5,2,1,0,0,0
2025-02-01 23:00:00,126,5,2,1,0,0,0
2025-02-02 00:00:00,94,6,2,1,0,0,0
2025-02-02 01:00:00,100,6,2,1,0,0,0
2025-02-02 02:00:00,108,6,2,1,0,0,0
2025-02-02 03:00:00,100,6,2,1,0,0,0
2025-02-02 04:00:00,98,6,2,1,0,0,0
2025-02-02 05:00:00,98,6,2,1,0,0,0
2025-02-02 06:00:00,128,6,2,1,0,0,0
2025-02-02 07:00:00,120,6,2,1,0,0,0
2025-02-02 08:00:00,154,6,2,1,0,0,0
2025-02-02 09:00:00,159,6,2,1,0,0,0
2025-02-02 10:00:00,162,6,2,1,0,0,0
2025-02-02 11:00:00,166,6,2,1,0,0,0
2025-02-02 12:00:00,162,6,2,1,0,0,0
2025-02-02 13:00:00,147,6,2,1,0,0,0
2025-02-02 14:00:00,143,6,2,1,0,0,0
2025-02-02 15:00:00,137,6,2,1,0,0,0
2025-02-02 16:00:00,146,6,2,1,0,0,0
2025-02-02 17:00:00,124,6,2,1,0,0,0
2025-02-02 18:00:00,139,6,2,1,0,0,0
2025-02-02 19:00:00,139,6,2,1,0,0,0
2025-02-02 20:00:00,143,6,2,1,0,0,0
2025-02-02 21:00:00,123,6,2,1,0,0,0
2025-02-02 22:00:00,122,6,2,1,0,0,0
2025-02-02 23:00:00,120,6,2,1,0,0,0
2025-02-03 00:00:00,124,0,2,0,0,0,0
2025-02-03 01:00:00,122,0,2,0,0,0,0
2025-02-03 02:00:00,127,0,2,0,0,0,0
2025-02-03 03:00:00,120,0,2,0,0,0,0
2025-02-03 04:00:00,119,0,2,0,0,0,0
2025-02-03 05:00:00,124,0,2,0,0,0,0
2025-02-03 06:00:00,160,0,2,0,0,0,0
2025-02-03 07:00:00,157,0,2,0,0,0,0
2025-02-03 08:00:00,189,0,2,0,0,0,0
2025-02-03 09:00:00,206,0,2,0,0,0,0
2025-02-03 10:00:00,203,0,2,0,0,0,0
2025-02-03 11:00:00,206,0,2,0,0,0,0
2025-02-03 12:00:00,206,0,2,0,0,0,0
2025-02-03 13:00:00,188,0,2,0,0,0,0
2025-02-03 14:00:00,192,0,2,0,0,0,0
2025-02-03 15:00:00,193,0,2,0,0,0,0
2025-02-03 16:00:00,187,0,2,0,0,0,0
2025-02-03 17:00:00,170,0,2,0,0,0,0
2025-02-03 18:00:00,170,0,2,0,0,0,0
2025-02-03 19:00:00,174,0,2,0,0,0,0
2025-02-03 20:00:00,170,0,2,0,0,0,0
2025-02-03 21:00:00,156,0,2,0,0,0,0
2025-02-03 22:00:00,162,0,2,0,0,0,0
2025-02-03 23:00:00,160,0,2,0,0,0,0
2025-02-04 00:00:00,130,1,2,0,0,0,0
2025-02-04 01:00:00,130,1,2,0,0,0,0
2025-02-04 02:00:00,130,1,2,0,0,0,0
2025-02-04 03:00:00,129,1,2,0,0,0,0
2025-02-04 04:00:00,127,1,2,0,0,0,0
2025-02-04 05:00:00,134,1,2,0,0,0,0
2025-02-04 06:00:00,166,1,2,0,0,0,0
2025-02-04 07:00:00,161,1,2,0,0,0,0
2025-02-04 08:00:00,201,1,2,0,0,0,0
2025-02-04 09:00:00,206,1,2,0,0,0,0
2025-02-04 10:00:00,212,1,2,0,0,0,0
2025-02-04 11:00:00,217,1,2,0,0,0,0
2025-02-04 12:00:00,218,1,2,0,0,0,0
2025-02-04 13:00:00,183,1,2,0,0,0,0
2025-02-04 14:00:00,195,1,2,0,0,0,0
2025-02-04 15:00:00,194,1,2,0,0,0,0
2025-02-04 16:00:00,194,1,2,0,0,0,0
2025-02-04 17:00:00,184,1,2,0,0,0,0
2025-02-04 18:00:00,182,1,2,0,0,0,0
2025-02-04 19:00:00,176,1,2,0,0,0,0
2025-02-04 20:00:00,178,1,2,0,0,0,0
2025-02-04 21:00:00,164,1,2,0,0,0,0
2025-02-04 22:00:00,164,1,2,0,0,0,0
2025-02-04 23:00:00,166,1,2,0,0,0,0
2025-02-05 00:00:00,138,2,2,0,0,0,0
2025-02-05 01:00:00,135,2,2,0,0,0,0
2025-02-05 02:00:00,139,2,2,0,0,0,0
2025-02-05 03:00:00,138,2,2,0,0,0,0
2025-02-05 04:00:00,128,2,2,0,0,0,0
2025-02-05 05:00:00,137,2,2,0,0,0,0
2025-02-05 06:00:00,167,2,2,0,0,0,0
2025-02-05 07:00:00,161,2,2,0,0,0,0
2025-02-05 08:00:00,205,2,2,0,0,0,0
2025-02-05 09:00:00,218,2,2,0,0,0,0
2025-02-05 10:00:00,219,2,2,0,0,0,0
2025-02-05 11:00:00,216,2,2,0,0,0,0
2025-02-05 12:00:00,218,2,2,0,0,0,0
2025-02-05 13:00:00,197,2,2,0,0,0,0
2025-02-05 14:00:00,205,2,2,0,0,0,0
2025-02-05 15:00:00,210,2,2,0,0,0,0
2025-02-05 16:00:00,195,2,2,0,0,0,0
2025-02-05 17:00:00,176,2,2,0,0,0,0
2025-02-05 18:00:00,177,2,2,0,0,0,0
2025-02-05 19:00:00,178,2,2,0,0,0,0
2025-02-05 20:00:00,180,2,2,0,0,0,0
2025-02-05 21:00:00,165,2,2,0,0,0,0
2025-02-05 22:00:00,170,2,2,0,0,0,0
2025-02-05 23:00:00,170,2,2,0,0,0,0
2025-02-06 00:00:00,136,3,2,0,0,0,0
2025-02-06 01:00:00,136,3,2,0,0,0,0
2025-02-06 02:00:00,134,3,2,0,0,0,0
2025-02-06 03:00:00,136,3,2,0,0,0,0
2025-02-06 04:00:00,139,3,2,0,0,0,0
2025-02-06 05:00:00,135,3,2,0,0,0,0
2025-02-06 06:00:00,173,3,2,0,0,0,0
2025-02-06 07:00:00,175,3,2,0,0,0,0
2025-02-06 08:00:00,212,3,2,0,0,0,0
2025-02-06 09:00:00,218,3,2,0,0,0,0
2025-02-06 10:00:00,213,3,2,0,0,0,0
2025-02-06 11:00:00,220,3,2,0,0,0,0
2025-02-06 12:00:00,230,3,2,0,0,0,0
2025-02-06 13:00:00,201,3,2,0,0,0,0
2025-02-06 14:00:00,189,3,2,0,0,0,0
2025-02-06 15:00:00,202,3,2,0,0,0,0
2025-02-06 16:00:00,200,3,2,0,0,0,0
2025-02-06 17:00:00,182,3,2,0,0,0,0
2025-02-06 18:00:00,189,3,2,0,0,0,0
2025-02-06 19:00:00,184,3,2,0,0,0,0
2025-02-06 20:00:00,184,3,2,0,0,0,0
2025-02-06 21:00:00,160,3,2,0,0,0,0
2025-02-06 22:00:00,167,3,2,0,0,0,0
2025-02-06 23:00:00,164,3,2,0,0,0,0
2025-02-07 00:00:00,136,4,2,0,0,0,0
2025-02-07 01:00:00,127,4,2,0,0,0,0
2025-02-07 02:00:00,130,4,2,0,0,0,0
2025-02-07 03:00:00,135,4,2,0,0,0,0
2025-02-07 04:00:00,136,4,2,0,0,0,0
2025-02-07 05:00:00,136,4,2,0,0,0,0
2025-02-07 06:00:00,164,4,2,0,0,0,0
2025-02-07 07:00:00,160,4,2,0,0,0,0
2025-02-07 08:00:00,204,4,2,0,0,0,0
2025-02-07 09:00:00,214,4,2,0,0,0,0
2025-02-07 10:00:00,216,4,2,0,0,0,0
2025-02-07 11:00:00,212,4,2,0,0,0,0
2025-02-07 12:00:00,215,4,2,0,0,0,0
2025-02-07 13:00:00,199,4,2,0,0,0,0
2025-02-07 14:00:00,192,4,2,0,0,0,0
2025-02-07 15:00:00,198,4,2,0,0,0,0
2025-02-07 16:00:00,188,4,2,0,0,0,0
2025-02-07 17:00:00,183,4,2,0,0,0,0
2025-02-07 18:00:00,180,4,2,0,0,0,0
2025-02-07 19:00:00,181,4,2,0,0,0,0
2025-02-07 20:00:00,184,4,2,0,0,0,0
2025-02-07 21:00:00,167,4,2,0,0,0,0
2025-02-07 22:00:00,167,4,2,0,0,0,0
2025-02-07 23:00:00,172,4,2,0,0,0,0
2025-02-08 00:00:00,104,5,2,1,0,0,0
2025-02-08 01:00:00,104,5,2,1,0,0,0
2025-02-08 02:00:00,101,5,2,1,0,0,0
2025-02-08 03:00:00,104,5,2,1,0,0,0
2025-02-08 04:00:00,102,5,2,1,0,0,0
2025-02-08 05:00:00,95,5,2,1,0,0,0
2025-02-08 06:00:00,132,5,2,1,0,0,0
2025-02-08 07:00:00,130,5,2,1,0,0,0
2025-02-08 08:00:00,156,5,2,1,0,0,0
2025-02-08 09:00:00,170,5,2,1,0,0,0
2025-02-08 10:00:00,167,5,2,1,0,0,0
2025-02-08 11:00:00,168,5,2,1,0,0,0
2025-02-08 12:00:00,169,5,2,1,0,0,0
2025-02-08 13:00:00,151,5,2,1,0,0,0
2025-02-08 14:00:00,155,5,2,1,0,0,0
2025-02-08 15:00:00,145,5,2,1,0,0,0
2025-02-08 16:00:00,146,5,2,1,0,0,0
2025-02-08 17:00:00,134,5,2,1,0,0,0
2025-02-08 18:00:00,141,5,2,1,0,0,0
2025-02-08 19:00:00,135,5,2,1,0,0,0
2025-02-08 20:00:00,137,5,2,1,0,0,0
2025-02-08 21:00:00,128,5,2,1,0,0,0
2025-02-08 22:00:00,131,5,2,1,0,0,0
2025-02-08 23:00:00,123,5,2,1,0,0,0
2025-02-09 00:00:00,95,6,2,1,0,0,0
2025-02-09 01:00:00,98,6,2,1,0,0,0
2025-02-09 02:00:00,100,6,2,1,0,0,0
2025-02-09 03:00:00,94,6,2,1,0,0,0
2025-02-09 04:00:00,92,6,2,1,0,0,0
2025-02-09 05:00:00,94,6,2,1,0,0,0
2025-02-09 06:00:00,128,6,2,1,0,0,0
2025-02-09 07:00:00,124,6,2,1,0,0,0
2025-02-09 08:00:00,153,6,2,1,0,0,0
2025-02-09 09:00:00,157,6,2,1,0,0,0
2025-02-09 10:00:00,157,6,2,1,0,0,0
2025-02-09 11:00:00,157,6,2,1,0,0,0
2025-02-09 12:00:00,167,6,2,1,0,0,0
2025-02-09 13:00:00,147,6,2,1,0,0,0
2025-02-09 14:00:00,147,6,2,1,0,0,0
2025-02-09 15:00:00,143,6,2,1,0,0,0
2025-02-09 16:00:00,145,6,2,1,0,0,0
2025-02-09 17:00:00,136,6,2,1,0,0,0
2025-02-09 18:00:00,132,6,2,1,0,0,0
2025-02-09 19:00:00,136,6,2,1,0,0,0
2025-02-09 20:00:00,139,6,2,1,0,0,0
2025-02-09 21:00:00,122,6,2,1,0,0,0
2025-02-09 22:00:00,122,6,2,1,0,0,0
2025-02-09 23:00:00,129,6,2,1,0,0,0
2025-02-10 00:00:00,127,0,2,0,0,0,0
2025-02-10 01:00:00,123,0,2,0,0,0,0
2025-02-10 02:00:00,126,0,2,0,0,0,0
2025-02-10 03:00:00,129,0,2,0,0,0,0
2025-02-10 04:00:00,127,0,2,0,0,0,0
2025-02-10 05:00:00,121,0,2,0,0,0,0
2025-02-10 06:00:00,156,0,2,0,0,0,0
2025-02-10 07:00:00,157,0,2,0,0,0,0
2025-02-10 08:00:00,190,0,2,0,0,0,0
2025-02-10 09:00:00,207,0,2,0,0,0,0
2025-02-10 10:00:00,213,0,2,0,0,0,0
2025-02-10 11:00:00,201,0,2,0,0,0,0
2025-02-10 12:00:00,211,0,2,0,0,0,0
2025-02-10 13:00:00,190,0,2,0,0,0,0
2025-02-10 14:00:00,191,0,2,0,0,0,0
2025-02-10 15:00:00,181,0,2,0,0,0,0
2025-02-10 16:00:00,184,0,2,0,0,0,0
2025-02-10 17:00:00,179,0,2,0,0,0,0
2025-02-10 18:00:00,173,0,2,0,0,0,0
2025-02-10 19:00:00,168,0,2,0,0,0,0
2025-02-10 20:00:00,174,0,2,0,0,0,0
2025-02-10 21:00:00,161,0,2,0,0,0,0
2025-02-10 22:00:00,164,0,2,0,0,0,0
2025-02-10 23:00:00,157,0,2,0,0,0,0
2025-02-11 00:00:00,134,1,2,0,0,0,0
2025-02-11 01:00:00,134,1,2,0,0,0,0
2025-02-11 02:00:00,131,1,2,0,0,0,0
2025-02-11 03:00:00,129,1,2,0,0,0,0
2025-02-11 04:00:00,128,1,2,0,0,0,0
2025-02-11 05:00:00,132,1,2,0,0,0,0
2025-02-11 06:00:00,162,1,2,0,0,0,0
2025-02-11 07:00:00,154,1,2,0,0,0,0
2025-02-11 08:00:00,197,1,2,0,0,0,0
2025-02-11 09:00:00,212,1,2,0,0,0,0
2025-02-11 10:00:00,210,1,2,0,0,0,0
2025-02-11 11:00:00,206,1,2,0,0,0,0
2025-02-11 12:00:00,208,1,2,0,0,0,0
2025-02-11 13:00:00,188,1,2,0,0,0,0
2025-02-11 14:00:00,190,1,2,0,0,0,0
2025-02-11 15:00:00,193,1,2,0,0,0,0
2025-02-11 16:00:00,187,1,2,0,0,0,0
2025-02-11 17:00:00,175,1,2,0,0,0,0
2025-02-11 18:00:00,171,1,2,0,0,0,0
2025-02-11 19:00:00,184,1,2,0,0,0,0
2025-02-11 20:00:00,179,1,2,0,0,0,0
2025-02-11 21:00:00,163,1,2,0,0,0,0
2025-02-11 22:00:00,161,1,2,0,0,0,0
2025-02-11 23:00:00,160,1,2,0,0,0,0
2025-02-12 00:00:00,127,2,2,0,0,0,0
2025-02-12 01:00:00,125,2,2,0,0,0,0
2025-02-12 02:00:00,136,2,2,0,0,0,0
2025-02-12 03:00:00,136,2,2,0,0,0,0
2025-02-12 04:00:00,131,2,2,0,0,0,0
2025-02-12 05:00:00,137,2,2,0,0,0,0
2025-02-12 06:00:00,177,2,2,0,0,0,0
2025-02-12 07:00:00,166,2,2,0,0,0,0
2025-02-12 08:00:00,208,2,2,0,0,0,0
2025-02-12 09:00:00,214,2,2,0,0,0,0
2025-02-12 10:00:00,217,2,2,0,0,0,0
2025-02-12 11:00:00,217,2,2,0,0,0,0
2025-02-12 12:00:00,219,2,2,0,0,0,0
2025-02-12 13:00:00,195,2,2,0,0,0,0
2025-02-12 14:00:00,194,2,2,0,0,0,0
2025-02-12 15:00:00,193,2,2,0,0,0,0
2025-02-12 16:00:00,188,2,2,0,0,0,0
2025-02-12 17:00:00,186,2,2,0,0,0,0
2025-02-12 18:00:00,187,2,2,0,0,0,0
2025-02-12 19:00:00,187,2,2,0,0,0,0
2025-02-12 20:00:00,187,2,2,0,0,0,0
2025-02-12 21:00:00,163,2,2,0,0,0,0
2025-02-12 22:00:00,176,2,2,0,0,0,0
2025-02-12 23:00:00,168,2,2,0,0,0,0
2025-02-13 00:00:00,140,3,2,0,0,0,0
2025-02-13 01:00:00,132,3,2,0,0,0,0
2025-02-13 02:00:00,138,3,2,0,0,0,0
2025-02-13 03:00:00,135,3,2,0,0,0,0
2025-02-13 04:00:00,142,3,2,0,0,0,0
2025-02-13 05:00:00,136,3,2,0,0,0,0
2025-02-13 06:00:00,166,3,2,0,0,0,0
2025-02-13 07:00:00,163,3,2,0,0,0,0
2025-02-13 08:00:00,207,3,2,0,0,0,0
2025-02-13 09:00:00,218,3,2,0,0,0,0
2025-02-13 10:00:00,218,3,2,0,0,0,0
2025-02-13 11:00:00,214,3,2,0,0,0,0
2025-02-13 12:00:00,214,3,2,0,0,0,0
2025-02-13 13:00:00,194,3,2,0,0,0,0
2025-02-13 14:00:00,201,3,2,0,0,0,0
2025-02-13 15:00:00,195,3,2,0,0,0,0
2025-02-13 16:00:00,200,3,2,0,0,0,0
2025-02-13 17:00:00,186,3,2,0,0,0,0
2025-02-13 18:00:00,180,3,2,0,0,0,0
2025-02-13 19:00:00,185,3,2,0,0,0,0
2025-02-13 20:00:00,195,3,2,0,0,0,0
2025-02-13 21:00:00,165,3,2,0,0,0,0
2025-02-13 22:00:00,167,3,2,0,0,0,0
2025-02-13 23:00:00,168,3,2,0,0,0,0
2025-02-14 00:00:00,134,4,2,0,0,0,0
2025-02-14 01:00:00,130,4,2,0,0,0,0
2025-02-14 02:00:00,133,4,2,0,0,0,0
2025-02-14 03:00:00,131,4,2,0,0,0,0
2025-02-14 04:00:00,136,4,2,0,0,0,0
2025-02-14 05:00:00,134,4,2,0,0,0,0
2025-02-14 06:00:00,161,4,2,0,0,0,0
2025-02-14 07:00:00,163,4,2,0,0,0,0
2025-02-14 08:00:00,202,4,2,0,0,0,0
2025-02-14 09:00:00,223,4,2,0,0,0,0
2025-02-14 10:00:00,209,4,2,0,0,0,0
2025-02-14 11:00:00,214,4,2,0,0,0,0
2025-02-14 12:00:00,225,4,2,0,0,0,0
2025-02-14 13:00:00,199,4,2,0,0,0,0
2025-02-14 14:00:00,193,4,2,0,0,0,0
2025-02-14 15:00:00,200,4,2,0,0,0,0
2025-02-14 16:00:00,200,4,2,0,0,0,0
2025-02-14 17:00:00,183,4,2,0,0,0,0
2025-02-14 18:00:00,186,4,2,0,0,0,0
2025-02-14 19:00:00,180,4,2,0,0,0,0
2025-02-14 20:00:00,180,4,2,0,0,0,0
2025-02-14 21:00:00,166,4,2,0,0,0,0
2025-02-14 22:00:00,169,4,2,0,0,0,0
2025-02-14 23:00:00,161,4,2,0,0,0,0
2025-02-15 00:00:00,102,5,2,1,0,0,0
2025-02-15 01:00:00,100,5,2,1,0,0,0
2025-02-15 02:00:00,101,5,2,1,0,0,0
2025-02-15 03:00:00,89,5,2,1,0,0,0
2025-02-15 04:00:00,104,5,2,1,0,0,0
2025-02-15 05:00:00,98,5,2,1,0,0,0
2025-02-15 06:00:00,127,5,2,1,0,0,0
2025-02-15 07:00:00,128,5,2,1,0,0,0
2025-02-15 08:00:00,159,5,2,1,0,0,0
2025-02-15 09:00:00,169,5,2,1,0,0,0
2025-02-15 10:00:00,164,5,2,1,0,0,0
2025-02-15 11:00:00,163,5,2,1,0,0,0
2025-02-15 12:00:00,164,5,2,1,0,0,0
2025-02-15 13:00:00,148,5,2,1,0,0,0
2025-02-15 14:00:00,154,5,2,1,0,0,0
2025-02-15 15:00:00,147,5,2,1,0,0,0
2025-02-15 16:00:00,150,5,2,1,0,0,0
2025-02-15 17:00:00,138,5,2,1,0,0,0
2025-02-15 18:00:00,135,5,2,1,0,0,0
2025-02-15 19:00:00,151,5,2,1,0,0,0
2025-02-15 20:00:00,140,5,2,1,0,0,0
2025-02-15 21:00:00,125,5,2,1,0,0,0
2025-02-15 22:00:00,124,5,2,1,0,0,0
2025-02-15 23:00:00,126,5,2,1,0,0,0
2025-02-16 00:00:00,97,6,2,1,0,0,0
2025-02-16 01:00:00,101,6,2,1,0,0,0
2025-02-16 02:00:00,97,6,2,1,0,0,0
2025-02-16 03:00:00,95,6,2,1,0,0,0
2025-02-16 04:00:00,95,6,2,1,0,0,0
2025-02-16 05:00:00,98,6,2,1,0,0,0
2025-02-16 06:00:00,121,6,2,1,0,0,0
2025-02-16 07:00:00,115,6,2,1,0,0,0
2025-02-16 08:00:00,147,6,2,1,0,0,0
2025-02-16 09:00:00,155,6,2,1,0,0,0
2025-02-16 10:00:00,161,6,2,1,0,0,0
2025-02-16 11:00:00,162,6,2,1,0,0,0
2025-02-16 12:00:00,170,6,2,1,0,0,0
2025-02-16 13:00:00,147,6,2,1,0,0,0
2025-02-16 14:00:00,141,6,2,1,0,0,0
2025-02-16 15:00:00,145,6,2,1,0,0,0
2025-02-16 16:00:00,153,6,2,1,0,0,0
2025-02-16 17:00:00,133,6,2,1,0,0,0
2025-02-16 18:00:00,132,6,2,1,0,0,0
2025-02-16 19:00:00,137,6,2,1,0,0,0
2025-02-16 20:00:00,132,6,2,1,0,0,0
2025-02-16 21:00:00,129,6,2,1,0,0,0
2025-02-16 22:00:00,125,6,2,1,0,0,0
2025-02-16 23:00:00,125,6,2,1,0,0,0
2025-02-17 00:00:00,127,0,2,0,0,0,0
2025-02-17 01:00:00,125,0,2,0,0,0,0
2025-02-17 02:00:00,113,0,2,0,0,0,0
2025-02-17 03:00:00,116,0,2,0,0,0,0
2025-02-17 04:00:00,127,0,2,0,0,0,0
2025-02-17 05:00:00,111,0,2,0,0,0,0
2025-02-17 06:00:00,152,0,2,0,0,0,0
2025-02-17 07:00:00,155,0,2,0,0,0,0
2025-02-17 08:00:00,184,0,2,0,0,0,0
2025-02-17 09:00:00,201,0,2,0,0,0,0
2025-02-17 10:00:00,206,0,2,0,0,0,0
2025-02-17 11:00:00,201,0,2,0,0,0,0
2025-02-17 12:00:00,207,0,2,0,0,0,0
2025-02-17 13:00:00,182,0,2,0,0,0,0
2025-02-17 14:00:00,188,0,2,0,0,0,0
2025-02-17 15:00:00,186,0,2,0,0,0,0
2025-02-17 16:00:00,187,0,2,0,0,0,0
2025-02-17 17:00:00,178,0,2,0,0,0,0
2025-02-17 18:00:00,174,0,2,0,0,0,0
2025-02-17 19:00:00,177,0,2,0,0,0,0
2025-02-17 20:00:00,173,0,2,0,0,0,0
2025-02-17 21:00:00,156,0,2,0,0,0,0
2025-02-17 22:00:00,156,0,2,0,0,0,0
2025-02-17 23:00:00,156,0,2,0,0,0,0
2025-02-18 00:00:00,132,1,2,0,0,0,0
2025-02-18 01:00:00,127,1,2,0,0,0,0
2025-02-18 02:00:00,128,1,2,0,0,0,0
2025-02-18 03:00:00,126,1,2,0,0,0,0
2025-02-18 04:00:00,124,1,2,0,0,0,0
2025-02-18 05:00:00,131,1,2,0,0,0,0
2025-02-18 06:00:00,158,1,2,0,0,0,0
2025-02-18 07:00:00,160,1,2,0,0,0,0
2025-02-18 08:00:00,197,1,2,0,0,0,0
2025-02-18 09:00:00,216,1,2,0,0,0,0
2025-02-18 10:00:00,211,1,2,0,0,0,0
2025-02-18 11:00:00,217,1,2,0,0,0,0
2025-02-18 12:00:00,209,1,2,0,0,0,0
2025-02-18 13:00:00,192,1,2,0,0,0,0
2025-02-18 14:00:00,188,1,2,0,0,0,0
2025-02-18 15:00:00,194,1,2,0,0,0,0
2025-02-18 16:00:00,192,1,2,0,0,0,0
2025-02-18 17:00:00,178,1,2,0,0,0,0
2025-02-18 18:00:00,183,1,2,0,0,0,0
2025-02-18 19:00:00,181,1,2,0,0,0,0
2025-02-18 20:00:00,176,1,2,0,0,0,0
2025-02-18 21:00:00,168,1,2,0,0,0,0
2025-02-18 22:00:00,149,1,2,0,0,0,0
2025-02-18 23:00:00,154,1,2,0,0,0,0
2025-02-19 00:00:00,128,2,2,0,0,0,0
2025-02-19 01:00:00,134,2,2,0,0,0,0
2025-02-19 02:00:00,131,2,2,0,0,0,0
2025-02-19 03:00:00,137,2,2,0,0,0,0
2025-02-19 04:00:00,140,2,2,0,0,0,0
2025-02-19 05:00:00,132,2,2,0,0,0,0
2025-02-19 06:00:00,166,2,2,0,0,0,0
2025-02-19 07:00:00,174,2,2,0,0,0,0
2025-02-19 08:00:00,208,2,2,0,0,0,0
2025-02-19 09:00:00,216,2,2,0,0,0,0
2025-02-19 10:00:00,210,2,2,0,0,0,0
2025-02-19 11:00:00,216,2,2,0,0,0,0
2025-02-19 12:00:00,213,2,2,0,0,0,0
2025-02-19 13:00:00,195,2,2,0,0,0,0
2025-02-19 14:00:00,203,2,2,0,0,0,0
2025-02-19 15:00:00,195,2,2,0,0,0,0
2025-02-19 16:00:00,197,2,2,0,0,0,0
2025-02-19 17:00:00,184,2,2,0,0,0,0
2025-02-19 18:00:00,187,2,2,0,0,0,0
2025-02-19 19:00:00,187,2,2,0,0,0,0
2025-02-19 20:00:00,189,2,2,0,0,0,0
2025-02-19 21:00:00,169,2,2,0,0,0,0
2025-02-19 22:00:00,165,2,2,0,0,0,0
2025-02-19 23:00:00,171,2,2,0,0,0,0
2025-02-20 00:00:00,131,3,2,0,0,0,0
2025-02-20 01:00:00,134,3,2,0,0,0,0
2025-02-20 02:00:00,139,3,2,0,0,0,0
2025-02-20 03:00:00,139,3,2,0,0,0,0
2025-02-20 04:00:00,132,3,2,0,0,0,0
2025-02-20 05:00:00,132,3,2,0,0,0,0
2025-02-20 06:00:00,169,3,2,0,0,0,0
2025-02-20 07:00:00,176,3,2,0,0,0,0
2025-02-20 08:00:00,212,3,2,0,0,0,0
2025-02-20 09:00:00,219,3,2,0,0,0,0
2025-02-20 10:00:00,217,3,2,0,0,0,0
2025-02-20 11:00:00,218,3,2,0,0,0,0
2025-02-20 12:00:00,218,3,2,0,0,0,0
2025-02-20 13:00:00,201,3,2,0,0,0,0
2025-02-20 14:00:00,201,3,2,0,0,0,0
2025-02-20 15:00:00,198,3,2,0,0,0,0
2025-02-20 16:00:00,197,3,2,0,0,0,0
2025-02-20 17:00:00,182,3,2,0,0,0,0
2025-02-20 18:00:00,187,3,2,0,0,0,0
2025-02-20 19:00:00,182,3,2,0,0,0,0
2025-02-20 20:00:00,181,3,2,0,0,0,0
2025-02-20 21:00:00,160,3,2,0,0,0,0
2025-02-20 22:00:00,165,3,2,0,0,0,0
2025-02-20 23:00:00,165,3,2,0,0,0,0
2025-02-21 00:00:00,139,4,2,0,0,0,0
2025-02-21 01:00:00,133,4,2,0,0,0,0
2025-02-21 02:00:00,129,4,2,0,0,0,0
2025-02-21 03:00:00,125,4,2,0,0,0,0
2025-02-21 04:00:00,134,4,2,0,0,0,0
2025-02-21 05:00:00,123,4,2,0,0,0,0
2025-02-21 06:00:00,157,4,2,0,0,0,0
2025-02-21 07:00:00,167,4,2,0,0,0,0
2025-02-21 08:00:00,200,4,2,0,0,0,0
2025-02-21 09:00:00,214,4,2,0,0,0,0
2025-02-21 10:00:00,215,4,2,0,0,0,0
2025-02-21 11:00:00,215,4,2,0,0,0,0
2025-02-21 12:00:00,214,4,2,0,0,0,0
2025-02-21 13:00:00,186,4,2,0,0,0,0
2025-02-21 14:00:00,195,4,2,0,0,0,0
2025-02-21 15:00:00,195,4,2,0,0,0,0
2025-02-21 16:00:00,199,4,2,0,0,0,0
2025-02-21 17:00:00,177,4,2,0,0,0,0
2025-02-21 18:00:00,183,4,2,0,0,0,0
2025-02-21 19:00:00,178,4,2,0,0,0,0
2025-02-21 20:00:00,178,4,2,0,0,0,0
2025-02-21 21:00:00,167,4,2,0,0,0,0
2025-02-21 22:00:00,168,4,2,0,0,0,0
2025-02-21 23:00:00,163,4,2,0,0,0,0
2025-02-22 00:00:00,96,5,2,1,0,0,0
2025-02-22 01:00:00,96,5,2,1,0,0,0
2025-02-22 02:00:00,101,5,2,1,0,0,0
2025-02-22 03:00:00,94,5,2,1,0,0,0
2025-02-22 04:00:00,98,5,2,1,0,0,0
2025-02-22 05:00:00,93,5,2,1,0,0,0
2025-02-22 06:00:00,128,5,2,1,0,0,0
2025-02-22 07:00:00,120,5,2,1,0,0,0
2025-02-22 08:00:00,154,5,2,1,0,0,0
2025-02-22 09:00:00,163,5,2,1,0,0,0
2025-02-22 10:00:00,164,5,2,1,0,0,0
2025-02-22 11:00:00,162,5,2,1,0,0,0
2025-02-22 12:00:00,167,5,2,1,0,0,0
2025-02-22 13:00:00,151,5,2,1,0,0,0
2025-02-22 14:00:00,146,5,2,1,0,0,0
2025-02-22 15:00:00,149,5,2,1,0,0,0
2025-02-22 16:00:00,145,5,2,1,0,0,0
2025-02-22 17:00:00,142,5,2,1,0,0,0
2025-02-22 18:00:00,139,5,2,1,0,0,0
2025-02-22 19:00:00,136,5,2,1,0,0,0
2025-02-22 20:00:00,134,5,2,1,0,0,0
2025-02-22 21:00:00,120,5,2,1,0,0,0
2025-02-22 22:00:00,115,5,2,1,0,0,0
2025-02-22 23:00:00,125,5,2,1,0,0,0
2025-02-23 00:00:00,91,6,2,1,0,0,0
2025-02-23 01:00:00,95,6,2,1,0,0,0
2025-02-23 02:00:00,102,6,2,1,0,0,0
2025-02-23 03:00:00,94,6,2,1,0,0,0
2025-02-23 04:00:00,90,6,2,1,0,0,0
2025-02-23 05:00:00,91,6,2,1,0,0,0
2025-02-23 06:00:00,119,6,2,1,0,0,0
2025-02-23 07:00:00,115,6,2,1,0,0,0
2025-02-23 08:00:00,143,6,2,1,0,0,0
2025-02-23 09:00:00,157,6,2,1,0,0,0
2025-02-23 10:00:00,154,6,2,1,0,0,0
2025-02-23 11:00:00,166,6,2,1,0,0,0
2025-02-23 12:00:00,157,6,2,1,0,0,0
2025-02-23 13:00:00,146,6,2,1,0,0,0
2025-02-23 14:00:00,150,6,2,1,0,0,0
2025-02-23 15:00:00,138,6,2,1,0,0,0
2025-02-23 16:00:00,149,6,2,1,0,0,0
2025-02-23 17:00:00,121,6,2,1,0,0,0
2025-02-23 18:00:00,140,6,2,1,0,0,0
2025-02-23 19:00:00,132,6,2,1,0,0,0
2025-02-23 20:00:00,140,6,2,1,0,0,0
2025-02-23 21:00:00,127,6,2,1,0,0,0
2025-02-23 22:00:00,115,6,2,1,0,0,0
2025-02-23 23:00:00,132,6,2,1,0,0,0
2025-02-24 00:00:00,123,0,2,0,0,0,0
2025-02-24 01:00:00,122,0,2,0,0,0,0
2025-02-24 02:00:00,127,0,2,0,0,0,0
2025-02-24 03:00:00,117,0,2,0,0,0,0
2025-02-24 04:00:00,127,0,2,0,0,0,0
2025-02-24 05:00:00,125,0,2,0,0,0,0
2025-02-24 06:00:00,154,0,2,0,0,0,0
2025-02-24 07:00:00,157,0,2,0,0,0,0
2025-02-24 08:00:00,188,0,2,0,0,0,0
2025-02-24 09:00:00,193,0,2,0,0,0,0
2025-02-24 10:00:00,207,0,2,0,0,0,0
2025-02-24 11:00:00,205,0,2,0,0,0,0
2025-02-24 12:00:00,206,0,2,0,0,0,0
2025-02-24 13:00:00,190,0,2,0,0,0,0
2025-02-24 14:00:00,189,0,2,0,0,0,0
2025-02-24 15:00:00,192,0,2,0,0,0,0
2025-02-24 16:00:00,188,0,2,0,0,0,0
2025-02-24 17:00:00,173,0,2,0,0,0,0
2025-02-24 18:00:00,173,0,2,0,0,0,0
2025-02-24 19:00:00,176,0,2,0,0,0,0
2025-02-24 20:00:00,165,0,2,0,0,0,0
2025-02-24 21:00:00,151,0,2,0,0,0,0
2025-02-24 22:00:00,155,0,2,0,0,0,0
2025-02-24 23:00:00,150,0,2,0,0,0,0
2025-02-25 00:00:00,129,1,2,0,0,0,0
2025-02-25 01:00:00,126,1,2,0,0,0,0
2025-02-25 02:00:00,118,1,2,0,0,0,0
2025-02-25 03:00:00,128,1,2,0,0,0,0
2025-02-25 04:00:00,120,1,2,0,0,0,0
2025-02-25 05:00:00,121,1,2,0,0,0,0
2025-02-25 06:00:00,157,1,2,0,0,0,0
2025-02-25 07:00:00,160,1,2,0,0,0,0
2025-02-25 08:00:00,193,1,2,0,0,0,0
2025-02-25 09:00:00,212,1,2,0,0,0,0
2025-02-25 10:00:00,204,1,2,0,0,0,0
2025-02-25 11:00:00,207,1,2,0,0,0,0
2025-02-25 12:00:00,210,1,2,0,0,0,0
2025-02-25 13:00:00,181,1,2,0,0,0,0
2025-02-25 14:00:00,193,1,2,0,0,0,0
2025-02-25 15:00:00,189,1,2,0,0,0,0
2025-02-25 16:00:00,194,1,2,0,0,0,0
2025-02-25 17:00:00,173,1,2,0,0,0,0
2025-02-25 18:00:00,172,1,2,0,0,0,0
2025-02-25 19:00:00,180,1,2,0,0,0,0
2025-02-25 20:00:00,176,1,2,0,0,0,0
2025-02-25 21:00:00,156,1,2,0,0,0,0
2025-02-25 22:00:00,165,1,2,0,0,0,0
2025-02-25 23:00:00,159,1,2,0,0,0,0
2025-02-26 00:00:00,130,2,2,0,0,0,0
2025-02-26 01:00:00,126,2,2,0,0,0,0
2025-02-26 02:00:00,137,2,2,0,0,0,0
2025-02-26 03:00:00,139,2,2,0,0,0,0
2025-02-26 04:00:00,135,2,2,0,0,0,0
2025-02-26 05:00:00,132,2,2,0,0,0,0
2025-02-26 06:00:00,162,2,2,0,0,0,0
2025-02-26 07:00:00,166,2,2,0,0,0,0
2025-02-26 08:00:00,204,2,2,0,0,0,0
2025-02-26 09:00:00,214,2,2,0,0,0,0
2025-02-26 10:00:00,215,2,2,0,0,0,0
2025-02-26 11:00:00,219,2,2,0,0,0,0
2025-02-26 12:00:00,216,2,2,0,0,0,0
2025-02-26 13:00:00,199,2,2,0,0,0,0
2025-02-26 14:00:00,196,2,2,0,0,0,0
2025-02-26 15:00:00,192,2,2,0,0,0,0
2025-02-26 16:00:00,200,2,2,0,0,0,0
2025-02-26 17:00:00,182,2,2,0,0,0,0
2025-02-26 18:00:00,184,2,2,0,0,0,0
2025-02-26 19:00:00,173,2,2,0,0,0,0
2025-02-26 20:00:00,179,2,2,0,0,0,0
2025-02-26 21:00:00,171,2,2,0,0,0,0
2025-02-26 22:00:00,167,2,2,0,0,0,0
2025-02-26 23:00:00,163,2,2,0,0,0,0
2025-02-27 00:00:00,133,3,2,0,0,0,0
2025-02-27 01:00:00,136,3,2,0,0,0,0
2025-02-27 02:00:00,135,3,2,0,0,0,0
2025-02-27 03:00:00,137,3,2,0,0,0,0
2025-02-27 04:00:00,134,3,2,0,0,0,0
2025-02-27 05:00:00,136,3,2,0,0,0,0
2025-02-27 06:00:00,171,3,2,0,0,0,0
2025-02-27 07:00:00,158,3,2,0,0,0,0
2025-02-27 08:00:00,204,3,2,0,0,0,0
2025-02-27 09:00:00,218,3,2,0,0,0,0
2025-02-27 10:00:00,213,3,2,0,0,0,0
2025-02-27 11:00:00,207,3,2,0,0,0,0
2025-02-27 12:00:00,215,3,2,0,0,0,0
2025-02-27 13:00:00,198,3,2,0,0,0,0
2025-02-27 14:00:00,194,3,2,0,0,0,0
2025-02-27 15:00:00,198,3,2,0,0,0,0
2025-02-27 16:00:00,189,3,2,0,0,0,0
2025-02-27 17:00:00,185,3,2,0,0,0,0
2025-02-27 18:00:00,178,3,2,0,0,0,0
2025-02-27 19:00:00,186,3,2,0,0,0,0
2025-02-27 20:00:00,191,3,2,0,0,0,0
2025-02-27 21:00:00,162,3,2,0,0,0,0
2025-02-27 22:00:00,169,3,2,0,0,0,0
2025-02-27 23:00:00,169,3,2,0,0,0,0
2025-02-28 00:00:00,133,4,2,0,0,0,0
2025-02-28 01:00:00,128,4,2,0,0,0,0
2025-02-28 02:00:00,130,4,2,0,0,0,0
2025-02-28 03:00:00,132,4,2,0,0,0,0
2025-02-28 04:00:00,129,4,2,0,0,0,0
2025-02-28 05:00:00,133,4,2,0,0,0,0
2025-02-28 06:00:00,169,4,2,0,0,0,0
2025-02-28 07:00:00,169,4,2,0,0,0,0
2025-02-28 08:00:00,205,4,2,0,0,0,0
2025-02-28 09:00:00,212,4,2,0,0,0,0
2025-02-28 10:00:00,208,4,2,0,0,0,0
2025-02-28 11:00:00,209,4,2,0,0,0,0
2025-02-28 12:00:00,213,4,2,0,0,0,0
2025-02-28 13:00:00,188,4,2,0,0,0,0
2025-02-28 14:00:00,196,4,2,0,0,0,0
2025-02-28 15:00:00,192,4,2,0,0,0,0
2025-02-28 16:00:00,194,4,2,0,0,0,0
2025-02-28 17:00:00,178,4,2,0,0,0,0
2025-02-28 18:00:00,175,4,2,0,0,0,0
2025-02-28 19:00:00,183,4,2,0,0,0,0
2025-02-28 20:00:00,181,4,2,0,0,0,0
2025-02-28 21:00:00,163,4,2,0,0,0,0
2025-02-28 22:00:00,163,4,2,0,0,0,0
2025-02-28 23:00:00,162,4,2,0,0,0,0
2025-03-01 00:00:00,87,5,3,1,0,0,0
2025-03-01 01:00:00,86,5,3,1,0,0,0
2025-03-01 02:00:00,90,5,3,1,0,0,0
2025-03-01 03:00:00,81,5,3,1,0,0,0
2025-03-01 04:00:00,83,5,3,1,0,0,0
2025-03-01 05:00:00,93,5,3,1,0,0,0
2025-03-01 06:00:00,112,5,3,1,0,0,0
2025-03-01 07:00:00,106,5,3,1,0,0,0
2025-03-01 08:00:00,140,5,3,1,0,0,0
2025-03-01 09:00:00,146,5,3,1,0,0,0
2025-03-01 10:00:00,140,5,3,1,0,0,0
2025-03-01 11:00:00,140,5,3,1,0,0,0
2025-03-01 12:00:00,137,5,3,1,0,0,0
2025-03-01 13:00:00,128,5,3,1,0,0,0
2025-03-01 14:00:00,130,5,3,1,0,0,0
2025-03-01 15:00:00,126,5,3,1,0,0,0
2025-03-01 16:00:00,128,5,3,1,0,0,0
2025-03-01 17:00:00,118,5,3,1,0,0,0
2025-03-01 18:00:00,121,5,3,1,0,0,0
2025-03-01 19:00:00,118,5,3,1,0,0,0
2025-03-01 20:00:00,122,5,3,1,0,0,0
2025-03-01 21:00:00,111,5,3,1,0,0,0
2025-03-01 22:00:00,106,5,3,1,0,0,0
2025-03-01 23:00:00,111,5,3,1,0,0,0
2025-03-02 00:00:00,84,6,3,1,0,0,0
2025-03-02 01:00:00,77,6,3,1,0,0,0
2025-03-02 02:00:00,84,6,3,1,0,0,0
2025-03-02 03:00:00,83,6,3,1,0,0,0
2025-03-02 04:00:00,81,6,3,1,0,0,0
2025-03-02 05:00:00,85,6,3,1,0,0,0
2025-03-02 06:00:00,108,6,3,1,0,0,0
2025-03-02 07:00:00,101,6,3,1,0,0,0
2025-03-02 08:00:00,128,6,3,1,0,0,0
2025-03-02 09:00:00,140,6,3,1,0,0,0
2025-03-02 10:00:00,137,6,3,1,0,0,0
2025-03-02 11:00:00,138,6,3,1,0,0,0
2025-03-02 12:00:00,137,6,3,1,0,0,0
2025-03-02 13:00:00,126,6,3,1,0,0,0
2025-03-02 14:00:00,124,6,3,1,0,0,0
2025-03-02 15:00:00,124,6,3,1,0,0,0
2025-03-02 16:00:00,125,6,3,1,0,0,0
2025-03-02 17:00:00,119,6,3,1,0,0,0
2025-03-02 18:00:00,122,6,3,1,0,0,0
2025-03-02 19:00:00,112,6,3,1,0,0,0
2025-03-02 20:00:00,115,6,3,1,0,0,0
2025-03-02 21:00:00,106,6,3,1,0,0,0
2025-03-02 22:00:00,101,6,3,1,0,0,0
2025-03-02 23:00:00,103,6,3,1,0,0,0
2025-03-03 00:00:00,105,0,3,0,0,0,0
2025-03-03 01:00:00,108,0,3,0,0,0,0
2025-03-03 02:00:00,104,0,3,0,0,0,0
2025-03-03 03:00:00,109,0,3,0,0,0,0
2025-03-03 04:00:00,98,0,3,0,0,0,0
2025-03-03 05:00:00,111,0,3,0,0,0,0
2025-03-03 06:00:00,131,0,3,0,0,0,0
2025-03-03 07:00:00,133,0,3,0,0,0,0
2025-03-03 08:00:00,161,0,3,0,0,0,0
2025-03-03 09:00:00,172,0,3,0,0,0,0
2025-03-03 10:00:00,181,0,3,0,0,0,0
2025-03-03 11:00:00,171,0,3,0,0,0,0
2025-03-03 12:00:00,178,0,3,0,0,0,0
2025-03-03 13:00:00,161,0,3,0,0,0,0
2025-03-03 14:00:00,157,0,3,0,0,0,0
2025-03-03 15:00:00,165,0,3,0,0,0,0
2025-03-03 16:00:00,157,0,3,0,0,0,0
2025-03-03 17:00:00,143,0,3,0,0,0,0
2025-03-03 18:00:00,146,0,3,0,0,0,0
2025-03-03 19:00:00,153,0,3,0,0,0,0
2025-03-03 20:00:00,144,0,3,0,0,0,0
2025-03-03 21:00:00,128,0,3,0,0,0,0
2025-03-03 22:00:00,135,0,3,0,0,0,0
2025-03-03 23:00:00,135,0,3,0,0,0,0
2025-03-04 00:00:00,107,1,3,0,0,0,0
2025-03-04 01:00:00,109,1,3,0,0,0,0
2025-03-04 02:00:00,112,1,3,0,0,0,0
2025-03-04 03:00:00,107,1,3,0,0,0,0
2025-03-04 04:00:00,111,1,3,0,0,0,0
2025-03-04 05:00:00,112,1,3,0,0,0,0
2025-03-04 06:00:00,143,1,3,0,0,0,0
2025-03-04 07:00:00,138,1,3,0,0,0,0
2025-03-04 08:00:00,171,1,3,0,0,0,0
2025-03-04 09:00:00,181,1,3,0,0,0,0
2025-03-04 10:00:00,186,1,3,0,0,0,0
2025-03-04 11:00:00,175,1,3,0,0,0,0
2025-03-04 12:00:00,179,1,3,0,0,0,0
2025-03-04 13:00:00,159,1,3,0,0,0,0
2025-03-04 14:00:00,159,1,3,0,0,0,0
2025-03-04 15:00:00,162,1,3,0,0,0,0
2025-03-04 16:00:00,157,1,3,0,0,0,0
2025-03-04 17:00:00,154,1,3,0,0,0,0
2025-03-04 18:00:00,157,1,3,0,0,0,0
2025-03-04 19:00:00,157,1,3,0,0,0,0
2025-03-04 20:00:00,155,1,3,0,0,0,0
2025-03-04 21:00:00,136,1,3,0,0,0,0
2025-03-04 22:00:00,138,1,3,0,0,0,0
2025-03-04 23:00:00,134,1,3,0,0,0,0
2025-03-05 00:00:00,116,2,3,0,0,0,0
2025-03-05 01:00:00,117,2,3,0,0,0,0
2025-03-05 02:00:00,122,2,3,0,0,0,0
2025-03-05 03:00:00,110,2,3,0,0,0,0
2025-03-05 04:00:00,116,2,3,0,0,0,0
2025-03-05 05:00:00,117,2,3,0,0,0,0
2025-03-05 06:00:00,145,2,3,0,0,0,0
2025-03-05 07:00:00,143,2,3,0,0,0,0
2025-03-05 08:00:00,178,2,3,0,0,0,0
2025-03-05 09:00:00,188,2,3,0,0,0,0
2025-03-05 10:00:00,185,2,3,0,0,0,0
2025-03-05 11:00:00,179,2,3,0,0,0,0
2025-03-05 12:00:00,189,2,3,0,0,0,0
2025-03-05 13:00:00,172,2,3,0,0,0,0
2025-03-05 14:00:00,162,2,3,0,0,0,0
2025-03-05 15:00:00,173,2,3,0,0,0,0
2025-03-05 16:00:00,169,2,3,0,0,0,0
2025-03-05 17:00:00,166,2,3,0,0,0,0
2025-03-05 18:00:00,156,2,3,0,0,0,0
2025-03-05 19:00:00,152,2,3,0,0,0,0
2025-03-05 20:00:00,154,2,3,0,0,0,0
2025-03-05 21:00:00,152,2,3,0,0,0,0
2025-03-05 22:00:00,144,2,3,0,0,0,0
2025-03-05 23:00:00,139,2,3,0,0,0,0
2025-03-06 00:00:00,116,3,3,0,0,0,0
2025-03-06 01:00:00,120,3,3,0,0,0,0
2025-03-06 02:00:00,111,3,3,0,0,0,0
2025-03-06 03:00:00,113,3,3,0,0,0,0
2025-03-06 04:00:00,123,3,3,0,0,0,0
2025-03-06 05:00:00,111,3,3,0,0,0,0
2025-03-06 06:00:00,147,3,3,0,0,0,0
2025-03-06 07:00:00,143,3,3,0,0,0,0
2025-03-06 08:00:00,178,3,3,0,0,0,0
2025-03-06 09:00:00,183,3,3,0,0,0,0
2025-03-06 10:00:00,183,3,3,0,0,0,0
2025-03-06 11:00:00,192,3,3,0,0,0,0
2025-03-06 12:00:00,193,3,3,0,0,0,0
2025-03-06 13:00:00,170,3,3,0,0,0,0
2025-03-06 14:00:00,171,3,3,0,0,0,0
2025-03-06 15:00:00,171,3,3,0,0,0,0
2025-03-06 16:00:00,166,3,3,0,0,0,0
2025-03-06 17:00:00,160,3,3,0,0,0,0
2025-03-06 18:00:00,166,3,3,0,0,0,0
2025-03-06 19:00:00,156,3,3,0,0,0,0
2025-03-06 20:00:00,160,3,3,0,0,0,0
2025-03-06 21:00:00,148,3,3,0,0,0,0
2025-03-06 22:00:00,148,3,3,0,0,0,0
2025-03-06 23:00:00,150,3,3,0,0,0,0
2025-03-07 00:00:00,109,4,3,0,0,0,0
2025-03-07 01:00:00,123,4,3,0,0,0,0
2025-03-07 02:00:00,111,4,3,0,0,0,0
2025-03-07 03:00:00,111,4,3,0,0,0,0
2025-03-07 04:00:00,112,4,3,0,0,0,0
2025-03-07 05:00:00,110,4,3,0,0,0,0
2025-03-07 06:00:00,143,4,3,0,0,0,0
2025-03-07 07:00:00,139,4,3,0,0,0,0
2025-03-07 08:00:00,174,4,3,0,0,0,0
2025-03-07 09:00:00,184,4,3,0,0,0,0
2025-03-07 10:00:00,185,4,3,0,0,0,0
2025-03-07 11:00:00,183,4,3,0,0,0,0
2025-03-07 12:00:00,185,4,3,0,0,0,0
2025-03-07 13:00:00,169,4,3,0,0,0,0
2025-03-07 14:00:00,171,4,3,0,0,0,0
2025-03-07 15:00:00,157,4,3,0,0,0,0
2025-03-07 16:00:00,175,4,3,0,0,0,0
2025-03-07 17:00:00,159,4,3,0,0,0,0
2025-03-07 18:00:00,156,4,3,0,0,0,0
2025-03-07 19:00:00,150,4,3,0,0,0,0
2025-03-07 20:00:00,154,4,3,0,0,0,0
2025-03-07 21:00:00,147,4,3,0,0,0,0
2025-03-07 22:00:00,137,4,3,0,0,0,0
2025-03-07 23:00:00,143,4,3,0,0,0,0
2025-03-08 00:00:00,84,5,3,1,0,0,0
2025-03-08 01:00:00,90,5,3,1,0,0,0
2025-03-08 02:00:00,83,5,3,1,0,0,0
2025-03-08 03:00:00,90,5,3,1,0,0,0
2025-03-08 04:00:00,80,5,3,1,0,0,0
2025-03-08 05:00:00,87,5,3,1,0,0,0
2025-03-08 06:00:00,107,5,3,1,0,0,0
2025-03-08 07:00:00,108,5,3,1,0,0,0
2025-03-08 08:00:00,136,5,3,1,0,0,0
2025-03-08 09:00:00,133,5,3,1,0,0,0
2025-03-08 10:00:00,141,5,3,1,0,0,0
2025-03-08 11:00:00,143,5,3,1,0,0,0
2025-03-08 12:00:00,148,5,3,1,0,0,0
2025-03-08 13:00:00,130,5,3,1,0,0,0
2025-03-08 14:00:00,131,5,3,1,0,0,0
2025-03-08 15:00:00,129,5,3,1,0,0,0
2025-03-08 16:00:00,126,5,3,1,0,0,0
2025-03-08 17:00:00,115,5,3,1,0,0,0
2025-03-08 18:00:00,125,5,3,1,0,0,0
2025-03-08 19:00:00,119,5,3,1,0,0,0
2025-03-08 20:00:00,119,5,3,1,0,0,0
2025-03-08 21:00:00,106,5,3,1,0,0,0
2025-03-08 22:00:00,110,5,3,1,0,0,0
2025-03-08 23:00:00,108,5,3,1,0,0,0
2025-03-09 00:00:00,81,6,3,1,0,0,0
2025-03-09 01:00:00,82,6,3,1,0,0,0
2025-03-09 02:00:00,80,6,3,1,0,0,0
2025-03-09 03:00:00,90,6,3,1,0,0,0
2025-03-09 04:00:00,82,6,3,1,0,0,0
2025-03-09 05:00:00,86,6,3,1,0,0,0
2025-03-09 06:00:00,103,6,3,1,0,0,0
2025-03-09 07:00:00,113,6,3,1,0,0,0
2025-03-09 08:00:00,134,6,3,1,0,0,0
2025-03-09 09:00:00,139,6,3,1,0,0,0
2025-03-09 10:00:00,130,6,3,1,0,0,0
2025-03-09 11:00:00,137,6,3,1,0,0,0
2025-03-09 12:00:00,136,6,3,1,0,0,0
2025-03-09 13:00:00,125,6,3,1,0,0,0
2025-03-09 14:00:00,129,6,3,1,0,0,0
2025-03-09 15:00:00,128,6,3,1,0,0,0
2025-03-09 16:00:00,121,6,3,1,0,0,0
2025-03-09 17:00:00,112,6,3,1,0,0,0
2025-03-09 18:00:00,109,6,3,1,0,0,0
2025-03-09 19:00:00,120,6,3,1,0,0,0
2025-03-09 20:00:00,110,6,3,1,0,0,0
2025-03-09 21:00:00,104,6,3,1,0,0,0
2025-03-09 22:00:00,96,6,3,1,0,0,0
2025-03-09 23:00:00,103,6,3,1,0,0,0
2025-03-10 00:00:00,110,0,3,0,0,0,0
2025-03-10 01:00:00,105,0,3,0,0,0,0
2025-03-10 02:00:00,109,0,3,0,0,0,0
2025-03-10 03:00:00,107,0,3,0,0,0,0
2025-03-10 04:00:00,102,0,3,0,0,0,0
2025-03-10 05:00:00,100,0,3,0,0,0,0
2025-03-10 06:00:00,131,0,3,0,0,0,0
2025-03-10 07:00:00,135,0,3,0,0,0,0
2025-03-10 08:00:00,159,0,3,0,0,0,0
2025-03-10 09:00:00,176,0,3,0,0,0,0
2025-03-10 10:00:00,173,0,3,0,0,0,0
2025-03-10 11:00:00,184,0,3,0,0,0,0
2025-03-10 12:00:00,165,0,3,0,0,0,0
2025-03-10 13:00:00,161,0,3,0,0,0,0
2025-03-10 14:00:00,158,0,3,0,0,0,0
2025-03-10 15:00:00,153,0,3,0,0,0,0
2025-03-10 16:00:00,154,0,3,0,0,0,0
2025-03-10 17:00:00,156,0,3,0,0,0,0
2025-03-10 18:00:00,140,0,3,0,0,0,0
2025-03-10 19:00:00,154,0,3,0,0,0,0
2025-03-10 20:00:00,152,0,3,0,0,0,0
2025-03-10 21:00:00,136,0,3,0,0,0,0
2025-03-10 22:00:00,131,0,3,0,0,0,0
2025-03-10 23:00:00,135,0,3,0,0,0,0
2025-03-11 00:00:00,108,1,3,0,0,0,0
2025-03-11 01:00:00,112,1,3,0,0,0,0
2025-03-11 02:00:00,110,1,3,0,0,0,0
2025-03-11 03:00:00,104,1,3,0,0,0,0
2025-03-11 04:00:00,105,1,3,0,0,0,0
2025-03-11 05:00:00,107,1,3,0,0,0,0
2025-03-11 06:00:00,129,1,3,0,0,0,0
2025-03-11 07:00:00,140,1,3,0,0,0,0
2025-03-11 08:00:00,166,1,3,0,0,0,0
2025-03-11 09:00:00,182,1,3,0,0,0,0
2025-03-11 10:00:00,183,1,3,0,0,0,0
2025-03-11 11:00:00,179,1,3,0,0,0,0
2025-03-11 12:00:00,180,1,3,0,0,0,0
2025-03-11 13:00:00,160,1,3,0,0,0,0
2025-03-11 14:00:00,165,1,3,0,0,0,0
2025-03-11 15:00:00,158,1,3,0,0,0,0
2025-03-11 16:00:00,166,1,3,0,0,0,0
2025-03-11 17:00:00,152,1,3,0,0,0,0
2025-03-11 18:00:00,153,1,3,0,0,0,0
2025-03-11 19:00:00,145,1,3,0,0,0,0
2025-03-11 20:00:00,148,1,3,0,0,0,0
2025-03-11 21:00:00,148,1,3,0,0,0,0
2025-03-11 22:00:00,141,1,3,0,0,0,0
2025-03-11 23:00:00,141,1,3,0,0,0,0
2025-03-12 00:00:00,115,2,3,0,0,0,0
2025-03-12 01:00:00,114,2,3,0,0,0,0
2025-03-12 02:00:00,113,2,3,0,0,0,0
2025-03-12 03:00:00,113,2,3,0,0,0,0
2025-03-12 04:00:00,110,2,3,0,0,0,0
2025-03-12 05:00:00,107,2,3,0,0,0,0
2025-03-12 06:00:00,142,2,3,0,0,0,0
2025-03-12 07:00:00,141,2,3,0,0,0,0
2025-03-12 08:00:00,173,2,3,0,0,0,0
2025-03-12 09:00:00,183,2,3,0,0,0,0
2025-03-12 10:00:00,188,2,3,0,0,0,0
2025-03-12 11:00:00,189,2,3,0,0,0,0
2025-03-12 12:00:00,186,2,3,0,0,0,0
2025-03-12 13:00:00,166,2,3,0,0,0,0
2025-03-12 14:00:00,171,2,3,0,0,0,0
2025-03-12 15:00:00,167,2,3,0,0,0,0
2025-03-12 16:00:00,174,2,3,0,0,0,0
2025-03-12 17:00:00,162,2,3,0,0,0,0
2025-03-12 18:00:00,159,2,3,0,0,0,0
2025-03-12 19:00:00,156,2,3,0,0,0,0
2025-03-12 20:00:00,162,2,3,0,0,0,0
2025-03-12 21:00:00,139,2,3,0,0,0,0
2025-03-12 22:00:00,143,2,3,0,0,0,0
2025-03-12 23:00:00,143,2,3,0,0,0,0
2025-03-13 00:00:00,113,3,3,0,0,0,0
2025-03-13 01:00:00,118,3,3,0,0,0,0
2025-03-13 02:00:00,117,3,3,0,0,0,0
2025-03-13 03:00:00,108,3,3,0,0,0,0
2025-03-13 04:00:00,115,3,3,0,0,0,0
2025-03-13 05:00:00,122,3,3,0,0,0,0
2025-03-13 06:00:00,139,3,3,0,0,0,0
2025-03-13 07:00:00,145,3,3,0,0,0,0
2025-03-13 08:00:00,177,3,3,0,0,0,0
2025-03-13 09:00:00,191,3,3,0,0,0,0
2025-03-13 10:00:00,191,3,3,0,0,0,0
2025-03-13 11:00:00,183,3,3,0,0,0,0
2025-03-13 12:00:00,182,3,3,0,0,0,0
2025-03-13 13:00:00,168,3,3,0,0,0,0
2025-03-13 14:00:00,169,3,3,0,0,0,0
2025-03-13 15:00:00,163,3,3,0,0,0,0
2025-03-13 16:00:00,169,3,3,0,0,0,0
2025-03-13 17:00:00,158,3,3,0,0,0,0
2025-03-13 18:00:00,160,3,3,0,0,0,0
2025-03-13 19:00:00,168,3,3,0,0,0,0
2025-03-13 20:00:00,161,3,3,0,0,0,0
2025-03-13 21:00:00,147,3,3,0,0,0,0
2025-03-13 22:00:00,149,3,3,0,0,0,0
2025-03-13 23:00:00,146,3,3,0,0,0,0
2025-03-14 00:00:00,108,4,3,0,0,0,0
2025-03-14 01:00:00,115,4,3,0,0,0,0
2025-03-14 02:00:00,109,4,3,0,0,0,0
2025-03-14 03:00:00,114,4,3,0,0,0,0
2025-03-14 04:00:00,113,4,3,0,0,0,0
2025-03-14 05:00:00,114,4,3,0,0,0,0
2025-03-14 06:00:00,137,4,3,0,0,0,0
2025-03-14 07:00:00,143,4,3,0,0,0,0
2025-03-14 08:00:00,174,4,3,0,0,0,0
2025-03-14 09:00:00,185,4,3,0,0,0,0
2025-03-14 10:00:00,185,4,3,0,0,0,0
2025-03-14 11:00:00,189,4,3,0,0,0,0
2025-03-14 12:00:00,180,4,3,0,0,0,0
2025-03-14 13:00:00,172,4,3,0,0,0,0
2025-03-14 14:00:00,169,4,3,0,0,0,0
2025-03-14 15:00:00,168,4,3,0,0,0,0
2025-03-14 16:00:00,175,4,3,0,0,0,0
2025-03-14 17:00:00,160,4,3,0,0,0,0
2025-03-14 18:00:00,150,4,3,0,0,0,0
2025-03-14 19:00:00,155,4,3,0,0,0,0
2025-03-14 20:00:00,155,4,3,0,0,0,0
2025-03-14 21:00:00,134,4,3,0,0,0,0
2025-03-14 22:00:00,144,4,3,0,0,0,0
2025-03-14 23:00:00,142,4,3,0,0,0,0
2025-03-15 00:00:00,85,5,3,1,0,0,0
2025-03-15 01:00:00,84,5,3,1,0,0,0
2025-03-15 02:00:00,89,5,3,1,0,0,0
2025-03-15 03:00:00,85,5,3,1,0,0,0
2025-03-15 04:00:00,80,5,3,1,0,0,0
2025-03-15 05:00:00,88,5,3,1,0,0,0
2025-03-15 06:00:00,107,5,3,1,0,0,0
2025-03-15 07:00:00,109,5,3,1,0,0,0
2025-03-15 08:00:00,136,5,3,1,0,0,0
2025-03-15 09:00:00,147,5,3,1,0,0,0
2025-03-15 10:00:00,136,5,3,1,0,0,0
2025-03-15 11:00:00,135,5,3,1,0,0,0
2025-03-15 12:00:00,142,5,3,1,0,0,0
2025-03-15 13:00:00,125,5,3,1,0,0,0
2025-03-15 14:00:00,134,5,3,1,0,0,0
2025-03-15 15:00:00,130,5,3,1,0,0,0
2025-03-15 16:00:00,124,5,3,1,0,0,0
2025-03-15 17:00:00,122,5,3,1,0,0,0
2025-03-15 18:00:00,124,5,3,1,0,0,0
2025-03-15 19:00:00,119,5,3,1,0,0,0
2025-03-15 20:00:00,119,5,3,1,0,0,0
2025-03-15 21:00:00,105,5,3,1,0,0,0
2025-03-15 22:00:00,98,5,3,1,0,0,0
2025-03-15 23:00:00,105,5,3,1,0,0,0
2025-03-16 00:00:00,75,6,3,1,0,0,0
2025-03-16 01:00:00,85,6,3,1,0,0,0
2025-03-16 02:00:00,78,6,3,1,0,0,0
2025-03-16 03:00:00,81,6,3,1,0,0,0
2025-03-16 04:00:00,83,6,3,1,0,0,0
2025-03-16 05:00:00,81,6,3,1,0,0,0
2025-03-16 06:00:00,104,6,3,1,0,0,0
2025-03-16 07:00:00,99,6,3,1,0,0,0
2025-03-16 08:00:00,124,6,3,1,0,0,0
2025-03-16 09:00:00,133,6,3,1,0,0,0
2025-03-16 10:00:00,131,6,3,1,0,0,0
2025-03-16 11:00:00,137,6,3,1,0,0,0
2025-03-16 12:00:00,140,6,3,1,0,0,0
2025-03-16 13:00:00,121,6,3,1,0,0,0
2025-03-16 14:00:00,125,6,3,1,0,0,0
2025-03-16 15:00:00,120,6,3,1,0,0,0
2025-03-16 16:00:00,123,6,3,1,0,0,0
2025-03-16 17:00:00,113,6,3,1,0,0,0
2025-03-16 18:00:00,121,6,3,1,0,0,0
2025-03-16 19:00:00,115,6,3,1,0,0,0
2025-03-16 20:00:00,112,6,3,1,0,0,0
2025-03-16 21:00:00,103,6,3,1,0,0,0
2025-03-16 22:00:00,104,6,3,1,0,0,0
2025-03-16 23:00:00,101,6,3,1,0,0,0
2025-03-17 00:00:00,108,0,3,0,0,0,0
2025-03-17 01:00:00,102,0,3,0,0,0,0
2025-03-17 02:00:00,110,0,3,0,0,0,0
2025-03-17 03:00:00,103,0,3,0,0,0,0
2025-03-17 04:00:00,105,0,3,0,0,0,0
2025-03-17 05:00:00,107,0,3,0,0,0,0
2025-03-17 06:00:00,138,0,3,0,0,0,0
2025-03-17 07:00:00,129,0,3,0,0,0,0
2025-03-17 08:00:00,161,0,3,0,0,0,0
2025-03-17 09:00:00,176,0,3,0,0,0,0
2025-03-17 10:00:00,182,0,3,0,0,0,0
2025-03-17 11:00:00,174,0,3,0,0,0,0
2025-03-17 12:00:00,171,0,3,0,0,0,0
2025-03-17 13:00:00,152,0,3,0,0,0,0
2025-03-17 14:00:00,161,0,3,0,0,0,0
2025-03-17 15:00:00,158,0,3,0,0,0,0
2025-03-17 16:00:00,163,0,3,0,0,0,0
2025-03-17 17:00:00,150,0,3,0,0,0,0
2025-03-17 18:00:00,143,0,3,0,0,0,0
2025-03-17 19:00:00,147,0,3,0,0,0,0
2025-03-17 20:00:00,141,0,3,0,0,0,0
2025-03-17 21:00:00,130,0,3,0,0,0,0
2025-03-17 22:00:00,125,0,3,0,0,0,0
2025-03-17 23:00:00,123,0,3,0,0,0,0
2025-03-18 00:00:00,117,1,3,0,0,0,0
2025-03-18 01:00:00,105,1,3,0,0,0,0
2025-03-18 02:00:00,110,1,3,0,0,0,0
2025-03-18 03:00:00,108,1,3,0,0,0,0
2025-03-18 04:00:00,112,1,3,0,0,0,0
2025-03-18 05:00:00,110,1,3,0,0,0,0
2025-03-18 06:00:00,129,1,3,0,0,0,0
2025-03-18 07:00:00,136,1,3,0,0,0,0
2025-03-18 08:00:00,166,1,3,0,0,0,0
2025-03-18 09:00:00,182,1,3,0,0,0,0
2025-03-18 10:00:00,184,1,3,0,0,0,0
2025-03-18 11:00:00,179,1,3,0,0,0,0
2025-03-18 12:00:00,185,1,3,0,0,0,0
2025-03-18 13:00:00,166,1,3,0,0,0,0
2025-03-18 14:00:00,159,1,3,0,0,0,0
2025-03-18 15:00:00,159,1,3,0,0,0,0
2025-03-18 16:00:00,165,1,3,0,0,0,0
2025-03-18 17:00:00,149,1,3,0,0,0,0
2025-03-18 18:00:00,147,1,3,0,0,0,0
2025-03-18 19:00:00,160,1,3,0,0,0,0
2025-03-18 20:00:00,151,1,3,0,0,0,0
2025-03-18 21:00:00,138,1,3,0,0,0,0
2025-03-18 22:00:00,143,1,3,0,0,0,0
2025-03-18 23:00:00,142,1,3,0,0,0,0
2025-03-19 00:00:00,113,2,3,0,0,0,0
2025-03-19 01:00:00,112,2,3,0,0,0,0
2025-03-19 02:00:00,122,2,3,0,0,0,0
2025-03-19 03:00:00,111,2,3,0,0,0,0
2025-03-19 04:00:00,115,2,3,0,0,0,0
2025-03-19 05:00:00,117,2,3,0,0,0,0
2025-03-19 06:00:00,144,2,3,0,0,0,0
2025-03-19 07:00:00,149,2,3,0,0,0,0
2025-03-19 08:00:00,180,2,3,0,0,0,0
2025-03-19 09:00:00,191,2,3,0,0,0,0
2025-03-19 10:00:00,189,2,3,0,0,0,0
2025-03-19 11:00:00,182,2,3,0,0,0,0
2025-03-19 12:00:00,181,2,3,0,0,0,0
2025-03-19 13:00:00,173,2,3,0,0,0,0
2025-03-19 14:00:00,167,2,3,0,0,0,0
2025-03-19 15:00:00,162,2,3,0,0,0,0
2025-03-19 16:00:00,172,2,3,0,0,0,0
2025-03-19 17:00:00,158,2,3,0,0,0,0
2025-03-19 18:00:00,152,2,3,0,0,0,0
2025-03-19 19:00:00,160,2,3,0,0,0,0
2025-03-19 20:00:00,167,2,3,0,0,0,0
2025-03-19 21:00:00,140,2,3,0,0,0,0
2025-03-19 22:00:00,152,2,3,0,0,0,0
2025-03-19 23:00:00,141,2,3,0,0,0,0
2025-03-20 00:00:00,116,3,3,0,0,0,0
2025-03-20 01:00:00,112,3,3,0,0,0,0
2025-03-20 02:00:00,115,3,3,0,0,0,0
2025-03-20 03:00:00,111,3,3,0,0,0,0
2025-03-20 04:00:00,120,3,3,0,0,0,0
2025-03-20 05:00:00,113,3,3,0,0,0,0
2025-03-20 06:00:00,143,3,3,0,0,0,0
2025-03-20 07:00:00,144,3,3,0,0,0,0
2025-03-20 08:00:00,177,3,3,0,0,0,0
2025-03-20 09:00:00,187,3,3,0,0,0,0
2025-03-20 10:00:00,190,3,3,0,0,0,0
2025-03-20 11:00:00,187,3,3,0,0,0,0
2025-03-20 12:00:00,182,3,3,0,0,0,0
2025-03-20 13:00:00,170,3,3,0,0,0,0
2025-03-20 14:00:00,168,3,3,0,0,0,0
2025-03-20 15:00:00,180,3,3,0,0,0,0
2025-03-20 16:00:00,166,3,3,0,0,0,0
2025-03-20 17:00:00,161,3,3,0,0,0,0
2025-03-20 18:00:00,160,3,3,0,0,0,0
2025-03-20 19:00:00,158,3,3,0,0,0,0
2025-03-20 20:00:00,155,3,3,0,0,0,0
2025-03-20 21:00:00,146,3,3,0,0,0,0
2025-03-20 22:00:00,143,3,3,0,0,0,0
2025-03-20 23:00:00,146,3,3,0,0,0,0
2025-03-21 00:00:00,113,4,3,0,0,0,0
2025-03-21 01:00:00,117,4,3,0,0,0,0
2025-03-21 02:00:00,117,4,3,0,0,0,0
2025-03-21 03:00:00,109,4,3,0,0,0,0
2025-03-21 04:00:00,113,4,3,0,0,0,0
2025-03-21 05:00:00,116,4,3,0,0,0,0
2025-03-21 06:00:00,133,4,3,0,0,0,0
2025-03-21 07:00:00,142,4,3,0,0,0,0
2025-03-21 08:00:00,173,4,3,0,0,0,0
2025-03-21 09:00:00,185,4,3,0,0,0,0
2025-03-21 10:00:00,179,4,3,0,0,0,0
2025-03-21 11:00:00,183,4,3,0,0,0,0
2025-03-21 12:00:00,185,4,3,0,0,0,0
2025-03-21 13:00:00,163,4,3,0,0,0,0
2025-03-21 14:00:00,161,4,3,0,0,0,0
2025-03-21 15:00:00,161,4,3,0,0,0,0
2025-03-21 16:00:00,165,4,3,0,0,0,0
2025-03-21 17:00:00,152,4,3,0,0,0,0
2025-03-21 18:00:00,157,4,3,0,0,0,0
2025-03-21 19:00:00,151,4,3,0,0,0,0
2025-03-21 20:00:00,156,4,3,0,0,0,0
2025-03-21 21:00:00,140,4,3,0,0,0,0
2025-03-21 22:00:00,144,4,3,0,0,0,0
2025-03-21 23:00:00,143,4,3,0,0,0,0
2025-03-22 00:00:00,79,5,3,1,0,0,0
2025-03-22 01:00:00,78,5,3,1,0,0,0
2025-03-22 02:00:00,83,5,3,1,0,0,0
2025-03-22 03:00:00,77,5,3,1,0,0,0
2025-03-22 04:00:00,79,5,3,1,0,0,0
2025-03-22 05:00:00,90,5,3,1,0,0,0
2025-03-22 06:00:00,105,5,3,1,0,0,0
2025-03-22 07:00:00,106,5,3,1,0,0,0
2025-03-22 08:00:00,134,5,3,1,0,0,0
2025-03-22 09:00:00,142,5,3,1,0,0,0
2025-03-22 10:00:00,136,5,3,1,0,0,0
2025-03-22 11:00:00,140,5,3,1,0,0,0
2025-03-22 12:00:00,145,5,3,1,0,0,0
2025-03-22 13:00:00,117,5,3,1,0,0,0
2025-03-22 14:00:00,123,5,3,1,0,0,0
2025-03-22 15:00:00,129,5,3,1,0,0,0
2025-03-22 16:00:00,122,5,3,1,0,0,0
2025-03-22 17:00:00,121,5,3,1,0,0,0
2025-03-22 18:00:00,113,5,3,1,0,0,0
2025-03-22 19:00:00,117,5,3,1,0,0,0
2025-03-22 20:00:00,115,5,3,1,0,0,0
2025-03-22 21:00:00,104,5,3,1,0,0,0
2025-03-22 22:00:00,105,5,3,1,0,0,0
2025-03-22 23:00:00,107,5,3,1,0,0,0
2025-03-23 00:00:00,83,6,3,1,0,0,0
2025-03-23 01:00:00,69,6,3,1,0,0,0
2025-03-23 02:00:00,85,6,3,1,0,0,0
2025-03-23 03:00:00,82,6,3,1,0,0,0
2025-03-23 04:00:00,74,6,3,1,0,0,0
2025-03-23 05:00:00,75,6,3,1,0,0,0
2025-03-23 06:00:00,103,6,3,1,0,0,0
2025-03-23 07:00:00,100,6,3,1,0,0,0
2025-03-23 08:00:00,123,6,3,1,0,0,0
2025-03-23 09:00:00,131,6,3,1,0,0,0
2025-03-23 10:00:00,133,6,3,1,0,0,0
2025-03-23 11:00:00,134,6,3,1,0,0,0
2025-03-23 12:00:00,133,6,3,1,0,0,0
2025-03-23 13:00:00,123,6,3,1,0,0,0
2025-03-23 14:00:00,127,6,3,1,0,0,0
2025-03-23 15:00:00,120,6,3,1,0,0,0
2025-03-23 16:00:00,125,6,3,1,0,0,0
2025-03-23 17:00:00,109,6,3,1,0,0,0
2025-03-23 18:00:00,107,6,3,1,0,0,0
2025-03-23 19:00:00,110,6,3,1,0,0,0
2025-03-23 20:00:00,109,6,3,1,0,0,0
2025-03-23 21:00:00,99,6,3,1,0,0,0
2025-03-23 22:00:00,102,6,3,1,0,0,0
2025-03-23 23:00:00,94,6,3,1,0,0,0
2025-03-24 00:00:00,99,0,3,0,0,0,0
2025-03-24 01:00:00,103,0,3,0,0,0,0
2025-03-24 02:00:00,105,0,3,0,0,0,0
2025-03-24 03:00:00,100,0,3,0,0,0,0
2025-03-24 04:00:00,100,0,3,0,0,0,0
2025-03-24 05:00:00,99,0,3,0,0,0,0
2025-03-24 06:00:00,129,0,3,0,0,0,0
2025-03-24 07:00:00,129,0,3,0,0,0,0
2025-03-24 08:00:00,154,0,3,0,0,0,0
2025-03-24 09:00:00,169,0,3,0,0,0,0
2025-03-24 10:00:00,170,0,3,0,0,0,0
2025-03-24 11:00:00,171,0,3,0,0,0,0
2025-03-24 12:00:00,171,0,3,0,0,0,0
2025-03-24 13:00:00,157,0,3,0,0,0,0
2025-03-24 14:00:00,158,0,3,0,0,0,0
2025-03-24 15:00:00,150,0,3,0,0,0,0
2025-03-24 16:00:00,157,0,3,0,0,0,0
2025-03-24 17:00:00,150,0,3,0,0,0,0
2025-03-24 18:00:00,147,0,3,0,0,0,0
2025-03-24 19:00:00,145,0,3,0,0,0,0
2025-03-24 20:00:00,155,0,3,0,0,0,0
2025-03-24 21:00:00,130,0,3,0,0,0,0
2025-03-24 22:00:00,127,0,3,0,0,0,0
2025-03-24 23:00:00,134,0,3,0,0,0,0
2025-03-25 00:00:00,107,1,3,0,0,0,0
2025-03-25 01:00:00,117,1,3,0,0,0,0
2025-03-25 02:00:00,106,1,3,0,0,0,0
2025-03-25 03:00:00,112,1,3,0,0,0,0
2025-03-25 04:00:00,110,1,3,0,0,0,0
2025-03-25 05:00:00,103,1,3,0,0,0,0
2025-03-25 06:00:00,138,1,3,0,0,0,0
2025-03-25 07:00:00,139,1,3,0,0,0,0
2025-03-25 08:00:00,169,1,3,0,0,0,0
2025-03-25 09:00:00,178,1,3,0,0,0,0
2025-03-25 10:00:00,175,1,3,0,0,0,0
2025-03-25 11:00:00,184,1,3,0,0,0,0
2025-03-25 12:00:00,178,1,3,0,0,0,0
2025-03-25 13:00:00,150,1,3,0,0,0,0
2025-03-25 14:00:00,172,1,3,0,0,0,0
2025-03-25 15:00:00,160,1,3,0,0,0,0
2025-03-25 16:00:00,163,1,3,0,0,0,0
2025-03-25 17:00:00,149,1,3,0,0,0,0
2025-03-25 18:00:00,152,1,3,0,0,0,0
2025-03-25 19:00:00,157,1,3,0,0,0,0
2025-03-25 20:00:00,150,1,3,0,0,0,0
2025-03-25 21:00:00,135,1,3,0,0,0,0
2025-03-25 22:00:00,139,1,3,0,0,0,0
2025-03-25 23:00:00,135,1,3,0,0,0,0
2025-03-26 00:00:00,114,2,3,0,0,0,0
2025-03-26 01:00:00,108,2,3,0,0,0,0
2025-03-26 02:00:00,112,2,3,0,0,0,0
2025-03-26 03:00:00,104,2,3,0,0,0,0
2025-03-26 04:00:00,122,2,3,0,0,0,0
2025-03-26 05:00:00,117,2,3,0,0,0,0
2025-03-26 06:00:00,141,2,3,0,0,0,0
2025-03-26 07:00:00,146,2,3,0,0,0,0
2025-03-26 08:00:00,176,2,3,0,0,0,0
2025-03-26 09:00:00,180,2,3,0,0,0,0
2025-03-26 10:00:00,185,2,3,0,0,0,0
2025-03-26 11:00:00,183,2,3,0,0,0,0
2025-03-26 12:00:00,177,2,3,0,0,0,0
2025-03-26 13:00:00,162,2,3,0,0,0,0
2025-03-26 14:00:00,172,2,3,0,0,0,0
2025-03-26 15:00:00,166,2,3,0,0,0,0
2025-03-26 16:00:00,164,2,3,0,0,0,0
2025-03-26 17:00:00,155,2,3,0,0,0,0
2025-03-26 18:00:00,159,2,3,0,0,0,0
2025-03-26 19:00:00,157,2,3,0,0,0,0
2025-03-26 20:00:00,153,2,3,0,0,0,0
2025-03-26 21:00:00,141,2,3,0,0,0,0
2025-03-26 22:00:00,142,2,3,0,0,0,0
2025-03-26 23:00:00,147,2,3,0,0,0,0
2025-03-27 00:00:00,114,3,3,0,0,0,0
2025-03-27 01:00:00,110,3,3,0,0,0,0
2025-03-27 02:00:00,110,3,3,0,0,0,0
2025-03-27 03:00:00,107,3,3,0,0,0,0
2025-03-27 04:00:00,117,3,3,0,0,0,0
2025-03-27 05:00:00,119,3,3,0,0,0,0
2025-03-27 06:00:00,138,3,3,0,0,0,0
2025-03-27 07:00:00,140,3,3,0,0,0,0
2025-03-27 08:00:00,174,3,3,0,0,0,0
2025-03-27 09:00:00,189,3,3,0,0,0,0
2025-03-27 10:00:00,191,3,3,0,0,0,0
2025-03-27 11:00:00,187,3,3,0,0,0,0
2025-03-27 12:00:00,186,3,3,0,0,0,0
2025-03-27 13:00:00,166,3,3,0,0,0,0
2025-03-27 14:00:00,172,3,3,0,0,0,0
2025-03-27 15:00:00,169,3,3,0,0,0,0
2025-03-27 16:00:00,163,3,3,0,0,0,0
2025-03-27 17:00:00,156,3,3,0,0,0,0
2025-03-27 18:00:00,161,3,3,0,0,0,0
2025-03-27 19:00:00,158,3,3,0,0,0,0
2025-03-27 20:00:00,160,3,3,0,0,0,0
2025-03-27 21:00:00,139,3,3,0,0,0,0
2025-03-27 22:00:00,142,3,3,0,0,0,0
2025-03-27 23:00:00,149,3,3,0,0,0,0
2025-03-28 00:00:00,110,4,3,0,0,0,0
2025-03-28 01:00:00,112,4,3,0,0,0,0
2025-03-28 02:00:00,111,4,3,0,0,0,0
2025-03-28 03:00:00,114,4,3,0,0,0,0
2025-03-28 04:00:00,106,4,3,0,0,0,0
2025-03-28 05:00:00,110,4,3,0,0,0,0
2025-03-28 06:00:00,137,4,3,0,0,0,0
2025-03-28 07:00:00,139,4,3,0,0,0,0
2025-03-28 08:00:00,171,4,3,0,0,0,0
2025-03-28 09:00:00,188,4,3,0,0,0,0
2025-03-28 10:00:00,185,4,3,0,0,0,0
2025-03-28 11:00:00,189,4,3,0,0,0,0
2025-03-28 12:00:00,182,4,3,0,0,0,0
2025-03-28 13:00:00,168,4,3,0,0,0,0
2025-03-28 14:00:00,162,4,3,0,0,0,0
2025-03-28 15:00:00,161,4,3,0,0,0,0
2025-03-28 16:00:00,170,4,3,0,0,0,0
2025-03-28 17:00:00,149,4,3,0,0,0,0
2025-03-28 18:00:00,155,4,3,0,0,0,0
2025-03-28 19:00:00,148,4,3,0,0,0,0
2025-03-28 20:00:00,144,4,3,0,0,0,0
2025-03-28 21:00:00,132,4,3,0,0,0,0
2025-03-28 22:00:00,145,4,3,0,0,0,0
2025-03-28 23:00:00,145,4,3,0,0,0,0
2025-03-29 00:00:00,81,5,3,1,0,0,0
2025-03-29 01:00:00,80,5,3,1,0,0,0
2025-03-29 02:00:00,80,5,3,1,0,0,0
2025-03-29 03:00:00,84,5,3,1,0,0,0
2025-03-29 04:00:00,86,5,3,1,0,0,0
2025-03-29 05:00:00,80,5,3,1,0,0,0
2025-03-29 06:00:00,100,5,3,1,0,0,0
2025-03-29 07:00:00,97,5,3,1,0,0,0
2025-03-29 08:00:00,128,5,3,1,0,0,0
2025-03-29 09:00:00,131,5,3,1,0,0,0
2025-03-29 10:00:00,134,5,3,1,0,0,0
2025-03-29 11:00:00,144,5,3,1,0,0,0
2025-03-29 12:00:00,142,5,3,1,0,0,0
2025-03-29 13:00:00,119,5,3,1,0,0,0
2025-03-29 14:00:00,126,5,3,1,0,0,0
2025-03-29 15:00:00,117,5,3,1,0,0,0
2025-03-29 16:00:00,128,5,3,1,0,0,0
2025-03-29 17:00:00,122,5,3,1,0,0,0
2025-03-29 18:00:00,121,5,3,1,0,0,0
2025-03-29 19:00:00,119,5,3,1,0,0,0
2025-03-29 20:00:00,113,5,3,1,0,0,0
2025-03-29 21:00:00,104,5,3,1,0,0,0
2025-03-29 22:00:00,107,5,3,1,0,0,0
2025-03-29 23:00:00,106,5,3,1,0,0,0
2025-03-30 00:00:00,80,6,3,1,0,0,0
2025-03-30 01:00:00,73,6,3,1,0,0,0
2025-03-30 02:00:00,85,6,3,1,0,0,0
2025-03-30 03:00:00,78,6,3,1,0,0,0
2025-03-30 04:00:00,77,6,3,1,0,0,0
2025-03-30 05:00:00,75,6,3,1,0,0,0
2025-03-30 06:00:00,102,6,3,1,0,0,0
2025-03-30 07:00:00,92,6,3,1,0,0,0
2025-03-30 08:00:00,120,6,3,1,0,0,0
2025-03-30 09:00:00,131,6,3,1,0,0,0
2025-03-30 10:00:00,135,6,3,1,0,0,0
2025-03-30 11:00:00,139,6,3,1,0,0,0
2025-03-30 12:00:00,136,6,3,1,0,0,0
2025-03-30 13:00:00,124,6,3,1,0,0,0
2025-03-30 14:00:00,124,6,3,1,0,0,0
2025-03-30 15:00:00,119,6,3,1,0,0,0
2025-03-30 16:00:00,122,6,3,1,0,0,0
2025-03-30 17:00:00,113,6,3,1,0,0,0
2025-03-30 18:00:00,112,6,3,1,0,0,0
2025-03-30 19:00:00,106,6,3,1,0,0,0
2025-03-30 20:00:00,106,6,3,1,0,0,0
2025-03-30 21:00:00,98,6,3,1,0,0,0
2025-03-30 22:00:00,94,6,3,1,0,0,0
2025-03-30 23:00:00,96,6,3,1,0,0,0
2025-03-31 00:00:00,103,0,3,0,0,0,0
2025-03-31 01:00:00,100,0,3,0,0,0,0
2025-03-31 02:00:00,100,0,3,0,0,0,0
2025-03-31 03:00:00,97,0,3,0,0,0,0
2025-03-31 04:00:00,93,0,3,0,0,0,0
2025-03-31 05:00:00,99,0,3,0,0,0,0
2025-03-31 06:00:00,132,0,3,0,0,0,0
2025-03-31 07:00:00,132,0,3,0,0,0,0
2025-03-31 08:00:00,155,0,3,0,0,0,0
2025-03-31 09:00:00,165,0,3,0,0,0,0
2025-03-31 10:00:00,178,0,3,0,0,0,0
2025-03-31 11:00:00,173,0,3,0,0,0,0
2025-03-31 12:00:00,174,0,3,0,0,0,0
2025-03-31 13:00:00,160,0,3,0,0,0,0
2025-03-31 14:00:00,158,0,3,0,0,0,0
2025-03-31 15:00:00,152,0,3,0,0,0,0
2025-03-31 16:00:00,162,0,3,0,0,0,0
2025-03-31 17:00:00,144,0,3,0,0,0,0
2025-03-31 18:00:00,143,0,3,0,0,0,0
2025-03-31 19:00:00,136,0,3,0,0,0,0
2025-03-31 20:00:00,149,0,3,0,0,0,0
2025-03-31 21:00:00,132,0,3,0,0,0,0
2025-03-31 22:00:00,131,0,3,0,0,0,0
2025-03-31 23:00:00,124,0,3,0,0,0,0
2025-04-01 00:00:00,113,1,4,0,0,0,0
2025-04-01 01:00:00,98,1,4,0,0,0,0
2025-04-01 02:00:00,101,1,4,0,0,0,0
2025-04-01 03:00:00,100,1,4,0,0,0,0
2025-04-01 04:00:00,112,1,4,0,0,0,0
2025-04-01 05:00:00,106,1,4,0,0,0,0
2025-04-01 06:00:00,136,1,4,0,0,0,0
2025-04-01 07:00:00,140,1,4,0,0,0,0
2025-04-01 08:00:00,166,1,4,0,0,0,0
2025-04-01 09:00:00,180,1,4,0,0,0,0
2025-04-01 10:00:00,176,1,4,0,0,0,0
2025-04-01 11:00:00,185,1,4,0,0,0,0
2025-04-01 12:00:00,173,1,4,0,0,0,0
2025-04-01 13:00:00,165,1,4,0,0,0,0
2025-04-01 14:00:00,162,1,4,0,0,0,0
2025-04-01 15:00:00,163,1,4,0,0,0,0
2025-04-01 16:00:00,166,1,4,0,0,0,0
2025-04-01 17:00:00,149,1,4,0,0,0,0
2025-04-01 18:00:00,151,1,4,0,0,0,0
2025-04-01 19:00:00,150,1,4,0,0,0,0
2025-04-01 20:00:00,144,1,4,0,0,0,0
2025-04-01 21:00:00,138,1,4,0,0,0,0
2025-04-01 22:00:00,135,1,4,0,0,0,0
2025-04-01 23:00:00,136,1,4,0,0,0,0
2025-04-02 00:00:00,112,2,4,0,0,0,0
2025-04-02 01:00:00,115,2,4,0,0,0,0
2025-04-02 02:00:00,107,2,4,0,0,0,0
2025-04-02 03:00:00,109,2,4,0,0,0,0
2025-04-02 04:00:00,104,2,4,0,0,0,0
2025-04-02 05:00:00,111,2,4,0,0,0,0
2025-04-02 06:00:00,139,2,4,0,0,0,0
2025-04-02 07:00:00,140,2,4,0,0,0,0
2025-04-02 08:00:00,170,2,4,0,0,0,0
2025-04-02 09:00:00,182,2,4,0,0,0,0
2025-04-02 10:00:00,178,2,4,0,0,0,0
2025-04-02 11:00:00,175,2,4,0,0,0,0
2025-04-02 12:00:00,187,2,4,0,0,0,0
2025-04-02 13:00:00,170,2,4,0,0,0,0
2025-04-02 14:00:00,163,2,4,0,0,0,0
2025-04-02 15:00:00,162,2,4,0,0,0,0
2025-04-02 16:00:00,170,2,4,0,0,0,0
2025-04-02 17:00:00,152,2,4,0,0,0,0
2025-04-02 18:00:00,156,2,4,0,0,0,0
2025-04-02 19:00:00,152,2,4,0,0,0,0
2025-04-02 20:00:00,151,2,4,0,0,0,0
2025-04-02 21:00:00,137,2,4,0,0,0,0
2025-04-02 22:00:00,141,2,4,0,0,0,0
2025-04-02 23:00:00,140,2,4,0,0,0,0
2025-04-03 00:00:00,115,3,4,0,0,0,0
2025-04-03 01:00:00,115,3,4,0,0,0,0
2025-04-03 02:00:00,114,3,4,0,0,0,0
2025-04-03 03:00:00,113,3,4,0,0,0,0
2025-04-03 04:00:00,118,3,4,0,0,0,0
2025-04-03 05:00:00,115,3,4,0,0,0,0
2025-04-03 06:00:00,143,3,4,0,0,0,0
2025-04-03 07:00:00,144,3,4,0,0,0,0
2025-04-03 08:00:00,177,3,4,0,0,0,0
2025-04-03 09:00:00,179,3,4,0,0,0,0
2025-04-03 10:00:00,185,3,4,0,0,0,0
2025-04-03 11:00:00,189,3,4,0,0,0,0
2025-04-03 12:00:00,180,3,4,0,0,0,0
2025-04-03 13:00:00,162,3,4,0,0,0,0
2025-04-03 14:00:00,156,3,4,0,0,0,0
2025-04-03 15:00:00,168,3,4,0,0,0,0
2025-04-03 16:00:00,166,3,4,0,0,0,0
2025-04-03 17:00:00,162,3,4,0,0,0,0
2025-04-03 18:00:00,152,3,4,0,0,0,0
2025-04-03 19:00:00,161,3,4,0,0,0,0
2025-04-03 20:00:00,151,3,4,0,0,0,0
2025-04-03 21:00:00,136,3,4,0,0,0,0
2025-04-03 22:00:00,139,3,4,0,0,0,0
2025-04-03 23:00:00,137,3,4,0,0,0,0
2025-04-04 00:00:00,112,4,4,0,0,0,0
2025-04-04 01:00:00,109,4,4,0,0,0,0
2025-04-04 02:00:00,109,4,4,0,0,0,0
2025-04-04 03:00:00,106,4,4,0,0,0,0
2025-04-04 04:00:00,107,4,4,0,0,0,0
2025-04-04 05:00:00,106,4,4,0,0,0,0
2025-04-04 06:00:00,130,4,4,0,0,0,0
2025-04-04 07:00:00,141,4,4,0,0,0,0
2025-04-04 08:00:00,167,4,4,0,0,0,0
2025-04-04 09:00:00,179,4,4,0,0,0,0
2025-04-04 10:00:00,178,4,4,0,0,0,0
2025-04-04 11:00:00,182,4,4,0,0,0,0
2025-04-04 12:00:00,180,4,4,0,0,0,0
2025-04-04 13:00:00,157,4,4,0,0,0,0
2025-04-04 14:00:00,164,4,4,0,0,0,0
2025-04-04 15:00:00,158,4,4,0,0,0,0
2025-04-04 16:00:00,166,4,4,0,0,0,0
2025-04-04 17:00:00,157,4,4,0,0,0,0
2025-04-04 18:00:00,149,4,4,0,0,0,0
2025-04-04 19:00:00,163,4,4,0,0,0,0
2025-04-04 20:00:00,142,4,4,0,0,0,0
2025-04-04 21:00:00,141,4,4,0,0,0,0
2025-04-04 22:00:00,135,4,4,0,0,0,0
2025-04-04 23:00:00,142,4,4,0,0,0,0
2025-04-05 00:00:00,81,5,4,1,0,0,0
2025-04-05 01:00:00,83,5,4,1,0,0,0
2025-04-05 02:00:00,74,5,4,1,0,0,0
2025-04-05 03:00:00,83,5,4,1,0,0,0
2025-04-05 04:00:00,79,5,4,1,0,0,0
2025-04-05 05:00:00,82,5,4,1,0,0,0
2025-04-05 06:00:00,106,5,4,1,0,0,0
2025-04-05 07:00:00,96,5,4,1,0,0,0
2025-04-05 08:00:00,128,5,4,1,0,0,0
2025-04-05 09:00:00,133,5,4,1,0,0,0
2025-04-05 10:00:00,138,5,4,1,0,0,0
2025-04-05 11:00:00,139,5,4,1,0,0,0
2025-04-05 12:00:00,133,5,4,1,0,0,0
2025-04-05 13:00:00,119,5,4,1,0,0,0
2025-04-05 14:00:00,126,5,4,1,0,0,0
2025-04-05 15:00:00,123,5,4,1,0,0,0
2025-04-05 16:00:00,122,5,4,1,0,0,0
2025-04-05 17:00:00,109,5,4,1,0,0,0
2025-04-05 18:00:00,111,5,4,1,0,0,0
2025-04-05 19:00:00,120,5,4,1,0,0,0
2025-04-05 20:00:00,111,5,4,1,0,0,0
2025-04-05 21:00:00,107,5,4,1,0,0,0
2025-04-05 22:00:00,101,5,4,1,0,0,0
2025-04-05 23:00:00,98,5,4,1,0,0,0
2025-04-06 00:00:00,74,6,4,1,0,0,0
2025-04-06 01:00:00,76,6,4,1,0,0,0
2025-04-06 02:00:00,76,6,4,1,0,0,0
2025-04-06 03:00:00,77,6,4,1,0,0,0
2025-04-06 04:00:00,76,6,4,1,0,0,0
2025-04-06 05:00:00,82,6,4,1,0,0,0
2025-04-06 06:00:00,102,6,4,1,0,0,0
2025-04-06 07:00:00,101,6,4,1,0,0,0
2025-04-06 08:00:00,124,6,4,1,0,0,0
2025-04-06 09:00:00,132,6,4,1,0,0,0
2025-04-06 10:00:00,137,6,4,1,0,0,0
2025-04-06 11:00:00,139,6,4,1,0,0,0
2025-04-06 12:00:00,134,6,4,1,0,0,0
2025-04-06 13:00:00,122,6,4,1,0,0,0
2025-04-06 14:00:00,122,6,4,1,0,0,0
2025-04-06 15:00:00,122,6,4,1,0,0,0
2025-04-06 16:00:00,109,6,4,1,0,0,0
2025-04-06 17:00:00,111,6,4,1,0,0,0
2025-04-06 18:00:00,109,6,4,1,0,0,0
2025-04-06 19:00:00,102,6,4,1,0,0,0
2025-04-06 20:00:00,110,6,4,1,0,0,0
2025-04-06 21:00:00,94,6,4,1,0,0,0
2025-04-06 22:00:00,108,6,4,1,0,0,0
2025-04-06 23:00:00,102,6,4,1,0,0,0
2025-04-07 00:00:00,97,0,4,0,0,0,0
2025-04-07 01:00:00,101,0,4,0,0,0,0
2025-04-07 02:00:00,99,0,4,0,0,0,0
2025-04-07 03:00:00,91,0,4,0,0,0,0
2025-04-07 04:00:00,100,0,4,0,0,0,0
2025-04-07 05:00:00,99,0,4,0,0,0,0
2025-04-07 06:00:00,126,0,4,0,0,0,0
2025-04-07 07:00:00,126,0,4,0,0,0,0
2025-04-07 08:00:00,151,0,4,0,0,0,0
2025-04-07 09:00:00,166,0,4,0,0,0,0
2025-04-07 10:00:00,176,0,4,0,0,0,0
2025-04-07 11:00:00,163,0,4,0,0,0,0
2025-04-07 12:00:00,168,0,4,0,0,0,0
2025-04-07 13:00:00,148,0,4,0,0,0,0
2025-04-07 14:00:00,154,0,4,0,0,0,0
2025-04-07 15:00:00,154,0,4,0,0,0,0
2025-04-07 16:00:00,150,0,4,0,0,0,0
2025-04-07 17:00:00,145,0,4,0,0,0,0
2025-04-07 18:00:00,143,0,4,0,0,0,0
2025-04-07 19:00:00,147,0,4,0,0,0,0
2025-04-07 20:00:00,147,0,4,0,0,0,0
2025-04-07 21:00:00,128,0,4,0,0,0,0
2025-04-07 22:00:00,135,0,4,0,0,0,0
2025-04-07 23:00:00,125,0,4,0,0,0,0
2025-04-08 00:00:00,97,1,4,0,0,0,0
2025-04-08 01:00:00,102,1,4,0,0,0,0
2025-04-08 02:00:00,107,1,4,0,0,0,0
2025-04-08 03:00:00,110,1,4,0,0,0,0
2025-04-08 04:00:00,108,1,4,0,0,0,0
2025-04-08 05:00:00,96,1,4,0,0,0,0
2025-04-08 06:00:00,144,1,4,0,0,0,0
2025-04-08 07:00:00,133,1,4,0,0,0,0
2025-04-08 08:00:00,163,1,4,0,0,0,0
2025-04-08 09:00:00,180,1,4,0,0,0,0
2025-04-08 10:00:00,176,1,4,0,0,0,0
2025-04-08 11:00:00,177,1,4,0,0,0,0
2025-04-08 12:00:00,173,1,4,0,0,0,0
2025-04-08 13:00:00,155,1,4,0,0,0,0
2025-04-08 14:00:00,161,1,4,0,0,0,0
2025-04-08 15:00:00,157,1,4,0,0,0,0
2025-04-08 16:00:00,160,1,4,0,0,0,0
2025-04-08 17:00:00,154,1,4,0,0,0,0
2025-04-08 18:00:00,152,1,4,0,0,0,0
2025-04-08 19:00:00,150,1,4,0,0,0,0
2025-04-08 20:00:00,153,1,4,0,0,0,0
2025-04-08 21:00:00,136,1,4,0,0,0,0
2025-04-08 22:00:00,140,1,4,0,0,0,0
2025-04-08 23:00:00,133,1,4,0,0,0,0
2025-04-09 00:00:00,103,2,4,0,0,0,0
2025-04-09 01:00:00,110,2,4,0,0,0,0
2025-04-09 02:00:00,115,2,4,0,0,0,0
2025-04-09 03:00:00,105,2,4,0,0,0,0
2025-04-09 04:00:00,102,2,4,0,0,0,0
2025-04-09 05:00:00,107,2,4,0,0,0,0
2025-04-09 06:00:00,136,2,4,0,0,0,0
2025-04-09 07:00:00,141,2,4,0,0,0,0
2025-04-09 08:00:00,167,2,4,0,0,0,0
2025-04-09 09:00:00,180,2,4,0,0,0,0
2025-04-09 10:00:00,184,2,4,0,0,0,0
2025-04-09 11:00:00,182,2,4,0,0,0,0
2025-04-09 12:00:00,182,2,4,0,0,0,0
2025-04-09 13:00:00,164,2,4,0,0,0,0
2025-04-09 14:00:00,160,2,4,0,0,0,0
2025-04-09 15:00:00,164,2,4,0,0,0,0
2025-04-09 16:00:00,170,2,4,0,0,0,0
2025-04-09 17:00:00,158,2,4,0,0,0,0
2025-04-09 18:00:00,146,2,4,0,0,0,0
2025-04-09 19:00:00,156,2,4,0,0,0,0
2025-04-09 20:00:00,152,2,4,0,0,0,0
2025-04-09 21:00:00,146,2,4,0,0,0,0
2025-04-09 22:00:00,137,2,4,0,0,0,0
2025-04-09 23:00:00,137,2,4,0,0,0,0
2025-04-10 00:00:00,110,3,4,0,0,0,0
2025-04-10 01:00:00,108,3,4,0,0,0,0
2025-04-10 02:00:00,115,3,4,0,0,0,0
2025-04-10 03:00:00,112,3,4,0,0,0,0
2025-04-10 04:00:00,115,3,4,0,0,0,0
2025-04-10 05:00:00,111,3,4,0,0,0,0
2025-04-10 06:00:00,145,3,4,0,0,0,0
2025-04-10 07:00:00,141,3,4,0,0,0,0
2025-04-10 08:00:00,176,3,4,0,0,0,0
2025-04-10 09:00:00,182,3,4,0,0,0,0
2025-04-10 10:00:00,180,3,4,0,0,0,0
2025-04-10 11:00:00,191,3,4,0,0,0,0
2025-04-10 12:00:00,177,3,4,0,0,0,0
2025-04-10 13:00:00,163,3,4,0,0,0,0
2025-04-10 14:00:00,166,3,4,0,0,0,0
2025-04-10 15:00:00,169,3,4,0,0,0,0
2025-04-10 16:00:00,172,3,4,0,0,0,0
2025-04-10 17:00:00,156,3,4,0,0,0,0
2025-04-10 18:00:00,157,3,4,0,0,0,0
2025-04-10 19:00:00,155,3,4,0,0,0,0
2025-04-10 20:00:00,152,3,4,0,0,0,0
2025-04-10 21:00:00,135,3,4,0,0,0,0
2025-04-10 22:00:00,131,3,4,0,0,0,0
2025-04-10 23:00:00,139,3,4,0,0,0,0
2025-04-11 00:00:00,107,4,4,0,0,0,0
2025-04-11 01:00:00,110,4,4,0,0,0,0
2025-04-11 02:00:00,111,4,4,0,0,0,0
2025-04-11 03:00:00,108,4,4,0,0,0,0
2025-04-11 04:00:00,106,4,4,0,0,0,0
2025-04-11 05:00:00,112,4,4,0,0,0,0
2025-04-11 06:00:00,137,4,4,0,0,0,0
2025-04-11 07:00:00,134,4,4,0,0,0,0
2025-04-11 08:00:00,169,4,4,0,0,0,0
2025-04-11 09:00:00,182,4,4,0,0,0,0
2025-04-11 10:00:00,179,4,4,0,0,0,0
2025-04-11 11:00:00,172,4,4,0,0,0,0
2025-04-11 12:00:00,181,4,4,0,0,0,0
2025-04-11 13:00:00,163,4,4,0,0,0,0
2025-04-11 14:00:00,163,4,4,0,0,0,0
2025-04-11 15:00:00,161,4,4,0,0,0,0
2025-04-11 16:00:00,159,4,4,0,0,0,0
2025-04-11 17:00:00,150,4,4,0,0,0,0
2025-04-11 18:00:00,153,4,4,0,0,0,0
2025-04-11 19:00:00,149,4,4,0,0,0,0
2025-04-11 20:00:00,153,4,4,0,0,0,0
2025-04-11 21:00:00,135,4,4,0,0,0,0
2025-04-11 22:00:00,140,4,4,0,0,0,0
2025-04-11 23:00:00,141,4,4,0,0,0,0
2025-04-12 00:00:00,82,5,4,1,0,0,0
2025-04-12 01:00:00,75,5,4,1,0,0,0
2025-04-12 02:00:00,83,5,4,1,0,0,0
2025-04-12 03:00:00,80,5,4,1,0,0,0
2025-04-12 04:00:00,79,5,4,1,0,0,0
2025-04-12 05:00:00,83,5,4,1,0,0,0
2025-04-12 06:00:00,99,5,4,1,0,0,0
2025-04-12 07:00:00,101,5,4,1,0,0,0
2025-04-12 08:00:00,128,5,4,1,0,0,0
2025-04-12 09:00:00,129,5,4,1,0,0,0
2025-04-12 10:00:00,134,5,4,1,0,0,0
2025-04-12 11:00:00,128,5,4,1,0,0,0
2025-04-12 12:00:00,133,5,4,1,0,0,0
2025-04-12 13:00:00,115,5,4,1,0,0,0
2025-04-12 14:00:00,115,5,4,1,0,0,0
2025-04-12 15:00:00,125,5,4,1,0,0,0
2025-04-12 16:00:00,121,5,4,1,0,0,0
2025-04-12 17:00:00,113,5,4,1,0,0,0
2025-04-12 18:00:00,110,5,4,1,0,0,0
2025-04-12 19:00:00,111,5,4,1,0,0,0
2025-04-12 20:00:00,108,5,4,1,0,0,0
2025-04-12 21:00:00,101,5,4,1,0,0,0
2025-04-12 22:00:00,104,5,4,1,0,0,0
2025-04-12 23:00:00,99,5,4,1,0,0,0
2025-04-13 00:00:00,79,6,4,1,0,0,0
2025-04-13 01:00:00,76,6,4,1,0,0,0
2025-04-13 02:00:00,78,6,4,1,0,0,0
2025-04-13 03:00:00,74,6,4,1,0,0,0
2025-04-13 04:00:00,70,6,4,1,0,0,0
2025-04-13 05:00:00,70,6,4,1,0,0,0
2025-04-13 06:00:00,104,6,4,1,0,0,0
2025-04-13 07:00:00,98,6,4,1,0,0,0
2025-04-13 08:00:00,120,6,4,1,0,0,0
2025-04-13 09:00:00,132,6,4,1,0,0,0
2025-04-13 10:00:00,138,6,4,1,0,0,0
2025-04-13 11:00:00,128,6,4,1,0,0,0
2025-04-13 12:00:00,130,6,4,1,0,0,0
2025-04-13 13:00:00,117,6,4,1,0,0,0
2025-04-13 14:00:00,127,6,4,1,0,0,0
2025-04-13 15:00:00,111,6,4,1,0,0,0
2025-04-13 16:00:00,126,6,4,1,0,0,0
2025-04-13 17:00:00,101,6,4,1,0,0,0
2025-04-13 18:00:00,113,6,4,1,0,0,0
2025-04-13 19:00:00,105,6,4,1,0,0,0
2025-04-13 20:00:00,105,6,4,1,0,0,0
2025-04-13 21:00:00,96,6,4,1,0,0,0
2025-04-13 22:00:00,101,6,4,1,0,0,0
2025-04-13 23:00:00,102,6,4,1,0,0,0
2025-04-14 00:00:00,100,0,4,0,0,0,0
2025-04-14 01:00:00,103,0,4,0,0,0,0
2025-04-14 02:00:00,98,0,4,0,0,0,0
2025-04-14 03:00:00,98,0,4,0,0,0,0
2025-04-14 04:00:00,99,0,4,0,0,0,0
2025-04-14 05:00:00,97,0,4,0,0,0,0
2025-04-14 06:00:00,126,0,4,0,0,0,0
2025-04-14 07:00:00,124,0,4,0,0,0,0
2025-04-14 08:00:00,151,0,4,0,0,0,0
2025-04-14 09:00:00,166,0,4,0,0,0,0
2025-04-14 10:00:00,163,0,4,0,0,0,0
2025-04-14 11:00:00,169,0,4,0,0,0,0
2025-04-14 12:00:00,178,0,4,0,0,0,0
2025-04-14 13:00:00,153,0,4,0,0,0,0
2025-04-14 14:00:00,152,0,4,0,0,0,0
2025-04-14 15:00:00,146,0,4,0,0,0,0
2025-04-14 16:00:00,145,0,4,0,0,0,0
2025-04-14 17:00:00,140,0,4,0,0,0,0
2025-04-14 18:00:00,141,0,4,0,0,0,0
2025-04-14 19:00:00,141,0,4,0,0,0,0
2025-04-14 20:00:00,144,0,4,0,0,0,0
2025-04-14 21:00:00,129,0,4,0,0,0,0
2025-04-14 22:00:00,129,0,4,0,0,0,0
2025-04-14 23:00:00,128,0,4,0,0,0,0
2025-04-15 00:00:00,101,1,4,0,0,0,0
2025-04-15 01:00:00,105,1,4,0,0,0,0
2025-04-15 02:00:00,102,1,4,0,0,0,0
2025-04-15 03:00:00,103,1,4,0,0,0,0
2025-04-15 04:00:00,103,1,4,0,0,0,0
2025-04-15 05:00:00,96,1,4,0,0,0,0
2025-04-15 06:00:00,137,1,4,0,0,0,0
2025-04-15 07:00:00,132,1,4,0,0,0,0
2025-04-15 08:00:00,162,1,4,0,0,0,0
2025-04-15 09:00:00,178,1,4,0,0,0,0
2025-04-15 10:00:00,172,1,4,0,0,0,0
2025-04-15 11:00:00,175,1,4,0,0,0,0
2025-04-15 12:00:00,176,1,4,0,0,0,0
2025-04-15 13:00:00,156,1,4,0,0,0,0
2025-04-15 14:00:00,163,1,4,0,0,0,0
2025-04-15 15:00:00,158,1,4,0,0,0,0
2025-04-15 16:00:00,156,1,4,0,0,0,0
2025-04-15 17:00:00,148,1,4,0,0,0,0
2025-04-15 18:00:00,143,1,4,0,0,0,0
2025-04-15 19:00:00,143,1,4,0,0,0,0
2025-04-15 20:00:00,145,1,4,0,0,0,0
2025-04-15 21:00:00,131,1,4,0,0,0,0
2025-04-15 22:00:00,129,1,4,0,0,0,0
2025-04-15 23:00:00,142,1,4,0,0,0,0
2025-04-16 00:00:00,107,2,4,0,0,0,0
2025-04-16 01:00:00,109,2,4,0,0,0,0
2025-04-16 02:00:00,112,2,4,0,0,0,0
2025-04-16 03:00:00,109,2,4,0,0,0,0
2025-04-16 04:00:00,103,2,4,0,0,0,0
2025-04-16 05:00:00,109,2,4,0,0,0,0
2025-04-16 06:00:00,143,2,4,0,0,0,0
2025-04-16 07:00:00,137,2,4,0,0,0,0
2025-04-16 08:00:00,170,2,4,0,0,0,0
2025-04-16 09:00:00,176,2,4,0,0,0,0
2025-04-16 10:00:00,176,2,4,0,0,0,0
2025-04-16 11:00:00,176,2,4,0,0,0,0
2025-04-16 12:00:00,179,2,4,0,0,0,0
2025-04-16 13:00:00,165,2,4,0,0,0,0
2025-04-16 14:00:00,165,2,4,0,0,0,0
2025-04-16 15:00:00,164,2,4,0,0,0,0
2025-04-16 16:00:00,159,2,4,0,0,0,0
2025-04-16 17:00:00,150,2,4,0,0,0,0
2025-04-16 18:00:00,145,2,4,0,0,0,0
2025-04-16 19:00:00,153,2,4,0,0,0,0
2025-04-16 20:00:00,149,2,4,0,0,0,0
2025-04-16 21:00:00,135,2,4,0,0,0,0
2025-04-16 22:00:00,135,2,4,0,0,0,0
2025-04-16 23:00:00,138,2,4,0,0,0,0
2025-04-17 00:00:00,111,3,4,0,0,0,0
2025-04-17 01:00:00,113,3,4,0,0,0,0
2025-04-17 02:00:00,115,3,4,0,0,0,0
2025-04-17 03:00:00,119,3,4,0,0,0,0
2025-04-17 04:00:00,104,3,4,0,0,0,0
2025-04-17 05:00:00,111,3,4,0,0,0,0
2025-04-17 06:00:00,139,3,4,0,0,0,0
2025-04-17 07:00:00,149,3,4,0,0,0,0
2025-04-17 08:00:00,176,3,4,0,0,0,0
2025-04-17 09:00:00,182,3,4,0,0,0,0
2025-04-17 10:00:00,180,3,4,0,0,0,0
2025-04-17 11:00:00,183,3,4,0,0,0,0
2025-04-17 12:00:00,180,3,4,0,0,0,0
2025-04-17 13:00:00,164,3,4,0,0,0,0
2025-04-17 14:00:00,162,3,4,0,0,0,0
2025-04-17 15:00:00,165,3,4,0,0,0,0
2025-04-17 16:00:00,163,3,4,0,0,0,0
2025-04-17 17:00:00,156,3,4,0,0,0,0
2025-04-17 18:00:00,154,3,4,0,0,0,0
2025-04-17 19:00:00,153,3,4,0,0,0,0
2025-04-17 20:00:00,160,3,4,0,0,0,0
2025-04-17 21:00:00,130,3,4,0,0,0,0
2025-04-17 22:00:00,137,3,4,0,0,0,0
2025-04-17 23:00:00,147,3,4,0,0,0,0
2025-04-18 00:00:00,106,4,4,0,0,0,0
2025-04-18 01:00:00,107,4,4,0,0,0,0
2025-04-18 02:00:00,113,4,4,0,0,0,0
2025-04-18 03:00:00,107,4,4,0,0,0,0
2025-04-18 04:00:00,102,4,4,0,0,0,0
2025-04-18 05:00:00,111,4,4,0,0,0,0
2025-04-18 06:00:00,133,4,4,0,0,0,0
2025-04-18 07:00:00,129,4,4,0,0,0,0
2025-04-18 08:00:00,163,4,4,0,0,0,0
2025-04-18 09:00:00,180,4,4,0,0,0,0
2025-04-18 10:00:00,176,4,4,0,0,0,0
2025-04-18 11:00:00,174,4,4,0,0,0,0
2025-04-18 12:00:00,178,4,4,0,0,0,0
2025-04-18 13:00:00,154,4,4,0,0,0,0
2025-04-18 14:00:00,156,4,4,0,0,0,0
2025-04-18 15:00:00,154,4,4,0,0,0,0
2025-04-18 16:00:00,167,4,4,0,0,0,0
2025-04-18 17:00:00,150,4,4,0,0,0,0
2025-04-18 18:00:00,149,4,4,0,0,0,0
2025-04-18 19:00:00,142,4,4,0,0,0,0
2025-04-18 20:00:00,151,4,4,0,0,0,0
2025-04-18 21:00:00,137,4,4,0,0,0,0
2025-04-18 22:00:00,133,4,4,0,0,0,0
2025-04-18 23:00:00,136,4,4,0,0,0,0
2025-04-19 00:00:00,74,5,4,1,0,0,0
2025-04-19 01:00:00,78,5,4,1,0,0,0
2025-04-19 02:00:00,75,5,4,1,0,0,0
2025-04-19 03:00:00,74,5,4,1,0,0,0
2025-04-19 04:00:00,89,5,4,1,0,0,0
2025-04-19 05:00:00,72,5,4,1,0,0,0
2025-04-19 06:00:00,105,5,4,1,0,0,0
2025-04-19 07:00:00,89,5,4,1,0,0,0
2025-04-19 08:00:00,122,5,4,1,0,0,0
2025-04-19 09:00:00,134,5,4,1,0,0,0
2025-04-19 10:00:00,132,5,4,1,0,0,0
2025-04-19 11:00:00,127,5,4,1,0,0,0
2025-04-19 12:00:00,136,5,4,1,0,0,0
2025-04-19 13:00:00,118,5,4,1,0,0,0
2025-04-19 14:00:00,120,5,4,1,0,0,0
2025-04-19 15:00:00,122,5,4,1,0,0,0
2025-04-19 16:00:00,121,5,4,1,0,0,0
2025-04-19 17:00:00,109,5,4,1,0,0,0
2025-04-19 18:00:00,102,5,4,1,0,0,0
2025-04-19 19:00:00,109,5,4,1,0,0,0
2025-04-19 20:00:00,110,5,4,1,0,0,0
2025-04-19 21:00:00,96,5,4,1,0,0,0
2025-04-19 22:00:00,100,5,4,1,0,0,0
2025-04-19 23:00:00,103,5,4,1,0,0,0
2025-04-20 00:00:00,73,6,4,1,0,0,0
2025-04-20 01:00:00,76,6,4,1,0,0,0
2025-04-20 02:00:00,75,6,4,1,0,0,0
2025-04-20 03:00:00,76,6,4,1,0,0,0
2025-04-20 04:00:00,76,6,4,1,0,0,0
2025-04-20 05:00:00,80,6,4,1,0,0,0
2025-04-20 06:00:00,100,6,4,1,0,0,0
2025-04-20 07:00:00,95,6,4,1,0,0,0
2025-04-20 08:00:00,120,6,4,1,0,0,0
2025-04-20 09:00:00,127,6,4,1,0,0,0
2025-04-20 10:00:00,125,6,4,1,0,0,0
2025-04-20 11:00:00,128,6,4,1,0,0,0
2025-04-20 12:00:00,129,6,4,1,0,0,0
2025-04-20 13:00:00,107,6,4,1,0,0,0
2025-04-20 14:00:00,124,6,4,1,0,0,0
2025-04-20 15:00:00,114,6,4,1,0,0,0
2025-04-20 16:00:00,115,6,4,1,0,0,0
2025-04-20 17:00:00,108,6,4,1,0,0,0
2025-04-20 18:00:00,113,6,4,1,0,0,0
2025-04-20 19:00:00,114,6,4,1,0,0,0
2025-04-20 20:00:00,100,6,4,1,0,0,0
2025-04-20 21:00:00,92,6,4,1,0,0,0
2025-04-20 22:00:00,104,6,4,1,0,0,0
2025-04-20 23:00:00,92,6,4,1,0,0,0
2025-04-21 00:00:00,103,0,4,0,0,0,0
2025-04-21 01:00:00,96,0,4,0,0,0,0
2025-04-21 02:00:00,96,0,4,0,0,0,0
2025-04-21 03:00:00,94,0,4,0,0,0,0
2025-04-21 04:00:00,90,0,4,0,0,0,0
2025-04-21 05:00:00,101,0,4,0,0,0,0
2025-04-21 06:00:00,115,0,4,0,0,0,0
2025-04-21 07:00:00,128,0,4,0,0,0,0
2025-04-21 08:00:00,147,0,4,0,0,0,0
2025-04-21 09:00:00,162,0,4,0,0,0,0
2025-04-21 10:00:00,167,0,4,0,0,0,0
2025-04-21 11:00:00,173,0,4,0,0,0,0
2025-04-21 12:00:00,163,0,4,0,0,0,0
2025-04-21 13:00:00,146,0,4,0,0,0,0
2025-04-21 14:00:00,146,0,4,0,0,0,0
2025-04-21 15:00:00,154,0,4,0,0,0,0
2025-04-21 16:00:00,147,0,4,0,0,0,0
2025-04-21 17:00:00,135,0,4,0,0,0,0
2025-04-21 18:00:00,147,0,4,0,0,0,0
2025-04-21 19:00:00,142,0,4,0,0,0,0
2025-04-21 20:00:00,141,0,4,0,0,0,0
2025-04-21 21:00:00,132,0,4,0,0,0,0
2025-04-21 22:00:00,120,0,4,0,0,0,0
2025-04-21 23:00:00,129,0,4,0,0,0,0
2025-04-22 00:00:00,97,1,4,0,0,0,0
2025-04-22 01:00:00,95,1,4,0,0,0,0
2025-04-22 02:00:00,103,1,4,0,0,0,0
2025-04-22 03:00:00,102,1,4,0,0,0,0
2025-04-22 04:00:00,101,1,4,0,0,0,0
2025-04-22 05:00:00,103,1,4,0,0,0,0
2025-04-22 06:00:00,132,1,4,0,0,0,0
2025-04-22 07:00:00,127,1,4,0,0,0,0
2025-04-22 08:00:00,158,1,4,0,0,0,0
2025-04-22 09:00:00,173,1,4,0,0,0,0
2025-04-22 10:00:00,174,1,4,0,0,0,0
2025-04-22 11:00:00,167,1,4,0,0,0,0
2025-04-22 12:00:00,169,1,4,0,0,0,0
2025-04-22 13:00:00,156,1,4,0,0,0,0
2025-04-22 14:00:00,161,1,4,0,0,0,0
2025-04-22 15:00:00,159,1,4,0,0,0,0
2025-04-22 16:00:00,148,1,4,0,0,0,0
2025-04-22 17:00:00,147,1,4,0,0,0,0
2025-04-22 18:00:00,142,1,4,0,0,0,0
2025-04-22 19:00:00,140,1,4,0,0,0,0
2025-04-22 20:00:00,140,1,4,0,0,0,0
2025-04-22 21:00:00,129,1,4,0,0,0,0
2025-04-22 22:00:00,129,1,4,0,0,0,0
2025-04-22 23:00:00,131,1,4,0,0,0,0
2025-04-23 00:00:00,103,2,4,0,0,0,0
2025-04-23 01:00:00,105,2,4,0,0,0,0
2025-04-23 02:00:00,106,2,4,0,0,0,0
2025-04-23 03:00:00,114,2,4,0,0,0,0
2025-04-23 04:00:00,98,2,4,0,0,0,0
2025-04-23 05:00:00,107,2,4,0,0,0,0
2025-04-23 06:00:00,137,2,4,0,0,0,0
2025-04-23 07:00:00,143,2,4,0,0,0,0
2025-04-23 08:00:00,169,2,4,0,0,0,0
2025-04-23 09:00:00,182,2,4,0,0,0,0
2025-04-23 10:00:00,170,2,4,0,0,0,0
2025-04-23 11:00:00,183,2,4,0,0,0,0
2025-04-23 12:00:00,184,2,4,0,0,0,0
2025-04-23 13:00:00,165,2,4,0,0,0,0
2025-04-23 14:00:00,158,2,4,0,0,0,0
2025-04-23 15:00:00,162,2,4,0,0,0,0
2025-04-23 16:00:00,159,2,4,0,0,0,0
2025-04-23 17:00:00,152,2,4,0,0,0,0
2025-04-23 18:00:00,153,2,4,0,0,0,0
2025-04-23 19:00:00,163,2,4,0,0,0,0
2025-04-23 20:00:00,145,2,4,0,0,0,0
2025-04-23 21:00:00,138,2,4,0,0,0,0
2025-04-23 22:00:00,135,2,4,0,0,0,0
2025-04-23 23:00:00,136,2,4,0,0,0,0
2025-04-24 00:00:00,107,3,4,0,0,0,0
2025-04-24 01:00:00,105,3,4,0,0,0,0
2025-04-24 02:00:00,106,3,4,0,0,0,0
2025-04-24 03:00:00,110,3,4,0,0,0,0
2025-04-24 04:00:00,108,3,4,0,0,0,0
2025-04-24 05:00:00,104,3,4,0,0,0,0
2025-04-24 06:00:00,143,3,4,0,0,0,0
2025-04-24 07:00:00,126,3,4,0,0,0,0
2025-04-24 08:00:00,165,3,4,0,0,0,0
2025-04-24 09:00:00,171,3,4,0,0,0,0
2025-04-24 10:00:00,180,3,4,0,0,0,0
2025-04-24 11:00:00,180,3,4,0,0,0,0
2025-04-24 12:00:00,179,3,4,0,0,0,0
2025-04-24 13:00:00,165,3,4,0,0,0,0
2025-04-24 14:00:00,169,3,4,0,0,0,0
2025-04-24 15:00:00,166,3,4,0,0,0,0
2025-04-24 16:00:00,162,3,4,0,0,0,0
2025-04-24 17:00:00,150,3,4,0,0,0,0
2025-04-24 18:00:00,152,3,4,0,0,0,0
2025-04-24 19:00:00,152,3,4,0,0,0,0
2025-04-24 20:00:00,152,3,4,0,0,0,0
2025-04-24 21:00:00,142,3,4,0,0,0,0
2025-04-24 22:00:00,136,3,4,0,0,0,0
2025-04-24 23:00:00,139,3,4,0,0,0,0
2025-04-25 00:00:00,98,4,4,0,1,1,0
2025-04-25 01:00:00,110,4,4,0,1,1,0
2025-04-25 02:00:00,107,4,4,0,1,1,0
2025-04-25 03:00:00,106,4,4,0,1,1,0
2025-04-25 04:00:00,113,4,4,0,1,1,0
2025-04-25 05:00:00,107,4,4,0,1,1,0
2025-04-25 06:00:00,126,4,4,0,1,1,0
2025-04-25 07:00:00,135,4,4,0,1,1,0
2025-04-25 08:00:00,165,4,4,0,1,1,0
2025-04-25 09:00:00,170,4,4,0,1,1,0
2025-04-25 10:00:00,174,4,4,0,1,1,0
2025-04-25 11:00:00,176,4,4,0,1,1,0
2025-04-25 12:00:00,174,4,4,0,1,1,0
2025-04-25 13:00:00,159,4,4,0,1,1,0
2025-04-25 14:00:00,160,4,4,0,1,1,0
2025-04-25 15:00:00,167,4,4,0,1,1,0
2025-04-25 16:00:00,155,4,4,0,1,1,0
2025-04-25 17:00:00,150,4,4,0,1,1,0
2025-04-25 18:00:00,147,4,4,0,1,1,0
2025-04-25 19:00:00,152,4,4,0,1,1,0
2025-04-25 20:00:00,140,4,4,0,1,1,0
2025-04-25 21:00:00,132,4,4,0,1,1,0
2025-04-25 22:00:00,138,4,4,0,1,1,0
2025-04-25 23:00:00,134,4,4,0,1,1,0
2025-04-26 00:00:00,79,5,4,1,0,0,0
2025-04-26 01:00:00,72,5,4,1,0,0,0
2025-04-26 02:00:00,76,5,4,1,0,0,0
2025-04-26 03:00:00,76,5,4,1,0,0,0
2025-04-26 04:00:00,82,5,4,1,0,0,0
2025-04-26 05:00:00,75,5,4,1,0,0,0
2025-04-26 06:00:00,97,5,4,1,0,0,0
2025-04-26 07:00:00,101,5,4,1,0,0,0
2025-04-26 08:00:00,124,5,4,1,0,0,0
2025-04-26 09:00:00,128,5,4,1,0,0,0
2025-04-26 10:00:00,132,5,4,1,0,0,0
2025-04-26 11:00:00,133,5,4,1,0,0,0
2025-04-26 12:00:00,132,5,4,1,0,0,0
2025-04-26 13:00:00,118,5,4,1,0,0,0
2025-04-26 14:00:00,119,5,4,1,0,0,0
2025-04-26 15:00:00,117,5,4,1,0,0,0
2025-04-26 16:00:00,113,5,4,1,0,0,0
2025-04-26 17:00:00,113,5,4,1,0,0,0
2025-04-26 18:00:00,110,5,4,1,0,0,0
2025-04-26 19:00:00,106,5,4,1,0,0,0
2025-04-26 20:00:00,106,5,4,1,0,0,0
2025-04-26 21:00:00,97,5,4,1,0,0,0
2025-04-26 22:00:00,102,5,4,1,0,0,0
2025-04-26 23:00:00,92,5,4,1,0,0,0
2025-04-27 00:00:00,71,6,4,1,0,0,0
2025-04-27 01:00:00,68,6,4,1,0,0,0
2025-04-27 02:00:00,67,6,4,1,0,0,0
2025-04-27 03:00:00,77,6,4,1,0,0,0
2025-04-27 04:00:00,75,6,4,1,0,0,0
2025-04-27 05:00:00,71,6,4,1,0,0,0
2025-04-27 06:00:00,98,6,4,1,0,0,0
2025-04-27 07:00:00,94,6,4,1,0,0,0
2025-04-27 08:00:00,116,6,4,1,0,0,0
2025-04-27 09:00:00,127,6,4,1,0,0,0
2025-04-27 10:00:00,130,6,4,1,0,0,0
2025-04-27 11:00:00,128,6,4,1,0,0,0
2025-04-27 12:00:00,128,6,4,1,0,0,0
2025-04-27 13:00:00,109,6,4,1,0,0,0
2025-04-27 14:00:00,110,6,4,1,0,0,0
2025-04-27 15:00:00,116,6,4,1,0,0,0
2025-04-27 16:00:00,114,6,4,1,0,0,0
2025-04-27 17:00:00,109,6,4,1,0,0,0
2025-04-27 18:00:00,104,6,4,1,0,0,0
2025-04-27 19:00:00,103,6,4,1,0,0,0
2025-04-27 20:00:00,108,6,4,1,0,0,0
2025-04-27 21:00:00,98,6,4,1,0,0,0
2025-04-27 22:00:00,96,6,4,1,0,0,0
2025-04-27 23:00:00,86,6,4,1,0,0,0
2025-04-28 00:00:00,100,0,4,0,0,0,0
2025-04-28 01:00:00,94,0,4,0,0,0,0
2025-04-28 02:00:00,84,0,4,0,0,0,0
2025-04-28 03:00:00,100,0,4,0,0,0,0
2025-04-28 04:00:00,92,0,4,0,0,0,0
2025-04-28 05:00:00,92,0,4,0,0,0,0
2025-04-28 06:00:00,120,0,4,0,0,0,0
2025-04-28 07:00:00,120,0,4,0,0,0,0
2025-04-28 08:00:00,143,0,4,0,0,0,0
2025-04-28 09:00:00,157,0,4,0,0,0,0
2025-04-28 10:00:00,162,0,4,0,0,0,0
2025-04-28 11:00:00,173,0,4,0,0,0,0
2025-04-28 12:00:00,170,0,4,0,0,0,0
2025-04-28 13:00:00,154,0,4,0,0,0,0
2025-04-28 14:00:00,155,0,4,0,0,0,0
2025-04-28 15:00:00,153,0,4,0,0,0,0
2025-04-28 16:00:00,154,0,4,0,0,0,0
2025-04-28 17:00:00,139,0,4,0,0,0,0
2025-04-28 18:00:00,130,0,4,0,0,0,0
2025-04-28 19:00:00,139,0,4,0,0,0,0
2025-04-28 20:00:00,136,0,4,0,0,0,0
2025-04-28 21:00:00,129,0,4,0,0,0,0
2025-04-28 22:00:00,122,0,4,0,0,0,0
2025-04-28 23:00:00,121,0,4,0,0,0,0
2025-04-29 00:00:00,96,1,4,0,0,0,0
2025-04-29 01:00:00,103,1,4,0,0,0,0
2025-04-29 02:00:00,107,1,4,0,0,0,0
2025-04-29 03:00:00,97,1,4,0,0,0,0
2025-04-29 04:00:00,98,1,4,0,0,0,0
2025-04-29 05:00:00,101,1,4,0,0,0,0
2025-04-29 06:00:00,123,1,4,0,0,0,0
2025-04-29 07:00:00,125,1,4,0,0,0,0
2025-04-29 08:00:00,154,1,4,0,0,0,0
2025-04-29 09:00:00,169,1,4,0,0,0,0
2025-04-29 10:00:00,171,1,4,0,0,0,0
2025-04-29 11:00:00,180,1,4,0,0,0,0
2025-04-29 12:00:00,171,1,4,0,0,0,0
2025-04-29 13:00:00,155,1,4,0,0,0,0
2025-04-29 14:00:00,159,1,4,0,0,0,0
2025-04-29 15:00:00,157,1,4,0,0,0,0
2025-04-29 16:00:00,159,1,4,0,0,0,0
2025-04-29 17:00:00,143,1,4,0,0,0,0
2025-04-29 18:00:00,139,1,4,0,0,0,0
2025-04-29 19:00:00,144,1,4,0,0,0,0
2025-04-29 20:00:00,138,1,4,0,0,0,0
2025-04-29 21:00:00,124,1,4,0,0,0,0
2025-04-29 22:00:00,127,1,4,0,0,0,0
2025-04-29 23:00:00,132,1,4,0,0,0,0
2025-04-30 00:00:00,110,2,4,0,0,0,0
2025-04-30 01:00:00,107,2,4,0,0,0,0
2025-04-30 02:00:00,108,2,4,0,0,0,0
2025-04-30 03:00:00,113,2,4,0,0,0,0
2025-04-30 04:00:00,105,2,4,0,0,0,0
2025-04-30 05:00:00,100,2,4,0,0,0,0
2025-04-30 06:00:00,138,2,4,0,0,0,0
2025-04-30 07:00:00,136,2,4,0,0,0,0
2025-04-30 08:00:00,166,2,4,0,0,0,0
2025-04-30 09:00:00,175,2,4,0,0,0,0
2025-04-30 10:00:00,181,2,4,0,0,0,0
2025-04-30 11:00:00,173,2,4,0,0,0,0
2025-04-30 12:00:00,182,2,4,0,0,0,0
2025-04-30 13:00:00,149,2,4,0,0,0,0
2025-04-30 14:00:00,170,2,4,0,0,0,0
2025-04-30 15:00:00,167,2,4,0,0,0,0
2025-04-30 16:00:00,159,2,4,0,0,0,0
2025-04-30 17:00:00,142,2,4,0,0,0,0
2025-04-30 18:00:00,144,2,4,0,0,0,0
2025-04-30 19:00:00,154,2,4,0,0,0,0
2025-04-30 20:00:00,155,2,4,0,0,0,0
2025-04-30 21:00:00,139,2,4,0,0,0,0
2025-04-30 22:00:00,134,2,4,0,0,0,0
2025-04-30 23:00:00,130,2,4,0,0,0,0
2025-05-01 00:00:00,109,3,5,0,1,1,0
2025-05-01 01:00:00,109,3,5,0,1,1,0
2025-05-01 02:00:00,117,3,5,0,1,1,0
2025-05-01 03:00:00,110,3,5,0,1,1,0
2025-05-01 04:00:00,104,3,5,0,1,1,0
2025-05-01 05:00:00,105,3,5,0,1,1,0
2025-05-01 06:00:00,135,3,5,0,1,1,0
2025-05-01 07:00:00,145,3,5,0,1,1,0
2025-05-01 08:00:00,169,3,5,0,1,1,0
2025-05-01 09:00:00,180,3,5,0,1,1,0
2025-05-01 10:00:00,177,3,5,0,1,1,0
2025-05-01 11:00:00,177,3,5,0,1,1,0
2025-05-01 12:00:00,176,3,5,0,1,1,0
2025-05-01 13:00:00,160,3,5,0,1,1,0
2025-05-01 14:00:00,156,3,5,0,1,1,0
2025-05-01 15:00:00,162,3,5,0,1,1,0
2025-05-01 16:00:00,157,3,5,0,1,1,0
2025-05-01 17:00:00,153,3,5,0,1,1,0
2025-05-01 18:00:00,154,3,5,0,1,1,0
2025-05-01 19:00:00,147,3,5,0,1,1,0
2025-05-01 20:00:00,153,3,5,0,1,1,0
2025-05-01 21:00:00,135,3,5,0,1,1,0
2025-05-01 22:00:00,136,3,5,0,1,1,0
2025-05-01 23:00:00,137,3,5,0,1,1,0
2025-05-02 00:00:00,104,4,5,0,0,0,0
2025-05-02 01:00:00,104,4,5,0,0,0,0
2025-05-02 02:00:00,110,4,5,0,0,0,0
2025-05-02 03:00:00,105,4,5,0,0,0,0
2025-05-02 04:00:00,99,4,5,0,0,0,0
2025-05-02 05:00:00,105,4,5,0,0,0,0
2025-05-02 06:00:00,131,4,5,0,0,0,0
2025-05-02 07:00:00,138,4,5,0,0,0,0
2025-05-02 08:00:00,163,4,5,0,0,0,0
2025-05-02 09:00:00,178,4,5,0,0,0,0
2025-05-02 10:00:00,177,4,5,0,0,0,0
2025-05-02 11:00:00,180,4,5,0,0,0,0
2025-05-02 12:00:00,179,4,5,0,0,0,0
2025-05-02 13:00:00,154,4,5,0,0,0,0
2025-05-02 14:00:00,153,4,5,0,0,0,0
2025-05-02 15:00:00,154,4,5,0,0,0,0
2025-05-02 16:00:00,154,4,5,0,0,0,0
2025-05-02 17:00:00,145,4,5,0,0,0,0
2025-05-02 18:00:00,152,4,5,0,0,0,0
2025-05-02 19:00:00,145,4,5,0,0,0,0
2025-05-02 20:00:00,144,4,5,0,0,0,0
2025-05-02 21:00:00,140,4,5,0,0,0,0
2025-05-02 22:00:00,139,4,5,0,0,0,0
2025-05-02 23:00:00,123,4,5,0,0,0,0
2025-05-03 00:00:00,81,5,5,1,0,0,0
2025-05-03 01:00:00,72,5,5,1,0,0,0
2025-05-03 02:00:00,76,5,5,1,0,0,0
2025-05-03 03:00:00,72,5,5,1,0,0,0
2025-05-03 04:00:00,73,5,5,1,0,0,0
2025-05-03 05:00:00,79,5,5,1,0,0,0
2025-05-03 06:00:00,99,5,5,1,0,0,0
2025-05-03 07:00:00,96,5,5,1,0,0,0
2025-05-03 08:00:00,123,5,5,1,0,0,0
2025-05-03 09:00:00,130,5,5,1,0,0,0
2025-05-03 10:00:00,129,5,5,1,0,0,0
2025-05-03 11:00:00,125,5,5,1,0,0,0
2025-05-03 12:00:00,130,5,5,1,0,0,0
2025-05-03 13:00:00,118,5,5,1,0,0,0
2025-05-03 14:00:00,118,5,5,1,0,0,0
2025-05-03 15:00:00,119,5,5,1,0,0,0
2025-05-03 16:00:00,120,5,5,1,0,0,0
2025-05-03 17:00:00,102,5,5,1,0,0,0
2025-05-03 18:00:00,112,5,5,1,0,0,0
2025-05-03 19:00:00,104,5,5,1,0,0,0
2025-05-03 20:00:00,111,5,5,1,0,0,0
2025-05-03 21:00:00,95,5,5,1,0,0,0
2025-05-03 22:00:00,99,5,5,1,0,0,0
2025-05-03 23:00:00,98,5,5,1,0,0,0
2025-05-04 00:00:00,71,6,5,1,0,0,0
2025-05-04 01:00:00,69,6,5,1,0,0,0
2025-05-04 02:00:00,73,6,5,1,0,0,0
2025-05-04 03:00:00,73,6,5,1,0,0,0
2025-05-04 04:00:00,75,6,5,1,0,0,0
2025-05-04 05:00:00,70,6,5,1,0,0,0
2025-05-04 06:00:00,92,6,5,1,0,0,0
2025-05-04 07:00:00,92,6,5,1,0,0,0
2025-05-04 08:00:00,113,6,5,1,0,0,0
2025-05-04 09:00:00,124,6,5,1,0,0,0
2025-05-04 10:00:00,129,6,5,1,0,0,0
2025-05-04 11:00:00,129,6,5,1,0,0,0
2025-05-04 12:00:00,125,6,5,1,0,0,0
2025-05-04 13:00:00,119,6,5,1,0,0,0
2025-05-04 14:00:00,110,6,5,1,0,0,0
2025-05-04 15:00:00,117,6,5,1,0,0,0
2025-05-04 16:00:00,108,6,5,1,0,0,0
2025-05-04 17:00:00,103,6,5,1,0,0,0
2025-05-04 18:00:00,101,6,5,1,0,0,0
2025-05-04 19:00:00,100,6,5,1,0,0,0
2025-05-04 20:00:00,105,6,5,1,0,0,0
2025-05-04 21:00:00,94,6,5,1,0,0,0
2025-05-04 22:00:00,97,6,5,1,0,0,0
2025-05-04 23:00:00,92,6,5,1,0,0,0
2025-05-05 00:00:00,101,0,5,0,0,0,0
2025-05-05 01:00:00,94,0,5,0,0,0,0
2025-05-05 02:00:00,96,0,5,0,0,0,0
2025-05-05 03:00:00,98,0,5,0,0,0,0
2025-05-05 04:00:00,87,0,5,0,0,0,0
2025-05-05 05:00:00,95,0,5,0,0,0,0
2025-05-05 06:00:00,125,0,5,0,0,0,0
2025-05-05 07:00:00,130,0,5,0,0,0,0
2025-05-05 08:00:00,148,0,5,0,0,0,0
2025-05-05 09:00:00,163,0,5,0,0,0,0
2025-05-05 10:00:00,159,0,5,0,0,0,0
2025-05-05 11:00:00,160,0,5,0,0,0,0
2025-05-05 12:00:00,167,0,5,0,0,0,0
2025-05-05 13:00:00,150,0,5,0,0,0,0
2025-05-05 14:00:00,145,0,5,0,0,0,0
2025-05-05 15:00:00,146,0,5,0,0,0,0
2025-05-05 16:00:00,151,0,5,0,0,0,0
2025-05-05 17:00:00,144,0,5,0,0,0,0
2025-05-05 18:00:00,139,0,5,0,0,0,0
2025-05-05 19:00:00,144,0,5,0,0,0,0
2025-05-05 20:00:00,137,0,5,0,0,0,0
2025-05-05 21:00:00,119,0,5,0,0,0,0
2025-05-05 22:00:00,115,0,5,0,0,0,0
2025-05-05 23:00:00,120,0,5,0,0,0,0
2025-05-06 00:00:00,101,1,5,0,0,0,0
2025-05-06 01:00:00,100,1,5,0,0,0,0
2025-05-06 02:00:00,105,1,5,0,0,0,0
2025-05-06 03:00:00,98,1,5,0,0,0,0
2025-05-06 04:00:00,93,1,5,0,0,0,0
2025-05-06 05:00:00,99,1,5,0,0,0,0
2025-05-06 06:00:00,128,1,5,0,0,0,0
2025-05-06 07:00:00,130,1,5,0,0,0,0
2025-05-06 08:00:00,155,1,5,0,0,0,0
2025-05-06 09:00:00,167,1,5,0,0,0,0
2025-05-06 10:00:00,167,1,5,0,0,0,0
2025-05-06 11:00:00,169,1,5,0,0,0,0
2025-05-06 12:00:00,165,1,5,0,0,0,0
2025-05-06 13:00:00,156,1,5,0,0,0,0
2025-05-06 14:00:00,156,1,5,0,0,0,0
2025-05-06 15:00:00,146,1,5,0,0,0,0
2025-05-06 16:00:00,153,1,5,0,0,0,0
2025-05-06 17:00:00,142,1,5,0,0,0,0
2025-05-06 18:00:00,149,1,5,0,0,0,0
2025-05-06 19:00:00,147,1,5,0,0,0,0
2025-05-06 20:00:00,140,1,5,0,0,0,0
2025-05-06 21:00:00,128,1,5,0,0,0,0
2025-05-06 22:00:00,135,1,5,0,0,0,0
2025-05-06 23:00:00,136,1,5,0,0,0,0
2025-05-07 00:00:00,103,2,5,0,0,0,0
2025-05-07 01:00:00,105,2,5,0,0,0,0
2025-05-07 02:00:00,106,2,5,0,0,0,0
2025-05-07 03:00:00,102,2,5,0,0,0,0
2025-05-07 04:00:00,98,2,5,0,0,0,0
2025-05-07 05:00:00,110,2,5,0,0,0,0
2025-05-07 06:00:00,138,2,5,0,0,0,0
2025-05-07 07:00:00,132,2,5,0,0,0,0
2025-05-07 08:00:00,163,2,5,0,0,0,0
2025-05-07 09:00:00,180,2,5,0,0,0,0
2025-05-07 10:00:00,178,2,5,0,0,0,0
2025-05-07 11:00:00,176,2,5,0,0,0,0
2025-05-07 12:00:00,178,2,5,0,0,0,0
2025-05-07 13:00:00,164,2,5,0,0,0,0
2025-05-07 14:00:00,156,2,5,0,0,0,0
2025-05-07 15:00:00,153,2,5,0,0,0,0
2025-05-07 16:00:00,156,2,5,0,0,0,0
2025-05-07 17:00:00,150,2,5,0,0,0,0
2025-05-07 18:00:00,150,2,5,0,0,0,0
2025-05-07 19:00:00,149,2,5,0,0,0,0
2025-05-07 20:00:00,149,2,5,0,0,0,0
2025-05-07 21:00:00,132,2,5,0,0,0,0
2025-05-07 22:00:00,133,2,5,0,0,0,0
2025-05-07 23:00:00,134,2,5,0,0,0,0
2025-05-08 00:00:00,103,3,5,0,0,0,0
2025-05-08 01:00:00,106,3,5,0,0,0,0
2025-05-08 02:00:00,104,3,5,0,0,0,0
2025-05-08 03:00:00,102,3,5,0,0,0,0
2025-05-08 04:00:00,105,3,5,0,0,0,0
2025-05-08 05:00:00,110,3,5,0,0,0,0
2025-05-08 06:00:00,139,3,5,0,0,0,0
2025-05-08 07:00:00,134,3,5,0,0,0,0
2025-05-08 08:00:00,167,3,5,0,0,0,0
2025-05-08 09:00:00,178,3,5,0,0,0,0
2025-05-08 10:00:00,174,3,5,0,0,0,0
2025-05-08 11:00:00,176,3,5,0,0,0,0
2025-05-08 12:00:00,175,3,5,0,0,0,0
2025-05-08 13:00:00,160,3,5,0,0,0,0
2025-05-08 14:00:00,159,3,5,0,0,0,0
2025-05-08 15:00:00,157,3,5,0,0,0,0
2025-05-08 16:00:00,158,3,5,0,0,0,0
2025-05-08 17:00:00,149,3,5,0,0,0,0
2025-05-08 18:00:00,155,3,5,0,0,0,0
2025-05-08 19:00:00,144,3,5,0,0,0,0
2025-05-08 20:00:00,144,3,5,0,0,0,0
2025-05-08 21:00:00,136,3,5,0,0,0,0
2025-05-08 22:00:00,131,3,5,0,0,0,0
2025-05-08 23:00:00,132,3,5,0,0,0,0
2025-05-09 00:00:00,96,4,5,0,0,0,0
2025-05-09 01:00:00,104,4,5,0,0,0,0
2025-05-09 02:00:00,104,4,5,0,0,0,0
2025-05-09 03:00:00,96,4,5,0,0,0,0
2025-05-09 04:00:00,101,4,5,0,0,0,0
2025-05-09 05:00:00,101,4,5,0,0,0,0
2025-05-09 06:00:00,132,4,5,0,0,0,0
2025-05-09 07:00:00,123,4,5,0,0,0,0
2025-05-09 08:00:00,157,4,5,0,0,0,0
2025-05-09 09:00:00,168,4,5,0,0,0,0
2025-05-09 10:00:00,174,4,5,0,0,0,0
2025-05-09 11:00:00,178,4,5,0,0,0,0
2025-05-09 12:00:00,171,4,5,0,0,0,0
2025-05-09 13:00:00,155,4,5,0,0,0,0
2025-05-09 14:00:00,153,4,5,0,0,0,0
2025-05-09 15:00:00,153,4,5,0,0,0,0
2025-05-09 16:00:00,146,4,5,0,0,0,0
2025-05-09 17:00:00,147,4,5,0,0,0,0
2025-05-09 18:00:00,141,4,5,0,0,0,0
2025-05-09 19:00:00,141,4,5,0,0,0,0
2025-05-09 20:00:00,149,4,5,0,0,0,0
2025-05-09 21:00:00,130,4,5,0,0,0,0
2025-05-09 22:00:00,122,4,5,0,0,0,0
2025-05-09 23:00:00,143,4,5,0,0,0,0
2025-05-10 00:00:00,83,5,5,1,0,0,0
2025-05-10 01:00:00,71,5,5,1,0,0,0
2025-05-10 02:00:00,71,5,5,1,0,0,0
2025-05-10 03:00:00,71,5,5,1,0,0,0
2025-05-10 04:00:00,71,5,5,1,0,0,0
2025-05-10 05:00:00,75,5,5,1,0,0,0
2025-05-10 06:00:00,103,5,5,1,0,0,0
2025-05-10 07:00:00,95,5,5,1,0,0,0
2025-05-10 08:00:00,122,5,5,1,0,0,0
2025-05-10 09:00:00,127,5,5,1,0,0,0
2025-05-10 10:00:00,131,5,5,1,0,0,0
2025-05-10 11:00:00,130,5,5,1,0,0,0
2025-05-10 12:00:00,124,5,5,1,0,0,0
2025-05-10 13:00:00,115,5,5,1,0,0,0
2025-05-10 14:00:00,113,5,5,1,0,0,0
2025-05-10 15:00:00,115,5,5,1,0,0,0
2025-05-10 16:00:00,115,5,5,1,0,0,0
2025-05-10 17:00:00,110,5,5,1,0,0,0
2025-05-10 18:00:00,111,5,5,1,0,0,0
2025-05-10 19:00:00,107,5,5,1,0,0,0
2025-05-10 20:00:00,110,5,5,1,0,0,0
2025-05-10 21:00:00,95,5,5,1,0,0,0
2025-05-10 22:00:00,98,5,5,1,0,0,0
2025-05-10 23:00:00,90,5,5,1,0,0,0
2025-05-11 00:00:00,70,6,5,1,0,0,0
2025-05-11 01:00:00,67,6,5,1,0,0,0
2025-05-11 02:00:00,64,6,5,1,0,0,0
2025-05-11 03:00:00,73,6,5,1,0,0,0
2025-05-11 04:00:00,61,6,5,1,0,0,0
2025-05-11 05:00:00,71,6,5,1,0,0,0
2025-05-11 06:00:00,90,6,5,1,0,0,0
2025-05-11 07:00:00,101,6,5,1,0,0,0
2025-05-11 08:00:00,113,6,5,1,0,0,0
2025-05-11 09:00:00,124,6,5,1,0,0,0
2025-05-11 10:00:00,121,6,5,1,0,0,0
2025-05-11 11:00:00,123,6,5,1,0,0,0
2025-05-11 12:00:00,122,6,5,1,0,0,0
2025-05-11 13:00:00,112,6,5,1,0,0,0
2025-05-11 14:00:00,114,6,5,1,0,0,0
2025-05-11 15:00:00,111,6,5,1,0,0,0
2025-05-11 16:00:00,114,6,5,1,0,0,0
2025-05-11 17:00:00,90,6,5,1,0,0,0
2025-05-11 18:00:00,104,6,5,1,0,0,0
2025-05-11 19:00:00,105,6,5,1,0,0,0
2025-05-11 20:00:00,105,6,5,1,0,0,0
2025-05-11 21:00:00,87,6,5,1,0,0,0
2025-05-11 22:00:00,93,6,5,1,0,0,0
2025-05-11 23:00:00,91,6,5,1,0,0,0
2025-05-12 00:00:00,90,0,5,0,0,0,0
2025-05-12 01:00:00,89,0,5,0,0,0,0
2025-05-12 02:00:00,91,0,5,0,0,0,0
2025-05-12 03:00:00,90,0,5,0,0,0,0
2025-05-12 04:00:00,93,0,5,0,0,0,0
2025-05-12 05:00:00,90,0,5,0,0,0,0
2025-05-12 06:00:00,123,0,5,0,0,0,0
2025-05-12 07:00:00,111,0,5,0,0,0,0
2025-05-12 08:00:00,139,0,5,0,0,0,0
2025-05-12 09:00:00,153,0,5,0,0,0,0
2025-05-12 10:00:00,163,0,5,0,0,0,0
2025-05-12 11:00:00,169,0,5,0,0,0,0
2025-05-12 12:00:00,161,0,5,0,0,0,0
2025-05-12 13:00:00,143,0,5,0,0,0,0
2025-05-12 14:00:00,146,0,5,0,0,0,0
2025-05-12 15:00:00,143,0,5,0,0,0,0
2025-05-12 16:00:00,147,0,5,0,0,0,0
2025-05-12 17:00:00,135,0,5,0,0,0,0
2025-05-12 18:00:00,133,0,5,0,0,0,0
2025-05-12 19:00:00,136,0,5,0,0,0,0
2025-05-12 20:00:00,131,0,5,0,0,0,0
2025-05-12 21:00:00,119,0,5,0,0,0,0
2025-05-12 22:00:00,121,0,5,0,0,0,0
2025-05-12 23:00:00,122,0,5,0,0,0,0
2025-05-13 00:00:00,99,1,5,0,0,0,0
2025-05-13 01:00:00,98,1,5,0,0,0,0
2025-05-13 02:00:00,98,1,5,0,0,0,0
2025-05-13 03:00:00,98,1,5,0,0,0,0
2025-05-13 04:00:00,98,1,5,0,0,0,0
2025-05-13 05:00:00,94,1,5,0,0,0,0
2025-05-13 06:00:00,126,1,5,0,0,0,0
2025-05-13 07:00:00,121,1,5,0,0,0,0
2025-05-13 08:00:00,151,1,5,0,0,0,0
2025-05-13 09:00:00,166,1,5,0,0,0,0
2025-05-13 10:00:00,166,1,5,0,0,0,0
2025-05-13 11:00:00,173,1,5,0,0,0,0
2025-05-13 12:00:00,171,1,5,0,0,0,0
2025-05-13 13:00:00,156,1,5,0,0,0,0
2025-05-13 14:00:00,155,1,5,0,0,0,0
2025-05-13 15:00:00,157,1,5,0,0,0,0
2025-05-13 16:00:00,164,1,5,0,0,0,0
2025-05-13 17:00:00,144,1,5,0,0,0,0
2025-05-13 18:00:00,142,1,5,0,0,0,0
2025-05-13 19:00:00,148,1,5,0,0,0,0
2025-05-13 20:00:00,141,1,5,0,0,0,0
2025-05-13 21:00:00,131,1,5,0,0,0,0
2025-05-13 22:00:00,130,1,5,0,0,0,0
2025-05-13 23:00:00,124,1,5,0,0,0,0
2025-05-14 00:00:00,99,2,5,0,0,0,0
2025-05-14 01:00:00,108,2,5,0,0,0,0
2025-05-14 02:00:00,102,2,5,0,0,0,0
2025-05-14 03:00:00,102,2,5,0,0,0,0
2025-05-14 04:00:00,99,2,5,0,0,0,0
2025-05-14 05:00:00,101,2,5,0,0,0,0
2025-05-14 06:00:00,128,2,5,0,0,0,0
2025-05-14 07:00:00,134,2,5,0,0,0,0
2025-05-14 08:00:00,159,2,5,0,0,0,0
2025-05-14 09:00:00,162,2,5,0,0,0,0
2025-05-14 10:00:00,175,2,5,0,0,0,0
2025-05-14 11:00:00,177,2,5,0,0,0,0
2025-05-14 12:00:00,174,2,5,0,0,0,0
2025-05-14 13:00:00,160,2,5,0,0,0,0
2025-05-14 14:00:00,149,2,5,0,0,0,0
2025-05-14 15:00:00,158,2,5,0,0,0,0
2025-05-14 16:00:00,165,2,5,0,0,0,0
2025-05-14 17:00:00,146,2,5,0,0,0,0
2025-05-14 18:00:00,142,2,5,0,0,0,0
2025-05-14 19:00:00,152,2,5,0,0,0,0
2025-05-14 20:00:00,148,2,5,0,0,0,0
2025-05-14 21:00:00,136,2,5,0,0,0,0
2025-05-14 22:00:00,141,2,5,0,0,0,0
2025-05-14 23:00:00,130,2,5,0,0,0,0
2025-05-15 00:00:00,107,3,5,0,0,0,0
2025-05-15 01:00:00,103,3,5,0,0,0,0
2025-05-15 02:00:00,103,3,5,0,0,0,0
2025-05-15 03:00:00,105,3,5,0,0,0,0
2025-05-15 04:00:00,105,3,5,0,0,0,0
2025-05-15 05:00:00,108,3,5,0,0,0,0
2025-05-15 06:00:00,133,3,5,0,0,0,0
2025-05-15 07:00:00,134,3,5,0,0,0,0
2025-05-15 08:00:00,165,3,5,0,0,0,0
2025-05-15 09:00:00,181,3,5,0,0,0,0
2025-05-15 10:00:00,178,3,5,0,0,0,0
2025-05-15 11:00:00,172,3,5,0,0,0,0
2025-05-15 12:00:00,174,3,5,0,0,0,0
2025-05-15 13:00:00,160,3,5,0,0,0,0
2025-05-15 14:00:00,156,3,5,0,0,0,0
2025-05-15 15:00:00,167,3,5,0,0,0,0
2025-05-15 16:00:00,154,3,5,0,0,0,0
2025-05-15 17:00:00,147,3,5,0,0,0,0
2025-05-15 18:00:00,148,3,5,0,0,0,0
2025-05-15 19:00:00,147,3,5,0,0,0,0
2025-05-15 20:00:00,148,3,5,0,0,0,0
2025-05-15 21:00:00,132,3,5,0,0,0,0
2025-05-15 22:00:00,132,3,5,0,0,0,0
2025-05-15 23:00:00,143,3,5,0,0,0,0
2025-05-16 00:00:00,103,4,5,0,0,0,0
2025-05-16 01:00:00,100,4,5,0,0,0,0
2025-05-16 02:00:00,107,4,5,0,0,0,0
2025-05-16 03:00:00,103,4,5,0,0,0,0
2025-05-16 04:00:00,98,4,5,0,0,0,0
2025-05-16 05:00:00,103,4,5,0,0,0,0
2025-05-16 06:00:00,128,4,5,0,0,0,0
2025-05-16 07:00:00,128,4,5,0,0,0,0
2025-05-16 08:00:00,158,4,5,0,0,0,0
2025-05-16 09:00:00,173,4,5,0,0,0,0
2025-05-16 10:00:00,172,4,5,0,0,0,0
2025-05-16 11:00:00,175,4,5,0,0,0,0
2025-05-16 12:00:00,174,4,5,0,0,0,0
2025-05-16 13:00:00,157,4,5,0,0,0,0
2025-05-16 14:00:00,160,4,5,0,0,0,0
2025-05-16 15:00:00,151,4,5,0,0,0,0
2025-05-16 16:00:00,152,4,5,0,0,0,0
2025-05-16 17:00:00,139,4,5,0,0,0,0
2025-05-16 18:00:00,137,4,5,0,0,0,0
2025-05-16 19:00:00,142,4,5,0,0,0,0
2025-05-16 20:00:00,136,4,5,0,0,0,0
2025-05-16 21:00:00,129,4,5,0,0,0,0
2025-05-16 22:00:00,132,4,5,0,0,0,0
2025-05-16 23:00:00,128,4,5,0,0,0,0
2025-05-17 00:00:00,76,5,5,1,0,0,0
2025-05-17 01:00:00,72,5,5,1,0,0,0
2025-05-17 02:00:00,65,5,5,1,0,0,0
2025-05-17 03:00:00,76,5,5,1,0,0,0
2025-05-17 04:00:00,73,5,5,1,0,0,0
2025-05-17 05:00:00,75,5,5,1,0,0,0
2025-05-17 06:00:00,94,5,5,1,0,0,0
2025-05-17 07:00:00,93,5,5,1,0,0,0
2025-05-17 08:00:00,117,5,5,1,0,0,0
2025-05-17 09:00:00,127,5,5,1,0,0,0
2025-05-17 10:00:00,131,5,5,1,0,0,0
2025-05-17 11:00:00,128,5,5,1,0,0,0
2025-05-17 12:00:00,131,5,5,1,0,0,0
2025-05-17 13:00:00,111,5,5,1,0,0,0
2025-05-17 14:00:00,117,5,5,1,0,0,0
2025-05-17 15:00:00,111,5,5,1,0,0,0
2025-05-17 16:00:00,114,5,5,1,0,0,0
2025-05-17 17:00:00,104,5,5,1,0,0,0
2025-05-17 18:00:00,110,5,5,1,0,0,0
2025-05-17 19:00:00,100,5,5,1,0,0,0
2025-05-17 20:00:00,111,5,5,1,0,0,0
2025-05-17 21:00:00,101,5,5,1,0,0,0
2025-05-17 22:00:00,93,5,5,1,0,0,0
2025-05-17 23:00:00,100,5,5,1,0,0,0
2025-05-18 00:00:00,72,6,5,1,0,0,0
2025-05-18 01:00:00,68,6,5,1,0,0,0
2025-05-18 02:00:00,69,6,5,1,0,0,0
2025-05-18 03:00:00,73,6,5,1,0,0,0
2025-05-18 04:00:00,73,6,5,1,0,0,0
2025-05-18 05:00:00,64,6,5,1,0,0,0
2025-05-18 06:00:00,94,6,5,1,0,0,0
2025-05-18 07:00:00,96,6,5,1,0,0,0
2025-05-18 08:00:00,113,6,5,1,0,0,0
2025-05-18 09:00:00,124,6,5,1,0,0,0
2025-05-18 10:00:00,128,6,5,1,0,0,0
2025-05-18 11:00:00,117,6,5,1,0,0,0
2025-05-18 12:00:00,125,6,5,1,0,0,0
2025-05-18 13:00:00,109,6,5,1,0,0,0
2025-05-18 14:00:00,112,6,5,1,0,0,0
2025-05-18 15:00:00,117,6,5,1,0,0,0
2025-05-18 16:00:00,109,6,5,1,0,0,0
2025-05-18 17:00:00,100,6,5,1,0,0,0
2025-05-18 18:00:00,102,6,5,1,0,0,0
2025-05-18 19:00:00,93,6,5,1,0,0,0
2025-05-18 20:00:00,110,6,5,1,0,0,0
2025-05-18 21:00:00,95,6,5,1,0,0,0
2025-05-18 22:00:00,96,6,5,1,0,0,0
2025-05-18 23:00:00,88,6,5,1,0,0,0
2025-05-19 00:00:00,92,0,5,0,0,0,0
2025-05-19 01:00:00,94,0,5,0,0,0,0
2025-05-19 02:00:00,90,0,5,0,0,0,0
2025-05-19 03:00:00,92,0,5,0,0,0,0
2025-05-19 04:00:00,92,0,5,0,0,0,0
2025-05-19 05:00:00,94,0,5,0,0,0,0
2025-05-19 06:00:00,121,0,5,0,0,0,0
2025-05-19 07:00:00,126,0,5,0,0,0,0
2025-05-19 08:00:00,146,0,5,0,0,0,0
2025-05-19 09:00:00,161,0,5,0,0,0,0
2025-05-19 10:00:00,162,0,5,0,0,0,0
2025-05-19 11:00:00,163,0,5,0,0,0,0
2025-05-19 12:00:00,169,0,5,0,0,0,0
2025-05-19 13:00:00,145,0,5,0,0,0,0
2025-05-19 14:00:00,149,0,5,0,0,0,0
2025-05-19 15:00:00,142,0,5,0,0,0,0
2025-05-19 16:00:00,141,0,5,0,0,0,0
2025-05-19 17:00:00,135,0,5,0,0,0,0
2025-05-19 18:00:00,131,0,5,0,0,0,0
2025-05-19 19:00:00,132,0,5,0,0,0,0
2025-05-19 20:00:00,142,0,5,0,0,0,0
2025-05-19 21:00:00,127,0,5,0,0,0,0
2025-05-19 22:00:00,127,0,5,0,0,0,0
2025-05-19 23:00:00,118,0,5,0,0,0,0
2025-05-20 00:00:00,95,1,5,0,0,0,0
2025-05-20 01:00:00,96,1,5,0,0,0,0
2025-05-20 02:00:00,105,1,5,0,0,0,0
2025-05-20 03:00:00,97,1,5,0,0,0,0
2025-05-20 04:00:00,98,1,5,0,0,0,0
2025-05-20 05:00:00,94,1,5,0,0,0,0
2025-05-20 06:00:00,129,1,5,0,0,0,0
2025-05-20 07:00:00,129,1,5,0,0,0,0
2025-05-20 08:00:00,155,1,5,0,0,0,0
2025-05-20 09:00:00,170,1,5,0,0,0,0
2025-05-20 10:00:00,167,1,5,0,0,0,0
2025-05-20 11:00:00,166,1,5,0,0,0,0
2025-05-20 12:00:00,168,1,5,0,0,0,0
2025-05-20 13:00:00,149,1,5,0,0,0,0
2025-05-20 14:00:00,157,1,5,0,0,0,0
2025-05-20 15:00:00,143,1,5,0,0,0,0
2025-05-20 16:00:00,154,1,5,0,0,0,0
2025-05-20 17:00:00,137,1,5,0,0,0,0
2025-05-20 18:00:00,137,1,5,0,0,0,0
2025-05-20 19:00:00,139,1,5,0,0,0,0
2025-05-20 20:00:00,135,1,5,0,0,0,0
2025-05-20 21:00:00,126,1,5,0,0,0,0
2025-05-20 22:00:00,125,1,5,0,0,0,0
2025-05-20 23:00:00,118,1,5,0,0,0,0
2025-05-21 00:00:00,98,2,5,0,0,0,0
2025-05-21 01:00:00,101,2,5,0,0,0,0
2025-05-21 02:00:00,99,2,5,0,0,0,0
2025-05-21 03:00:00,107,2,5,0,0,0,0
2025-05-21 04:00:00,98,2,5,0,0,0,0
2025-05-21 05:00:00,101,2,5,0,0,0,0
2025-05-21 06:00:00,128,2,5,0,0,0,0
2025-05-21 07:00:00,135,2,5,0,0,0,0
2025-05-21 08:00:00,159,2,5,0,0,0,0
2025-05-21 09:00:00,169,2,5,0,0,0,0
2025-05-21 10:00:00,166,2,5,0,0,0,0
2025-05-21 11:00:00,182,2,5,0,0,0,0
2025-05-21 12:00:00,177,2,5,0,0,0,0
2025-05-21 13:00:00,153,2,5,0,0,0,0
2025-05-21 14:00:00,157,2,5,0,0,0,0
2025-05-21 15:00:00,162,2,5,0,0,0,0
2025-05-21 16:00:00,160,2,5,0,0,0,0
2025-05-21 17:00:00,145,2,5,0,0,0,0
2025-05-21 18:00:00,151,2,5,0,0,0,0
2025-05-21 19:00:00,139,2,5,0,0,0,0
2025-05-21 20:00:00,149,2,5,0,0,0,0
2025-05-21 21:00:00,135,2,5,0,0,0,0
2025-05-21 22:00:00,135,2,5,0,0,0,0
2025-05-21 23:00:00,124,2,5,0,0,0,0
2025-05-22 00:00:00,104,3,5,0,0,0,0
2025-05-22 01:00:00,101,3,5,0,0,0,0
2025-05-22 02:00:00,102,3,5,0,0,0,0
2025-05-22 03:00:00,108,3,5,0,0,0,0
2025-05-22 04:00:00,105,3,5,0,0,0,0
2025-05-22 05:00:00,107,3,5,0,0,0,0
2025-05-22 06:00:00,135,3,5,0,0,0,0
2025-05-22 07:00:00,130,3,5,0,0,0,0
2025-05-22 08:00:00,163,3,5,0,0,0,0
2025-05-22 09:00:00,177,3,5,0,0,0,0
2025-05-22 10:00:00,174,3,5,0,0,0,0
2025-05-22 11:00:00,172,3,5,0,0,0,0
2025-05-22 12:00:00,175,3,5,0,0,0,0
2025-05-22 13:00:00,158,3,5,0,0,0,0
2025-05-22 14:00:00,165,3,5,0,0,0,0
2025-05-22 15:00:00,159,3,5,0,0,0,0
2025-05-22 16:00:00,155,3,5,0,0,0,0
2025-05-22 17:00:00,146,3,5,0,0,0,0
2025-05-22 18:00:00,138,3,5,0,0,0,0
2025-05-22 19:00:00,149,3,5,0,0,0,0
2025-05-22 20:00:00,152,3,5,0,0,0,0
2025-05-22 21:00:00,133,3,5,0,0,0,0
2025-05-22 22:00:00,126,3,5,0,0,0,0
2025-05-22 23:00:00,129,3,5,0,0,0,0
2025-05-23 00:00:00,96,4,5,0,0,0,0
2025-05-23 01:00:00,100,4,5,0,0,0,0
2025-05-23 02:00:00,100,4,5,0,0,0,0
2025-05-23 03:00:00,105,4,5,0,0,0,0
2025-05-23 04:00:00,97,4,5,0,0,0,0
2025-05-23 05:00:00,106,4,5,0,0,0,0
2025-05-23 06:00:00,126,4,5,0,0,0,0
2025-05-23 07:00:00,129,4,5,0,0,0,0
2025-05-23 08:00:00,158,4,5,0,0,0,0
2025-05-23 09:00:00,173,4,5,0,0,0,0
2025-05-23 10:00:00,176,4,5,0,0,0,0
2025-05-23 11:00:00,184,4,5,0,0,0,0
2025-05-23 12:00:00,175,4,5,0,0,0,0
2025-05-23 13:00:00,149,4,5,0,0,0,0
2025-05-23 14:00:00,149,4,5,0,0,0,0
2025-05-23 15:00:00,160,4,5,0,0,0,0
2025-05-23 16:00:00,151,4,5,0,0,0,0
2025-05-23 17:00:00,137,4,5,0,0,0,0
2025-05-23 18:00:00,142,4,5,0,0,0,0
2025-05-23 19:00:00,144,4,5,0,0,0,0
2025-05-23 20:00:00,145,4,5,0,0,0,0
2025-05-23 21:00:00,132,4,5,0,0,0,0
2025-05-23 22:00:00,127,4,5,0,0,0,0
2025-05-23 23:00:00,124,4,5,0,0,0,0
2025-05-24 00:00:00,71,5,5,1,0,0,0
2025-05-24 01:00:00,72,5,5,1,0,0,0
2025-05-24 02:00:00,68,5,5,1,0,0,0
2025-05-24 03:00:00,72,5,5,1,0,0,0
2025-05-24 04:00:00,60,5,5,1,0,0,0
2025-05-24 05:00:00,77,5,5,1,0,0,0
2025-05-24 06:00:00,103,5,5,1,0,0,0
2025-05-24 07:00:00,89,5,5,1,0,0,0
2025-05-24 08:00:00,117,5,5,1,0,0,0
2025-05-24 09:00:00,130,5,5,1,0,0,0
2025-05-24 10:00:00,130,5,5,1,0,0,0
2025-05-24 11:00:00,129,5,5,1,0,0,0
2025-05-24 12:00:00,132,5,5,1,0,0,0
2025-05-24 13:00:00,115,5,5,1,0,0,0
2025-05-24 14:00:00,119,5,5,1,0,0,0
2025-05-24 15:00:00,119,5,5,1,0,0,0
2025-05-24 16:00:00,116,5,5,1,0,0,0
2025-05-24 17:00:00,102,5,5,1,0,0,0
2025-05-24 18:00:00,97,5,5,1,0,0,0
2025-05-24 19:00:00,99,5,5,1,0,0,0
2025-05-24 20:00:00,100,5,5,1,0,0,0
2025-05-24 21:00:00,95,5,5,1,0,0,0
2025-05-24 22:00:00,96,5,5,1,0,0,0
2025-05-24 23:00:00,92,5,5,1,0,0,0
2025-05-25 00:00:00,70,6,5,1,0,0,0
2025-05-25 01:00:00,69,6,5,1,0,0,0
2025-05-25 02:00:00,67,6,5,1,0,0,0
2025-05-25 03:00:00,68,6,5,1,0,0,0
2025-05-25 04:00:00,71,6,5,1,0,0,0
2025-05-25 05:00:00,67,6,5,1,0,0,0
2025-05-25 06:00:00,87,6,5,1,0,0,0
2025-05-25 07:00:00,88,6,5,1,0,0,0
2025-05-25 08:00:00,108,6,5,1,0,0,0
2025-05-25 09:00:00,119,6,5,1,0,0,0
2025-05-25 10:00:00,128,6,5,1,0,0,0
2025-05-25 11:00:00,124,6,5,1,0,0,0
2025-05-25 12:00:00,118,6,5,1,0,0,0
2025-05-25 13:00:00,105,6,5,1,0,0,0
2025-05-25 14:00:00,116,6,5,1,0,0,0
2025-05-25 15:00:00,113,6,5,1,0,0,0
2025-05-25 16:00:00,115,6,5,1,0,0,0
2025-05-25 17:00:00,99,6,5,1,0,0,0
2025-05-25 18:00:00,102,6,5,1,0,0,0
2025-05-25 19:00:00,102,6,5,1,0,0,0
2025-05-25 20:00:00,96,6,5,1,0,0,0
2025-05-25 21:00:00,93,6,5,1,0,0,0
2025-05-25 22:00:00,84,6,5,1,0,0,0
2025-05-25 23:00:00,87,6,5,1,0,0,0
2025-05-26 00:00:00,91,0,5,0,0,0,0
2025-05-26 01:00:00,93,0,5,0,0,0,0
2025-05-26 02:00:00,90,0,5,0,0,0,0
2025-05-26 03:00:00,86,0,5,0,0,0,0
2025-05-26 04:00:00,88,0,5,0,0,0,0
2025-05-26 05:00:00,97,0,5,0,0,0,0
2025-05-26 06:00:00,121,0,5,0,0,0,0
2025-05-26 07:00:00,120,0,5,0,0,0,0
2025-05-26 08:00:00,143,0,5,0,0,0,0
2025-05-26 09:00:00,157,0,5,0,0,0,0
2025-05-26 10:00:00,166,0,5,0,0,0,0
2025-05-26 11:00:00,159,0,5,0,0,0,0
2025-05-26 12:00:00,164,0,5,0,0,0,0
2025-05-26 13:00:00,137,0,5,0,0,0,0
2025-05-26 14:00:00,144,0,5,0,0,0,0
2025-05-26 15:00:00,146,0,5,0,0,0,0
2025-05-26 16:00:00,145,0,5,0,0,0,0
2025-05-26 17:00:00,140,0,5,0,0,0,0
2025-05-26 18:00:00,135,0,5,0,0,0,0
2025-05-26 19:00:00,130,0,5,0,0,0,0
2025-05-26 20:00:00,135,0,5,0,0,0,0
2025-05-26 21:00:00,125,0,5,0,0,0,0
2025-05-26 22:00:00,122,0,5,0,0,0,0
2025-05-26 23:00:00,119,0,5,0,0,0,0
2025-05-27 00:00:00,92,1,5,0,0,0,0
2025-05-27 01:00:00,99,1,5,0,0,0,0
2025-05-27 02:00:00,97,1,5,0,0,0,0
2025-05-27 03:00:00,95,1,5,0,0,0,0
2025-05-27 04:00:00,105,1,5,0,0,0,0
2025-05-27 05:00:00,96,1,5,0,0,0,0
2025-05-27 06:00:00,124,1,5,0,0,0,0
2025-05-27 07:00:00,122,1,5,0,0,0,0
2025-05-27 08:00:00,153,1,5,0,0,0,0
2025-05-27 09:00:00,165,1,5,0,0,0,0
2025-05-27 10:00:00,171,1,5,0,0,0,0
2025-05-27 11:00:00,171,1,5,0,0,0,0
2025-05-27 12:00:00,163,1,5,0,0,0,0
2025-05-27 13:00:00,146,1,5,0,0,0,0
2025-05-27 14:00:00,153,1,5,0,0,0,0
2025-05-27 15:00:00,143,1,5,0,0,0,0
2025-05-27 16:00:00,146,1,5,0,0,0,0
2025-05-27 17:00:00,140,1,5,0,0,0,0
2025-05-27 18:00:00,137,1,5,0,0,0,0
2025-05-27 19:00:00,140,1,5,0,0,0,0
2025-05-27 20:00:00,136,1,5,0,0,0,0
2025-05-27 21:00:00,124,1,5,0,0,0,0
2025-05-27 22:00:00,126,1,5,0,0,0,0
2025-05-27 23:00:00,123,1,5,0,0,0,0
2025-05-28 00:00:00,106,2,5,0,0,0,0
2025-05-28 01:00:00,102,2,5,0,0,0,0
2025-05-28 02:00:00,108,2,5,0,0,0,0
2025-05-28 03:00:00,101,2,5,0,0,0,0
2025-05-28 04:00:00,104,2,5,0,0,0,0
2025-05-28 05:00:00,107,2,5,0,0,0,0
2025-05-28 06:00:00,127,2,5,0,0,0,0
2025-05-28 07:00:00,131,2,5,0,0,0,0
2025-05-28 08:00:00,159,2,5,0,0,0,0
2025-05-28 09:00:00,168,2,5,0,0,0,0
2025-05-28 10:00:00,170,2,5,0,0,0,0
2025-05-28 11:00:00,176,2,5,0,0,0,0
2025-05-28 12:00:00,170,2,5,0,0,0,0
2025-05-28 13:00:00,164,2,5,0,0,0,0
2025-05-28 14:00:00,156,2,5,0,0,0,0
2025-05-28 15:00:00,158,2,5,0,0,0,0
2025-05-28 16:00:00,150,2,5,0,0,0,0
2025-05-28 17:00:00,151,2,5,0,0,0,0
2025-05-28 18:00:00,140,2,5,0,0,0,0
2025-05-28 19:00:00,146,2,5,0,0,0,0
2025-05-28 20:00:00,144,2,5,0,0,0,0
2025-05-28 21:00:00,131,2,5,0,0,0,0
2025-05-28 22:00:00,123,2,5,0,0,0,0
2025-05-28 23:00:00,136,2,5,0,0,0,0
2025-05-29 00:00:00,106,3,5,0,0,0,0
2025-05-29 01:00:00,102,3,5,0,0,0,0
2025-05-29 02:00:00,98,3,5,0,0,0,0
2025-05-29 03:00:00,105,3,5,0,0,0,0
2025-05-29 04:00:00,101,3,5,0,0,0,0
2025-05-29 05:00:00,96,3,5,0,0,0,0
2025-05-29 06:00:00,132,3,5,0,0,0,0
2025-05-29 07:00:00,125,3,5,0,0,0,0
2025-05-29 08:00:00,157,3,5,0,0,0,0
2025-05-29 09:00:00,171,3,5,0,0,0,0
2025-05-29 10:00:00,177,3,5,0,0,0,0
2025-05-29 11:00:00,173,3,5,0,0,0,0
2025-05-29 12:00:00,174,3,5,0,0,0,0
2025-05-29 13:00:00,154,3,5,0,0,0,0
2025-05-29 14:00:00,153,3,5,0,0,0,0
2025-05-29 15:00:00,160,3,5,0,0,0,0
2025-05-29 16:00:00,162,3,5,0,0,0,0
2025-05-29 17:00:00,146,3,5,0,0,0,0
2025-05-29 18:00:00,143,3,5,0,0,0,0
2025-05-29 19:00:00,149,3,5,0,0,0,0
2025-05-29 20:00:00,145,3,5,0,0,0,0
2025-05-29 21:00:00,130,3,5,0,0,0,0
2025-05-29 22:00:00,126,3,5,0,0,0,0
2025-05-29 23:00:00,129,3,5,0,0,0,0
2025-05-30 00:00:00,91,4,5,0,0,0,0
2025-05-30 01:00:00,102,4,5,0,0,0,0
2025-05-30 02:00:00,101,4,5,0,0,0,0
2025-05-30 03:00:00,97,4,5,0,0,0,0
2025-05-30 04:00:00,98,4,5,0,0,0,0
2025-05-30 05:00:00,96,4,5,0,0,0,0
2025-05-30 06:00:00,125,4,5,0,0,0,0
2025-05-30 07:00:00,120,4,5,0,0,0,0
2025-05-30 08:00:00,151,4,5,0,0,0,0
2025-05-30 09:00:00,166,4,5,0,0,0,0
2025-05-30 10:00:00,171,4,5,0,0,0,0
2025-05-30 11:00:00,170,4,5,0,0,0,0
2025-05-30 12:00:00,167,4,5,0,0,0,0
2025-05-30 13:00:00,154,4,5,0,0,0,0
2025-05-30 14:00:00,148,4,5,0,0,0,0
2025-05-30 15:00:00,148,4,5,0,0,0,0
2025-05-30 16:00:00,151,4,5,0,0,0,0
2025-05-30 17:00:00,143,4,5,0,0,0,0
2025-05-30 18:00:00,140,4,5,0,0,0,0
2025-05-30 19:00:00,138,4,5,0,0,0,0
2025-05-30 20:00:00,141,4,5,0,0,0,0
2025-05-30 21:00:00,129,4,5,0,0,0,0
2025-05-30 22:00:00,123,4,5,0,0,0,0
2025-05-30 23:00:00,124,4,5,0,0,0,0
2025-05-31 00:00:00,69,5,5,1,0,0,0
2025-05-31 01:00:00,68,5,5,1,0,0,0
2025-05-31 02:00:00,67,5,5,1,0,0,0
2025-05-31 03:00:00,75,5,5,1,0,0,0
2025-05-31 04:00:00,66,5,5,1,0,0,0
2025-05-31 05:00:00,64,5,5,1,0,0,0
2025-05-31 06:00:00,92,5,5,1,0,0,0
2025-05-31 07:00:00,94,5,5,1,0,0,0
2025-05-31 08:00:00,113,5,5,1,0,0,0
2025-05-31 09:00:00,124,5,5,1,0,0,0
2025-05-31 10:00:00,132,5,5,1,0,0,0
2025-05-31 11:00:00,125,5,5,1,0,0,0
2025-05-31 12:00:00,126,5,5,1,0,0,0
2025-05-31 13:00:00,113,5,5,1,0,0,0
2025-05-31 14:00:00,108,5,5,1,0,0,0
2025-05-31 15:00:00,112,5,5,1,0,0,0
2025-05-31 16:00:00,104,5,5,1,0,0,0
2025-05-31 17:00:00,100,5,5,1,0,0,0
2025-05-31 18:00:00,105,5,5,1,0,0,0
2025-05-31 19:00:00,107,5,5,1,0,0,0
2025-05-31 20:00:00,99,5,5,1,0,0,0
2025-05-31 21:00:00,91,5,5,1,0,0,0
2025-05-31 22:00:00,94,5,5,1,0,0,0
2025-05-31 23:00:00,97,5,5,1,0,0,0
2025-06-01 00:00:00,51,6,6,1,0,0,0
2025-06-01 01:00:00,61,6,6,1,0,0,0
2025-06-01 02:00:00,59,6,6,1,0,0,0
2025-06-01 03:00:00,66,6,6,1,0,0,0
2025-06-01 04:00:00,55,6,6,1,0,0,0
2025-06-01 05:00:00,63,6,6,1,0,0,0
2025-06-01 06:00:00,83,6,6,1,0,0,0
2025-06-01 07:00:00,79,6,6,1,0,0,0
2025-06-01 08:00:00,99,6,6,1,0,0,0
2025-06-01 09:00:00,108,6,6,1,0,0,0
2025-06-01 10:00:00,107,6,6,1,0,0,0
2025-06-01 11:00:00,110,6,6,1,0,0,0
2025-06-01 12:00:00,106,6,6,1,0,0,0
2025-06-01 13:00:00,94,6,6,1,0,0,0
2025-06-01 14:00:00,92,6,6,1,0,0,0
2025-06-01 15:00:00,97,6,6,1,0,0,0
2025-06-01 16:00:00,101,6,6,1,0,0,0
2025-06-01 17:00:00,85,6,6,1,0,0,0
2025-06-01 18:00:00,89,6,6,1,0,0,0
2025-06-01 19:00:00,89,6,6,1,0,0,0
2025-06-01 20:00:00,85,6,6,1,0,0,0
2025-06-01 21:00:00,73,6,6,1,0,0,0
2025-06-01 22:00:00,77,6,6,1,0,0,0
2025-06-01 23:00:00,76,6,6,1,0,0,0
2025-06-02 00:00:00,71,0,6,0,0,0,0
2025-06-02 01:00:00,75,0,6,0,0,0,0
2025-06-02 02:00:00,85,0,6,0,0,0,0
2025-06-02 03:00:00,72,0,6,0,0,0,0
2025-06-02 04:00:00,78,0,6,0,0,0,0
2025-06-02 05:00:00,75,0,6,0,0,0,0
2025-06-02 06:00:00,103,0,6,0,0,0,0
2025-06-02 07:00:00,97,0,6,0,0,0,0
2025-06-02 08:00:00,117,0,6,0,0,0,0
2025-06-02 09:00:00,130,0,6,0,0,0,0
2025-06-02 10:00:00,142,0,6,0,0,0,0
2025-06-02 11:00:00,149,0,6,0,0,0,0
2025-06-02 12:00:00,147,0,6,0,0,0,0
2025-06-02 13:00:00,122,0,6,0,0,0,0
2025-06-02 14:00:00,129,0,6,0,0,0,0
2025-06-02 15:00:00,123,0,6,0,0,0,0
2025-06-02 16:00:00,119,0,6,0,0,0,0
2025-06-02 17:00:00,128,0,6,0,0,0,0
2025-06-02 18:00:00,121,0,6,0,0,0,0
2025-06-02 19:00:00,121,0,6,0,0,0,0
2025-06-02 20:00:00,121,0,6,0,0,0,0
2025-06-02 21:00:00,105,0,6,0,0,0,0
2025-06-02 22:00:00,110,0,6,0,0,0,0
2025-06-02 23:00:00,104,0,6,0,0,0,0
2025-06-03 00:00:00,84,1,6,0,0,0,0
2025-06-03 01:00:00,84,1,6,0,0,0,0
2025-06-03 02:00:00,86,1,6,0,0,0,0
2025-06-03 03:00:00,87,1,6,0,0,0,0
2025-06-03 04:00:00,87,1,6,0,0,0,0
2025-06-03 05:00:00,89,1,6,0,0,0,0
2025-06-03 06:00:00,110,1,6,0,0,0,0
2025-06-03 07:00:00,114,1,6,0,0,0,0
2025-06-03 08:00:00,136,1,6,0,0,0,0
2025-06-03 09:00:00,150,1,6,0,0,0,0
2025-06-03 10:00:00,149,1,6,0,0,0,0
2025-06-03 11:00:00,149,1,6,0,0,0,0
2025-06-03 12:00:00,157,1,6,0,0,0,0
2025-06-03 13:00:00,128,1,6,0,0,0,0
2025-06-03 14:00:00,132,1,6,0,0,0,0
2025-06-03 15:00:00,133,1,6,0,0,0,0
2025-06-03 16:00:00,129,1,6,0,0,0,0
2025-06-03 17:00:00,125,1,6,0,0,0,0
2025-06-03 18:00:00,125,1,6,0,0,0,0
2025-06-03 19:00:00,134,1,6,0,0,0,0
2025-06-03 20:00:00,121,1,6,0,0,0,0
2025-06-03 21:00:00,116,1,6,0,0,0,0
2025-06-03 22:00:00,109,1,6,0,0,0,0
2025-06-03 23:00:00,119,1,6,0,0,0,0
2025-06-04 00:00:00,101,2,6,0,0,0,0
2025-06-04 01:00:00,87,2,6,0,0,0,0
2025-06-04 02:00:00,83,2,6,0,0,0,0
2025-06-04 03:00:00,94,2,6,0,0,0,0
2025-06-04 04:00:00,102,2,6,0,0,0,0
2025-06-04 05:00:00,89,2,6,0,0,0,0
2025-06-04 06:00:00,124,2,6,0,0,0,0
2025-06-04 07:00:00,113,2,6,0,0,0,0
2025-06-04 08:00:00,144,2,6,0,0,0,0
2025-06-04 09:00:00,150,2,6,0,0,0,0
2025-06-04 10:00:00,149,2,6,0,0,0,0
2025-06-04 11:00:00,161,2,6,0,0,0,0
2025-06-04 12:00:00,159,2,6,0,0,0,0
2025-06-04 13:00:00,138,2,6,0,0,0,0
2025-06-04 14:00:00,139,2,6,0,0,0,0
2025-06-04 15:00:00,139,2,6,0,0,0,0
2025-06-04 16:00:00,139,2,6,0,0,0,0
2025-06-04 17:00:00,131,2,6,0,0,0,0
2025-06-04 18:00:00,139,2,6,0,0,0,0
2025-06-04 19:00:00,127,2,6,0,0,0,0
2025-06-04 20:00:00,129,2,6,0,0,0,0
2025-06-04 21:00:00,115,2,6,0,0,0,0
2025-06-04 22:00:00,124,2,6,0,0,0,0
2025-06-04 23:00:00,112,2,6,0,0,0,0
2025-06-05 00:00:00,97,3,6,0,0,0,0
2025-06-05 01:00:00,93,3,6,0,0,0,0
2025-06-05 02:00:00,93,3,6,0,0,0,0
2025-06-05 03:00:00,93,3,6,0,0,0,0
2025-06-05 04:00:00,86,3,6,0,0,0,0
2025-06-05 05:00:00,91,3,6,0,0,0,0
2025-06-05 06:00:00,116,3,6,0,0,0,0
2025-06-05 07:00:00,114,3,6,0,0,0,0
2025-06-05 08:00:00,142,3,6,0,0,0,0
2025-06-05 09:00:00,155,3,6,0,0,0,0
2025-06-05 10:00:00,158,3,6,0,0,0,0
2025-06-05 11:00:00,153,3,6,0,0,0,0
2025-06-05 12:00:00,155,3,6,0,0,0,0
2025-06-05 13:00:00,142,3,6,0,0,0,0
2025-06-05 14:00:00,143,3,6,0,0,0,0
2025-06-05 15:00:00,139,3,6,0,0,0,0
2025-06-05 16:00:00,144,3,6,0,0,0,0
2025-06-05 17:00:00,132,3,6,0,0,0,0
2025-06-05 18:00:00,131,3,6,0,0,0,0
2025-06-05 19:00:00,129,3,6,0,0,0,0
2025-06-05 20:00:00,127,3,6,0,0,0,0
2025-06-05 21:00:00,113,3,6,0,0,0,0
2025-06-05 22:00:00,111,3,6,0,0,0,0
2025-06-05 23:00:00,115,3,6,0,0,0,0
2025-06-06 00:00:00,92,4,6,0,0,0,0
2025-06-06 01:00:00,92,4,6,0,0,0,0
2025-06-06 02:00:00,85,4,6,0,0,0,0
2025-06-06 03:00:00,85,4,6,0,0,0,0
2025-06-06 04:00:00,86,4,6,0,0,0,0
2025-06-06 05:00:00,83,4,6,0,0,0,0
2025-06-06 06:00:00,118,4,6,0,0,0,0
2025-06-06 07:00:00,117,4,6,0,0,0,0
2025-06-06 08:00:00,139,4,6,0,0,0,0
2025-06-06 09:00:00,152,4,6,0,0,0,0
2025-06-06 10:00:00,149,4,6,0,0,0,0
2025-06-06 11:00:00,150,4,6,0,0,0,0
2025-06-06 12:00:00,148,4,6,0,0,0,0
2025-06-06 13:00:00,131,4,6,0,0,0,0
2025-06-06 14:00:00,138,4,6,0,0,0,0
2025-06-06 15:00:00,135,4,6,0,0,0,0
2025-06-06 16:00:00,140,4,6,0,0,0,0
2025-06-06 17:00:00,122,4,6,0,0,0,0
2025-06-06 18:00:00,124,4,6,0,0,0,0
2025-06-06 19:00:00,129,4,6,0,0,0,0
2025-06-06 20:00:00,130,4,6,0,0,0,0
2025-06-06 21:00:00,115,4,6,0,0,0,0
2025-06-06 22:00:00,114,4,6,0,0,0,0
2025-06-06 23:00:00,116,4,6,0,0,0,0
2025-06-07 00:00:00,52,5,6,1,0,0,0
2025-06-07 01:00:00,57,5,6,1,0,0,0
2025-06-07 02:00:00,64,5,6,1,0,0,0
2025-06-07 03:00:00,57,5,6,1,0,0,0
2025-06-07 04:00:00,63,5,6,1,0,0,0
2025-06-07 05:00:00,61,5,6,1,0,0,0
2025-06-07 06:00:00,83,5,6,1,0,0,0
2025-06-07 07:00:00,83,5,6,1,0,0,0
2025-06-07 08:00:00,103,5,6,1,0,0,0
2025-06-07 09:00:00,112,5,6,1,0,0,0
2025-06-07 10:00:00,110,5,6,1,0,0,0
2025-06-07 11:00:00,107,5,6,1,0,0,0
2025-06-07 12:00:00,115,5,6,1,0,0,0
2025-06-07 13:00:00,96,5,6,1,0,0,0
2025-06-07 14:00:00,108,5,6,1,0,0,0
2025-06-07 15:00:00,98,5,6,1,0,0,0
2025-06-07 16:00:00,100,5,6,1,0,0,0
2025-06-07 17:00:00,94,5,6,1,0,0,0
2025-06-07 18:00:00,89,5,6,1,0,0,0
2025-06-07 19:00:00,84,5,6,1,0,0,0
2025-06-07 20:00:00,98,5,6,1,0,0,0
2025-06-07 21:00:00,92,5,6,1,0,0,0
2025-06-07 22:00:00,90,5,6,1,0,0,0
2025-06-07 23:00:00,83,5,6,1,0,0,0
2025-06-08 00:00:00,56,6,6,1,0,0,0
2025-06-08 01:00:00,55,6,6,1,0,0,0
2025-06-08 02:00:00,58,6,6,1,0,0,0
2025-06-08 03:00:00,65,6,6,1,0,0,0
2025-06-08 04:00:00,61,6,6,1,0,0,0
2025-06-08 05:00:00,48,6,6,1,0,0,0
2025-06-08 06:00:00,77,6,6,1,0,0,0
2025-06-08 07:00:00,78,6,6,1,0,0,0
2025-06-08 08:00:00,93,6,6,1,0,0,0
2025-06-08 09:00:00,103,6,6,1,0,0,0
2025-06-08 10:00:00,107,6,6,1,0,0,0
2025-06-08 11:00:00,106,6,6,1,0,0,0
2025-06-08 12:00:00,109,6,6,1,0,0,0
2025-06-08 13:00:00,96,6,6,1,0,0,0
2025-06-08 14:00:00,100,6,6,1,0,0,0
2025-06-08 15:00:00,92,6,6,1,0,0,0
2025-06-08 16:00:00,91,6,6,1,0,0,0
2025-06-08 17:00:00,88,6,6,1,0,0,0
2025-06-08 18:00:00,87,6,6,1,0,0,0
2025-06-08 19:00:00,85,6,6,1,0,0,0
2025-06-08 20:00:00,96,6,6,1,0,0,0
2025-06-08 21:00:00,79,6,6,1,0,0,0
2025-06-08 22:00:00,80,6,6,1,0,0,0
2025-06-08 23:00:00,76,6,6,1,0,0,0
2025-06-09 00:00:00,78,0,6,0,0,0,0
2025-06-09 01:00:00,81,0,6,0,0,0,0
2025-06-09 02:00:00,80,0,6,0,0,0,0
2025-06-09 03:00:00,75,0,6,0,0,0,0
2025-06-09 04:00:00,77,0,6,0,0,0,0
2025-06-09 05:00:00,73,0,6,0,0,0,0
2025-06-09 06:00:00,104,0,6,0,0,0,0
2025-06-09 07:00:00,103,0,6,0,0,0,0
2025-06-09 08:00:00,122,0,6,0,0,0,0
2025-06-09 09:00:00,134,0,6,0,0,0,0
2025-06-09 10:00:00,134,0,6,0,0,0,0
2025-06-09 11:00:00,147,0,6,0,0,0,0
2025-06-09 12:00:00,147,0,6,0,0,0,0
2025-06-09 13:00:00,132,0,6,0,0,0,0
2025-06-09 14:00:00,129,0,6,0,0,0,0
2025-06-09 15:00:00,131,0,6,0,0,0,0
2025-06-09 16:00:00,132,0,6,0,0,0,0
2025-06-09 17:00:00,116,0,6,0,0,0,0
2025-06-09 18:00:00,114,0,6,0,0,0,0
2025-06-09 19:00:00,122,0,6,0,0,0,0
2025-06-09 20:00:00,119,0,6,0,0,0,0
2025-06-09 21:00:00,107,0,6,0,0,0,0
2025-06-09 22:00:00,106,0,6,0,0,0,0
2025-06-09 23:00:00,105,0,6,0,0,0,0
2025-06-10 00:00:00,87,1,6,0,0,0,0
2025-06-10 01:00:00,85,1,6,0,0,0,0
2025-06-10 02:00:00,82,1,6,0,0,0,0
2025-06-10 03:00:00,88,1,6,0,0,0,0
2025-06-10 04:00:00,91,1,6,0,0,0,0
2025-06-10 05:00:00,87,1,6,0,0,0,0
2025-06-10 06:00:00,105,1,6,0,0,0,0
2025-06-10 07:00:00,115,1,6,0,0,0,0
2025-06-10 08:00:00,136,1,6,0,0,0,0
2025-06-10 09:00:00,148,1,6,0,0,0,0
2025-06-10 10:00:00,154,1,6,0,0,0,0
2025-06-10 11:00:00,150,1,6,0,0,0,0
2025-06-10 12:00:00,147,1,6,0,0,0,0
2025-06-10 13:00:00,131,1,6,0,0,0,0
2025-06-10 14:00:00,131,1,6,0,0,0,0
2025-06-10 15:00:00,133,1,6,0,0,0,0
2025-06-10 16:00:00,137,1,6,0,0,0,0
2025-06-10 17:00:00,125,1,6,0,0,0,0
2025-06-10 18:00:00,125,1,6,0,0,0,0
2025-06-10 19:00:00,118,1,6,0,0,0,0
2025-06-10 20:00:00,114,1,6,0,0,0,0
2025-06-10 21:00:00,107,1,6,0,0,0,0
2025-06-10 22:00:00,111,1,6,0,0,0,0
2025-06-10 23:00:00,110,1,6,0,0,0,0
2025-06-11 00:00:00,82,2,6,0,0,0,0
2025-06-11 01:00:00,88,2,6,0,0,0,0
2025-06-11 02:00:00,94,2,6,0,0,0,0
2025-06-11 03:00:00,98,2,6,0,0,0,0
2025-06-11 04:00:00,88,2,6,0,0,0,0
2025-06-11 05:00:00,99,2,6,0,0,0,0
2025-06-11 06:00:00,114,2,6,0,0,0,0
2025-06-11 07:00:00,122,2,6,0,0,0,0
2025-06-11 08:00:00,146,2,6,0,0,0,0
2025-06-11 09:00:00,151,2,6,0,0,0,0
2025-06-11 10:00:00,146,2,6,0,0,0,0
2025-06-11 11:00:00,149,2,6,0,0,0,0
2025-06-11 12:00:00,153,2,6,0,0,0,0
2025-06-11 13:00:00,143,2,6,0,0,0,0
2025-06-11 14:00:00,145,2,6,0,0,0,0
2025-06-11 15:00:00,126,2,6,0,0,0,0
2025-06-11 16:00:00,139,2,6,0,0,0,0
2025-06-11 17:00:00,132,2,6,0,0,0,0
2025-06-11 18:00:00,129,2,6,0,0,0,0
2025-06-11 19:00:00,124,2,6,0,0,0,0
2025-06-11 20:00:00,129,2,6,0,0,0,0
2025-06-11 21:00:00,112,2,6,0,0,0,0
2025-06-11 22:00:00,121,2,6,0,0,0,0
2025-06-11 23:00:00,124,2,6,0,0,0,0
2025-06-12 00:00:00,87,3,6,0,0,0,0
2025-06-12 01:00:00,91,3,6,0,0,0,0
2025-06-12 02:00:00,91,3,6,0,0,0,0
2025-06-12 03:00:00,101,3,6,0,0,0,0
2025-06-12 04:00:00,94,3,6,0,0,0,0
2025-06-12 05:00:00,86,3,6,0,0,0,0
2025-06-12 06:00:00,117,3,6,0,0,0,0
2025-06-12 07:00:00,115,3,6,0,0,0,0
2025-06-12 08:00:00,143,3,6,0,0,0,0
2025-06-12 09:00:00,155,3,6,0,0,0,0
2025-06-12 10:00:00,158,3,6,0,0,0,0
2025-06-12 11:00:00,153,3,6,0,0,0,0
2025-06-12 12:00:00,154,3,6,0,0,0,0
2025-06-12 13:00:00,138,3,6,0,0,0,0
2025-06-12 14:00:00,133,3,6,0,0,0,0
2025-06-12 15:00:00,138,3,6,0,0,0,0
2025-06-12 16:00:00,140,3,6,0,0,0,0
2025-06-12 17:00:00,131,3,6,0,0,0,0
2025-06-12 18:00:00,131,3,6,0,0,0,0
2025-06-12 19:00:00,127,3,6,0,0,0,0
2025-06-12 20:00:00,131,3,6,0,0,0,0
2025-06-12 21:00:00,115,3,6,0,0,0,0
2025-06-12 22:00:00,115,3,6,0,0,0,0
2025-06-12 23:00:00,118,3,6,0,0,0,0
2025-06-13 00:00:00,90,4,6,0,0,0,0
2025-06-13 01:00:00,78,4,6,0,0,0,0
2025-06-13 02:00:00,89,4,6,0,0,0,0
2025-06-13 03:00:00,83,4,6,0,0,0,0
2025-06-13 04:00:00,86,4,6,0,0,0,0
2025-06-13 05:00:00,84,4,6,0,0,0,0
2025-06-13 06:00:00,116,4,6,0,0,0,0
2025-06-13 07:00:00,110,4,6,0,0,0,0
2025-06-13 08:00:00,136,4,6,0,0,0,0
2025-06-13 09:00:00,150,4,6,0,0,0,0
2025-06-13 10:00:00,157,4,6,0,0,0,0
2025-06-13 11:00:00,151,4,6,0,0,0,0
2025-06-13 12:00:00,152,4,6,0,0,0,0
2025-06-13 13:00:00,136,4,6,0,0,0,0
2025-06-13 14:00:00,134,4,6,0,0,0,0
2025-06-13 15:00:00,138,4,6,0,0,0,0
2025-06-13 16:00:00,130,4,6,0,0,0,0
2025-06-13 17:00:00,121,4,6,0,0,0,0
2025-06-13 18:00:00,115,4,6,0,0,0,0
2025-06-13 19:00:00,125,4,6,0,0,0,0
2025-06-13 20:00:00,126,4,6,0,0,0,0
2025-06-13 21:00:00,111,4,6,0,0,0,0
2025-06-13 22:00:00,109,4,6,0,0,0,0
2025-06-13 23:00:00,113,4,6,0,0,0,0
2025-06-14 00:00:00,61,5,6,1,0,0,0
2025-06-14 01:00:00,60,5,6,1,0,0,0
2025-06-14 02:00:00,61,5,6,1,0,0,0
2025-06-14 03:00:00,60,5,6,1,0,0,0
2025-06-14 04:00:00,62,5,6,1,0,0,0
2025-06-14 05:00:00,62,5,6,1,0,0,0
2025-06-14 06:00:00,83,5,6,1,0,0,0
2025-06-14 07:00:00,74,5,6,1,0,0,0
2025-06-14 08:00:00,99,5,6,1,0,0,0
2025-06-14 09:00:00,108,5,6,1,0,0,0
2025-06-14 10:00:00,110,5,6,1,0,0,0
2025-06-14 11:00:00,115,5,6,1,0,0,0
2025-06-14 12:00:00,109,5,6,1,0,0,0
2025-06-14 13:00:00,108,5,6,1,0,0,0
2025-06-14 14:00:00,103,5,6,1,0,0,0
2025-06-14 15:00:00,98,5,6,1,0,0,0
2025-06-14 16:00:00,98,5,6,1,0,0,0
2025-06-14 17:00:00,88,5,6,1,0,0,0
2025-06-14 18:00:00,91,5,6,1,0,0,0
2025-06-14 19:00:00,94,5,6,1,0,0,0
2025-06-14 20:00:00,82,5,6,1,0,0,0
2025-06-14 21:00:00,79,5,6,1,0,0,0
2025-06-14 22:00:00,89,5,6,1,0,0,0
2025-06-14 23:00:00,86,5,6,1,0,0,0
2025-06-15 00:00:00,56,6,6,1,0,0,0
2025-06-15 01:00:00,62,6,6,1,0,0,0
2025-06-15 02:00:00,53,6,6,1,0,0,0
2025-06-15 03:00:00,59,6,6,1,0,0,0
2025-06-15 04:00:00,54,6,6,1,0,0,0
2025-06-15 05:00:00,61,6,6,1,0,0,0
2025-06-15 06:00:00,77,6,6,1,0,0,0
2025-06-15 07:00:00,78,6,6,1,0,0,0
2025-06-15 08:00:00,93,6,6,1,0,0,0
2025-06-15 09:00:00,103,6,6,1,0,0,0
2025-06-15 10:00:00,110,6,6,1,0,0,0
2025-06-15 11:00:00,105,6,6,1,0,0,0
2025-06-15 12:00:00,107,6,6,1,0,0,0
2025-06-15 13:00:00,98,6,6,1,0,0,0
2025-06-15 14:00:00,93,6,6,1,0,0,0
2025-06-15 15:00:00,88,6,6,1,0,0,0
2025-06-15 16:00:00,97,6,6,1,0,0,0
2025-06-15 17:00:00,87,6,6,1,0,0,0
2025-06-15 18:00:00,82,6,6,1,0,0,0
2025-06-15 19:00:00,82,6,6,1,0,0,0
2025-06-15 20:00:00,85,6,6,1,0,0,0
2025-06-15 21:00:00,79,6,6,1,0,0,0
2025-06-15 22:00:00,69,6,6,1,0,0,0
2025-06-15 23:00:00,78,6,6,1,0,0,0
2025-06-16 00:00:00,83,0,6,0,0,0,0
2025-06-16 01:00:00,78,0,6,0,0,0,0
2025-06-16 02:00:00,75,0,6,0,0,0,0
2025-06-16 03:00:00,80,0,6,0,0,0,0
2025-06-16 04:00:00,83,0,6,0,0,0,0
2025-06-16 05:00:00,70,0,6,0,0,0,0
2025-06-16 06:00:00,101,0,6,0,0,0,0
2025-06-16 07:00:00,101,0,6,0,0,0,0
2025-06-16 08:00:00,120,0,6,0,0,0,0
2025-06-16 09:00:00,132,0,6,0,0,0,0
2025-06-16 10:00:00,141,0,6,0,0,0,0
2025-06-16 11:00:00,138,0,6,0,0,0,0
2025-06-16 12:00:00,147,0,6,0,0,0,0
2025-06-16 13:00:00,127,0,6,0,0,0,0
2025-06-16 14:00:00,128,0,6,0,0,0,0
2025-06-16 15:00:00,124,0,6,0,0,0,0
2025-06-16 16:00:00,127,0,6,0,0,0,0
2025-06-16 17:00:00,120,0,6,0,0,0,0
2025-06-16 18:00:00,112,0,6,0,0,0,0
2025-06-16 19:00:00,115,0,6,0,0,0,0
2025-06-16 20:00:00,118,0,6,0,0,0,0
2025-06-16 21:00:00,106,0,6,0,0,0,0
2025-06-16 22:00:00,108,0,6,0,0,0,0
2025-06-16 23:00:00,108,0,6,0,0,0,0
2025-06-17 00:00:00,89,1,6,0,0,0,0
2025-06-17 01:00:00,79,1,6,0,0,0,0
2025-06-17 02:00:00,86,1,6,0,0,0,0
2025-06-17 03:00:00,82,1,6,0,0,0,0
2025-06-17 04:00:00,83,1,6,0,0,0,0
2025-06-17 05:00:00,91,1,6,0,0,0,0
2025-06-17 06:00:00,117,1,6,0,0,0,0
2025-06-17 07:00:00,103,1,6,0,0,0,0
2025-06-17 08:00:00,134,1,6,0,0,0,0
2025-06-17 09:00:00,147,1,6,0,0,0,0
2025-06-17 10:00:00,143,1,6,0,0,0,0
2025-06-17 11:00:00,149,1,6,0,0,0,0
2025-06-17 12:00:00,143,1,6,0,0,0,0
2025-06-17 13:00:00,132,1,6,0,0,0,0
2025-06-17 14:00:00,131,1,6,0,0,0,0
2025-06-17 15:00:00,130,1,6,0,0,0,0
2025-06-17 16:00:00,131,1,6,0,0,0,0
2025-06-17 17:00:00,123,1,6,0,0,0,0
2025-06-17 18:00:00,120,1,6,0,0,0,0
2025-06-17 19:00:00,121,1,6,0,0,0,0
2025-06-17 20:00:00,121,1,6,0,0,0,0
2025-06-17 21:00:00,106,1,6,0,0,0,0
2025-06-17 22:00:00,105,1,6,0,0,0,0
2025-06-17 23:00:00,107,1,6,0,0,0,0
2025-06-18 00:00:00,84,2,6,0,0,0,0
2025-06-18 01:00:00,93,2,6,0,0,0,0
2025-06-18 02:00:00,96,2,6,0,0,0,0
2025-06-18 03:00:00,88,2,6,0,0,0,0
2025-06-18 04:00:00,97,2,6,0,0,0,0
2025-06-18 05:00:00,92,2,6,0,0,0,0
2025-06-18 06:00:00,118,2,6,0,0,0,0
2025-06-18 07:00:00,105,2,6,0,0,0,0
2025-06-18 08:00:00,139,2,6,0,0,0,0
2025-06-18 09:00:00,153,2,6,0,0,0,0
2025-06-18 10:00:00,151,2,6,0,0,0,0
2025-06-18 11:00:00,161,2,6,0,0,0,0
2025-06-18 12:00:00,154,2,6,0,0,0,0
2025-06-18 13:00:00,139,2,6,0,0,0,0
2025-06-18 14:00:00,138,2,6,0,0,0,0
2025-06-18 15:00:00,132,2,6,0,0,0,0
2025-06-18 16:00:00,135,2,6,0,0,0,0
2025-06-18 17:00:00,132,2,6,0,0,0,0
2025-06-18 18:00:00,124,2,6,0,0,0,0
2025-06-18 19:00:00,125,2,6,0,0,0,0
2025-06-18 20:00:00,129,2,6,0,0,0,0
2025-06-18 21:00:00,106,2,6,0,0,0,0
2025-06-18 22:00:00,117,2,6,0,0,0,0
2025-06-18 23:00:00,111,2,6,0,0,0,0
2025-06-19 00:00:00,93,3,6,0,0,0,0
2025-06-19 01:00:00,91,3,6,0,0,0,0
2025-06-19 02:00:00,84,3,6,0,0,0,0
2025-06-19 03:00:00,84,3,6,0,0,0,0
2025-06-19 04:00:00,87,3,6,0,0,0,0
2025-06-19 05:00:00,90,3,6,0,0,0,0
2025-06-19 06:00:00,113,3,6,0,0,0,0
2025-06-19 07:00:00,116,3,6,0,0,0,0
2025-06-19 08:00:00,139,3,6,0,0,0,0
2025-06-19 09:00:00,153,3,6,0,0,0,0
2025-06-19 10:00:00,149,3,6,0,0,0,0
2025-06-19 11:00:00,151,3,6,0,0,0,0
2025-06-19 12:00:00,161,3,6,0,0,0,0
2025-06-19 13:00:00,138,3,6,0,0,0,0
2025-06-19 14:00:00,142,3,6,0,0,0,0
2025-06-19 15:00:00,139,3,6,0,0,0,0
2025-06-19 16:00:00,145,3,6,0,0,0,0
2025-06-19 17:00:00,132,3,6,0,0,0,0
2025-06-19 18:00:00,128,3,6,0,0,0,0
2025-06-19 19:00:00,125,3,6,0,0,0,0
2025-06-19 20:00:00,134,3,6,0,0,0,0
2025-06-19 21:00:00,118,3,6,0,0,0,0
2025-06-19 22:00:00,109,3,6,0,0,0,0
2025-06-19 23:00:00,110,3,6,0,0,0,0
2025-06-20 00:00:00,84,4,6,0,0,0,0
2025-06-20 01:00:00,82,4,6,0,0,0,0
2025-06-20 02:00:00,89,4,6,0,0,0,0
2025-06-20 03:00:00,89,4,6,0,0,0,0
2025-06-20 04:00:00,85,4,6,0,0,0,0
2025-06-20 05:00:00,82,4,6,0,0,0,0
2025-06-20 06:00:00,112,4,6,0,0,0,0
2025-06-20 07:00:00,109,4,6,0,0,0,0
2025-06-20 08:00:00,135,4,6,0,0,0,0
2025-06-20 09:00:00,148,4,6,0,0,0,0
2025-06-20 10:00:00,149,4,6,0,0,0,0
2025-06-20 11:00:00,151,4,6,0,0,0,0
2025-06-20 12:00:00,147,4,6,0,0,0,0
2025-06-20 13:00:00,133,4,6,0,0,0,0
2025-06-20 14:00:00,138,4,6,0,0,0,0
2025-06-20 15:00:00,139,4,6,0,0,0,0
2025-06-20 16:00:00,138,4,6,0,0,0,0
2025-06-20 17:00:00,120,4,6,0,0,0,0
2025-06-20 18:00:00,124,4,6,0,0,0,0
2025-06-20 19:00:00,118,4,6,0,0,0,0
2025-06-20 20:00:00,114,4,6,0,0,0,0
2025-06-20 21:00:00,110,4,6,0,0,0,0
2025-06-20 22:00:00,111,4,6,0,0,0,0
2025-06-20 23:00:00,112,4,6,0,0,0,0
2025-06-21 00:00:00,56,5,6,1,0,0,0
2025-06-21 01:00:00,59,5,6,1,0,0,0
2025-06-21 02:00:00,62,5,6,1,0,0,0
2025-06-21 03:00:00,60,5,6,1,0,0,0
2025-06-21 04:00:00,64,5,6,1,0,0,0
2025-06-21 05:00:00,59,5,6,1,0,0,0
2025-06-21 06:00:00,77,5,6,1,0,0,0
2025-06-21 07:00:00,74,5,6,1,0,0,0
2025-06-21 08:00:00,97,5,6,1,0,0,0
2025-06-21 09:00:00,107,5,6,1,0,0,0
2025-06-21 10:00:00,112,5,6,1,0,0,0
2025-06-21 11:00:00,112,5,6,1,0,0,0
2025-06-21 12:00:00,108,5,6,1,0,0,0
2025-06-21 13:00:00,99,5,6,1,0,0,0
2025-06-21 14:00:00,98,5,6,1,0,0,0
2025-06-21 15:00:00,99,5,6,1,0,0,0
2025-06-21 16:00:00,95,5,6,1,0,0,0
2025-06-21 17:00:00,86,5,6,1,0,0,0
2025-06-21 18:00:00,84,5,6,1,0,0,0
2025-06-21 19:00:00,89,5,6,1,0,0,0
2025-06-21 20:00:00,87,5,6,1,0,0,0
2025-06-21 21:00:00,85,5,6,1,0,0,0
2025-06-21 22:00:00,82,5,6,1,0,0,0
2025-06-21 23:00:00,84,5,6,1,0,0,0
2025-06-22 00:00:00,50,6,6,1,0,0,0
2025-06-22 01:00:00,54,6,6,1,0,0,0
2025-06-22 02:00:00,57,6,6,1,0,0,0
2025-06-22 03:00:00,57,6,6,1,0,0,0
2025-06-22 04:00:00,53,6,6,1,0,0,0
2025-06-22 05:00:00,54,6,6,1,0,0,0
2025-06-22 06:00:00,79,6,6,1,0,0,0
2025-06-22 07:00:00,68,6,6,1,0,0,0
2025-06-22 08:00:00,88,6,6,1,0,0,0
2025-06-22 09:00:00,96,6,6,1,0,0,0
2025-06-22 10:00:00,105,6,6,1,0,0,0
2025-06-22 11:00:00,112,6,6,1,0,0,0
2025-06-22 12:00:00,109,6,6,1,0,0,0
2025-06-22 13:00:00,95,6,6,1,0,0,0
2025-06-22 14:00:00,94,6,6,1,0,0,0
2025-06-22 15:00:00,91,6,6,1,0,0,0
2025-06-22 16:00:00,97,6,6,1,0,0,0
2025-06-22 17:00:00,93,6,6,1,0,0,0
2025-06-22 18:00:00,88,6,6,1,0,0,0
2025-06-22 19:00:00,90,6,6,1,0,0,0
2025-06-22 20:00:00,88,6,6,1,0,0,0
2025-06-22 21:00:00,79,6,6,1,0,0,0
2025-06-22 22:00:00,76,6,6,1,0,0,0
2025-06-22 23:00:00,81,6,6,1,0,0,0
2025-06-23 00:00:00,70,0,6,0,0,0,0
2025-06-23 01:00:00,82,0,6,0,0,0,0
2025-06-23 02:00:00,69,0,6,0,0,0,0
2025-06-23 03:00:00,77,0,6,0,0,0,0
2025-06-23 04:00:00,81,0,6,0,0,0,0
2025-06-23 05:00:00,75,0,6,0,0,0,0
2025-06-23 06:00:00,103,0,6,0,0,0,0
2025-06-23 07:00:00,97,0,6,0,0,0,0
2025-06-23 08:00:00,119,0,6,0,0,0,0
2025-06-23 09:00:00,131,0,6,0,0,0,0
2025-06-23 10:00:00,140,0,6,0,0,0,0
2025-06-23 11:00:00,138,0,6,0,0,0,0
2025-06-23 12:00:00,146,0,6,0,0,0,0
2025-06-23 13:00:00,131,0,6,0,0,0,0
2025-06-23 14:00:00,121,0,6,0,0,0,0
2025-06-23 15:00:00,127,0,6,0,0,0,0
2025-06-23 16:00:00,126,0,6,0,0,0,0
2025-06-23 17:00:00,113,0,6,0,0,0,0
2025-06-23 18:00:00,119,0,6,0,0,0,0
2025-06-23 19:00:00,116,0,6,0,0,0,0
2025-06-23 20:00:00,116,0,6,0,0,0,0
2025-06-23 21:00:00,105,0,6,0,0,0,0
2025-06-23 22:00:00,101,0,6,0,0,0,0
2025-06-23 23:00:00,105,0,6,0,0,0,0
2025-06-24 00:00:00,79,1,6,0,0,0,0
2025-06-24 01:00:00,94,1,6,0,0,0,0
2025-06-24 02:00:00,81,1,6,0,0,0,0
2025-06-24 03:00:00,84,1,6,0,0,0,0
2025-06-24 04:00:00,86,1,6,0,0,0,0
2025-06-24 05:00:00,78,1,6,0,0,0,0
2025-06-24 06:00:00,104,1,6,0,0,0,0
2025-06-24 07:00:00,109,1,6,0,0,0,0
2025-06-24 08:00:00,131,1,6,0,0,0,0
2025-06-24 09:00:00,144,1,6,0,0,0,0
2025-06-24 10:00:00,151,1,6,0,0,0,0
2025-06-24 11:00:00,146,1,6,0,0,0,0
2025-06-24 12:00:00,145,1,6,0,0,0,0
2025-06-24 13:00:00,130,1,6,0,0,0,0
2025-06-24 14:00:00,131,1,6,0,0,0,0
2025-06-24 15:00:00,125,1,6,0,0,0,0
2025-06-24 16:00:00,129,1,6,0,0,0,0
2025-06-24 17:00:00,114,1,6,0,0,0,0
2025-06-24 18:00:00,119,1,6,0,0,0,0
2025-06-24 19:00:00,119,1,6,0,0,0,0
2025-06-24 20:00:00,121,1,6,0,0,0,0
2025-06-24 21:00:00,110,1,6,0,0,0,0
2025-06-24 22:00:00,113,1,6,0,0,0,0
2025-06-24 23:00:00,105,1,6,0,0,0,0
2025-06-25 00:00:00,88,2,6,0,0,0,0
2025-06-25 01:00:00,84,2,6,0,0,0,0
2025-06-25 02:00:00,93,2,6,0,0,0,0
2025-06-25 03:00:00,81,2,6,0,0,0,0
2025-06-25 04:00:00,91,2,6,0,0,0,0
2025-06-25 05:00:00,84,2,6,0,0,0,0
2025-06-25 06:00:00,108,2,6,0,0,0,0
2025-06-25 07:00:00,110,2,6,0,0,0,0
2025-06-25 08:00:00,135,2,6,0,0,0,0
2025-06-25 09:00:00,148,2,6,0,0,0,0
2025-06-25 10:00:00,150,2,6,0,0,0,0
2025-06-25 11:00:00,147,2,6,0,0,0,0
2025-06-25 12:00:00,149,2,6,0,0,0,0
2025-06-25 13:00:00,131,2,6,0,0,0,0
2025-06-25 14:00:00,136,2,6,0,0,0,0
2025-06-25 15:00:00,145,2,6,0,0,0,0
2025-06-25 16:00:00,142,2,6,0,0,0,0
2025-06-25 17:00:00,130,2,6,0,0,0,0
2025-06-25 18:00:00,134,2,6,0,0,0,0
2025-06-25 19:00:00,127,2,6,0,0,0,0
2025-06-25 20:00:00,126,2,6,0,0,0,0
2025-06-25 21:00:00,113,2,6,0,0,0,0
2025-06-25 22:00:00,113,2,6,0,0,0,0
2025-06-25 23:00:00,112,2,6,0,0,0,0
2025-06-26 00:00:00,91,3,6,0,0,0,0
2025-06-26 01:00:00,88,3,6,0,0,0,0
2025-06-26 02:00:00,92,3,6,0,0,0,0
2025-06-26 03:00:00,86,3,6,0,0,0,0
2025-06-26 04:00:00,90,3,6,0,0,0,0
2025-06-26 05:00:00,94,3,6,0,0,0,0
2025-06-26 06:00:00,118,3,6,0,0,0,0
2025-06-26 07:00:00,115,3,6,0,0,0,0
2025-06-26 08:00:00,142,3,6,0,0,0,0
2025-06-26 09:00:00,155,3,6,0,0,0,0
2025-06-26 10:00:00,162,3,6,0,0,0,0
2025-06-26 11:00:00,159,3,6,0,0,0,0
2025-06-26 12:00:00,157,3,6,0,0,0,0
2025-06-26 13:00:00,147,3,6,0,0,0,0
2025-06-26 14:00:00,147,3,6,0,0,0,0
2025-06-26 15:00:00,140,3,6,0,0,0,0
2025-06-26 16:00:00,136,3,6,0,0,0,0
2025-06-26 17:00:00,126,3,6,0,0,0,0
2025-06-26 18:00:00,122,3,6,0,0,0,0
2025-06-26 19:00:00,134,3,6,0,0,0,0
2025-06-26 20:00:00,126,3,6,0,0,0,0
2025-06-26 21:00:00,118,3,6,0,0,0,0
2025-06-26 22:00:00,119,3,6,0,0,0,0
2025-06-26 23:00:00,114,3,6,0,0,0,0
2025-06-27 00:00:00,80,4,6,0,0,0,0
2025-06-27 01:00:00,79,4,6,0,0,0,0
2025-06-27 02:00:00,86,4,6,0,0,0,0
2025-06-27 03:00:00,89,4,6,0,0,0,0
2025-06-27 04:00:00,77,4,6,0,0,0,0
2025-06-27 05:00:00,89,4,6,0,0,0,0
2025-06-27 06:00:00,109,4,6,0,0,0,0
2025-06-27 07:00:00,109,4,6,0,0,0,0
2025-06-27 08:00:00,134,4,6,0,0,0,0
2025-06-27 09:00:00,147,4,6,0,0,0,0
2025-06-27 10:00:00,150,4,6,0,0,0,0
2025-06-27 11:00:00,154,4,6,0,0,0,0
2025-06-27 12:00:00,148,4,6,0,0,0,0
2025-06-27 13:00:00,130,4,6,0,0,0,0
2025-06-27 14:00:00,131,4,6,0,0,0,0
2025-06-27 15:00:00,136,4,6,0,0,0,0
2025-06-27 16:00:00,134,4,6,0,0,0,0
2025-06-27 17:00:00,124,4,6,0,0,0,0
2025-06-27 18:00:00,126,4,6,0,0,0,0
2025-06-27 19:00:00,127,4,6,0,0,0,0
2025-06-27 20:00:00,123,4,6,0,0,0,0
2025-06-27 21:00:00,116,4,6,0,0,0,0
2025-06-27 22:00:00,114,4,6,0,0,0,0
2025-06-27 23:00:00,107,4,6,0,0,0,0
2025-06-28 00:00:00,64,5,6,1,0,0,0
2025-06-28 01:00:00,61,5,6,1,0,0,0
2025-06-28 02:00:00,60,5,6,1,0,0,0
2025-06-28 03:00:00,57,5,6,1,0,0,0
2025-06-28 04:00:00,59,5,6,1,0,0,0
2025-06-28 05:00:00,64,5,6,1,0,0,0
2025-06-28 06:00:00,82,5,6,1,0,0,0
2025-06-28 07:00:00,84,5,6,1,0,0,0
2025-06-28 08:00:00,103,5,6,1,0,0,0
2025-06-28 09:00:00,108,5,6,1,0,0,0
2025-06-28 10:00:00,113,5,6,1,0,0,0
2025-06-28 11:00:00,107,5,6,1,0,0,0
2025-06-28 12:00:00,118,5,6,1,0,0,0
2025-06-28 13:00:00,97,5,6,1,0,0,0
2025-06-28 14:00:00,89,5,6,1,0,0,0
2025-06-28 15:00:00,98,5,6,1,0,0,0
2025-06-28 16:00:00,97,5,6,1,0,0,0
2025-06-28 17:00:00,99,5,6,1,0,0,0
2025-06-28 18:00:00,89,5,6,1,0,0,0
2025-06-28 19:00:00,86,5,6,1,0,0,0
2025-06-28 20:00:00,95,5,6,1,0,0,0
2025-06-28 21:00:00,76,5,6,1,0,0,0
2025-06-28 22:00:00,82,5,6,1,0,0,0
2025-06-28 23:00:00,80,5,6,1,0,0,0
2025-06-29 00:00:00,59,6,6,1,0,0,0
2025-06-29 01:00:00,60,6,6,1,0,0,0
2025-06-29 02:00:00,61,6,6,1,0,0,0
2025-06-29 03:00:00,53,6,6,1,0,0,0
2025-06-29 04:00:00,49,6,6,1,0,0,0
2025-06-29 05:00:00,55,6,6,1,0,0,0
2025-06-29 06:00:00,72,6,6,1,0,0,0
2025-06-29 07:00:00,74,6,6,1,0,0,0
2025-06-29 08:00:00,89,6,6,1,0,0,0
2025-06-29 09:00:00,97,6,6,1,0,0,0
2025-06-29 10:00:00,107,6,6,1,0,0,0
2025-06-29 11:00:00,101,6,6,1,0,0,0
2025-06-29 12:00:00,101,6,6,1,0,0,0
2025-06-29 13:00:00,90,6,6,1,0,0,0
2025-06-29 14:00:00,97,6,6,1,0,0,0
2025-06-29 15:00:00,97,6,6,1,0,0,0
2025-06-29 16:00:00,88,6,6,1,0,0,0
2025-06-29 17:00:00,89,6,6,1,0,0,0
2025-06-29 18:00:00,89,6,6,1,0,0,0
2025-06-29 19:00:00,88,6,6,1,0,0,0
2025-06-29 20:00:00,82,6,6,1,0,0,0
2025-06-29 21:00:00,82,6,6,1,0,0,0
2025-06-29 22:00:00,74,6,6,1,0,0,0
2025-06-29 23:00:00,72,6,6,1,0,0,0
2025-06-30 00:00:00,77,0,6,0,0,0,0
2025-06-30 01:00:00,71,0,6,0,0,0,0
2025-06-30 02:00:00,80,0,6,0,0,0,0
2025-06-30 03:00:00,77,0,6,0,0,0,0
2025-06-30 04:00:00,77,0,6,0,0,0,0
2025-06-30 05:00:00,77,0,6,0,0,0,0
2025-06-30 06:00:00,99,0,6,0,0,0,0
2025-06-30 07:00:00,101,0,6,0,0,0,0
2025-06-30 08:00:00,120,0,6,0,0,0,0
2025-06-30 09:00:00,132,0,6,0,0,0,0
2025-06-30 10:00:00,141,0,6,0,0,0,0
2025-06-30 11:00:00,141,0,6,0,0,0,0
2025-06-30 12:00:00,133,0,6,0,0,0,0
2025-06-30 13:00:00,123,0,6,0,0,0,0
2025-06-30 14:00:00,120,0,6,0,0,0,0
2025-06-30 15:00:00,119,0,6,0,0,0,0
2025-06-30 16:00:00,131,0,6,0,0,0,0
2025-06-30 17:00:00,109,0,6,0,0,0,0
2025-06-30 18:00:00,117,0,6,0,0,0,0
2025-06-30 19:00:00,115,0,6,0,0,0,0
2025-06-30 20:00:00,113,0,6,0,0,0,0
2025-06-30 21:00:00,105,0,6,0,0,0,0
2025-06-30 22:00:00,98,0,6,0,0,0,0
2025-06-30 23:00:00,106,0,6,0,0,0,0
2025-07-01 00:00:00,84,1,7,0,0,0,0
2025-07-01 01:00:00,78,1,7,0,0,0,0
2025-07-01 02:00:00,82,1,7,0,0,0,0
2025-07-01 03:00:00,86,1,7,0,0,0,0
2025-07-01 04:00:00,88,1,7,0,0,0,0
2025-07-01 05:00:00,84,1,7,0,0,0,0
2025-07-01 06:00:00,105,1,7,0,0,0,0
2025-07-01 07:00:00,113,1,7,0,0,0,0
2025-07-01 08:00:00,134,1,7,0,0,0,0
2025-07-01 09:00:00,142,1,7,0,0,0,0
2025-07-01 10:00:00,147,1,7,0,0,0,0
2025-07-01 11:00:00,150,1,7,0,0,0,0
2025-07-01 12:00:00,150,1,7,0,0,0,0
2025-07-01 13:00:00,127,1,7,0,0,0,0
2025-07-01 14:00:00,138,1,7,0,0,0,0
2025-07-01 15:00:00,132,1,7,0,0,0,0
2025-07-01 16:00:00,131,1,7,0,0,0,0
2025-07-01 17:00:00,116,1,7,0,0,0,0
2025-07-01 18:00:00,118,1,7,0,0,0,0
2025-07-01 19:00:00,115,1,7,0,0,0,0
2025-07-01 20:00:00,129,1,7,0,0,0,0
2025-07-01 21:00:00,112,1,7,0,0,0,0
2025-07-01 22:00:00,105,1,7,0,0,0,0
2025-07-01 23:00:00,112,1,7,0,0,0,0
2025-07-02 00:00:00,87,2,7,0,0,0,0
2025-07-02 01:00:00,81,2,7,0,0,0,0
2025-07-02 02:00:00,85,2,7,0,0,0,0
2025-07-02 03:00:00,80,2,7,0,0,0,0
2025-07-02 04:00:00,89,2,7,0,0,0,0
2025-07-02 05:00:00,81,2,7,0,0,0,0
2025-07-02 06:00:00,110,2,7,0,0,0,0
2025-07-02 07:00:00,114,2,7,0,0,0,0
2025-07-02 08:00:00,134,2,7,0,0,0,0
2025-07-02 09:00:00,147,2,7,0,0,0,0
2025-07-02 10:00:00,153,2,7,0,0,0,0
2025-07-02 11:00:00,152,2,7,0,0,0,0
2025-07-02 12:00:00,153,2,7,0,0,0,0
2025-07-02 13:00:00,138,2,7,0,0,0,0
2025-07-02 14:00:00,138,2,7,0,0,0,0
2025-07-02 15:00:00,137,2,7,0,0,0,0
2025-07-02 16:00:00,131,2,7,0,0,0,0
2025-07-02 17:00:00,129,2,7,0,0,0,0
2025-07-02 18:00:00,120,2,7,0,0,0,0
2025-07-02 19:00:00,126,2,7,0,0,0,0
2025-07-02 20:00:00,121,2,7,0,0,0,0
2025-07-02 21:00:00,111,2,7,0,0,0,0
2025-07-02 22:00:00,107,2,7,0,0,0,0
2025-07-02 23:00:00,118,2,7,0,0,0,0
2025-07-03 00:00:00,83,3,7,0,0,0,0
2025-07-03 01:00:00,88,3,7,0,0,0,0
2025-07-03 02:00:00,94,3,7,0,0,0,0
2025-07-03 03:00:00,82,3,7,0,0,0,0
2025-07-03 04:00:00,88,3,7,0,0,0,0
2025-07-03 05:00:00,88,3,7,0,0,0,0
2025-07-03 06:00:00,110,3,7,0,0,0,0
2025-07-03 07:00:00,116,3,7,0,0,0,0
2025-07-03 08:00:00,138,3,7,0,0,0,0
2025-07-03 09:00:00,151,3,7,0,0,0,0
2025-07-03 10:00:00,153,3,7,0,0,0,0
2025-07-03 11:00:00,156,3,7,0,0,0,0
2025-07-03 12:00:00,162,3,7,0,0,0,0
2025-07-03 13:00:00,134,3,7,0,0,0,0
2025-07-03 14:00:00,142,3,7,0,0,0,0
2025-07-03 15:00:00,138,3,7,0,0,0,0
2025-07-03 16:00:00,140,3,7,0,0,0,0
2025-07-03 17:00:00,129,3,7,0,0,0,0
2025-07-03 18:00:00,134,3,7,0,0,0,0
2025-07-03 19:00:00,134,3,7,0,0,0,0
2025-07-03 20:00:00,131,3,7,0,0,0,0
2025-07-03 21:00:00,107,3,7,0,0,0,0
2025-07-03 22:00:00,117,3,7,0,0,0,0
2025-07-03 23:00:00,119,3,7,0,0,0,0
2025-07-04 00:00:00,87,4,7,0,0,0,0
2025-07-04 01:00:00,82,4,7,0,0,0,0
2025-07-04 02:00:00,74,4,7,0,0,0,0
2025-07-04 03:00:00,88,4,7,0,0,0,0
2025-07-04 04:00:00,82,4,7,0,0,0,0
2025-07-04 05:00:00,87,4,7,0,0,0,0
2025-07-04 06:00:00,113,4,7,0,0,0,0
2025-07-04 07:00:00,112,4,7,0,0,0,0
2025-07-04 08:00:00,136,4,7,0,0,0,0
2025-07-04 09:00:00,150,4,7,0,0,0,0
2025-07-04 10:00:00,150,4,7,0,0,0,0
2025-07-04 11:00:00,147,4,7,0,0,0,0
2025-07-04 12:00:00,146,4,7,0,0,0,0
2025-07-04 13:00:00,145,4,7,0,0,0,0
2025-07-04 14:00:00,137,4,7,0,0,0,0
2025-07-04 15:00:00,131,4,7,0,0,0,0
2025-07-04 16:00:00,144,4,7,0,0,0,0
2025-07-04 17:00:00,124,4,7,0,0,0,0
2025-07-04 18:00:00,124,4,7,0,0,0,0
2025-07-04 19:00:00,120,4,7,0,0,0,0
2025-07-04 20:00:00,127,4,7,0,0,0,0
2025-07-04 21:00:00,110,4,7,0,0,0,0
2025-07-04 22:00:00,117,4,7,0,0,0,0
2025-07-04 23:00:00,114,4,7,0,0,0,0
2025-07-05 00:00:00,62,5,7,1,0,0,0
2025-07-05 01:00:00,59,5,7,1,0,0,0
2025-07-05 02:00:00,57,5,7,1,0,0,0
2025-07-05 03:00:00,62,5,7,1,0,0,0
2025-07-05 04:00:00,56,5,7,1,0,0,0
2025-07-05 05:00:00,54,5,7,1,0,0,0
2025-07-05 06:00:00,84,5,7,1,0,0,0
2025-07-05 07:00:00,84,5,7,1,0,0,0
2025-07-05 08:00:00,101,5,7,1,0,0,0
2025-07-05 09:00:00,104,5,7,1,0,0,0
2025-07-05 10:00:00,106,5,7,1,0,0,0
2025-07-05 11:00:00,108,5,7,1,0,0,0
2025-07-05 12:00:00,104,5,7,1,0,0,0
2025-07-05 13:00:00,100,5,7,1,0,0,0
2025-07-05 14:00:00,101,5,7,1,0,0,0
2025-07-05 15:00:00,96,5,7,1,0,0,0
2025-07-05 16:00:00,93,5,7,1,0,0,0
2025-07-05 17:00:00,97,5,7,1,0,0,0
2025-07-05 18:00:00,91,5,7,1,0,0,0
2025-07-05 19:00:00,93,5,7,1,0,0,0
2025-07-05 20:00:00,96,5,7,1,0,0,0
2025-07-05 21:00:00,81,5,7,1,0,0,0
2025-07-05 22:00:00,82,5,7,1,0,0,0
2025-07-05 23:00:00,78,5,7,1,0,0,0
2025-07-06 00:00:00,57,6,7,1,0,0,0
2025-07-06 01:00:00,51,6,7,1,0,0,0
2025-07-06 02:00:00,51,6,7,1,0,0,0
2025-07-06 03:00:00,55,6,7,1,0,0,0
2025-07-06 04:00:00,65,6,7,1,0,0,0
2025-07-06 05:00:00,61,6,7,1,0,0,0
2025-07-06 06:00:00,79,6,7,1,0,0,0
2025-07-06 07:00:00,83,6,7,1,0,0,0
2025-07-06 08:00:00,97,6,7,1,0,0,0
2025-07-06 09:00:00,107,6,7,1,0,0,0
2025-07-06 10:00:00,104,6,7,1,0,0,0
2025-07-06 11:00:00,112,6,7,1,0,0,0
2025-07-06 12:00:00,107,6,7,1,0,0,0
2025-07-06 13:00:00,97,6,7,1,0,0,0
2025-07-06 14:00:00,94,6,7,1,0,0,0
2025-07-06 15:00:00,92,6,7,1,0,0,0
2025-07-06 16:00:00,92,6,7,1,0,0,0
2025-07-06 17:00:00,86,6,7,1,0,0,0
2025-07-06 18:00:00,83,6,7,1,0,0,0
2025-07-06 19:00:00,80,6,7,1,0,0,0
2025-07-06 20:00:00,84,6,7,1,0,0,0
2025-07-06 21:00:00,70,6,7,1,0,0,0
2025-07-06 22:00:00,77,6,7,1,0,0,0
2025-07-06 23:00:00,79,6,7,1,0,0,0
2025-07-07 00:00:00,80,0,7,0,0,0,0
2025-07-07 01:00:00,74,0,7,0,0,0,0
2025-07-07 02:00:00,72,0,7,0,0,0,0
2025-07-07 03:00:00,83,0,7,0,0,0,0
2025-07-07 04:00:00,72,0,7,0,0,0,0
2025-07-07 05:00:00,74,0,7,0,0,0,0
2025-07-07 06:00:00,101,0,7,0,0,0,0
2025-07-07 07:00:00,99,0,7,0,0,0,0
2025-07-07 08:00:00,117,0,7,0,0,0,0
2025-07-07 09:00:00,130,0,7,0,0,0,0
2025-07-07 10:00:00,137,0,7,0,0,0,0
2025-07-07 11:00:00,139,0,7,0,0,0,0
2025-07-07 12:00:00,143,0,7,0,0,0,0
2025-07-07 13:00:00,130,0,7,0,0,0,0
2025-07-07 14:00:00,129,0,7,0,0,0,0
2025-07-07 15:00:00,123,0,7,0,0,0,0
2025-07-07 16:00:00,133,0,7,0,0,0,0
2025-07-07 17:00:00,119,0,7,0,0,0,0
2025-07-07 18:00:00,113,0,7,0,0,0,0
2025-07-07 19:00:00,115,0,7,0,0,0,0
2025-07-07 20:00:00,115,0,7,0,0,0,0
2025-07-07 21:00:00,108,0,7,0,0,0,0
2025-07-07 22:00:00,103,0,7,0,0,0,0
2025-07-07 23:00:00,103,0,7,0,0,0,0
2025-07-08 00:00:00,82,1,7,0,0,0,0
2025-07-08 01:00:00,83,1,7,0,0,0,0
2025-07-08 02:00:00,81,1,7,0,0,0,0
2025-07-08 03:00:00,87,1,7,0,0,0,0
2025-07-08 04:00:00,86,1,7,0,0,0,0
2025-07-08 05:00:00,86,1,7,0,0,0,0
2025-07-08 06:00:00,103,1,7,0,0,0,0
2025-07-08 07:00:00,108,1,7,0,0,0,0
2025-07-08 08:00:00,131,1,7,0,0,0,0
2025-07-08 09:00:00,144,1,7,0,0,0,0
2025-07-08 10:00:00,151,1,7,0,0,0,0
2025-07-08 11:00:00,148,1,7,0,0,0,0
2025-07-08 12:00:00,143,1,7,0,0,0,0
2025-07-08 13:00:00,130,1,7,0,0,0,0
2025-07-08 14:00:00,131,1,7,0,0,0,0
2025-07-08 15:00:00,132,1,7,0,0,0,0
2025-07-08 16:00:00,133,1,7,0,0,0,0
2025-07-08 17:00:00,114,1,7,0,0,0,0
2025-07-08 18:00:00,114,1,7,0,0,0,0
2025-07-08 19:00:00,122,1,7,0,0,0,0
2025-07-08 20:00:00,130,1,7,0,0,0,0
2025-07-08 21:00:00,103,1,7,0,0,0,0
2025-07-08 22:00:00,106,1,7,0,0,0,0
2025-07-08 23:00:00,107,1,7,0,0,0,0
2025-07-09 00:00:00,79,2,7,0,0,0,0
2025-07-09 01:00:00,90,2,7,0,0,0,0
2025-07-09 02:00:00,82,2,7,0,0,0,0
2025-07-09 03:00:00,91,2,7,0,0,0,0
2025-07-09 04:00:00,87,2,7,0,0,0,0
2025-07-09 05:00:00,89,2,7,0,0,0,0
2025-07-09 06:00:00,113,2,7,0,0,0,0
2025-07-09 07:00:00,114,2,7,0,0,0,0
2025-07-09 08:00:00,138,2,7,0,0,0,0
2025-07-09 09:00:00,151,2,7,0,0,0,0
2025-07-09 10:00:00,154,2,7,0,0,0,0
2025-07-09 11:00:00,157,2,7,0,0,0,0
2025-07-09 12:00:00,144,2,7,0,0,0,0
2025-07-09 13:00:00,137,2,7,0,0,0,0
2025-07-09 14:00:00,134,2,7,0,0,0,0
2025-07-09 15:00:00,130,2,7,0,0,0,0
2025-07-09 16:00:00,143,2,7,0,0,0,0
2025-07-09 17:00:00,126,2,7,0,0,0,0
2025-07-09 18:00:00,122,2,7,0,0,0,0
2025-07-09 19:00:00,120,2,7,0,0,0,0
2025-07-09 20:00:00,128,2,7,0,0,0,0
2025-07-09 21:00:00,111,2,7,0,0,0,0
2025-07-09 22:00:00,109,2,7,0,0,0,0
2025-07-09 23:00:00,110,2,7,0,0,0,0
2025-07-10 00:00:00,86,3,7,0,0,0,0
2025-07-10 01:00:00,89,3,7,0,0,0,0
2025-07-10 02:00:00,90,3,7,0,0,0,0
2025-07-10 03:00:00,86,3,7,0,0,0,0
2025-07-10 04:00:00,85,3,7,0,0,0,0
2025-07-10 05:00:00,82,3,7,0,0,0,0
2025-07-10 06:00:00,107,3,7,0,0,0,0
2025-07-10 07:00:00,114,3,7,0,0,0,0
2025-07-10 08:00:00,135,3,7,0,0,0,0
2025-07-10 09:00:00,148,3,7,0,0,0,0
2025-07-10 10:00:00,152,3,7,0,0,0,0
2025-07-10 11:00:00,153,3,7,0,0,0,0
2025-07-10 12:00:00,157,3,7,0,0,0,0
2025-07-10 13:00:00,142,3,7,0,0,0,0
2025-07-10 14:00:00,137,3,7,0,0,0,0
2025-07-10 15:00:00,134,3,7,0,0,0,0
2025-07-10 16:00:00,133,3,7,0,0,0,0
2025-07-10 17:00:00,123,3,7,0,0,0,0
2025-07-10 18:00:00,127,3,7,0,0,0,0
2025-07-10 19:00:00,121,3,7,0,0,0,0
2025-07-10 20:00:00,124,3,7,0,0,0,0
2025-07-10 21:00:00,120,3,7,0,0,0,0
2025-07-10 22:00:00,101,3,7,0,0,0,0
2025-07-10 23:00:00,114,3,7,0,0,0,0
2025-07-11 00:00:00,89,4,7,0,0,0,0
2025-07-11 01:00:00,81,4,7,0,0,0,0
2025-07-11 02:00:00,85,4,7,0,0,0,0
2025-07-11 03:00:00,90,4,7,0,0,0,0
2025-07-11 04:00:00,87,4,7,0,0,0,0
2025-07-11 05:00:00,82,4,7,0,0,0,0
2025-07-11 06:00:00,111,4,7,0,0,0,0
2025-07-11 07:00:00,106,4,7,0,0,0,0
2025-07-11 08:00:00,134,4,7,0,0,0,0
2025-07-11 09:00:00,147,4,7,0,0,0,0
2025-07-11 10:00:00,150,4,7,0,0,0,0
2025-07-11 11:00:00,145,4,7,0,0,0,0
2025-07-11 12:00:00,155,4,7,0,0,0,0
2025-07-11 13:00:00,135,4,7,0,0,0,0
2025-07-11 14:00:00,139,4,7,0,0,0,0
2025-07-11 15:00:00,135,4,7,0,0,0,0
2025-07-11 16:00:00,136,4,7,0,0,0,0
2025-07-11 17:00:00,117,4,7,0,0,0,0
2025-07-11 18:00:00,124,4,7,0,0,0,0
2025-07-11 19:00:00,122,4,7,0,0,0,0
2025-07-11 20:00:00,127,4,7,0,0,0,0
2025-07-11 21:00:00,110,4,7,0,0,0,0
2025-07-11 22:00:00,114,4,7,0,0,0,0
2025-07-11 23:00:00,107,4,7,0,0,0,0
2025-07-12 00:00:00,61,5,7,1,0,0,0
2025-07-12 01:00:00,61,5,7,1,0,0,0
2025-07-12 02:00:00,57,5,7,1,0,0,0
2025-07-12 03:00:00,59,5,7,1,0,0,0
2025-07-12 04:00:00,60,5,7,1,0,0,0
2025-07-12 05:00:00,53,5,7,1,0,0,0
2025-07-12 06:00:00,78,5,7,1,0,0,0
2025-07-12 07:00:00,74,5,7,1,0,0,0
2025-07-12 08:00:00,96,5,7,1,0,0,0
2025-07-12 09:00:00,105,5,7,1,0,0,0
2025-07-12 10:00:00,106,5,7,1,0,0,0
2025-07-12 11:00:00,110,5,7,1,0,0,0
2025-07-12 12:00:00,107,5,7,1,0,0,0
2025-07-12 13:00:00,99,5,7,1,0,0,0
2025-07-12 14:00:00,94,5,7,1,0,0,0
2025-07-12 15:00:00,104,5,7,1,0,0,0
2025-07-12 16:00:00,100,5,7,1,0,0,0
2025-07-12 17:00:00,87,5,7,1,0,0,0
2025-07-12 18:00:00,84,5,7,1,0,0,0
2025-07-12 19:00:00,89,5,7,1,0,0,0
2025-07-12 20:00:00,85,5,7,1,0,0,0
2025-07-12 21:00:00,73,5,7,1,0,0,0
2025-07-12 22:00:00,79,5,7,1,0,0,0
2025-07-12 23:00:00,79,5,7,1,0,0,0
2025-07-13 00:00:00,57,6,7,1,0,0,0
2025-07-13 01:00:00,57,6,7,1,0,0,0
2025-07-13 02:00:00,57,6,7,1,0,0,0
2025-07-13 03:00:00,57,6,7,1,0,0,0
2025-07-13 04:00:00,60,6,7,1,0,0,0
2025-07-13 05:00:00,58,6,7,1,0,0,0
2025-07-13 06:00:00,75,6,7,1,0,0,0
2025-07-13 07:00:00,78,6,7,1,0,0,0
2025-07-13 08:00:00,93,6,7,1,0,0,0
2025-07-13 09:00:00,103,6,7,1,0,0,0
2025-07-13 10:00:00,99,6,7,1,0,0,0
2025-07-13 11:00:00,103,6,7,1,0,0,0
2025-07-13 12:00:00,107,6,7,1,0,0,0
2025-07-13 13:00:00,98,6,7,1,0,0,0
2025-07-13 14:00:00,89,6,7,1,0,0,0
2025-07-13 15:00:00,86,6,7,1,0,0,0
2025-07-13 16:00:00,95,6,7,1,0,0,0
2025-07-13 17:00:00,79,6,7,1,0,0,0
2025-07-13 18:00:00,82,6,7,1,0,0,0
2025-07-13 19:00:00,87,6,7,1,0,0,0
2025-07-13 20:00:00,80,6,7,1,0,0,0
2025-07-13 21:00:00,72,6,7,1,0,0,0
2025-07-13 22:00:00,68,6,7,1,0,0,0
2025-07-13 23:00:00,74,6,7,1,0,0,0
2025-07-14 00:00:00,71,0,7,0,0,0,0
2025-07-14 01:00:00,77,0,7,0,0,0,0
2025-07-14 02:00:00,81,0,7,0,0,0,0
2025-07-14 03:00:00,76,0,7,0,0,0,0
2025-07-14 04:00:00,78,0,7,0,0,0,0
2025-07-14 05:00:00,73,0,7,0,0,0,0
2025-07-14 06:00:00,103,0,7,0,0,0,0
2025-07-14 07:00:00,97,0,7,0,0,0,0
2025-07-14 08:00:00,117,0,7,0,0,0,0
2025-07-14 09:00:00,130,0,7,0,0,0,0
2025-07-14 10:00:00,137,0,7,0,0,0,0
2025-07-14 11:00:00,137,0,7,0,0,0,0
2025-07-14 12:00:00,143,0,7,0,0,0,0
2025-07-14 13:00:00,126,0,7,0,0,0,0
2025-07-14 14:00:00,134,0,7,0,0,0,0
2025-07-14 15:00:00,126,0,7,0,0,0,0
2025-07-14 16:00:00,117,0,7,0,0,0,0
2025-07-14 17:00:00,118,0,7,0,0,0,0
2025-07-14 18:00:00,105,0,7,0,0,0,0
2025-07-14 19:00:00,118,0,7,0,0,0,0
2025-07-14 20:00:00,122,0,7,0,0,0,0
2025-07-14 21:00:00,95,0,7,0,0,0,0
2025-07-14 22:00:00,102,0,7,0,0,0,0
2025-07-14 23:00:00,110,0,7,0,0,0,0
2025-07-15 00:00:00,77,1,7,0,0,0,0
2025-07-15 01:00:00,75,1,7,0,0,0,0
2025-07-15 02:00:00,76,1,7,0,0,0,0
2025-07-15 03:00:00,84,1,7,0,0,0,0
2025-07-15 04:00:00,81,1,7,0,0,0,0
2025-07-15 05:00:00,85,1,7,0,0,0,0
2025-07-15 06:00:00,109,1,7,0,0,0,0
2025-07-15 07:00:00,112,1,7,0,0,0,0
2025-07-15 08:00:00,132,1,7,0,0,0,0
2025-07-15 09:00:00,140,1,7,0,0,0,0
2025-07-15 10:00:00,146,1,7,0,0,0,0
2025-07-15 11:00:00,148,1,7,0,0,0,0
2025-07-15 12:00:00,146,1,7,0,0,0,0
2025-07-15 13:00:00,134,1,7,0,0,0,0
2025-07-15 14:00:00,135,1,7,0,0,0,0
2025-07-15 15:00:00,133,1,7,0,0,0,0
2025-07-15 16:00:00,127,1,7,0,0,0,0
2025-07-15 17:00:00,122,1,7,0,0,0,0
2025-07-15 18:00:00,127,1,7,0,0,0,0
2025-07-15 19:00:00,126,1,7,0,0,0,0
2025-07-15 20:00:00,114,1,7,0,0,0,0
2025-07-15 21:00:00,103,1,7,0,0,0,0
2025-07-15 22:00:00,111,1,7,0,0,0,0
2025-07-15 23:00:00,108,1,7,0,0,0,0
2025-07-16 00:00:00,86,2,7,0,0,0,0
2025-07-16 01:00:00,80,2,7,0,0,0,0
2025-07-16 02:00:00,83,2,7,0,0,0,0
2025-07-16 03:00:00,89,2,7,0,0,0,0
2025-07-16 04:00:00,89,2,7,0,0,0,0
2025-07-16 05:00:00,87,2,7,0,0,0,0
2025-07-16 06:00:00,113,2,7,0,0,0,0
2025-07-16 07:00:00,114,2,7,0,0,0,0
2025-07-16 08:00:00,138,2,7,0,0,0,0
2025-07-16 09:00:00,150,2,7,0,0,0,0
2025-07-16 10:00:00,145,2,7,0,0,0,0
2025-07-16 11:00:00,156,2,7,0,0,0,0
2025-07-16 12:00:00,153,2,7,0,0,0,0
2025-07-16 13:00:00,138,2,7,0,0,0,0
2025-07-16 14:00:00,138,2,7,0,0,0,0
2025-07-16 15:00:00,134,2,7,0,0,0,0
2025-07-16 16:00:00,139,2,7,0,0,0,0
2025-07-16 17:00:00,122,2,7,0,0,0,0
2025-07-16 18:00:00,123,2,7,0,0,0,0
2025-07-16 19:00:00,127,2,7,0,0,0,0
2025-07-16 20:00:00,120,2,7,0,0,0,0
2025-07-16 21:00:00,108,2,7,0,0,0,0
2025-07-16 22:00:00,117,2,7,0,0,0,0
2025-07-16 23:00:00,115,2,7,0,0,0,0
2025-07-17 00:00:00,93,3,7,0,0,0,0
2025-07-17 01:00:00,85,3,7,0,0,0,0
2025-07-17 02:00:00,88,3,7,0,0,0,0
2025-07-17 03:00:00,85,3,7,0,0,0,0
2025-07-17 04:00:00,84,3,7,0,0,0,0
2025-07-17 05:00:00,91,3,7,0,0,0,0
2025-07-17 06:00:00,113,3,7,0,0,0,0
2025-07-17 07:00:00,119,3,7,0,0,0,0
2025-07-17 08:00:00,142,3,7,0,0,0,0
2025-07-17 09:00:00,152,3,7,0,0,0,0
2025-07-17 10:00:00,150,3,7,0,0,0,0
2025-07-17 11:00:00,156,3,7,0,0,0,0
2025-07-17 12:00:00,147,3,7,0,0,0,0
2025-07-17 13:00:00,137,3,7,0,0,0,0
2025-07-17 14:00:00,133,3,7,0,0,0,0
2025-07-17 15:00:00,138,3,7,0,0,0,0
2025-07-17 16:00:00,137,3,7,0,0,0,0
2025-07-17 17:00:00,130,3,7,0,0,0,0
2025-07-17 18:00:00,125,3,7,0,0,0,0
2025-07-17 19:00:00,122,3,7,0,0,0,0
2025-07-17 20:00:00,129,3,7,0,0,0,0
2025-07-17 21:00:00,116,3,7,0,0,0,0
2025-07-17 22:00:00,113,3,7,0,0,0,0
2025-07-17 23:00:00,116,3,7,0,0,0,0
2025-07-18 00:00:00,89,4,7,0,0,0,0
2025-07-18 01:00:00,80,4,7,0,0,0,0
2025-07-18 02:00:00,83,4,7,0,0,0,0
2025-07-18 03:00:00,87,4,7,0,0,0,0
2025-07-18 04:00:00,83,4,7,0,0,0,0
2025-07-18 05:00:00,83,4,7,0,0,0,0
2025-07-18 06:00:00,111,4,7,0,0,0,0
2025-07-18 07:00:00,110,4,7,0,0,0,0
2025-07-18 08:00:00,134,4,7,0,0,0,0
2025-07-18 09:00:00,147,4,7,0,0,0,0
2025-07-18 10:00:00,150,4,7,0,0,0,0
2025-07-18 11:00:00,141,4,7,0,0,0,0
2025-07-18 12:00:00,148,4,7,0,0,0,0
2025-07-18 13:00:00,129,4,7,0,0,0,0
2025-07-18 14:00:00,132,4,7,0,0,0,0
2025-07-18 15:00:00,131,4,7,0,0,0,0
2025-07-18 16:00:00,133,4,7,0,0,0,0
2025-07-18 17:00:00,125,4,7,0,0,0,0
2025-07-18 18:00:00,130,4,7,0,0,0,0
2025-07-18 19:00:00,120,4,7,0,0,0,0
2025-07-18 20:00:00,120,4,7,0,0,0,0
2025-07-18 21:00:00,109,4,7,0,0,0,0
2025-07-18 22:00:00,111,4,7,0,0,0,0
2025-07-18 23:00:00,109,4,7,0,0,0,0
2025-07-19 00:00:00,54,5,7,1,0,0,0
2025-07-19 01:00:00,52,5,7,1,0,0,0
2025-07-19 02:00:00,54,5,7,1,0,0,0
2025-07-19 03:00:00,60,5,7,1,0,0,0
2025-07-19 04:00:00,64,5,7,1,0,0,0
2025-07-19 05:00:00,56,5,7,1,0,0,0
2025-07-19 06:00:00,84,5,7,1,0,0,0
2025-07-19 07:00:00,76,5,7,1,0,0,0
2025-07-19 08:00:00,97,5,7,1,0,0,0
2025-07-19 09:00:00,106,5,7,1,0,0,0
2025-07-19 10:00:00,108,5,7,1,0,0,0
2025-07-19 11:00:00,108,5,7,1,0,0,0
2025-07-19 12:00:00,112,5,7,1,0,0,0
2025-07-19 13:00:00,96,5,7,1,0,0,0
2025-07-19 14:00:00,97,5,7,1,0,0,0
2025-07-19 15:00:00,93,5,7,1,0,0,0
2025-07-19 16:00:00,96,5,7,1,0,0,0
2025-07-19 17:00:00,89,5,7,1,0,0,0
2025-07-19 18:00:00,93,5,7,1,0,0,0
2025-07-19 19:00:00,84,5,7,1,0,0,0
2025-07-19 20:00:00,84,5,7,1,0,0,0
2025-07-19 21:00:00,81,5,7,1,0,0,0
2025-07-19 22:00:00,80,5,7,1,0,0,0
2025-07-19 23:00:00,78,5,7,1,0,0,0
2025-07-20 00:00:00,60,6,7,1,0,0,0
2025-07-20 01:00:00,52,6,7,1,0,0,0
2025-07-20 02:00:00,56,6,7,1,0,0,0
2025-07-20 03:00:00,57,6,7,1,0,0,0
2025-07-20 04:00:00,49,6,7,1,0,0,0
2025-07-20 05:00:00,58,6,7,1,0,0,0
2025-07-20 06:00:00,78,6,7,1,0,0,0
2025-07-20 07:00:00,73,6,7,1,0,0,0
2025-07-20 08:00:00,89,6,7,1,0,0,0
2025-07-20 09:00:00,97,6,7,1,0,0,0
2025-07-20 10:00:00,102,6,7,1,0,0,0
2025-07-20 11:00:00,108,6,7,1,0,0,0
2025-07-20 12:00:00,99,6,7,1,0,0,0
2025-07-20 13:00:00,94,6,7,1,0,0,0
2025-07-20 14:00:00,92,6,7,1,0,0,0
2025-07-20 15:00:00,94,6,7,1,0,0,0
2025-07-20 16:00:00,93,6,7,1,0,0,0
2025-07-20 17:00:00,86,6,7,1,0,0,0
2025-07-20 18:00:00,93,6,7,1,0,0,0
2025-07-20 19:00:00,84,6,7,1,0,0,0
2025-07-20 20:00:00,84,6,7,1,0,0,0
2025-07-20 21:00:00,76,6,7,1,0,0,0
2025-07-20 22:00:00,75,6,7,1,0,0,0
2025-07-20 23:00:00,75,6,7,1,0,0,0
2025-07-21 00:00:00,75,0,7,0,0,0,0
2025-07-21 01:00:00,70,0,7,0,0,0,0
2025-07-21 02:00:00,72,0,7,0,0,0,0
2025-07-21 03:00:00,77,0,7,0,0,0,0
2025-07-21 04:00:00,72,0,7,0,0,0,0
2025-07-21 05:00:00,75,0,7,0,0,0,0
2025-07-21 06:00:00,101,0,7,0,0,0,0
2025-07-21 07:00:00,103,0,7,0,0,0,0
2025-07-21 08:00:00,119,0,7,0,0,0,0
2025-07-21 09:00:00,131,0,7,0,0,0,0
2025-07-21 10:00:00,141,0,7,0,0,0,0
2025-07-21 11:00:00,142,0,7,0,0,0,0
2025-07-21 12:00:00,136,0,7,0,0,0,0
2025-07-21 13:00:00,134,0,7,0,0,0,0
2025-07-21 14:00:00,122,0,7,0,0,0,0
2025-07-21 15:00:00,123,0,7,0,0,0,0
2025-07-21 16:00:00,133,0,7,0,0,0,0
2025-07-21 17:00:00,116,0,7,0,0,0,0
2025-07-21 18:00:00,112,0,7,0,0,0,0
2025-07-21 19:00:00,113,0,7,0,0,0,0
2025-07-21 20:00:00,110,0,7,0,0,0,0
2025-07-21 21:00:00,94,0,7,0,0,0,0
2025-07-21 22:00:00,103,0,7,0,0,0,0
2025-07-21 23:00:00,102,0,7,0,0,0,0
2025-07-22 00:00:00,75,1,7,0,0,0,0
2025-07-22 01:00:00,82,1,7,0,0,0,0
2025-07-22 02:00:00,83,1,7,0,0,0,0
2025-07-22 03:00:00,82,1,7,0,0,0,0
2025-07-22 04:00:00,83,1,7,0,0,0,0
2025-07-22 05:00:00,84,1,7,0,0,0,0
2025-07-22 06:00:00,107,1,7,0,0,0,0
2025-07-22 07:00:00,110,1,7,0,0,0,0
2025-07-22 08:00:00,131,1,7,0,0,0,0
2025-07-22 09:00:00,140,1,7,0,0,0,0
2025-07-22 10:00:00,144,1,7,0,0,0,0
2025-07-22 11:00:00,146,1,7,0,0,0,0
2025-07-22 12:00:00,145,1,7,0,0,0,0
2025-07-22 13:00:00,125,1,7,0,0,0,0
2025-07-22 14:00:00,132,1,7,0,0,0,0
2025-07-22 15:00:00,135,1,7,0,0,0,0
2025-07-22 16:00:00,129,1,7,0,0,0,0
2025-07-22 17:00:00,122,1,7,0,0,0,0
2025-07-22 18:00:00,119,1,7,0,0,0,0
2025-07-22 19:00:00,121,1,7,0,0,0,0
2025-07-22 20:00:00,121,1,7,0,0,0,0
2025-07-22 21:00:00,110,1,7,0,0,0,0
2025-07-22 22:00:00,109,1,7,0,0,0,0
2025-07-22 23:00:00,103,1,7,0,0,0,0
2025-07-23 00:00:00,96,2,7,0,1,1,0
2025-07-23 01:00:00,80,2,7,0,1,1,0
2025-07-23 02:00:00,87,2,7,0,1,1,0
2025-07-23 03:00:00,90,2,7,0,1,1,0
2025-07-23 04:00:00,90,2,7,0,1,1,0
2025-07-23 05:00:00,87,2,7,0,1,1,0
2025-07-23 06:00:00,116,2,7,0,1,1,0
2025-07-23 07:00:00,109,2,7,0,1,1,0
2025-07-23 08:00:00,136,2,7,0,1,1,0
2025-07-23 09:00:00,150,2,7,0,1,1,0
2025-07-23 10:00:00,147,2,7,0,1,1,0
2025-07-23 11:00:00,150,2,7,0,1,1,0
2025-07-23 12:00:00,150,2,7,0,1,1,0
2025-07-23 13:00:00,136,2,7,0,1,1,0
2025-07-23 14:00:00,139,2,7,0,1,1,0
2025-07-23 15:00:00,141,2,7,0,1,1,0
2025-07-23 16:00:00,134,2,7,0,1,1,0
2025-07-23 17:00:00,123,2,7,0,1,1,0
2025-07-23 18:00:00,119,2,7,0,1,1,0
2025-07-23 19:00:00,123,2,7,0,1,1,0
2025-07-23 20:00:00,126,2,7,0,1,1,0
2025-07-23 21:00:00,111,2,7,0,1,1,0
2025-07-23 22:00:00,110,2,7,0,1,1,0
2025-07-23 23:00:00,115,2,7,0,1,1,0
2025-07-24 00:00:00,86,3,7,0,0,0,0
2025-07-24 01:00:00,86,3,7,0,0,0,0
2025-07-24 02:00:00,85,3,7,0,0,0,0
2025-07-24 03:00:00,87,3,7,0,0,0,0
2025-07-24 04:00:00,90,3,7,0,0,0,0
2025-07-24 05:00:00,91,3,7,0,0,0,0
2025-07-24 06:00:00,118,3,7,0,0,0,0
2025-07-24 07:00:00,115,3,7,0,0,0,0
2025-07-24 08:00:00,140,3,7,0,0,0,0
2025-07-24 09:00:00,153,3,7,0,0,0,0
2025-07-24 10:00:00,149,3,7,0,0,0,0
2025-07-24 11:00:00,151,3,7,0,0,0,0
2025-07-24 12:00:00,148,3,7,0,0,0,0
2025-07-24 13:00:00,134,3,7,0,0,0,0
2025-07-24 14:00:00,139,3,7,0,0,0,0
2025-07-24 15:00:00,138,3,7,0,0,0,0
2025-07-24 16:00:00,140,3,7,0,0,0,0
2025-07-24 17:00:00,126,3,7,0,0,0,0
2025-07-24 18:00:00,126,3,7,0,0,0,0
2025-07-24 19:00:00,130,3,7,0,0,0,0
2025-07-24 20:00:00,128,3,7,0,0,0,0
2025-07-24 21:00:00,114,3,7,0,0,0,0
2025-07-24 22:00:00,117,3,7,0,0,0,0
2025-07-24 23:00:00,112,3,7,0,0,0,0
2025-07-25 00:00:00,86,4,7,0,0,0,0
2025-07-25 01:00:00,90,4,7,0,0,0,0
2025-07-25 02:00:00,84,4,7,0,0,0,0
2025-07-25 03:00:00,94,4,7,0,0,0,0
2025-07-25 04:00:00,85,4,7,0,0,0,0
2025-07-25 05:00:00,84,4,7,0,0,0,0
2025-07-25 06:00:00,110,4,7,0,0,0,0
2025-07-25 07:00:00,112,4,7,0,0,0,0
2025-07-25 08:00:00,135,4,7,0,0,0,0
2025-07-25 09:00:00,148,4,7,0,0,0,0
2025-07-25 10:00:00,145,4,7,0,0,0,0
2025-07-25 11:00:00,146,4,7,0,0,0,0
2025-07-25 12:00:00,147,4,7,0,0,0,0
2025-07-25 13:00:00,131,4,7,0,0,0,0
2025-07-25 14:00:00,133,4,7,0,0,0,0
2025-07-25 15:00:00,135,4,7,0,0,0,0
2025-07-25 16:00:00,131,4,7,0,0,0,0
2025-07-25 17:00:00,126,4,7,0,0,0,0
2025-07-25 18:00:00,121,4,7,0,0,0,0
2025-07-25 19:00:00,120,4,7,0,0,0,0
2025-07-25 20:00:00,121,4,7,0,0,0,0
2025-07-25 21:00:00,117,4,7,0,0,0,0
2025-07-25 22:00:00,107,4,7,0,0,0,0
2025-07-25 23:00:00,112,4,7,0,0,0,0
2025-07-26 00:00:00,58,5,7,1,0,0,0
2025-07-26 01:00:00,55,5,7,1,0,0,0
2025-07-26 02:00:00,57,5,7,1,0,0,0
2025-07-26 03:00:00,63,5,7,1,0,0,0
2025-07-26 04:00:00,64,5,7,1,0,0,0
2025-07-26 05:00:00,59,5,7,1,0,0,0
2025-07-26 06:00:00,78,5,7,1,0,0,0
2025-07-26 07:00:00,80,5,7,1,0,0,0
2025-07-26 08:00:00,100,5,7,1,0,0,0
2025-07-26 09:00:00,109,5,7,1,0,0,0
2025-07-26 10:00:00,103,5,7,1,0,0,0
2025-07-26 11:00:00,106,5,7,1,0,0,0
2025-07-26 12:00:00,105,5,7,1,0,0,0
2025-07-26 13:00:00,96,5,7,1,0,0,0
2025-07-26 14:00:00,96,5,7,1,0,0,0
2025-07-26 15:00:00,96,5,7,1,0,0,0
2025-07-26 16:00:00,96,5,7,1,0,0,0
2025-07-26 17:00:00,94,5,7,1,0,0,0
2025-07-26 18:00:00,93,5,7,1,0,0,0
2025-07-26 19:00:00,89,5,7,1,0,0,0
2025-07-26 20:00:00,89,5,7,1,0,0,0
2025-07-26 21:00:00,81,5,7,1,0,0,0
2025-07-26 22:00:00,79,5,7,1,0,0,0
2025-07-26 23:00:00,84,5,7,1,0,0,0
2025-07-27 00:00:00,56,6,7,1,0,0,0
2025-07-27 01:00:00,55,6,7,1,0,0,0
2025-07-27 02:00:00,62,6,7,1,0,0,0
2025-07-27 03:00:00,45,6,7,1,0,0,0
2025-07-27 04:00:00,57,6,7,1,0,0,0
2025-07-27 05:00:00,54,6,7,1,0,0,0
2025-07-27 06:00:00,71,6,7,1,0,0,0
2025-07-27 07:00:00,74,6,7,1,0,0,0
2025-07-27 08:00:00,88,6,7,1,0,0,0
2025-07-27 09:00:00,96,6,7,1,0,0,0
2025-07-27 10:00:00,101,6,7,1,0,0,0
2025-07-27 11:00:00,100,6,7,1,0,0,0
2025-07-27 12:00:00,108,6,7,1,0,0,0
2025-07-27 13:00:00,97,6,7,1,0,0,0
2025-07-27 14:00:00,92,6,7,1,0,0,0
2025-07-27 15:00:00,91,6,7,1,0,0,0
2025-07-27 16:00:00,97,6,7,1,0,0,0
2025-07-27 17:00:00,88,6,7,1,0,0,0
2025-07-27 18:00:00,80,6,7,1,0,0,0
2025-07-27 19:00:00,85,6,7,1,0,0,0
2025-07-27 20:00:00,85,6,7,1,0,0,0
2025-07-27 21:00:00,75,6,7,1,0,0,0
2025-07-27 22:00:00,69,6,7,1,0,0,0
2025-07-27 23:00:00,76,6,7,1,0,0,0
2025-07-28 00:00:00,76,0,7,0,0,0,0
2025-07-28 01:00:00,81,0,7,0,0,0,0
2025-07-28 02:00:00,74,0,7,0,0,0,0
2025-07-28 03:00:00,79,0,7,0,0,0,0
2025-07-28 04:00:00,72,0,7,0,0,0,0
2025-07-28 05:00:00,72,0,7,0,0,0,0
2025-07-28 06:00:00,101,0,7,0,0,0,0
2025-07-28 07:00:00,100,0,7,0,0,0,0
2025-07-28 08:00:00,117,0,7,0,0,0,0
2025-07-28 09:00:00,130,0,7,0,0,0,0
2025-07-28 10:00:00,142,0,7,0,0,0,0
2025-07-28 11:00:00,139,0,7,0,0,0,0
2025-07-28 12:00:00,149,0,7,0,0,0,0
2025-07-28 13:00:00,127,0,7,0,0,0,0
2025-07-28 14:00:00,122,0,7,0,0,0,0
2025-07-28 15:00:00,126,0,7,0,0,0,0
2025-07-28 16:00:00,122,0,7,0,0,0,0
2025-07-28 17:00:00,116,0,7,0,0,0,0
2025-07-28 18:00:00,108,0,7,0,0,0,0
2025-07-28 19:00:00,116,0,7,0,0,0,0
2025-07-28 20:00:00,118,0,7,0,0,0,0
2025-07-28 21:00:00,90,0,7,0,0,0,0
2025-07-28 22:00:00,97,0,7,0,0,0,0
2025-07-28 23:00:00,108,0,7,0,0,0,0
2025-07-29 00:00:00,85,1,7,0,0,0,0
2025-07-29 01:00:00,87,1,7,0,0,0,0
2025-07-29 02:00:00,80,1,7,0,0,0,0
2025-07-29 03:00:00,81,1,7,0,0,0,0
2025-07-29 04:00:00,79,1,7,0,0,0,0
2025-07-29 05:00:00,79,1,7,0,0,0,0
2025-07-29 06:00:00,105,1,7,0,0,0,0
2025-07-29 07:00:00,106,1,7,0,0,0,0
2025-07-29 08:00:00,127,1,7,0,0,0,0
2025-07-29 09:00:00,139,1,7,0,0,0,0
2025-07-29 10:00:00,145,1,7,0,0,0,0
2025-07-29 11:00:00,142,1,7,0,0,0,0
2025-07-29 12:00:00,149,1,7,0,0,0,0
2025-07-29 13:00:00,127,1,7,0,0,0,0
2025-07-29 14:00:00,125,1,7,0,0,0,0
2025-07-29 15:00:00,131,1,7,0,0,0,0
2025-07-29 16:00:00,119,1,7,0,0,0,0
2025-07-29 17:00:00,119,1,7,0,0,0,0
2025-07-29 18:00:00,123,1,7,0,0,0,0
2025-07-29 19:00:00,124,1,7,0,0,0,0
2025-07-29 20:00:00,118,1,7,0,0,0,0
2025-07-29 21:00:00,99,1,7,0,0,0,0
2025-07-29 22:00:00,105,1,7,0,0,0,0
2025-07-29 23:00:00,106,1,7,0,0,0,0
2025-07-30 00:00:00,86,2,7,0,0,0,0
2025-07-30 01:00:00,93,2,7,0,0,0,0
2025-07-30 02:00:00,85,2,7,0,0,0,0
2025-07-30 03:00:00,89,2,7,0,0,0,0
2025-07-30 04:00:00,86,2,7,0,0,0,0
2025-07-30 05:00:00,87,2,7,0,0,0,0
2025-07-30 06:00:00,113,2,7,0,0,0,0
2025-07-30 07:00:00,109,2,7,0,0,0,0
2025-07-30 08:00:00,135,2,7,0,0,0,0
2025-07-30 09:00:00,148,2,7,0,0,0,0
2025-07-30 10:00:00,151,2,7,0,0,0,0
2025-07-30 11:00:00,152,2,7,0,0,0,0
2025-07-30 12:00:00,152,2,7,0,0,0,0
2025-07-30 13:00:00,135,2,7,0,0,0,0
2025-07-30 14:00:00,133,2,7,0,0,0,0
2025-07-30 15:00:00,131,2,7,0,0,0,0
2025-07-30 16:00:00,127,2,7,0,0,0,0
2025-07-30 17:00:00,125,2,7,0,0,0,0
2025-07-30 18:00:00,128,2,7,0,0,0,0
2025-07-30 19:00:00,129,2,7,0,0,0,0
2025-07-30 20:00:00,128,2,7,0,0,0,0
2025-07-30 21:00:00,119,2,7,0,0,0,0
2025-07-30 22:00:00,114,2,7,0,0,0,0
2025-07-30 23:00:00,108,2,7,0,0,0,0
2025-07-31 00:00:00,93,3,7,0,0,0,0
2025-07-31 01:00:00,98,3,7,0,0,0,0
2025-07-31 02:00:00,86,3,7,0,0,0,0
2025-07-31 03:00:00,85,3,7,0,0,0,0
2025-07-31 04:00:00,84,3,7,0,0,0,0
2025-07-31 05:00:00,93,3,7,0,0,0,0
2025-07-31 06:00:00,113,3,7,0,0,0,0
2025-07-31 07:00:00,117,3,7,0,0,0,0
2025-07-31 08:00:00,140,3,7,0,0,0,0
2025-07-31 09:00:00,151,3,7,0,0,0,0
2025-07-31 10:00:00,160,3,7,0,0,0,0
2025-07-31 11:00:00,156,3,7,0,0,0,0
2025-07-31 12:00:00,155,3,7,0,0,0,0
2025-07-31 13:00:00,137,3,7,0,0,0,0
2025-07-31 14:00:00,138,3,7,0,0,0,0
2025-07-31 15:00:00,139,3,7,0,0,0,0
2025-07-31 16:00:00,141,3,7,0,0,0,0
2025-07-31 17:00:00,129,3,7,0,0,0,0
2025-07-31 18:00:00,126,3,7,0,0,0,0
2025-07-31 19:00:00,119,3,7,0,0,0,0
2025-07-31 20:00:00,127,3,7,0,0,0,0
2025-07-31 21:00:00,119,3,7,0,0,0,0
2025-07-31 22:00:00,116,3,7,0,0,0,0
2025-07-31 23:00:00,113,3,7,0,0,0,0
2025-08-01 00:00:00,87,4,8,0,0,0,0
2025-08-01 01:00:00,78,4,8,0,0,0,0
2025-08-01 02:00:00,86,4,8,0,0,0,0
2025-08-01 03:00:00,83,4,8,0,0,0,0
2025-08-01 04:00:00,76,4,8,0,0,0,0
2025-08-01 05:00:00,85,4,8,0,0,0,0
2025-08-01 06:00:00,117,4,8,0,0,0,0
2025-08-01 07:00:00,105,4,8,0,0,0,0
2025-08-01 08:00:00,134,4,8,0,0,0,0
2025-08-01 09:00:00,147,4,8,0,0,0,0
2025-08-01 10:00:00,153,4,8,0,0,0,0
2025-08-01 11:00:00,145,4,8,0,0,0,0
2025-08-01 12:00:00,139,4,8,0,0,0,0
2025-08-01 13:00:00,135,4,8,0,0,0,0
2025-08-01 14:00:00,133,4,8,0,0,0,0
2025-08-01 15:00:00,128,4,8,0,0,0,0
2025-08-01 16:00:00,128,4,8,0,0,0,0
2025-08-01 17:00:00,126,4,8,0,0,0,0
2025-08-01 18:00:00,122,4,8,0,0,0,0
2025-08-01 19:00:00,124,4,8,0,0,0,0
2025-08-01 20:00:00,123,4,8,0,0,0,0
2025-08-01 21:00:00,106,4,8,0,0,0,0
2025-08-01 22:00:00,104,4,8,0,0,0,0
2025-08-01 23:00:00,112,4,8,0,0,0,0
2025-08-02 00:00:00,60,5,8,1,0,0,0
2025-08-02 01:00:00,62,5,8,1,0,0,0
2025-08-02 02:00:00,62,5,8,1,0,0,0
2025-08-02 03:00:00,58,5,8,1,0,0,0
2025-08-02 04:00:00,53,5,8,1,0,0,0
2025-08-02 05:00:00,56,5,8,1,0,0,0
2025-08-02 06:00:00,71,5,8,1,0,0,0
2025-08-02 07:00:00,81,5,8,1,0,0,0
2025-08-02 08:00:00,96,5,8,1,0,0,0
2025-08-02 09:00:00,104,5,8,1,0,0,0
2025-08-02 10:00:00,111,5,8,1,0,0,0
2025-08-02 11:00:00,103,5,8,1,0,0,0
2025-08-02 12:00:00,110,5,8,1,0,0,0
2025-08-02 13:00:00,86,5,8,1,0,0,0
2025-08-02 14:00:00,97,5,8,1,0,0,0
2025-08-02 15:00:00,95,5,8,1,0,0,0
2025-08-02 16:00:00,95,5,8,1,0,0,0
2025-08-02 17:00:00,83,5,8,1,0,0,0
2025-08-02 18:00:00,93,5,8,1,0,0,0
2025-08-02 19:00:00,93,5,8,1,0,0,0
2025-08-02 20:00:00,87,5,8,1,0,0,0
2025-08-02 21:00:00,65,5,8,1,0,0,0
2025-08-02 22:00:00,81,5,8,1,0,0,0
2025-08-02 23:00:00,81,5,8,1,0,0,0
2025-08-03 00:00:00,57,6,8,1,0,0,0
2025-08-03 01:00:00,58,6,8,1,0,0,0
2025-08-03 02:00:00,52,6,8,1,0,0,0
2025-08-03 03:00:00,44,6,8,1,0,0,0
2025-08-03 04:00:00,51,6,8,1,0,0,0
2025-08-03 05:00:00,54,6,8,1,0,0,0
2025-08-03 06:00:00,75,6,8,1,0,0,0
2025-08-03 07:00:00,76,6,8,1,0,0,0
2025-08-03 08:00:00,88,6,8,1,0,0,0
2025-08-03 09:00:00,96,6,8,1,0,0,0
2025-08-03 10:00:00,105,6,8,1,0,0,0
2025-08-03 11:00:00,105,6,8,1,0,0,0
2025-08-03 12:00:00,103,6,8,1,0,0,0
2025-08-03 13:00:00,97,6,8,1,0,0,0
2025-08-03 14:00:00,93,6,8,1,0,0,0
2025-08-03 15:00:00,98,6,8,1,0,0,0
2025-08-03 16:00:00,89,6,8,1,0,0,0
2025-08-03 17:00:00,90,6,8,1,0,0,0
2025-08-03 18:00:00,89,6,8,1,0,0,0
2025-08-03 19:00:00,76,6,8,1,0,0,0
2025-08-03 20:00:00,85,6,8,1,0,0,0
2025-08-03 21:00:00,70,6,8,1,0,0,0
2025-08-03 22:00:00,74,6,8,1,0,0,0
2025-08-03 23:00:00,75,6,8,1,0,0,0
2025-08-04 00:00:00,80,0,8,0,0,0,0
2025-08-04 01:00:00,75,0,8,0,0,0,0
2025-08-04 02:00:00,74,0,8,0,0,0,0
2025-08-04 03:00:00,73,0,8,0,0,0,0
2025-08-04 04:00:00,79,0,8,0,0,0,0
2025-08-04 05:00:00,77,0,8,0,0,0,0
2025-08-04 06:00:00,102,0,8,0,0,0,0
2025-08-04 07:00:00,94,0,8,0,0,0,0
2025-08-04 08:00:00,117,0,8,0,0,0,0
2025-08-04 09:00:00,130,0,8,0,0,0,0
2025-08-04 10:00:00,142,0,8,0,0,0,0
2025-08-04 11:00:00,143,0,8,0,0,0,0
2025-08-04 12:00:00,142,0,8,0,0,0,0
2025-08-04 13:00:00,130,0,8,0,0,0,0
2025-08-04 14:00:00,126,0,8,0,0,0,0
2025-08-04 15:00:00,126,0,8,0,0,0,0
2025-08-04 16:00:00,120,0,8,0,0,0,0
2025-08-04 17:00:00,113,0,8,0,0,0,0
2025-08-04 18:00:00,112,0,8,0,0,0,0
2025-08-04 19:00:00,110,0,8,0,0,0,0
2025-08-04 20:00:00,104,0,8,0,0,0,0
2025-08-04 21:00:00,98,0,8,0,0,0,0
2025-08-04 22:00:00,105,0,8,0,0,0,0
2025-08-04 23:00:00,107,0,8,0,0,0,0
2025-08-05 00:00:00,77,1,8,0,0,0,0
2025-08-05 01:00:00,74,1,8,0,0,0,0
2025-08-05 02:00:00,78,1,8,0,0,0,0
2025-08-05 03:00:00,85,1,8,0,0,0,0
2025-08-05 04:00:00,88,1,8,0,0,0,0
2025-08-05 05:00:00,82,1,8,0,0,0,0
2025-08-05 06:00:00,115,1,8,0,0,0,0
2025-08-05 07:00:00,105,1,8,0,0,0,0
2025-08-05 08:00:00,130,1,8,0,0,0,0
2025-08-05 09:00:00,142,1,8,0,0,0,0
2025-08-05 10:00:00,149,1,8,0,0,0,0
2025-08-05 11:00:00,145,1,8,0,0,0,0
2025-08-05 12:00:00,147,1,8,0,0,0,0
2025-08-05 13:00:00,126,1,8,0,0,0,0
2025-08-05 14:00:00,129,1,8,0,0,0,0
2025-08-05 15:00:00,133,1,8,0,0,0,0
2025-08-05 16:00:00,131,1,8,0,0,0,0
2025-08-05 17:00:00,119,1,8,0,0,0,0
2025-08-05 18:00:00,124,1,8,0,0,0,0
2025-08-05 19:00:00,127,1,8,0,0,0,0
2025-08-05 20:00:00,116,1,8,0,0,0,0
2025-08-05 21:00:00,112,1,8,0,0,0,0
2025-08-05 22:00:00,107,1,8,0,0,0,0
2025-08-05 23:00:00,105,1,8,0,0,0,0
2025-08-06 00:00:00,81,2,8,0,0,0,0
2025-08-06 01:00:00,87,2,8,0,0,0,0
2025-08-06 02:00:00,90,2,8,0,0,0,0
2025-08-06 03:00:00,96,2,8,0,0,0,0
2025-08-06 04:00:00,84,2,8,0,0,0,0
2025-08-06 05:00:00,78,2,8,0,0,0,0
2025-08-06 06:00:00,110,2,8,0,0,0,0
2025-08-06 07:00:00,112,2,8,0,0,0,0
2025-08-06 08:00:00,135,2,8,0,0,0,0
2025-08-06 09:00:00,148,2,8,0,0,0,0
2025-08-06 10:00:00,152,2,8,0,0,0,0
2025-08-06 11:00:00,161,2,8,0,0,0,0
2025-08-06 12:00:00,154,2,8,0,0,0,0
2025-08-06 13:00:00,138,2,8,0,0,0,0
2025-08-06 14:00:00,134,2,8,0,0,0,0
2025-08-06 15:00:00,141,2,8,0,0,0,0
2025-08-06 16:00:00,139,2,8,0,0,0,0
2025-08-06 17:00:00,126,2,8,0,0,0,0
2025-08-06 18:00:00,123,2,8,0,0,0,0
2025-08-06 19:00:00,130,2,8,0,0,0,0
2025-08-06 20:00:00,129,2,8,0,0,0,0
2025-08-06 21:00:00,107,2,8,0,0,0,0
2025-08-06 22:00:00,117,2,8,0,0,0,0
2025-08-06 23:00:00,113,2,8,0,0,0,0
2025-08-07 00:00:00,93,3,8,0,0,0,0
2025-08-07 01:00:00,88,3,8,0,0,0,0
2025-08-07 02:00:00,91,3,8,0,0,0,0
2025-08-07 03:00:00,86,3,8,0,0,0,0
2025-08-07 04:00:00,90,3,8,0,0,0,0
2025-08-07 05:00:00,89,3,8,0,0,0,0
2025-08-07 06:00:00,121,3,8,0,0,0,0
2025-08-07 07:00:00,109,3,8,0,0,0,0
2025-08-07 08:00:00,140,3,8,0,0,0,0
2025-08-07 09:00:00,148,3,8,0,0,0,0
2025-08-07 10:00:00,151,3,8,0,0,0,0
2025-08-07 11:00:00,147,3,8,0,0,0,0
2025-08-07 12:00:00,154,3,8,0,0,0,0
2025-08-07 13:00:00,142,3,8,0,0,0,0
2025-08-07 14:00:00,137,3,8,0,0,0,0
2025-08-07 15:00:00,143,3,8,0,0,0,0
2025-08-07 16:00:00,134,3,8,0,0,0,0
2025-08-07 17:00:00,134,3,8,0,0,0,0
2025-08-07 18:00:00,127,3,8,0,0,0,0
2025-08-07 19:00:00,127,3,8,0,0,0,0
2025-08-07 20:00:00,121,3,8,0,0,0,0
2025-08-07 21:00:00,118,3,8,0,0,0,0
2025-08-07 22:00:00,114,3,8,0,0,0,0
2025-08-07 23:00:00,116,3,8,0,0,0,0
2025-08-08 00:00:00,89,4,8,0,0,0,0
2025-08-08 01:00:00,77,4,8,0,0,0,0
2025-08-08 02:00:00,85,4,8,0,0,0,0
2025-08-08 03:00:00,90,4,8,0,0,0,0
2025-08-08 04:00:00,85,4,8,0,0,0,0
2025-08-08 05:00:00,87,4,8,0,0,0,0
2025-08-08 06:00:00,111,4,8,0,0,0,0
2025-08-08 07:00:00,112,4,8,0,0,0,0
2025-08-08 08:00:00,136,4,8,0,0,0,0
2025-08-08 09:00:00,150,4,8,0,0,0,0
2025-08-08 10:00:00,143,4,8,0,0,0,0
2025-08-08 11:00:00,147,4,8,0,0,0,0
2025-08-08 12:00:00,151,4,8,0,0,0,0
2025-08-08 13:00:00,136,4,8,0,0,0,0
2025-08-08 14:00:00,135,4,8,0,0,0,0
2025-08-08 15:00:00,134,4,8,0,0,0,0
2025-08-08 16:00:00,137,4,8,0,0,0,0
2025-08-08 17:00:00,121,4,8,0,0,0,0
2025-08-08 18:00:00,118,4,8,0,0,0,0
2025-08-08 19:00:00,119,4,8,0,0,0,0
2025-08-08 20:00:00,121,4,8,0,0,0,0
2025-08-08 21:00:00,115,4,8,0,0,0,0
2025-08-08 22:00:00,116,4,8,0,0,0,0
2025-08-08 23:00:00,108,4,8,0,0,0,0
2025-08-09 00:00:00,59,5,8,1,0,0,0
2025-08-09 01:00:00,52,5,8,1,0,0,0
2025-08-09 02:00:00,57,5,8,1,0,0,0
2025-08-09 03:00:00,52,5,8,1,0,0,0
2025-08-09 04:00:00,57,5,8,1,0,0,0
2025-08-09 05:00:00,68,5,8,1,0,0,0
2025-08-09 06:00:00,83,5,8,1,0,0,0
2025-08-09 07:00:00,78,5,8,1,0,0,0
2025-08-09 08:00:00,99,5,8,1,0,0,0
2025-08-09 09:00:00,108,5,8,1,0,0,0
2025-08-09 10:00:00,112,5,8,1,0,0,0
2025-08-09 11:00:00,102,5,8,1,0,0,0
2025-08-09 12:00:00,110,5,8,1,0,0,0
2025-08-09 13:00:00,90,5,8,1,0,0,0
2025-08-09 14:00:00,104,5,8,1,0,0,0
2025-08-09 15:00:00,92,5,8,1,0,0,0
2025-08-09 16:00:00,98,5,8,1,0,0,0
2025-08-09 17:00:00,87,5,8,1,0,0,0
2025-08-09 18:00:00,92,5,8,1,0,0,0
2025-08-09 19:00:00,86,5,8,1,0,0,0
2025-08-09 20:00:00,85,5,8,1,0,0,0
2025-08-09 21:00:00,72,5,8,1,0,0,0
2025-08-09 22:00:00,77,5,8,1,0,0,0
2025-08-09 23:00:00,77,5,8,1,0,0,0
2025-08-10 00:00:00,53,6,8,1,0,0,0
2025-08-10 01:00:00,58,6,8,1,0,0,0
2025-08-10 02:00:00,55,6,8,1,0,0,0
2025-08-10 03:00:00,55,6,8,1,0,0,0
2025-08-10 04:00:00,61,6,8,1,0,0,0
2025-08-10 05:00:00,58,6,8,1,0,0,0
2025-08-10 06:00:00,80,6,8,1,0,0,0
2025-08-10 07:00:00,82,6,8,1,0,0,0
2025-08-10 08:00:00,94,6,8,1,0,0,0
2025-08-10 09:00:00,103,6,8,1,0,0,0
2025-08-10 10:00:00,106,6,8,1,0,0,0
2025-08-10 11:00:00,102,6,8,1,0,0,0
2025-08-10 12:00:00,104,6,8,1,0,0,0
2025-08-10 13:00:00,92,6,8,1,0,0,0
2025-08-10 14:00:00,91,6,8,1,0,0,0
2025-08-10 15:00:00,99,6,8,1,0,0,0
2025-08-10 16:00:00,90,6,8,1,0,0,0
2025-08-10 17:00:00,85,6,8,1,0,0,0
2025-08-10 18:00:00,90,6,8,1,0,0,0
2025-08-10 19:00:00,88,6,8,1,0,0,0
2025-08-10 20:00:00,88,6,8,1,0,0,0
2025-08-10 21:00:00,70,6,8,1,0,0,0
2025-08-10 22:00:00,69,6,8,1,0,0,0
2025-08-10 23:00:00,84,6,8,1,0,0,0
2025-08-11 00:00:00,84,0,8,0,0,0,0
2025-08-11 01:00:00,76,0,8,0,0,0,0
2025-08-11 02:00:00,72,0,8,0,0,0,0
2025-08-11 03:00:00,73,0,8,0,0,0,0
2025-08-11 04:00:00,74,0,8,0,0,0,0
2025-08-11 05:00:00,70,0,8,0,0,0,0
2025-08-11 06:00:00,99,0,8,0,0,0,0
2025-08-11 07:00:00,103,0,8,0,0,0,0
2025-08-11 08:00:00,117,0,8,0,0,0,0
2025-08-11 09:00:00,130,0,8,0,0,0,0
2025-08-11 10:00:00,133,0,8,0,0,0,0
2025-08-11 11:00:00,133,0,8,0,0,0,0
2025-08-11 12:00:00,136,0,8,0,0,0,0
2025-08-11 13:00:00,118,0,8,0,0,0,0
2025-08-11 14:00:00,122,0,8,0,0,0,0
2025-08-11 15:00:00,129,0,8,0,0,0,0
2025-08-11 16:00:00,126,0,8,0,0,0,0
2025-08-11 17:00:00,114,0,8,0,0,0,0
2025-08-11 18:00:00,119,0,8,0,0,0,0
2025-08-11 19:00:00,109,0,8,0,0,0,0
2025-08-11 20:00:00,117,0,8,0,0,0,0
2025-08-11 21:00:00,99,0,8,0,0,0,0
2025-08-11 22:00:00,103,0,8,0,0,0,0
2025-08-11 23:00:00,104,0,8,0,0,0,0
2025-08-12 00:00:00,86,1,8,0,0,0,0
2025-08-12 01:00:00,89,1,8,0,0,0,0
2025-08-12 02:00:00,79,1,8,0,0,0,0
2025-08-12 03:00:00,86,1,8,0,0,0,0
2025-08-12 04:00:00,82,1,8,0,0,0,0
2025-08-12 05:00:00,77,1,8,0,0,0,0
2025-08-12 06:00:00,107,1,8,0,0,0,0
2025-08-12 07:00:00,108,1,8,0,0,0,0
2025-08-12 08:00:00,130,1,8,0,0,0,0
2025-08-12 09:00:00,142,1,8,0,0,0,0
2025-08-12 10:00:00,148,1,8,0,0,0,0
2025-08-12 11:00:00,139,1,8,0,0,0,0
2025-08-12 12:00:00,151,1,8,0,0,0,0
2025-08-12 13:00:00,141,1,8,0,0,0,0
2025-08-12 14:00:00,130,1,8,0,0,0,0
2025-08-12 15:00:00,132,1,8,0,0,0,0
2025-08-12 16:00:00,131,1,8,0,0,0,0
2025-08-12 17:00:00,122,1,8,0,0,0,0
2025-08-12 18:00:00,120,1,8,0,0,0,0
2025-08-12 19:00:00,126,1,8,0,0,0,0
2025-08-12 20:00:00,121,1,8,0,0,0,0
2025-08-12 21:00:00,112,1,8,0,0,0,0
2025-08-12 22:00:00,111,1,8,0,0,0,0
2025-08-12 23:00:00,101,1,8,0,0,0,0
2025-08-13 00:00:00,88,2,8,0,0,0,0
2025-08-13 01:00:00,76,2,8,0,0,0,0
2025-08-13 02:00:00,82,2,8,0,0,0,0
2025-08-13 03:00:00,93,2,8,0,0,0,0
2025-08-13 04:00:00,84,2,8,0,0,0,0
2025-08-13 05:00:00,85,2,8,0,0,0,0
2025-08-13 06:00:00,108,2,8,0,0,0,0
2025-08-13 07:00:00,119,2,8,0,0,0,0
2025-08-13 08:00:00,136,2,8,0,0,0,0
2025-08-13 09:00:00,149,2,8,0,0,0,0
2025-08-13 10:00:00,147,2,8,0,0,0,0
2025-08-13 11:00:00,147,2,8,0,0,0,0
2025-08-13 12:00:00,155,2,8,0,0,0,0
2025-08-13 13:00:00,137,2,8,0,0,0,0
2025-08-13 14:00:00,135,2,8,0,0,0,0
2025-08-13 15:00:00,132,2,8,0,0,0,0
2025-08-13 16:00:00,137,2,8,0,0,0,0
2025-08-13 17:00:00,127,2,8,0,0,0,0
2025-08-13 18:00:00,124,2,8,0,0,0,0
2025-08-13 19:00:00,127,2,8,0,0,0,0
2025-08-13 20:00:00,124,2,8,0,0,0,0
2025-08-13 21:00:00,110,2,8,0,0,0,0
2025-08-13 22:00:00,118,2,8,0,0,0,0
2025-08-13 23:00:00,111,2,8,0,0,0,0
2025-08-14 00:00:00,88,3,8,0,0,0,0
2025-08-14 01:00:00,89,3,8,0,0,0,0
2025-08-14 02:00:00,85,3,8,0,0,0,0
2025-08-14 03:00:00,85,3,8,0,0,0,0
2025-08-14 04:00:00,97,3,8,0,0,0,0
2025-08-14 05:00:00,92,3,8,0,0,0,0
2025-08-14 06:00:00,111,3,8,0,0,0,0
2025-08-14 07:00:00,119,3,8,0,0,0,0
2025-08-14 08:00:00,140,3,8,0,0,0,0
2025-08-14 09:00:00,152,3,8,0,0,0,0
2025-08-14 10:00:00,159,3,8,0,0,0,0
2025-08-14 11:00:00,155,3,8,0,0,0,0
2025-08-14 12:00:00,152,3,8,0,0,0,0
2025-08-14 13:00:00,136,3,8,0,0,0,0
2025-08-14 14:00:00,137,3,8,0,0,0,0
2025-08-14 15:00:00,139,3,8,0,0,0,0
2025-08-14 16:00:00,138,3,8,0,0,0,0
2025-08-14 17:00:00,135,3,8,0,0,0,0
2025-08-14 18:00:00,126,3,8,0,0,0,0
2025-08-14 19:00:00,125,3,8,0,0,0,0
2025-08-14 20:00:00,131,3,8,0,0,0,0
2025-08-14 21:00:00,119,3,8,0,0,0,0
2025-08-14 22:00:00,113,3,8,0,0,0,0
2025-08-14 23:00:00,110,3,8,0,0,0,0
2025-08-15 00:00:00,82,4,8,0,0,0,0
2025-08-15 01:00:00,89,4,8,0,0,0,0
2025-08-15 02:00:00,89,4,8,0,0,0,0
2025-08-15 03:00:00,87,4,8,0,0,0,0
2025-08-15 04:00:00,89,4,8,0,0,0,0
2025-08-15 05:00:00,90,4,8,0,0,0,0
2025-08-15 06:00:00,107,4,8,0,0,0,0
2025-08-15 07:00:00,119,4,8,0,0,0,0
2025-08-15 08:00:00,139,4,8,0,0,0,0
2025-08-15 09:00:00,147,4,8,0,0,0,0
2025-08-15 10:00:00,151,4,8,0,0,0,0
2025-08-15 11:00:00,152,4,8,0,0,0,0
2025-08-15 12:00:00,147,4,8,0,0,0,0
2025-08-15 13:00:00,134,4,8,0,0,0,0
2025-08-15 14:00:00,133,4,8,0,0,0,0
2025-08-15 15:00:00,132,4,8,0,0,0,0
2025-08-15 16:00:00,142,4,8,0,0,0,0
2025-08-15 17:00:00,120,4,8,0,0,0,0
2025-08-15 18:00:00,121,4,8,0,0,0,0
2025-08-15 19:00:00,119,4,8,0,0,0,0
2025-08-15 20:00:00,125,4,8,0,0,0,0
2025-08-15 21:00:00,101,4,8,0,0,0,0
2025-08-15 22:00:00,116,4,8,0,0,0,0
2025-08-15 23:00:00,113,4,8,0,0,0,0
2025-08-16 00:00:00,62,5,8,1,0,0,0
2025-08-16 01:00:00,50,5,8,1,0,0,0
2025-08-16 02:00:00,54,5,8,1,0,0,0
2025-08-16 03:00:00,64,5,8,1,0,0,0
2025-08-16 04:00:00,64,5,8,1,0,0,0
2025-08-16 05:00:00,64,5,8,1,0,0,0
2025-08-16 06:00:00,80,5,8,1,0,0,0
2025-08-16 07:00:00,82,5,8,1,0,0,0
2025-08-16 08:00:00,101,5,8,1,0,0,0
2025-08-16 09:00:00,111,5,8,1,0,0,0
2025-08-16 10:00:00,114,5,8,1,0,0,0
2025-08-16 11:00:00,108,5,8,1,0,0,0
2025-08-16 12:00:00,115,5,8,1,0,0,0
2025-08-16 13:00:00,99,5,8,1,0,0,0
2025-08-16 14:00:00,102,5,8,1,0,0,0
2025-08-16 15:00:00,105,5,8,1,0,0,0
2025-08-16 16:00:00,96,5,8,1,0,0,0
2025-08-16 17:00:00,85,5,8,1,0,0,0
2025-08-16 18:00:00,93,5,8,1,0,0,0
2025-08-16 19:00:00,85,5,8,1,0,0,0
2025-08-16 20:00:00,91,5,8,1,0,0,0
2025-08-16 21:00:00,79,5,8,1,0,0,0
2025-08-16 22:00:00,82,5,8,1,0,0,0
2025-08-16 23:00:00,77,5,8,1,0,0,0
2025-08-17 00:00:00,58,6,8,1,0,0,0
2025-08-17 01:00:00,55,6,8,1,0,0,0
2025-08-17 02:00:00,52,6,8,1,0,0,0
2025-08-17 03:00:00,59,6,8,1,0,0,0
2025-08-17 04:00:00,50,6,8,1,0,0,0
2025-08-17 05:00:00,54,6,8,1,0,0,0
2025-08-17 06:00:00,76,6,8,1,0,0,0
2025-08-17 07:00:00,78,6,8,1,0,0,0
2025-08-17 08:00:00,90,6,8,1,0,0,0
2025-08-17 09:00:00,100,6,8,1,0,0,0
2025-08-17 10:00:00,99,6,8,1,0,0,0
2025-08-17 11:00:00,115,6,8,1,0,0,0
2025-08-17 12:00:00,111,6,8,1,0,0,0
2025-08-17 13:00:00,97,6,8,1,0,0,0
2025-08-17 14:00:00,95,6,8,1,0,0,0
2025-08-17 15:00:00,99,6,8,1,0,0,0
2025-08-17 16:00:00,95,6,8,1,0,0,0
2025-08-17 17:00:00,86,6,8,1,0,0,0
2025-08-17 18:00:00,87,6,8,1,0,0,0
2025-08-17 19:00:00,89,6,8,1,0,0,0
2025-08-17 20:00:00,89,6,8,1,0,0,0
2025-08-17 21:00:00,77,6,8,1,0,0,0
2025-08-17 22:00:00,74,6,8,1,0,0,0
2025-08-17 23:00:00,74,6,8,1,0,0,0
2025-08-18 00:00:00,72,0,8,0,0,0,0
2025-08-18 01:00:00,84,0,8,0,0,0,0
2025-08-18 02:00:00,75,0,8,0,0,0,0
2025-08-18 03:00:00,80,0,8,0,0,0,0
2025-08-18 04:00:00,77,0,8,0,0,0,0
2025-08-18 05:00:00,75,0,8,0,0,0,0
2025-08-18 06:00:00,91,0,8,0,0,0,0
2025-08-18 07:00:00,103,0,8,0,0,0,0
2025-08-18 08:00:00,117,0,8,0,0,0,0
2025-08-18 09:00:00,130,0,8,0,0,0,0
2025-08-18 10:00:00,139,0,8,0,0,0,0
2025-08-18 11:00:00,136,0,8,0,0,0,0
2025-08-18 12:00:00,141,0,8,0,0,0,0
2025-08-18 13:00:00,121,0,8,0,0,0,0
2025-08-18 14:00:00,125,0,8,0,0,0,0
2025-08-18 15:00:00,131,0,8,0,0,0,0
2025-08-18 16:00:00,125,0,8,0,0,0,0
2025-08-18 17:00:00,116,0,8,0,0,0,0
2025-08-18 18:00:00,112,0,8,0,0,0,0
2025-08-18 19:00:00,124,0,8,0,0,0,0
2025-08-18 20:00:00,115,0,8,0,0,0,0
2025-08-18 21:00:00,98,0,8,0,0,0,0
2025-08-18 22:00:00,99,0,8,0,0,0,0
2025-08-18 23:00:00,97,0,8,0,0,0,0
2025-08-19 00:00:00,87,1,8,0,0,0,0
2025-08-19 01:00:00,86,1,8,0,0,0,0
2025-08-19 02:00:00,76,1,8,0,0,0,0
2025-08-19 03:00:00,84,1,8,0,0,0,0
2025-08-19 04:00:00,82,1,8,0,0,0,0
2025-08-19 05:00:00,80,1,8,0,0,0,0
2025-08-19 06:00:00,108,1,8,0,0,0,0
2025-08-19 07:00:00,113,1,8,0,0,0,0
2025-08-19 08:00:00,131,1,8,0,0,0,0
2025-08-19 09:00:00,144,1,8,0,0,0,0
2025-08-19 10:00:00,151,1,8,0,0,0,0
2025-08-19 11:00:00,154,1,8,0,0,0,0
2025-08-19 12:00:00,149,1,8,0,0,0,0
2025-08-19 13:00:00,135,1,8,0,0,0,0
2025-08-19 14:00:00,131,1,8,0,0,0,0
2025-08-19 15:00:00,125,1,8,0,0,0,0
2025-08-19 16:00:00,127,1,8,0,0,0,0
2025-08-19 17:00:00,123,1,8,0,0,0,0
2025-08-19 18:00:00,124,1,8,0,0,0,0
2025-08-19 19:00:00,130,1,8,0,0,0,0
2025-08-19 20:00:00,111,1,8,0,0,0,0
2025-08-19 21:00:00,105,1,8,0,0,0,0
2025-08-19 22:00:00,111,1,8,0,0,0,0
2025-08-19 23:00:00,101,1,8,0,0,0,0
2025-08-20 00:00:00,93,2,8,0,0,0,0
2025-08-20 01:00:00,90,2,8,0,0,0,0
2025-08-20 02:00:00,83,2,8,0,0,0,0
2025-08-20 03:00:00,85,2,8,0,0,0,0
2025-08-20 04:00:00,90,2,8,0,0,0,0
2025-08-20 05:00:00,89,2,8,0,0,0,0
2025-08-20 06:00:00,116,2,8,0,0,0,0
2025-08-20 07:00:00,116,2,8,0,0,0,0
2025-08-20 08:00:00,140,2,8,0,0,0,0
2025-08-20 09:00:00,154,2,8,0,0,0,0
2025-08-20 10:00:00,149,2,8,0,0,0,0
2025-08-20 11:00:00,158,2,8,0,0,0,0
2025-08-20 12:00:00,154,2,8,0,0,0,0
2025-08-20 13:00:00,136,2,8,0,0,0,0
2025-08-20 14:00:00,142,2,8,0,0,0,0
2025-08-20 15:00:00,141,2,8,0,0,0,0
2025-08-20 16:00:00,137,2,8,0,0,0,0
2025-08-20 17:00:00,128,2,8,0,0,0,0
2025-08-20 18:00:00,117,2,8,0,0,0,0
2025-08-20 19:00:00,129,2,8,0,0,0,0
2025-08-20 20:00:00,129,2,8,0,0,0,0
2025-08-20 21:00:00,113,2,8,0,0,0,0
2025-08-20 22:00:00,112,2,8,0,0,0,0
2025-08-20 23:00:00,117,2,8,0,0,0,0
2025-08-21 00:00:00,94,3,8,0,0,0,0
2025-08-21 01:00:00,92,3,8,0,0,0,0
2025-08-21 02:00:00,91,3,8,0,0,0,0
2025-08-21 03:00:00,93,3,8,0,0,0,0
2025-08-21 04:00:00,87,3,8,0,0,0,0
2025-08-21 05:00:00,89,3,8,0,0,0,0
2025-08-21 06:00:00,110,3,8,0,0,0,0
2025-08-21 07:00:00,116,3,8,0,0,0,0
2025-08-21 08:00:00,139,3,8,0,0,0,0
2025-08-21 09:00:00,153,3,8,0,0,0,0
2025-08-21 10:00:00,158,3,8,0,0,0,0
2025-08-21 11:00:00,157,3,8,0,0,0,0
2025-08-21 12:00:00,153,3,8,0,0,0,0
2025-08-21 13:00:00,135,3,8,0,0,0,0
2025-08-21 14:00:00,137,3,8,0,0,0,0
2025-08-21 15:00:00,142,3,8,0,0,0,0
2025-08-21 16:00:00,139,3,8,0,0,0,0
2025-08-21 17:00:00,127,3,8,0,0,0,0
2025-08-21 18:00:00,130,3,8,0,0,0,0
2025-08-21 19:00:00,134,3,8,0,0,0,0
2025-08-21 20:00:00,136,3,8,0,0,0,0
2025-08-21 21:00:00,118,3,8,0,0,0,0
2025-08-21 22:00:00,113,3,8,0,0,0,0
2025-08-21 23:00:00,114,3,8,0,0,0,0
2025-08-22 00:00:00,88,4,8,0,0,0,0
2025-08-22 01:00:00,88,4,8,0,0,0,0
2025-08-22 02:00:00,90,4,8,0,0,0,0
2025-08-22 03:00:00,92,4,8,0,0,0,0
2025-08-22 04:00:00,94,4,8,0,0,0,0
2025-08-22 05:00:00,88,4,8,0,0,0,0
2025-08-22 06:00:00,109,4,8,0,0,0,0
2025-08-22 07:00:00,113,4,8,0,0,0,0
2025-08-22 08:00:00,139,4,8,0,0,0,0
2025-08-22 09:00:00,146,4,8,0,0,0,0
2025-08-22 10:00:00,158,4,8,0,0,0,0
2025-08-22 11:00:00,153,4,8,0,0,0,0
2025-08-22 12:00:00,150,4,8,0,0,0,0
2025-08-22 13:00:00,134,4,8,0,0,0,0
2025-08-22 14:00:00,134,4,8,0,0,0,0
2025-08-22 15:00:00,130,4,8,0,0,0,0
2025-08-22 16:00:00,127,4,8,0,0,0,0
2025-08-22 17:00:00,122,4,8,0,0,0,0
2025-08-22 18:00:00,124,4,8,0,0,0,0
2025-08-22 19:00:00,129,4,8,0,0,0,0
2025-08-22 20:00:00,125,4,8,0,0,0,0
2025-08-22 21:00:00,115,4,8,0,0,0,0
2025-08-22 22:00:00,119,4,8,0,0,0,0
2025-08-22 23:00:00,110,4,8,0,0,0,0
2025-08-23 00:00:00,58,5,8,1,0,0,0
2025-08-23 01:00:00,57,5,8,1,0,0,0
2025-08-23 02:00:00,60,5,8,1,0,0,0
2025-08-23 03:00:00,53,5,8,1,0,0,0
2025-08-23 04:00:00,66,5,8,1,0,0,0
2025-08-23 05:00:00,54,5,8,1,0,0,0
2025-08-23 06:00:00,74,5,8,1,0,0,0
2025-08-23 07:00:00,79,5,8,1,0,0,0
2025-08-23 08:00:00,96,5,8,1,0,0,0
2025-08-23 09:00:00,105,5,8,1,0,0,0
2025-08-23 10:00:00,104,5,8,1,0,0,0
2025-08-23 11:00:00,112,5,8,1,0,0,0
2025-08-23 12:00:00,114,5,8,1,0,0,0
2025-08-23 13:00:00,105,5,8,1,0,0,0
2025-08-23 14:00:00,101,5,8,1,0,0,0
2025-08-23 15:00:00,92,5,8,1,0,0,0
2025-08-23 16:00:00,93,5,8,1,0,0,0
2025-08-23 17:00:00,82,5,8,1,0,0,0
2025-08-23 18:00:00,94,5,8,1,0,0,0
2025-08-23 19:00:00,86,5,8,1,0,0,0
2025-08-23 20:00:00,83,5,8,1,0,0,0
2025-08-23 21:00:00,80,5,8,1,0,0,0
2025-08-23 22:00:00,86,5,8,1,0,0,0
2025-08-23 23:00:00,77,5,8,1,0,0,0
2025-08-24 00:00:00,58,6,8,1,0,0,0
2025-08-24 01:00:00,53,6,8,1,0,0,0
2025-08-24 02:00:00,51,6,8,1,0,0,0
2025-08-24 03:00:00,59,6,8,1,0,0,0
2025-08-24 04:00:00,61,6,8,1,0,0,0
2025-08-24 05:00:00,57,6,8,1,0,0,0
2025-08-24 06:00:00,70,6,8,1,0,0,0
2025-08-24 07:00:00,81,6,8,1,0,0,0
2025-08-24 08:00:00,92,6,8,1,0,0,0
2025-08-24 09:00:00,101,6,8,1,0,0,0
2025-08-24 10:00:00,108,6,8,1,0,0,0
2025-08-24 11:00:00,108,6,8,1,0,0,0
2025-08-24 12:00:00,101,6,8,1,0,0,0
2025-08-24 13:00:00,95,6,8,1,0,0,0
2025-08-24 14:00:00,86,6,8,1,0,0,0
2025-08-24 15:00:00,88,6,8,1,0,0,0
2025-08-24 16:00:00,93,6,8,1,0,0,0
2025-08-24 17:00:00,83,6,8,1,0,0,0
2025-08-24 18:00:00,89,6,8,1,0,0,0
2025-08-24 19:00:00,80,6,8,1,0,0,0
2025-08-24 20:00:00,95,6,8,1,0,0,0
2025-08-24 21:00:00,81,6,8,1,0,0,0
2025-08-24 22:00:00,76,6,8,1,0,0,0
2025-08-24 23:00:00,78,6,8,1,0,0,0
2025-08-25 00:00:00,76,0,8,0,0,0,0
2025-08-25 01:00:00,79,0,8,0,0,0,0
2025-08-25 02:00:00,82,0,8,0,0,0,0
2025-08-25 03:00:00,75,0,8,0,0,0,0
2025-08-25 04:00:00,75,0,8,0,0,0,0
2025-08-25 05:00:00,84,0,8,0,0,0,0
2025-08-25 06:00:00,107,0,8,0,0,0,0
2025-08-25 07:00:00,109,0,8,0,0,0,0
2025-08-25 08:00:00,126,0,8,0,0,0,0
2025-08-25 09:00:00,138,0,8,0,0,0,0
2025-08-25 10:00:00,142,0,8,0,0,0,0
2025-08-25 11:00:00,138,0,8,0,0,0,0
2025-08-25 12:00:00,146,0,8,0,0,0,0
2025-08-25 13:00:00,126,0,8,0,0,0,0
2025-08-25 14:00:00,124,0,8,0,0,0,0
2025-08-25 15:00:00,125,0,8,0,0,0,0
2025-08-25 16:00:00,125,0,8,0,0,0,0
2025-08-25 17:00:00,114,0,8,0,0,0,0
2025-08-25 18:00:00,117,0,8,0,0,0,0
2025-08-25 19:00:00,123,0,8,0,0,0,0
2025-08-25 20:00:00,114,0,8,0,0,0,0
2025-08-25 21:00:00,107,0,8,0,0,0,0
2025-08-25 22:00:00,109,0,8,0,0,0,0
2025-08-25 23:00:00,105,0,8,0,0,0,0
2025-08-26 00:00:00,85,1,8,0,0,0,0
2025-08-26 01:00:00,77,1,8,0,0,0,0
2025-08-26 02:00:00,88,1,8,0,0,0,0
2025-08-26 03:00:00,91,1,8,0,0,0,0
2025-08-26 04:00:00,91,1,8,0,0,0,0
2025-08-26 05:00:00,85,1,8,0,0,0,0
2025-08-26 06:00:00,105,1,8,0,0,0,0
2025-08-26 07:00:00,107,1,8,0,0,0,0
2025-08-26 08:00:00,132,1,8,0,0,0,0
2025-08-26 09:00:00,146,1,8,0,0,0,0
2025-08-26 10:00:00,153,1,8,0,0,0,0
2025-08-26 11:00:00,149,1,8,0,0,0,0
2025-08-26 12:00:00,152,1,8,0,0,0,0
2025-08-26 13:00:00,135,1,8,0,0,0,0
2025-08-26 14:00:00,126,1,8,0,0,0,0
2025-08-26 15:00:00,130,1,8,0,0,0,0
2025-08-26 16:00:00,132,1,8,0,0,0,0
2025-08-26 17:00:00,122,1,8,0,0,0,0
2025-08-26 18:00:00,125,1,8,0,0,0,0
2025-08-26 19:00:00,116,1,8,0,0,0,0
2025-08-26 20:00:00,117,1,8,0,0,0,0
2025-08-26 21:00:00,108,1,8,0,0,0,0
2025-08-26 22:00:00,102,1,8,0,0,0,0
2025-08-26 23:00:00,110,1,8,0,0,0,0
2025-08-27 00:00:00,91,2,8,0,0,0,0
2025-08-27 01:00:00,87,2,8,0,0,0,0
2025-08-27 02:00:00,87,2,8,0,0,0,0
2025-08-27 03:00:00,91,2,8,0,0,0,0
2025-08-27 04:00:00,90,2,8,0,0,0,0
2025-08-27 05:00:00,87,2,8,0,0,0,0
2025-08-27 06:00:00,115,2,8,0,0,0,0
2025-08-27 07:00:00,107,2,8,0,0,0,0
2025-08-27 08:00:00,136,2,8,0,0,0,0
2025-08-27 09:00:00,150,2,8,0,0,0,0
2025-08-27 10:00:00,154,2,8,0,0,0,0
2025-08-27 11:00:00,145,2,8,0,0,0,0
2025-08-27 12:00:00,148,2,8,0,0,0,0
2025-08-27 13:00:00,141,2,8,0,0,0,0
2025-08-27 14:00:00,139,2,8,0,0,0,0
2025-08-27 15:00:00,137,2,8,0,0,0,0
2025-08-27 16:00:00,138,2,8,0,0,0,0
2025-08-27 17:00:00,129,2,8,0,0,0,0
2025-08-27 18:00:00,132,2,8,0,0,0,0
2025-08-27 19:00:00,127,2,8,0,0,0,0
2025-08-27 20:00:00,131,2,8,0,0,0,0
2025-08-27 21:00:00,118,2,8,0,0,0,0
2025-08-27 22:00:00,110,2,8,0,0,0,0
2025-08-27 23:00:00,114,2,8,0,0,0,0
2025-08-28 00:00:00,89,3,8,0,0,0,0
2025-08-28 01:00:00,89,3,8,0,0,0,0
2025-08-28 02:00:00,96,3,8,0,0,0,0
2025-08-28 03:00:00,84,3,8,0,0,0,0
2025-08-28 04:00:00,91,3,8,0,0,0,0
2025-08-28 05:00:00,91,3,8,0,0,0,0
2025-08-28 06:00:00,113,3,8,0,0,0,0
2025-08-28 07:00:00,117,3,8,0,0,0,0
2025-08-28 08:00:00,140,3,8,0,0,0,0
2025-08-28 09:00:00,154,3,8,0,0,0,0
2025-08-28 10:00:00,154,3,8,0,0,0,0
2025-08-28 11:00:00,157,3,8,0,0,0,0
2025-08-28 12:00:00,158,3,8,0,0,0,0
2025-08-28 13:00:00,130,3,8,0,0,0,0
2025-08-28 14:00:00,141,3,8,0,0,0,0
2025-08-28 15:00:00,141,3,8,0,0,0,0
2025-08-28 16:00:00,145,3,8,0,0,0,0
2025-08-28 17:00:00,121,3,8,0,0,0,0
2025-08-28 18:00:00,130,3,8,0,0,0,0
2025-08-28 19:00:00,137,3,8,0,0,0,0
2025-08-28 20:00:00,134,3,8,0,0,0,0
2025-08-28 21:00:00,115,3,8,0,0,0,0
2025-08-28 22:00:00,112,3,8,0,0,0,0
2025-08-28 23:00:00,112,3,8,0,0,0,0
2025-08-29 00:00:00,86,4,8,0,0,0,0
2025-08-29 01:00:00,88,4,8,0,0,0,0
2025-08-29 02:00:00,86,4,8,0,0,0,0
2025-08-29 03:00:00,84,4,8,0,0,0,0
2025-08-29 04:00:00,77,4,8,0,0,0,0
2025-08-29 05:00:00,83,4,8,0,0,0,0
2025-08-29 06:00:00,120,4,8,0,0,0,0
2025-08-29 07:00:00,110,4,8,0,0,0,0
2025-08-29 08:00:00,136,4,8,0,0,0,0
2025-08-29 09:00:00,150,4,8,0,0,0,0
2025-08-29 10:00:00,151,4,8,0,0,0,0
2025-08-29 11:00:00,146,4,8,0,0,0,0
2025-08-29 12:00:00,152,4,8,0,0,0,0
2025-08-29 13:00:00,132,4,8,0,0,0,0
2025-08-29 14:00:00,141,4,8,0,0,0,0
2025-08-29 15:00:00,134,4,8,0,0,0,0
2025-08-29 16:00:00,137,4,8,0,0,0,0
2025-08-29 17:00:00,121,4,8,0,0,0,0
2025-08-29 18:00:00,131,4,8,0,0,0,0
2025-08-29 19:00:00,125,4,8,0,0,0,0
2025-08-29 20:00:00,131,4,8,0,0,0,0
2025-08-29 21:00:00,108,4,8,0,0,0,0
2025-08-29 22:00:00,115,4,8,0,0,0,0
2025-08-29 23:00:00,111,4,8,0,0,0,0
2025-08-30 00:00:00,68,5,8,1,0,0,0
2025-08-30 01:00:00,57,5,8,1,0,0,0
2025-08-30 02:00:00,59,5,8,1,0,0,0
2025-08-30 03:00:00,64,5,8,1,0,0,0
2025-08-30 04:00:00,66,5,8,1,0,0,0
2025-08-30 05:00:00,55,5,8,1,0,0,0
2025-08-30 06:00:00,86,5,8,1,0,0,0
2025-08-30 07:00:00,86,5,8,1,0,0,0
2025-08-30 08:00:00,104,5,8,1,0,0,0
2025-08-30 09:00:00,112,5,8,1,0,0,0
2025-08-30 10:00:00,106,5,8,1,0,0,0
2025-08-30 11:00:00,111,5,8,1,0,0,0
2025-08-30 12:00:00,105,5,8,1,0,0,0
2025-08-30 13:00:00,96,5,8,1,0,0,0
2025-08-30 14:00:00,99,5,8,1,0,0,0
2025-08-30 15:00:00,105,5,8,1,0,0,0
2025-08-30 16:00:00,101,5,8,1,0,0,0
2025-08-30 17:00:00,89,5,8,1,0,0,0
2025-08-30 18:00:00,87,5,8,1,0,0,0
2025-08-30 19:00:00,88,5,8,1,0,0,0
2025-08-30 20:00:00,87,5,8,1,0,0,0
2025-08-30 21:00:00,78,5,8,1,0,0,0
2025-08-30 22:00:00,80,5,8,1,0,0,0
2025-08-30 23:00:00,78,5,8,1,0,0,0
2025-08-31 00:00:00,57,6,8,1,0,0,0
2025-08-31 01:00:00,59,6,8,1,0,0,0
2025-08-31 02:00:00,54,6,8,1,0,0,0
2025-08-31 03:00:00,57,6,8,1,0,0,0
2025-08-31 04:00:00,58,6,8,1,0,0,0
2025-08-31 05:00:00,55,6,8,1,0,0,0
2025-08-31 06:00:00,72,6,8,1,0,0,0
2025-08-31 07:00:00,76,6,8,1,0,0,0
2025-08-31 08:00:00,90,6,8,1,0,0,0
2025-08-31 09:00:00,100,6,8,1,0,0,0
2025-08-31 10:00:00,108,6,8,1,0,0,0
2025-08-31 11:00:00,112,6,8,1,0,0,0
2025-08-31 12:00:00,103,6,8,1,0,0,0
2025-08-31 13:00:00,90,6,8,1,0,0,0
2025-08-31 14:00:00,94,6,8,1,0,0,0
2025-08-31 15:00:00,96,6,8,1,0,0,0
2025-08-31 16:00:00,98,6,8,1,0,0,0
2025-08-31 17:00:00,83,6,8,1,0,0,0
2025-08-31 18:00:00,84,6,8,1,0,0,0
2025-08-31 19:00:00,79,6,8,1,0,0,0
2025-08-31 20:00:00,84,6,8,1,0,0,0
2025-08-31 21:00:00,78,6,8,1,0,0,0
2025-08-31 22:00:00,75,6,8,1,0,0,0
2025-08-31 23:00:00,75,6,8,1,0,0,0
2025-09-01 00:00:00,94,0,9,0,0,0,0
2025-09-01 01:00:00,87,0,9,0,0,0,0
2025-09-01 02:00:00,93,0,9,0,0,0,0
2025-09-01 03:00:00,91,0,9,0,0,0,0
2025-09-01 04:00:00,88,0,9,0,0,0,0
2025-09-01 05:00:00,88,0,9,0,0,0,0
2025-09-01 06:00:00,117,0,9,0,0,0,0
2025-09-01 07:00:00,113,0,9,0,0,0,0
2025-09-01 08:00:00,136,0,9,0,0,0,0
2025-09-01 09:00:00,150,0,9,0,0,0,0
2025-09-01 10:00:00,158,0,9,0,0,0,0
2025-09-01 11:00:00,162,0,9,0,0,0,0
2025-09-01 12:00:00,164,0,9,0,0,0,0
2025-09-01 13:00:00,149,0,9,0,0,0,0
2025-09-01 14:00:00,144,0,9,0,0,0,0
2025-09-01 15:00:00,140,0,9,0,0,0,0
2025-09-01 16:00:00,146,0,9,0,0,0,0
2025-09-01 17:00:00,141,0,9,0,0,0,0
2025-09-01 18:00:00,136,0,9,0,0,0,0
2025-09-01 19:00:00,134,0,9,0,0,0,0
2025-09-01 20:00:00,138,0,9,0,0,0,0
2025-09-01 21:00:00,121,0,9,0,0,0,0
2025-09-01 22:00:00,113,0,9,0,0,0,0
2025-09-01 23:00:00,117,0,9,0,0,0,0
2025-09-02 00:00:00,96,1,9,0,0,0,0
2025-09-02 01:00:00,98,1,9,0,0,0,0
2025-09-02 02:00:00,93,1,9,0,0,0,0
2025-09-02 03:00:00,97,1,9,0,0,0,0
2025-09-02 04:00:00,94,1,9,0,0,0,0
2025-09-02 05:00:00,98,1,9,0,0,0,0
2025-09-02 06:00:00,127,1,9,0,0,0,0
2025-09-02 07:00:00,124,1,9,0,0,0,0
2025-09-02 08:00:00,151,1,9,0,0,0,0
2025-09-02 09:00:00,166,1,9,0,0,0,0
2025-09-02 10:00:00,172,1,9,0,0,0,0
2025-09-02 11:00:00,173,1,9,0,0,0,0
2025-09-02 12:00:00,171,1,9,0,0,0,0
2025-09-02 13:00:00,151,1,9,0,0,0,0
2025-09-02 14:00:00,152,1,9,0,0,0,0
2025-09-02 15:00:00,152,1,9,0,0,0,0
2025-09-02 16:00:00,153,1,9,0,0,0,0
2025-09-02 17:00:00,138,1,9,0,0,0,0
2025-09-02 18:00:00,142,1,9,0,0,0,0
2025-09-02 19:00:00,139,1,9,0,0,0,0
2025-09-02 20:00:00,132,1,9,0,0,0,0
2025-09-02 21:00:00,130,1,9,0,0,0,0
2025-09-02 22:00:00,125,1,9,0,0,0,0
2025-09-02 23:00:00,128,1,9,0,0,0,0
2025-09-03 00:00:00,105,2,9,0,0,0,0
2025-09-03 01:00:00,103,2,9,0,0,0,0
2025-09-03 02:00:00,106,2,9,0,0,0,0
2025-09-03 03:00:00,106,2,9,0,0,0,0
2025-09-03 04:00:00,104,2,9,0,0,0,0
2025-09-03 05:00:00,101,2,9,0,0,0,0
2025-09-03 06:00:00,124,2,9,0,0,0,0
2025-09-03 07:00:00,138,2,9,0,0,0,0
2025-09-03 08:00:00,162,2,9,0,0,0,0
2025-09-03 09:00:00,178,2,9,0,0,0,0
2025-09-03 10:00:00,174,2,9,0,0,0,0
2025-09-03 11:00:00,175,2,9,0,0,0,0
2025-09-03 12:00:00,177,2,9,0,0,0,0
2025-09-03 13:00:00,162,2,9,0,0,0,0
2025-09-03 14:00:00,157,2,9,0,0,0,0
2025-09-03 15:00:00,165,2,9,0,0,0,0
2025-09-03 16:00:00,159,2,9,0,0,0,0
2025-09-03 17:00:00,148,2,9,0,0,0,0
2025-09-03 18:00:00,144,2,9,0,0,0,0
2025-09-03 19:00:00,153,2,9,0,0,0,0
2025-09-03 20:00:00,149,2,9,0,0,0,0
2025-09-03 21:00:00,132,2,9,0,0,0,0
2025-09-03 22:00:00,137,2,9,0,0,0,0
2025-09-03 23:00:00,131,2,9,0,0,0,0
2025-09-04 00:00:00,107,3,9,0,0,0,0
2025-09-04 01:00:00,104,3,9,0,0,0,0
2025-09-04 02:00:00,101,3,9,0,0,0,0
2025-09-04 03:00:00,100,3,9,0,0,0,0
2025-09-04 04:00:00,102,3,9,0,0,0,0
2025-09-04 05:00:00,99,3,9,0,0,0,0
2025-09-04 06:00:00,137,3,9,0,0,0,0
2025-09-04 07:00:00,128,3,9,0,0,0,0
2025-09-04 08:00:00,161,3,9,0,0,0,0
2025-09-04 09:00:00,175,3,9,0,0,0,0
2025-09-04 10:00:00,180,3,9,0,0,0,0
2025-09-04 11:00:00,170,3,9,0,0,0,0
2025-09-04 12:00:00,178,3,9,0,0,0,0
2025-09-04 13:00:00,158,3,9,0,0,0,0
2025-09-04 14:00:00,151,3,9,0,0,0,0
2025-09-04 15:00:00,155,3,9,0,0,0,0
2025-09-04 16:00:00,161,3,9,0,0,0,0
2025-09-04 17:00:00,146,3,9,0,0,0,0
2025-09-04 18:00:00,150,3,9,0,0,0,0
2025-09-04 19:00:00,151,3,9,0,0,0,0
2025-09-04 20:00:00,146,3,9,0,0,0,0
2025-09-04 21:00:00,131,3,9,0,0,0,0
2025-09-04 22:00:00,128,3,9,0,0,0,0
2025-09-04 23:00:00,138,3,9,0,0,0,0
2025-09-05 00:00:00,101,4,9,0,0,0,0
2025-09-05 01:00:00,89,4,9,0,0,0,0
2025-09-05 02:00:00,103,4,9,0,0,0,0
2025-09-05 03:00:00,98,4,9,0,0,0,0
2025-09-05 04:00:00,97,4,9,0,0,0,0
2025-09-05 05:00:00,95,4,9,0,0,0,0
2025-09-05 06:00:00,129,4,9,0,0,0,0
2025-09-05 07:00:00,133,4,9,0,0,0,0
2025-09-05 08:00:00,158,4,9,0,0,0,0
2025-09-05 09:00:00,173,4,9,0,0,0,0
2025-09-05 10:00:00,179,4,9,0,0,0,0
2025-09-05 11:00:00,168,4,9,0,0,0,0
2025-09-05 12:00:00,177,4,9,0,0,0,0
2025-09-05 13:00:00,157,4,9,0,0,0,0
2025-09-05 14:00:00,155,4,9,0,0,0,0
2025-09-05 15:00:00,158,4,9,0,0,0,0
2025-09-05 16:00:00,163,4,9,0,0,0,0
2025-09-05 17:00:00,142,4,9,0,0,0,0
2025-09-05 18:00:00,151,4,9,0,0,0,0
2025-09-05 19:00:00,138,4,9,0,0,0,0
2025-09-05 20:00:00,143,4,9,0,0,0,0
2025-09-05 21:00:00,132,4,9,0,0,0,0
2025-09-05 22:00:00,131,4,9,0,0,0,0
2025-09-05 23:00:00,132,4,9,0,0,0,0
2025-09-06 00:00:00,76,5,9,1,0,0,0
2025-09-06 01:00:00,77,5,9,1,0,0,0
2025-09-06 02:00:00,77,5,9,1,0,0,0
2025-09-06 03:00:00,72,5,9,1,0,0,0
2025-09-06 04:00:00,68,5,9,1,0,0,0
2025-09-06 05:00:00,77,5,9,1,0,0,0
2025-09-06 06:00:00,95,5,9,1,0,0,0
2025-09-06 07:00:00,94,5,9,1,0,0,0
2025-09-06 08:00:00,119,5,9,1,0,0,0
2025-09-06 09:00:00,126,5,9,1,0,0,0
2025-09-06 10:00:00,133,5,9,1,0,0,0
2025-09-06 11:00:00,136,5,9,1,0,0,0
2025-09-06 12:00:00,121,5,9,1,0,0,0
2025-09-06 13:00:00,120,5,9,1,0,0,0
2025-09-06 14:00:00,116,5,9,1,0,0,0
2025-09-06 15:00:00,111,5,9,1,0,0,0
2025-09-06 16:00:00,113,5,9,1,0,0,0
2025-09-06 17:00:00,103,5,9,1,0,0,0
2025-09-06 18:00:00,111,5,9,1,0,0,0
2025-09-06 19:00:00,110,5,9,1,0,0,0
2025-09-06 20:00:00,103,5,9,1,0,0,0
2025-09-06 21:00:00,99,5,9,1,0,0,0
2025-09-06 22:00:00,99,5,9,1,0,0,0
2025-09-06 23:00:00,99,5,9,1,0,0,0
2025-09-07 00:00:00,66,6,9,1,0,0,0
2025-09-07 01:00:00,65,6,9,1,0,0,0
2025-09-07 02:00:00,68,6,9,1,0,0,0
2025-09-07 03:00:00,71,6,9,1,0,0,0
2025-09-07 04:00:00,71,6,9,1,0,0,0
2025-09-07 05:00:00,70,6,9,1,0,0,0
2025-09-07 06:00:00,88,6,9,1,0,0,0
2025-09-07 07:00:00,101,6,9,1,0,0,0
2025-09-07 08:00:00,113,6,9,1,0,0,0
2025-09-07 09:00:00,122,6,9,1,0,0,0
2025-09-07 10:00:00,123,6,9,1,0,0,0
2025-09-07 11:00:00,127,6,9,1,0,0,0
2025-09-07 12:00:00,125,6,9,1,0,0,0
2025-09-07 13:00:00,115,6,9,1,0,0,0
2025-09-07 14:00:00,117,6,9,1,0,0,0
2025-09-07 15:00:00,117,6,9,1,0,0,0
2025-09-07 16:00:00,111,6,9,1,0,0,0
2025-09-07 17:00:00,97,6,9,1,0,0,0
2025-09-07 18:00:00,99,6,9,1,0,0,0
2025-09-07 19:00:00,103,6,9,1,0,0,0
2025-09-07 20:00:00,99,6,9,1,0,0,0
2025-09-07 21:00:00,87,6,9,1,0,0,0
2025-09-07 22:00:00,96,6,9,1,0,0,0
2025-09-07 23:00:00,86,6,9,1,0,0,0
2025-09-08 00:00:00,90,0,9,0,0,0,0
2025-09-08 01:00:00,99,0,9,0,0,0,0
2025-09-08 02:00:00,93,0,9,0,0,0,0
2025-09-08 03:00:00,91,0,9,0,0,0,0
2025-09-08 04:00:00,96,0,9,0,0,0,0
2025-09-08 05:00:00,95,0,9,0,0,0,0
2025-09-08 06:00:00,121,0,9,0,0,0,0
2025-09-08 07:00:00,113,0,9,0,0,0,0
2025-09-08 08:00:00,142,0,9,0,0,0,0
2025-09-08 09:00:00,155,0,9,0,0,0,0
2025-09-08 10:00:00,168,0,9,0,0,0,0
2025-09-08 11:00:00,161,0,9,0,0,0,0
2025-09-08 12:00:00,162,0,9,0,0,0,0
2025-09-08 13:00:00,143,0,9,0,0,0,0
2025-09-08 14:00:00,153,0,9,0,0,0,0
2025-09-08 15:00:00,151,0,9,0,0,0,0
2025-09-08 16:00:00,146,0,9,0,0,0,0
2025-09-08 17:00:00,131,0,9,0,0,0,0
2025-09-08 18:00:00,139,0,9,0,0,0,0
2025-09-08 19:00:00,132,0,9,0,0,0,0
2025-09-08 20:00:00,126,0,9,0,0,0,0
2025-09-08 21:00:00,124,0,9,0,0,0,0
2025-09-08 22:00:00,123,0,9,0,0,0,0
2025-09-08 23:00:00,125,0,9,0,0,0,0
2025-09-09 00:00:00,94,1,9,0,0,0,0
2025-09-09 01:00:00,98,1,9,0,0,0,0
2025-09-09 02:00:00,105,1,9,0,0,0,0
2025-09-09 03:00:00,102,1,9,0,0,0,0
2025-09-09 04:00:00,100,1,9,0,0,0,0
2025-09-09 05:00:00,98,1,9,0,0,0,0
2025-09-09 06:00:00,128,1,9,0,0,0,0
2025-09-09 07:00:00,126,1,9,0,0,0,0
2025-09-09 08:00:00,155,1,9,0,0,0,0
2025-09-09 09:00:00,170,1,9,0,0,0,0
2025-09-09 10:00:00,164,1,9,0,0,0,0
2025-09-09 11:00:00,171,1,9,0,0,0,0
2025-09-09 12:00:00,173,1,9,0,0,0,0
2025-09-09 13:00:00,146,1,9,0,0,0,0
2025-09-09 14:00:00,158,1,9,0,0,0,0
2025-09-09 15:00:00,157,1,9,0,0,0,0
2025-09-09 16:00:00,155,1,9,0,0,0,0
2025-09-09 17:00:00,144,1,9,0,0,0,0
2025-09-09 18:00:00,140,1,9,0,0,0,0
2025-09-09 19:00:00,141,1,9,0,0,0,0
2025-09-09 20:00:00,142,1,9,0,0,0,0
2025-09-09 21:00:00,130,1,9,0,0,0,0
2025-09-09 22:00:00,133,1,9,0,0,0,0
2025-09-09 23:00:00,135,1,9,0,0,0,0
2025-09-10 00:00:00,98,2,9,0,0,0,0
2025-09-10 01:00:00,103,2,9,0,0,0,0
2025-09-10 02:00:00,104,2,9,0,0,0,0
2025-09-10 03:00:00,99,2,9,0,0,0,0
2025-09-10 04:00:00,102,2,9,0,0,0,0
2025-09-10 05:00:00,105,2,9,0,0,0,0
2025-09-10 06:00:00,129,2,9,0,0,0,0
2025-09-10 07:00:00,134,2,9,0,0,0,0
2025-09-10 08:00:00,161,2,9,0,0,0,0
2025-09-10 09:00:00,177,2,9,0,0,0,0
2025-09-10 10:00:00,178,2,9,0,0,0,0
2025-09-10 11:00:00,173,2,9,0,0,0,0
2025-09-10 12:00:00,174,2,9,0,0,0,0
2025-09-10 13:00:00,160,2,9,0,0,0,0
2025-09-10 14:00:00,154,2,9,0,0,0,0
2025-09-10 15:00:00,162,2,9,0,0,0,0
2025-09-10 16:00:00,157,2,9,0,0,0,0
2025-09-10 17:00:00,144,2,9,0,0,0,0
2025-09-10 18:00:00,150,2,9,0,0,0,0
2025-09-10 19:00:00,152,2,9,0,0,0,0
2025-09-10 20:00:00,156,2,9,0,0,0,0
2025-09-10 21:00:00,133,2,9,0,0,0,0
2025-09-10 22:00:00,130,2,9,0,0,0,0
2025-09-10 23:00:00,134,2,9,0,0,0,0
2025-09-11 00:00:00,108,3,9,0,0,0,0
2025-09-11 01:00:00,103,3,9,0,0,0,0
2025-09-11 02:00:00,107,3,9,0,0,0,0
2025-09-11 03:00:00,104,3,9,0,0,0,0
2025-09-11 04:00:00,113,3,9,0,0,0,0
2025-09-11 05:00:00,104,3,9,0,0,0,0
2025-09-11 06:00:00,137,3,9,0,0,0,0
2025-09-11 07:00:00,136,3,9,0,0,0,0
2025-09-11 08:00:00,166,3,9,0,0,0,0
2025-09-11 09:00:00,171,3,9,0,0,0,0
2025-09-11 10:00:00,185,3,9,0,0,0,0
2025-09-11 11:00:00,176,3,9,0,0,0,0
2025-09-11 12:00:00,181,3,9,0,0,0,0
2025-09-11 13:00:00,168,3,9,0,0,0,0
2025-09-11 14:00:00,167,3,9,0,0,0,0
2025-09-11 15:00:00,160,3,9,0,0,0,0
2025-09-11 16:00:00,160,3,9,0,0,0,0
2025-09-11 17:00:00,142,3,9,0,0,0,0
2025-09-11 18:00:00,146,3,9,0,0,0,0
2025-09-11 19:00:00,151,3,9,0,0,0,0
2025-09-11 20:00:00,150,3,9,0,0,0,0
2025-09-11 21:00:00,138,3,9,0,0,0,0
2025-09-11 22:00:00,133,3,9,0,0,0,0
2025-09-11 23:00:00,140,3,9,0,0,0,0
2025-09-12 00:00:00,95,4,9,0,0,0,0
2025-09-12 01:00:00,107,4,9,0,0,0,0
2025-09-12 02:00:00,99,4,9,0,0,0,0
2025-09-12 03:00:00,101,4,9,0,0,0,0
2025-09-12 04:00:00,98,4,9,0,0,0,0
2025-09-12 05:00:00,99,4,9,0,0,0,0
2025-09-12 06:00:00,126,4,9,0,0,0,0
2025-09-12 07:00:00,136,4,9,0,0,0,0
2025-09-12 08:00:00,159,4,9,0,0,0,0
2025-09-12 09:00:00,176,4,9,0,0,0,0
2025-09-12 10:00:00,175,4,9,0,0,0,0
2025-09-12 11:00:00,171,4,9,0,0,0,0
2025-09-12 12:00:00,176,4,9,0,0,0,0
2025-09-12 13:00:00,161,4,9,0,0,0,0
2025-09-12 14:00:00,157,4,9,0,0,0,0
2025-09-12 15:00:00,157,4,9,0,0,0,0
2025-09-12 16:00:00,157,4,9,0,0,0,0
2025-09-12 17:00:00,147,4,9,0,0,0,0
2025-09-12 18:00:00,149,4,9,0,0,0,0
2025-09-12 19:00:00,141,4,9,0,0,0,0
2025-09-12 20:00:00,148,4,9,0,0,0,0
2025-09-12 21:00:00,132,4,9,0,0,0,0
2025-09-12 22:00:00,126,4,9,0,0,0,0
2025-09-12 23:00:00,135,4,9,0,0,0,0
2025-09-13 00:00:00,69,5,9,1,0,0,0
2025-09-13 01:00:00,75,5,9,1,0,0,0
2025-09-13 02:00:00,75,5,9,1,0,0,0
2025-09-13 03:00:00,80,5,9,1,0,0,0
2025-09-13 04:00:00,71,5,9,1,0,0,0
2025-09-13 05:00:00,75,5,9,1,0,0,0
2025-09-13 06:00:00,87,5,9,1,0,0,0
2025-09-13 07:00:00,92,5,9,1,0,0,0
2025-09-13 08:00:00,117,5,9,1,0,0,0
2025-09-13 09:00:00,130,5,9,1,0,0,0
2025-09-13 10:00:00,130,5,9,1,0,0,0
2025-09-13 11:00:00,129,5,9,1,0,0,0
2025-09-13 12:00:00,130,5,9,1,0,0,0
2025-09-13 13:00:00,116,5,9,1,0,0,0
2025-09-13 14:00:00,116,5,9,1,0,0,0
2025-09-13 15:00:00,112,5,9,1,0,0,0
2025-09-13 16:00:00,116,5,9,1,0,0,0
2025-09-13 17:00:00,107,5,9,1,0,0,0
2025-09-13 18:00:00,111,5,9,1,0,0,0
2025-09-13 19:00:00,106,5,9,1,0,0,0
2025-09-13 20:00:00,114,5,9,1,0,0,0
2025-09-13 21:00:00,92,5,9,1,0,0,0
2025-09-13 22:00:00,95,5,9,1,0,0,0
2025-09-13 23:00:00,95,5,9,1,0,0,0
2025-09-14 00:00:00,71,6,9,1,0,0,0
2025-09-14 01:00:00,69,6,9,1,0,0,0
2025-09-14 02:00:00,63,6,9,1,0,0,0
2025-09-14 03:00:00,67,6,9,1,0,0,0
2025-09-14 04:00:00,71,6,9,1,0,0,0
2025-09-14 05:00:00,77,6,9,1,0,0,0
2025-09-14 06:00:00,93,6,9,1,0,0,0
2025-09-14 07:00:00,89,6,9,1,0,0,0
2025-09-14 08:00:00,112,6,9,1,0,0,0
2025-09-14 09:00:00,123,6,9,1,0,0,0
2025-09-14 10:00:00,128,6,9,1,0,0,0
2025-09-14 11:00:00,127,6,9,1,0,0,0
2025-09-14 12:00:00,133,6,9,1,0,0,0
2025-09-14 13:00:00,110,6,9,1,0,0,0
2025-09-14 14:00:00,116,6,9,1,0,0,0
2025-09-14 15:00:00,108,6,9,1,0,0,0
2025-09-14 16:00:00,120,6,9,1,0,0,0
2025-09-14 17:00:00,98,6,9,1,0,0,0
2025-09-14 18:00:00,95,6,9,1,0,0,0
2025-09-14 19:00:00,102,6,9,1,0,0,0
2025-09-14 20:00:00,101,6,9,1,0,0,0
2025-09-14 21:00:00,98,6,9,1,0,0,0
2025-09-14 22:00:00,93,6,9,1,0,0,0
2025-09-14 23:00:00,99,6,9,1,0,0,0
2025-09-15 00:00:00,99,0,9,0,0,0,0
2025-09-15 01:00:00,105,0,9,0,0,0,0
2025-09-15 02:00:00,91,0,9,0,0,0,0
2025-09-15 03:00:00,105,0,9,0,0,0,0
2025-09-15 04:00:00,88,0,9,0,0,0,0
2025-09-15 05:00:00,105,0,9,0,0,0,0
2025-09-15 06:00:00,112,0,9,0,0,0,0
2025-09-15 07:00:00,122,0,9,0,0,0,0
2025-09-15 08:00:00,146,0,9,0,0,0,0
2025-09-15 09:00:00,161,0,9,0,0,0,0
2025-09-15 10:00:00,169,0,9,0,0,0,0
2025-09-15 11:00:00,169,0,9,0,0,0,0
2025-09-15 12:00:00,153,0,9,0,0,0,0
2025-09-15 13:00:00,155,0,9,0,0,0,0
2025-09-15 14:00:00,150,0,9,0,0,0,0
2025-09-15 15:00:00,153,0,9,0,0,0,0
2025-09-15 16:00:00,147,0,9,0,0,0,0
2025-09-15 17:00:00,137,0,9,0,0,0,0
2025-09-15 18:00:00,135,0,9,0,0,0,0
2025-09-15 19:00:00,144,0,9,0,0,0,0
2025-09-15 20:00:00,143,0,9,0,0,0,0
2025-09-15 21:00:00,127,0,9,0,0,0,0
2025-09-15 22:00:00,118,0,9,0,0,0,0
2025-09-15 23:00:00,120,0,9,0,0,0,0
2025-09-16 00:00:00,107,1,9,0,0,0,0
2025-09-16 01:00:00,105,1,9,0,0,0,0
2025-09-16 02:00:00,98,1,9,0,0,0,0
2025-09-16 03:00:00,95,1,9,0,0,0,0
2025-09-16 04:00:00,103,1,9,0,0,0,0
2025-09-16 05:00:00,106,1,9,0,0,0,0
2025-09-16 06:00:00,127,1,9,0,0,0,0
2025-09-16 07:00:00,126,1,9,0,0,0,0
2025-09-16 08:00:00,157,1,9,0,0,0,0
2025-09-16 09:00:00,169,1,9,0,0,0,0
2025-09-16 10:00:00,167,1,9,0,0,0,0
2025-09-16 11:00:00,172,1,9,0,0,0,0
2025-09-16 12:00:00,173,1,9,0,0,0,0
2025-09-16 13:00:00,147,1,9,0,0,0,0
2025-09-16 14:00:00,152,1,9,0,0,0,0
2025-09-16 15:00:00,156,1,9,0,0,0,0
2025-09-16 16:00:00,149,1,9,0,0,0,0
2025-09-16 17:00:00,143,1,9,0,0,0,0
2025-09-16 18:00:00,145,1,9,0,0,0,0
2025-09-16 19:00:00,150,1,9,0,0,0,0
2025-09-16 20:00:00,147,1,9,0,0,0,0
2025-09-16 21:00:00,128,1,9,0,0,0,0
2025-09-16 22:00:00,132,1,9,0,0,0,0
2025-09-16 23:00:00,133,1,9,0,0,0,0
2025-09-17 00:00:00,107,2,9,0,0,0,0
2025-09-17 01:00:00,105,2,9,0,0,0,0
2025-09-17 02:00:00,95,2,9,0,0,0,0
2025-09-17 03:00:00,103,2,9,0,0,0,0
2025-09-17 04:00:00,106,2,9,0,0,0,0
2025-09-17 05:00:00,106,2,9,0,0,0,0
2025-09-17 06:00:00,136,2,9,0,0,0,0
2025-09-17 07:00:00,133,2,9,0,0,0,0
2025-09-17 08:00:00,163,2,9,0,0,0,0
2025-09-17 09:00:00,176,2,9,0,0,0,0
2025-09-17 10:00:00,180,2,9,0,0,0,0
2025-09-17 11:00:00,175,2,9,0,0,0,0
2025-09-17 12:00:00,172,2,9,0,0,0,0
2025-09-17 13:00:00,160,2,9,0,0,0,0
2025-09-17 14:00:00,153,2,9,0,0,0,0
2025-09-17 15:00:00,157,2,9,0,0,0,0
2025-09-17 16:00:00,164,2,9,0,0,0,0
2025-09-17 17:00:00,149,2,9,0,0,0,0
2025-09-17 18:00:00,146,2,9,0,0,0,0
2025-09-17 19:00:00,146,2,9,0,0,0,0
2025-09-17 20:00:00,144,2,9,0,0,0,0
2025-09-17 21:00:00,137,2,9,0,0,0,0
2025-09-17 22:00:00,144,2,9,0,0,0,0
2025-09-17 23:00:00,130,2,9,0,0,0,0
2025-09-18 00:00:00,108,3,9,0,0,0,0
2025-09-18 01:00:00,107,3,9,0,0,0,0
2025-09-18 02:00:00,108,3,9,0,0,0,0
2025-09-18 03:00:00,107,3,9,0,0,0,0
2025-09-18 04:00:00,107,3,9,0,0,0,0
2025-09-18 05:00:00,104,3,9,0,0,0,0
2025-09-18 06:00:00,135,3,9,0,0,0,0
2025-09-18 07:00:00,143,3,9,0,0,0,0
2025-09-18 08:00:00,169,3,9,0,0,0,0
2025-09-18 09:00:00,173,3,9,0,0,0,0
2025-09-18 10:00:00,183,3,9,0,0,0,0
2025-09-18 11:00:00,181,3,9,0,0,0,0
2025-09-18 12:00:00,182,3,9,0,0,0,0
2025-09-18 13:00:00,157,3,9,0,0,0,0
2025-09-18 14:00:00,168,3,9,0,0,0,0
2025-09-18 15:00:00,156,3,9,0,0,0,0
2025-09-18 16:00:00,162,3,9,0,0,0,0
2025-09-18 17:00:00,148,3,9,0,0,0,0
2025-09-18 18:00:00,150,3,9,0,0,0,0
2025-09-18 19:00:00,153,3,9,0,0,0,0
2025-09-18 20:00:00,150,3,9,0,0,0,0
2025-09-18 21:00:00,136,3,9,0,0,0,0
2025-09-18 22:00:00,130,3,9,0,0,0,0
2025-09-18 23:00:00,141,3,9,0,0,0,0
2025-09-19 00:00:00,104,4,9,0,0,0,0
2025-09-19 01:00:00,102,4,9,0,0,0,0
2025-09-19 02:00:00,104,4,9,0,0,0,0
2025-09-19 03:00:00,95,4,9,0,0,0,0
2025-09-19 04:00:00,110,4,9,0,0,0,0
2025-09-19 05:00:00,98,4,9,0,0,0,0
2025-09-19 06:00:00,131,4,9,0,0,0,0
2025-09-19 07:00:00,133,4,9,0,0,0,0
2025-09-19 08:00:00,161,4,9,0,0,0,0
2025-09-19 09:00:00,177,4,9,0,0,0,0
2025-09-19 10:00:00,171,4,9,0,0,0,0
2025-09-19 11:00:00,175,4,9,0,0,0,0
2025-09-19 12:00:00,175,4,9,0,0,0,0
2025-09-19 13:00:00,159,4,9,0,0,0,0
2025-09-19 14:00:00,161,4,9,0,0,0,0
2025-09-19 15:00:00,156,4,9,0,0,0,0
2025-09-19 16:00:00,158,4,9,0,0,0,0
2025-09-19 17:00:00,148,4,9,0,0,0,0
2025-09-19 18:00:00,146,4,9,0,0,0,0
2025-09-19 19:00:00,152,4,9,0,0,0,0
2025-09-19 20:00:00,151,4,9,0,0,0,0
2025-09-19 21:00:00,137,4,9,0,0,0,0
2025-09-19 22:00:00,128,4,9,0,0,0,0
2025-09-19 23:00:00,140,4,9,0,0,0,0
2025-09-20 00:00:00,60,5,9,1,0,0,0
2025-09-20 01:00:00,71,5,9,1,0,0,0
2025-09-20 02:00:00,75,5,9,1,0,0,0
2025-09-20 03:00:00,73,5,9,1,0,0,0
2025-09-20 04:00:00,70,5,9,1,0,0,0
2025-09-20 05:00:00,75,5,9,1,0,0,0
2025-09-20 06:00:00,90,5,9,1,0,0,0
2025-09-20 07:00:00,94,5,9,1,0,0,0
2025-09-20 08:00:00,117,5,9,1,0,0,0
2025-09-20 09:00:00,130,5,9,1,0,0,0
2025-09-20 10:00:00,125,5,9,1,0,0,0
2025-09-20 11:00:00,128,5,9,1,0,0,0
2025-09-20 12:00:00,136,5,9,1,0,0,0
2025-09-20 13:00:00,118,5,9,1,0,0,0
2025-09-20 14:00:00,119,5,9,1,0,0,0
2025-09-20 15:00:00,118,5,9,1,0,0,0
2025-09-20 16:00:00,122,5,9,1,0,0,0
2025-09-20 17:00:00,107,5,9,1,0,0,0
2025-09-20 18:00:00,104,5,9,1,0,0,0
2025-09-20 19:00:00,107,5,9,1,0,0,0
2025-09-20 20:00:00,113,5,9,1,0,0,0
2025-09-20 21:00:00,100,5,9,1,0,0,0
2025-09-20 22:00:00,92,5,9,1,0,0,0
2025-09-20 23:00:00,96,5,9,1,0,0,0
2025-09-21 00:00:00,67,6,9,1,0,0,0
2025-09-21 01:00:00,77,6,9,1,0,0,0
2025-09-21 02:00:00,69,6,9,1,0,0,0
2025-09-21 03:00:00,76,6,9,1,0,0,0
2025-09-21 04:00:00,63,6,9,1,0,0,0
2025-09-21 05:00:00,68,6,9,1,0,0,0
2025-09-21 06:00:00,100,6,9,1,0,0,0
2025-09-21 07:00:00,95,6,9,1,0,0,0
2025-09-21 08:00:00,115,6,9,1,0,0,0
2025-09-21 09:00:00,126,6,9,1,0,0,0
2025-09-21 10:00:00,131,6,9,1,0,0,0
2025-09-21 11:00:00,124,6,9,1,0,0,0
2025-09-21 12:00:00,126,6,9,1,0,0,0
2025-09-21 13:00:00,110,6,9,1,0,0,0
2025-09-21 14:00:00,109,6,9,1,0,0,0
2025-09-21 15:00:00,119,6,9,1,0,0,0
2025-09-21 16:00:00,112,6,9,1,0,0,0
2025-09-21 17:00:00,102,6,9,1,0,0,0
2025-09-21 18:00:00,102,6,9,1,0,0,0
2025-09-21 19:00:00,104,6,9,1,0,0,0
2025-09-21 20:00:00,106,6,9,1,0,0,0
2025-09-21 21:00:00,92,6,9,1,0,0,0
2025-09-21 22:00:00,92,6,9,1,0,0,0
2025-09-21 23:00:00,90,6,9,1,0,0,0
2025-09-22 00:00:00,92,0,9,0,0,0,0
2025-09-22 01:00:00,95,0,9,0,0,0,0
2025-09-22 02:00:00,94,0,9,0,0,0,0
2025-09-22 03:00:00,92,0,9,0,0,0,0
2025-09-22 04:00:00,88,0,9,0,0,0,0
2025-09-22 05:00:00,90,0,9,0,0,0,0
2025-09-22 06:00:00,123,0,9,0,0,0,0
2025-09-22 07:00:00,127,0,9,0,0,0,0
2025-09-22 08:00:00,146,0,9,0,0,0,0
2025-09-22 09:00:00,161,0,9,0,0,0,0
2025-09-22 10:00:00,170,0,9,0,0,0,0
2025-09-22 11:00:00,170,0,9,0,0,0,0
2025-09-22 12:00:00,167,0,9,0,0,0,0
2025-09-22 13:00:00,149,0,9,0,0,0,0
2025-09-22 14:00:00,149,0,9,0,0,0,0
2025-09-22 15:00:00,149,0,9,0,0,0,0
2025-09-22 16:00:00,148,0,9,0,0,0,0
2025-09-22 17:00:00,141,0,9,0,0,0,0
2025-09-22 18:00:00,131,0,9,0,0,0,0
2025-09-22 19:00:00,142,0,9,0,0,0,0
2025-09-22 20:00:00,138,0,9,0,0,0,0
2025-09-22 21:00:00,124,0,9,0,0,0,0
2025-09-22 22:00:00,124,0,9,0,0,0,0
2025-09-22 23:00:00,123,0,9,0,0,0,0
2025-09-23 00:00:00,103,1,9,0,0,0,0
2025-09-23 01:00:00,92,1,9,0,0,0,0
2025-09-23 02:00:00,105,1,9,0,0,0,0
2025-09-23 03:00:00,95,1,9,0,0,0,0
2025-09-23 04:00:00,102,1,9,0,0,0,0
2025-09-23 05:00:00,97,1,9,0,0,0,0
2025-09-23 06:00:00,127,1,9,0,0,0,0
2025-09-23 07:00:00,130,1,9,0,0,0,0
2025-09-23 08:00:00,155,1,9,0,0,0,0
2025-09-23 09:00:00,170,1,9,0,0,0,0
2025-09-23 10:00:00,184,1,9,0,0,0,0
2025-09-23 11:00:00,177,1,9,0,0,0,0
2025-09-23 12:00:00,173,1,9,0,0,0,0
2025-09-23 13:00:00,157,1,9,0,0,0,0
2025-09-23 14:00:00,155,1,9,0,0,0,0
2025-09-23 15:00:00,151,1,9,0,0,0,0
2025-09-23 16:00:00,156,1,9,0,0,0,0
2025-09-23 17:00:00,139,1,9,0,0,0,0
2025-09-23 18:00:00,144,1,9,0,0,0,0
2025-09-23 19:00:00,153,1,9,0,0,0,0
2025-09-23 20:00:00,144,1,9,0,0,0,0
2025-09-23 21:00:00,130,1,9,0,0,0,0
2025-09-23 22:00:00,136,1,9,0,0,0,0
2025-09-23 23:00:00,131,1,9,0,0,0,0
2025-09-24 00:00:00,110,2,9,0,0,0,0
2025-09-24 01:00:00,99,2,9,0,0,0,0
2025-09-24 02:00:00,100,2,9,0,0,0,0
2025-09-24 03:00:00,101,2,9,0,0,0,0
2025-09-24 04:00:00,109,2,9,0,0,0,0
2025-09-24 05:00:00,107,2,9,0,0,0,0
2025-09-24 06:00:00,136,2,9,0,0,0,0
2025-09-24 07:00:00,129,2,9,0,0,0,0
2025-09-24 08:00:00,162,2,9,0,0,0,0
2025-09-24 09:00:00,178,2,9,0,0,0,0
2025-09-24 10:00:00,177,2,9,0,0,0,0
2025-09-24 11:00:00,180,2,9,0,0,0,0
2025-09-24 12:00:00,180,2,9,0,0,0,0
2025-09-24 13:00:00,161,2,9,0,0,0,0
2025-09-24 14:00:00,165,2,9,0,0,0,0
2025-09-24 15:00:00,162,2,9,0,0,0,0
2025-09-24 16:00:00,157,2,9,0,0,0,0
2025-09-24 17:00:00,143,2,9,0,0,0,0
2025-09-24 18:00:00,156,2,9,0,0,0,0
2025-09-24 19:00:00,156,2,9,0,0,0,0
2025-09-24 20:00:00,154,2,9,0,0,0,0
2025-09-24 21:00:00,129,2,9,0,0,0,0
2025-09-24 22:00:00,130,2,9,0,0,0,0
2025-09-24 23:00:00,131,2,9,0,0,0,0
2025-09-25 00:00:00,112,3,9,0,0,0,0
2025-09-25 01:00:00,111,3,9,0,0,0,0
2025-09-25 02:00:00,102,3,9,0,0,0,0
2025-09-25 03:00:00,105,3,9,0,0,0,0
2025-09-25 04:00:00,104,3,9,0,0,0,0
2025-09-25 05:00:00,106,3,9,0,0,0,0
2025-09-25 06:00:00,136,3,9,0,0,0,0
2025-09-25 07:00:00,141,3,9,0,0,0,0
2025-09-25 08:00:00,167,3,9,0,0,0,0
2025-09-25 09:00:00,179,3,9,0,0,0,0
2025-09-25 10:00:00,181,3,9,0,0,0,0
2025-09-25 11:00:00,181,3,9,0,0,0,0
2025-09-25 12:00:00,180,3,9,0,0,0,0
2025-09-25 13:00:00,166,3,9,0,0,0,0
2025-09-25 14:00:00,156,3,9,0,0,0,0
2025-09-25 15:00:00,161,3,9,0,0,0,0
2025-09-25 16:00:00,159,3,9,0,0,0,0
2025-09-25 17:00:00,149,3,9,0,0,0,0
2025-09-25 18:00:00,153,3,9,0,0,0,0
2025-09-25 19:00:00,153,3,9,0,0,0,0
2025-09-25 20:00:00,151,3,9,0,0,0,0
2025-09-25 21:00:00,135,3,9,0,0,0,0
2025-09-25 22:00:00,139,3,9,0,0,0,0
2025-09-25 23:00:00,141,3,9,0,0,0,0
2025-09-26 00:00:00,102,4,9,0,0,0,0
2025-09-26 01:00:00,109,4,9,0,0,0,0
2025-09-26 02:00:00,106,4,9,0,0,0,0
2025-09-26 03:00:00,115,4,9,0,0,0,0
2025-09-26 04:00:00,101,4,9,0,0,0,0
2025-09-26 05:00:00,112,4,9,0,0,0,0
2025-09-26 06:00:00,134,4,9,0,0,0,0
2025-09-26 07:00:00,134,4,9,0,0,0,0
2025-09-26 08:00:00,166,4,9,0,0,0,0
2025-09-26 09:00:00,179,4,9,0,0,0,0
2025-09-26 10:00:00,179,4,9,0,0,0,0
2025-09-26 11:00:00,180,4,9,0,0,0,0
2025-09-26 12:00:00,174,4,9,0,0,0,0
2025-09-26 13:00:00,155,4,9,0,0,0,0
2025-09-26 14:00:00,161,4,9,0,0,0,0
2025-09-26 15:00:00,165,4,9,0,0,0,0
2025-09-26 16:00:00,160,4,9,0,0,0,0
2025-09-26 17:00:00,143,4,9,0,0,0,0
2025-09-26 18:00:00,141,4,9,0,0,0,0
2025-09-26 19:00:00,143,4,9,0,0,0,0
2025-09-26 20:00:00,149,4,9,0,0,0,0
2025-09-26 21:00:00,129,4,9,0,0,0,0
2025-09-26 22:00:00,135,4,9,0,0,0,0
2025-09-26 23:00:00,131,4,9,0,0,0,0
2025-09-27 00:00:00,70,5,9,1,0,0,0
2025-09-27 01:00:00,74,5,9,1,0,0,0
2025-09-27 02:00:00,77,5,9,1,0,0,0
2025-09-27 03:00:00,78,5,9,1,0,0,0
2025-09-27 04:00:00,74,5,9,1,0,0,0
2025-09-27 05:00:00,71,5,9,1,0,0,0
2025-09-27 06:00:00,94,5,9,1,0,0,0
2025-09-27 07:00:00,102,5,9,1,0,0,0
2025-09-27 08:00:00,123,5,9,1,0,0,0
2025-09-27 09:00:00,125,5,9,1,0,0,0
2025-09-27 10:00:00,130,5,9,1,0,0,0
2025-09-27 11:00:00,125,5,9,1,0,0,0
2025-09-27 12:00:00,127,5,9,1,0,0,0
2025-09-27 13:00:00,118,5,9,1,0,0,0
2025-09-27 14:00:00,115,5,9,1,0,0,0
2025-09-27 15:00:00,120,5,9,1,0,0,0
2025-09-27 16:00:00,116,5,9,1,0,0,0
2025-09-27 17:00:00,106,5,9,1,0,0,0
2025-09-27 18:00:00,104,5,9,1,0,0,0
2025-09-27 19:00:00,107,5,9,1,0,0,0
2025-09-27 20:00:00,110,5,9,1,0,0,0
2025-09-27 21:00:00,99,5,9,1,0,0,0
2025-09-27 22:00:00,104,5,9,1,0,0,0
2025-09-27 23:00:00,96,5,9,1,0,0,0
2025-09-28 00:00:00,74,6,9,1,0,0,0
2025-09-28 01:00:00,68,6,9,1,0,0,0
2025-09-28 02:00:00,77,6,9,1,0,0,0
2025-09-28 03:00:00,70,6,9,1,0,0,0
2025-09-28 04:00:00,71,6,9,1,0,0,0
2025-09-28 05:00:00,70,6,9,1,0,0,0
2025-09-28 06:00:00,94,6,9,1,0,0,0
2025-09-28 07:00:00,96,6,9,1,0,0,0
2025-09-28 08:00:00,115,6,9,1,0,0,0
2025-09-28 09:00:00,126,6,9,1,0,0,0
2025-09-28 10:00:00,125,6,9,1,0,0,0
2025-09-28 11:00:00,133,6,9,1,0,0,0
2025-09-28 12:00:00,126,6,9,1,0,0,0
2025-09-28 13:00:00,119,6,9,1,0,0,0
2025-09-28 14:00:00,118,6,9,1,0,0,0
2025-09-28 15:00:00,115,6,9,1,0,0,0
2025-09-28 16:00:00,114,6,9,1,0,0,0
2025-09-28 17:00:00,103,6,9,1,0,0,0
2025-09-28 18:00:00,104,6,9,1,0,0,0
2025-09-28 19:00:00,104,6,9,1,0,0,0
2025-09-28 20:00:00,108,6,9,1,0,0,0
2025-09-28 21:00:00,96,6,9,1,0,0,0
2025-09-28 22:00:00,95,6,9,1,0,0,0
2025-09-28 23:00:00,93,6,9,1,0,0,0
2025-09-29 00:00:00,99,0,9,0,0,0,0
2025-09-29 01:00:00,93,0,9,0,0,0,0
2025-09-29 02:00:00,96,0,9,0,0,0,0
2025-09-29 03:00:00,99,0,9,0,0,0,0
2025-09-29 04:00:00,91,0,9,0,0,0,0
2025-09-29 05:00:00,98,0,9,0,0,0,0
2025-09-29 06:00:00,123,0,9,0,0,0,0
2025-09-29 07:00:00,121,0,9,0,0,0,0
2025-09-29 08:00:00,147,0,9,0,0,0,0
2025-09-29 09:00:00,162,0,9,0,0,0,0
2025-09-29 10:00:00,173,0,9,0,0,0,0
2025-09-29 11:00:00,165,0,9,0,0,0,0
2025-09-29 12:00:00,174,0,9,0,0,0,0
2025-09-29 13:00:00,152,0,9,0,0,0,0
2025-09-29 14:00:00,155,0,9,0,0,0,0
2025-09-29 15:00:00,150,0,9,0,0,0,0
2025-09-29 16:00:00,155,0,9,0,0,0,0
2025-09-29 17:00:00,145,0,9,0,0,0,0
2025-09-29 18:00:00,138,0,9,0,0,0,0
2025-09-29 19:00:00,143,0,9,0,0,0,0
2025-09-29 20:00:00,146,0,9,0,0,0,0
2025-09-29 21:00:00,117,0,9,0,0,0,0
2025-09-29 22:00:00,123,0,9,0,0,0,0
2025-09-29 23:00:00,121,0,9,0,0,0,0
2025-09-30 00:00:00,97,1,9,0,0,0,0
2025-09-30 01:00:00,101,1,9,0,0,0,0
2025-09-30 02:00:00,97,1,9,0,0,0,0
2025-09-30 03:00:00,97,1,9,0,0,0,0
2025-09-30 04:00:00,97,1,9,0,0,0,0
2025-09-30 05:00:00,104,1,9,0,0,0,0
2025-09-30 06:00:00,129,1,9,0,0,0,0
2025-09-30 07:00:00,135,1,9,0,0,0,0
2025-09-30 08:00:00,159,1,9,0,0,0,0
2025-09-30 09:00:00,176,1,9,0,0,0,0
2025-09-30 10:00:00,175,1,9,0,0,0,0
2025-09-30 11:00:00,175,1,9,0,0,0,0
2025-09-30 12:00:00,184,1,9,0,0,0,0
2025-09-30 13:00:00,157,1,9,0,0,0,0
2025-09-30 14:00:00,158,1,9,0,0,0,0
2025-09-30 15:00:00,160,1,9,0,0,0,0
2025-09-30 16:00:00,159,1,9,0,0,0,0
2025-09-30 17:00:00,138,1,9,0,0,0,0
2025-09-30 18:00:00,146,1,9,0,0,0,0
2025-09-30 19:00:00,145,1,9,0,0,0,0
2025-09-30 20:00:00,150,1,9,0,0,0,0
2025-09-30 21:00:00,138,1,9,0,0,0,0
2025-09-30 22:00:00,132,1,9,0,0,0,0
2025-09-30 23:00:00,133,1,9,0,0,0,0
2025-10-01 00:00:00,101,2,10,0,0,0,0
2025-10-01 01:00:00,109,2,10,0,0,0,0
2025-10-01 02:00:00,108,2,10,0,0,0,0
2025-10-01 03:00:00,108,2,10,0,0,0,0
2025-10-01 04:00:00,116,2,10,0,0,0,0
2025-10-01 05:00:00,101,2,10,0,0,0,0
2025-10-01 06:00:00,136,2,10,0,0,0,0
2025-10-01 07:00:00,137,2,10,0,0,0,0
2025-10-01 08:00:00,167,2,10,0,0,0,0
2025-10-01 09:00:00,174,2,10,0,0,0,0
2025-10-01 10:00:00,174,2,10,0,0,0,0
2025-10-01 11:00:00,178,2,10,0,0,0,0
2025-10-01 12:00:00,187,2,10,0,0,0,0
2025-10-01 13:00:00,166,2,10,0,0,0,0
2025-10-01 14:00:00,160,2,10,0,0,0,0
2025-10-01 15:00:00,158,2,10,0,0,0,0
2025-10-01 16:00:00,163,2,10,0,0,0,0
2025-10-01 17:00:00,145,2,10,0,0,0,0
2025-10-01 18:00:00,154,2,10,0,0,0,0
2025-10-01 19:00:00,152,2,10,0,0,0,0
2025-10-01 20:00:00,150,2,10,0,0,0,0
2025-10-01 21:00:00,139,2,10,0,0,0,0
2025-10-01 22:00:00,135,2,10,0,0,0,0
2025-10-01 23:00:00,134,2,10,0,0,0,0
2025-10-02 00:00:00,113,3,10,0,0,0,0
2025-10-02 01:00:00,110,3,10,0,0,0,0
2025-10-02 02:00:00,110,3,10,0,0,0,0
2025-10-02 03:00:00,109,3,10,0,0,0,0
2025-10-02 04:00:00,107,3,10,0,0,0,0
2025-10-02 05:00:00,107,3,10,0,0,0,0
2025-10-02 06:00:00,139,3,10,0,0,0,0
2025-10-02 07:00:00,141,3,10,0,0,0,0
2025-10-02 08:00:00,171,3,10,0,0,0,0
2025-10-02 09:00:00,188,3,10,0,0,0,0
2025-10-02 10:00:00,176,3,10,0,0,0,0
2025-10-02 11:00:00,181,3,10,0,0,0,0
2025-10-02 12:00:00,185,3,10,0,0,0,0
2025-10-02 13:00:00,171,3,10,0,0,0,0
2025-10-02 14:00:00,165,3,10,0,0,0,0
2025-10-02 15:00:00,164,3,10,0,0,0,0
2025-10-02 16:00:00,156,3,10,0,0,0,0
2025-10-02 17:00:00,149,3,10,0,0,0,0
2025-10-02 18:00:00,152,3,10,0,0,0,0
2025-10-02 19:00:00,148,3,10,0,0,0,0
2025-10-02 20:00:00,147,3,10,0,0,0,0
2025-10-02 21:00:00,138,3,10,0,0,0,0
2025-10-02 22:00:00,141,3,10,0,0,0,0
2025-10-02 23:00:00,139,3,10,0,0,0,0
2025-10-03 00:00:00,108,4,10,0,0,0,0
2025-10-03 01:00:00,109,4,10,0,0,0,0
2025-10-03 02:00:00,109,4,10,0,0,0,0
2025-10-03 03:00:00,110,4,10,0,0,0,0
2025-10-03 04:00:00,102,4,10,0,0,0,0
2025-10-03 05:00:00,105,4,10,0,0,0,0
2025-10-03 06:00:00,136,4,10,0,0,0,0
2025-10-03 07:00:00,136,4,10,0,0,0,0
2025-10-03 08:00:00,166,4,10,0,0,0,0
2025-10-03 09:00:00,180,4,10,0,0,0,0
2025-10-03 10:00:00,179,4,10,0,0,0,0
2025-10-03 11:00:00,174,4,10,0,0,0,0
2025-10-03 12:00:00,178,4,10,0,0,0,0
2025-10-03 13:00:00,157,4,10,0,0,0,0
2025-10-03 14:00:00,162,4,10,0,0,0,0
2025-10-03 15:00:00,166,4,10,0,0,0,0
2025-10-03 16:00:00,160,4,10,0,0,0,0
2025-10-03 17:00:00,145,4,10,0,0,0,0
2025-10-03 18:00:00,144,4,10,0,0,0,0
2025-10-03 19:00:00,145,4,10,0,0,0,0
2025-10-03 20:00:00,144,4,10,0,0,0,0
2025-10-03 21:00:00,139,4,10,0,0,0,0
2025-10-03 22:00:00,137,4,10,0,0,0,0
2025-10-03 23:00:00,133,4,10,0,0,0,0
2025-10-04 00:00:00,81,5,10,1,0,0,0
2025-10-04 01:00:00,75,5,10,1,0,0,0
2025-10-04 02:00:00,82,5,10,1,0,0,0
2025-10-04 03:00:00,68,5,10,1,0,0,0
2025-10-04 04:00:00,76,5,10,1,0,0,0
2025-10-04 05:00:00,72,5,10,1,0,0,0
2025-10-04 06:00:00,96,5,10,1,0,0,0
2025-10-04 07:00:00,106,5,10,1,0,0,0
2025-10-04 08:00:00,124,5,10,1,0,0,0
2025-10-04 09:00:00,134,5,10,1,0,0,0
2025-10-04 10:00:00,130,5,10,1,0,0,0
2025-10-04 11:00:00,132,5,10,1,0,0,0
2025-10-04 12:00:00,135,5,10,1,0,0,0
2025-10-04 13:00:00,116,5,10,1,0,0,0
2025-10-04 14:00:00,118,5,10,1,0,0,0
2025-10-04 15:00:00,114,5,10,1,0,0,0
2025-10-04 16:00:00,118,5,10,1,0,0,0
2025-10-04 17:00:00,113,5,10,1,0,0,0
2025-10-04 18:00:00,109,5,10,1,0,0,0
2025-10-04 19:00:00,108,5,10,1,0,0,0
2025-10-04 20:00:00,107,5,10,1,0,0,0
2025-10-04 21:00:00,104,5,10,1,0,0,0
2025-10-04 22:00:00,94,5,10,1,0,0,0
2025-10-04 23:00:00,100,5,10,1,0,0,0
2025-10-05 00:00:00,78,6,10,1,0,0,0
2025-10-05 01:00:00,72,6,10,1,0,0,0
2025-10-05 02:00:00,74,6,10,1,0,0,0
2025-10-05 03:00:00,77,6,10,1,0,0,0
2025-10-05 04:00:00,73,6,10,1,0,0,0
2025-10-05 05:00:00,74,6,10,1,0,0,0
2025-10-05 06:00:00,95,6,10,1,0,0,0
2025-10-05 07:00:00,97,6,10,1,0,0,0
2025-10-05 08:00:00,117,6,10,1,0,0,0
2025-10-05 09:00:00,130,6,10,1,0,0,0
2025-10-05 10:00:00,135,6,10,1,0,0,0
2025-10-05 11:00:00,127,6,10,1,0,0,0
2025-10-05 12:00:00,137,6,10,1,0,0,0
2025-10-05 13:00:00,121,6,10,1,0,0,0
2025-10-05 14:00:00,114,6,10,1,0,0,0
2025-10-05 15:00:00,118,6,10,1,0,0,0
2025-10-05 16:00:00,114,6,10,1,0,0,0
2025-10-05 17:00:00,108,6,10,1,0,0,0
2025-10-05 18:00:00,105,6,10,1,0,0,0
2025-10-05 19:00:00,105,6,10,1,0,0,0
2025-10-05 20:00:00,111,6,10,1,0,0,0
2025-10-05 21:00:00,96,6,10,1,0,0,0
2025-10-05 22:00:00,92,6,10,1,0,0,0
2025-10-05 23:00:00,93,6,10,1,0,0,0
2025-10-06 00:00:00,95,0,10,0,1,1,0
2025-10-06 01:00:00,95,0,10,0,1,1,0
2025-10-06 02:00:00,91,0,10,0,1,1,0
2025-10-06 03:00:00,96,0,10,0,1,1,0
2025-10-06 04:00:00,95,0,10,0,1,1,0
2025-10-06 05:00:00,103,0,10,0,1,1,0
2025-10-06 06:00:00,131,0,10,0,1,1,0
2025-10-06 07:00:00,128,0,10,0,1,1,0
2025-10-06 08:00:00,153,0,10,0,1,1,0
2025-10-06 09:00:00,167,0,10,0,1,1,0
2025-10-06 10:00:00,171,0,10,0,1,1,0
2025-10-06 11:00:00,171,0,10,0,1,1,0
2025-10-06 12:00:00,168,0,10,0,1,1,0
2025-10-06 13:00:00,154,0,10,0,1,1,0
2025-10-06 14:00:00,156,0,10,0,1,1,0
2025-10-06 15:00:00,153,0,10,0,1,1,0
2025-10-06 16:00:00,144,0,10,0,1,1,0
2025-10-06 17:00:00,145,0,10,0,1,1,0
2025-10-06 18:00:00,146,0,10,0,1,1,0
2025-10-06 19:00:00,141,0,10,0,1,1,0
2025-10-06 20:00:00,138,0,10,0,1,1,0
2025-10-06 21:00:00,125,0,10,0,1,1,0
2025-10-06 22:00:00,129,0,10,0,1,1,0
2025-10-06 23:00:00,130,0,10,0,1,1,0
2025-10-07 00:00:00,104,1,10,0,0,0,0
2025-10-07 01:00:00,106,1,10,0,0,0,0
2025-10-07 02:00:00,104,1,10,0,0,0,0
2025-10-07 03:00:00,109,1,10,0,0,0,0
2025-10-07 04:00:00,107,1,10,0,0,0,0
2025-10-07 05:00:00,100,1,10,0,0,0,0
2025-10-07 06:00:00,131,1,10,0,0,0,0
2025-10-07 07:00:00,126,1,10,0,0,0,0
2025-10-07 08:00:00,158,1,10,0,0,0,0
2025-10-07 09:00:00,173,1,10,0,0,0,0
2025-10-07 10:00:00,177,1,10,0,0,0,0
2025-10-07 11:00:00,173,1,10,0,0,0,0
2025-10-07 12:00:00,175,1,10,0,0,0,0
2025-10-07 13:00:00,158,1,10,0,0,0,0
2025-10-07 14:00:00,158,1,10,0,0,0,0
2025-10-07 15:00:00,155,1,10,0,0,0,0
2025-10-07 16:00:00,162,1,10,0,0,0,0
2025-10-07 17:00:00,150,1,10,0,0,0,0
2025-10-07 18:00:00,147,1,10,0,0,0,0
2025-10-07 19:00:00,142,1,10,0,0,0,0
2025-10-07 20:00:00,139,1,10,0,0,0,0
2025-10-07 21:00:00,131,1,10,0,0,0,0
2025-10-07 22:00:00,127,1,10,0,0,0,0
2025-10-07 23:00:00,133,1,10,0,0,0,0
2025-10-08 00:00:00,111,2,10,0,0,0,0
2025-10-08 01:00:00,109,2,10,0,0,0,0
2025-10-08 02:00:00,107,2,10,0,0,0,0
2025-10-08 03:00:00,114,2,10,0,0,0,0
2025-10-08 04:00:00,110,2,10,0,0,0,0
2025-10-08 05:00:00,110,2,10,0,0,0,0
2025-10-08 06:00:00,136,2,10,0,0,0,0
2025-10-08 07:00:00,139,2,10,0,0,0,0
2025-10-08 08:00:00,169,2,10,0,0,0,0
2025-10-08 09:00:00,185,2,10,0,0,0,0
2025-10-08 10:00:00,184,2,10,0,0,0,0
2025-10-08 11:00:00,184,2,10,0,0,0,0
2025-10-08 12:00:00,177,2,10,0,0,0,0
2025-10-08 13:00:00,159,2,10,0,0,0,0
2025-10-08 14:00:00,167,2,10,0,0,0,0
2025-10-08 15:00:00,162,2,10,0,0,0,0
2025-10-08 16:00:00,157,2,10,0,0,0,0
2025-10-08 17:00:00,152,2,10,0,0,0,0
2025-10-08 18:00:00,144,2,10,0,0,0,0
2025-10-08 19:00:00,152,2,10,0,0,0,0
2025-10-08 20:00:00,156,2,10,0,0,0,0
2025-10-08 21:00:00,141,2,10,0,0,0,0
2025-10-08 22:00:00,136,2,10,0,0,0,0
2025-10-08 23:00:00,137,2,10,0,0,0,0
2025-10-09 00:00:00,102,3,10,0,0,0,0
2025-10-09 01:00:00,113,3,10,0,0,0,0
2025-10-09 02:00:00,123,3,10,0,0,0,0
2025-10-09 03:00:00,115,3,10,0,0,0,0
2025-10-09 04:00:00,113,3,10,0,0,0,0
2025-10-09 05:00:00,113,3,10,0,0,0,0
2025-10-09 06:00:00,135,3,10,0,0,0,0
2025-10-09 07:00:00,132,3,10,0,0,0,0
2025-10-09 08:00:00,169,3,10,0,0,0,0
2025-10-09 09:00:00,181,3,10,0,0,0,0
2025-10-09 10:00:00,173,3,10,0,0,0,0
2025-10-09 11:00:00,181,3,10,0,0,0,0
2025-10-09 12:00:00,185,3,10,0,0,0,0
2025-10-09 13:00:00,167,3,10,0,0,0,0
2025-10-09 14:00:00,171,3,10,0,0,0,0
2025-10-09 15:00:00,163,3,10,0,0,0,0
2025-10-09 16:00:00,159,3,10,0,0,0,0
2025-10-09 17:00:00,159,3,10,0,0,0,0
2025-10-09 18:00:00,152,3,10,0,0,0,0
2025-10-09 19:00:00,147,3,10,0,0,0,0
2025-10-09 20:00:00,156,3,10,0,0,0,0
2025-10-09 21:00:00,142,3,10,0,0,0,0
2025-10-09 22:00:00,138,3,10,0,0,0,0
2025-10-09 23:00:00,138,3,10,0,0,0,0
2025-10-10 00:00:00,101,4,10,0,0,0,0
2025-10-10 01:00:00,104,4,10,0,0,0,0
2025-10-10 02:00:00,99,4,10,0,0,0,0
2025-10-10 03:00:00,102,4,10,0,0,0,0
2025-10-10 04:00:00,95,4,10,0,0,0,0
2025-10-10 05:00:00,107,4,10,0,0,0,0
2025-10-10 06:00:00,143,4,10,0,0,0,0
2025-10-10 07:00:00,141,4,10,0,0,0,0
2025-10-10 08:00:00,167,4,10,0,0,0,0
2025-10-10 09:00:00,178,4,10,0,0,0,0
2025-10-10 10:00:00,179,4,10,0,0,0,0
2025-10-10 11:00:00,178,4,10,0,0,0,0
2025-10-10 12:00:00,176,4,10,0,0,0,0
2025-10-10 13:00:00,166,4,10,0,0,0,0
2025-10-10 14:00:00,164,4,10,0,0,0,0
2025-10-10 15:00:00,168,4,10,0,0,0,0
2025-10-10 16:00:00,161,4,10,0,0,0,0
2025-10-10 17:00:00,149,4,10,0,0,0,0
2025-10-10 18:00:00,147,4,10,0,0,0,0
2025-10-10 19:00:00,145,4,10,0,0,0,0
2025-10-10 20:00:00,154,4,10,0,0,0,0
2025-10-10 21:00:00,131,4,10,0,0,0,0
2025-10-10 22:00:00,131,4,10,0,0,0,0
2025-10-10 23:00:00,135,4,10,0,0,0,0
2025-10-11 00:00:00,84,5,10,1,0,0,0
2025-10-11 01:00:00,69,5,10,1,0,0,0
2025-10-11 02:00:00,73,5,10,1,0,0,0
2025-10-11 03:00:00,77,5,10,1,0,0,0
2025-10-11 04:00:00,71,5,10,1,0,0,0
2025-10-11 05:00:00,83,5,10,1,0,0,0
2025-10-11 06:00:00,102,5,10,1,0,0,0
2025-10-11 07:00:00,107,5,10,1,0,0,0
2025-10-11 08:00:00,128,5,10,1,0,0,0
2025-10-11 09:00:00,131,5,10,1,0,0,0
2025-10-11 10:00:00,141,5,10,1,0,0,0
2025-10-11 11:00:00,139,5,10,1,0,0,0
2025-10-11 12:00:00,138,5,10,1,0,0,0
2025-10-11 13:00:00,124,5,10,1,0,0,0
2025-10-11 14:00:00,121,5,10,1,0,0,0
2025-10-11 15:00:00,121,5,10,1,0,0,0
2025-10-11 16:00:00,124,5,10,1,0,0,0
2025-10-11 17:00:00,112,5,10,1,0,0,0
2025-10-11 18:00:00,111,5,10,1,0,0,0
2025-10-11 19:00:00,109,5,10,1,0,0,0
2025-10-11 20:00:00,108,5,10,1,0,0,0
2025-10-11 21:00:00,94,5,10,1,0,0,0
2025-10-11 22:00:00,101,5,10,1,0,0,0
2025-10-11 23:00:00,103,5,10,1,0,0,0
2025-10-12 00:00:00,69,6,10,1,0,0,0
2025-10-12 01:00:00,80,6,10,1,0,0,0
2025-10-12 02:00:00,80,6,10,1,0,0,0
2025-10-12 03:00:00,78,6,10,1,0,0,0
2025-10-12 04:00:00,69,6,10,1,0,0,0
2025-10-12 05:00:00,77,6,10,1,0,0,0
2025-10-12 06:00:00,100,6,10,1,0,0,0
2025-10-12 07:00:00,98,6,10,1,0,0,0
2025-10-12 08:00:00,120,6,10,1,0,0,0
2025-10-12 09:00:00,132,6,10,1,0,0,0
2025-10-12 10:00:00,133,6,10,1,0,0,0
2025-10-12 11:00:00,128,6,10,1,0,0,0
2025-10-12 12:00:00,129,6,10,1,0,0,0
2025-10-12 13:00:00,117,6,10,1,0,0,0
2025-10-12 14:00:00,117,6,10,1,0,0,0
2025-10-12 15:00:00,118,6,10,1,0,0,0
2025-10-12 16:00:00,115,6,10,1,0,0,0
2025-10-12 17:00:00,112,6,10,1,0,0,0
2025-10-12 18:00:00,106,6,10,1,0,0,0
2025-10-12 19:00:00,111,6,10,1,0,0,0
2025-10-12 20:00:00,111,6,10,1,0,0,0
2025-10-12 21:00:00,93,6,10,1,0,0,0
2025-10-12 22:00:00,104,6,10,1,0,0,0
2025-10-12 23:00:00,102,6,10,1,0,0,0
2025-10-13 00:00:00,95,0,10,0,0,0,0
2025-10-13 01:00:00,99,0,10,0,0,0,0
2025-10-13 02:00:00,96,0,10,0,0,0,0
2025-10-13 03:00:00,96,0,10,0,0,0,0
2025-10-13 04:00:00,102,0,10,0,0,0,0
2025-10-13 05:00:00,105,0,10,0,0,0,0
2025-10-13 06:00:00,127,0,10,0,0,0,0
2025-10-13 07:00:00,128,0,10,0,0,0,0
2025-10-13 08:00:00,154,0,10,0,0,0,0
2025-10-13 09:00:00,169,0,10,0,0,0,0
2025-10-13 10:00:00,173,0,10,0,0,0,0
2025-10-13 11:00:00,169,0,10,0,0,0,0
2025-10-13 12:00:00,178,0,10,0,0,0,0
2025-10-13 13:00:00,153,0,10,0,0,0,0
2025-10-13 14:00:00,154,0,10,0,0,0,0
2025-10-13 15:00:00,150,0,10,0,0,0,0
2025-10-13 16:00:00,152,0,10,0,0,0,0
2025-10-13 17:00:00,148,0,10,0,0,0,0
2025-10-13 18:00:00,139,0,10,0,0,0,0
2025-10-13 19:00:00,142,0,10,0,0,0,0
2025-10-13 20:00:00,147,0,10,0,0,0,0
2025-10-13 21:00:00,128,0,10,0,0,0,0
2025-10-13 22:00:00,130,0,10,0,0,0,0
2025-10-13 23:00:00,126,0,10,0,0,0,0
2025-10-14 00:00:00,104,1,10,0,0,0,0
2025-10-14 01:00:00,99,1,10,0,0,0,0
2025-10-14 02:00:00,106,1,10,0,0,0,0
2025-10-14 03:00:00,104,1,10,0,0,0,0
2025-10-14 04:00:00,104,1,10,0,0,0,0
2025-10-14 05:00:00,105,1,10,0,0,0,0
2025-10-14 06:00:00,133,1,10,0,0,0,0
2025-10-14 07:00:00,134,1,10,0,0,0,0
2025-10-14 08:00:00,163,1,10,0,0,0,0
2025-10-14 09:00:00,177,1,10,0,0,0,0
2025-10-14 10:00:00,171,1,10,0,0,0,0
2025-10-14 11:00:00,179,1,10,0,0,0,0
2025-10-14 12:00:00,177,1,10,0,0,0,0
2025-10-14 13:00:00,156,1,10,0,0,0,0
2025-10-14 14:00:00,160,1,10,0,0,0,0
2025-10-14 15:00:00,159,1,10,0,0,0,0
2025-10-14 16:00:00,159,1,10,0,0,0,0
2025-10-14 17:00:00,141,1,10,0,0,0,0
2025-10-14 18:00:00,150,1,10,0,0,0,0
2025-10-14 19:00:00,149,1,10,0,0,0,0
2025-10-14 20:00:00,139,1,10,0,0,0,0
2025-10-14 21:00:00,131,1,10,0,0,0,0
2025-10-14 22:00:00,134,1,10,0,0,0,0
2025-10-14 23:00:00,132,1,10,0,0,0,0
2025-10-15 00:00:00,105,2,10,0,0,0,0
2025-10-15 01:00:00,108,2,10,0,0,0,0
2025-10-15 02:00:00,108,2,10,0,0,0,0
2025-10-15 03:00:00,112,2,10,0,0,0,0
2025-10-15 04:00:00,111,2,10,0,0,0,0
2025-10-15 05:00:00,108,2,10,0,0,0,0
2025-10-15 06:00:00,140,2,10,0,0,0,0
2025-10-15 07:00:00,148,2,10,0,0,0,0
2025-10-15 08:00:00,173,2,10,0,0,0,0
2025-10-15 09:00:00,187,2,10,0,0,0,0
2025-10-15 10:00:00,181,2,10,0,0,0,0
2025-10-15 11:00:00,184,2,10,0,0,0,0
2025-10-15 12:00:00,180,2,10,0,0,0,0
2025-10-15 13:00:00,161,2,10,0,0,0,0
2025-10-15 14:00:00,168,2,10,0,0,0,0
2025-10-15 15:00:00,162,2,10,0,0,0,0
2025-10-15 16:00:00,168,2,10,0,0,0,0
2025-10-15 17:00:00,155,2,10,0,0,0,0
2025-10-15 18:00:00,153,2,10,0,0,0,0
2025-10-15 19:00:00,151,2,10,0,0,0,0
2025-10-15 20:00:00,161,2,10,0,0,0,0
2025-10-15 21:00:00,145,2,10,0,0,0,0
2025-10-15 22:00:00,142,2,10,0,0,0,0
2025-10-15 23:00:00,135,2,10,0,0,0,0
2025-10-16 00:00:00,112,3,10,0,0,0,0
2025-10-16 01:00:00,116,3,10,0,0,0,0
2025-10-16 02:00:00,115,3,10,0,0,0,0
2025-10-16 03:00:00,105,3,10,0,0,0,0
2025-10-16 04:00:00,111,3,10,0,0,0,0
2025-10-16 05:00:00,116,3,10,0,0,0,0
2025-10-16 06:00:00,144,3,10,0,0,0,0
2025-10-16 07:00:00,141,3,10,0,0,0,0
2025-10-16 08:00:00,176,3,10,0,0,0,0
2025-10-16 09:00:00,188,3,10,0,0,0,0
2025-10-16 10:00:00,187,3,10,0,0,0,0
2025-10-16 11:00:00,184,3,10,0,0,0,0
2025-10-16 12:00:00,185,3,10,0,0,0,0
2025-10-16 13:00:00,173,3,10,0,0,0,0
2025-10-16 14:00:00,169,3,10,0,0,0,0
2025-10-16 15:00:00,171,3,10,0,0,0,0
2025-10-16 16:00:00,167,3,10,0,0,0,0
2025-10-16 17:00:00,155,3,10,0,0,0,0
2025-10-16 18:00:00,148,3,10,0,0,0,0
2025-10-16 19:00:00,152,3,10,0,0,0,0
2025-10-16 20:00:00,158,3,10,0,0,0,0
2025-10-16 21:00:00,140,3,10,0,0,0,0
2025-10-16 22:00:00,137,3,10,0,0,0,0
2025-10-16 23:00:00,142,3,10,0,0,0,0
2025-10-17 00:00:00,113,4,10,0,0,0,0
2025-10-17 01:00:00,102,4,10,0,0,0,0
2025-10-17 02:00:00,117,4,10,0,0,0,0
2025-10-17 03:00:00,110,4,10,0,0,0,0
2025-10-17 04:00:00,108,4,10,0,0,0,0
2025-10-17 05:00:00,107,4,10,0,0,0,0
2025-10-17 06:00:00,133,4,10,0,0,0,0
2025-10-17 07:00:00,142,4,10,0,0,0,0
2025-10-17 08:00:00,169,4,10,0,0,0,0
2025-10-17 09:00:00,179,4,10,0,0,0,0
2025-10-17 10:00:00,189,4,10,0,0,0,0
2025-10-17 11:00:00,182,4,10,0,0,0,0
2025-10-17 12:00:00,180,4,10,0,0,0,0
2025-10-17 13:00:00,169,4,10,0,0,0,0
2025-10-17 14:00:00,165,4,10,0,0,0,0
2025-10-17 15:00:00,168,4,10,0,0,0,0
2025-10-17 16:00:00,164,4,10,0,0,0,0
2025-10-17 17:00:00,149,4,10,0,0,0,0
2025-10-17 18:00:00,155,4,10,0,0,0,0
2025-10-17 19:00:00,159,4,10,0,0,0,0
2025-10-17 20:00:00,147,4,10,0,0,0,0
2025-10-17 21:00:00,129,4,10,0,0,0,0
2025-10-17 22:00:00,137,4,10,0,0,0,0
2025-10-17 23:00:00,137,4,10,0,0,0,0
2025-10-18 00:00:00,78,5,10,1,0,0,0
2025-10-18 01:00:00,77,5,10,1,0,0,0
2025-10-18 02:00:00,75,5,10,1,0,0,0
2025-10-18 03:00:00,70,5,10,1,0,0,0
2025-10-18 04:00:00,78,5,10,1,0,0,0
2025-10-18 05:00:00,82,5,10,1,0,0,0
2025-10-18 06:00:00,99,5,10,1,0,0,0
2025-10-18 07:00:00,104,5,10,1,0,0,0
2025-10-18 08:00:00,127,5,10,1,0,0,0
2025-10-18 09:00:00,138,5,10,1,0,0,0
2025-10-18 10:00:00,136,5,10,1,0,0,0
2025-10-18 11:00:00,131,5,10,1,0,0,0
2025-10-18 12:00:00,136,5,10,1,0,0,0
2025-10-18 13:00:00,122,5,10,1,0,0,0
2025-10-18 14:00:00,121,5,10,1,0,0,0
2025-10-18 15:00:00,115,5,10,1,0,0,0
2025-10-18 16:00:00,118,5,10,1,0,0,0
2025-10-18 17:00:00,114,5,10,1,0,0,0
2025-10-18 18:00:00,109,5,10,1,0,0,0
2025-10-18 19:00:00,116,5,10,1,0,0,0
2025-10-18 20:00:00,115,5,10,1,0,0,0
2025-10-18 21:00:00,103,5,10,1,0,0,0
2025-10-18 22:00:00,99,5,10,1,0,0,0
2025-10-18 23:00:00,101,5,10,1,0,0,0
2025-10-19 00:00:00,85,6,10,1,0,0,0
2025-10-19 01:00:00,85,6,10,1,0,0,0
2025-10-19 02:00:00,78,6,10,1,0,0,0
2025-10-19 03:00:00,73,6,10,1,0,0,0
2025-10-19 04:00:00,83,6,10,1,0,0,0
2025-10-19 05:00:00,75,6,10,1,0,0,0
2025-10-19 06:00:00,97,6,10,1,0,0,0
2025-10-19 07:00:00,98,6,10,1,0,0,0
2025-10-19 08:00:00,120,6,10,1,0,0,0
2025-10-19 09:00:00,131,6,10,1,0,0,0
2025-10-19 10:00:00,136,6,10,1,0,0,0
2025-10-19 11:00:00,138,6,10,1,0,0,0
2025-10-19 12:00:00,131,6,10,1,0,0,0
2025-10-19 13:00:00,121,6,10,1,0,0,0
2025-10-19 14:00:00,126,6,10,1,0,0,0
2025-10-19 15:00:00,127,6,10,1,0,0,0
2025-10-19 16:00:00,115,6,10,1,0,0,0
2025-10-19 17:00:00,111,6,10,1,0,0,0
2025-10-19 18:00:00,115,6,10,1,0,0,0
2025-10-19 19:00:00,114,6,10,1,0,0,0
2025-10-19 20:00:00,119,6,10,1,0,0,0
2025-10-19 21:00:00,94,6,10,1,0,0,0
2025-10-19 22:00:00,94,6,10,1,0,0,0
2025-10-19 23:00:00,98,6,10,1,0,0,0
2025-10-20 00:00:00,100,0,10,0,0,0,0
2025-10-20 01:00:00,107,0,10,0,0,0,0
2025-10-20 02:00:00,101,0,10,0,0,0,0
2025-10-20 03:00:00,96,0,10,0,0,0,0
2025-10-20 04:00:00,101,0,10,0,0,0,0
2025-10-20 05:00:00,98,0,10,0,0,0,0
2025-10-20 06:00:00,127,0,10,0,0,0,0
2025-10-20 07:00:00,128,0,10,0,0,0,0
2025-10-20 08:00:00,154,0,10,0,0,0,0
2025-10-20 09:00:00,169,0,10,0,0,0,0
2025-10-20 10:00:00,170,0,10,0,0,0,0
2025-10-20 11:00:00,172,0,10,0,0,0,0
2025-10-20 12:00:00,166,0,10,0,0,0,0
2025-10-20 13:00:00,164,0,10,0,0,0,0
2025-10-20 14:00:00,150,0,10,0,0,0,0
2025-10-20 15:00:00,147,0,10,0,0,0,0
2025-10-20 16:00:00,155,0,10,0,0,0,0
2025-10-20 17:00:00,138,0,10,0,0,0,0
2025-10-20 18:00:00,151,0,10,0,0,0,0
2025-10-20 19:00:00,144,0,10,0,0,0,0
2025-10-20 20:00:00,144,0,10,0,0,0,0
2025-10-20 21:00:00,127,0,10,0,0,0,0
2025-10-20 22:00:00,129,0,10,0,0,0,0
2025-10-20 23:00:00,127,0,10,0,0,0,0
2025-10-21 00:00:00,109,1,10,0,0,0,0
2025-10-21 01:00:00,103,1,10,0,0,0,0
2025-10-21 02:00:00,104,1,10,0,0,0,0
2025-10-21 03:00:00,105,1,10,0,0,0,0
2025-10-21 04:00:00,114,1,10,0,0,0,0
2025-10-21 05:00:00,108,1,10,0,0,0,0
2025-10-21 06:00:00,131,1,10,0,0,0,0
2025-10-21 07:00:00,140,1,10,0,0,0,0
2025-10-21 08:00:00,166,1,10,0,0,0,0
2025-10-21 09:00:00,180,1,10,0,0,0,0
2025-10-21 10:00:00,182,1,10,0,0,0,0
2025-10-21 11:00:00,182,1,10,0,0,0,0
2025-10-21 12:00:00,178,1,10,0,0,0,0
2025-10-21 13:00:00,165,1,10,0,0,0,0
2025-10-21 14:00:00,157,1,10,0,0,0,0
2025-10-21 15:00:00,160,1,10,0,0,0,0
2025-10-21 16:00:00,164,1,10,0,0,0,0
2025-10-21 17:00:00,150,1,10,0,0,0,0
2025-10-21 18:00:00,159,1,10,0,0,0,0
2025-10-21 19:00:00,149,1,10,0,0,0,0
2025-10-21 20:00:00,151,1,10,0,0,0,0
2025-10-21 21:00:00,141,1,10,0,0,0,0
2025-10-21 22:00:00,134,1,10,0,0,0,0
2025-10-21 23:00:00,133,1,10,0,0,0,0
2025-10-22 00:00:00,113,2,10,0,0,0,0
2025-10-22 01:00:00,103,2,10,0,0,0,0
2025-10-22 02:00:00,113,2,10,0,0,0,0
2025-10-22 03:00:00,110,2,10,0,0,0,0
2025-10-22 04:00:00,108,2,10,0,0,0,0
2025-10-22 05:00:00,102,2,10,0,0,0,0
2025-10-22 06:00:00,142,2,10,0,0,0,0
2025-10-22 07:00:00,145,2,10,0,0,0,0
2025-10-22 08:00:00,171,2,10,0,0,0,0
2025-10-22 09:00:00,185,2,10,0,0,0,0
2025-10-22 10:00:00,185,2,10,0,0,0,0
2025-10-22 11:00:00,183,2,10,0,0,0,0
2025-10-22 12:00:00,180,2,10,0,0,0,0
2025-10-22 13:00:00,168,2,10,0,0,0,0
2025-10-22 14:00:00,168,2,10,0,0,0,0
2025-10-22 15:00:00,166,2,10,0,0,0,0
2025-10-22 16:00:00,172,2,10,0,0,0,0
2025-10-22 17:00:00,150,2,10,0,0,0,0
2025-10-22 18:00:00,159,2,10,0,0,0,0
2025-10-22 19:00:00,154,2,10,0,0,0,0
2025-10-22 20:00:00,161,2,10,0,0,0,0
2025-10-22 21:00:00,138,2,10,0,0,0,0
2025-10-22 22:00:00,147,2,10,0,0,0,0
2025-10-22 23:00:00,144,2,10,0,0,0,0
2025-10-23 00:00:00,118,3,10,0,0,0,0
2025-10-23 01:00:00,115,3,10,0,0,0,0
2025-10-23 02:00:00,114,3,10,0,0,0,0
2025-10-23 03:00:00,105,3,10,0,0,0,0
2025-10-23 04:00:00,114,3,10,0,0,0,0
2025-10-23 05:00:00,112,3,10,0,0,0,0
2025-10-23 06:00:00,146,3,10,0,0,0,0
2025-10-23 07:00:00,142,3,10,0,0,0,0
2025-10-23 08:00:00,177,3,10,0,0,0,0
2025-10-23 09:00:00,189,3,10,0,0,0,0
2025-10-23 10:00:00,185,3,10,0,0,0,0
2025-10-23 11:00:00,188,3,10,0,0,0,0
2025-10-23 12:00:00,184,3,10,0,0,0,0
2025-10-23 13:00:00,167,3,10,0,0,0,0
2025-10-23 14:00:00,167,3,10,0,0,0,0
2025-10-23 15:00:00,168,3,10,0,0,0,0
2025-10-23 16:00:00,176,3,10,0,0,0,0
2025-10-23 17:00:00,159,3,10,0,0,0,0
2025-10-23 18:00:00,153,3,10,0,0,0,0
2025-10-23 19:00:00,153,3,10,0,0,0,0
2025-10-23 20:00:00,155,3,10,0,0,0,0
2025-10-23 21:00:00,147,3,10,0,0,0,0
2025-10-23 22:00:00,143,3,10,0,0,0,0
2025-10-23 23:00:00,141,3,10,0,0,0,0
2025-10-24 00:00:00,107,4,10,0,0,0,0
2025-10-24 01:00:00,106,4,10,0,0,0,0
2025-10-24 02:00:00,115,4,10,0,0,0,0
2025-10-24 03:00:00,97,4,10,0,0,0,0
2025-10-24 04:00:00,107,4,10,0,0,0,0
2025-10-24 05:00:00,114,4,10,0,0,0,0
2025-10-24 06:00:00,137,4,10,0,0,0,0
2025-10-24 07:00:00,134,4,10,0,0,0,0
2025-10-24 08:00:00,167,4,10,0,0,0,0
2025-10-24 09:00:00,181,4,10,0,0,0,0
2025-10-24 10:00:00,175,4,10,0,0,0,0
2025-10-24 11:00:00,187,4,10,0,0,0,0
2025-10-24 12:00:00,182,4,10,0,0,0,0
2025-10-24 13:00:00,162,4,10,0,0,0,0
2025-10-24 14:00:00,166,4,10,0,0,0,0
2025-10-24 15:00:00,169,4,10,0,0,0,0
2025-10-24 16:00:00,161,4,10,0,0,0,0
2025-10-24 17:00:00,148,4,10,0,0,0,0
2025-10-24 18:00:00,154,4,10,0,0,0,0
2025-10-24 19:00:00,152,4,10,0,0,0,0
2025-10-24 20:00:00,153,4,10,0,0,0,0
2025-10-24 21:00:00,137,4,10,0,0,0,0
2025-10-24 22:00:00,132,4,10,0,0,0,0
2025-10-24 23:00:00,134,4,10,0,0,0,0
2025-10-25 00:00:00,83,5,10,1,0,0,0
2025-10-25 01:00:00,82,5,10,1,0,0,0
2025-10-25 02:00:00,83,5,10,1,0,0,0
2025-10-25 03:00:00,83,5,10,1,0,0,0
2025-10-25 04:00:00,86,5,10,1,0,0,0
2025-10-25 05:00:00,74,5,10,1,0,0,0
2025-10-25 06:00:00,104,5,10,1,0,0,0
2025-10-25 07:00:00,102,5,10,1,0,0,0
2025-10-25 08:00:00,127,5,10,1,0,0,0
2025-10-25 09:00:00,140,5,10,1,0,0,0
2025-10-25 10:00:00,137,5,10,1,0,0,0
2025-10-25 11:00:00,137,5,10,1,0,0,0
2025-10-25 12:00:00,136,5,10,1,0,0,0
2025-10-25 13:00:00,120,5,10,1,0,0,0
2025-10-25 14:00:00,119,5,10,1,0,0,0
2025-10-25 15:00:00,126,5,10,1,0,0,0
2025-10-25 16:00:00,125,5,10,1,0,0,0
2025-10-25 17:00:00,116,5,10,1,0,0,0
2025-10-25 18:00:00,110,5,10,1,0,0,0
2025-10-25 19:00:00,118,5,10,1,0,0,0
2025-10-25 20:00:00,114,5,10,1,0,0,0
2025-10-25 21:00:00,96,5,10,1,0,0,0
2025-10-25 22:00:00,98,5,10,1,0,0,0
2025-10-25 23:00:00,98,5,10,1,0,0,0
2025-10-26 00:00:00,77,6,10,1,0,0,0
2025-10-26 01:00:00,73,6,10,1,0,0,0
2025-10-26 02:00:00,75,6,10,1,0,0,0
2025-10-26 03:00:00,81,6,10,1,0,0,0
2025-10-26 04:00:00,87,6,10,1,0,0,0
2025-10-26 05:00:00,79,6,10,1,0,0,0
2025-10-26 06:00:00,99,6,10,1,0,0,0
2025-10-26 07:00:00,104,6,10,1,0,0,0
2025-10-26 08:00:00,126,6,10,1,0,0,0
2025-10-26 09:00:00,138,6,10,1,0,0,0
2025-10-26 10:00:00,134,6,10,1,0,0,0
2025-10-26 11:00:00,125,6,10,1,0,0,0
2025-10-26 12:00:00,141,6,10,1,0,0,0
2025-10-26 13:00:00,121,6,10,1,0,0,0
2025-10-26 14:00:00,120,6,10,1,0,0,0
2025-10-26 15:00:00,116,6,10,1,0,0,0
2025-10-26 16:00:00,122,6,10,1,0,0,0
2025-10-26 17:00:00,116,6,10,1,0,0,0
2025-10-26 18:00:00,107,6,10,1,0,0,0
2025-10-26 19:00:00,116,6,10,1,0,0,0
2025-10-26 20:00:00,109,6,10,1,0,0,0
2025-10-26 21:00:00,101,6,10,1,0,0,0
2025-10-26 22:00:00,104,6,10,1,0,0,0
2025-10-26 23:00:00,100,6,10,1,0,0,0
2025-10-27 00:00:00,107,0,10,0,0,0,0
2025-10-27 01:00:00,105,0,10,0,0,0,0
2025-10-27 02:00:00,96,0,10,0,0,0,0
2025-10-27 03:00:00,100,0,10,0,0,0,0
2025-10-27 04:00:00,102,0,10,0,0,0,0
2025-10-27 05:00:00,102,0,10,0,0,0,0
2025-10-27 06:00:00,136,0,10,0,0,0,0
2025-10-27 07:00:00,129,0,10,0,0,0,0
2025-10-27 08:00:00,158,0,10,0,0,0,0
2025-10-27 09:00:00,173,0,10,0,0,0,0
2025-10-27 10:00:00,173,0,10,0,0,0,0
2025-10-27 11:00:00,174,0,10,0,0,0,0
2025-10-27 12:00:00,177,0,10,0,0,0,0
2025-10-27 13:00:00,158,0,10,0,0,0,0
2025-10-27 14:00:00,149,0,10,0,0,0,0
2025-10-27 15:00:00,161,0,10,0,0,0,0
2025-10-27 16:00:00,166,0,10,0,0,0,0
2025-10-27 17:00:00,149,0,10,0,0,0,0
2025-10-27 18:00:00,152,0,10,0,0,0,0
2025-10-27 19:00:00,144,0,10,0,0,0,0
2025-10-27 20:00:00,141,0,10,0,0,0,0
2025-10-27 21:00:00,130,0,10,0,0,0,0
2025-10-27 22:00:00,131,0,10,0,0,0,0
2025-10-27 23:00:00,130,0,10,0,0,0,0
2025-10-28 00:00:00,101,1,10,0,0,0,0
2025-10-28 01:00:00,104,1,10,0,0,0,0
2025-10-28 02:00:00,106,1,10,0,0,0,0
2025-10-28 03:00:00,112,1,10,0,0,0,0
2025-10-28 04:00:00,109,1,10,0,0,0,0
2025-10-28 05:00:00,101,1,10,0,0,0,0
2025-10-28 06:00:00,139,1,10,0,0,0,0
2025-10-28 07:00:00,134,1,10,0,0,0,0
2025-10-28 08:00:00,165,1,10,0,0,0,0
2025-10-28 09:00:00,181,1,10,0,0,0,0
2025-10-28 10:00:00,183,1,10,0,0,0,0
2025-10-28 11:00:00,184,1,10,0,0,0,0
2025-10-28 12:00:00,185,1,10,0,0,0,0
2025-10-28 13:00:00,161,1,10,0,0,0,0
2025-10-28 14:00:00,170,1,10,0,0,0,0
2025-10-28 15:00:00,163,1,10,0,0,0,0
2025-10-28 16:00:00,170,1,10,0,0,0,0
2025-10-28 17:00:00,148,1,10,0,0,0,0
2025-10-28 18:00:00,149,1,10,0,0,0,0
2025-10-28 19:00:00,156,1,10,0,0,0,0
2025-10-28 20:00:00,144,1,10,0,0,0,0
2025-10-28 21:00:00,139,1,10,0,0,0,0
2025-10-28 22:00:00,128,1,10,0,0,0,0
2025-10-28 23:00:00,129,1,10,0,0,0,0
2025-10-29 00:00:00,109,2,10,0,0,0,0
2025-10-29 01:00:00,111,2,10,0,0,0,0
2025-10-29 02:00:00,112,2,10,0,0,0,0
2025-10-29 03:00:00,111,2,10,0,0,0,0
2025-10-29 04:00:00,108,2,10,0,0,0,0
2025-10-29 05:00:00,117,2,10,0,0,0,0
2025-10-29 06:00:00,144,2,10,0,0,0,0
2025-10-29 07:00:00,144,2,10,0,0,0,0
2025-10-29 08:00:00,176,2,10,0,0,0,0
2025-10-29 09:00:00,178,2,10,0,0,0,0
2025-10-29 10:00:00,185,2,10,0,0,0,0
2025-10-29 11:00:00,187,2,10,0,0,0,0
2025-10-29 12:00:00,190,2,10,0,0,0,0
2025-10-29 13:00:00,163,2,10,0,0,0,0
2025-10-29 14:00:00,169,2,10,0,0,0,0
2025-10-29 15:00:00,169,2,10,0,0,0,0
2025-10-29 16:00:00,171,2,10,0,0,0,0
2025-10-29 17:00:00,161,2,10,0,0,0,0
2025-10-29 18:00:00,154,2,10,0,0,0,0
2025-10-29 19:00:00,157,2,10,0,0,0,0
2025-10-29 20:00:00,156,2,10,0,0,0,0
2025-10-29 21:00:00,148,2,10,0,0,0,0
2025-10-29 22:00:00,141,2,10,0,0,0,0
2025-10-29 23:00:00,146,2,10,0,0,0,0
2025-10-30 00:00:00,111,3,10,0,0,0,0
2025-10-30 01:00:00,119,3,10,0,0,0,0
2025-10-30 02:00:00,117,3,10,0,0,0,0
2025-10-30 03:00:00,116,3,10,0,0,0,0
2025-10-30 04:00:00,118,3,10,0,0,0,0
2025-10-30 05:00:00,111,3,10,0,0,0,0
2025-10-30 06:00:00,144,3,10,0,0,0,0
2025-10-30 07:00:00,141,3,10,0,0,0,0
2025-10-30 08:00:00,177,3,10,0,0,0,0
2025-10-30 09:00:00,194,3,10,0,0,0,0
2025-10-30 10:00:00,191,3,10,0,0,0,0
2025-10-30 11:00:00,184,3,10,0,0,0,0
2025-10-30 12:00:00,186,3,10,0,0,0,0
2025-10-30 13:00:00,175,3,10,0,0,0,0
2025-10-30 14:00:00,168,3,10,0,0,0,0
2025-10-30 15:00:00,167,3,10,0,0,0,0
2025-10-30 16:00:00,173,3,10,0,0,0,0
2025-10-30 17:00:00,158,3,10,0,0,0,0
2025-10-30 18:00:00,158,3,10,0,0,0,0
2025-10-30 19:00:00,155,3,10,0,0,0,0
2025-10-30 20:00:00,162,3,10,0,0,0,0
2025-10-30 21:00:00,140,3,10,0,0,0,0
2025-10-30 22:00:00,141,3,10,0,0,0,0
2025-10-30 23:00:00,142,3,10,0,0,0,0
2025-10-31 00:00:00,108,4,10,0,0,0,0
2025-10-31 01:00:00,114,4,10,0,0,0,0
2025-10-31 02:00:00,116,4,10,0,0,0,0
2025-10-31 03:00:00,113,4,10,0,0,0,0
2025-10-31 04:00:00,113,4,10,0,0,0,0
2025-10-31 05:00:00,114,4,10,0,0,0,0
2025-10-31 06:00:00,129,4,10,0,0,0,0
2025-10-31 07:00:00,132,4,10,0,0,0,0
2025-10-31 08:00:00,167,4,10,0,0,0,0
2025-10-31 09:00:00,184,4,10,0,0,0,0
2025-10-31 10:00:00,188,4,10,0,0,0,0
2025-10-31 11:00:00,181,4,10,0,0,0,0
2025-10-31 12:00:00,180,4,10,0,0,0,0
2025-10-31 13:00:00,168,4,10,0,0,0,0
2025-10-31 14:00:00,163,4,10,0,0,0,0
2025-10-31 15:00:00,169,4,10,0,0,0,0
2025-10-31 16:00:00,165,4,10,0,0,0,0
2025-10-31 17:00:00,147,4,10,0,0,0,0
2025-10-31 18:00:00,161,4,10,0,0,0,0
2025-10-31 19:00:00,155,4,10,0,0,0,0
2025-10-31 20:00:00,158,4,10,0,0,0,0
2025-10-31 21:00:00,143,4,10,0,0,0,0
2025-10-31 22:00:00,134,4,10,0,0,0,0
2025-10-31 23:00:00,140,4,10,0,0,0,0
2025-11-01 00:00:00,77,5,11,1,0,0,0
2025-11-01 01:00:00,85,5,11,1,0,0,0
2025-11-01 02:00:00,82,5,11,1,0,0,0
2025-11-01 03:00:00,81,5,11,1,0,0,0
2025-11-01 04:00:00,78,5,11,1,0,0,0
2025-11-01 05:00:00,80,5,11,1,0,0,0
2025-11-01 06:00:00,100,5,11,1,0,0,0
2025-11-01 07:00:00,101,5,11,1,0,0,0
2025-11-01 08:00:00,127,5,11,1,0,0,0
2025-11-01 09:00:00,137,5,11,1,0,0,0
2025-11-01 10:00:00,138,5,11,1,0,0,0
2025-11-01 11:00:00,130,5,11,1,0,0,0
2025-11-01 12:00:00,133,5,11,1,0,0,0
2025-11-01 13:00:00,124,5,11,1,0,0,0
2025-11-01 14:00:00,125,5,11,1,0,0,0
2025-11-01 15:00:00,123,5,11,1,0,0,0
2025-11-01 16:00:00,126,5,11,1,0,0,0
2025-11-01 17:00:00,108,5,11,1,0,0,0
2025-11-01 18:00:00,112,5,11,1,0,0,0
2025-11-01 19:00:00,119,5,11,1,0,0,0
2025-11-01 20:00:00,113,5,11,1,0,0,0
2025-11-01 21:00:00,110,5,11,1,0,0,0
2025-11-01 22:00:00,109,5,11,1,0,0,0
2025-11-01 23:00:00,103,5,11,1,0,0,0
2025-11-02 00:00:00,77,6,11,1,0,0,0
2025-11-02 01:00:00,77,6,11,1,0,0,0
2025-11-02 02:00:00,76,6,11,1,0,0,0
2025-11-02 03:00:00,75,6,11,1,0,0,0
2025-11-02 04:00:00,80,6,11,1,0,0,0
2025-11-02 05:00:00,79,6,11,1,0,0,0
2025-11-02 06:00:00,106,6,11,1,0,0,0
2025-11-02 07:00:00,103,6,11,1,0,0,0
2025-11-02 08:00:00,126,6,11,1,0,0,0
2025-11-02 09:00:00,134,6,11,1,0,0,0
2025-11-02 10:00:00,136,6,11,1,0,0,0
2025-11-02 11:00:00,136,6,11,1,0,0,0
2025-11-02 12:00:00,142,6,11,1,0,0,0
2025-11-02 13:00:00,118,6,11,1,0,0,0
2025-11-02 14:00:00,112,6,11,1,0,0,0
2025-11-02 15:00:00,124,6,11,1,0,0,0
2025-11-02 16:00:00,125,6,11,1,0,0,0
2025-11-02 17:00:00,110,6,11,1,0,0,0
2025-11-02 18:00:00,118,6,11,1,0,0,0
2025-11-02 19:00:00,106,6,11,1,0,0,0
2025-11-02 20:00:00,115,6,11,1,0,0,0
2025-11-02 21:00:00,103,6,11,1,0,0,0
2025-11-02 22:00:00,105,6,11,1,0,0,0
2025-11-02 23:00:00,99,6,11,1,0,0,0
2025-11-03 00:00:00,103,0,11,0,0,0,0
2025-11-03 01:00:00,103,0,11,0,0,0,0
2025-11-03 02:00:00,104,0,11,0,0,0,0
2025-11-03 03:00:00,109,0,11,0,0,0,0
2025-11-03 04:00:00,100,0,11,0,0,0,0
2025-11-03 05:00:00,105,0,11,0,0,0,0
2025-11-03 06:00:00,136,0,11,0,0,0,0
2025-11-03 07:00:00,129,0,11,0,0,0,0
2025-11-03 08:00:00,158,0,11,0,0,0,0
2025-11-03 09:00:00,173,0,11,0,0,0,0
2025-11-03 10:00:00,180,0,11,0,0,0,0
2025-11-03 11:00:00,176,0,11,0,0,0,0
2025-11-03 12:00:00,179,0,11,0,0,0,0
2025-11-03 13:00:00,155,0,11,0,0,0,0
2025-11-03 14:00:00,161,0,11,0,0,0,0
2025-11-03 15:00:00,158,0,11,0,0,0,0
2025-11-03 16:00:00,158,0,11,0,0,0,0
2025-11-03 17:00:00,144,0,11,0,0,0,0
2025-11-03 18:00:00,141,0,11,0,0,0,0
2025-11-03 19:00:00,145,0,11,0,0,0,0
2025-11-03 20:00:00,152,0,11,0,0,0,0
2025-11-03 21:00:00,130,0,11,0,0,0,0
2025-11-03 22:00:00,130,0,11,0,0,0,0
2025-11-03 23:00:00,126,0,11,0,0,0,0
2025-11-04 00:00:00,112,1,11,0,0,0,0
2025-11-04 01:00:00,103,1,11,0,0,0,0
2025-11-04 02:00:00,114,1,11,0,0,0,0
2025-11-04 03:00:00,109,1,11,0,0,0,0
2025-11-04 04:00:00,119,1,11,0,0,0,0
2025-11-04 05:00:00,106,1,11,0,0,0,0
2025-11-04 06:00:00,137,1,11,0,0,0,0
2025-11-04 07:00:00,140,1,11,0,0,0,0
2025-11-04 08:00:00,170,1,11,0,0,0,0
2025-11-04 09:00:00,174,1,11,0,0,0,0
2025-11-04 10:00:00,184,1,11,0,0,0,0
2025-11-04 11:00:00,186,1,11,0,0,0,0
2025-11-04 12:00:00,181,1,11,0,0,0,0
2025-11-04 13:00:00,160,1,11,0,0,0,0
2025-11-04 14:00:00,163,1,11,0,0,0,0
2025-11-04 15:00:00,168,1,11,0,0,0,0
2025-11-04 16:00:00,163,1,11,0,0,0,0
2025-11-04 17:00:00,160,1,11,0,0,0,0
2025-11-04 18:00:00,148,1,11,0,0,0,0
2025-11-04 19:00:00,145,1,11,0,0,0,0
2025-11-04 20:00:00,158,1,11,0,0,0,0
2025-11-04 21:00:00,142,1,11,0,0,0,0
2025-11-04 22:00:00,143,1,11,0,0,0,0
2025-11-04 23:00:00,147,1,11,0,0,0,0
2025-11-05 00:00:00,117,2,11,0,0,0,0
2025-11-05 01:00:00,112,2,11,0,0,0,0
2025-11-05 02:00:00,124,2,11,0,0,0,0
2025-11-05 03:00:00,121,2,11,0,0,0,0
2025-11-05 04:00:00,110,2,11,0,0,0,0
2025-11-05 05:00:00,112,2,11,0,0,0,0
2025-11-05 06:00:00,151,2,11,0,0,0,0
2025-11-05 07:00:00,147,2,11,0,0,0,0
2025-11-05 08:00:00,180,2,11,0,0,0,0
2025-11-05 09:00:00,188,2,11,0,0,0,0
2025-11-05 10:00:00,189,2,11,0,0,0,0
2025-11-05 11:00:00,184,2,11,0,0,0,0
2025-11-05 12:00:00,185,2,11,0,0,0,0
2025-11-05 13:00:00,168,2,11,0,0,0,0
2025-11-05 14:00:00,171,2,11,0,0,0,0
2025-11-05 15:00:00,173,2,11,0,0,0,0
2025-11-05 16:00:00,173,2,11,0,0,0,0
2025-11-05 17:00:00,159,2,11,0,0,0,0
2025-11-05 18:00:00,161,2,11,0,0,0,0
2025-11-05 19:00:00,163,2,11,0,0,0,0
2025-11-05 20:00:00,158,2,11,0,0,0,0
2025-11-05 21:00:00,145,2,11,0,0,0,0
2025-11-05 22:00:00,144,2,11,0,0,0,0
2025-11-05 23:00:00,144,2,11,0,0,0,0
2025-11-06 00:00:00,117,3,11,0,0,0,0
2025-11-06 01:00:00,109,3,11,0,0,0,0
2025-11-06 02:00:00,111,3,11,0,0,0,0
2025-11-06 03:00:00,117,3,11,0,0,0,0
2025-11-06 04:00:00,120,3,11,0,0,0,0
2025-11-06 05:00:00,115,3,11,0,0,0,0
2025-11-06 06:00:00,142,3,11,0,0,0,0
2025-11-06 07:00:00,151,3,11,0,0,0,0
2025-11-06 08:00:00,181,3,11,0,0,0,0
2025-11-06 09:00:00,188,3,11,0,0,0,0
2025-11-06 10:00:00,192,3,11,0,0,0,0
2025-11-06 11:00:00,183,3,11,0,0,0,0
2025-11-06 12:00:00,185,3,11,0,0,0,0
2025-11-06 13:00:00,171,3,11,0,0,0,0
2025-11-06 14:00:00,173,3,11,0,0,0,0
2025-11-06 15:00:00,170,3,11,0,0,0,0
2025-11-06 16:00:00,173,3,11,0,0,0,0
2025-11-06 17:00:00,158,3,11,0,0,0,0
2025-11-06 18:00:00,166,3,11,0,0,0,0
2025-11-06 19:00:00,152,3,11,0,0,0,0
2025-11-06 20:00:00,160,3,11,0,0,0,0
2025-11-06 21:00:00,134,3,11,0,0,0,0
2025-11-06 22:00:00,143,3,11,0,0,0,0
2025-11-06 23:00:00,140,3,11,0,0,0,0
2025-11-07 00:00:00,112,4,11,0,0,0,0
2025-11-07 01:00:00,110,4,11,0,0,0,0
2025-11-07 02:00:00,119,4,11,0,0,0,0
2025-11-07 03:00:00,113,4,11,0,0,0,0
2025-11-07 04:00:00,109,4,11,0,0,0,0
2025-11-07 05:00:00,111,4,11,0,0,0,0
2025-11-07 06:00:00,139,4,11,0,0,0,0
2025-11-07 07:00:00,140,4,11,0,0,0,0
2025-11-07 08:00:00,173,4,11,0,0,0,0
2025-11-07 09:00:00,185,4,11,0,0,0,0
2025-11-07 10:00:00,187,4,11,0,0,0,0
2025-11-07 11:00:00,179,4,11,0,0,0,0
2025-11-07 12:00:00,182,4,11,0,0,0,0
2025-11-07 13:00:00,161,4,11,0,0,0,0
2025-11-07 14:00:00,166,4,11,0,0,0,0
2025-11-07 15:00:00,164,4,11,0,0,0,0
2025-11-07 16:00:00,167,4,11,0,0,0,0
2025-11-07 17:00:00,163,4,11,0,0,0,0
2025-11-07 18:00:00,157,4,11,0,0,0,0
2025-11-07 19:00:00,156,4,11,0,0,0,0
2025-11-07 20:00:00,158,4,11,0,0,0,0
2025-11-07 21:00:00,138,4,11,0,0,0,0
2025-11-07 22:00:00,136,4,11,0,0,0,0
2025-11-07 23:00:00,137,4,11,0,0,0,0
2025-11-08 00:00:00,81,5,11,1,0,0,0
2025-11-08 01:00:00,74,5,11,1,0,0,0
2025-11-08 02:00:00,83,5,11,1,0,0,0
2025-11-08 03:00:00,83,5,11,1,0,0,0
2025-11-08 04:00:00,75,5,11,1,0,0,0
2025-11-08 05:00:00,83,5,11,1,0,0,0
2025-11-08 06:00:00,110,5,11,1,0,0,0
2025-11-08 07:00:00,107,5,11,1,0,0,0
2025-11-08 08:00:00,134,5,11,1,0,0,0
2025-11-08 09:00:00,128,5,11,1,0,0,0
2025-11-08 10:00:00,139,5,11,1,0,0,0
2025-11-08 11:00:00,141,5,11,1,0,0,0
2025-11-08 12:00:00,141,5,11,1,0,0,0
2025-11-08 13:00:00,125,5,11,1,0,0,0
2025-11-08 14:00:00,129,5,11,1,0,0,0
2025-11-08 15:00:00,128,5,11,1,0,0,0
2025-11-08 16:00:00,126,5,11,1,0,0,0
2025-11-08 17:00:00,110,5,11,1,0,0,0
2025-11-08 18:00:00,117,5,11,1,0,0,0
2025-11-08 19:00:00,111,5,11,1,0,0,0
2025-11-08 20:00:00,114,5,11,1,0,0,0
2025-11-08 21:00:00,102,5,11,1,0,0,0
2025-11-08 22:00:00,106,5,11,1,0,0,0
2025-11-08 23:00:00,107,5,11,1,0,0,0
2025-11-09 00:00:00,75,6,11,1,0,0,0
2025-11-09 01:00:00,81,6,11,1,0,0,0
2025-11-09 02:00:00,80,6,11,1,0,0,0
2025-11-09 03:00:00,81,6,11,1,0,0,0
2025-11-09 04:00:00,79,6,11,1,0,0,0
2025-11-09 05:00:00,81,6,11,1,0,0,0
2025-11-09 06:00:00,105,6,11,1,0,0,0
2025-11-09 07:00:00,102,6,11,1,0,0,0
2025-11-09 08:00:00,127,6,11,1,0,0,0
2025-11-09 09:00:00,138,6,11,1,0,0,0
2025-11-09 10:00:00,132,6,11,1,0,0,0
2025-11-09 11:00:00,142,6,11,1,0,0,0
2025-11-09 12:00:00,137,6,11,1,0,0,0
2025-11-09 13:00:00,123,6,11,1,0,0,0
2025-11-09 14:00:00,122,6,11,1,0,0,0
2025-11-09 15:00:00,128,6,11,1,0,0,0
2025-11-09 16:00:00,119,6,11,1,0,0,0
2025-11-09 17:00:00,116,6,11,1,0,0,0
2025-11-09 18:00:00,118,6,11,1,0,0,0
2025-11-09 19:00:00,118,6,11,1,0,0,0
2025-11-09 20:00:00,111,6,11,1,0,0,0
2025-11-09 21:00:00,99,6,11,1,0,0,0
2025-11-09 22:00:00,105,6,11,1,0,0,0
2025-11-09 23:00:00,106,6,11,1,0,0,0
2025-11-10 00:00:00,106,0,11,0,0,0,0
2025-11-10 01:00:00,106,0,11,0,0,0,0
2025-11-10 02:00:00,106,0,11,0,0,0,0
2025-11-10 03:00:00,106,0,11,0,0,0,0
2025-11-10 04:00:00,101,0,11,0,0,0,0
2025-11-10 05:00:00,106,0,11,0,0,0,0
2025-11-10 06:00:00,135,0,11,0,0,0,0
2025-11-10 07:00:00,136,0,11,0,0,0,0
2025-11-10 08:00:00,161,0,11,0,0,0,0
2025-11-10 09:00:00,177,0,11,0,0,0,0
2025-11-10 10:00:00,181,0,11,0,0,0,0
2025-11-10 11:00:00,179,0,11,0,0,0,0
2025-11-10 12:00:00,172,0,11,0,0,0,0
2025-11-10 13:00:00,166,0,11,0,0,0,0
2025-11-10 14:00:00,162,0,11,0,0,0,0
2025-11-10 15:00:00,159,0,11,0,0,0,0
2025-11-10 16:00:00,160,0,11,0,0,0,0
2025-11-10 17:00:00,147,0,11,0,0,0,0
2025-11-10 18:00:00,144,0,11,0,0,0,0
2025-11-10 19:00:00,151,0,11,0,0,0,0
2025-11-10 20:00:00,146,0,11,0,0,0,0
2025-11-10 21:00:00,134,0,11,0,0,0,0
2025-11-10 22:00:00,126,0,11,0,0,0,0
2025-11-10 23:00:00,128,0,11,0,0,0,0
2025-11-11 00:00:00,110,1,11,0,0,0,0
2025-11-11 01:00:00,118,1,11,0,0,0,0
2025-11-11 02:00:00,108,1,11,0,0,0,0
2025-11-11 03:00:00,109,1,11,0,0,0,0
2025-11-11 04:00:00,105,1,11,0,0,0,0
2025-11-11 05:00:00,109,1,11,0,0,0,0
2025-11-11 06:00:00,134,1,11,0,0,0,0
2025-11-11 07:00:00,135,1,11,0,0,0,0
2025-11-11 08:00:00,167,1,11,0,0,0,0
2025-11-11 09:00:00,183,1,11,0,0,0,0
2025-11-11 10:00:00,175,1,11,0,0,0,0
2025-11-11 11:00:00,178,1,11,0,0,0,0
2025-11-11 12:00:00,183,1,11,0,0,0,0
2025-11-11 13:00:00,171,1,11,0,0,0,0
2025-11-11 14:00:00,162,1,11,0,0,0,0
2025-11-11 15:00:00,170,1,11,0,0,0,0
2025-11-11 16:00:00,165,1,11,0,0,0,0
2025-11-11 17:00:00,159,1,11,0,0,0,0
2025-11-11 18:00:00,150,1,11,0,0,0,0
2025-11-11 19:00:00,162,1,11,0,0,0,0
2025-11-11 20:00:00,154,1,11,0,0,0,0
2025-11-11 21:00:00,135,1,11,0,0,0,0
2025-11-11 22:00:00,136,1,11,0,0,0,0
2025-11-11 23:00:00,133,1,11,0,0,0,0
2025-11-12 00:00:00,114,2,11,0,0,0,0
2025-11-12 01:00:00,119,2,11,0,0,0,0
2025-11-12 02:00:00,117,2,11,0,0,0,0
2025-11-12 03:00:00,112,2,11,0,0,0,0
2025-11-12 04:00:00,114,2,11,0,0,0,0
2025-11-12 05:00:00,117,2,11,0,0,0,0
2025-11-12 06:00:00,147,2,11,0,0,0,0
2025-11-12 07:00:00,140,2,11,0,0,0,0
2025-11-12 08:00:00,177,2,11,0,0,0,0
2025-11-12 09:00:00,184,2,11,0,0,0,0
2025-11-12 10:00:00,190,2,11,0,0,0,0
2025-11-12 11:00:00,187,2,11,0,0,0,0
2025-11-12 12:00:00,187,2,11,0,0,0,0
2025-11-12 13:00:00,171,2,11,0,0,0,0
2025-11-12 14:00:00,168,2,11,0,0,0,0
2025-11-12 15:00:00,164,2,11,0,0,0,0
2025-11-12 16:00:00,174,2,11,0,0,0,0
2025-11-12 17:00:00,151,2,11,0,0,0,0
2025-11-12 18:00:00,154,2,11,0,0,0,0
2025-11-12 19:00:00,154,2,11,0,0,0,0
2025-11-12 20:00:00,160,2,11,0,0,0,0
2025-11-12 21:00:00,153,2,11,0,0,0,0
2025-11-12 22:00:00,146,2,11,0,0,0,0
2025-11-12 23:00:00,145,2,11,0,0,0,0
2025-11-13 00:00:00,115,3,11,0,0,0,0
2025-11-13 01:00:00,115,3,11,0,0,0,0
2025-11-13 02:00:00,120,3,11,0,0,0,0
2025-11-13 03:00:00,116,3,11,0,0,0,0
2025-11-13 04:00:00,122,3,11,0,0,0,0
2025-11-13 05:00:00,118,3,11,0,0,0,0
2025-11-13 06:00:00,149,3,11,0,0,0,0
2025-11-13 07:00:00,143,3,11,0,0,0,0
2025-11-13 08:00:00,181,3,11,0,0,0,0
2025-11-13 09:00:00,185,3,11,0,0,0,0
2025-11-13 10:00:00,197,3,11,0,0,0,0
2025-11-13 11:00:00,192,3,11,0,0,0,0
2025-11-13 12:00:00,189,3,11,0,0,0,0
2025-11-13 13:00:00,173,3,11,0,0,0,0
2025-11-13 14:00:00,175,3,11,0,0,0,0
2025-11-13 15:00:00,174,3,11,0,0,0,0
2025-11-13 16:00:00,173,3,11,0,0,0,0
2025-11-13 17:00:00,161,3,11,0,0,0,0
2025-11-13 18:00:00,165,3,11,0,0,0,0
2025-11-13 19:00:00,158,3,11,0,0,0,0
2025-11-13 20:00:00,149,3,11,0,0,0,0
2025-11-13 21:00:00,145,3,11,0,0,0,0
2025-11-13 22:00:00,149,3,11,0,0,0,0
2025-11-13 23:00:00,148,3,11,0,0,0,0
2025-11-14 00:00:00,113,4,11,0,0,0,0
2025-11-14 01:00:00,113,4,11,0,0,0,0
2025-11-14 02:00:00,114,4,11,0,0,0,0
2025-11-14 03:00:00,119,4,11,0,0,0,0
2025-11-14 04:00:00,114,4,11,0,0,0,0
2025-11-14 05:00:00,110,4,11,0,0,0,0
2025-11-14 06:00:00,136,4,11,0,0,0,0
2025-11-14 07:00:00,144,4,11,0,0,0,0
2025-11-14 08:00:00,176,4,11,0,0,0,0
2025-11-14 09:00:00,182,4,11,0,0,0,0
2025-11-14 10:00:00,186,4,11,0,0,0,0
2025-11-14 11:00:00,191,4,11,0,0,0,0
2025-11-14 12:00:00,189,4,11,0,0,0,0
2025-11-14 13:00:00,169,4,11,0,0,0,0
2025-11-14 14:00:00,172,4,11,0,0,0,0
2025-11-14 15:00:00,174,4,11,0,0,0,0
2025-11-14 16:00:00,173,4,11,0,0,0,0
2025-11-14 17:00:00,160,4,11,0,0,0,0
2025-11-14 18:00:00,160,4,11,0,0,0,0
2025-11-14 19:00:00,162,4,11,0,0,0,0
2025-11-14 20:00:00,157,4,11,0,0,0,0
2025-11-14 21:00:00,145,4,11,0,0,0,0
2025-11-14 22:00:00,143,4,11,0,0,0,0
2025-11-14 23:00:00,140,4,11,0,0,0,0
2025-11-15 00:00:00,81,5,11,1,0,0,0
2025-11-15 01:00:00,82,5,11,1,0,0,0
2025-11-15 02:00:00,85,5,11,1,0,0,0
2025-11-15 03:00:00,82,5,11,1,0,0,0
2025-11-15 04:00:00,86,5,11,1,0,0,0
2025-11-15 05:00:00,90,5,11,1,0,0,0
2025-11-15 06:00:00,107,5,11,1,0,0,0
2025-11-15 07:00:00,115,5,11,1,0,0,0
2025-11-15 08:00:00,133,5,11,1,0,0,0
2025-11-15 09:00:00,134,5,11,1,0,0,0
2025-11-15 10:00:00,134,5,11,1,0,0,0
2025-11-15 11:00:00,140,5,11,1,0,0,0
2025-11-15 12:00:00,151,5,11,1,0,0,0
2025-11-15 13:00:00,128,5,11,1,0,0,0
2025-11-15 14:00:00,124,5,11,1,0,0,0
2025-11-15 15:00:00,129,5,11,1,0,0,0
2025-11-15 16:00:00,133,5,11,1,0,0,0
2025-11-15 17:00:00,122,5,11,1,0,0,0
2025-11-15 18:00:00,121,5,11,1,0,0,0
2025-11-15 19:00:00,119,5,11,1,0,0,0
2025-11-15 20:00:00,109,5,11,1,0,0,0
2025-11-15 21:00:00,100,5,11,1,0,0,0
2025-11-15 22:00:00,108,5,11,1,0,0,0
2025-11-15 23:00:00,107,5,11,1,0,0,0
2025-11-16 00:00:00,81,6,11,1,0,0,0
2025-11-16 01:00:00,72,6,11,1,0,0,0
2025-11-16 02:00:00,82,6,11,1,0,0,0
2025-11-16 03:00:00,77,6,11,1,0,0,0
2025-11-16 04:00:00,76,6,11,1,0,0,0
2025-11-16 05:00:00,81,6,11,1,0,0,0
2025-11-16 06:00:00,104,6,11,1,0,0,0
2025-11-16 07:00:00,108,6,11,1,0,0,0
2025-11-16 08:00:00,127,6,11,1,0,0,0
2025-11-16 09:00:00,139,6,11,1,0,0,0
2025-11-16 10:00:00,138,6,11,1,0,0,0
2025-11-16 11:00:00,133,6,11,1,0,0,0
2025-11-16 12:00:00,136,6,11,1,0,0,0
2025-11-16 13:00:00,121,6,11,1,0,0,0
2025-11-16 14:00:00,120,6,11,1,0,0,0
2025-11-16 15:00:00,120,6,11,1,0,0,0
2025-11-16 16:00:00,129,6,11,1,0,0,0
2025-11-16 17:00:00,109,6,11,1,0,0,0
2025-11-16 18:00:00,117,6,11,1,0,0,0
2025-11-16 19:00:00,119,6,11,1,0,0,0
2025-11-16 20:00:00,111,6,11,1,0,0,0
2025-11-16 21:00:00,97,6,11,1,0,0,0
2025-11-16 22:00:00,104,6,11,1,0,0,0
2025-11-16 23:00:00,99,6,11,1,0,0,0
2025-11-17 00:00:00,101,0,11,0,0,0,0
2025-11-17 01:00:00,104,0,11,0,0,0,0
2025-11-17 02:00:00,113,0,11,0,0,0,0
2025-11-17 03:00:00,103,0,11,0,0,0,0
2025-11-17 04:00:00,104,0,11,0,0,0,0
2025-11-17 05:00:00,112,0,11,0,0,0,0
2025-11-17 06:00:00,133,0,11,0,0,0,0
2025-11-17 07:00:00,130,0,11,0,0,0,0
2025-11-17 08:00:00,161,0,11,0,0,0,0
2025-11-17 09:00:00,177,0,11,0,0,0,0
2025-11-17 10:00:00,179,0,11,0,0,0,0
2025-11-17 11:00:00,176,0,11,0,0,0,0
2025-11-17 12:00:00,178,0,11,0,0,0,0
2025-11-17 13:00:00,156,0,11,0,0,0,0
2025-11-17 14:00:00,156,0,11,0,0,0,0
2025-11-17 15:00:00,163,0,11,0,0,0,0
2025-11-17 16:00:00,164,0,11,0,0,0,0
2025-11-17 17:00:00,147,0,11,0,0,0,0
2025-11-17 18:00:00,144,0,11,0,0,0,0
2025-11-17 19:00:00,150,0,11,0,0,0,0
2025-11-17 20:00:00,147,0,11,0,0,0,0
2025-11-17 21:00:00,135,0,11,0,0,0,0
2025-11-17 22:00:00,133,0,11,0,0,0,0
2025-11-17 23:00:00,132,0,11,0,0,0,0
2025-11-18 00:00:00,107,1,11,0,0,0,0
2025-11-18 01:00:00,111,1,11,0,0,0,0
2025-11-18 02:00:00,112,1,11,0,0,0,0
2025-11-18 03:00:00,111,1,11,0,0,0,0
2025-11-18 04:00:00,114,1,11,0,0,0,0
2025-11-18 05:00:00,114,1,11,0,0,0,0
2025-11-18 06:00:00,140,1,11,0,0,0,0
2025-11-18 07:00:00,132,1,11,0,0,0,0
2025-11-18 08:00:00,170,1,11,0,0,0,0
2025-11-18 09:00:00,183,1,11,0,0,0,0
2025-11-18 10:00:00,183,1,11,0,0,0,0
2025-11-18 11:00:00,186,1,11,0,0,0,0
2025-11-18 12:00:00,184,1,11,0,0,0,0
2025-11-18 13:00:00,159,1,11,0,0,0,0
2025-11-18 14:00:00,162,1,11,0,0,0,0
2025-11-18 15:00:00,158,1,11,0,0,0,0
2025-11-18 16:00:00,163,1,11,0,0,0,0
2025-11-18 17:00:00,155,1,11,0,0,0,0
2025-11-18 18:00:00,153,1,11,0,0,0,0
2025-11-18 19:00:00,153,1,11,0,0,0,0
2025-11-18 20:00:00,164,1,11,0,0,0,0
2025-11-18 21:00:00,142,1,11,0,0,0,0
2025-11-18 22:00:00,145,1,11,0,0,0,0
2025-11-18 23:00:00,144,1,11,0,0,0,0
2025-11-19 00:00:00,113,2,11,0,0,0,0
2025-11-19 01:00:00,120,2,11,0,0,0,0
2025-11-19 02:00:00,111,2,11,0,0,0,0
2025-11-19 03:00:00,123,2,11,0,0,0,0
2025-11-19 04:00:00,115,2,11,0,0,0,0
2025-11-19 05:00:00,114,2,11,0,0,0,0
2025-11-19 06:00:00,148,2,11,0,0,0,0
2025-11-19 07:00:00,142,2,11,0,0,0,0
2025-11-19 08:00:00,178,2,11,0,0,0,0
2025-11-19 09:00:00,184,2,11,0,0,0,0
2025-11-19 10:00:00,191,2,11,0,0,0,0
2025-11-19 11:00:00,190,2,11,0,0,0,0
2025-11-19 12:00:00,193,2,11,0,0,0,0
2025-11-19 13:00:00,172,2,11,0,0,0,0
2025-11-19 14:00:00,168,2,11,0,0,0,0
2025-11-19 15:00:00,171,2,11,0,0,0,0
2025-11-19 16:00:00,176,2,11,0,0,0,0
2025-11-19 17:00:00,158,2,11,0,0,0,0
2025-11-19 18:00:00,156,2,11,0,0,0,0
2025-11-19 19:00:00,156,2,11,0,0,0,0
2025-11-19 20:00:00,158,2,11,0,0,0,0
2025-11-19 21:00:00,148,2,11,0,0,0,0
2025-11-19 22:00:00,146,2,11,0,0,0,0
2025-11-19 23:00:00,143,2,11,0,0,0,0
2025-11-20 00:00:00,116,3,11,0,0,0,0
2025-11-20 01:00:00,117,3,11,0,0,0,0
2025-11-20 02:00:00,119,3,11,0,0,0,0
2025-11-20 03:00:00,126,3,11,0,0,0,0
2025-11-20 04:00:00,116,3,11,0,0,0,0
2025-11-20 05:00:00,119,3,11,0,0,0,0
2025-11-20 06:00:00,140,3,11,0,0,0,0
2025-11-20 07:00:00,142,3,11,0,0,0,0
2025-11-20 08:00:00,178,3,11,0,0,0,0
2025-11-20 09:00:00,195,3,11,0,0,0,0
2025-11-20 10:00:00,185,3,11,0,0,0,0
2025-11-20 11:00:00,196,3,11,0,0,0,0
2025-11-20 12:00:00,178,3,11,0,0,0,0
2025-11-20 13:00:00,174,3,11,0,0,0,0
2025-11-20 14:00:00,174,3,11,0,0,0,0
2025-11-20 15:00:00,176,3,11,0,0,0,0
2025-11-20 16:00:00,168,3,11,0,0,0,0
2025-11-20 17:00:00,169,3,11,0,0,0,0
2025-11-20 18:00:00,166,3,11,0,0,0,0
2025-11-20 19:00:00,162,3,11,0,0,0,0
2025-11-20 20:00:00,160,3,11,0,0,0,0
2025-11-20 21:00:00,150,3,11,0,0,0,0
2025-11-20 22:00:00,150,3,11,0,0,0,0
2025-11-20 23:00:00,144,3,11,0,0,0,0
2025-11-21 00:00:00,113,4,11,0,0,0,0
2025-11-21 01:00:00,109,4,11,0,0,0,0
2025-11-21 02:00:00,115,4,11,0,0,0,0
2025-11-21 03:00:00,112,4,11,0,0,0,0
2025-11-21 04:00:00,112,4,11,0,0,0,0
2025-11-21 05:00:00,108,4,11,0,0,0,0
2025-11-21 06:00:00,145,4,11,0,0,0,0
2025-11-21 07:00:00,140,4,11,0,0,0,0
2025-11-21 08:00:00,174,4,11,0,0,0,0
2025-11-21 09:00:00,180,4,11,0,0,0,0
2025-11-21 10:00:00,185,4,11,0,0,0,0
2025-11-21 11:00:00,187,4,11,0,0,0,0
2025-11-21 12:00:00,183,4,11,0,0,0,0
2025-11-21 13:00:00,170,4,11,0,0,0,0
2025-11-21 14:00:00,166,4,11,0,0,0,0
2025-11-21 15:00:00,170,4,11,0,0,0,0
2025-11-21 16:00:00,164,4,11,0,0,0,0
2025-11-21 17:00:00,159,4,11,0,0,0,0
2025-11-21 18:00:00,161,4,11,0,0,0,0
2025-11-21 19:00:00,160,4,11,0,0,0,0
2025-11-21 20:00:00,165,4,11,0,0,0,0
2025-11-21 21:00:00,143,4,11,0,0,0,0
2025-11-21 22:00:00,147,4,11,0,0,0,0
2025-11-21 23:00:00,143,4,11,0,0,0,0
2025-11-22 00:00:00,81,5,11,1,0,0,0
2025-11-22 01:00:00,83,5,11,1,0,0,0
2025-11-22 02:00:00,89,5,11,1,0,0,0
2025-11-22 03:00:00,83,5,11,1,0,0,0
2025-11-22 04:00:00,80,5,11,1,0,0,0
2025-11-22 05:00:00,90,5,11,1,0,0,0
2025-11-22 06:00:00,109,5,11,1,0,0,0
2025-11-22 07:00:00,107,5,11,1,0,0,0
2025-11-22 08:00:00,136,5,11,1,0,0,0
2025-11-22 09:00:00,146,5,11,1,0,0,0
2025-11-22 10:00:00,144,5,11,1,0,0,0
2025-11-22 11:00:00,138,5,11,1,0,0,0
2025-11-22 12:00:00,151,5,11,1,0,0,0
2025-11-22 13:00:00,134,5,11,1,0,0,0
2025-11-22 14:00:00,126,5,11,1,0,0,0
2025-11-22 15:00:00,131,5,11,1,0,0,0
2025-11-22 16:00:00,127,5,11,1,0,0,0
2025-11-22 17:00:00,121,5,11,1,0,0,0
2025-11-22 18:00:00,120,5,11,1,0,0,0
2025-11-22 19:00:00,111,5,11,1,0,0,0
2025-11-22 20:00:00,119,5,11,1,0,0,0
2025-11-22 21:00:00,100,5,11,1,0,0,0
2025-11-22 22:00:00,98,5,11,1,0,0,0
2025-11-22 23:00:00,107,5,11,1,0,0,0
2025-11-23 00:00:00,81,6,11,1,0,0,0
2025-11-23 01:00:00,82,6,11,1,0,0,0
2025-11-23 02:00:00,80,6,11,1,0,0,0
2025-11-23 03:00:00,77,6,11,1,0,0,0
2025-11-23 04:00:00,79,6,11,1,0,0,0
2025-11-23 05:00:00,82,6,11,1,0,0,0
2025-11-23 06:00:00,103,6,11,1,0,0,0
2025-11-23 07:00:00,96,6,11,1,0,0,0
2025-11-23 08:00:00,123,6,11,1,0,0,0
2025-11-23 09:00:00,129,6,11,1,0,0,0
2025-11-23 10:00:00,136,6,11,1,0,0,0
2025-11-23 11:00:00,135,6,11,1,0,0,0
2025-11-23 12:00:00,145,6,11,1,0,0,0
2025-11-23 13:00:00,123,6,11,1,0,0,0
2025-11-23 14:00:00,123,6,11,1,0,0,0
2025-11-23 15:00:00,124,6,11,1,0,0,0
2025-11-23 16:00:00,128,6,11,1,0,0,0
2025-11-23 17:00:00,114,6,11,1,0,0,0
2025-11-23 18:00:00,116,6,11,1,0,0,0
2025-11-23 19:00:00,117,6,11,1,0,0,0
2025-11-23 20:00:00,115,6,11,1,0,0,0
2025-11-23 21:00:00,103,6,11,1,0,0,0
2025-11-23 22:00:00,108,6,11,1,0,0,0
2025-11-23 23:00:00,102,6,11,1,0,0,0
2025-11-24 00:00:00,108,0,11,0,0,0,0
2025-11-24 01:00:00,111,0,11,0,0,0,0
2025-11-24 02:00:00,94,0,11,0,0,0,0
2025-11-24 03:00:00,105,0,11,0,0,0,0
2025-11-24 04:00:00,100,0,11,0,0,0,0
2025-11-24 05:00:00,105,0,11,0,0,0,0
2025-11-24 06:00:00,140,0,11,0,0,0,0
2025-11-24 07:00:00,142,0,11,0,0,0,0
2025-11-24 08:00:00,165,0,11,0,0,0,0
2025-11-24 09:00:00,177,0,11,0,0,0,0
2025-11-24 10:00:00,174,0,11,0,0,0,0
2025-11-24 11:00:00,187,0,11,0,0,0,0
2025-11-24 12:00:00,180,0,11,0,0,0,0
2025-11-24 13:00:00,163,0,11,0,0,0,0
2025-11-24 14:00:00,159,0,11,0,0,0,0
2025-11-24 15:00:00,161,0,11,0,0,0,0
2025-11-24 16:00:00,161,0,11,0,0,0,0
2025-11-24 17:00:00,149,0,11,0,0,0,0
2025-11-24 18:00:00,153,0,11,0,0,0,0
2025-11-24 19:00:00,158,0,11,0,0,0,0
2025-11-24 20:00:00,152,0,11,0,0,0,0
2025-11-24 21:00:00,124,0,11,0,0,0,0
2025-11-24 22:00:00,136,0,11,0,0,0,0
2025-11-24 23:00:00,135,0,11,0,0,0,0
2025-11-25 00:00:00,106,1,11,0,0,0,0
2025-11-25 01:00:00,118,1,11,0,0,0,0
2025-11-25 02:00:00,109,1,11,0,0,0,0
2025-11-25 03:00:00,110,1,11,0,0,0,0
2025-11-25 04:00:00,112,1,11,0,0,0,0
2025-11-25 05:00:00,114,1,11,0,0,0,0
2025-11-25 06:00:00,141,1,11,0,0,0,0
2025-11-25 07:00:00,145,1,11,0,0,0,0
2025-11-25 08:00:00,174,1,11,0,0,0,0
2025-11-25 09:00:00,188,1,11,0,0,0,0
2025-11-25 10:00:00,184,1,11,0,0,0,0
2025-11-25 11:00:00,189,1,11,0,0,0,0
2025-11-25 12:00:00,186,1,11,0,0,0,0
2025-11-25 13:00:00,163,1,11,0,0,0,0
2025-11-25 14:00:00,173,1,11,0,0,0,0
2025-11-25 15:00:00,167,1,11,0,0,0,0
2025-11-25 16:00:00,165,1,11,0,0,0,0
2025-11-25 17:00:00,154,1,11,0,0,0,0
2025-11-25 18:00:00,154,1,11,0,0,0,0
2025-11-25 19:00:00,158,1,11,0,0,0,0
2025-11-25 20:00:00,155,1,11,0,0,0,0
2025-11-25 21:00:00,141,1,11,0,0,0,0
2025-11-25 22:00:00,142,1,11,0,0,0,0
2025-11-25 23:00:00,152,1,11,0,0,0,0
2025-11-26 00:00:00,113,2,11,0,0,0,0
2025-11-26 01:00:00,118,2,11,0,0,0,0
2025-11-26 02:00:00,115,2,11,0,0,0,0
2025-11-26 03:00:00,118,2,11,0,0,0,0
2025-11-26 04:00:00,120,2,11,0,0,0,0
2025-11-26 05:00:00,124,2,11,0,0,0,0
2025-11-26 06:00:00,146,2,11,0,0,0,0
2025-11-26 07:00:00,148,2,11,0,0,0,0
2025-11-26 08:00:00,182,2,11,0,0,0,0
2025-11-26 09:00:00,182,2,11,0,0,0,0
2025-11-26 10:00:00,188,2,11,0,0,0,0
2025-11-26 11:00:00,190,2,11,0,0,0,0
2025-11-26 12:00:00,186,2,11,0,0,0,0
2025-11-26 13:00:00,175,2,11,0,0,0,0
2025-11-26 14:00:00,175,2,11,0,0,0,0
2025-11-26 15:00:00,173,2,11,0,0,0,0
2025-11-26 16:00:00,176,2,11,0,0,0,0
2025-11-26 17:00:00,169,2,11,0,0,0,0
2025-11-26 18:00:00,160,2,11,0,0,0,0
2025-11-26 19:00:00,167,2,11,0,0,0,0
2025-11-26 20:00:00,151,2,11,0,0,0,0
2025-11-26 21:00:00,148,2,11,0,0,0,0
2025-11-26 22:00:00,143,2,11,0,0,0,0
2025-11-26 23:00:00,148,2,11,0,0,0,0
2025-11-27 00:00:00,115,3,11,0,0,0,0
2025-11-27 01:00:00,117,3,11,0,0,0,0
2025-11-27 02:00:00,115,3,11,0,0,0,0
2025-11-27 03:00:00,115,3,11,0,0,0,0
2025-11-27 04:00:00,121,3,11,0,0,0,0
2025-11-27 05:00:00,117,3,11,0,0,0,0
2025-11-27 06:00:00,153,3,11,0,0,0,0
2025-11-27 07:00:00,147,3,11,0,0,0,0
2025-11-27 08:00:00,182,3,11,0,0,0,0
2025-11-27 09:00:00,194,3,11,0,0,0,0
2025-11-27 10:00:00,196,3,11,0,0,0,0
2025-11-27 11:00:00,196,3,11,0,0,0,0
2025-11-27 12:00:00,193,3,11,0,0,0,0
2025-11-27 13:00:00,170,3,11,0,0,0,0
2025-11-27 14:00:00,180,3,11,0,0,0,0
2025-11-27 15:00:00,178,3,11,0,0,0,0
2025-11-27 16:00:00,183,3,11,0,0,0,0
2025-11-27 17:00:00,164,3,11,0,0,0,0
2025-11-27 18:00:00,163,3,11,0,0,0,0
2025-11-27 19:00:00,168,3,11,0,0,0,0
2025-11-27 20:00:00,157,3,11,0,0,0,0
2025-11-27 21:00:00,145,3,11,0,0,0,0
2025-11-27 22:00:00,144,3,11,0,0,0,0
2025-11-27 23:00:00,148,3,11,0,0,0,0
2025-11-28 00:00:00,117,4,11,0,0,0,0
2025-11-28 01:00:00,116,4,11,0,0,0,0
2025-11-28 02:00:00,119,4,11,0,0,0,0
2025-11-28 03:00:00,109,4,11,0,0,0,0
2025-11-28 04:00:00,115,4,11,0,0,0,0
2025-11-28 05:00:00,106,4,11,0,0,0,0
2025-11-28 06:00:00,144,4,11,0,0,0,0
2025-11-28 07:00:00,140,4,11,0,0,0,0
2025-11-28 08:00:00,174,4,11,0,0,0,0
2025-11-28 09:00:00,188,4,11,0,0,0,0
2025-11-28 10:00:00,186,4,11,0,0,0,0
2025-11-28 11:00:00,184,4,11,0,0,0,0
2025-11-28 12:00:00,192,4,11,0,0,0,0
2025-11-28 13:00:00,169,4,11,0,0,0,0
2025-11-28 14:00:00,171,4,11,0,0,0,0
2025-11-28 15:00:00,166,4,11,0,0,0,0
2025-11-28 16:00:00,175,4,11,0,0,0,0
2025-11-28 17:00:00,155,4,11,0,0,0,0
2025-11-28 18:00:00,154,4,11,0,0,0,0
2025-11-28 19:00:00,162,4,11,0,0,0,0
2025-11-28 20:00:00,150,4,11,0,0,0,0
2025-11-28 21:00:00,150,4,11,0,0,0,0
2025-11-28 22:00:00,149,4,11,0,0,0,0
2025-11-28 23:00:00,147,4,11,0,0,0,0
2025-11-29 00:00:00,90,5,11,1,0,0,0
2025-11-29 01:00:00,87,5,11,1,0,0,0
2025-11-29 02:00:00,84,5,11,1,0,0,0
2025-11-29 03:00:00,89,5,11,1,0,0,0
2025-11-29 04:00:00,89,5,11,1,0,0,0
2025-11-29 05:00:00,87,5,11,1,0,0,0
2025-11-29 06:00:00,111,5,11,1,0,0,0
2025-11-29 07:00:00,117,5,11,1,0,0,0
2025-11-29 08:00:00,142,5,11,1,0,0,0
2025-11-29 09:00:00,143,5,11,1,0,0,0
2025-11-29 10:00:00,143,5,11,1,0,0,0
2025-11-29 11:00:00,148,5,11,1,0,0,0
2025-11-29 12:00:00,146,5,11,1,0,0,0
2025-11-29 13:00:00,129,5,11,1,0,0,0
2025-11-29 14:00:00,123,5,11,1,0,0,0
2025-11-29 15:00:00,126,5,11,1,0,0,0
2025-11-29 16:00:00,132,5,11,1,0,0,0
2025-11-29 17:00:00,121,5,11,1,0,0,0
2025-11-29 18:00:00,123,5,11,1,0,0,0
2025-11-29 19:00:00,119,5,11,1,0,0,0
2025-11-29 20:00:00,123,5,11,1,0,0,0
2025-11-29 21:00:00,109,5,11,1,0,0,0
2025-11-29 22:00:00,109,5,11,1,0,0,0
2025-11-29 23:00:00,106,5,11,1,0,0,0
2025-11-30 00:00:00,79,6,11,1,0,0,0
2025-11-30 01:00:00,78,6,11,1,0,0,0
2025-11-30 02:00:00,80,6,11,1,0,0,0
2025-11-30 03:00:00,83,6,11,1,0,0,0
2025-11-30 04:00:00,91,6,11,1,0,0,0
2025-11-30 05:00:00,85,6,11,1,0,0,0
2025-11-30 06:00:00,109,6,11,1,0,0,0
2025-11-30 07:00:00,104,6,11,1,0,0,0
2025-11-30 08:00:00,132,6,11,1,0,0,0
2025-11-30 09:00:00,144,6,11,1,0,0,0
2025-11-30 10:00:00,134,6,11,1,0,0,0
2025-11-30 11:00:00,149,6,11,1,0,0,0
2025-11-30 12:00:00,139,6,11,1,0,0,0
2025-11-30 13:00:00,127,6,11,1,0,0,0
2025-11-30 14:00:00,127,6,11,1,0,0,0
2025-11-30 15:00:00,127,6,11,1,0,0,0
2025-11-30 16:00:00,129,6,11,1,0,0,0
2025-11-30 17:00:00,120,6,11,1,0,0,0
2025-11-30 18:00:00,120,6,11,1,0,0,0
2025-11-30 19:00:00,119,6,11,1,0,0,0
2025-11-30 20:00:00,118,6,11,1,0,0,0
2025-11-30 21:00:00,104,6,11,1,0,0,0
2025-11-30 22:00:00,102,6,11,1,0,0,0
2025-11-30 23:00:00,100,6,11,1,0,0,0
2025-12-01 00:00:00,124,0,12,0,0,0,0
2025-12-01 01:00:00,121,0,12,0,0,0,0
2025-12-01 02:00:00,112,0,12,0,0,0,0
2025-12-01 03:00:00,121,0,12,0,0,0,0
2025-12-01 04:00:00,119,0,12,0,0,0,0
2025-12-01 05:00:00,124,0,12,0,0,0,0
2025-12-01 06:00:00,152,0,12,0,0,0,0
2025-12-01 07:00:00,150,0,12,0,0,0,0
2025-12-01 08:00:00,181,0,12,0,0,0,0
2025-12-01 09:00:00,197,0,12,0,0,0,0
2025-12-01 10:00:00,201,0,12,0,0,0,0
2025-12-01 11:00:00,210,0,12,0,0,0,0
2025-12-01 12:00:00,205,0,12,0,0,0,0
2025-12-01 13:00:00,186,0,12,0,0,0,0
2025-12-01 14:00:00,191,0,12,0,0,0,0
2025-12-01 15:00:00,181,0,12,0,0,0,0
2025-12-01 16:00:00,191,0,12,0,0,0,0
2025-12-01 17:00:00,178,0,12,0,0,0,0
2025-12-01 18:00:00,166,0,12,0,0,0,0
2025-12-01 19:00:00,174,0,12,0,0,0,0
2025-12-01 20:00:00,173,0,12,0,0,0,0
2025-12-01 21:00:00,154,0,12,0,0,0,0
2025-12-01 22:00:00,155,0,12,0,0,0,0
2025-12-01 23:00:00,156,0,12,0,0,0,0
2025-12-02 00:00:00,122,1,12,0,0,0,0
2025-12-02 01:00:00,129,1,12,0,0,0,0
2025-12-02 02:00:00,119,1,12,0,0,0,0
2025-12-02 03:00:00,124,1,12,0,0,0,0
2025-12-02 04:00:00,120,1,12,0,0,0,0
2025-12-02 05:00:00,131,1,12,0,0,0,0
2025-12-02 06:00:00,159,1,12,0,0,0,0
2025-12-02 07:00:00,159,1,12,0,0,0,0
2025-12-02 08:00:00,194,1,12,0,0,0,0
2025-12-02 09:00:00,208,1,12,0,0,0,0
2025-12-02 10:00:00,207,1,12,0,0,0,0
2025-12-02 11:00:00,212,1,12,0,0,0,0
2025-12-02 12:00:00,205,1,12,0,0,0,0
2025-12-02 13:00:00,186,1,12,0,0,0,0
2025-12-02 14:00:00,187,1,12,0,0,0,0
2025-12-02 15:00:00,192,1,12,0,0,0,0
2025-12-02 16:00:00,186,1,12,0,0,0,0
2025-12-02 17:00:00,177,1,12,0,0,0,0
2025-12-02 18:00:00,169,1,12,0,0,0,0
2025-12-02 19:00:00,173,1,12,0,0,0,0
2025-12-02 20:00:00,175,1,12,0,0,0,0
2025-12-02 21:00:00,152,1,12,0,0,0,0
2025-12-02 22:00:00,160,1,12,0,0,0,0
2025-12-02 23:00:00,161,1,12,0,0,0,0
2025-12-03 00:00:00,137,2,12,0,0,0,0
2025-12-03 01:00:00,126,2,12,0,0,0,0
2025-12-03 02:00:00,126,2,12,0,0,0,0
2025-12-03 03:00:00,129,2,12,0,0,0,0
2025-12-03 04:00:00,132,2,12,0,0,0,0
2025-12-03 05:00:00,130,2,12,0,0,0,0
2025-12-03 06:00:00,171,2,12,0,0,0,0
2025-12-03 07:00:00,161,2,12,0,0,0,0
2025-12-03 08:00:00,201,2,12,0,0,0,0
2025-12-03 09:00:00,208,2,12,0,0,0,0
2025-12-03 10:00:00,217,2,12,0,0,0,0
2025-12-03 11:00:00,216,2,12,0,0,0,0
2025-12-03 12:00:00,217,2,12,0,0,0,0
2025-12-03 13:00:00,193,2,12,0,0,0,0
2025-12-03 14:00:00,193,2,12,0,0,0,0
2025-12-03 15:00:00,196,2,12,0,0,0,0
2025-12-03 16:00:00,202,2,12,0,0,0,0
2025-12-03 17:00:00,178,2,12,0,0,0,0
2025-12-03 18:00:00,175,2,12,0,0,0,0
2025-12-03 19:00:00,181,2,12,0,0,0,0
2025-12-03 20:00:00,188,2,12,0,0,0,0
2025-12-03 21:00:00,164,2,12,0,0,0,0
2025-12-03 22:00:00,163,2,12,0,0,0,0
2025-12-03 23:00:00,159,2,12,0,0,0,0
2025-12-04 00:00:00,131,3,12,0,0,0,0
2025-12-04 01:00:00,139,3,12,0,0,0,0
2025-12-04 02:00:00,131,3,12,0,0,0,0
2025-12-04 03:00:00,132,3,12,0,0,0,0
2025-12-04 04:00:00,138,3,12,0,0,0,0
2025-12-04 05:00:00,141,3,12,0,0,0,0
2025-12-04 06:00:00,168,3,12,0,0,0,0
2025-12-04 07:00:00,161,3,12,0,0,0,0
2025-12-04 08:00:00,205,3,12,0,0,0,0
2025-12-04 09:00:00,216,3,12,0,0,0,0
2025-12-04 10:00:00,215,3,12,0,0,0,0
2025-12-04 11:00:00,215,3,12,0,0,0,0
2025-12-04 12:00:00,221,3,12,0,0,0,0
2025-12-04 13:00:00,198,3,12,0,0,0,0
2025-12-04 14:00:00,191,3,12,0,0,0,0
2025-12-04 15:00:00,197,3,12,0,0,0,0
2025-12-04 16:00:00,187,3,12,0,0,0,0
2025-12-04 17:00:00,181,3,12,0,0,0,0
2025-12-04 18:00:00,180,3,12,0,0,0,0
2025-12-04 19:00:00,184,3,12,0,0,0,0
2025-12-04 20:00:00,191,3,12,0,0,0,0
2025-12-04 21:00:00,161,3,12,0,0,0,0
2025-12-04 22:00:00,171,3,12,0,0,0,0
2025-12-04 23:00:00,161,3,12,0,0,0,0
2025-12-05 00:00:00,129,4,12,0,0,0,0
2025-12-05 01:00:00,141,4,12,0,0,0,0
2025-12-05 02:00:00,129,4,12,0,0,0,0
2025-12-05 03:00:00,125,4,12,0,0,0,0
2025-12-05 04:00:00,132,4,12,0,0,0,0
2025-12-05 05:00:00,129,4,12,0,0,0,0
2025-12-05 06:00:00,160,4,12,0,0,0,0
2025-12-05 07:00:00,167,4,12,0,0,0,0
2025-12-05 08:00:00,202,4,12,0,0,0,0
2025-12-05 09:00:00,209,4,12,0,0,0,0
2025-12-05 10:00:00,215,4,12,0,0,0,0
2025-12-05 11:00:00,213,4,12,0,0,0,0
2025-12-05 12:00:00,215,4,12,0,0,0,0
2025-12-05 13:00:00,191,4,12,0,0,0,0
2025-12-05 14:00:00,198,4,12,0,0,0,0
2025-12-05 15:00:00,193,4,12,0,0,0,0
2025-12-05 16:00:00,190,4,12,0,0,0,0
2025-12-05 17:00:00,178,4,12,0,0,0,0
2025-12-05 18:00:00,177,4,12,0,0,0,0
2025-12-05 19:00:00,175,4,12,0,0,0,0
2025-12-05 20:00:00,175,4,12,0,0,0,0
2025-12-05 21:00:00,155,4,12,0,0,0,0
2025-12-05 22:00:00,164,4,12,0,0,0,0
2025-12-05 23:00:00,158,4,12,0,0,0,0
2025-12-06 00:00:00,99,5,12,1,0,0,0
2025-12-06 01:00:00,100,5,12,1,0,0,0
2025-12-06 02:00:00,97,5,12,1,0,0,0
2025-12-06 03:00:00,99,5,12,1,0,0,0
2025-12-06 04:00:00,95,5,12,1,0,0,0
2025-12-06 05:00:00,102,5,12,1,0,0,0
2025-12-06 06:00:00,128,5,12,1,0,0,0
2025-12-06 07:00:00,124,5,12,1,0,0,0
2025-12-06 08:00:00,158,5,12,1,0,0,0
2025-12-06 09:00:00,157,5,12,1,0,0,0
2025-12-06 10:00:00,161,5,12,1,0,0,0
2025-12-06 11:00:00,158,5,12,1,0,0,0
2025-12-06 12:00:00,157,5,12,1,0,0,0
2025-12-06 13:00:00,145,5,12,1,0,0,0
2025-12-06 14:00:00,153,5,12,1,0,0,0
2025-12-06 15:00:00,141,5,12,1,0,0,0
2025-12-06 16:00:00,140,5,12,1,0,0,0
2025-12-06 17:00:00,140,5,12,1,0,0,0
2025-12-06 18:00:00,140,5,12,1,0,0,0
2025-12-06 19:00:00,144,5,12,1,0,0,0
2025-12-06 20:00:00,133,5,12,1,0,0,0
2025-12-06 21:00:00,125,5,12,1,0,0,0
2025-12-06 22:00:00,127,5,12,1,0,0,0
2025-12-06 23:00:00,124,5,12,1,0,0,0
2025-12-07 00:00:00,91,6,12,1,0,0,0
2025-12-07 01:00:00,94,6,12,1,0,0,0
2025-12-07 02:00:00,99,6,12,1,0,0,0
2025-12-07 03:00:00,95,6,12,1,0,0,0
2025-12-07 04:00:00,93,6,12,1,0,0,0
2025-12-07 05:00:00,90,6,12,1,0,0,0
2025-12-07 06:00:00,131,6,12,1,0,0,0
2025-12-07 07:00:00,113,6,12,1,0,0,0
2025-12-07 08:00:00,147,6,12,1,0,0,0
2025-12-07 09:00:00,157,6,12,1,0,0,0
2025-12-07 10:00:00,158,6,12,1,0,0,0
2025-12-07 11:00:00,158,6,12,1,0,0,0
2025-12-07 12:00:00,158,6,12,1,0,0,0
2025-12-07 13:00:00,148,6,12,1,0,0,0
2025-12-07 14:00:00,140,6,12,1,0,0,0
2025-12-07 15:00:00,137,6,12,1,0,0,0
2025-12-07 16:00:00,138,6,12,1,0,0,0
2025-12-07 17:00:00,134,6,12,1,0,0,0
2025-12-07 18:00:00,132,6,12,1,0,0,0
2025-12-07 19:00:00,130,6,12,1,0,0,0
2025-12-07 20:00:00,134,6,12,1,0,0,0
2025-12-07 21:00:00,119,6,12,1,0,0,0
2025-12-07 22:00:00,121,6,12,1,0,0,0
2025-12-07 23:00:00,119,6,12,1,0,0,0
2025-12-08 00:00:00,118,0,12,0,0,0,0
2025-12-08 01:00:00,109,0,12,0,0,0,0
2025-12-08 02:00:00,119,0,12,0,0,0,0
2025-12-08 03:00:00,122,0,12,0,0,0,0
2025-12-08 04:00:00,125,0,12,0,0,0,0
2025-12-08 05:00:00,120,0,12,0,0,0,0
2025-12-08 06:00:00,156,0,12,0,0,0,0
2025-12-08 07:00:00,150,0,12,0,0,0,0
2025-12-08 08:00:00,184,0,12,0,0,0,0
2025-12-08 09:00:00,201,0,12,0,0,0,0
2025-12-08 10:00:00,201,0,12,0,0,0,0
2025-12-08 11:00:00,205,0,12,0,0,0,0
2025-12-08 12:00:00,204,0,12,0,0,0,0
2025-12-08 13:00:00,184,0,12,0,0,0,0
2025-12-08 14:00:00,182,0,12,0,0,0,0
2025-12-08 15:00:00,190,0,12,0,0,0,0
2025-12-08 16:00:00,180,0,12,0,0,0,0
2025-12-08 17:00:00,167,0,12,0,0,0,0
2025-12-08 18:00:00,175,0,12,0,0,0,0
2025-12-08 19:00:00,166,0,12,0,0,0,0
2025-12-08 20:00:00,173,0,12,0,0,0,0
2025-12-08 21:00:00,159,0,12,0,0,0,0
2025-12-08 22:00:00,158,0,12,0,0,0,0
2025-12-08 23:00:00,151,0,12,0,0,0,0
2025-12-09 00:00:00,123,1,12,0,0,0,0
2025-12-09 01:00:00,134,1,12,0,0,0,0
2025-12-09 02:00:00,128,1,12,0,0,0,0
2025-12-09 03:00:00,127,1,12,0,0,0,0
2025-12-09 04:00:00,134,1,12,0,0,0,0
2025-12-09 05:00:00,133,1,12,0,0,0,0
2025-12-09 06:00:00,163,1,12,0,0,0,0
2025-12-09 07:00:00,163,1,12,0,0,0,0
2025-12-09 08:00:00,201,1,12,0,0,0,0
2025-12-09 09:00:00,204,1,12,0,0,0,0
2025-12-09 10:00:00,214,1,12,0,0,0,0
2025-12-09 11:00:00,212,1,12,0,0,0,0
2025-12-09 12:00:00,208,1,12,0,0,0,0
2025-12-09 13:00:00,186,1,12,0,0,0,0
2025-12-09 14:00:00,188,1,12,0,0,0,0
2025-12-09 15:00:00,189,1,12,0,0,0,0
2025-12-09 16:00:00,185,1,12,0,0,0,0
2025-12-09 17:00:00,174,1,12,0,0,0,0
2025-12-09 18:00:00,166,1,12,0,0,0,0
2025-12-09 19:00:00,172,1,12,0,0,0,0
2025-12-09 20:00:00,172,1,12,0,0,0,0
2025-12-09 21:00:00,155,1,12,0,0,0,0
2025-12-09 22:00:00,157,1,12,0,0,0,0
2025-12-09 23:00:00,164,1,12,0,0,0,0
2025-12-10 00:00:00,129,2,12,0,0,0,0
2025-12-10 01:00:00,132,2,12,0,0,0,0
2025-12-10 02:00:00,133,2,12,0,0,0,0
2025-12-10 03:00:00,128,2,12,0,0,0,0
2025-12-10 04:00:00,127,2,12,0,0,0,0
2025-12-10 05:00:00,133,2,12,0,0,0,0
2025-12-10 06:00:00,164,2,12,0,0,0,0
2025-12-10 07:00:00,169,2,12,0,0,0,0
2025-12-10 08:00:00,202,2,12,0,0,0,0
2025-12-10 09:00:00,213,2,12,0,0,0,0
2025-12-10 10:00:00,212,2,12,0,0,0,0
2025-12-10 11:00:00,216,2,12,0,0,0,0
2025-12-10 12:00:00,212,2,12,0,0,0,0
2025-12-10 13:00:00,195,2,12,0,0,0,0
2025-12-10 14:00:00,194,2,12,0,0,0,0
2025-12-10 15:00:00,200,2,12,0,0,0,0
2025-12-10 16:00:00,198,2,12,0,0,0,0
2025-12-10 17:00:00,186,2,12,0,0,0,0
2025-12-10 18:00:00,182,2,12,0,0,0,0
2025-12-10 19:00:00,189,2,12,0,0,0,0
2025-12-10 20:00:00,182,2,12,0,0,0,0
2025-12-10 21:00:00,154,2,12,0,0,0,0
2025-12-10 22:00:00,164,2,12,0,0,0,0
2025-12-10 23:00:00,164,2,12,0,0,0,0
2025-12-11 00:00:00,127,3,12,0,0,0,0
2025-12-11 01:00:00,133,3,12,0,0,0,0
2025-12-11 02:00:00,134,3,12,0,0,0,0
2025-12-11 03:00:00,134,3,12,0,0,0,0
2025-12-11 04:00:00,131,3,12,0,0,0,0
2025-12-11 05:00:00,137,3,12,0,0,0,0
2025-12-11 06:00:00,164,3,12,0,0,0,0
2025-12-11 07:00:00,166,3,12,0,0,0,0
2025-12-11 08:00:00,205,3,12,0,0,0,0
2025-12-11 09:00:00,221,3,12,0,0,0,0
2025-12-11 10:00:00,218,3,12,0,0,0,0
2025-12-11 11:00:00,216,3,12,0,0,0,0
2025-12-11 12:00:00,212,3,12,0,0,0,0
2025-12-11 13:00:00,197,3,12,0,0,0,0
2025-12-11 14:00:00,201,3,12,0,0,0,0
2025-12-11 15:00:00,194,3,12,0,0,0,0
2025-12-11 16:00:00,193,3,12,0,0,0,0
2025-12-11 17:00:00,183,3,12,0,0,0,0
2025-12-11 18:00:00,186,3,12,0,0,0,0
2025-12-11 19:00:00,180,3,12,0,0,0,0
2025-12-11 20:00:00,185,3,12,0,0,0,0
2025-12-11 21:00:00,164,3,12,0,0,0,0
2025-12-11 22:00:00,162,3,12,0,0,0,0
2025-12-11 23:00:00,162,3,12,0,0,0,0
2025-12-12 00:00:00,126,4,12,0,0,0,0
2025-12-12 01:00:00,123,4,12,0,0,0,0
2025-12-12 02:00:00,130,4,12,0,0,0,0
2025-12-12 03:00:00,120,4,12,0,0,0,0
2025-12-12 04:00:00,126,4,12,0,0,0,0
2025-12-12 05:00:00,132,4,12,0,0,0,0
2025-12-12 06:00:00,164,4,12,0,0,0,0
2025-12-12 07:00:00,160,4,12,0,0,0,0
2025-12-12 08:00:00,198,4,12,0,0,0,0
2025-12-12 09:00:00,213,4,12,0,0,0,0
2025-12-12 10:00:00,210,4,12,0,0,0,0
2025-12-12 11:00:00,211,4,12,0,0,0,0
2025-12-12 12:00:00,211,4,12,0,0,0,0
2025-12-12 13:00:00,187,4,12,0,0,0,0
2025-12-12 14:00:00,194,4,12,0,0,0,0
2025-12-12 15:00:00,193,4,12,0,0,0,0
2025-12-12 16:00:00,195,4,12,0,0,0,0
2025-12-12 17:00:00,184,4,12,0,0,0,0
2025-12-12 18:00:00,178,4,12,0,0,0,0
2025-12-12 19:00:00,176,4,12,0,0,0,0
2025-12-12 20:00:00,190,4,12,0,0,0,0
2025-12-12 21:00:00,162,4,12,0,0,0,0
2025-12-12 22:00:00,161,4,12,0,0,0,0
2025-12-12 23:00:00,161,4,12,0,0,0,0
2025-12-13 00:00:00,103,5,12,1,0,0,0
2025-12-13 01:00:00,99,5,12,1,0,0,0
2025-12-13 02:00:00,96,5,12,1,0,0,0
2025-12-13 03:00:00,101,5,12,1,0,0,0
2025-12-13 04:00:00,96,5,12,1,0,0,0
2025-12-13 05:00:00,105,5,12,1,0,0,0
2025-12-13 06:00:00,118,5,12,1,0,0,0
2025-12-13 07:00:00,126,5,12,1,0,0,0
2025-12-13 08:00:00,158,5,12,1,0,0,0
2025-12-13 09:00:00,164,5,12,1,0,0,0
2025-12-13 10:00:00,158,5,12,1,0,0,0
2025-12-13 11:00:00,164,5,12,1,0,0,0
2025-12-13 12:00:00,165,5,12,1,0,0,0
2025-12-13 13:00:00,139,5,12,1,0,0,0
2025-12-13 14:00:00,142,5,12,1,0,0,0
2025-12-13 15:00:00,139,5,12,1,0,0,0
2025-12-13 16:00:00,146,5,12,1,0,0,0
2025-12-13 17:00:00,142,5,12,1,0,0,0
2025-12-13 18:00:00,141,5,12,1,0,0,0
2025-12-13 19:00:00,119,5,12,1,0,0,0
2025-12-13 20:00:00,128,5,12,1,0,0,0
2025-12-13 21:00:00,122,5,12,1,0,0,0
2025-12-13 22:00:00,117,5,12,1,0,0,0
2025-12-13 23:00:00,120,5,12,1,0,0,0
2025-12-14 00:00:00,96,6,12,1,0,0,0
2025-12-14 01:00:00,92,6,12,1,0,0,0
2025-12-14 02:00:00,95,6,12,1,0,0,0
2025-12-14 03:00:00,93,6,12,1,0,0,0
2025-12-14 04:00:00,102,6,12,1,0,0,0
2025-12-14 05:00:00,95,6,12,1,0,0,0
2025-12-14 06:00:00,119,6,12,1,0,0,0
2025-12-14 07:00:00,116,6,12,1,0,0,0
2025-12-14 08:00:00,146,6,12,1,0,0,0
2025-12-14 09:00:00,161,6,12,1,0,0,0
2025-12-14 10:00:00,163,6,12,1,0,0,0
2025-12-14 11:00:00,155,6,12,1,0,0,0
2025-12-14 12:00:00,158,6,12,1,0,0,0
2025-12-14 13:00:00,146,6,12,1,0,0,0
2025-12-14 14:00:00,138,6,12,1,0,0,0
2025-12-14 15:00:00,140,6,12,1,0,0,0
2025-12-14 16:00:00,145,6,12,1,0,0,0
2025-12-14 17:00:00,130,6,12,1,0,0,0
2025-12-14 18:00:00,134,6,12,1,0,0,0
2025-12-14 19:00:00,136,6,12,1,0,0,0
2025-12-14 20:00:00,131,6,12,1,0,0,0
2025-12-14 21:00:00,112,6,12,1,0,0,0
2025-12-14 22:00:00,125,6,12,1,0,0,0
2025-12-14 23:00:00,125,6,12,1,0,0,0
2025-12-15 00:00:00,122,0,12,0,0,0,0
2025-12-15 01:00:00,127,0,12,0,0,0,0
2025-12-15 02:00:00,121,0,12,0,0,0,0
2025-12-15 03:00:00,116,0,12,0,0,0,0
2025-12-15 04:00:00,120,0,12,0,0,0,0
2025-12-15 05:00:00,126,0,12,0,0,0,0
2025-12-15 06:00:00,149,0,12,0,0,0,0
2025-12-15 07:00:00,152,0,12,0,0,0,0
2025-12-15 08:00:00,184,0,12,0,0,0,0
2025-12-15 09:00:00,201,0,12,0,0,0,0
2025-12-15 10:00:00,204,0,12,0,0,0,0
2025-12-15 11:00:00,206,0,12,0,0,0,0
2025-12-15 12:00:00,199,0,12,0,0,0,0
2025-12-15 13:00:00,186,0,12,0,0,0,0
2025-12-15 14:00:00,186,0,12,0,0,0,0
2025-12-15 15:00:00,184,0,12,0,0,0,0
2025-12-15 16:00:00,186,0,12,0,0,0,0
2025-12-15 17:00:00,174,0,12,0,0,0,0
2025-12-15 18:00:00,177,0,12,0,0,0,0
2025-12-15 19:00:00,165,0,12,0,0,0,0
2025-12-15 20:00:00,174,0,12,0,0,0,0
2025-12-15 21:00:00,151,0,12,0,0,0,0
2025-12-15 22:00:00,160,0,12,0,0,0,0
2025-12-15 23:00:00,152,0,12,0,0,0,0
2025-12-16 00:00:00,133,1,12,0,0,0,0
2025-12-16 01:00:00,124,1,12,0,0,0,0
2025-12-16 02:00:00,123,1,12,0,0,0,0
2025-12-16 03:00:00,131,1,12,0,0,0,0
2025-12-16 04:00:00,128,1,12,0,0,0,0
2025-12-16 05:00:00,128,1,12,0,0,0,0
2025-12-16 06:00:00,157,1,12,0,0,0,0
2025-12-16 07:00:00,154,1,12,0,0,0,0
2025-12-16 08:00:00,194,1,12,0,0,0,0
2025-12-16 09:00:00,205,1,12,0,0,0,0
2025-12-16 10:00:00,206,1,12,0,0,0,0
2025-12-16 11:00:00,209,1,12,0,0,0,0
2025-12-16 12:00:00,206,1,12,0,0,0,0
2025-12-16 13:00:00,194,1,12,0,0,0,0
2025-12-16 14:00:00,195,1,12,0,0,0,0
2025-12-16 15:00:00,195,1,12,0,0,0,0
2025-12-16 16:00:00,187,1,12,0,0,0,0
2025-12-16 17:00:00,182,1,12,0,0,0,0
2025-12-16 18:00:00,183,1,12,0,0,0,0
2025-12-16 19:00:00,177,1,12,0,0,0,0
2025-12-16 20:00:00,181,1,12,0,0,0,0
2025-12-16 21:00:00,159,1,12,0,0,0,0
2025-12-16 22:00:00,166,1,12,0,0,0,0
2025-12-16 23:00:00,161,1,12,0,0,0,0
2025-12-17 00:00:00,133,2,12,0,0,0,0
2025-12-17 01:00:00,135,2,12,0,0,0,0
2025-12-17 02:00:00,138,2,12,0,0,0,0
2025-12-17 03:00:00,129,2,12,0,0,0,0
2025-12-17 04:00:00,134,2,12,0,0,0,0
2025-12-17 05:00:00,122,2,12,0,0,0,0
2025-12-17 06:00:00,172,2,12,0,0,0,0
2025-12-17 07:00:00,166,2,12,0,0,0,0
2025-12-17 08:00:00,205,2,12,0,0,0,0
2025-12-17 09:00:00,204,2,12,0,0,0,0
2025-12-17 10:00:00,212,2,12,0,0,0,0
2025-12-17 11:00:00,214,2,12,0,0,0,0
2025-12-17 12:00:00,206,2,12,0,0,0,0
2025-12-17 13:00:00,192,2,12,0,0,0,0
2025-12-17 14:00:00,196,2,12,0,0,0,0
2025-12-17 15:00:00,192,2,12,0,0,0,0
2025-12-17 16:00:00,193,2,12,0,0,0,0
2025-12-17 17:00:00,174,2,12,0,0,0,0
2025-12-17 18:00:00,179,2,12,0,0,0,0
2025-12-17 19:00:00,184,2,12,0,0,0,0
2025-12-17 20:00:00,178,2,12,0,0,0,0
2025-12-17 21:00:00,168,2,12,0,0,0,0
2025-12-17 22:00:00,158,2,12,0,0,0,0
2025-12-17 23:00:00,167,2,12,0,0,0,0
2025-12-18 00:00:00,132,3,12,0,0,0,0
2025-12-18 01:00:00,138,3,12,0,0,0,0
2025-12-18 02:00:00,136,3,12,0,0,0,0
2025-12-18 03:00:00,142,3,12,0,0,0,0
2025-12-18 04:00:00,139,3,12,0,0,0,0
2025-12-18 05:00:00,129,3,12,0,0,0,0
2025-12-18 06:00:00,170,3,12,0,0,0,0
2025-12-18 07:00:00,164,3,12,0,0,0,0
2025-12-18 08:00:00,207,3,12,0,0,0,0
2025-12-18 09:00:00,223,3,12,0,0,0,0
2025-12-18 10:00:00,220,3,12,0,0,0,0
2025-12-18 11:00:00,216,3,12,0,0,0,0
2025-12-18 12:00:00,214,3,12,0,0,0,0
2025-12-18 13:00:00,202,3,12,0,0,0,0
2025-12-18 14:00:00,205,3,12,0,0,0,0
2025-12-18 15:00:00,204,3,12,0,0,0,0
2025-12-18 16:00:00,199,3,12,0,0,0,0
2025-12-18 17:00:00,186,3,12,0,0,0,0
2025-12-18 18:00:00,186,3,12,0,0,0,0
2025-12-18 19:00:00,177,3,12,0,0,0,0
2025-12-18 20:00:00,190,3,12,0,0,0,0
2025-12-18 21:00:00,170,3,12,0,0,0,0
2025-12-18 22:00:00,169,3,12,0,0,0,0
2025-12-18 23:00:00,167,3,12,0,0,0,0
2025-12-19 00:00:00,127,4,12,0,0,0,0
2025-12-19 01:00:00,134,4,12,0,0,0,0
2025-12-19 02:00:00,133,4,12,0,0,0,0
2025-12-19 03:00:00,124,4,12,0,0,0,0
2025-12-19 04:00:00,127,4,12,0,0,0,0
2025-12-19 05:00:00,126,4,12,0,0,0,0
2025-12-19 06:00:00,162,4,12,0,0,0,0
2025-12-19 07:00:00,160,4,12,0,0,0,0
2025-12-19 08:00:00,198,4,12,0,0,0,0
2025-12-19 09:00:00,210,4,12,0,0,0,0
2025-12-19 10:00:00,217,4,12,0,0,0,0
2025-12-19 11:00:00,215,4,12,0,0,0,0
2025-12-19 12:00:00,216,4,12,0,0,0,0
2025-12-19 13:00:00,192,4,12,0,0,0,0
2025-12-19 14:00:00,192,4,12,0,0,0,0
2025-12-19 15:00:00,191,4,12,0,0,0,0
2025-12-19 16:00:00,196,4,12,0,0,0,0
2025-12-19 17:00:00,177,4,12,0,0,0,0
2025-12-19 18:00:00,184,4,12,0,0,0,0
2025-12-19 19:00:00,177,4,12,0,0,0,0
2025-12-19 20:00:00,177,4,12,0,0,0,0
2025-12-19 21:00:00,164,4,12,0,0,0,0
2025-12-19 22:00:00,163,4,12,0,0,0,0
2025-12-19 23:00:00,168,4,12,0,0,0,0
2025-12-20 00:00:00,98,5,12,1,0,0,0
2025-12-20 01:00:00,99,5,12,1,0,0,0
2025-12-20 02:00:00,100,5,12,1,0,0,0
2025-12-20 03:00:00,100,5,12,1,0,0,0
2025-12-20 04:00:00,102,5,12,1,0,0,0
2025-12-20 05:00:00,104,5,12,1,0,0,0
2025-12-20 06:00:00,121,5,12,1,0,0,0
2025-12-20 07:00:00,125,5,12,1,0,0,0
2025-12-20 08:00:00,156,5,12,1,0,0,0
2025-12-20 09:00:00,164,5,12,1,0,0,0
2025-12-20 10:00:00,156,5,12,1,0,0,0
2025-12-20 11:00:00,165,5,12,1,0,0,0
2025-12-20 12:00:00,165,5,12,1,0,0,0
2025-12-20 13:00:00,146,5,12,1,0,0,0
2025-12-20 14:00:00,146,5,12,1,0,0,0
2025-12-20 15:00:00,152,5,12,1,0,0,0
2025-12-20 16:00:00,150,5,12,1,0,0,0
2025-12-20 17:00:00,138,5,12,1,0,0,0
2025-12-20 18:00:00,133,5,12,1,0,0,0
2025-12-20 19:00:00,135,5,12,1,0,0,0
2025-12-20 20:00:00,131,5,12,1,0,0,0
2025-12-20 21:00:00,122,5,12,1,0,0,0
2025-12-20 22:00:00,131,5,12,1,0,0,0
2025-12-20 23:00:00,117,5,12,1,0,0,0
2025-12-21 00:00:00,92,6,12,1,0,0,0
2025-12-21 01:00:00,94,6,12,1,0,0,0
2025-12-21 02:00:00,91,6,12,1,0,0,0
2025-12-21 03:00:00,88,6,12,1,0,0,0
2025-12-21 04:00:00,102,6,12,1,0,0,0
2025-12-21 05:00:00,93,6,12,1,0,0,0
2025-12-21 06:00:00,118,6,12,1,0,0,0
2025-12-21 07:00:00,123,6,12,1,0,0,0
2025-12-21 08:00:00,147,6,12,1,0,0,0
2025-12-21 09:00:00,158,6,12,1,0,0,0
2025-12-21 10:00:00,169,6,12,1,0,0,0
2025-12-21 11:00:00,159,6,12,1,0,0,0
2025-12-21 12:00:00,166,6,12,1,0,0,0
2025-12-21 13:00:00,142,6,12,1,0,0,0
2025-12-21 14:00:00,138,6,12,1,0,0,0
2025-12-21 15:00:00,143,6,12,1,0,0,0
2025-12-21 16:00:00,142,6,12,1,0,0,0
2025-12-21 17:00:00,129,6,12,1,0,0,0
2025-12-21 18:00:00,137,6,12,1,0,0,0
2025-12-21 19:00:00,130,6,12,1,0,0,0
2025-12-21 20:00:00,132,6,12,1,0,0,0
2025-12-21 21:00:00,128,6,12,1,0,0,0
2025-12-21 22:00:00,122,6,12,1,0,0,0
2025-12-21 23:00:00,119,6,12,1,0,0,0
2025-12-22 00:00:00,121,0,12,0,0,0,0
2025-12-22 01:00:00,123,0,12,0,0,0,0
2025-12-22 02:00:00,118,0,12,0,0,0,0
2025-12-22 03:00:00,122,0,12,0,0,0,0
2025-12-22 04:00:00,124,0,12,0,0,0,0
2025-12-22 05:00:00,125,0,12,0,0,0,0
2025-12-22 06:00:00,157,0,12,0,0,0,0
2025-12-22 07:00:00,154,0,12,0,0,0,0
2025-12-22 08:00:00,188,0,12,0,0,0,0
2025-12-22 09:00:00,206,0,12,0,0,0,0
2025-12-22 10:00:00,200,0,12,0,0,0,0
2025-12-22 11:00:00,206,0,12,0,0,0,0
2025-12-22 12:00:00,206,0,12,0,0,0,0
2025-12-22 13:00:00,192,0,12,0,0,0,0
2025-12-22 14:00:00,187,0,12,0,0,0,0
2025-12-22 15:00:00,186,0,12,0,0,0,0
2025-12-22 16:00:00,181,0,12,0,0,0,0
2025-12-22 17:00:00,172,0,12,0,0,0,0
2025-12-22 18:00:00,172,0,12,0,0,0,0
2025-12-22 19:00:00,171,0,12,0,0,0,0
2025-12-22 20:00:00,168,0,12,0,0,0,0
2025-12-22 21:00:00,156,0,12,0,0,0,0
2025-12-22 22:00:00,154,0,12,0,0,0,0
2025-12-22 23:00:00,152,0,12,0,0,0,0
2025-12-23 00:00:00,129,1,12,0,0,0,0
2025-12-23 01:00:00,134,1,12,0,0,0,0
2025-12-23 02:00:00,122,1,12,0,0,0,0
2025-12-23 03:00:00,123,1,12,0,0,0,0
2025-12-23 04:00:00,122,1,12,0,0,0,0
2025-12-23 05:00:00,122,1,12,0,0,0,0
2025-12-23 06:00:00,160,1,12,0,0,0,0
2025-12-23 07:00:00,154,1,12,0,0,0,0
2025-12-23 08:00:00,192,1,12,0,0,0,0
2025-12-23 09:00:00,210,1,12,0,0,0,0
2025-12-23 10:00:00,213,1,12,0,0,0,0
2025-12-23 11:00:00,213,1,12,0,0,0,0
2025-12-23 12:00:00,210,1,12,0,0,0,0
2025-12-23 13:00:00,191,1,12,0,0,0,0
2025-12-23 14:00:00,187,1,12,0,0,0,0
2025-12-23 15:00:00,190,1,12,0,0,0,0
2025-12-23 16:00:00,196,1,12,0,0,0,0
2025-12-23 17:00:00,176,1,12,0,0,0,0
2025-12-23 18:00:00,172,1,12,0,0,0,0
2025-12-23 19:00:00,175,1,12,0,0,0,0
2025-12-23 20:00:00,169,1,12,0,0,0,0
2025-12-23 21:00:00,165,1,12,0,0,0,0
2025-12-23 22:00:00,159,1,12,0,0,0,0
2025-12-23 23:00:00,163,1,12,0,0,0,0
2025-12-24 00:00:00,142,2,12,0,0,0,0
2025-12-24 01:00:00,132,2,12,0,0,0,0
2025-12-24 02:00:00,135,2,12,0,0,0,0
2025-12-24 03:00:00,130,2,12,0,0,0,0
2025-12-24 04:00:00,127,2,12,0,0,0,0
2025-12-24 05:00:00,140,2,12,0,0,0,0
2025-12-24 06:00:00,166,2,12,0,0,0,0
2025-12-24 07:00:00,160,2,12,0,0,0,0
2025-12-24 08:00:00,204,2,12,0,0,0,0
2025-12-24 09:00:00,215,2,12,0,0,0,0
2025-12-24 10:00:00,221,2,12,0,0,0,0
2025-12-24 11:00:00,212,2,12,0,0,0,0
2025-12-24 12:00:00,215,2,12,0,0,0,0
2025-12-24 13:00:00,193,2,12,0,0,0,0
2025-12-24 14:00:00,201,2,12,0,0,0,0
2025-12-24 15:00:00,192,2,12,0,0,0,0
2025-12-24 16:00:00,208,2,12,0,0,0,0
2025-12-24 17:00:00,183,2,12,0,0,0,0
2025-12-24 18:00:00,183,2,12,0,0,0,0
2025-12-24 19:00:00,187,2,12,0,0,0,0
2025-12-24 20:00:00,190,2,12,0,0,0,0
2025-12-24 21:00:00,163,2,12,0,0,0,0
2025-12-24 22:00:00,162,2,12,0,0,0,0
2025-12-24 23:00:00,166,2,12,0,0,0,0
2025-12-25 00:00:00,142,3,12,0,1,1,0
2025-12-25 01:00:00,139,3,12,0,1,1,0
2025-12-25 02:00:00,134,3,12,0,1,1,0
2025-12-25 03:00:00,138,3,12,0,1,1,0
2025-12-25 04:00:00,139,3,12,0,1,1,0
2025-12-25 05:00:00,137,3,12,0,1,1,0
2025-12-25 06:00:00,172,3,12,0,1,1,0
2025-12-25 07:00:00,171,3,12,0,1,1,0
2025-12-25 08:00:00,212,3,12,0,1,1,0
2025-12-25 09:00:00,220,3,12,0,1,1,0
2025-12-25 10:00:00,216,3,12,0,1,1,0
2025-12-25 11:00:00,220,3,12,0,1,1,0
2025-12-25 12:00:00,216,3,12,0,1,1,0
2025-12-25 13:00:00,199,3,12,0,1,1,0
2025-12-25 14:00:00,199,3,12,0,1,1,0
2025-12-25 15:00:00,201,3,12,0,1,1,0
2025-12-25 16:00:00,197,3,12,0,1,1,0
2025-12-25 17:00:00,186,3,12,0,1,1,0
2025-12-25 18:00:00,186,3,12,0,1,1,0
2025-12-25 19:00:00,185,3,12,0,1,1,0
2025-12-25 20:00:00,180,3,12,0,1,1,0
2025-12-25 21:00:00,164,3,12,0,1,1,0
2025-12-25 22:00:00,164,3,12,0,1,1,0
2025-12-25 23:00:00,169,3,12,0,1,1,0
2025-12-26 00:00:00,135,4,12,0,0,0,0
2025-12-26 01:00:00,127,4,12,0,0,0,0
2025-12-26 02:00:00,134,4,12,0,0,0,0
2025-12-26 03:00:00,130,4,12,0,0,0,0
2025-12-26 04:00:00,128,4,12,0,0,0,0
2025-12-26 05:00:00,136,4,12,0,0,0,0
2025-12-26 06:00:00,159,4,12,0,0,0,0
2025-12-26 07:00:00,168,4,12,0,0,0,0
2025-12-26 08:00:00,204,4,12,0,0,0,0
2025-12-26 09:00:00,216,4,12,0,0,0,0
2025-12-26 10:00:00,215,4,12,0,0,0,0
2025-12-26 11:00:00,211,4,12,0,0,0,0
2025-12-26 12:00:00,213,4,12,0,0,0,0
2025-12-26 13:00:00,199,4,12,0,0,0,0
2025-12-26 14:00:00,190,4,12,0,0,0,0
2025-12-26 15:00:00,197,4,12,0,0,0,0
2025-12-26 16:00:00,192,4,12,0,0,0,0
2025-12-26 17:00:00,172,4,12,0,0,0,0
2025-12-26 18:00:00,178,4,12,0,0,0,0
2025-12-26 19:00:00,179,4,12,0,0,0,0
2025-12-26 20:00:00,178,4,12,0,0,0,0
2025-12-26 21:00:00,160,4,12,0,0,0,0
2025-12-26 22:00:00,169,4,12,0,0,0,0
2025-12-26 23:00:00,166,4,12,0,0,0,0
2025-12-27 00:00:00,99,5,12,1,0,0,0
2025-12-27 01:00:00,101,5,12,1,0,0,0
2025-12-27 02:00:00,100,5,12,1,0,0,0
2025-12-27 03:00:00,99,5,12,1,0,0,0
2025-12-27 04:00:00,97,5,12,1,0,0,0
2025-12-27 05:00:00,102,5,12,1,0,0,0
2025-12-27 06:00:00,125,5,12,1,0,0,0
2025-12-27 07:00:00,128,5,12,1,0,0,0
2025-12-27 08:00:00,159,5,12,1,0,0,0
2025-12-27 09:00:00,163,5,12,1,0,0,0
2025-12-27 10:00:00,164,5,12,1,0,0,0
2025-12-27 11:00:00,155,5,12,1,0,0,0
2025-12-27 12:00:00,166,5,12,1,0,0,0
2025-12-27 13:00:00,153,5,12,1,0,0,0
2025-12-27 14:00:00,146,5,12,1,0,0,0
2025-12-27 15:00:00,147,5,12,1,0,0,0
2025-12-27 16:00:00,147,5,12,1,0,0,0
2025-12-27 17:00:00,139,5,12,1,0,0,0
2025-12-27 18:00:00,135,5,12,1,0,0,0
2025-12-27 19:00:00,149,5,12,1,0,0,0
2025-12-27 20:00:00,137,5,12,1,0,0,0
2025-12-27 21:00:00,123,5,12,1,0,0,0
2025-12-27 22:00:00,132,5,12,1,0,0,0
2025-12-27 23:00:00,116,5,12,1,0,0,0
2025-12-28 00:00:00,92,6,12,1,0,0,0
2025-12-28 01:00:00,95,6,12,1,0,0,0
2025-12-28 02:00:00,101,6,12,1,0,0,0
2025-12-28 03:00:00,95,6,12,1,0,0,0
2025-12-28 04:00:00,94,6,12,1,0,0,0
2025-12-28 05:00:00,96,6,12,1,0,0,0
2025-12-28 06:00:00,122,6,12,1,0,0,0
2025-12-28 07:00:00,121,6,12,1,0,0,0
2025-12-28 08:00:00,148,6,12,1,0,0,0
2025-12-28 09:00:00,160,6,12,1,0,0,0
2025-12-28 10:00:00,157,6,12,1,0,0,0
2025-12-28 11:00:00,161,6,12,1,0,0,0
2025-12-28 12:00:00,161,6,12,1,0,0,0
2025-12-28 13:00:00,148,6,12,1,0,0,0
2025-12-28 14:00:00,145,6,12,1,0,0,0
2025-12-28 15:00:00,142,6,12,1,0,0,0
2025-12-28 16:00:00,148,6,12,1,0,0,0
2025-12-28 17:00:00,140,6,12,1,0,0,0
2025-12-28 18:00:00,136,6,12,1,0,0,0
2025-12-28 19:00:00,141,6,12,1,0,0,0
2025-12-28 20:00:00,137,6,12,1,0,0,0
2025-12-28 21:00:00,120,6,12,1,0,0,0
2025-12-28 22:00:00,124,6,12,1,0,0,0
2025-12-28 23:00:00,121,6,12,1,0,0,0
2025-12-29 00:00:00,123,0,12,0,0,0,0
2025-12-29 01:00:00,128,0,12,0,0,0,0
2025-12-29 02:00:00,119,0,12,0,0,0,0
2025-12-29 03:00:00,131,0,12,0,0,0,0
2025-12-29 04:00:00,122,0,12,0,0,0,0
2025-12-29 05:00:00,125,0,12,0,0,0,0
2025-12-29 06:00:00,159,0,12,0,0,0,0
2025-12-29 07:00:00,159,0,12,0,0,0,0
2025-12-29 08:00:00,192,0,12,0,0,0,0
2025-12-29 09:00:00,205,0,12,0,0,0,0
2025-12-29 10:00:00,204,0,12,0,0,0,0
2025-12-29 11:00:00,200,0,12,0,0,0,0
2025-12-29 12:00:00,206,0,12,0,0,0,0
2025-12-29 13:00:00,183,0,12,0,0,0,0
2025-12-29 14:00:00,191,0,12,0,0,0,0
2025-12-29 15:00:00,180,0,12,0,0,0,0
2025-12-29 16:00:00,179,0,12,0,0,0,0
2025-12-29 17:00:00,172,0,12,0,0,0,0
2025-12-29 18:00:00,170,0,12,0,0,0,0
2025-12-29 19:00:00,175,0,12,0,0,0,0
2025-12-29 20:00:00,171,0,12,0,0,0,0
2025-12-29 21:00:00,158,0,12,0,0,0,0
2025-12-29 22:00:00,158,0,12,0,0,0,0
2025-12-29 23:00:00,159,0,12,0,0,0,0
2025-12-30 00:00:00,134,1,12,0,0,0,0
2025-12-30 01:00:00,134,1,12,0,0,0,0
2025-12-30 02:00:00,130,1,12,0,0,0,0
2025-12-30 03:00:00,132,1,12,0,0,0,0
2025-12-30 04:00:00,127,1,12,0,0,0,0
2025-12-30 05:00:00,124,1,12,0,0,0,0
2025-12-30 06:00:00,161,1,12,0,0,0,0
2025-12-30 07:00:00,158,1,12,0,0,0,0
2025-12-30 08:00:00,197,1,12,0,0,0,0
2025-12-30 09:00:00,214,1,12,0,0,0,0
2025-12-30 10:00:00,213,1,12,0,0,0,0
2025-12-30 11:00:00,208,1,12,0,0,0,0
2025-12-30 12:00:00,209,1,12,0,0,0,0
2025-12-30 13:00:00,183,1,12,0,0,0,0
2025-12-30 14:00:00,191,1,12,0,0,0,0
2025-12-30 15:00:00,195,1,12,0,0,0,0
2025-12-30 16:00:00,183,1,12,0,0,0,0
2025-12-30 17:00:00,177,1,12,0,0,0,0
2025-12-30 18:00:00,176,1,12,0,0,0,0
2025-12-30 19:00:00,175,1,12,0,0,0,0
2025-12-30 20:00:00,179,1,12,0,0,0,0
2025-12-30 21:00:00,166,1,12,0,0,0,0
2025-12-30 22:00:00,164,1,12,0,0,0,0
2025-12-30 23:00:00,158,1,12,0,0,0,0
2025-12-31 00:00:00,134,2,12,0,0,0,0
2025-12-31 01:00:00,126,2,12,0,0,0,0
2025-12-31 02:00:00,134,2,12,0,0,0,0
2025-12-31 03:00:00,130,2,12,0,0,0,0
2025-12-31 04:00:00,133,2,12,0,0,0,0
2025-12-31 05:00:00,130,2,12,0,0,0,0
2025-12-31 06:00:00,175,2,12,0,0,0,0
2025-12-31 07:00:00,160,2,12,0,0,0,0
2025-12-31 08:00:00,204,2,12,0,0,0,0
2025-12-31 09:00:00,217,2,12,0,0,0,0
2025-12-31 10:00:00,213,2,12,0,0,0,0
2025-12-31 11:00:00,213,2,12,0,0,0,0
2025-12-31 12:00:00,218,2,12,0,0,0,0
2025-12-31 13:00:00,200,2,12,0,0,0,0
2025-12-31 14:00:00,195,2,12,0,0,0,0
2025-12-31 15:00:00,204,2,12,0,0,0,0
2025-12-31 16:00:00,188,2,12,0,0,0,0
2025-12-31 17:00:00,189,2,12,0,0,0,0
2025-12-31 18:00:00,187,2,12,0,0,0,0
2025-12-31 19:00:00,180,2,12,0,0,0,0
2025-12-31 20:00:00,182,2,12,0,0,0,0
2025-12-31 21:00:00,170,2,12,0,0,0,0
2025-12-31 22:00:00,170,2,12,0,0,0,0
2025-12-31 23:00:00,167,2,12,0,0,0,0
